Eval,BestError,Log10Error
100,2.9101004939713795e+06,6.4639079866572651e+00
200,2.8745448909697821e+06,6.4585690952913453e+00
300,2.8728046271330826e+06,6.4583060916225925e+00
400,2.8306229734459654e+06,6.4518820270986863e+00
500,2.8004994466267973e+06,6.4472354911890291e+00
600,2.8004994466267973e+06,6.4472354911890291e+00
700,2.7591295285176779e+06,6.4407720890982620e+00
800,2.7249187995321075e+06,6.4353535651665839e+00
900,2.7249187995321075e+06,6.4353535651665839e+00
999,2.6901502301968364e+06,6.4297765336543424e+00
1098,2.6687302357235593e+06,6.4263046760513545e+00
1197,2.6687302357235593e+06,6.4263046760513545e+00
1296,2.6687302357235593e+06,6.4263046760513545e+00
1395,2.6687302357235593e+06,6.4263046760513545e+00
1494,2.6412092585062427e+06,6.4218028109813776e+00
1593,2.6412092585062427e+06,6.4218028109813776e+00
1692,2.6412092585062427e+06,6.4218028109813776e+00
1791,2.6167127858117037e+06,6.4177560564639435e+00
1890,2.6167127858117037e+06,6.4177560564639435e+00
1989,2.6167127858117037e+06,6.4177560564639435e+00
2088,2.6078492057738970e+06,6.4162824754825598e+00
2187,2.5810189947550525e+06,6.4117912007030897e+00
2286,2.5574002438265281e+06,6.4077987022471019e+00
2385,2.5567300016382402e+06,6.4076848676470402e+00
2484,2.5567300016382402e+06,6.4076848676470402e+00
2582,2.5520507373329373e+06,6.4068893043456301e+00
2680,2.4966506879696790e+06,6.3973577834809507e+00
2778,2.4734109232400875e+06,6.3932962744164348e+00
2876,2.4729945098724505e+06,6.3932231522146150e+00
2974,2.4614114707809072e+06,6.3911842201848446e+00
3072,2.4299673503649393e+06,6.3856004383507390e+00
3170,2.4299673503649393e+06,6.3856004383507390e+00
3268,2.4299673503649393e+06,6.3856004383507390e+00
3366,2.4299673503649393e+06,6.3856004383507390e+00
3464,2.4236377807779950e+06,6.3844677138589523e+00
3562,2.4236377807779950e+06,6.3844677138589523e+00
3660,2.4236377807779950e+06,6.3844677138589523e+00
3758,2.3979531114010792e+06,6.3798406868283584e+00
3856,2.3770532241209336e+06,6.3760389060374960e+00
3954,2.3041616921518221e+06,6.3625129519844066e+00
4051,2.3037213205228974e+06,6.3624299416438728e+00
4148,2.3037213205228974e+06,6.3624299416438728e+00
4245,2.3037213205228974e+06,6.3624299416438728e+00
4342,2.2836382505918704e+06,6.3586273087618013e+00
4439,2.2716333876233296e+06,6.3563382431572295e+00
4536,2.2716333876233296e+06,6.3563382431572295e+00
4633,2.1990315561351399e+06,6.3422314615377022e+00
4730,2.1990315561351399e+06,6.3422314615377022e+00
4827,2.1708954296330106e+06,6.3366389043263114e+00
4924,2.1708954296330106e+06,6.3366389043263114e+00
5021,2.1471935887708995e+06,6.3318712017463605e+00
5118,2.1471935887708995e+06,6.3318712017463605e+00
5215,2.1471935887708995e+06,6.3318712017463605e+00
5312,2.1351027985547781e+06,6.3294187897921041e+00
5408,2.1351027985547781e+06,6.3294187897921041e+00
5504,2.1021239091742830e+06,6.3226583118276265e+00
5600,2.0979034918592460e+06,6.3217855058227359e+00
5696,2.0979034918592460e+06,6.3217855058227359e+00
5792,2.0979034918592460e+06,6.3217855058227359e+00
5888,2.0899109678802658e+06,6.3201277851627724e+00
5984,2.0899109678802658e+06,6.3201277851627724e+00
6080,2.0899109678802658e+06,6.3201277851627724e+00
6176,2.0899109678802658e+06,6.3201277851627724e+00
6272,2.0581826687734681e+06,6.3134839168402976e+00
6368,2.0581826687734681e+06,6.3134839168402976e+00
6464,2.0581826687734681e+06,6.3134839168402976e+00
6560,2.0581826687734681e+06,6.3134839168402976e+00
6656,2.0581826687734681e+06,6.3134839168402976e+00
6752,2.0581826687734681e+06,6.3134839168402976e+00
6847,1.9704509272603085e+06,6.2945656235277125e+00
6942,1.9598816069348706e+06,6.2922298371687875e+00
7037,1.9598816069348706e+06,6.2922298371687875e+00
7132,1.9598816069348706e+06,6.2922298371687875e+00
7227,1.9460159849833357e+06,6.2891464033329205e+00
7322,1.9460159849833357e+06,6.2891464033329205e+00
7417,1.9392084364496956e+06,6.2876244918712887e+00
7512,1.9392084364496956e+06,6.2876244918712887e+00
7607,1.9392084364496956e+06,6.2876244918712887e+00
7702,1.9392084364496956e+06,6.2876244918712887e+00
7797,1.9392084364496956e+06,6.2876244918712887e+00
7892,1.9392084364496956e+06,6.2876244918712887e+00
7987,1.9392084364496956e+06,6.2876244918712887e+00
8082,1.9392084364496956e+06,6.2876244918712887e+00
8176,1.9366719923464793e+06,6.2870560719444244e+00
8270,1.9366719923464793e+06,6.2870560719444244e+00
8364,1.9366719923464793e+06,6.2870560719444244e+00
8458,1.9262329829273263e+06,6.2847088150212684e+00
8552,1.9262329829273263e+06,6.2847088150212684e+00
8646,1.9262329829273263e+06,6.2847088150212684e+00
8740,1.9262329829273263e+06,6.2847088150212684e+00
8834,1.9120996559288532e+06,6.2815105233439112e+00
8928,1.9071309234113418e+06,6.2803805081290545e+00
9022,1.9071309234113418e+06,6.2803805081290545e+00
9116,1.9071309234113418e+06,6.2803805081290545e+00
9210,1.9071309234113418e+06,6.2803805081290545e+00
9304,1.9071309234113418e+06,6.2803805081290545e+00
9398,1.8821206360858281e+06,6.2746474564490047e+00
9491,1.8599022278262461e+06,6.2694901146310329e+00
9584,1.8599022278262461e+06,6.2694901146310329e+00
9677,1.8599022278262461e+06,6.2694901146310329e+00
9770,1.8599022278262461e+06,6.2694901146310329e+00
9863,1.8542107387608085e+06,6.2681590919874308e+00
9956,1.8476558896544364e+06,6.2666210907261677e+00
10049,1.8354922249555429e+06,6.2637525491962815e+00
10142,1.8240108811436254e+06,6.2610274247854552e+00
10235,1.8240108811436254e+06,6.2610274247854552e+00
10328,1.8229788382412158e+06,6.2607816272460841e+00
10421,1.8229788382412158e+06,6.2607816272460841e+00
10514,1.8206604966299769e+06,6.2602289693058966e+00
10607,1.8206604966299769e+06,6.2602289693058966e+00
10699,1.7951848213583888e+06,6.2541091675461189e+00
10791,1.7922621645047474e+06,6.2534015367268463e+00
10883,1.7922621645047474e+06,6.2534015367268463e+00
10975,1.7855254658549333e+06,6.2517660486488822e+00
11067,1.7855254658549333e+06,6.2517660486488822e+00
11159,1.7698175684006165e+06,6.2479285018870980e+00
11251,1.6998164601439922e+06,6.2304020304077259e+00
11343,1.6821753782062584e+06,6.2258712719712195e+00
11435,1.6821753782062584e+06,6.2258712719712195e+00
11527,1.6740405714394108e+06,6.2237659791881503e+00
11619,1.6639213056243018e+06,6.2211327826871026e+00
11711,1.6639213056243018e+06,6.2211327826871026e+00
11803,1.6630443042985196e+06,6.2209038191870922e+00
11895,1.6064477172919814e+06,6.2058665957692183e+00
11986,1.6064477172919814e+06,6.2058665957692183e+00
12077,1.6062439346865164e+06,6.2058115007456260e+00
12168,1.6062439346865164e+06,6.2058115007456260e+00
12259,1.5898361343084394e+06,6.2013523635449426e+00
12350,1.5898361343084394e+06,6.2013523635449426e+00
12441,1.5425375805476976e+06,6.1882357534674686e+00
12532,1.5425375805476976e+06,6.1882357534674686e+00
12623,1.5425375805476976e+06,6.1882357534674686e+00
12714,1.5425375805476976e+06,6.1882357534674686e+00
12805,1.5385891418159869e+06,6.1871226631946445e+00
12896,1.5214809346856552e+06,6.1822665146878153e+00
12987,1.5062963209652677e+06,6.1779104153581441e+00
13078,1.5062963209652677e+06,6.1779104153581441e+00
13169,1.5062963209652677e+06,6.1779104153581441e+00
13259,1.3161405887118785e+06,6.1193022826218995e+00
13349,1.3009933161331196e+06,6.1142750653748372e+00
13439,1.2916597361976227e+06,6.1111481218987667e+00
13529,1.2916597361976227e+06,6.1111481218987667e+00
13619,1.2916597361976227e+06,6.1111481218987667e+00
13709,1.2758775275110793e+06,6.1058089881164328e+00
13799,1.2551533359999279e+06,6.0986967847101319e+00
13889,1.2551533359999279e+06,6.0986967847101319e+00
13979,1.2551533359999279e+06,6.0986967847101319e+00
14069,1.2551533359999279e+06,6.0986967847101319e+00
14159,1.2551533359999279e+06,6.0986967847101319e+00
14249,1.2551533359999279e+06,6.0986967847101319e+00
14339,1.2551533359999279e+06,6.0986967847101319e+00
14428,1.2551533359999279e+06,6.0986967847101319e+00
14517,1.2551533359999279e+06,6.0986967847101319e+00
14606,1.2533814041394705e+06,6.0980832469783417e+00
14695,1.2533814041394705e+06,6.0980832469783417e+00
14784,1.2533814041394705e+06,6.0980832469783417e+00
14873,1.2533814041394705e+06,6.0980832469783417e+00
14962,1.2427436122319226e+06,6.0943815395201035e+00
15051,1.2427436122319226e+06,6.0943815395201035e+00
15140,1.2423412195200154e+06,6.0942408948759983e+00
15229,1.2423412195200154e+06,6.0942408948759983e+00
15318,1.2423412195200154e+06,6.0942408948759983e+00
15407,1.2423412195200154e+06,6.0942408948759983e+00
15496,1.2375601545358710e+06,6.0925663180282745e+00
15585,1.2375601545358710e+06,6.0925663180282745e+00
15673,1.2375601545358710e+06,6.0925663180282745e+00
15761,1.2260529731224726e+06,6.0885092348135315e+00
15849,1.2260529731224726e+06,6.0885092348135315e+00
15937,1.2260529731224726e+06,6.0885092348135315e+00
16025,1.2228267980333341e+06,6.0873649476452165e+00
16113,1.2228267980333341e+06,6.0873649476452165e+00
16201,1.2228267980333341e+06,6.0873649476452165e+00
16289,1.2228267980333341e+06,6.0873649476452165e+00
16377,1.2228267980333341e+06,6.0873649476452165e+00
16465,1.2214049420833320e+06,6.0868596729180569e+00
16553,1.2187104640245358e+06,6.0859005400629123e+00
16641,1.2187104640245358e+06,6.0859005400629123e+00
16729,1.2187104640245358e+06,6.0859005400629123e+00
16816,1.2174908640923963e+06,6.0854657110044164e+00
16903,1.2165757634132381e+06,6.0851391602111251e+00
16990,1.2130259410668965e+06,6.0838700885349510e+00
17077,1.2081792614576393e+06,6.0821313767404019e+00
17164,1.2081792614576393e+06,6.0821313767404019e+00
17251,1.1286345163387880e+06,6.0525533278995107e+00
17338,1.1187198361976442e+06,6.0487213386931122e+00
17425,1.1007726974717737e+06,6.0416976491941261e+00
17512,1.1007726974717737e+06,6.0416976491941261e+00
17599,1.0578735663929416e+06,6.0244337653371263e+00
17686,1.0578735663929416e+06,6.0244337653371263e+00
17773,1.0578735663929416e+06,6.0244337653371263e+00
17860,1.0534091035807040e+06,6.0225970672185207e+00
17947,1.0534091035807040e+06,6.0225970672185207e+00
18033,9.9125337271605001e+05,5.9961846780048305e+00
18119,9.9125337271605001e+05,5.9961846780048305e+00
18205,9.6830831076958310e+05,5.9860136593198332e+00
18291,9.6830831076958310e+05,5.9860136593198332e+00
18377,9.6183010059124860e+05,5.9830983642496687e+00
18463,9.5460144087890186e+05,5.9798220855563970e+00
18549,9.2882525851351535e+05,5.9679340171136843e+00
18635,9.2882525851351535e+05,5.9679340171136843e+00
18721,9.1985641451520380e+05,5.9637200412038078e+00
18807,9.1985641451520380e+05,5.9637200412038078e+00
18893,8.7641195042970683e+05,5.9427082908082172e+00
18979,8.7641195042970683e+05,5.9427082908082172e+00
19065,8.7641195042970683e+05,5.9427082908082172e+00
19150,8.1371775517424871e+05,5.9104737923260489e+00
19235,8.1371775517424871e+05,5.9104737923260489e+00
19320,7.7302272221138934e+05,5.8881922597475489e+00
19405,7.4164674557956378e+05,5.8701970953374296e+00
19490,7.1551035977600736e+05,5.8546159262313395e+00
19575,7.1551035977600736e+05,5.8546159262313395e+00
19660,7.1551035977600736e+05,5.8546159262313395e+00
19745,6.3442638902254333e+05,5.8023812392031751e+00
19830,6.2201935934853274e+05,5.7938039016159024e+00
19915,5.7364635881734442e+05,5.7586442412737711e+00
20000,5.7364635881734442e+05,5.7586442412737711e+00
20085,5.7364635881734442e+05,5.7586442412737711e+00
20170,5.3950154812369402e+05,5.7319926952480547e+00
20255,5.3165535322185687e+05,5.7256301911332317e+00
20339,5.2861591114759131e+05,5.7231402310991397e+00
20423,5.2861591114759131e+05,5.7231402310991397e+00
20507,5.2861591114759131e+05,5.7231402310991397e+00
20591,4.8969080494939163e+05,5.6899219492352247e+00
20675,4.6295554487516871e+05,5.6655392900625925e+00
20759,4.2947459627783654e+05,5.6329374801052241e+00
20843,4.2339163323929725e+05,5.6267422715532396e+00
20927,4.2174580403615284e+05,5.6250507704715718e+00
21011,4.2174580403615284e+05,5.6250507704715718e+00
21095,3.9278689214639552e+05,5.5941569863362073e+00
21179,3.6547254082410247e+05,5.5628547525208143e+00
21263,3.4555974901727575e+05,5.5385231499013754e+00
21347,3.4470914238389931e+05,5.5374528019290548e+00
21430,3.3022061750659841e+05,5.5188041851890839e+00
21513,3.2290380128426867e+05,5.5090731576435621e+00
21596,3.1489251712166710e+05,5.4981623404987827e+00
21679,2.9946199939997145e+05,5.4763417198873672e+00
21762,2.9872613189558953e+05,5.4752732153783228e+00
21845,2.9872613189558953e+05,5.4752732153783228e+00
21928,2.8444423449661094e+05,5.4539971353205825e+00
22011,2.6912191642660450e+05,5.4299490667550652e+00
22094,2.6612157333282602e+05,5.4250800823666188e+00
22177,2.6426873495565512e+05,5.4220457857597495e+00
22260,2.5615832229008959e+05,5.4085084701711708e+00
22343,2.5615832229008959e+05,5.4085084701711708e+00
22426,2.3405292233525074e+05,5.3693140680062958e+00
22509,2.3405292233525074e+05,5.3693140680062958e+00
22591,2.1595412253808102e+05,5.3343614990917860e+00
22673,2.1595412253808102e+05,5.3343614990917860e+00
22755,1.9888374387484608e+05,5.2985992867243734e+00
22837,1.9888374387484608e+05,5.2985992867243734e+00
22919,1.9888374387484608e+05,5.2985992867243734e+00
23001,1.9888374387484608e+05,5.2985992867243734e+00
23083,1.9888374387484608e+05,5.2985992867243734e+00
23165,1.8382110490405682e+05,5.2643953722143104e+00
23247,1.8294521308726619e+05,5.2623210502971611e+00
23329,1.8294521308726619e+05,5.2623210502971611e+00
23411,1.7791754243508901e+05,5.2502187710583765e+00
23493,1.7747692939115615e+05,5.2491419061837270e+00
23575,1.7747692939115615e+05,5.2491419061837270e+00
23657,1.7492800206499192e+05,5.2428593358874380e+00
23738,1.7206074117867864e+05,5.2356817893604433e+00
23819,1.6734828002248719e+05,5.2236212531109967e+00
23900,1.6734828002248719e+05,5.2236212531109967e+00
23981,1.6630173577526110e+05,5.2208967821941652e+00
24062,1.5446750599103485e+05,5.1888371345505524e+00
24143,1.4999045789021198e+05,5.1760636309393924e+00
24224,1.4659561371300591e+05,5.1661209759753950e+00
24305,1.4659561371300591e+05,5.1661209759753950e+00
24386,1.3196103126900509e+05,5.1204457008767026e+00
24467,1.2714525237765349e+05,5.1043001481949215e+00
24548,1.2714525237765349e+05,5.1043001481949215e+00
24629,1.2446355683542193e+05,5.0950422078000237e+00
24710,1.2446355683542193e+05,5.0950422078000237e+00
24790,1.2446355683542193e+05,5.0950422078000237e+00
24870,1.2019554813036713e+05,5.0798883823237855e+00
24950,1.1912712080074922e+05,5.0760106453892062e+00
25030,1.1135269585601236e+05,5.0467007357950013e+00
25110,1.1135269585601236e+05,5.0467007357950013e+00
25190,1.1089140016554567e+05,5.0448978671097757e+00
25270,1.0930605006813117e+05,5.0386442007281751e+00
25350,1.0023565197668111e+05,5.0010222195634100e+00
25430,1.0023565197668111e+05,5.0010222195634100e+00
25510,1.0023565197668111e+05,5.0010222195634100e+00
25590,1.0023565197668111e+05,5.0010222195634100e+00
25670,9.9771167675551842e+04,4.9990050550295990e+00
25750,9.9771167675551842e+04,4.9990050550295990e+00
25830,9.8185822376492433e+04,4.9920487820010431e+00
25909,9.8185822376492433e+04,4.9920487820010431e+00
25988,9.3294863776816317e+04,4.9698577349063324e+00
26067,9.3294863776816317e+04,4.9698577349063324e+00
26146,9.3294863776816317e+04,4.9698577349063324e+00
26225,8.9311582577577879e+04,4.9509077850177121e+00
26304,8.5563801155164416e+04,4.9322900697756422e+00
26383,8.5563801155164416e+04,4.9322900697756422e+00
26462,7.9033707298818248e+04,4.8978123542238858e+00
26541,7.7477153701998934e+04,4.8891736575527327e+00
26620,7.7477153701998934e+04,4.8891736575527327e+00
26699,7.7246849320996131e+04,4.8878807748229534e+00
26778,7.5509058128614794e+04,4.8779990530769721e+00
26857,7.3548472244045421e+04,4.8665736559504040e+00
26936,7.3548472244045421e+04,4.8665736559504040e+00
27014,7.3548472244045421e+04,4.8665736559504040e+00
27092,7.3548472244045421e+04,4.8665736559504040e+00
27170,7.3548472244045421e+04,4.8665736559504040e+00
27248,6.9680990411357343e+04,4.8431143148918352e+00
27326,6.9680990411357343e+04,4.8431143148918352e+00
27404,6.9680990411357343e+04,4.8431143148918352e+00
27482,6.8600609453859710e+04,4.8363279740343392e+00
27560,6.8600609453859710e+04,4.8363279740343392e+00
27638,6.8600609453859710e+04,4.8363279740343392e+00
27716,6.8600609453859710e+04,4.8363279740343392e+00
27794,6.5199264360219502e+04,4.8142426956383666e+00
27872,6.2946684054654987e+04,4.7989728570062935e+00
27950,6.2946684054654987e+04,4.7989728570062935e+00
28028,6.2946684054654987e+04,4.7989728570062935e+00
28106,6.2457868965152295e+04,4.7955871622114437e+00
28183,6.2457868965152295e+04,4.7955871622114437e+00
28260,6.2457868965152295e+04,4.7955871622114437e+00
28337,6.0601991407311318e+04,4.7824868955028634e+00
28414,6.0601991407311318e+04,4.7824868955028634e+00
28491,6.0601991407311318e+04,4.7824868955028634e+00
28568,6.0042789720986701e+04,4.7784608623234686e+00
28645,6.0042789720986701e+04,4.7784608623234686e+00
28722,6.0042789720986701e+04,4.7784608623234686e+00
28799,5.9879835997900664e+04,4.7772806022036747e+00
28876,5.6724294757617456e+04,4.7537691050897353e+00
28953,5.6724294757617456e+04,4.7537691050897353e+00
29030,5.6724294757617456e+04,4.7537691050897353e+00
29107,5.6724294757617456e+04,4.7537691050897353e+00
29184,5.6724294757617456e+04,4.7537691050897353e+00
29260,5.6724294757617456e+04,4.7537691050897353e+00
29336,5.6724294757617456e+04,4.7537691050897353e+00
29412,5.6724294757617456e+04,4.7537691050897353e+00
29488,5.5940782403231249e+04,4.7477285362405448e+00
29564,5.5940782403231249e+04,4.7477285362405448e+00
29640,5.5940782403231249e+04,4.7477285362405448e+00
29716,5.5940782403231249e+04,4.7477285362405448e+00
29792,5.4886024966866476e+04,4.7394617788328572e+00
29868,5.4886024966866476e+04,4.7394617788328572e+00
29944,5.4886024966866476e+04,4.7394617788328572e+00
30020,5.4886024966866476e+04,4.7394617788328572e+00
30096,5.4886024966866476e+04,4.7394617788328572e+00
30172,5.4886024966866476e+04,4.7394617788328572e+00
30248,5.4886024966866476e+04,4.7394617788328572e+00
30323,5.4886024966866476e+04,4.7394617788328572e+00
30398,5.4886024966866476e+04,4.7394617788328572e+00
30473,5.3894642543062801e+04,4.7315455958059260e+00
30548,5.3861150010717836e+04,4.7312756219677485e+00
30623,5.3200388681662662e+04,4.7259148052590456e+00
30698,5.3200388681662662e+04,4.7259148052590456e+00
30773,5.3200388681662662e+04,4.7259148052590456e+00
30848,5.3200388681662662e+04,4.7259148052590456e+00
30923,5.1497201568978897e+04,4.7117836295038789e+00
30998,5.1497201568978897e+04,4.7117836295038789e+00
31073,5.1497201568978897e+04,4.7117836295038789e+00
31148,5.1497201568978897e+04,4.7117836295038789e+00
31223,5.1497201568978897e+04,4.7117836295038789e+00
31298,4.9696069628466787e+04,4.6963220425328034e+00
31373,4.9696069628466787e+04,4.6963220425328034e+00
31447,4.9696069628466787e+04,4.6963220425328034e+00
31521,4.9696069628466787e+04,4.6963220425328034e+00
31595,4.9696069628466787e+04,4.6963220425328034e+00
31669,4.9206938605414827e+04,4.6920263463766316e+00
31743,4.9206938605414827e+04,4.6920263463766316e+00
31817,4.9191201669503549e+04,4.6918874318713879e+00
31891,4.9191201669503549e+04,4.6918874318713879e+00
31965,4.9172669831273080e+04,4.6917237889595045e+00
32039,4.8657911975126815e+04,4.6871534684020943e+00
32113,4.8657911975126815e+04,4.6871534684020943e+00
32187,4.8657911975126815e+04,4.6871534684020943e+00
32261,4.8117630069881052e+04,4.6823042289562649e+00
32335,4.7421368495535644e+04,4.6759740827818552e+00
32409,4.7196036013984965e+04,4.6739055238555611e+00
32483,4.6457482133740938e+04,4.6670556685495770e+00
32556,4.5805468184244666e+04,4.6609173264861354e+00
32629,4.5324386596032382e+04,4.6563319352217993e+00
32702,4.4901400725478627e+04,4.6522598892852240e+00
32775,4.0359332883967327e+04,4.6059439789918732e+00
32848,3.9870054068862933e+04,4.6006468246213332e+00
32921,3.9870054068862933e+04,4.6006468246213332e+00
32994,3.7389104044698135e+04,4.5727450582778975e+00
33067,3.7389104044698135e+04,4.5727450582778975e+00
33140,3.6463953029545017e+04,4.5618637484072044e+00
33213,3.6116731650230315e+04,4.5577084423476482e+00
33286,3.6116731650230315e+04,4.5577084423476482e+00
33359,3.5467154455608383e+04,4.5498263462446946e+00
33432,3.5467154455608383e+04,4.5498263462446946e+00
33505,3.3293266734231591e+04,4.5223564102076059e+00
33578,3.1346663831254285e+04,4.4961913264498277e+00
33650,2.9406492038277822e+04,4.4684432197030874e+00
33722,2.9406492038277822e+04,4.4684432197030874e+00
33794,2.9406492038277822e+04,4.4684432197030874e+00
33866,2.9406492038277822e+04,4.4684432197030874e+00
33938,2.9386033947101649e+04,4.4681409759631636e+00
34010,2.7140228246322069e+04,4.4336134957077036e+00
34082,2.7140228246322069e+04,4.4336134957077036e+00
34154,2.7032814141141585e+04,4.4318912585123611e+00
34226,2.5896607994055299e+04,4.4132428827709296e+00
34298,2.5896607994055299e+04,4.4132428827709296e+00
34370,2.4136076650767249e+04,4.3826666763910120e+00
34442,2.4136076650767249e+04,4.3826666763910120e+00
34514,2.4136076650767249e+04,4.3826666763910120e+00
34586,2.2895423363592614e+04,4.3597486785591588e+00
34658,2.2895423363592614e+04,4.3597486785591588e+00
34729,2.2895423363592614e+04,4.3597486785591588e+00
34800,2.0210023562831178e+04,4.3055668198587771e+00
34871,2.0210023562831178e+04,4.3055668198587771e+00
34942,2.0210023562831178e+04,4.3055668198587771e+00
35013,2.0210023562831178e+04,4.3055668198587771e+00
35084,2.0210023562831178e+04,4.3055668198587771e+00
35155,2.0210023562831178e+04,4.3055668198587771e+00
35226,2.0210023562831178e+04,4.3055668198587771e+00
35297,2.0210023562831178e+04,4.3055668198587771e+00
35368,2.0210023562831178e+04,4.3055668198587771e+00
35439,2.0210023562831178e+04,4.3055668198587771e+00
35510,2.0210023562831178e+04,4.3055668198587771e+00
35581,2.0210023562831178e+04,4.3055668198587771e+00
35652,2.0210023562831178e+04,4.3055668198587771e+00
35723,1.8326901401982999e+04,4.2630890433705293e+00
35794,1.8326901401982999e+04,4.2630890433705293e+00
35864,1.8326901401982999e+04,4.2630890433705293e+00
35934,1.8326901401982999e+04,4.2630890433705293e+00
36004,1.8326901401982999e+04,4.2630890433705293e+00
36074,1.8080834333348204e+04,4.2572184669584203e+00
36144,1.7419917635924674e+04,4.2410460972647570e+00
36214,1.7419917635924674e+04,4.2410460972647570e+00
36284,1.7419917635924674e+04,4.2410460972647570e+00
36354,1.7419917635924674e+04,4.2410460972647570e+00
36424,1.7419917635924674e+04,4.2410460972647570e+00
36494,1.6088123029611286e+04,4.2065053787520990e+00
36564,1.6088123029611286e+04,4.2065053787520990e+00
36634,1.6088123029611286e+04,4.2065053787520990e+00
36704,1.5194634460778223e+04,4.1816902566649592e+00
36774,1.4741181094015197e+04,4.1685322814920864e+00
36844,1.4741181094015197e+04,4.1685322814920864e+00
36913,1.4094958136787271e+04,4.1490637903183494e+00
36982,1.4094958136787271e+04,4.1490637903183494e+00
37051,1.4094958136787271e+04,4.1490637903183494e+00
37120,1.4094958136787271e+04,4.1490637903183494e+00
37189,1.2428696797155411e+04,4.0944255933660552e+00
37258,1.2428696797155411e+04,4.0944255933660552e+00
37327,1.2428696797155411e+04,4.0944255933660552e+00
37396,1.2428696797155411e+04,4.0944255933660552e+00
37465,1.2428696797155411e+04,4.0944255933660552e+00
37534,1.2428696797155411e+04,4.0944255933660552e+00
37603,1.2428696797155411e+04,4.0944255933660552e+00
37672,1.2428696797155411e+04,4.0944255933660552e+00
37741,1.2428696797155411e+04,4.0944255933660552e+00
37810,1.2428696797155411e+04,4.0944255933660552e+00
37879,1.2428696797155411e+04,4.0944255933660552e+00
37948,1.1584542148962453e+04,4.0638788740251339e+00
38016,1.1584542148962453e+04,4.0638788740251339e+00
38084,1.1584542148962453e+04,4.0638788740251339e+00
38152,1.1584542148962453e+04,4.0638788740251339e+00
38220,1.1584542148962453e+04,4.0638788740251339e+00
38288,1.1584542148962453e+04,4.0638788740251339e+00
38356,1.1584542148962453e+04,4.0638788740251339e+00
38424,1.1584542148962453e+04,4.0638788740251339e+00
38492,1.1584542148962453e+04,4.0638788740251339e+00
38560,1.1584542148962453e+04,4.0638788740251339e+00
38628,1.1584542148962453e+04,4.0638788740251339e+00
38696,1.1584542148962453e+04,4.0638788740251339e+00
38764,1.1584542148962453e+04,4.0638788740251339e+00
38832,1.1584542148962453e+04,4.0638788740251339e+00
38900,1.1584542148962453e+04,4.0638788740251339e+00
38968,1.1584542148962453e+04,4.0638788740251339e+00
39036,1.1537801514219216e+04,4.0621230634814758e+00
39103,1.1537801514219216e+04,4.0621230634814758e+00
39170,1.1041565383962119e+04,4.0430306485221283e+00
39237,1.1041565383962119e+04,4.0430306485221283e+00
39304,1.1041565383962119e+04,4.0430306485221283e+00
39371,1.0529615924556787e+04,4.0224125302654778e+00
39438,1.0529615924556787e+04,4.0224125302654778e+00
39505,1.0529615924556787e+04,4.0224125302654778e+00
39572,1.0525466639540158e+04,4.0222413590905930e+00
39639,9.3881204092078260e+03,3.9725786510926371e+00
39706,9.3881204092078260e+03,3.9725786510926371e+00
39773,9.3881204092078260e+03,3.9725786510926371e+00
39840,9.3881204092078260e+03,3.9725786510926371e+00
39907,9.3881204092078260e+03,3.9725786510926371e+00
39974,8.8369152330644356e+03,3.9463006891013248e+00
40041,8.7152120477151202e+03,3.9402779582884957e+00
40108,8.7152120477151202e+03,3.9402779582884957e+00
40175,8.7152120477151202e+03,3.9402779582884957e+00
40241,8.7152120477151202e+03,3.9402779582884957e+00
40307,8.5554305839057852e+03,3.9322418719143442e+00
40373,8.5330860866295880e+03,3.9311061270646794e+00
40439,8.5330860866295880e+03,3.9311061270646794e+00
40505,8.5330860866295880e+03,3.9311061270646794e+00
40571,7.8858951786258040e+03,3.8968510000201171e+00
40637,7.8858951786258040e+03,3.8968510000201171e+00
40703,7.8858951786258040e+03,3.8968510000201171e+00
40769,7.8858951786258040e+03,3.8968510000201171e+00
40835,7.8657704145403895e+03,3.8957412661071182e+00
40901,7.8480060745572464e+03,3.8947593305270489e+00
40967,7.4722903580295988e+03,3.8734537393515853e+00
41033,7.3737903391725313e+03,3.8676907850418747e+00
41099,7.3737903391725313e+03,3.8676907850418747e+00
41165,7.3737903391725313e+03,3.8676907850418747e+00
41231,7.3737903391725313e+03,3.8676907850418747e+00
41297,7.3737903391725313e+03,3.8676907850418747e+00
41362,7.3737903391725313e+03,3.8676907850418747e+00
41427,7.3737903391725313e+03,3.8676907850418747e+00
41492,7.2191055406139185e+03,3.8584833910821019e+00
41557,6.9758183745181559e+03,3.8435951645891619e+00
41622,6.9758183745181559e+03,3.8435951645891619e+00
41687,6.9758183745181559e+03,3.8435951645891619e+00
41752,6.9758183745181559e+03,3.8435951645891619e+00
41817,6.9758183745181559e+03,3.8435951645891619e+00
41882,6.9758183745181559e+03,3.8435951645891619e+00
41947,6.9758183745181559e+03,3.8435951645891619e+00
42012,6.9758183745181559e+03,3.8435951645891619e+00
42077,6.9470382659107818e+03,3.8417996910764751e+00
42142,6.9470382659107818e+03,3.8417996910764751e+00
42207,6.9470382659107818e+03,3.8417996910764751e+00
42272,6.7697062145798363e+03,3.8305698219856903e+00
42337,6.7697062145798363e+03,3.8305698219856903e+00
42402,6.7697062145798363e+03,3.8305698219856903e+00
42466,6.7697062145798363e+03,3.8305698219856903e+00
42530,6.7697062145798363e+03,3.8305698219856903e+00
42594,6.7697062145798363e+03,3.8305698219856903e+00
42658,6.7697062145798363e+03,3.8305698219856903e+00
42722,6.7697062145798363e+03,3.8305698219856903e+00
42786,6.7697062145798363e+03,3.8305698219856903e+00
42850,6.7697062145798363e+03,3.8305698219856903e+00
42914,6.7697062145798363e+03,3.8305698219856903e+00
42978,6.7674956953966284e+03,3.8304279882007877e+00
43042,6.6172640538460064e+03,3.8206784649806349e+00
43106,6.1377128554628271e+03,3.7880065666951781e+00
43170,6.1377128554628271e+03,3.7880065666951781e+00
43234,6.1377128554628271e+03,3.7880065666951781e+00
43298,6.1377128554628271e+03,3.7880065666951781e+00
43362,6.1377128554628271e+03,3.7880065666951781e+00
43426,6.1377128554628271e+03,3.7880065666951781e+00
43490,6.1377128554628271e+03,3.7880065666951781e+00
43553,6.0253845873045011e+03,3.7799847722118263e+00
43616,6.0253845873045011e+03,3.7799847722118263e+00
43679,6.0253845873045011e+03,3.7799847722118263e+00
43742,6.0253845873045011e+03,3.7799847722118263e+00
43805,6.0253845873045011e+03,3.7799847722118263e+00
43868,6.0253845873045011e+03,3.7799847722118263e+00
43931,6.0253845873045011e+03,3.7799847722118263e+00
43994,5.9087385029356574e+03,3.7714947702732786e+00
44057,5.6918952785508027e+03,3.7552569011863333e+00
44120,5.6918952785508027e+03,3.7552569011863333e+00
44183,5.6918952785508027e+03,3.7552569011863333e+00
44246,5.6918952785508027e+03,3.7552569011863333e+00
44309,5.6918952785508027e+03,3.7552569011863333e+00
44372,5.6918952785508027e+03,3.7552569011863333e+00
44435,5.6918952785508027e+03,3.7552569011863333e+00
44498,5.6918952785508027e+03,3.7552569011863333e+00
44561,5.6887104608973677e+03,3.7550138299824751e+00
44624,5.6157500037838399e+03,3.7494077660744223e+00
44686,5.6157500037838399e+03,3.7494077660744223e+00
44748,5.6157500037838399e+03,3.7494077660744223e+00
44810,5.5395871494617077e+03,3.7434773991342438e+00
44872,5.3997502497010983e+03,3.7323736732146342e+00
44934,5.3997502497010983e+03,3.7323736732146342e+00
44996,5.3720598619113271e+03,3.7301408434518000e+00
45058,5.3720598619113271e+03,3.7301408434518000e+00
45120,5.3720598619113271e+03,3.7301408434518000e+00
45182,5.3720598619113271e+03,3.7301408434518000e+00
45244,5.2957133680331781e+03,3.7239244707574937e+00
45306,5.2957133680331781e+03,3.7239244707574937e+00
45368,5.2957133680331781e+03,3.7239244707574937e+00
45430,5.1213670750224192e+03,3.7093859050949627e+00
45492,5.1213670750224192e+03,3.7093859050949627e+00
45554,5.1213670750224192e+03,3.7093859050949627e+00
45616,5.1213670750224192e+03,3.7093859050949627e+00
45678,5.0590589173736535e+03,3.7040697371949420e+00
45740,5.0590589173736535e+03,3.7040697371949420e+00
45801,5.0220245842169015e+03,3.7008788343752328e+00
45862,4.9080747779260055e+03,3.6909111708832545e+00
45923,4.8951492712254922e+03,3.6897659395878004e+00
45984,4.8119511981100331e+03,3.6823212141584567e+00
46045,4.8119511981100331e+03,3.6823212141584567e+00
46106,4.8119511981100331e+03,3.6823212141584567e+00
46167,4.8119511981100331e+03,3.6823212141584567e+00
46228,4.8119511981100331e+03,3.6823212141584567e+00
46289,4.8119511981100331e+03,3.6823212141584567e+00
46350,4.8119511981100331e+03,3.6823212141584567e+00
46411,4.7577582934886323e+03,3.6774023749710030e+00
46472,4.7577582934886323e+03,3.6774023749710030e+00
46533,4.7577582934886323e+03,3.6774023749710030e+00
46594,4.7577582934886323e+03,3.6774023749710030e+00
46655,4.7577582934886323e+03,3.6774023749710030e+00
46716,4.7577582934886323e+03,3.6774023749710030e+00
46777,4.7577582934886323e+03,3.6774023749710030e+00
46838,4.7577582934886323e+03,3.6774023749710030e+00
46898,4.7577582934886323e+03,3.6774023749710030e+00
46958,4.6976012899997068e+03,3.6718761531607882e+00
47018,4.6976012899997068e+03,3.6718761531607882e+00
47078,4.6425400753132508e+03,3.6667556613428434e+00
47138,4.6425400753132508e+03,3.6667556613428434e+00
47198,4.6425400753132508e+03,3.6667556613428434e+00
47258,4.6425400753132508e+03,3.6667556613428434e+00
47318,4.6148070704291067e+03,3.6641535493490460e+00
47378,4.6148070704291067e+03,3.6641535493490460e+00
47438,4.6005767805140104e+03,3.6628122831797372e+00
47498,4.6005767805140104e+03,3.6628122831797372e+00
47558,4.5885267475565479e+03,3.6616732676481525e+00
47618,4.5885267475565479e+03,3.6616732676481525e+00
47678,4.5885267475565479e+03,3.6616732676481525e+00
47738,4.5447805599590911e+03,3.6575129186031772e+00
47798,4.5447805599590911e+03,3.6575129186031772e+00
47858,4.5447805599590911e+03,3.6575129186031772e+00
47918,4.5447805599590911e+03,3.6575129186031772e+00
47978,4.5447805599590911e+03,3.6575129186031772e+00
48037,4.5447805599590911e+03,3.6575129186031772e+00
48096,4.5447805599590911e+03,3.6575129186031772e+00
48155,4.5447805599590911e+03,3.6575129186031772e+00
48214,4.5447805599590911e+03,3.6575129186031772e+00
48273,4.5447805599590911e+03,3.6575129186031772e+00
48332,4.5447805599590911e+03,3.6575129186031772e+00
48391,4.5447805599590911e+03,3.6575129186031772e+00
48450,4.5167337335763796e+03,3.6548244891784138e+00
48509,4.5083390648722707e+03,3.6540165711862977e+00
48568,4.5083390648722707e+03,3.6540165711862977e+00
48627,4.5083390648722707e+03,3.6540165711862977e+00
48686,4.4692430748668867e+03,3.6502339758737272e+00
48745,4.4692430748668867e+03,3.6502339758737272e+00
48804,4.4692430748668867e+03,3.6502339758737272e+00
48863,4.4692430748668867e+03,3.6502339758737272e+00
48922,4.4674144926329682e+03,3.6500562487584203e+00
48981,4.4674144926329682e+03,3.6500562487584203e+00
49040,4.4674144926329682e+03,3.6500562487584203e+00
49099,4.4674144926329682e+03,3.6500562487584203e+00
49157,4.4674144926329682e+03,3.6500562487584203e+00
49215,4.4621752884514372e+03,3.6495466267528234e+00
49273,4.4470771310228156e+03,3.6480746620073101e+00
49331,4.4470771310228156e+03,3.6480746620073101e+00
49389,4.4436973525883413e+03,3.6477444727313233e+00
49447,4.4252119954525670e+03,3.6459340809660192e+00
49505,4.4041783380218285e+03,3.6438648965055860e+00
49563,4.4041783380218285e+03,3.6438648965055860e+00
49621,4.4041783380218285e+03,3.6438648965055860e+00
49679,4.3986740178465307e+03,3.6433217779586262e+00
49737,4.3986740178465307e+03,3.6433217779586262e+00
49795,4.3986740178465307e+03,3.6433217779586262e+00
49853,4.3986740178465307e+03,3.6433217779586262e+00
49911,4.3986740178465307e+03,3.6433217779586262e+00
49969,4.3960945071352007e+03,3.6430670203042586e+00
50027,4.3960945071352007e+03,3.6430670203042586e+00
50085,4.3925406976291724e+03,3.6427157939974739e+00
50143,4.3903460073614360e+03,3.6424987487537819e+00
50201,4.3871896523813921e+03,3.6421864087843452e+00
50259,4.3871896523813921e+03,3.6421864087843452e+00
50316,4.3862682278042139e+03,3.6420951860039330e+00
50373,4.3862682278042139e+03,3.6420951860039330e+00
50430,4.3862682278042139e+03,3.6420951860039330e+00
50487,4.3822091412995269e+03,3.6416931004599395e+00
50544,4.3822091412995269e+03,3.6416931004599395e+00
50601,4.3818931610219352e+03,3.6416617844195116e+00
50658,4.3818931610219352e+03,3.6416617844195116e+00
50715,4.3818931610219352e+03,3.6416617844195116e+00
50772,4.3818931610219352e+03,3.6416617844195116e+00
50829,4.3818931610219352e+03,3.6416617844195116e+00
50886,4.3818931610219352e+03,3.6416617844195116e+00
50943,4.3818931610219352e+03,3.6416617844195116e+00
51000,4.3818931610219352e+03,3.6416617844195116e+00
51057,4.3786763101620809e+03,3.6413428415368769e+00
51114,4.3786763101620809e+03,3.6413428415368769e+00
51171,4.3786763101620809e+03,3.6413428415368769e+00
51228,4.3734330013138324e+03,3.6408224777500231e+00
51285,4.3734330013138324e+03,3.6408224777500231e+00
51342,4.3734330013138324e+03,3.6408224777500231e+00
51399,4.3734330013138324e+03,3.6408224777500231e+00
51455,4.3734330013138324e+03,3.6408224777500231e+00
51511,4.3734330013138324e+03,3.6408224777500231e+00
51567,4.3734330013138324e+03,3.6408224777500231e+00
51623,4.3734330013138324e+03,3.6408224777500231e+00
51679,4.3734330013138324e+03,3.6408224777500231e+00
51735,4.3734330013138324e+03,3.6408224777500231e+00
51791,4.3734330013138324e+03,3.6408224777500231e+00
51847,4.3734330013138324e+03,3.6408224777500231e+00
51903,4.3734330013138324e+03,3.6408224777500231e+00
51959,4.3724306373634909e+03,3.6407229287169298e+00
52015,4.3722768542782496e+03,3.6407076538445797e+00
52071,4.3707129613267061e+03,3.6405522859210864e+00
52127,4.3707129613267061e+03,3.6405522859210864e+00
52183,4.3707129613267061e+03,3.6405522859210864e+00
52239,4.3704406515645333e+03,3.6405252271065742e+00
52295,4.3701754994372022e+03,3.6404988779101761e+00
52351,4.3701754994372022e+03,3.6404988779101761e+00
52407,4.3701754994372022e+03,3.6404988779101761e+00
52463,4.3701754994372022e+03,3.6404988779101761e+00
52519,4.3694496523590042e+03,3.6404267394886727e+00
52575,4.3694496523590042e+03,3.6404267394886727e+00
52630,4.3666156071696169e+03,3.6401449626946980e+00
52685,4.3666156071696169e+03,3.6401449626946980e+00
52740,4.3666156071696169e+03,3.6401449626946980e+00
52795,4.3666156071696169e+03,3.6401449626946980e+00
52850,4.3662671133244448e+03,3.6401103008404490e+00
52905,4.3642350830245405e+03,3.6399081361671239e+00
52960,4.3642350830245405e+03,3.6399081361671239e+00
53015,4.3640070454870702e+03,3.6398854430651784e+00
53070,4.3640070454870702e+03,3.6398854430651784e+00
53125,4.3640070454870702e+03,3.6398854430651784e+00
53180,4.3640070454870702e+03,3.6398854430651784e+00
53235,4.3640070454870702e+03,3.6398854430651784e+00
53290,4.3617528533471559e+03,3.6396610538450660e+00
53345,4.3617528533471559e+03,3.6396610538450660e+00
53400,4.3617528533471559e+03,3.6396610538450660e+00
53455,4.3615139266223641e+03,3.6396372635470509e+00
53510,4.3615139266223641e+03,3.6396372635470509e+00
53565,4.3588335704307665e+03,3.6393702870439704e+00
53620,4.3588335704307665e+03,3.6393702870439704e+00
53675,4.3588335704307665e+03,3.6393702870439704e+00
53730,4.3588335704307665e+03,3.6393702870439704e+00
53784,4.3584712154235040e+03,3.6393341821275769e+00
53838,4.3562720072247084e+03,3.6391149894374042e+00
53892,4.3561189849080956e+03,3.6390997337520754e+00
53946,4.3559273395090058e+03,3.6390806267509825e+00
54000,4.3467018547189273e+03,3.6381598524542458e+00
54054,4.3467018547189273e+03,3.6381598524542458e+00
54108,4.3467018547189273e+03,3.6381598524542458e+00
54162,4.3467018547189273e+03,3.6381598524542458e+00
54216,4.3467018547189273e+03,3.6381598524542458e+00
54270,4.3467018547189273e+03,3.6381598524542458e+00
54324,4.3467018547189273e+03,3.6381598524542458e+00
54378,4.3467018547189273e+03,3.6381598524542458e+00
54432,4.3402649171223493e+03,3.6375162383911066e+00
54486,4.3399000322355423e+03,3.6374797258377418e+00
54540,4.3374197569233856e+03,3.6372314533441199e+00
54594,4.3374197569233856e+03,3.6372314533441199e+00
54648,4.3374197569233856e+03,3.6372314533441199e+00
54702,4.3374197569233856e+03,3.6372314533441199e+00
54756,4.3349321063540419e+03,3.6369822999513990e+00
54810,4.3308244539389025e+03,3.6365705803516923e+00
54864,4.3254856201462499e+03,3.6360348725662512e+00
54918,4.3254856201462499e+03,3.6360348725662512e+00
54971,4.3254856201462499e+03,3.6360348725662512e+00
55024,4.3254856201462499e+03,3.6360348725662512e+00
55077,4.3254856201462499e+03,3.6360348725662512e+00
55130,4.3254856201462499e+03,3.6360348725662512e+00
55183,4.3254856201462499e+03,3.6360348725662512e+00
55236,4.3254856201462499e+03,3.6360348725662512e+00
55289,4.3254856201462499e+03,3.6360348725662512e+00
55342,4.3183932203063423e+03,3.6353221853891142e+00
55395,4.3183932203063423e+03,3.6353221853891142e+00
55448,4.3183932203063423e+03,3.6353221853891142e+00
55501,4.3137964541832362e+03,3.6348596491321858e+00
55554,4.3137964541832362e+03,3.6348596491321858e+00
55607,4.3137964541832362e+03,3.6348596491321858e+00
55660,4.3137964541832362e+03,3.6348596491321858e+00
55713,4.3137964541832362e+03,3.6348596491321858e+00
55766,4.3137964541832362e+03,3.6348596491321858e+00
55819,4.3137964541832362e+03,3.6348596491321858e+00
55872,4.3127188089486363e+03,3.6347511428890518e+00
55925,4.3018397712128999e+03,3.6336542303717616e+00
55978,4.3018397712128999e+03,3.6336542303717616e+00
56031,4.2905684961274892e+03,3.6325148395911984e+00
56084,4.2905684961274892e+03,3.6325148395911984e+00
56136,4.2905684961274892e+03,3.6325148395911984e+00
56188,4.2820354148945853e+03,3.6316502548383105e+00
56240,4.2689294326380650e+03,3.6303189757762602e+00
56292,4.2649839220612184e+03,3.6299173983234119e+00
56344,4.2649839220612184e+03,3.6299173983234119e+00
56396,4.2649839220612184e+03,3.6299173983234119e+00
56448,4.2617311116036881e+03,3.6295860449955866e+00
56500,4.2617311116036881e+03,3.6295860449955866e+00
56552,4.2617311116036881e+03,3.6295860449955866e+00
56604,4.2617311116036881e+03,3.6295860449955866e+00
56656,4.2617311116036881e+03,3.6295860449955866e+00
56708,4.2617311116036881e+03,3.6295860449955866e+00
56760,4.2617311116036881e+03,3.6295860449955866e+00
56812,4.2573621650383739e+03,3.6291405962864869e+00
56864,4.2565645758949722e+03,3.6290592264144270e+00
56916,4.2421238953533157e+03,3.6275833483584137e+00
56968,4.2421238953533157e+03,3.6275833483584137e+00
57020,4.2373939730717120e+03,3.6270988445477825e+00
57072,4.2357252481695132e+03,3.6269277816824350e+00
57124,4.2357252481695132e+03,3.6269277816824350e+00
57176,4.2357252481695132e+03,3.6269277816824350e+00
57228,4.2357252481695132e+03,3.6269277816824350e+00
57280,4.2357252481695132e+03,3.6269277816824350e+00
57331,4.2322165119328365e+03,3.6265678772531365e+00
57382,4.2322165119328365e+03,3.6265678772531365e+00
57433,4.2322165119328365e+03,3.6265678772531365e+00
57484,4.2242168315486088e+03,3.6257462026905647e+00
57535,4.2242168315486088e+03,3.6257462026905647e+00
57586,4.2242168315486088e+03,3.6257462026905647e+00
57637,4.2242168315486088e+03,3.6257462026905647e+00
57688,4.2242168315486088e+03,3.6257462026905647e+00
57739,4.2242168315486088e+03,3.6257462026905647e+00
57790,4.2242168315486088e+03,3.6257462026905647e+00
57841,4.2242168315486088e+03,3.6257462026905647e+00
57892,4.2242168315486088e+03,3.6257462026905647e+00
57943,4.2242168315486088e+03,3.6257462026905647e+00
57994,4.2242168315486088e+03,3.6257462026905647e+00
58045,4.2242168315486088e+03,3.6257462026905647e+00
58096,4.2242168315486088e+03,3.6257462026905647e+00
58147,4.2242168315486088e+03,3.6257462026905647e+00
58198,4.2242168315486088e+03,3.6257462026905647e+00
58249,4.2242168315486088e+03,3.6257462026905647e+00
58300,4.2242168315486088e+03,3.6257462026905647e+00
58351,4.2242168315486088e+03,3.6257462026905647e+00
58402,4.2242168315486088e+03,3.6257462026905647e+00
58453,4.2234986932256907e+03,3.6256723641455233e+00
58503,4.2234986932256907e+03,3.6256723641455233e+00
58553,4.2234986932256907e+03,3.6256723641455233e+00
58603,4.2096177414834219e+03,3.6242426610846805e+00
58653,4.2096177414834219e+03,3.6242426610846805e+00
58703,4.2096177414834219e+03,3.6242426610846805e+00
58753,4.2096177414834219e+03,3.6242426610846805e+00
58803,4.2096177414834219e+03,3.6242426610846805e+00
58853,4.2096177414834219e+03,3.6242426610846805e+00
58903,4.2096177414834219e+03,3.6242426610846805e+00
58953,4.2096177414834219e+03,3.6242426610846805e+00
59003,4.2076061957987386e+03,3.6240350859472970e+00
59053,4.1967946433094930e+03,3.6229177189233148e+00
59103,4.1967946433094930e+03,3.6229177189233148e+00
59153,4.1967946433094930e+03,3.6229177189233148e+00
59203,4.1924337656320422e+03,3.6224662101099088e+00
59253,4.1924337656320422e+03,3.6224662101099088e+00
59303,4.1924337656320422e+03,3.6224662101099088e+00
59353,4.1924337656320422e+03,3.6224662101099088e+00
59403,4.1924337656320422e+03,3.6224662101099088e+00
59453,4.1924337656320422e+03,3.6224662101099088e+00
59503,4.1924337656320422e+03,3.6224662101099088e+00
59553,4.1924337656320422e+03,3.6224662101099088e+00
59603,4.1924337656320422e+03,3.6224662101099088e+00
59653,4.1924337656320422e+03,3.6224662101099088e+00
59703,4.1924337656320422e+03,3.6224662101099088e+00
59752,4.1924337656320422e+03,3.6224662101099088e+00
59801,4.1924337656320422e+03,3.6224662101099088e+00
59850,4.1924337656320422e+03,3.6224662101099088e+00
59899,4.1924337656320422e+03,3.6224662101099088e+00
59948,4.1924337656320422e+03,3.6224662101099088e+00
59997,4.1924337656320422e+03,3.6224662101099088e+00
60046,4.1898617531286245e+03,3.6221996934092804e+00
60095,4.1881324425933826e+03,3.6220204070512159e+00
60144,4.1881324425933826e+03,3.6220204070512159e+00
60193,4.1827845455210472e+03,3.6214654947261780e+00
60242,4.1827845455210472e+03,3.6214654947261780e+00
60291,4.1827845455210472e+03,3.6214654947261780e+00
60340,4.1827845455210472e+03,3.6214654947261780e+00
60389,4.1821328092590875e+03,3.6213978203067443e+00
60438,4.1821328092590875e+03,3.6213978203067443e+00
60487,4.1810936118701684e+03,3.6212898912202380e+00
60536,4.1740222498420098e+03,3.6205547597648575e+00
60585,4.1740222498420098e+03,3.6205547597648575e+00
60634,4.1740222498420098e+03,3.6205547597648575e+00
60683,4.1740222498420098e+03,3.6205547597648575e+00
60732,4.1740222498420098e+03,3.6205547597648575e+00
60781,4.1740222498420098e+03,3.6205547597648575e+00
60830,4.1740222498420098e+03,3.6205547597648575e+00
60879,4.1740222498420098e+03,3.6205547597648575e+00
60928,4.1740222498420098e+03,3.6205547597648575e+00
60976,4.1740222498420098e+03,3.6205547597648575e+00
61024,4.1740222498420098e+03,3.6205547597648575e+00
61072,4.1738454830013134e+03,3.6205363673163986e+00
61120,4.1738454830013134e+03,3.6205363673163986e+00
61168,4.1714608405673325e+03,3.6202881710157664e+00
61216,4.1714608405673325e+03,3.6202881710157664e+00
61264,4.1714608405673325e+03,3.6202881710157664e+00
61312,4.1714608405673325e+03,3.6202881710157664e+00
61360,4.1714608405673325e+03,3.6202881710157664e+00
61408,4.1714608405673325e+03,3.6202881710157664e+00
61456,4.1714608405673325e+03,3.6202881710157664e+00
61504,4.1684351531756492e+03,3.6199730497248508e+00
61552,4.1684351531756492e+03,3.6199730497248508e+00
61600,4.1679096227102318e+03,3.6199182931168550e+00
61648,4.1679096227102318e+03,3.6199182931168550e+00
61696,4.1679096227102318e+03,3.6199182931168550e+00
61744,4.1679096227102318e+03,3.6199182931168550e+00
61792,4.1679096227102318e+03,3.6199182931168550e+00
61840,4.1679096227102318e+03,3.6199182931168550e+00
61888,4.1633827789044044e+03,3.6194463414954230e+00
61936,4.1628552439707128e+03,3.6193913093163306e+00
61984,4.1617170095706742e+03,3.6192725455151229e+00
62032,4.1617170095706742e+03,3.6192725455151229e+00
62080,4.1617170095706742e+03,3.6192725455151229e+00
62128,4.1607048839835197e+03,3.6191669126680304e+00
62175,4.1593186180248986e+03,3.6190221900811999e+00
62222,4.1593186180248986e+03,3.6190221900811999e+00
62269,4.1593186180248986e+03,3.6190221900811999e+00
62316,4.1592017137596285e+03,3.6190099833724831e+00
62363,4.1579494848132790e+03,3.6188792087568475e+00
62410,4.1565077957882704e+03,3.6187285993849243e+00
62457,4.1565077957882704e+03,3.6187285993849243e+00
62504,4.1565077957882704e+03,3.6187285993849243e+00
62551,4.1563041136139627e+03,3.6187073170450024e+00
62598,4.1563041136139627e+03,3.6187073170450024e+00
62645,4.1547257785579905e+03,3.6185423646329578e+00
62692,4.1540140481265171e+03,3.6184679609071955e+00
62739,4.1540140481265171e+03,3.6184679609071955e+00
62786,4.1540140481265171e+03,3.6184679609071955e+00
62833,4.1540140481265171e+03,3.6184679609071955e+00
62880,4.1532108577417694e+03,3.6183839807195750e+00
62927,4.1503796408711360e+03,3.6180878240360679e+00
62974,4.1503796408711360e+03,3.6180878240360679e+00
63021,4.1500505207110009e+03,3.6180533836355773e+00
63068,4.1500505207110009e+03,3.6180533836355773e+00
63115,4.1489517361151811e+03,3.6179383828017935e+00
63162,4.1476685439903604e+03,3.6178040429755365e+00
63209,4.1476685439903604e+03,3.6178040429755365e+00
63256,4.1476685439903604e+03,3.6178040429755365e+00
63303,4.1476685439903604e+03,3.6178040429755365e+00
63350,4.1476685439903604e+03,3.6178040429755365e+00
63397,4.1476685439903604e+03,3.6178040429755365e+00
63443,4.1468503973206289e+03,3.6177183679441769e+00
63489,4.1468503973206289e+03,3.6177183679441769e+00
63535,4.1457401178952614e+03,3.6176020741925914e+00
63581,4.1457401178952614e+03,3.6176020741925914e+00
63627,4.1457401178952614e+03,3.6176020741925914e+00
63673,4.1457401178952614e+03,3.6176020741925914e+00
63719,4.1438531748888172e+03,3.6174043590766445e+00
63765,4.1436564178429171e+03,3.6173837375622147e+00
63811,4.1436564178429171e+03,3.6173837375622147e+00
63857,4.1436564178429171e+03,3.6173837375622147e+00
63903,4.1436564178429171e+03,3.6173837375622147e+00
63949,4.1436564178429171e+03,3.6173837375622147e+00
63995,4.1435328483644462e+03,3.6173707861160942e+00
64041,4.1429028029084502e+03,3.6173047443879183e+00
64087,4.1425450351959635e+03,3.6172672384989264e+00
64133,4.1425450351959635e+03,3.6172672384989264e+00
64179,4.1425450351959635e+03,3.6172672384989264e+00
64225,4.1425450351959635e+03,3.6172672384989264e+00
64271,4.1425450351959635e+03,3.6172672384989264e+00
64317,4.1425450351959635e+03,3.6172672384989264e+00
64363,4.1425450351959635e+03,3.6172672384989264e+00
64409,4.1425394074487476e+03,3.6172666484990104e+00
64455,4.1422087580572843e+03,3.6172319825795727e+00
64501,4.1421996682837353e+03,3.6172310295511148e+00
64547,4.1421996682837353e+03,3.6172310295511148e+00
64593,4.1421996682837353e+03,3.6172310295511148e+00
64639,4.1420796502543417e+03,3.6172184459174894e+00
64684,4.1417285864794703e+03,3.6171816355385049e+00
64729,4.1411576445358014e+03,3.6171217634289285e+00
64774,4.1411307701311125e+03,3.6171189450277632e+00
64819,4.1411307701311125e+03,3.6171189450277632e+00
64864,4.1411307701311125e+03,3.6171189450277632e+00
64909,4.1410315433759215e+03,3.6171085386554638e+00
64954,4.1410191496664456e+03,3.6171072388518679e+00
64999,4.1407844037633695e+03,3.6170826188884204e+00
65044,4.1404760568164356e+03,3.6170502775852422e+00
65089,4.1403418639092624e+03,3.6170362018647859e+00
65134,4.1402728405747594e+03,3.6170289617130900e+00
65179,4.1401012889975273e+03,3.6170109664142789e+00
65224,4.1401012889975273e+03,3.6170109664142789e+00
65269,4.1401012889975273e+03,3.6170109664142789e+00
65314,4.1399843156252018e+03,3.6169986957947322e+00
65359,4.1399843156252018e+03,3.6169986957947322e+00
65404,4.1399843156252018e+03,3.6169986957947322e+00
65449,4.1396507029619142e+03,3.6169636976001232e+00
65494,4.1390491791176955e+03,3.6169005866067403e+00
65539,4.1383888098598645e+03,3.6168312910769678e+00
65584,4.1382922148171110e+03,3.6168211539957094e+00
65629,4.1378168806520143e+03,3.6167712670252001e+00
65674,4.1375741932846613e+03,3.6167457944442529e+00
65719,4.1373240113707952e+03,3.6167195336681059e+00
65764,4.1368925256384073e+03,3.6166742382925428e+00
65809,4.1364623303751086e+03,3.6166290736809890e+00
65854,4.1358955518062439e+03,3.6165695625213390e+00
65899,4.1355762365736646e+03,3.6165360311626853e+00
65944,4.1354226309552459e+03,3.6165199000826198e+00
65988,4.1352949954669148e+03,3.6165064958314326e+00
66032,4.1350058322285631e+03,3.6164761264406562e+00
66076,4.1345717376986622e+03,3.6164305316427265e+00
66120,4.1342059236067771e+03,3.6163921049131371e+00
66164,4.1341498700769307e+03,3.6163862165021130e+00
66208,4.1336144736731885e+03,3.6163299692037061e+00
66252,4.1334564664024238e+03,3.6163133679948136e+00
66296,4.1332699692304232e+03,3.6162937726463200e+00
66340,4.1326186823037506e+03,3.6162253346765145e+00
66384,4.1326186823037506e+03,3.6162253346765145e+00
66428,4.1326186823037506e+03,3.6162253346765145e+00
66472,4.1325814844771203e+03,3.6162214255610619e+00
66516,4.1324191282634165e+03,3.6162043631527143e+00
66560,4.1322600287033938e+03,3.6161876423436699e+00
66604,4.1318170857503665e+03,3.6161410871923039e+00
66648,4.1318160967330468e+03,3.6161409832368752e+00
66692,4.1317466527994329e+03,3.6161336839355727e+00
66736,4.1316632338201016e+03,3.6161249155450639e+00
66780,4.1316632338201016e+03,3.6161249155450639e+00
66824,4.1316632338201016e+03,3.6161249155450639e+00
66868,4.1315273279229887e+03,3.6161106297360317e+00
66912,4.1311897450782753e+03,3.6160751425311739e+00
66956,4.1310621333794634e+03,3.6160617270465241e+00
67000,4.1310348331933637e+03,3.6160588569954397e+00
67044,4.1307697299905903e+03,3.6160309858790853e+00
67088,4.1304735097503572e+03,3.6159998412166945e+00
67132,4.1301940468002949e+03,3.6159704563718682e+00
67176,4.1301060492282531e+03,3.6159612032310586e+00
67220,4.1300804133253159e+03,3.6159585075216492e+00
67263,4.1298696122115789e+03,3.6159363403753075e+00
67306,4.1298696122115789e+03,3.6159363403753075e+00
67349,4.1298026666143387e+03,3.6159293003614938e+00
67392,4.1298026666143387e+03,3.6159293003614938e+00
67435,4.1297033268951491e+03,3.6159188535643336e+00
67478,4.1296107743303901e+03,3.6159091202940719e+00
67521,4.1296107743303901e+03,3.6159091202940719e+00
67564,4.1296107743303901e+03,3.6159091202940719e+00
67607,4.1295248586098178e+03,3.6159000847908391e+00
67650,4.1295070937052933e+03,3.6158982164847107e+00
67693,4.1293599838832770e+03,3.6158827448750230e+00
67736,4.1293599838832770e+03,3.6158827448750230e+00
67779,4.1292571710123084e+03,3.6158719316694476e+00
67822,4.1292153907990805e+03,3.6158675374147178e+00
67865,4.1291952587065080e+03,3.6158654199959832e+00
67908,4.1291897760936417e+03,3.6158648433533336e+00
67951,4.1291582269454921e+03,3.6158615251059203e+00
67994,4.1291211306764280e+03,3.6158576233960709e+00
68037,4.1291041712799833e+03,3.6158558396296989e+00
68080,4.1290478474345928e+03,3.6158499155112769e+00
68123,4.1290478474345928e+03,3.6158499155112769e+00
68166,4.1290065822475372e+03,3.6158455752049288e+00
68209,4.1289526642896171e+03,3.6158399040043570e+00
68252,4.1288802355698335e+03,3.6158322856876106e+00
68295,4.1288513794405271e+03,3.6158292504575229e+00
68338,4.1288082096319968e+03,3.6158247096044089e+00
68381,4.1287377882379960e+03,3.6158173021681486e+00
68424,4.1286250428419935e+03,3.6158054425213466e+00
68467,4.1285069058407480e+03,3.6157930153860960e+00
68510,4.1284319310950559e+03,3.6157851284151543e+00
68553,4.1284215032831034e+03,3.6157840314497727e+00
68595,4.1283787392063969e+03,3.6157795328057478e+00
68637,4.1283342824645561e+03,3.6157748560493648e+00
68679,4.1282829881647294e+03,3.6157694599335857e+00
68721,4.1282829881647294e+03,3.6157694599335857e+00
68763,4.1282304687468995e+03,3.6157639348669881e+00
68805,4.1282304687468995e+03,3.6157639348669881e+00
68847,4.1282304687468995e+03,3.6157639348669881e+00
68889,4.1282220793819879e+03,3.6157630522954798e+00
68931,4.1281292906791114e+03,3.6157532906901806e+00
68973,4.1281292906791114e+03,3.6157532906901806e+00
69015,4.1281292906791114e+03,3.6157532906901806e+00
69057,4.1281292906791114e+03,3.6157532906901806e+00
69099,4.1281292906791114e+03,3.6157532906901806e+00
69141,4.1281067130768597e+03,3.6157509154363559e+00
69183,4.1280907534813323e+03,3.6157492364154025e+00
69225,4.1280906157558857e+03,3.6157492219260403e+00
69267,4.1280906157558857e+03,3.6157492219260403e+00
69309,4.1280827223476244e+03,3.6157483915016995e+00
69351,4.1280547767749595e+03,3.6157454514808958e+00
69393,4.1280115227700207e+03,3.6157409008934893e+00
69435,4.1279712483063631e+03,3.6157366637292863e+00
69477,4.1279712483063631e+03,3.6157366637292863e+00
69519,4.1279518684516534e+03,3.6157346248139910e+00
69561,4.1278964782555940e+03,3.6157287972707777e+00
69603,4.1278158945424466e+03,3.6157203190049731e+00
69645,4.1278158945424466e+03,3.6157203190049731e+00
69687,4.1276805261666250e+03,3.6157060764359854e+00
69729,4.1276805261666250e+03,3.6157060764359854e+00
69771,4.1276344250900875e+03,3.6157012258777046e+00
69813,4.1276344250900875e+03,3.6157012258777046e+00
69855,4.1276344250900875e+03,3.6157012258777046e+00
69897,4.1276037266194326e+03,3.6156979958857494e+00
69938,4.1276037266194326e+03,3.6156979958857494e+00
69979,4.1275859326949449e+03,3.6156961236566341e+00
70020,4.1275675141022848e+03,3.6156941856931044e+00
70061,4.1275558525224315e+03,3.6156929586830269e+00
70102,4.1275558525224315e+03,3.6156929586830269e+00
70143,4.1275404071024805e+03,3.6156913335388867e+00
70184,4.1275404071024805e+03,3.6156913335388867e+00
70225,4.1275378670459140e+03,3.6156910662773263e+00
70266,4.1275243519598453e+03,3.6156896442341857e+00
70307,4.1275228711892905e+03,3.6156894884287825e+00
70348,4.1275172286383904e+03,3.6156888947239207e+00
70389,4.1275077147527172e+03,3.6156878936783570e+00
70430,4.1275014403211408e+03,3.6156872334850223e+00
70471,4.1274916776283044e+03,3.6156862062561523e+00
70512,4.1274916776283044e+03,3.6156862062561523e+00
70553,4.1274778169678666e+03,3.6156847478356582e+00
70594,4.1274751897005663e+03,3.6156844713936991e+00
70635,4.1274629444857201e+03,3.6156831829457059e+00
70676,4.1274593855631229e+03,3.6156828084732675e+00
70717,4.1274535916308114e+03,3.6156821988307826e+00
70758,4.1274444239526092e+03,3.6156812341981373e+00
70799,4.1274269844763603e+03,3.6156793991923744e+00
70840,4.1274269844763603e+03,3.6156793991923744e+00
70881,4.1274269844763603e+03,3.6156793991923744e+00
70922,4.1274194422637165e+03,3.6156786055879477e+00
70963,4.1274153427961846e+03,3.6156781742344020e+00
71004,4.1274123938177572e+03,3.6156778639371798e+00
71045,4.1273970480970747e+03,3.6156762492271466e+00
71086,4.1273927557934985e+03,3.6156757975805749e+00
71127,4.1273889120625727e+03,3.6156753931335044e+00
71168,4.1273889120625727e+03,3.6156753931335044e+00
71209,4.1273862983042900e+03,3.6156751181070454e+00
71249,4.1273853201778356e+03,3.6156750151859853e+00
71289,4.1273843651556626e+03,3.6156749146959957e+00
71329,4.1273843651556626e+03,3.6156749146959957e+00
71369,4.1273826328163332e+03,3.6156747324145551e+00
71409,4.1273780906309412e+03,3.6156742544731300e+00
71449,4.1273744239295147e+03,3.6156738686521877e+00
71489,4.1273711744806660e+03,3.6156735267354838e+00
71529,4.1273653287148345e+03,3.6156729116258814e+00
71569,4.1273635049774257e+03,3.6156727197263994e+00
71609,4.1273592725638746e+03,3.6156722743779852e+00
71649,4.1273543551235834e+03,3.6156717569482404e+00
71689,4.1273487994833376e+03,3.6156711723641899e+00
71729,4.1273487994833376e+03,3.6156711723641899e+00
71769,4.1273460026066459e+03,3.6156708780666675e+00
71809,4.1273413335427340e+03,3.6156703867703626e+00
71849,4.1273324987813812e+03,3.6156694571423285e+00
71889,4.1273192621672270e+03,3.6156680643304564e+00
71929,4.1273122948148439e+03,3.6156673311947198e+00
71969,4.1273056007587347e+03,3.6156666268152642e+00
72009,4.1273056007587347e+03,3.6156666268152642e+00
72049,4.1273056007587347e+03,3.6156666268152642e+00
72089,4.1273021412761273e+03,3.6156662627921019e+00
72129,4.1272878640300496e+03,3.6156647604693495e+00
72169,4.1272740190400182e+03,3.6156633036257624e+00
72209,4.1272528951632448e+03,3.6156610808495295e+00
72249,4.1272474075878981e+03,3.6156605034133178e+00
72289,4.1272379449002929e+03,3.6156595076896996e+00
72329,4.1272178995468375e+03,3.6156573983837541e+00
72369,4.1272178995468375e+03,3.6156573983837541e+00
72409,4.1272178995468375e+03,3.6156573983837541e+00
72449,4.1272178995468375e+03,3.6156573983837541e+00
72489,4.1272178995468375e+03,3.6156573983837541e+00
72529,4.1272121840715436e+03,3.6156567969614013e+00
72569,4.1271846844314741e+03,3.6156539032449673e+00
72609,4.1271603894294731e+03,3.6156513467283173e+00
72648,4.1271603894294731e+03,3.6156513467283173e+00
72687,4.1271432104904979e+03,3.6156495390123031e+00
72726,4.1271284019826899e+03,3.6156479807274469e+00
72765,4.1271284019826899e+03,3.6156479807274469e+00
72804,4.1271222411554581e+03,3.6156473324279497e+00
72843,4.1271130511465099e+03,3.6156463653680020e+00
72882,4.1271102416485473e+03,3.6156460697255368e+00
72921,4.1271038940617209e+03,3.6156454017705051e+00
72960,4.1270920645095075e+03,3.6156441569468361e+00
72999,4.1270625153127967e+03,3.6156410474695533e+00
73038,4.1270447708883039e+03,3.6156391802038699e+00
73077,4.1270272705399948e+03,3.6156373386147331e+00
73116,4.1270046440924834e+03,3.6156349575865518e+00
73155,4.1269894864076359e+03,3.6156333625045143e+00
73194,4.1269690165675574e+03,3.6156312084014646e+00
73233,4.1269441980265674e+03,3.6156285966571633e+00
73272,4.1268847325411734e+03,3.6156223388264310e+00
73311,4.1268752198974198e+03,3.6156213377581388e+00
73350,4.1268627014190743e+03,3.6156200203656752e+00
73389,4.1268399441942829e+03,3.6156176254799917e+00
73428,4.1268351264302501e+03,3.6156171184747325e+00
73467,4.1267877635841141e+03,3.6156121341368244e+00
73506,4.1267877635841141e+03,3.6156121341368244e+00
73545,4.1267877635841141e+03,3.6156121341368244e+00
73584,4.1267877635841141e+03,3.6156121341368244e+00
73623,4.1267877635841141e+03,3.6156121341368244e+00
73662,4.1267877635841141e+03,3.6156121341368244e+00
73701,4.1267761482119731e+03,3.6156109117577215e+00
73740,4.1267741800870799e+03,3.6156107046357562e+00
73779,4.1267741800870799e+03,3.6156107046357562e+00
73818,4.1267447492105903e+03,3.6156076073708525e+00
73857,4.1267447492105903e+03,3.6156076073708525e+00
73896,4.1267447492105903e+03,3.6156076073708525e+00
73935,4.1267396819768455e+03,3.6156070740999238e+00
73974,4.1267393319960802e+03,3.6156070372682518e+00
74012,4.1267037065227642e+03,3.6156032880580362e+00
74050,4.1267037065227642e+03,3.6156032880580362e+00
74088,4.1266892033487484e+03,3.6156017617406748e+00
74126,4.1266712830147017e+03,3.6155998757931984e+00
74164,4.1266576635521606e+03,3.6155984424667271e+00
74202,4.1266576635521606e+03,3.6155984424667271e+00
74240,4.1266506875678942e+03,3.6155977083050201e+00
74278,4.1266312205970771e+03,3.6155956595689904e+00
74316,4.1266216558094893e+03,3.6155946529514709e+00
74354,4.1265914055843359e+03,3.6155914693414601e+00
74392,4.1265662855500068e+03,3.6155888256279378e+00
74430,4.1265555664352678e+03,3.6155876975087935e+00
74468,4.1265446940513875e+03,3.6155865532560458e+00
74506,4.1265338969341201e+03,3.6155854169216712e+00
74544,4.1265122432103672e+03,3.6155831379830641e+00
74582,4.1264967991294634e+03,3.6155815125688471e+00
74620,4.1264715965600572e+03,3.6155788601082297e+00
74658,4.1264439391301812e+03,3.6155759492656001e+00
74696,4.1264384505460284e+03,3.6155753716100132e+00
74734,4.1264383460950739e+03,3.6155753606168832e+00
74772,4.1264114814502473e+03,3.6155725331894493e+00
74810,4.1263818821572240e+03,3.6155694179267588e+00
74848,4.1263454749982038e+03,3.6155655861199922e+00
74886,4.1263386193145270e+03,3.6155648645643006e+00
74924,4.1262754403342897e+03,3.6155582149664176e+00
74962,4.1262286961042664e+03,3.6155532950631195e+00
75000,4.1262147355474417e+03,3.6155518256818766e+00
75038,4.1262110608088924e+03,3.6155514389062269e+00
75076,4.1261711651351998e+03,3.6155472397621584e+00
75114,4.1260908421134754e+03,3.6155387853904783e+00
75152,4.1260908421134754e+03,3.6155387853904783e+00
75190,4.1260049677090628e+03,3.6155297465279070e+00
75228,4.1259939121206744e+03,3.6155285828386963e+00
75266,4.1259785458739489e+03,3.6155269654129976e+00
75304,4.1259785458739489e+03,3.6155269654129976e+00
75342,4.1259369213417449e+03,3.6155225840533678e+00
75380,4.1259129894224779e+03,3.6155200649817436e+00
75418,4.1258789828294039e+03,3.6155164854257462e+00
75455,4.1258789828294039e+03,3.6155164854257462e+00
75492,4.1258572148559542e+03,3.6155141940992848e+00
75529,4.1258437908767082e+03,3.6155127810669638e+00
75566,4.1258075638746241e+03,3.6155089677242946e+00
75603,4.1257932051029020e+03,3.6155074562756679e+00
75640,4.1257700939680562e+03,3.6155050235152393e+00
75677,4.1257644538312315e+03,3.6155044298122654e+00
75714,4.1257472940639600e+03,3.6155026235027155e+00
75751,4.1257350177726048e+03,3.6155013312438475e+00
75788,4.1257115018212062e+03,3.6154988558359529e+00
75825,4.1256898842181281e+03,3.6154965802453498e+00
75862,4.1256827381922831e+03,3.6154958280118161e+00
75899,4.1256656071315310e+03,3.6154940246883247e+00
75936,4.1256367384078094e+03,3.6154909857674644e+00
75973,4.1256259018952796e+03,3.6154898450359667e+00
76010,4.1256259018952796e+03,3.6154898450359667e+00
76047,4.1256259018952796e+03,3.6154898450359667e+00
76084,4.1256259018952796e+03,3.6154898450359667e+00
76121,4.1256259018952796e+03,3.6154898450359667e+00
76158,4.1256259018952796e+03,3.6154898450359667e+00
76195,4.1256259018952796e+03,3.6154898450359667e+00
76232,4.1256203705798789e+03,3.6154892627676216e+00
76269,4.1256180254574956e+03,3.6154890159019604e+00
76306,4.1256117582022171e+03,3.6154883561616660e+00
76343,4.1256094439896906e+03,3.6154881125493068e+00
76380,4.1256073683783598e+03,3.6154878940538855e+00
76417,4.1256073683783598e+03,3.6154878940538855e+00
76454,4.1255995138115622e+03,3.6154870672184742e+00
76491,4.1255931658972040e+03,3.6154863989843693e+00
76528,4.1255919237395074e+03,3.6154862682244295e+00
76565,4.1255846757271684e+03,3.6154855052370602e+00
76602,4.1255838528124441e+03,3.6154854186099787e+00
76639,4.1255797294293870e+03,3.6154849845469545e+00
76676,4.1255762873319363e+03,3.6154846222016235e+00
76713,4.1255732592401973e+03,3.6154843034379107e+00
76750,4.1255714139568972e+03,3.6154841091869585e+00
76787,4.1255707857106945e+03,3.6154840430521489e+00
76824,4.1255648389132439e+03,3.6154834170386070e+00
76861,4.1255623977152245e+03,3.6154831600558217e+00
76897,4.1255590717560253e+03,3.6154828099347549e+00
76933,4.1255555741011340e+03,3.6154824417391147e+00
76969,4.1255516511321748e+03,3.6154820287705940e+00
77005,4.1255448391531691e+03,3.6154813116768367e+00
77041,4.1255436472902529e+03,3.6154811862098781e+00
77077,4.1255410188317510e+03,3.6154809095129181e+00
77113,4.1255368266312698e+03,3.6154804682009898e+00
77149,4.1255327008154482e+03,3.6154800338769211e+00
77185,4.1255296267496533e+03,3.6154797102701517e+00
77221,4.1255243028059822e+03,3.6154791498182681e+00
77257,4.1255220041065386e+03,3.6154789078338103e+00
77293,4.1255169912204001e+03,3.6154783801260173e+00
77329,4.1255151372264754e+03,3.6154781849554452e+00
77365,4.1255146338208106e+03,3.6154781319617442e+00
77401,4.1255142338200812e+03,3.6154780898535144e+00
77437,4.1255114304024337e+03,3.6154777947365524e+00
77473,4.1255112555481410e+03,3.6154777763295600e+00
77509,4.1255106380727120e+03,3.6154777113276308e+00
77545,4.1255098341797739e+03,3.6154776267014275e+00
77581,4.1255081998276200e+03,3.6154774546523254e+00
77617,4.1255078599530789e+03,3.6154774188735472e+00
77653,4.1255054285415872e+03,3.6154771629174465e+00
77689,4.1255034475900529e+03,3.6154769543814158e+00
77725,4.1255006415027347e+03,3.6154766589826437e+00
77761,4.1254996900974975e+03,3.6154765588275040e+00
77797,4.1254994354951996e+03,3.6154765320253262e+00
77833,4.1254992632100220e+03,3.6154765138887335e+00
77869,4.1254987253827831e+03,3.6154764572712423e+00
77905,4.1254987253827831e+03,3.6154764572712423e+00
77941,4.1254971809618783e+03,3.6154762946888139e+00
77977,4.1254966324407778e+03,3.6154762369455424e+00
78013,4.1254966324407778e+03,3.6154762369455424e+00
78049,4.1254964734433843e+03,3.6154762202077535e+00
78085,4.1254957577361110e+03,3.6154761448646409e+00
78121,4.1254952788793917e+03,3.6154760944549795e+00
78157,4.1254938270220318e+03,3.6154759416166637e+00
78193,4.1254933159477778e+03,3.6154758878154096e+00
78229,4.1254912624331819e+03,3.6154756716399823e+00
78265,4.1254882675369427e+03,3.6154753563642248e+00
78301,4.1254882512734330e+03,3.6154753546521481e+00
78337,4.1254868064316788e+03,3.6154752025521124e+00
78372,4.1254865578848121e+03,3.6154751763873128e+00
78407,4.1254854794271114e+03,3.6154750628568761e+00
78442,4.1254854558524794e+03,3.6154750603751484e+00
78477,4.1254854558524794e+03,3.6154750603751484e+00
78512,4.1254847018234914e+03,3.6154749809976634e+00
78547,4.1254834736803505e+03,3.6154748517096147e+00
78582,4.1254833014140040e+03,3.6154748335749338e+00
78617,4.1254816218736369e+03,3.6154746567677072e+00
78652,4.1254807174186144e+03,3.6154745615546133e+00
78687,4.1254795264171089e+03,3.6154744361763864e+00
78722,4.1254792016889651e+03,3.6154744019918401e+00
78757,4.1254786518487281e+03,3.6154743441094501e+00
78792,4.1254775186434845e+03,3.6154742248154497e+00
78827,4.1254769072042081e+03,3.6154741604484224e+00
78862,4.1254765415518850e+03,3.6154741219557107e+00
78897,4.1254765415518850e+03,3.6154741219557107e+00
78932,4.1254765415518850e+03,3.6154741219557107e+00
78967,4.1254762114535442e+03,3.6154740872058118e+00
79002,4.1254760204045733e+03,3.6154740670938268e+00
79037,4.1254752654942286e+03,3.6154739876233788e+00
79072,4.1254751847312382e+03,3.6154739791213468e+00
79107,4.1254749791505001e+03,3.6154739574795776e+00
79142,4.1254747183691543e+03,3.6154739300267624e+00
79177,4.1254747135820016e+03,3.6154739295228122e+00
79212,4.1254738648843058e+03,3.6154738401792117e+00
79247,4.1254736364067312e+03,3.6154738161270528e+00
79282,4.1254734906369413e+03,3.6154738007816594e+00
79317,4.1254726444140006e+03,3.6154737116985536e+00
79352,4.1254717921703095e+03,3.6154736219816161e+00
79387,4.1254715222840523e+03,3.6154735935702922e+00
79422,4.1254693101751809e+03,3.6154733606982608e+00
79457,4.1254668484272734e+03,3.6154731015462054e+00
79492,4.1254649529187163e+03,3.6154729020029475e+00
79527,4.1254617565365525e+03,3.6154725655144087e+00
79562,4.1254578568599136e+03,3.6154721549885220e+00
79597,4.1254548923359671e+03,3.6154718429075605e+00
79632,4.1254525982002615e+03,3.6154716013994648e+00
79667,4.1254525982002615e+03,3.6154716013994648e+00
79702,4.1254525982002615e+03,3.6154716013994648e+00
79737,4.1254506779021322e+03,3.6154713992458696e+00
79772,4.1254498645082476e+03,3.6154713136182526e+00
79807,4.1254497926909371e+03,3.6154713060578985e+00
79842,4.1254489734395984e+03,3.6154712198136369e+00
79876,4.1254488380565836e+03,3.6154712055615890e+00
79910,4.1254486895894761e+03,3.6154711899321508e+00
79944,4.1254483842203026e+03,3.6154711577853078e+00
79978,4.1254481147524766e+03,3.6154711294178714e+00
80012,4.1254481147524766e+03,3.6154711294178714e+00
80046,4.1254481147524766e+03,3.6154711294178714e+00
80080,4.1254481147524766e+03,3.6154711294178714e+00
80114,4.1254479329949409e+03,3.6154711102838784e+00
80148,4.1254479329949409e+03,3.6154711102838784e+00
80182,4.1254479329949409e+03,3.6154711102838784e+00
80216,4.1254479329949409e+03,3.6154711102838784e+00
80250,4.1254477542701625e+03,3.6154710914691486e+00
80284,4.1254477015206994e+03,3.6154710859161030e+00
80318,4.1254468907918899e+03,3.6154710005689821e+00
80352,4.1254464890491481e+03,3.6154709582766755e+00
80386,4.1254464524634150e+03,3.6154709544252182e+00
80420,4.1254464524634150e+03,3.6154709544252182e+00
80454,4.1254464524634150e+03,3.6154709544252182e+00
80488,4.1254464403847469e+03,3.6154709531536713e+00
80522,4.1254464180385148e+03,3.6154709508012361e+00
80556,4.1254463341057635e+03,3.6154709419654574e+00
80590,4.1254460861501211e+03,3.6154709158626406e+00
80624,4.1254459449621681e+03,3.6154709009994841e+00
80658,4.1254459449621681e+03,3.6154709009994841e+00
80692,4.1254458799877111e+03,3.6154708941594844e+00
80726,4.1254458643770795e+03,3.6154708925161203e+00
80760,4.1254458643770795e+03,3.6154708925161203e+00
80794,4.1254457871573704e+03,3.6154708843870367e+00
80828,4.1254457380777194e+03,3.6154708792203172e+00
80862,4.1254457185092342e+03,3.6154708771603006e+00
80896,4.1254456731589244e+03,3.6154708723861768e+00
80930,4.1254455972389742e+03,3.6154708643939211e+00
80964,4.1254455714476271e+03,3.6154708616788112e+00
80998,4.1254454898934255e+03,3.6154708530934254e+00
81032,4.1254454286007203e+03,3.6154708466410113e+00
81066,4.1254454286007203e+03,3.6154708466410113e+00
81100,4.1254453904474267e+03,3.6154708426245321e+00
81134,4.1254453904474267e+03,3.6154708426245321e+00
81168,4.1254453562508234e+03,3.6154708390245824e+00
81202,4.1254453419981428e+03,3.6154708375241724e+00
81236,4.1254453185722714e+03,3.6154708350580806e+00
81270,4.1254453127615225e+03,3.6154708344463704e+00
81304,4.1254452564308576e+03,3.6154708285163206e+00
81338,4.1254452057760518e+03,3.6154708231837800e+00
81372,4.1254451749761993e+03,3.6154708199414136e+00
81405,4.1254450931194178e+03,3.6154708113241742e+00
81438,4.1254450742075096e+03,3.6154708093332770e+00
81471,4.1254449880515176e+03,3.6154708002634499e+00
81504,4.1254449109995039e+03,3.6154707921520184e+00
81537,4.1254447906908963e+03,3.6154707794868717e+00
81570,4.1254447898161616e+03,3.6154707793947867e+00
81603,4.1254447056779436e+03,3.6154707705373745e+00
81636,4.1254446063021551e+03,3.6154707600758704e+00
81669,4.1254445397537156e+03,3.6154707530701722e+00
81702,4.1254444517975380e+03,3.6154707438108344e+00
81735,4.1254443854762449e+03,3.6154707368290482e+00
81768,4.1254438674256089e+03,3.6154706822927301e+00
81801,4.1254435735935995e+03,3.6154706513603920e+00
81834,4.1254431650630240e+03,3.6154706083534816e+00
81867,4.1254428047185975e+03,3.6154705704192289e+00
81900,4.1254425480241807e+03,3.6154705433964396e+00
81933,4.1254423872489779e+03,3.6154705264712770e+00
81966,4.1254421933133581e+03,3.6154705060552432e+00
81999,4.1254418477506888e+03,3.6154704696770903e+00
82032,4.1254417371606587e+03,3.6154704580350305e+00
82065,4.1254416422463182e+03,3.6154704480431854e+00
82098,4.1254415642469066e+03,3.6154704398320128e+00
82131,4.1254414022165975e+03,3.6154704227747185e+00
82164,4.1254411308820063e+03,3.6154703942107158e+00
82197,4.1254410508882938e+03,3.6154703857895973e+00
82230,4.1254405581289911e+03,3.6154703339157113e+00
82263,4.1254402100304096e+03,3.6154702972705826e+00
82296,4.1254402100304096e+03,3.6154702972705826e+00
82329,4.1254401163748535e+03,3.6154702874112492e+00
82362,4.1254398320480786e+03,3.6154702574795206e+00
82395,4.1254395316583477e+03,3.6154702258568059e+00
82428,4.1254391963353301e+03,3.6154701905565809e+00
82461,4.1254388306215633e+03,3.6154701520570494e+00
82494,4.1254384887130509e+03,3.6154701160635483e+00
82527,4.1254377801760811e+03,3.6154700414742109e+00
82560,4.1254373800598469e+03,3.6154699993530373e+00
82593,4.1254370697934046e+03,3.6154699666905592e+00
82626,4.1254364384315577e+03,3.6154699002256048e+00
82659,4.1254362815509257e+03,3.6154698837104080e+00
82692,4.1254360463387375e+03,3.6154698589490613e+00
82725,4.1254358494765274e+03,3.6154698382249069e+00
82758,4.1254358494765274e+03,3.6154698382249069e+00
82791,4.1254358168788131e+03,3.6154698347932674e+00
82824,4.1254357209243544e+03,3.6154698246919126e+00
82857,4.1254353938588265e+03,3.6154697902609407e+00
82890,4.1254350802155141e+03,3.6154697572429555e+00
82923,4.1254349887598382e+03,3.6154697476151965e+00
82955,4.1254348951662987e+03,3.6154697377623788e+00
82987,4.1254344863579872e+03,3.6154696947261398e+00
83019,4.1254342482781858e+03,3.6154696696629016e+00
83051,4.1254334773087739e+03,3.6154695885010719e+00
83083,4.1254330473611371e+03,3.6154695432394290e+00
83115,4.1254328834180806e+03,3.6154695259807399e+00
83147,4.1254322827326650e+03,3.6154694627451018e+00
83179,4.1254322827326650e+03,3.6154694627451018e+00
83211,4.1254322827326650e+03,3.6154694627451018e+00
83243,4.1254316176465945e+03,3.6154693927298371e+00
83275,4.1254316176465945e+03,3.6154693927298371e+00
83307,4.1254316176465945e+03,3.6154693927298371e+00
83339,4.1254316176465945e+03,3.6154693927298371e+00
83371,4.1254316176465945e+03,3.6154693927298371e+00
83403,4.1254316176465945e+03,3.6154693927298371e+00
83435,4.1254314000373097e+03,3.6154693698215641e+00
83467,4.1254314000373097e+03,3.6154693698215641e+00
83499,4.1254312980706109e+03,3.6154693590872746e+00
83531,4.1254312980706109e+03,3.6154693590872746e+00
83563,4.1254311610171299e+03,3.6154693446593114e+00
83595,4.1254310869824558e+03,3.6154693368654955e+00
83627,4.1254307818103835e+03,3.6154693047392645e+00
83659,4.1254301275804228e+03,3.6154692358668243e+00
83691,4.1254299565694346e+03,3.6154692178640637e+00
83723,4.1254294744081963e+03,3.6154691671057235e+00
83755,4.1254287213053931e+03,3.6154690878246636e+00
83787,4.1254283364672701e+03,3.6154690473117639e+00
83819,4.1254272861545833e+03,3.6154689367426238e+00
83851,4.1254260231164690e+03,3.6154688037792897e+00
83883,4.1254259046710995e+03,3.6154687913102328e+00
83915,4.1254255529470147e+03,3.6154687542833082e+00
83947,4.1254255529470147e+03,3.6154687542833082e+00
83979,4.1254255529470147e+03,3.6154687542833082e+00
84011,4.1254255529470147e+03,3.6154687542833082e+00
84043,4.1254253986701542e+03,3.6154687380421735e+00
84075,4.1254247421533410e+03,3.6154686689289006e+00
84107,4.1254240926754792e+03,3.6154686005566261e+00
84139,4.1254238656244743e+03,3.6154685766543557e+00
84171,4.1254235726799916e+03,3.6154685458153000e+00
84203,4.1254230658056740e+03,3.6154684924552680e+00
84235,4.1254227556087162e+03,3.6154684597999913e+00
84267,4.1254227556087162e+03,3.6154684597999913e+00
84299,4.1254226702500264e+03,3.6154684508140496e+00
84331,4.1254224752143309e+03,3.6154684302821103e+00
84363,4.1254223966794689e+03,3.6154684220145308e+00
84395,4.1254223168447788e+03,3.6154684136101150e+00
84427,4.1254220090924155e+03,3.6154683812121813e+00
84459,4.1254215579222819e+03,3.6154683337162625e+00
84491,4.1254215579222819e+03,3.6154683337162625e+00
84523,4.1254214629024727e+03,3.6154683237132654e+00
84554,4.1254211076360707e+03,3.6154682863133911e+00
84585,4.1254209268055993e+03,3.6154682672768672e+00
84616,4.1254207567473395e+03,3.6154682493743628e+00
84647,4.1254204760661860e+03,3.6154682198262784e+00
84678,4.1254204042434012e+03,3.6154682122652941e+00
84709,4.1254203856300137e+03,3.6154682103058113e+00
84740,4.1254202346375432e+03,3.6154681944104134e+00
84771,4.1254200697075721e+03,3.6154681770477755e+00
84802,4.1254199938156034e+03,3.6154681690584161e+00
84833,4.1254198000400502e+03,3.6154681486591222e+00
84864,4.1254197473183940e+03,3.6154681431089659e+00
84895,4.1254196755608637e+03,3.6154681355548499e+00
84926,4.1254195616242387e+03,3.6154681235604222e+00
84957,4.1254193634468529e+03,3.6154681026977324e+00
84988,4.1254192275476162e+03,3.6154680883912382e+00
85019,4.1254191172451938e+03,3.6154680767793916e+00
85050,4.1254190657868958e+03,3.6154680713622320e+00
85081,4.1254189904380737e+03,3.6154680634300491e+00
85112,4.1254188773338274e+03,3.6154680515232460e+00
85143,4.1254188672292803e+03,3.6154680504595120e+00
85174,4.1254188672292803e+03,3.6154680504595120e+00
85205,4.1254188672292803e+03,3.6154680504595120e+00
85236,4.1254188672292803e+03,3.6154680504595120e+00
85267,4.1254187367908071e+03,3.6154680367278860e+00
85298,4.1254186829818209e+03,3.6154680310632616e+00
85329,4.1254186572515773e+03,3.6154680283545662e+00
85360,4.1254185785660766e+03,3.6154680200711211e+00
85391,4.1254184834435728e+03,3.6154680100573060e+00
85422,4.1254184016751387e+03,3.6154680014493117e+00
85453,4.1254183480555848e+03,3.6154679958046292e+00
85484,4.1254182704974519e+03,3.6154679876398648e+00
85515,4.1254181394597445e+03,3.6154679738451532e+00
85546,4.1254181366627427e+03,3.6154679735507047e+00
85577,4.1254180819049898e+03,3.6154679677862007e+00
85608,4.1254180819049898e+03,3.6154679677862007e+00
85639,4.1254180819049898e+03,3.6154679677862007e+00
85670,4.1254180819049898e+03,3.6154679677862007e+00
85701,4.1254180819049898e+03,3.6154679677862007e+00
85732,4.1254180282615607e+03,3.6154679621390047e+00
85763,4.1254180167970035e+03,3.6154679609320981e+00
85794,4.1254179818828534e+03,3.6154679572565862e+00
85825,4.1254179329638091e+03,3.6154679521067390e+00
85856,4.1254178874310883e+03,3.6154679473133799e+00
85887,4.1254177801839460e+03,3.6154679360231681e+00
85918,4.1254177801839460e+03,3.6154679360231681e+00
85949,4.1254176926890041e+03,3.6154679268123262e+00
85980,4.1254176781168035e+03,3.6154679252782689e+00
86011,4.1254176111795359e+03,3.6154679182315919e+00
86042,4.1254175173231524e+03,3.6154679083510626e+00
86073,4.1254174167523843e+03,3.6154678977636907e+00
86104,4.1254172347672156e+03,3.6154678786055912e+00
86135,4.1254171021047923e+03,3.6154678646398382e+00
86166,4.1254170855819730e+03,3.6154678629004335e+00
86196,4.1254169915334678e+03,3.6154678529996778e+00
86226,4.1254168678307260e+03,3.6154678399771352e+00
86256,4.1254166599356467e+03,3.6154678180914224e+00
86286,4.1254165741249926e+03,3.6154678090578876e+00
86316,4.1254162764406874e+03,3.6154677777198025e+00
86346,4.1254160659242334e+03,3.6154677555581274e+00
86376,4.1254160409543492e+03,3.6154677529294754e+00
86406,4.1254159973253672e+03,3.6154677483365258e+00
86436,4.1254159782881370e+03,3.6154677463324219e+00
86466,4.1254159489223985e+03,3.6154677432410054e+00
86496,4.1254159229255465e+03,3.6154677405042417e+00
86526,4.1254158434947276e+03,3.6154677321423292e+00
86556,4.1254158226402287e+03,3.6154677299469156e+00
86586,4.1254157146763073e+03,3.6154677185812405e+00
86616,4.1254156323969955e+03,3.6154677099194585e+00
86646,4.1254155432869011e+03,3.6154677005385798e+00
86676,4.1254155123662267e+03,3.6154676972834707e+00
86706,4.1254154674509919e+03,3.6154676925551135e+00
86736,4.1254154484915416e+03,3.6154676905591971e+00
86766,4.1254154279817903e+03,3.6154676884000758e+00
86796,4.1254153910156856e+03,3.6154676845085465e+00
86826,4.1254153086742735e+03,3.6154676758402262e+00
86856,4.1254152203362637e+03,3.6154676665406265e+00
86886,4.1254152183762935e+03,3.6154676663342951e+00
86916,4.1254151810952890e+03,3.6154676624096149e+00
86946,4.1254151810952890e+03,3.6154676624096149e+00
86976,4.1254151482488805e+03,3.6154676589517778e+00
87006,4.1254151366971601e+03,3.6154676577356946e+00
87036,4.1254151366971601e+03,3.6154676577356946e+00
87066,4.1254151305890455e+03,3.6154676570926751e+00
87096,4.1254151136792243e+03,3.6154676553125293e+00
87126,4.1254151058162342e+03,3.6154676544847693e+00
87156,4.1254151056854480e+03,3.6154676544710012e+00
87186,4.1254150905258211e+03,3.6154676528751031e+00
87216,4.1254150905258211e+03,3.6154676528751031e+00
87246,4.1254150905258211e+03,3.6154676528751031e+00
87276,4.1254150799541230e+03,3.6154676517621893e+00
87306,4.1254150666525293e+03,3.6154676503618917e+00
87336,4.1254150582389102e+03,3.6154676494761655e+00
87366,4.1254150373066077e+03,3.6154676472725611e+00
87396,4.1254150305781668e+03,3.6154676465642384e+00
87426,4.1254150249784980e+03,3.6154676459747450e+00
87456,4.1254150249784980e+03,3.6154676459747450e+00
87486,4.1254150183452421e+03,3.6154676452764427e+00
87516,4.1254150059480899e+03,3.6154676439713582e+00
87546,4.1254149962487572e+03,3.6154676429502812e+00
87576,4.1254149849454161e+03,3.6154676417603455e+00
87606,4.1254149849454161e+03,3.6154676417603455e+00
87636,4.1254149810915742e+03,3.6154676413546403e+00
87666,4.1254149577984699e+03,3.6154676389025071e+00
87696,4.1254149530099676e+03,3.6154676383984077e+00
87726,4.1254149495217889e+03,3.6154676380311970e+00
87756,4.1254149398825930e+03,3.6154676370164505e+00
87786,4.1254149383441390e+03,3.6154676368544929e+00
87816,4.1254149326280703e+03,3.6154676362527458e+00
87846,4.1254149311461233e+03,3.6154676360967368e+00
87875,4.1254149187766307e+03,3.6154676347945642e+00
87904,4.1254149139322726e+03,3.6154676342845846e+00
87933,4.1254149098448370e+03,3.6154676338542879e+00
87962,4.1254149080186644e+03,3.6154676336620417e+00
87991,4.1254149022718811e+03,3.6154676330570608e+00
88020,4.1254149022718811e+03,3.6154676330570608e+00
88049,4.1254149022718811e+03,3.6154676330570608e+00
88078,4.1254149022718811e+03,3.6154676330570608e+00
88107,4.1254149011405543e+03,3.6154676329379627e+00
88136,4.1254149011405543e+03,3.6154676329379627e+00
88165,4.1254149011405543e+03,3.6154676329379627e+00
88194,4.1254148990176209e+03,3.6154676327144757e+00
88223,4.1254148985561369e+03,3.6154676326658937e+00
88252,4.1254148985561369e+03,3.6154676326658937e+00
88281,4.1254148977644500e+03,3.6154676325825506e+00
88310,4.1254148970328843e+03,3.6154676325055366e+00
88339,4.1254148951653397e+03,3.6154676323089348e+00
88368,4.1254148937761984e+03,3.6154676321626957e+00
88397,4.1254148924007077e+03,3.6154676320178938e+00
88426,4.1254148866220985e+03,3.6154676314095626e+00
88455,4.1254148812490348e+03,3.6154676308439244e+00
88484,4.1254148794952571e+03,3.6154676306592992e+00
88513,4.1254148794952571e+03,3.6154676306592992e+00
88542,4.1254148771890978e+03,3.6154676304165232e+00
88571,4.1254148732783715e+03,3.6154676300048294e+00
88600,4.1254148649582276e+03,3.6154676291289434e+00
88629,4.1254148323035897e+03,3.6154676256912945e+00
88658,4.1254148297583524e+03,3.6154676254233498e+00
88687,4.1254148275568050e+03,3.6154676251915867e+00
88716,4.1254148253405665e+03,3.6154676249582764e+00
88745,4.1254148253405665e+03,3.6154676249582764e+00
88774,4.1254148253405665e+03,3.6154676249582764e+00
88803,4.1254148193417223e+03,3.6154676243267607e+00
88832,4.1254148053482249e+03,3.6154676228536244e+00
88861,4.1254148053482249e+03,3.6154676228536244e+00
88890,4.1254148053482249e+03,3.6154676228536244e+00
88919,4.1254147856947147e+03,3.6154676207846417e+00
88948,4.1254147833866555e+03,3.6154676205416658e+00
88977,4.1254147732244610e+03,3.6154676194718616e+00
89006,4.1254147266762120e+03,3.6154676145715912e+00
89035,4.1254146640703357e+03,3.6154676079808876e+00
89064,4.1254145205334862e+03,3.6154675928703428e+00
89093,4.1254143494764521e+03,3.6154675748626670e+00
89122,4.1254141581944950e+03,3.6154675547258530e+00
89151,4.1254141581944950e+03,3.6154675547258530e+00
89180,4.1254141084168177e+03,3.6154675494856106e+00
89209,4.1254140798907220e+03,3.6154675464825847e+00
89238,4.1254140626031294e+03,3.6154675446626690e+00
89267,4.1254139946561318e+03,3.6154675375096885e+00
89296,4.1254139595089773e+03,3.6154675338096438e+00
89325,4.1254139539184525e+03,3.6154675332211128e+00
89354,4.1254139539184525e+03,3.6154675332211128e+00
89383,4.1254139100963603e+03,3.6154675286078319e+00
89412,4.1254139100963603e+03,3.6154675286078319e+00
89441,4.1254139059260206e+03,3.6154675281688080e+00
89470,4.1254138490763025e+03,3.6154675221840704e+00
89499,4.1254138407338787e+03,3.6154675213058391e+00
89528,4.1254138295465373e+03,3.6154675201281146e+00
89557,4.1254138295465373e+03,3.6154675201281146e+00
89586,4.1254138295465373e+03,3.6154675201281146e+00
89614,4.1254138115972955e+03,3.6154675182385452e+00
89642,4.1254138020417849e+03,3.6154675172326081e+00
89670,4.1254137932524191e+03,3.6154675163073255e+00
89698,4.1254137857462847e+03,3.6154675155171327e+00
89726,4.1254137712992624e+03,3.6154675139962520e+00
89754,4.1254137671321769e+03,3.6154675135575709e+00
89782,4.1254137671321769e+03,3.6154675135575709e+00
89810,4.1254137671321769e+03,3.6154675135575709e+00
89838,4.1254137640177833e+03,3.6154675132297092e+00
89866,4.1254137590877008e+03,3.6154675127107052e+00
89894,4.1254137585767930e+03,3.6154675126569202e+00
89922,4.1254137585767930e+03,3.6154675126569202e+00
89950,4.1254137521495431e+03,3.6154675119803046e+00
89978,4.1254137486339223e+03,3.6154675116102051e+00
90006,4.1254137462288372e+03,3.6154675113570147e+00
90034,4.1254137438466369e+03,3.6154675111062331e+00
90062,4.1254137386003486e+03,3.6154675105539411e+00
90090,4.1254137352391826e+03,3.6154675102001010e+00
90118,4.1254137262322083e+03,3.6154675092519102e+00
90146,4.1254137185841773e+03,3.6154675084467796e+00
90174,4.1254137133709037e+03,3.6154675078979630e+00
90202,4.1254136994685177e+03,3.6154675064344177e+00
90230,4.1254136959533316e+03,3.6154675060643635e+00
90258,4.1254136818552042e+03,3.6154675045802120e+00
90286,4.1254136638364198e+03,3.6154675026833214e+00
90314,4.1254136574272106e+03,3.6154675020086051e+00
90342,4.1254136545420542e+03,3.6154675017048761e+00
90370,4.1254136527115043e+03,3.6154675015121689e+00
90398,4.1254136502594629e+03,3.6154675012540349e+00
90426,4.1254136484320206e+03,3.6154675010616550e+00
90454,4.1254136423850659e+03,3.6154675004250740e+00
90482,4.1254136423850659e+03,3.6154675004250740e+00
90510,4.1254136404299634e+03,3.6154675002192547e+00
90538,4.1254136359524309e+03,3.6154674997478917e+00
90566,4.1254136313775589e+03,3.6154674992662814e+00
90594,4.1254136297366522e+03,3.6154674990935383e+00
90622,4.1254136280008834e+03,3.6154674989108089e+00
90650,4.1254136280008834e+03,3.6154674989108089e+00
90678,4.1254136280008834e+03,3.6154674989108089e+00
90706,4.1254136272679962e+03,3.6154674988336555e+00
90734,4.1254136264965673e+03,3.6154674987524449e+00
90762,4.1254136249788626e+03,3.6154674985926718e+00
90790,4.1254136241161514e+03,3.6154674985018516e+00
90818,4.1254136217609257e+03,3.6154674982539099e+00
90846,4.1254136195709625e+03,3.6154674980233659e+00
90874,4.1254136164839992e+03,3.6154674976983920e+00
90902,4.1254136105237058e+03,3.6154674970709344e+00
90930,4.1254136000456256e+03,3.6154674959678759e+00
90958,4.1254135985259072e+03,3.6154674958078910e+00
90986,4.1254135888001811e+03,3.6154674947840348e+00
91014,4.1254135819224120e+03,3.6154674940599918e+00
91042,4.1254135785801682e+03,3.6154674937081439e+00
91070,4.1254135774632596e+03,3.6154674935905637e+00
91098,4.1254135768106953e+03,3.6154674935218662e+00
91126,4.1254135755454781e+03,3.6154674933886732e+00
91154,4.1254135733936100e+03,3.6154674931621398e+00
91182,4.1254135717943645e+03,3.6154674929937825e+00
91210,4.1254135714773174e+03,3.6154674929604060e+00
91238,4.1254135683934337e+03,3.6154674926357564e+00
91266,4.1254135630391984e+03,3.6154674920721002e+00
91294,4.1254135602046645e+03,3.6154674917737002e+00
91322,4.1254135602046645e+03,3.6154674917737002e+00
91350,4.1254135558730395e+03,3.6154674913176974e+00
91378,4.1254135558730395e+03,3.6154674913176974e+00
91405,4.1254135547205633e+03,3.6154674911963727e+00
91432,4.1254135480447239e+03,3.6154674904935873e+00
91459,4.1254135415098817e+03,3.6154674898056451e+00
91486,4.1254135304901420e+03,3.6154674886455647e+00
91513,4.1254135252837268e+03,3.6154674880974698e+00
91540,4.1254135244345716e+03,3.6154674880080768e+00
91567,4.1254135192124113e+03,3.6154674874583246e+00
91594,4.1254135192124113e+03,3.6154674874583246e+00
91621,4.1254135188750215e+03,3.6154674874228068e+00
91648,4.1254135182930950e+03,3.6154674873615456e+00
91675,4.1254135155599934e+03,3.6154674870738237e+00
91702,4.1254135109823392e+03,3.6154674865919207e+00
91729,4.1254135109823392e+03,3.6154674865919207e+00
91756,4.1254135109823392e+03,3.6154674865919207e+00
91783,4.1254135108464579e+03,3.6154674865776162e+00
91810,4.1254135089160764e+03,3.6154674863743992e+00
91837,4.1254135068811529e+03,3.6154674861601768e+00
91864,4.1254135068811529e+03,3.6154674861601768e+00
91891,4.1254135052231468e+03,3.6154674859856333e+00
91918,4.1254134982680771e+03,3.6154674852534527e+00
91945,4.1254134982338264e+03,3.6154674852498467e+00
91972,4.1254134982338264e+03,3.6154674852498467e+00
91999,4.1254134935952297e+03,3.6154674847615280e+00
92026,4.1254134914644801e+03,3.6154674845372177e+00
92053,4.1254134914644801e+03,3.6154674845372177e+00
92080,4.1254134914644801e+03,3.6154674845372177e+00
92107,4.1254134893985083e+03,3.6154674843197268e+00
92134,4.1254134802964754e+03,3.6154674833615288e+00
92161,4.1254134750622297e+03,3.6154674828105042e+00
92188,4.1254134606337420e+03,3.6154674812915748e+00
92215,4.1254134509789428e+03,3.6154674802751856e+00
92242,4.1254134367434090e+03,3.6154674787765688e+00
92269,4.1254134201562247e+03,3.6154674770303870e+00
92296,4.1254134201562247e+03,3.6154674770303870e+00
92323,4.1254134133538091e+03,3.6154674763142762e+00
92350,4.1254134116587229e+03,3.6154674761358296e+00
92377,4.1254134105003222e+03,3.6154674760138814e+00
92404,4.1254134105003222e+03,3.6154674760138814e+00
92431,4.1254134099154426e+03,3.6154674759523093e+00
92458,4.1254134028340832e+03,3.6154674752068336e+00
92485,4.1254134028340832e+03,3.6154674752068336e+00
92512,4.1254133964634666e+03,3.6154674745361799e+00
92539,4.1254133964634666e+03,3.6154674745361799e+00
92566,4.1254133942362869e+03,3.6154674743017181e+00
92593,4.1254133942362869e+03,3.6154674743017181e+00
92620,4.1254133932783898e+03,3.6154674742008774e+00
92647,4.1254133907979667e+03,3.6154674739397561e+00
92674,4.1254133907979667e+03,3.6154674739397561e+00
92701,4.1254133893963563e+03,3.6154674737922043e+00
92728,4.1254133865095719e+03,3.6154674734883039e+00
92755,4.1254133865095719e+03,3.6154674734883039e+00
92782,4.1254133837385834e+03,3.6154674731965937e+00
92809,4.1254133813165799e+03,3.6154674729416225e+00
92836,4.1254133752144553e+03,3.6154674722992337e+00
92863,4.1254133729100231e+03,3.6154674720566393e+00
92890,4.1254133696143099e+03,3.6154674717096897e+00
92917,4.1254133658810788e+03,3.6154674713166814e+00
92944,4.1254133614261409e+03,3.6154674708476970e+00
92971,4.1254133501307842e+03,3.6154674696586016e+00
92998,4.1254133442777284e+03,3.6154674690424327e+00
93025,4.1254133367792783e+03,3.6154674682530485e+00
93052,4.1254133123809625e+03,3.6154674656845658e+00
93079,4.1254133043552602e+03,3.6154674648396763e+00
93106,4.1254132715319183e+03,3.6154674613842657e+00
93133,4.1254132398621414e+03,3.6154674580502943e+00
93160,4.1254132175909008e+03,3.6154674557057351e+00
93187,4.1254131506340664e+03,3.6154674486569904e+00
93214,4.1254131486567430e+03,3.6154674484488316e+00
93241,4.1254131475097965e+03,3.6154674483280895e+00
93267,4.1254131397046276e+03,3.6154674475064161e+00
93293,4.1254131278048726e+03,3.6154674462536933e+00
93319,4.1254131248209969e+03,3.6154674459395721e+00
93345,4.1254131155695695e+03,3.6154674449656468e+00
93371,4.1254131065083420e+03,3.6154674440117445e+00
93397,4.1254131017770205e+03,3.6154674435136642e+00
93423,4.1254130975008420e+03,3.6154674430634981e+00
93449,4.1254130884726183e+03,3.6154674421130704e+00
93475,4.1254130884726183e+03,3.6154674421130704e+00
93501,4.1254130757412622e+03,3.6154674407728029e+00
93527,4.1254130756690993e+03,3.6154674407652059e+00
93553,4.1254130745972907e+03,3.6154674406523735e+00
93579,4.1254130679856898e+03,3.6154674399563507e+00
93605,4.1254130679856898e+03,3.6154674399563507e+00
93631,4.1254130662764082e+03,3.6154674397764093e+00
93657,4.1254130526784329e+03,3.6154674383449104e+00
93683,4.1254130526784329e+03,3.6154674383449104e+00
93709,4.1254130526784329e+03,3.6154674383449104e+00
93735,4.1254130462342573e+03,3.6154674376665126e+00
93761,4.1254130462342573e+03,3.6154674376665126e+00
93787,4.1254130445689634e+03,3.6154674374912021e+00
93813,4.1254130445689634e+03,3.6154674374912021e+00
93839,4.1254130445689634e+03,3.6154674374912021e+00
93865,4.1254130445689634e+03,3.6154674374912021e+00
93891,4.1254130400807799e+03,3.6154674370187179e+00
93917,4.1254130362918513e+03,3.6154674366198463e+00
93943,4.1254130362918513e+03,3.6154674366198463e+00
93969,4.1254130360136724e+03,3.6154674365905612e+00
93995,4.1254130360136724e+03,3.6154674365905612e+00
94021,4.1254130355556099e+03,3.6154674365423398e+00
94047,4.1254130302743670e+03,3.6154674359863677e+00
94073,4.1254130275808766e+03,3.6154674357028158e+00
94099,4.1254130219696872e+03,3.6154674351121092e+00
94125,4.1254130203260229e+03,3.6154674349390761e+00
94151,4.1254130133803128e+03,3.6154674342078805e+00
94177,4.1254129926909973e+03,3.6154674320298548e+00
94203,4.1254129622780119e+03,3.6154674288281892e+00
94229,4.1254129014736354e+03,3.6154674224271317e+00
94255,4.1254127550097710e+03,3.6154674070084449e+00
94281,4.1254125576902607e+03,3.6154673862360323e+00
94307,4.1254121306308070e+03,3.6154673412782077e+00
94333,4.1254119008684602e+03,3.6154673170904372e+00
94359,4.1254117117397582e+03,3.6154672971802913e+00
94385,4.1254116890434025e+03,3.6154672947909776e+00
94411,4.1254116827172465e+03,3.6154672941250041e+00
94437,4.1254116822272517e+03,3.6154672940734209e+00
94463,4.1254116733940591e+03,3.6154672931435243e+00
94489,4.1254116505211905e+03,3.6154672907356287e+00
94515,4.1254116481548717e+03,3.6154672904865190e+00
94541,4.1254116481548717e+03,3.6154672904865190e+00
94567,4.1254116310382378e+03,3.6154672886845995e+00
94593,4.1254116310382378e+03,3.6154672886845995e+00
94619,4.1254115694062293e+03,3.6154672821964127e+00
94645,4.1254115694062293e+03,3.6154672821964127e+00
94671,4.1254115560928385e+03,3.6154672807948720e+00
94697,4.1254115255869874e+03,3.6154672775834293e+00
94723,4.1254115255869874e+03,3.6154672775834293e+00
94749,4.1254115255869874e+03,3.6154672775834293e+00
94775,4.1254115211064827e+03,3.6154672771117533e+00
94801,4.1254115124335431e+03,3.6154672761987268e+00
94827,4.1254115124335431e+03,3.6154672761987268e+00
94853,4.1254114871691527e+03,3.6154672735390685e+00
94879,4.1254114745756906e+03,3.6154672722133170e+00
94905,4.1254114522030432e+03,3.6154672698580810e+00
94931,4.1254114522030432e+03,3.6154672698580810e+00
94957,4.1254114435104293e+03,3.6154672689429832e+00
94983,4.1254114171519523e+03,3.6154672661681468e+00
95009,4.1254114171519523e+03,3.6154672661681468e+00
95035,4.1254114054260881e+03,3.6154672649337298e+00
95061,4.1254113960128852e+03,3.6154672639427736e+00
95087,4.1254113947382384e+03,3.6154672638085876e+00
95113,4.1254113947382384e+03,3.6154672638085876e+00
95139,4.1254113941704072e+03,3.6154672637488106e+00
95164,4.1254113900831808e+03,3.6154672633185361e+00
95189,4.1254113900831808e+03,3.6154672633185361e+00
95214,4.1254113863570738e+03,3.6154672629262774e+00
95239,4.1254113861775941e+03,3.6154672629073832e+00
95264,4.1254113852499213e+03,3.6154672628097240e+00
95289,4.1254113813459344e+03,3.6154672623987398e+00
95314,4.1254113813459344e+03,3.6154672623987398e+00
95339,4.1254113764913664e+03,3.6154672618876846e+00
95364,4.1254113764913664e+03,3.6154672618876846e+00
95389,4.1254113764913664e+03,3.6154672618876846e+00
95414,4.1254113738870537e+03,3.6154672616135208e+00
95439,4.1254113706211065e+03,3.6154672612697047e+00
95464,4.1254113706211065e+03,3.6154672612697047e+00
95489,4.1254113706211065e+03,3.6154672612697047e+00
95514,4.1254113706211065e+03,3.6154672612697047e+00
95539,4.1254113696353352e+03,3.6154672611659295e+00
95564,4.1254113642267694e+03,3.6154672605965534e+00
95589,4.1254113585834548e+03,3.6154672600024647e+00
95614,4.1254113585834548e+03,3.6154672600024647e+00
95639,4.1254113585834548e+03,3.6154672600024647e+00
95664,4.1254113584791467e+03,3.6154672599914841e+00
95689,4.1254113584791467e+03,3.6154672599914841e+00
95714,4.1254113584791467e+03,3.6154672599914841e+00
95739,4.1254113576360805e+03,3.6154672599027320e+00
95764,4.1254113543327976e+03,3.6154672595549853e+00
95789,4.1254113543327976e+03,3.6154672595549853e+00
95814,4.1254113514407964e+03,3.6154672592505355e+00
95839,4.1254113509487306e+03,3.6154672591987342e+00
95864,4.1254113464430229e+03,3.6154672587244052e+00
95889,4.1254113418066772e+03,3.6154672582363228e+00
95914,4.1254113310869807e+03,3.6154672571078281e+00
95939,4.1254113310869807e+03,3.6154672571078281e+00
95964,4.1254113310869807e+03,3.6154672571078281e+00
95989,4.1254113254068106e+03,3.6154672565098593e+00
96014,4.1254113237114643e+03,3.6154672563313852e+00
96039,4.1254113128348445e+03,3.6154672551863709e+00
96064,4.1254113089276170e+03,3.6154672547750453e+00
96089,4.1254113008885570e+03,3.6154672539287489e+00
96114,4.1254112997266420e+03,3.6154672538064307e+00
96139,4.1254112972355206e+03,3.6154672535441827e+00
96164,4.1254112972355206e+03,3.6154672535441827e+00
96189,4.1254112866582673e+03,3.6154672524306837e+00
96214,4.1254112795807750e+03,3.6154672516856148e+00
96239,4.1254112785497364e+03,3.6154672515770740e+00
96264,4.1254112751042048e+03,3.6154672512143526e+00
96289,4.1254112751042048e+03,3.6154672512143526e+00
96314,4.1254112751042048e+03,3.6154672512143526e+00
96339,4.1254112747886820e+03,3.6154672511811365e+00
96364,4.1254112702657385e+03,3.6154672507049925e+00
96389,4.1254112702657385e+03,3.6154672507049925e+00
96414,4.1254112690667889e+03,3.6154672505787757e+00
96439,4.1254112690667889e+03,3.6154672505787757e+00
96464,4.1254112678794663e+03,3.6154672504537828e+00
96489,4.1254112665679104e+03,3.6154672503157110e+00
96514,4.1254112665679104e+03,3.6154672503157110e+00
96539,4.1254112618996860e+03,3.6154672498242730e+00
96564,4.1254112574125429e+03,3.6154672493518980e+00
96589,4.1254112574125429e+03,3.6154672493518980e+00
96614,4.1254112551494545e+03,3.6154672491136557e+00
96639,4.1254112551494545e+03,3.6154672491136557e+00
96664,4.1254112534609958e+03,3.6154672489359068e+00
96689,4.1254112534609958e+03,3.6154672489359068e+00
96714,4.1254112463784422e+03,3.6154672481903050e+00
96739,4.1254112455897439e+03,3.6154672481072763e+00
96764,4.1254112429563929e+03,3.6154672478300554e+00
96789,4.1254112429563929e+03,3.6154672478300554e+00
96814,4.1254112419169096e+03,3.6154672477206260e+00
96839,4.1254112400431668e+03,3.6154672475233713e+00
96864,4.1254112390104192e+03,3.6154672474146512e+00
96889,4.1254112377163538e+03,3.6154672472784206e+00
96914,4.1254112372961108e+03,3.6154672472341804e+00
96939,4.1254112361087555e+03,3.6154672471091840e+00
96964,4.1254112345287849e+03,3.6154672469428557e+00
96989,4.1254112343205670e+03,3.6154672469209359e+00
97014,4.1254112320531167e+03,3.6154672466822348e+00
97039,4.1254112320531167e+03,3.6154672466822348e+00
97064,4.1254112313088899e+03,3.6154672466038877e+00
97089,4.1254112292529362e+03,3.6154672463874515e+00
97114,4.1254112288494716e+03,3.6154672463449775e+00
97139,4.1254112287891330e+03,3.6154672463386253e+00
97163,4.1254112283949144e+03,3.6154672462971247e+00
97187,4.1254112279909232e+03,3.6154672462545956e+00
97211,4.1254112279909232e+03,3.6154672462545956e+00
97235,4.1254112278632256e+03,3.6154672462411521e+00
97259,4.1254112276106425e+03,3.6154672462145623e+00
97283,4.1254112270778805e+03,3.6154672461584765e+00
97307,4.1254112260274760e+03,3.6154672460478974e+00
97331,4.1254112253742951e+03,3.6154672459791350e+00
97355,4.1254112228098966e+03,3.6154672457091732e+00
97379,4.1254112209685863e+03,3.6154672455153327e+00
97403,4.1254112176520111e+03,3.6154672451661871e+00
97427,4.1254112113339652e+03,3.6154672445010672e+00
97451,4.1254112104243204e+03,3.6154672444053060e+00
97475,4.1254112090403860e+03,3.6154672442596154e+00
97499,4.1254112071832978e+03,3.6154672440641140e+00
97523,4.1254112043193982e+03,3.6154672437626227e+00
97547,4.1254112036198121e+03,3.6154672436889750e+00
97571,4.1254111995785561e+03,3.6154672432635397e+00
97595,4.1254111992023136e+03,3.6154672432239314e+00
97619,4.1254111983378762e+03,3.6154672431329296e+00
97643,4.1254111983378762e+03,3.6154672431329296e+00
97667,4.1254111966745331e+03,3.6154672429578247e+00
97691,4.1254111946292878e+03,3.6154672427425156e+00
97715,4.1254111916965958e+03,3.6154672424337821e+00
97739,4.1254111909665135e+03,3.6154672423569241e+00
97763,4.1254111906324451e+03,3.6154672423217558e+00
97787,4.1254111898610608e+03,3.6154672422405496e+00
97811,4.1254111892801902e+03,3.6154672421793999e+00
97835,4.1254111863384396e+03,3.6154672418697129e+00
97859,4.1254111830231550e+03,3.6154672415207028e+00
97883,4.1254111765015587e+03,3.6154672408341546e+00
97907,4.1254111765015587e+03,3.6154672408341546e+00
97931,4.1254111699495070e+03,3.6154672401444006e+00
97955,4.1254111699495070e+03,3.6154672401444006e+00
97979,4.1254111666348190e+03,3.6154672397954530e+00
98003,4.1254111596393323e+03,3.6154672390590172e+00
98027,4.1254111547505272e+03,3.6154672385443578e+00
98051,4.1254111509278328e+03,3.6154672381419313e+00
98075,4.1254111426864538e+03,3.6154672372743364e+00
98099,4.1254111330262185e+03,3.6154672362573743e+00
98123,4.1254111139515026e+03,3.6154672342493215e+00
98147,4.1254110914504899e+03,3.6154672318805718e+00
98171,4.1254110460799893e+03,3.6154672271042823e+00
98195,4.1254110126050182e+03,3.6154672235802710e+00
98219,4.1254109447113615e+03,3.6154672164329007e+00
98243,4.1254109189632709e+03,3.6154672137223214e+00
98267,4.1254108934428177e+03,3.6154672110357060e+00
98291,4.1254108518627836e+03,3.6154672066584501e+00
98315,4.1254108518627836e+03,3.6154672066584501e+00
98339,4.1254108518627836e+03,3.6154672066584501e+00
98363,4.1254108518627836e+03,3.6154672066584501e+00
98387,4.1254108518627836e+03,3.6154672066584501e+00
98411,4.1254108518627836e+03,3.6154672066584501e+00
98435,4.1254108518627836e+03,3.6154672066584501e+00
98459,4.1254108518627836e+03,3.6154672066584501e+00
98483,4.1254108518627836e+03,3.6154672066584501e+00
98507,4.1254108518627836e+03,3.6154672066584501e+00
98531,4.1254108356027045e+03,3.6154672049467020e+00
98555,4.1254107374777132e+03,3.6154671946167873e+00
98579,4.1254107374777132e+03,3.6154671946167873e+00
98603,4.1254107356407676e+03,3.6154671944234065e+00
98627,4.1254107325195255e+03,3.6154671940948240e+00
98651,4.1254106998485877e+03,3.6154671906554552e+00
98675,4.1254106779507974e+03,3.6154671883502085e+00
98699,4.1254106698833411e+03,3.6154671875009230e+00
98723,4.1254106603676928e+03,3.6154671864991821e+00
98747,4.1254106462152613e+03,3.6154671850093125e+00
98771,4.1254106462152613e+03,3.6154671850093125e+00
98795,4.1254106233210505e+03,3.6154671825991698e+00
98819,4.1254106116639132e+03,3.6154671813719874e+00
98843,4.1254106065430169e+03,3.6154671808328951e+00
98867,4.1254106065430169e+03,3.6154671808328951e+00
98891,4.1254106064210418e+03,3.6154671808200542e+00
98915,4.1254106024159282e+03,3.6154671803984240e+00
98939,4.1254105995050431e+03,3.6154671800919864e+00
98963,4.1254105980699915e+03,3.6154671799409139e+00
98987,4.1254105980579488e+03,3.6154671799396465e+00
99011,4.1254105980579488e+03,3.6154671799396465e+00
99035,4.1254105976950159e+03,3.6154671799014393e+00
99059,4.1254105976950159e+03,3.6154671799014393e+00
99083,4.1254105965301069e+03,3.6154671797788058e+00
99107,4.1254105958022601e+03,3.6154671797021831e+00
99131,4.1254105946381378e+03,3.6154671795796323e+00
99155,4.1254105936045935e+03,3.6154671794708282e+00
99179,4.1254105926600305e+03,3.6154671793713913e+00
99203,4.1254105920380916e+03,3.6154671793059179e+00
99226,4.1254105903662048e+03,3.6154671791299129e+00
99249,4.1254105903662048e+03,3.6154671791299129e+00
99272,4.1254105900903296e+03,3.6154671791008708e+00
99295,4.1254105888294825e+03,3.6154671789681379e+00
99318,4.1254105883828115e+03,3.6154671789211155e+00
99341,4.1254105883828115e+03,3.6154671789211155e+00
99364,4.1254105883134780e+03,3.6154671789138164e+00
99387,4.1254105883134780e+03,3.6154671789138164e+00
99410,4.1254105883134780e+03,3.6154671789138164e+00
99433,4.1254105883134780e+03,3.6154671789138164e+00
99456,4.1254105873561384e+03,3.6154671788130344e+00
99479,4.1254105863219720e+03,3.6154671787041646e+00
99502,4.1254105789492323e+03,3.6154671779280139e+00
99525,4.1254105782426996e+03,3.6154671778536351e+00
99548,4.1254105627733261e+03,3.6154671762251271e+00
99571,4.1254105604105025e+03,3.6154671759763857e+00
99594,4.1254105359627101e+03,3.6154671734026924e+00
99617,4.1254105359627101e+03,3.6154671734026924e+00
99640,4.1254105290310508e+03,3.6154671726729752e+00
99663,4.1254105141822583e+03,3.6154671711097981e+00
99686,4.1254105012167693e+03,3.6154671697448815e+00
99709,4.1254104946323214e+03,3.6154671690517168e+00
99732,4.1254104824823953e+03,3.6154671677726573e+00
99755,4.1254104751561508e+03,3.6154671670014014e+00
99778,4.1254104751561508e+03,3.6154671670014014e+00
99801,4.1254104671026671e+03,3.6154671661535867e+00
99824,4.1254104590121033e+03,3.6154671653018684e+00
99847,4.1254104546615254e+03,3.6154671648438699e+00
99870,4.1254104442371390e+03,3.6154671637464628e+00
99893,4.1254104368379167e+03,3.6154671629675246e+00
99916,4.1254104179297610e+03,3.6154671609770053e+00
99939,4.1254104126488201e+03,3.6154671604210646e+00
99962,4.1254103984930571e+03,3.6154671589308447e+00
99985,4.1254103978224284e+03,3.6154671588602456e+00
100008,4.1254103923542334e+03,3.6154671582845919e+00
100031,4.1254103923542334e+03,3.6154671582845919e+00
100054,4.1254103894277832e+03,3.6154671579765156e+00
100077,4.1254103894277832e+03,3.6154671579765156e+00
100100,4.1254103894277832e+03,3.6154671579765156e+00
100123,4.1254103789562123e+03,3.6154671568741414e+00
100146,4.1254103469145102e+03,3.6154671535010143e+00
100169,4.1254103469145102e+03,3.6154671535010143e+00
100192,4.1254103381476052e+03,3.6154671525780957e+00
100215,4.1254103333824514e+03,3.6154671520764534e+00
100238,4.1254103333824514e+03,3.6154671520764534e+00
100261,4.1254103333824514e+03,3.6154671520764534e+00
100284,4.1254103333824514e+03,3.6154671520764534e+00
100307,4.1254103333824514e+03,3.6154671520764534e+00
100330,4.1254103333824514e+03,3.6154671520764534e+00
100353,4.1254103240917620e+03,3.6154671510983940e+00
100376,4.1254103240917620e+03,3.6154671510983940e+00
100399,4.1254103204590529e+03,3.6154671507159679e+00
100422,4.1254103095112241e+03,3.6154671495634565e+00
100445,4.1254103084548669e+03,3.6154671494522508e+00
100468,4.1254103038179273e+03,3.6154671489641061e+00
100491,4.1254103016348909e+03,3.6154671487342913e+00
100514,4.1254103016348909e+03,3.6154671487342913e+00
100537,4.1254102978608689e+03,3.6154671483369882e+00
100560,4.1254102927497597e+03,3.6154671477989262e+00
100583,4.1254102927497597e+03,3.6154671477989262e+00
100606,4.1254102919169336e+03,3.6154671477112523e+00
100629,4.1254102845702701e+03,3.6154671469378465e+00
100652,4.1254102843266701e+03,3.6154671469122022e+00
100675,4.1254102843266701e+03,3.6154671469122022e+00
100698,4.1254102836875045e+03,3.6154671468449151e+00
100721,4.1254102836875045e+03,3.6154671468449151e+00
100744,4.1254102830895299e+03,3.6154671467819646e+00
100767,4.1254102827462712e+03,3.6154671467458286e+00
100790,4.1254102810659360e+03,3.6154671465689345e+00
100813,4.1254102794898745e+03,3.6154671464030179e+00
100836,4.1254102755522945e+03,3.6154671459884971e+00
100859,4.1254102750924021e+03,3.6154671459400824e+00
100882,4.1254102730996810e+03,3.6154671457303027e+00
100905,4.1254102727018326e+03,3.6154671456884202e+00
100928,4.1254102689080928e+03,3.6154671452890415e+00
100951,4.1254102660395738e+03,3.6154671449870639e+00
100974,4.1254102594462311e+03,3.6154671442929627e+00
100997,4.1254102594449287e+03,3.6154671442928255e+00
101020,4.1254102554685596e+03,3.6154671438742212e+00
101043,4.1254102554685596e+03,3.6154671438742212e+00
101066,4.1254102492533602e+03,3.6154671432199281e+00
101089,4.1254102492533602e+03,3.6154671432199281e+00
101112,4.1254102492533602e+03,3.6154671432199281e+00
101135,4.1254102421546013e+03,3.6154671424726201e+00
101158,4.1254102382858746e+03,3.6154671420653477e+00
101181,4.1254102279208992e+03,3.6154671409741952e+00
101204,4.1254102255580929e+03,3.6154671407254551e+00
101227,4.1254102180642603e+03,3.6154671399365568e+00
101250,4.1254102094680738e+03,3.6154671390316100e+00
101273,4.1254101943593005e+03,3.6154671374410636e+00
101296,4.1254101744611244e+03,3.6154671353463219e+00
101319,4.1254101481241132e+03,3.6154671325737446e+00
101342,4.1254101224937003e+03,3.6154671298755532e+00
101365,4.1254101224937003e+03,3.6154671298755532e+00
101388,4.1254100846818128e+03,3.6154671258949804e+00
101410,4.1254100321573142e+03,3.6154671203655666e+00
101432,4.1254099247452114e+03,3.6154671090579673e+00
101454,4.1254097646808350e+03,3.6154670922075018e+00
101476,4.1254094799399545e+03,3.6154670622319589e+00
101498,4.1254094101565743e+03,3.6154670548856487e+00
101520,4.1254093710644693e+03,3.6154670507703033e+00
101542,4.1254092611903015e+03,3.6154670392035131e+00
101564,4.1254092551222493e+03,3.6154670385647103e+00
101586,4.1254092121082549e+03,3.6154670340364952e+00
101608,4.1254092076726984e+03,3.6154670335695505e+00
101630,4.1254091725696699e+03,3.6154670298741474e+00
101652,4.1254091693134860e+03,3.6154670295313589e+00
101674,4.1254091425206116e+03,3.6154670267107907e+00
101696,4.1254091425206116e+03,3.6154670267107907e+00
101718,4.1254091425206116e+03,3.6154670267107907e+00
101740,4.1254091195312803e+03,3.6154670242906333e+00
101762,4.1254091195312803e+03,3.6154670242906333e+00
101784,4.1254091195312803e+03,3.6154670242906333e+00
101806,4.1254091162541818e+03,3.6154670239456430e+00
101828,4.1254091162541818e+03,3.6154670239456430e+00
101850,4.1254091162541818e+03,3.6154670239456430e+00
101872,4.1254091162541818e+03,3.6154670239456430e+00
101894,4.1254091110531062e+03,3.6154670233981099e+00
101916,4.1254091110531062e+03,3.6154670233981099e+00
101938,4.1254091110531062e+03,3.6154670233981099e+00
101960,4.1254091030523559e+03,3.6154670225558463e+00
101982,4.1254091030523559e+03,3.6154670225558463e+00
102004,4.1254091030523559e+03,3.6154670225558463e+00
102026,4.1254091030523559e+03,3.6154670225558463e+00
102048,4.1254091030523559e+03,3.6154670225558463e+00
102070,4.1254091011249357e+03,3.6154670223529406e+00
102092,4.1254090999266291e+03,3.6154670222267913e+00
102114,4.1254090999266291e+03,3.6154670222267913e+00
102136,4.1254090999266291e+03,3.6154670222267913e+00
102158,4.1254090987151294e+03,3.6154670220992529e+00
102180,4.1254090981322151e+03,3.6154670220378877e+00
102202,4.1254090924974416e+03,3.6154670214446978e+00
102224,4.1254090904297200e+03,3.6154670212270226e+00
102246,4.1254090904297200e+03,3.6154670212270226e+00
102268,4.1254090904250170e+03,3.6154670212265274e+00
102290,4.1254090904223040e+03,3.6154670212262419e+00
102312,4.1254090904223040e+03,3.6154670212262419e+00
102334,4.1254090904223040e+03,3.6154670212262419e+00
102356,4.1254090904223040e+03,3.6154670212262419e+00
102378,4.1254090904223040e+03,3.6154670212262419e+00
102400,4.1254090904223040e+03,3.6154670212262419e+00
102422,4.1254090895333529e+03,3.6154670211326594e+00
102444,4.1254090895333529e+03,3.6154670211326594e+00
102466,4.1254090879608975e+03,3.6154670209671220e+00
102488,4.1254090879608975e+03,3.6154670209671220e+00
102510,4.1254090879608975e+03,3.6154670209671220e+00
102532,4.1254090871420121e+03,3.6154670208809154e+00
102554,4.1254090851594783e+03,3.6154670206722082e+00
102576,4.1254090833629953e+03,3.6154670204830865e+00
102598,4.1254090833629953e+03,3.6154670204830865e+00
102620,4.1254090819092698e+03,3.6154670203300485e+00
102642,4.1254090819092698e+03,3.6154670203300485e+00
102664,4.1254090819092698e+03,3.6154670203300485e+00
102686,4.1254090819092698e+03,3.6154670203300485e+00
102708,4.1254090816903517e+03,3.6154670203070025e+00
102730,4.1254090816903517e+03,3.6154670203070025e+00
102752,4.1254090810570569e+03,3.6154670202403336e+00
102774,4.1254090810570569e+03,3.6154670202403336e+00
102796,4.1254090810570569e+03,3.6154670202403336e+00
102818,4.1254090809761601e+03,3.6154670202318173e+00
102840,4.1254090809713271e+03,3.6154670202313084e+00
102862,4.1254090809713271e+03,3.6154670202313084e+00
102884,4.1254090808596357e+03,3.6154670202195502e+00
102906,4.1254090808273641e+03,3.6154670202161530e+00
102928,4.1254090802511309e+03,3.6154670201554913e+00
102950,4.1254090800434114e+03,3.6154670201336239e+00
102972,4.1254090799369596e+03,3.6154670201224173e+00
102994,4.1254090799340611e+03,3.6154670201221122e+00
103016,4.1254090796051369e+03,3.6154670200874852e+00
103038,4.1254090794779595e+03,3.6154670200740973e+00
103060,4.1254090793090818e+03,3.6154670200563186e+00
103082,4.1254090787968398e+03,3.6154670200023937e+00
103104,4.1254090779390981e+03,3.6154670199120962e+00
103126,4.1254090768840397e+03,3.6154670198010272e+00
103148,4.1254090756478463e+03,3.6154670196708891e+00
103170,4.1254090731638717e+03,3.6154670194093939e+00
103192,4.1254090714726526e+03,3.6154670192313536e+00
103214,4.1254090663576198e+03,3.6154670186928786e+00
103236,4.1254090593723204e+03,3.6154670179575148e+00
103258,4.1254090537529364e+03,3.6154670173659449e+00
103280,4.1254090494140182e+03,3.6154670169091738e+00
103302,4.1254090494140182e+03,3.6154670169091738e+00
103324,4.1254090457349230e+03,3.6154670165218641e+00
103346,4.1254090416028703e+03,3.6154670160868703e+00
103368,4.1254090239224743e+03,3.6154670142256005e+00
103390,4.1254090084472537e+03,3.6154670125964765e+00
103412,4.1254090084472537e+03,3.6154670125964765e+00
103434,4.1254089789461959e+03,3.6154670094908097e+00
103456,4.1254089320946687e+03,3.6154670045586053e+00
103478,4.1254089274455137e+03,3.6154670040691745e+00
103500,4.1254088453623744e+03,3.6154669954280299e+00
103522,4.1254087907305084e+03,3.6154669896767651e+00
103544,4.1254087731605150e+03,3.6154669878271180e+00
103566,4.1254087618547774e+03,3.6154669866369282e+00
103588,4.1254087558723804e+03,3.6154669860071427e+00
103610,4.1254087467061281e+03,3.6154669850421830e+00
103632,4.1254087457556743e+03,3.6154669849421257e+00
103654,4.1254086887305093e+03,3.6154669789389113e+00
103675,4.1254086109811406e+03,3.6154669707539955e+00
103696,4.1254086109811406e+03,3.6154669707539955e+00
103717,4.1254085017846110e+03,3.6154669592585402e+00
103738,4.1254084911665659e+03,3.6154669581407455e+00
103759,4.1254084845814032e+03,3.6154669574475053e+00
103780,4.1254084845814032e+03,3.6154669574475053e+00
103801,4.1254084845814032e+03,3.6154669574475053e+00
103822,4.1254084845814032e+03,3.6154669574475053e+00
103843,4.1254084721592708e+03,3.6154669561397892e+00
103864,4.1254084661102033e+03,3.6154669555029852e+00
103885,4.1254084638004870e+03,3.6154669552598340e+00
103906,4.1254084628635464e+03,3.6154669551611995e+00
103927,4.1254084626175636e+03,3.6154669551353043e+00
103948,4.1254084623145627e+03,3.6154669551034062e+00
103969,4.1254084617142944e+03,3.6154669550402141e+00
103990,4.1254084617142944e+03,3.6154669550402141e+00
104011,4.1254084606515480e+03,3.6154669549283356e+00
104032,4.1254084604078225e+03,3.6154669549026779e+00
104053,4.1254084598576528e+03,3.6154669548447598e+00
104074,4.1254084593753478e+03,3.6154669547939862e+00
104095,4.1254084593753478e+03,3.6154669547939862e+00
104116,4.1254084593753478e+03,3.6154669547939862e+00
104137,4.1254084593753478e+03,3.6154669547939862e+00
104158,4.1254084593753478e+03,3.6154669547939862e+00
104179,4.1254084592566269e+03,3.6154669547814877e+00
104200,4.1254084592566269e+03,3.6154669547814877e+00
104221,4.1254084592566269e+03,3.6154669547814877e+00
104242,4.1254084591007413e+03,3.6154669547650773e+00
104263,4.1254084591007413e+03,3.6154669547650773e+00
104284,4.1254084591007413e+03,3.6154669547650773e+00
104305,4.1254084585093442e+03,3.6154669547028191e+00
104326,4.1254084582585601e+03,3.6154669546764184e+00
104347,4.1254084570814421e+03,3.6154669545524993e+00
104368,4.1254084566661140e+03,3.6154669545087765e+00
104389,4.1254084554993769e+03,3.6154669543859508e+00
104410,4.1254084542626806e+03,3.6154669542557598e+00
104431,4.1254084538299330e+03,3.6154669542102029e+00
104452,4.1254084532493389e+03,3.6154669541490820e+00
104473,4.1254084522557596e+03,3.6154669540444848e+00
104494,4.1254084515472023e+03,3.6154669539698929e+00
104515,4.1254084492253687e+03,3.6154669537254662e+00
104536,4.1254084470265880e+03,3.6154669534939941e+00
104557,4.1254084441784189e+03,3.6154669531941583e+00
104578,4.1254084429488939e+03,3.6154669530647223e+00
104599,4.1254084410026453e+03,3.6154669528598351e+00
104620,4.1254084392466339e+03,3.6154669526749741e+00
104641,4.1254084385548194e+03,3.6154669526021448e+00
104662,4.1254084357397396e+03,3.6154669523057925e+00
104683,4.1254084353442822e+03,3.6154669522641614e+00
104704,4.1254084338902658e+03,3.6154669521110927e+00
104725,4.1254084298345606e+03,3.6154669516841360e+00
104746,4.1254084264831299e+03,3.6154669513313209e+00
104767,4.1254084198406345e+03,3.6154669506320447e+00
104788,4.1254084192550890e+03,3.6154669505704025e+00
104809,4.1254084176874621e+03,3.6154669504053736e+00
104830,4.1254084155534947e+03,3.6154669501807244e+00
104851,4.1254084143061300e+03,3.6154669500494103e+00
104872,4.1254084124569827e+03,3.6154669498547447e+00
104893,4.1254084118895044e+03,3.6154669497950045e+00
104914,4.1254084103287278e+03,3.6154669496306968e+00
104935,4.1254084103287278e+03,3.6154669496306968e+00
104956,4.1254084103287278e+03,3.6154669496306968e+00
104977,4.1254084099751690e+03,3.6154669495934768e+00
104998,4.1254084094165491e+03,3.6154669495346692e+00
105019,4.1254084092809899e+03,3.6154669495203984e+00
105040,4.1254084090077422e+03,3.6154669494916325e+00
105061,4.1254084088792088e+03,3.6154669494781015e+00
105082,4.1254084086960020e+03,3.6154669494588147e+00
105103,4.1254084086952516e+03,3.6154669494587357e+00
105124,4.1254084085240083e+03,3.6154669494407083e+00
105145,4.1254084080741513e+03,3.6154669493933507e+00
105166,4.1254084080611274e+03,3.6154669493919798e+00
105187,4.1254084077721418e+03,3.6154669493615574e+00
105208,4.1254084076595445e+03,3.6154669493497038e+00
105229,4.1254084076223571e+03,3.6154669493457892e+00
105250,4.1254084076223571e+03,3.6154669493457892e+00
105271,4.1254084076223571e+03,3.6154669493457892e+00
105292,4.1254084076126310e+03,3.6154669493447651e+00
105313,4.1254084075925448e+03,3.6154669493426503e+00
105334,4.1254084075403007e+03,3.6154669493371507e+00
105355,4.1254084074755874e+03,3.6154669493303380e+00
105376,4.1254084073793128e+03,3.6154669493202030e+00
105397,4.1254084071163434e+03,3.6154669492925193e+00
105418,4.1254084069020419e+03,3.6154669492699592e+00
105439,4.1254084065440784e+03,3.6154669492322751e+00
105460,4.1254084065070901e+03,3.6154669492283813e+00
105481,4.1254084060806817e+03,3.6154669491834919e+00
105502,4.1254084053470360e+03,3.6154669491062590e+00
105523,4.1254084043676348e+03,3.6154669490031544e+00
105544,4.1254084043563926e+03,3.6154669490019709e+00
105565,4.1254084025890998e+03,3.6154669488159223e+00
105586,4.1254084007234787e+03,3.6154669486195226e+00
105607,4.1254083960791631e+03,3.6154669481306012e+00
105628,4.1254083943791384e+03,3.6154669479516346e+00
105649,4.1254083886020717e+03,3.6154669473434646e+00
105670,4.1254083818260551e+03,3.6154669466301326e+00
105691,4.1254083717736339e+03,3.6154669455718831e+00
105712,4.1254083569509557e+03,3.6154669440114540e+00
105733,4.1254083376768558e+03,3.6154669419824099e+00
105754,4.1254083019136860e+03,3.6154669382175104e+00
105775,4.1254082965652997e+03,3.6154669376544692e+00
105796,4.1254082444947308e+03,3.6154669321728399e+00
105817,4.1254081513935034e+03,3.6154669223717857e+00
105838,4.1254080074325384e+03,3.6154669072165690e+00
105859,4.1254078363481276e+03,3.6154668892059827e+00
105880,4.1254074321090638e+03,3.6154668466504800e+00
105901,4.1254073102671773e+03,3.6154668338238052e+00
105922,4.1254073102671773e+03,3.6154668338238052e+00
105943,4.1254073102671773e+03,3.6154668338238052e+00
105964,4.1254073102671773e+03,3.6154668338238052e+00
105985,4.1254073102671773e+03,3.6154668338238052e+00
106006,4.1254073102671773e+03,3.6154668338238052e+00
106027,4.1254073102671773e+03,3.6154668338238052e+00
106048,4.1254073102671773e+03,3.6154668338238052e+00
106069,4.1254073102671773e+03,3.6154668338238052e+00
106089,4.1254073095228505e+03,3.6154668337454479e+00
106109,4.1254073095228505e+03,3.6154668337454479e+00
106129,4.1254073095228505e+03,3.6154668337454479e+00
106149,4.1254073095228505e+03,3.6154668337454479e+00
106169,4.1254073056025372e+03,3.6154668333327442e+00
106189,4.1254073040253725e+03,3.6154668331667112e+00
106209,4.1254073034554076e+03,3.6154668331067090e+00
106229,4.1254073031215130e+03,3.6154668330715589e+00
106249,4.1254073000719127e+03,3.6154668327505179e+00
106269,4.1254072996281584e+03,3.6154668327038024e+00
106289,4.1254072992930223e+03,3.6154668326685218e+00
106309,4.1254072981667468e+03,3.6154668325499553e+00
106329,4.1254072967081711e+03,3.6154668323964065e+00
106349,4.1254072956561886e+03,3.6154668322856609e+00
106369,4.1254072948248186e+03,3.6154668321981402e+00
106389,4.1254072940667893e+03,3.6154668321183401e+00
106409,4.1254072933104135e+03,3.6154668320387140e+00
106429,4.1254072909456627e+03,3.6154668317897691e+00
106449,4.1254072879015766e+03,3.6154668314693086e+00
106469,4.1254072857988031e+03,3.6154668312479434e+00
106489,4.1254072836045498e+03,3.6154668310169473e+00
106509,4.1254072823336883e+03,3.6154668308831597e+00
106529,4.1254072817560063e+03,3.6154668308223457e+00
106549,4.1254072747483697e+03,3.6154668300846295e+00
106569,4.1254072726200939e+03,3.6154668298605794e+00
106589,4.1254072709358343e+03,3.6154668296832724e+00
106609,4.1254072681864154e+03,3.6154668293938323e+00
106629,4.1254072498026217e+03,3.6154668274585129e+00
106649,4.1254072449883952e+03,3.6154668269517045e+00
106669,4.1254072413083877e+03,3.6154668265642984e+00
106689,4.1254072344576434e+03,3.6154668258430993e+00
106709,4.1254072269069602e+03,3.6154668250482156e+00
106729,4.1254072256511863e+03,3.6154668249160160e+00
106749,4.1254072256511863e+03,3.6154668249160160e+00
106769,4.1254072256511863e+03,3.6154668249160160e+00
106789,4.1254072256511863e+03,3.6154668249160160e+00
106809,4.1254072253920740e+03,3.6154668248887387e+00
106829,4.1254072247249769e+03,3.6154668248185113e+00
106849,4.1254072244409863e+03,3.6154668247886148e+00
106869,4.1254072244409863e+03,3.6154668247886148e+00
106889,4.1254072242901830e+03,3.6154668247727391e+00
106909,4.1254072240324085e+03,3.6154668247456025e+00
106929,4.1254072240324085e+03,3.6154668247456025e+00
106949,4.1254072234963796e+03,3.6154668246891730e+00
106969,4.1254072229172125e+03,3.6154668246282022e+00
106989,4.1254072223093854e+03,3.6154668245642143e+00
107009,4.1254072222571785e+03,3.6154668245587183e+00
107029,4.1254072221980086e+03,3.6154668245524895e+00
107049,4.1254072218261126e+03,3.6154668245133386e+00
107069,4.1254072214054731e+03,3.6154668244690567e+00
107089,4.1254072208048428e+03,3.6154668244058263e+00
107109,4.1254072208048428e+03,3.6154668244058263e+00
107129,4.1254072208048428e+03,3.6154668244058263e+00
107149,4.1254072205452194e+03,3.6154668243784953e+00
107169,4.1254072200089795e+03,3.6154668243220436e+00
107189,4.1254072194581959e+03,3.6154668242640606e+00
107209,4.1254072193689708e+03,3.6154668242546677e+00
107229,4.1254072187725633e+03,3.6154668241918819e+00
107249,4.1254072184381475e+03,3.6154668241566772e+00
107269,4.1254072176428963e+03,3.6154668240729584e+00
107289,4.1254072168835146e+03,3.6154668239930161e+00
107309,4.1254072167017648e+03,3.6154668239738825e+00
107329,4.1254072158828412e+03,3.6154668238876719e+00
107349,4.1254072158828412e+03,3.6154668238876719e+00
107369,4.1254072153251182e+03,3.6154668238289589e+00
107389,4.1254072151797582e+03,3.6154668238136565e+00
107409,4.1254072147869629e+03,3.6154668237723055e+00
107429,4.1254072145482723e+03,3.6154668237471776e+00
107449,4.1254072145482723e+03,3.6154668237471776e+00
107469,4.1254072143493577e+03,3.6154668237262375e+00
107489,4.1254072141037977e+03,3.6154668237003866e+00
107509,4.1254072133121563e+03,3.6154668236170480e+00
107529,4.1254072127736908e+03,3.6154668235603622e+00
107549,4.1254072126871297e+03,3.6154668235512495e+00
107569,4.1254072122619955e+03,3.6154668235064942e+00
107589,4.1254072120068113e+03,3.6154668234796303e+00
107609,4.1254072120068113e+03,3.6154668234796303e+00
107629,4.1254072118711183e+03,3.6154668234653453e+00
107649,4.1254072117966180e+03,3.6154668234575027e+00
107669,4.1254072114928922e+03,3.6154668234255283e+00
107689,4.1254072114928922e+03,3.6154668234255283e+00
107709,4.1254072114249720e+03,3.6154668234183784e+00
107729,4.1254072113288521e+03,3.6154668234082594e+00
107749,4.1254072113288521e+03,3.6154668234082594e+00
107769,4.1254072111533333e+03,3.6154668233897818e+00
107789,4.1254072110136331e+03,3.6154668233750753e+00
107809,4.1254072107584216e+03,3.6154668233482083e+00
107829,4.1254072102897617e+03,3.6154668232988709e+00
107849,4.1254072097042344e+03,3.6154668232372309e+00
107869,4.1254072093050927e+03,3.6154668231952121e+00
107889,4.1254072081607092e+03,3.6154668230747391e+00
107909,4.1254072065209612e+03,3.6154668229021176e+00
107929,4.1254072047113141e+03,3.6154668227116105e+00
107949,4.1254072020608783e+03,3.6154668224325910e+00
107969,4.1254071991554683e+03,3.6154668221267294e+00
107989,4.1254071953089424e+03,3.6154668217217933e+00
108009,4.1254071908315109e+03,3.6154668212504402e+00
108029,4.1254071856587489e+03,3.6154668207058878e+00
108049,4.1254071793261055e+03,3.6154668200392304e+00
108069,4.1254071788156207e+03,3.6154668199854902e+00
108089,4.1254071669200393e+03,3.6154668187332053e+00
108109,4.1254071590046897e+03,3.6154668178999314e+00
108129,4.1254071521911665e+03,3.6154668171826509e+00
108149,4.1254071371565406e+03,3.6154668155999086e+00
108169,4.1254071202153946e+03,3.6154668138164614e+00
108189,4.1254071068545045e+03,3.6154668124099190e+00
108209,4.1254070783505422e+03,3.6154668094092179e+00
108229,4.1254070467261881e+03,3.6154668060800232e+00
108249,4.1254070410577206e+03,3.6154668054832859e+00
108269,4.1254070391447976e+03,3.6154668052819066e+00
108289,4.1254070311783598e+03,3.6154668044432547e+00
108309,4.1254070311783598e+03,3.6154668044432547e+00
108329,4.1254070208551311e+03,3.6154668033564965e+00
108349,4.1254070208551311e+03,3.6154668033564965e+00
108369,4.1254070152541217e+03,3.6154668027668606e+00
108389,4.1254070152541217e+03,3.6154668027668606e+00
108409,4.1254070152541217e+03,3.6154668027668606e+00
108429,4.1254070039812523e+03,3.6154668015801303e+00
108449,4.1254070039812523e+03,3.6154668015801303e+00
108469,4.1254070039812523e+03,3.6154668015801303e+00
108489,4.1254070039812523e+03,3.6154668015801303e+00
108509,4.1254070039812523e+03,3.6154668015801303e+00
108529,4.1254070039812523e+03,3.6154668015801303e+00
108549,4.1254070039812523e+03,3.6154668015801303e+00
108569,4.1254070039812523e+03,3.6154668015801303e+00
108589,4.1254070039812523e+03,3.6154668015801303e+00
108609,4.1254070025012243e+03,3.6154668014243234e+00
108629,4.1254070025012243e+03,3.6154668014243234e+00
108648,4.1254070024281809e+03,3.6154668014166336e+00
108667,4.1254070024281809e+03,3.6154668014166336e+00
108686,4.1254069910592743e+03,3.6154668002197936e+00
108705,4.1254069910592743e+03,3.6154668002197936e+00
108724,4.1254069872289865e+03,3.6154667998165673e+00
108743,4.1254069868067454e+03,3.6154667997721166e+00
108762,4.1254069754547427e+03,3.6154667985770557e+00
108781,4.1254069733858696e+03,3.6154667983592588e+00
108800,4.1254069733858696e+03,3.6154667983592588e+00
108819,4.1254069662045058e+03,3.6154667976032542e+00
108838,4.1254069587569511e+03,3.6154667968192271e+00
108857,4.1254069510392374e+03,3.6154667960067592e+00
108876,4.1254069322856221e+03,3.6154667940325074e+00
108895,4.1254069211037386e+03,3.6154667928553557e+00
108914,4.1254069121776402e+03,3.6154667919156771e+00
108933,4.1254068923348195e+03,3.6154667898267614e+00
108952,4.1254068662083127e+03,3.6154667870763424e+00
108971,4.1254068166397165e+03,3.6154667818581014e+00
108990,4.1254068098593780e+03,3.6154667811443137e+00
109009,4.1254067238267990e+03,3.6154667720873950e+00
109028,4.1254066904938363e+03,3.6154667685783295e+00
109047,4.1254066904938363e+03,3.6154667685783295e+00
109066,4.1254066904938363e+03,3.6154667685783295e+00
109085,4.1254066790965244e+03,3.6154667673784990e+00
109104,4.1254066790965244e+03,3.6154667673784990e+00
109123,4.1254066683740348e+03,3.6154667662497086e+00
109142,4.1254066356180601e+03,3.6154667628013848e+00
109161,4.1254066279529143e+03,3.6154667619944507e+00
109180,4.1254066244003616e+03,3.6154667616204623e+00
109199,4.1254066084444221e+03,3.6154667599407309e+00
109218,4.1254066084444221e+03,3.6154667599407309e+00
109237,4.1254066084444221e+03,3.6154667599407309e+00
109256,4.1254066064360486e+03,3.6154667597293031e+00
109275,4.1254066064360486e+03,3.6154667597293031e+00
109294,4.1254066061477852e+03,3.6154667596989567e+00
109313,4.1254066049292069e+03,3.6154667595706731e+00
109332,4.1254066049292069e+03,3.6154667595706731e+00
109351,4.1254066047061815e+03,3.6154667595471945e+00
109370,4.1254065989530336e+03,3.6154667589415426e+00
109389,4.1254065928579321e+03,3.6154667582998923e+00
109408,4.1254065899957113e+03,3.6154667579985773e+00
109427,4.1254065895377425e+03,3.6154667579503652e+00
109446,4.1254065838681254e+03,3.6154667573535071e+00
109465,4.1254065775641011e+03,3.6154667566898624e+00
109484,4.1254065743341671e+03,3.6154667563498375e+00
109503,4.1254065743341671e+03,3.6154667563498375e+00
109522,4.1254065716339937e+03,3.6154667560655818e+00
109541,4.1254065716339937e+03,3.6154667560655818e+00
109560,4.1254065686679278e+03,3.6154667557533346e+00
109579,4.1254065686679278e+03,3.6154667557533346e+00
109598,4.1254065669473703e+03,3.6154667555722062e+00
109617,4.1254065612987079e+03,3.6154667549775534e+00
109636,4.1254065612987079e+03,3.6154667549775534e+00
109655,4.1254065573894095e+03,3.6154667545660097e+00
109674,4.1254065528030951e+03,3.6154667540831937e+00
109693,4.1254065504047212e+03,3.6154667538307095e+00
109712,4.1254065459157928e+03,3.6154667533581462e+00
109731,4.1254065402848073e+03,3.6154667527653546e+00
109750,4.1254065402848073e+03,3.6154667527653546e+00
109769,4.1254065402848073e+03,3.6154667527653546e+00
109788,4.1254065402848073e+03,3.6154667527653546e+00
109807,4.1254065359981814e+03,3.6154667523140880e+00
109826,4.1254065359981814e+03,3.6154667523140880e+00
109845,4.1254065345795616e+03,3.6154667521647452e+00
109864,4.1254065331679358e+03,3.6154667520161392e+00
109883,4.1254065322876750e+03,3.6154667519234711e+00
109902,4.1254065299867116e+03,3.6154667516812418e+00
109921,4.1254065299867116e+03,3.6154667516812418e+00
109940,4.1254065249631176e+03,3.6154667511523919e+00
109959,4.1254065185960426e+03,3.6154667504821103e+00
109978,4.1254065125294455e+03,3.6154667498434603e+00
109997,4.1254065043775809e+03,3.6154667489852881e+00
110016,4.1254064864460706e+03,3.6154667470975816e+00
110035,4.1254064774257886e+03,3.6154667461479884e+00
110054,4.1254064720412389e+03,3.6154667455811400e+00
110073,4.1254064720412389e+03,3.6154667455811400e+00
110092,4.1254064682547878e+03,3.6154667451825282e+00
110111,4.1254064562736230e+03,3.6154667439212336e+00
110130,4.1254064531335634e+03,3.6154667435906696e+00
110149,4.1254064491389427e+03,3.6154667431701433e+00
110168,4.1254064439863369e+03,3.6154667426277123e+00
110187,4.1254064401618052e+03,3.6154667422250921e+00
110206,4.1254064401618052e+03,3.6154667422250921e+00
110225,4.1254064401618052e+03,3.6154667422250921e+00
110244,4.1254064401618052e+03,3.6154667422250921e+00
110263,4.1254064401618052e+03,3.6154667422250921e+00
110282,4.1254064343860691e+03,3.6154667416170621e+00
110301,4.1254064334665381e+03,3.6154667415202604e+00
110320,4.1254064331757681e+03,3.6154667414896497e+00
110339,4.1254064301484423e+03,3.6154667411709540e+00
110358,4.1254064259317456e+03,3.6154667407270491e+00
110377,4.1254064258025364e+03,3.6154667407134466e+00
110396,4.1254064243132580e+03,3.6154667405566658e+00
110415,4.1254064226074679e+03,3.6154667403770917e+00
110434,4.1254064174913874e+03,3.6154667398385061e+00
110453,4.1254064122667396e+03,3.6154667392884909e+00
110472,4.1254064091842174e+03,3.6154667389639839e+00
110491,4.1254064000581393e+03,3.6154667380032532e+00
110510,4.1254063867518316e+03,3.6154667366024564e+00
110529,4.1254063787703590e+03,3.6154667357622219e+00
110548,4.1254063591130334e+03,3.6154667336928332e+00
110567,4.1254063369158339e+03,3.6154667313560642e+00
110586,4.1254063109627214e+03,3.6154667286238986e+00
110605,4.1254062941801549e+03,3.6154667268571452e+00
110624,4.1254062428037196e+03,3.6154667214485863e+00
110643,4.1254061812111413e+03,3.6154667149645419e+00
110662,4.1254060989624168e+03,3.6154667063059600e+00
110681,4.1254060480984199e+03,3.6154667009513473e+00
110700,4.1254059760012042e+03,3.6154666933614461e+00
110719,4.1254059760012042e+03,3.6154666933614461e+00
110738,4.1254059760012042e+03,3.6154666933614461e+00
110757,4.1254059760012042e+03,3.6154666933614461e+00
110776,4.1254059681293184e+03,3.6154666925327481e+00
110795,4.1254058837003640e+03,3.6154666836446459e+00
110814,4.1254058689217018e+03,3.6154666820888495e+00
110833,4.1254057807513864e+03,3.6154666728068823e+00
110852,4.1254057807513864e+03,3.6154666728068823e+00
110871,4.1254056605345604e+03,3.6154666601512777e+00
110890,4.1254055798857944e+03,3.6154666516611274e+00
110909,4.1254055798857944e+03,3.6154666516611274e+00
110928,4.1254055787508678e+03,3.6154666515416500e+00
110947,4.1254055599035191e+03,3.6154666495575301e+00
110966,4.1254055599035191e+03,3.6154666495575301e+00
110985,4.1254055436047338e+03,3.6154666478417052e+00
111004,4.1254055129011931e+03,3.6154666446094463e+00
111023,4.1254055129011931e+03,3.6154666446094463e+00
111042,4.1254054706069855e+03,3.6154666401570017e+00
111061,4.1254054526329846e+03,3.6154666382648215e+00
111080,4.1254054181845186e+03,3.6154666346383224e+00
111099,4.1254054136621317e+03,3.6154666341622366e+00
111118,4.1254054136621317e+03,3.6154666341622366e+00
111137,4.1254054078593399e+03,3.6154666335513586e+00
111156,4.1254053951020023e+03,3.6154666322083528e+00
111175,4.1254053928331505e+03,3.6154666319695039e+00
111194,4.1254053854825952e+03,3.6154666311956878e+00
111213,4.1254053828300594e+03,3.6154666309164467e+00
111232,4.1254053791261840e+03,3.6154666305265279e+00
111251,4.1254053788712117e+03,3.6154666304996863e+00
111270,4.1254053755676168e+03,3.6154666301519063e+00
111289,4.1254053730233618e+03,3.6154666298840645e+00
111308,4.1254053730233618e+03,3.6154666298840645e+00
111327,4.1254053718097439e+03,3.6154666297563032e+00
111346,4.1254053710789267e+03,3.6154666296793678e+00
111365,4.1254053705952638e+03,3.6154666296284512e+00
111383,4.1254053693678361e+03,3.6154666294992359e+00
111401,4.1254053683690245e+03,3.6154666293940880e+00
111419,4.1254053669428231e+03,3.6154666292439472e+00
111437,4.1254053659224028e+03,3.6154666291365243e+00
111455,4.1254053647836263e+03,3.6154666290166415e+00
111473,4.1254053624191756e+03,3.6154666287677286e+00
111491,4.1254053575509270e+03,3.6154666282552324e+00
111509,4.1254053559507074e+03,3.6154666280867724e+00
111527,4.1254053511269112e+03,3.6154666275789560e+00
111545,4.1254053490941860e+03,3.6154666273649645e+00
111563,4.1254053472295791e+03,3.6154666271686717e+00
111581,4.1254053445186137e+03,3.6154666268832796e+00
111599,4.1254053437474431e+03,3.6154666268020961e+00
111617,4.1254053409539156e+03,3.6154666265080126e+00
111635,4.1254053409115177e+03,3.6154666265035491e+00
111653,4.1254053392068327e+03,3.6154666263240918e+00
111671,4.1254053391513598e+03,3.6154666263182520e+00
111689,4.1254053382920574e+03,3.6154666262277901e+00
111707,4.1254053379517327e+03,3.6154666261919632e+00
111725,4.1254053374235045e+03,3.6154666261363548e+00
111743,4.1254053373489887e+03,3.6154666261285104e+00
111761,4.1254053372700364e+03,3.6154666261201989e+00
111779,4.1254053372700364e+03,3.6154666261201989e+00
111797,4.1254053372700364e+03,3.6154666261201989e+00
111815,4.1254053371817445e+03,3.6154666261109041e+00
111833,4.1254053370817674e+03,3.6154666261003792e+00
111851,4.1254053370592528e+03,3.6154666260980091e+00
111869,4.1254053367723782e+03,3.6154666260678088e+00
111887,4.1254053366394955e+03,3.6154666260538200e+00
111905,4.1254053363750927e+03,3.6154666260259853e+00
111923,4.1254053361114002e+03,3.6154666259982258e+00
111941,4.1254053359095915e+03,3.6154666259769805e+00
111959,4.1254053357219846e+03,3.6154666259572306e+00
111977,4.1254053357219846e+03,3.6154666259572306e+00
111995,4.1254053355708284e+03,3.6154666259413180e+00
112013,4.1254053355180095e+03,3.6154666259357575e+00
112031,4.1254053354396792e+03,3.6154666259275112e+00
112049,4.1254053352137462e+03,3.6154666259037267e+00
112067,4.1254053350539389e+03,3.6154666258869033e+00
112085,4.1254053348940415e+03,3.6154666258700705e+00
112103,4.1254053348594889e+03,3.6154666258664330e+00
112121,4.1254053348566385e+03,3.6154666258661328e+00
112139,4.1254053348234047e+03,3.6154666258626342e+00
112157,4.1254053347732033e+03,3.6154666258573496e+00
112175,4.1254053347161725e+03,3.6154666258513455e+00
112193,4.1254053346949113e+03,3.6154666258491073e+00
112211,4.1254053346564860e+03,3.6154666258450621e+00
112229,4.1254053345708153e+03,3.6154666258360435e+00
112247,4.1254053345268239e+03,3.6154666258314121e+00
112265,4.1254053343985779e+03,3.6154666258179113e+00
112283,4.1254053343395626e+03,3.6154666258116985e+00
112301,4.1254053342386032e+03,3.6154666258010701e+00
112319,4.1254053341074869e+03,3.6154666257872674e+00
112337,4.1254053340009677e+03,3.6154666257760537e+00
112355,4.1254053338172953e+03,3.6154666257567181e+00
112373,4.1254053338172953e+03,3.6154666257567181e+00
112391,4.1254053338028589e+03,3.6154666257551984e+00
112409,4.1254053337744645e+03,3.6154666257522088e+00
112427,4.1254053337744645e+03,3.6154666257522088e+00
112445,4.1254053336951574e+03,3.6154666257438599e+00
112463,4.1254053336705992e+03,3.6154666257412749e+00
112481,4.1254053336705992e+03,3.6154666257412749e+00
112499,4.1254053335841436e+03,3.6154666257321733e+00
112517,4.1254053335214649e+03,3.6154666257255750e+00
112535,4.1254053334982800e+03,3.6154666257231343e+00
112553,4.1254053334459559e+03,3.6154666257176258e+00
112571,4.1254053333882775e+03,3.6154666257115537e+00
112589,4.1254053332353997e+03,3.6154666256954600e+00
112607,4.1254053332305784e+03,3.6154666256949524e+00
112625,4.1254053331720370e+03,3.6154666256887897e+00
112643,4.1254053331076493e+03,3.6154666256820112e+00
112661,4.1254053330685201e+03,3.6154666256778918e+00
112679,4.1254053328903601e+03,3.6154666256591366e+00
112697,4.1254053327904803e+03,3.6154666256486219e+00
112715,4.1254053327241845e+03,3.6154666256416426e+00
112733,4.1254053327203364e+03,3.6154666256412376e+00
112751,4.1254053327203364e+03,3.6154666256412376e+00
112769,4.1254053326930289e+03,3.6154666256383630e+00
112787,4.1254053326679987e+03,3.6154666256357277e+00
112805,4.1254053325595105e+03,3.6154666256243071e+00
112823,4.1254053324697425e+03,3.6154666256148569e+00
112841,4.1254053323714988e+03,3.6154666256045145e+00
112859,4.1254053321851716e+03,3.6154666255848991e+00
112877,4.1254053320392240e+03,3.6154666255695349e+00
112895,4.1254053319572376e+03,3.6154666255609036e+00
112913,4.1254053318381648e+03,3.6154666255483687e+00
112931,4.1254053318012384e+03,3.6154666255444812e+00
112949,4.1254053317363159e+03,3.6154666255376466e+00
112967,4.1254053316415911e+03,3.6154666255276746e+00
112985,4.1254053315705323e+03,3.6154666255201939e+00
113003,4.1254053314503972e+03,3.6154666255075472e+00
113021,4.1254053313430568e+03,3.6154666254962469e+00
113039,4.1254053312913047e+03,3.6154666254907988e+00
113057,4.1254053310327236e+03,3.6154666254635774e+00
113075,4.1254053307562699e+03,3.6154666254344741e+00
113093,4.1254053306387423e+03,3.6154666254221017e+00
113111,4.1254053301325921e+03,3.6154666253688177e+00
113129,4.1254053299735770e+03,3.6154666253520777e+00
113147,4.1254053295885624e+03,3.6154666253115457e+00
113165,4.1254053294839396e+03,3.6154666253005319e+00
113183,4.1254053294007517e+03,3.6154666252917744e+00
113201,4.1254053294007517e+03,3.6154666252917744e+00
113219,4.1254053293386787e+03,3.6154666252852397e+00
113237,4.1254053292989774e+03,3.6154666252810603e+00
113255,4.1254053292568860e+03,3.6154666252766292e+00
113273,4.1254053290235088e+03,3.6154666252520609e+00
113291,4.1254053289095773e+03,3.6154666252400669e+00
113309,4.1254053288305377e+03,3.6154666252317460e+00
113327,4.1254053286755734e+03,3.6154666252154324e+00
113345,4.1254053284988240e+03,3.6154666251968255e+00
113363,4.1254053283980529e+03,3.6154666251862171e+00
113381,4.1254053282712566e+03,3.6154666251728691e+00
113399,4.1254053282077930e+03,3.6154666251661878e+00
113417,4.1254053282077930e+03,3.6154666251661878e+00
113435,4.1254053281175402e+03,3.6154666251566865e+00
113453,4.1254053279882828e+03,3.6154666251430791e+00
113471,4.1254053279089394e+03,3.6154666251347267e+00
113489,4.1254053277526309e+03,3.6154666251182714e+00
113507,4.1254053276683480e+03,3.6154666251093990e+00
113525,4.1254053276641216e+03,3.6154666251089540e+00
113543,4.1254053276641216e+03,3.6154666251089540e+00
113561,4.1254053276641216e+03,3.6154666251089540e+00
113579,4.1254053276553186e+03,3.6154666251080272e+00
113597,4.1254053276238792e+03,3.6154666251047174e+00
113615,4.1254053275894312e+03,3.6154666251010910e+00
113633,4.1254053274669541e+03,3.6154666250881973e+00
113651,4.1254053274184225e+03,3.6154666250830885e+00
113669,4.1254053273153868e+03,3.6154666250722416e+00
113687,4.1254053272221418e+03,3.6154666250624254e+00
113705,4.1254053271254479e+03,3.6154666250522460e+00
113723,4.1254053270644072e+03,3.6154666250458201e+00
113741,4.1254053270007453e+03,3.6154666250391183e+00
113759,4.1254053270007453e+03,3.6154666250391183e+00
113777,4.1254053269432497e+03,3.6154666250330654e+00
113795,4.1254053269432497e+03,3.6154666250330654e+00
113813,4.1254053269432497e+03,3.6154666250330654e+00
113831,4.1254053269432497e+03,3.6154666250330654e+00
113849,4.1254053268916623e+03,3.6154666250276346e+00
113867,4.1254053268916623e+03,3.6154666250276346e+00
113885,4.1254053268320067e+03,3.6154666250213543e+00
113903,4.1254053268238595e+03,3.6154666250204968e+00
113921,4.1254053268026091e+03,3.6154666250182599e+00
113939,4.1254053267897925e+03,3.6154666250169103e+00
113957,4.1254053267897925e+03,3.6154666250169103e+00
113975,4.1254053267830495e+03,3.6154666250162006e+00
113993,4.1254053267746267e+03,3.6154666250153138e+00
114011,4.1254053267746267e+03,3.6154666250153138e+00
114029,4.1254053267716436e+03,3.6154666250149998e+00
114047,4.1254053267526624e+03,3.6154666250130019e+00
114065,4.1254053267172185e+03,3.6154666250092702e+00
114083,4.1254053267152440e+03,3.6154666250090624e+00
114101,4.1254053266950532e+03,3.6154666250069369e+00
114119,4.1254053266630681e+03,3.6154666250035699e+00
114137,4.1254053266265691e+03,3.6154666249997276e+00
114155,4.1254053266107621e+03,3.6154666249980636e+00
114173,4.1254053265951025e+03,3.6154666249964147e+00
114191,4.1254053265803032e+03,3.6154666249948568e+00
114209,4.1254053265692919e+03,3.6154666249936978e+00
114227,4.1254053265692919e+03,3.6154666249936978e+00
114245,4.1254053265692919e+03,3.6154666249936978e+00
114263,4.1254053265459415e+03,3.6154666249912397e+00
114281,4.1254053265087796e+03,3.6154666249873273e+00
114299,4.1254053264993063e+03,3.6154666249863299e+00
114317,4.1254053264993063e+03,3.6154666249863299e+00
114335,4.1254053264993063e+03,3.6154666249863299e+00
114353,4.1254053264993063e+03,3.6154666249863299e+00
114370,4.1254053264993063e+03,3.6154666249863299e+00
114387,4.1254053264963432e+03,3.6154666249860181e+00
114404,4.1254053264781760e+03,3.6154666249841054e+00
114421,4.1254053264772174e+03,3.6154666249840046e+00
114438,4.1254053264569056e+03,3.6154666249818663e+00
114455,4.1254053264400691e+03,3.6154666249800940e+00
114472,4.1254053264193089e+03,3.6154666249779086e+00
114489,4.1254053263871783e+03,3.6154666249745260e+00
114506,4.1254053263588839e+03,3.6154666249715475e+00
114523,4.1254053263260539e+03,3.6154666249680911e+00
114540,4.1254053262577645e+03,3.6154666249609022e+00
114557,4.1254053261419613e+03,3.6154666249487111e+00
114574,4.1254053259328730e+03,3.6154666249266998e+00
114591,4.1254053259275051e+03,3.6154666249261349e+00
114608,4.1254053259002658e+03,3.6154666249232670e+00
114625,4.1254053258275444e+03,3.6154666249156118e+00
114642,4.1254053258116928e+03,3.6154666249139429e+00
114659,4.1254053258116928e+03,3.6154666249139429e+00
114676,4.1254053258116928e+03,3.6154666249139429e+00
114693,4.1254053258116928e+03,3.6154666249139429e+00
114710,4.1254053258116928e+03,3.6154666249139429e+00
114727,4.1254053257643718e+03,3.6154666249089611e+00
114744,4.1254053257643718e+03,3.6154666249089611e+00
114761,4.1254053256448369e+03,3.6154666248963774e+00
114778,4.1254053256448369e+03,3.6154666248963774e+00
114795,4.1254053256448369e+03,3.6154666248963774e+00
114812,4.1254053255773988e+03,3.6154666248892777e+00
114829,4.1254053255574590e+03,3.6154666248871790e+00
114846,4.1254053254591072e+03,3.6154666248768250e+00
114863,4.1254053252658550e+03,3.6154666248564808e+00
114880,4.1254053249264425e+03,3.6154666248207499e+00
114897,4.1254053245062851e+03,3.6154666247765186e+00
114914,4.1254053244243760e+03,3.6154666247678957e+00
114931,4.1254053244199704e+03,3.6154666247674316e+00
114948,4.1254053243322851e+03,3.6154666247582008e+00
114965,4.1254053243322851e+03,3.6154666247582008e+00
114982,4.1254053243322851e+03,3.6154666247582008e+00
114999,4.1254053243322851e+03,3.6154666247582008e+00
115016,4.1254053242712089e+03,3.6154666247517713e+00
115033,4.1254053242710152e+03,3.6154666247517508e+00
115050,4.1254053242624359e+03,3.6154666247508476e+00
115067,4.1254053242551017e+03,3.6154666247500757e+00
115084,4.1254053242551017e+03,3.6154666247500757e+00
115101,4.1254053242418750e+03,3.6154666247486831e+00
115118,4.1254053242322943e+03,3.6154666247476746e+00
115135,4.1254053242233858e+03,3.6154666247467366e+00
115152,4.1254053242075115e+03,3.6154666247450655e+00
115169,4.1254053241899846e+03,3.6154666247432203e+00
115186,4.1254053241899846e+03,3.6154666247432203e+00
115203,4.1254053241725032e+03,3.6154666247413800e+00
115220,4.1254053241725032e+03,3.6154666247413800e+00
115237,4.1254053241725032e+03,3.6154666247413800e+00
115254,4.1254053241725032e+03,3.6154666247413800e+00
115271,4.1254053241725032e+03,3.6154666247413800e+00
115288,4.1254053241684387e+03,3.6154666247409524e+00
115305,4.1254053241684387e+03,3.6154666247409524e+00
115322,4.1254053241637394e+03,3.6154666247404577e+00
115339,4.1254053241585216e+03,3.6154666247399083e+00
115356,4.1254053241585216e+03,3.6154666247399083e+00
115373,4.1254053241550901e+03,3.6154666247395468e+00
115390,4.1254053241450856e+03,3.6154666247384939e+00
115407,4.1254053241244947e+03,3.6154666247363263e+00
115424,4.1254053240791600e+03,3.6154666247315537e+00
115441,4.1254053240506237e+03,3.6154666247285494e+00
115458,4.1254053239955456e+03,3.6154666247227514e+00
115475,4.1254053238986944e+03,3.6154666247125555e+00
115492,4.1254053237440994e+03,3.6154666246962806e+00
115509,4.1254053235636393e+03,3.6154666246772833e+00
115526,4.1254053233858922e+03,3.6154666246585712e+00
115543,4.1254053233858922e+03,3.6154666246585712e+00
115560,4.1254053230272357e+03,3.6154666246208143e+00
115577,4.1254053227016730e+03,3.6154666245865412e+00
115594,4.1254053225100824e+03,3.6154666245663720e+00
115611,4.1254053219196867e+03,3.6154666245042191e+00
115628,4.1254053215856256e+03,3.6154666244690512e+00
115645,4.1254053208325258e+03,3.6154666243897702e+00
115662,4.1254053195017696e+03,3.6154666242496774e+00
115679,4.1254053190305021e+03,3.6154666242000655e+00
115696,4.1254053188944945e+03,3.6154666241857476e+00
115713,4.1254053188944945e+03,3.6154666241857476e+00
115730,4.1254053186629244e+03,3.6154666241613693e+00
115747,4.1254053185546991e+03,3.6154666241499762e+00
115764,4.1254053180568353e+03,3.6154666240975644e+00
115781,4.1254053179429648e+03,3.6154666240855771e+00
115798,4.1254053178880340e+03,3.6154666240797941e+00
115815,4.1254053176623665e+03,3.6154666240560376e+00
115832,4.1254053175248227e+03,3.6154666240415576e+00
115849,4.1254053173871125e+03,3.6154666240270608e+00
115866,4.1254053172417362e+03,3.6154666240117566e+00
115883,4.1254053171689693e+03,3.6154666240040960e+00
115900,4.1254053169129766e+03,3.6154666239771469e+00
115917,4.1254053161982056e+03,3.6154666239019004e+00
115934,4.1254053154360827e+03,3.6154666238216695e+00
115951,4.1254053149767769e+03,3.6154666237733171e+00
115968,4.1254053142015073e+03,3.6154666236917019e+00
115985,4.1254053137584333e+03,3.6154666236450579e+00
116002,4.1254053135697814e+03,3.6154666236251982e+00
116019,4.1254053135697814e+03,3.6154666236251982e+00
116036,4.1254053120085164e+03,3.6154666234608386e+00
116053,4.1254053120085164e+03,3.6154666234608386e+00
116070,4.1254053120085164e+03,3.6154666234608386e+00
116087,4.1254053120085164e+03,3.6154666234608386e+00
116104,4.1254053120085164e+03,3.6154666234608386e+00
116121,4.1254053098097083e+03,3.6154666232293633e+00
116138,4.1254053086199210e+03,3.6154666231041106e+00
116155,4.1254053075274742e+03,3.6154666229891053e+00
116172,4.1254053075274742e+03,3.6154666229891053e+00
116189,4.1254053045186229e+03,3.6154666226723537e+00
116206,4.1254053038026614e+03,3.6154666225969825e+00
116223,4.1254053011014048e+03,3.6154666223126126e+00
116240,4.1254052985051731e+03,3.6154666220392988e+00
116257,4.1254052985051731e+03,3.6154666220392988e+00
116274,4.1254052984211858e+03,3.6154666220304574e+00
116291,4.1254052983797874e+03,3.6154666220260991e+00
116308,4.1254052969294689e+03,3.6154666218734195e+00
116325,4.1254052964783878e+03,3.6154666218259330e+00
116342,4.1254052946100455e+03,3.6154666216292468e+00
116359,4.1254052946100455e+03,3.6154666216292468e+00
116376,4.1254052946100455e+03,3.6154666216292468e+00
116393,4.1254052938008808e+03,3.6154666215440634e+00
116410,4.1254052938008808e+03,3.6154666215440634e+00
116427,4.1254052928483534e+03,3.6154666214437876e+00
116444,4.1254052928483534e+03,3.6154666214437876e+00
116461,4.1254052928483534e+03,3.6154666214437876e+00
116478,4.1254052928483534e+03,3.6154666214437876e+00
116495,4.1254052928483534e+03,3.6154666214437876e+00
116512,4.1254052928483534e+03,3.6154666214437876e+00
116529,4.1254052926851000e+03,3.6154666214266014e+00
116546,4.1254052925914921e+03,3.6154666214167470e+00
116563,4.1254052924526541e+03,3.6154666214021312e+00
116580,4.1254052924526541e+03,3.6154666214021312e+00
116597,4.1254052924526541e+03,3.6154666214021312e+00
116614,4.1254052924526541e+03,3.6154666214021312e+00
116631,4.1254052924526541e+03,3.6154666214021312e+00
116648,4.1254052923209774e+03,3.6154666213882694e+00
116665,4.1254052921404000e+03,3.6154666213692592e+00
116682,4.1254052921404000e+03,3.6154666213692592e+00
116699,4.1254052921404000e+03,3.6154666213692592e+00
116716,4.1254052920687063e+03,3.6154666213617119e+00
116733,4.1254052919783117e+03,3.6154666213521955e+00
116750,4.1254052918922971e+03,3.6154666213431406e+00
116767,4.1254052918922971e+03,3.6154666213431406e+00
116784,4.1254052917633862e+03,3.6154666213295696e+00
116801,4.1254052917633862e+03,3.6154666213295696e+00
116818,4.1254052912491170e+03,3.6154666212754312e+00
116835,4.1254052911351882e+03,3.6154666212634372e+00
116852,4.1254052906639272e+03,3.6154666212138262e+00
116869,4.1254052901919231e+03,3.6154666211641366e+00
116886,4.1254052889449194e+03,3.6154666210328608e+00
116903,4.1254052889449194e+03,3.6154666210328608e+00
116920,4.1254052889134855e+03,3.6154666210295519e+00
116937,4.1254052887375883e+03,3.6154666210110342e+00
116954,4.1254052887375883e+03,3.6154666210110342e+00
116971,4.1254052881535990e+03,3.6154666209495558e+00
116988,4.1254052878907532e+03,3.6154666209218855e+00
117005,4.1254052878907532e+03,3.6154666209218855e+00
117022,4.1254052875909738e+03,3.6154666208903268e+00
117039,4.1254052874111439e+03,3.6154666208713953e+00
117056,4.1254052869472698e+03,3.6154666208225619e+00
117073,4.1254052863587394e+03,3.6154666207606057e+00
117090,4.1254052862659910e+03,3.6154666207508415e+00
117107,4.1254052858908881e+03,3.6154666207113531e+00
117124,4.1254052858908881e+03,3.6154666207113531e+00
117141,4.1254052855713699e+03,3.6154666206777164e+00
117158,4.1254052849702884e+03,3.6154666206144390e+00
117175,4.1254052849650661e+03,3.6154666206138892e+00
117192,4.1254052843462150e+03,3.6154666205487405e+00
117209,4.1254052837775080e+03,3.6154666204888710e+00
117226,4.1254052828794956e+03,3.6154666203943346e+00
117243,4.1254052816330077e+03,3.6154666202631125e+00
117260,4.1254052795625967e+03,3.6154666200451540e+00
117277,4.1254052763164327e+03,3.6154666197034202e+00
117294,4.1254052763164327e+03,3.6154666197034202e+00
117311,4.1254052759638735e+03,3.6154666196663050e+00
117328,4.1254052759638735e+03,3.6154666196663050e+00
117345,4.1254052759638735e+03,3.6154666196663050e+00
117362,4.1254052759638735e+03,3.6154666196663050e+00
117379,4.1254052738580476e+03,3.6154666194446179e+00
117396,4.1254052727557983e+03,3.6154666193285809e+00
117413,4.1254052712405646e+03,3.6154666191690672e+00
117430,4.1254052707479232e+03,3.6154666191172056e+00
117447,4.1254052705658105e+03,3.6154666190980338e+00
117464,4.1254052705658105e+03,3.6154666190980338e+00
117481,4.1254052700126176e+03,3.6154666190397973e+00
117498,4.1254052700126176e+03,3.6154666190397973e+00
117515,4.1254052693424046e+03,3.6154666189692422e+00
117532,4.1254052693424046e+03,3.6154666189692422e+00
117549,4.1254052693424046e+03,3.6154666189692422e+00
117566,4.1254052691441439e+03,3.6154666189483704e+00
117583,4.1254052689868267e+03,3.6154666189318090e+00
117600,4.1254052678225953e+03,3.6154666188092470e+00
117617,4.1254052676936672e+03,3.6154666187956743e+00
117634,4.1254052675884386e+03,3.6154666187845965e+00
117650,4.1254052675686544e+03,3.6154666187825137e+00
117666,4.1254052675686544e+03,3.6154666187825137e+00
117682,4.1254052674198974e+03,3.6154666187668534e+00
117698,4.1254052673512506e+03,3.6154666187596267e+00
117714,4.1254052673244578e+03,3.6154666187568063e+00
117730,4.1254052672835987e+03,3.6154666187525049e+00
117746,4.1254052672072676e+03,3.6154666187444695e+00
117762,4.1254052672027274e+03,3.6154666187439912e+00
117778,4.1254052671769959e+03,3.6154666187412827e+00
117794,4.1254052671574773e+03,3.6154666187392279e+00
117810,4.1254052670909314e+03,3.6154666187322224e+00
117826,4.1254052670421543e+03,3.6154666187270874e+00
117842,4.1254052669445582e+03,3.6154666187168130e+00
117858,4.1254052667778851e+03,3.6154666186992670e+00
117874,4.1254052666414109e+03,3.6154666186848998e+00
117890,4.1254052663180810e+03,3.6154666186508617e+00
117906,4.1254052661185906e+03,3.6154666186298607e+00
117922,4.1254052659471008e+03,3.6154666186118076e+00
117938,4.1254052654245534e+03,3.6154666185567974e+00
117954,4.1254052649130426e+03,3.6154666185029489e+00
117970,4.1254052640674045e+03,3.6154666184139259e+00
117986,4.1254052625465574e+03,3.6154666182538215e+00
118002,4.1254052608216907e+03,3.6154666180722392e+00
118018,4.1254052579531526e+03,3.6154666177702595e+00
118034,4.1254052516815955e+03,3.6154666171100325e+00
118050,4.1254052449523479e+03,3.6154666164016236e+00
118066,4.1254052385657633e+03,3.6154666157292876e+00
118082,4.1254052372032829e+03,3.6154666155858548e+00
118098,4.1254052372032829e+03,3.6154666155858548e+00
118114,4.1254052365093839e+03,3.6154666155128057e+00
118130,4.1254052365093839e+03,3.6154666155128057e+00
118146,4.1254052364265590e+03,3.6154666155040864e+00
118162,4.1254052361852482e+03,3.6154666154786832e+00
118178,4.1254052361852482e+03,3.6154666154786832e+00
118194,4.1254052340919989e+03,3.6154666152583199e+00
118210,4.1254052340919989e+03,3.6154666152583199e+00
118226,4.1254052331773210e+03,3.6154666151620289e+00
118242,4.1254052325526027e+03,3.6154666150962629e+00
118258,4.1254052322714242e+03,3.6154666150666626e+00
118274,4.1254052322714242e+03,3.6154666150666626e+00
118290,4.1254052321349800e+03,3.6154666150522985e+00
118306,4.1254052320444707e+03,3.6154666150427701e+00
118322,4.1254052317311834e+03,3.6154666150097894e+00
118338,4.1254052316540037e+03,3.6154666150016648e+00
118354,4.1254052313565180e+03,3.6154666149703472e+00
118370,4.1254052313046395e+03,3.6154666149648857e+00
118386,4.1254052311057812e+03,3.6154666149439514e+00
118402,4.1254052308177361e+03,3.6154666149136281e+00
118418,4.1254052308177361e+03,3.6154666149136281e+00
118434,4.1254052303784629e+03,3.6154666148673842e+00
118450,4.1254052303784629e+03,3.6154666148673842e+00
118466,4.1254052303778926e+03,3.6154666148673242e+00
118482,4.1254052302791770e+03,3.6154666148569321e+00
118498,4.1254052301832044e+03,3.6154666148468291e+00
118514,4.1254052301832044e+03,3.6154666148468291e+00
118530,4.1254052301832044e+03,3.6154666148468291e+00
118546,4.1254052301078491e+03,3.6154666148388959e+00
118562,4.1254052301078491e+03,3.6154666148388959e+00
118578,4.1254052300021576e+03,3.6154666148277697e+00
118594,4.1254052299320674e+03,3.6154666148203911e+00
118610,4.1254052297422850e+03,3.6154666148004120e+00
118626,4.1254052297142725e+03,3.6154666147974628e+00
118642,4.1254052295668380e+03,3.6154666147819419e+00
118658,4.1254052295468682e+03,3.6154666147798400e+00
118674,4.1254052293955465e+03,3.6154666147639096e+00
118690,4.1254052293955465e+03,3.6154666147639096e+00
118706,4.1254052292968072e+03,3.6154666147535153e+00
118722,4.1254052291102589e+03,3.6154666147338768e+00
118738,4.1254052288186767e+03,3.6154666147031809e+00
118754,4.1254052287197001e+03,3.6154666146927612e+00
118770,4.1254052281850318e+03,3.6154666146364751e+00
118786,4.1254052281850318e+03,3.6154666146364751e+00
118802,4.1254052278963572e+03,3.6154666146060852e+00
118818,4.1254052278963572e+03,3.6154666146060852e+00
118834,4.1254052278963572e+03,3.6154666146060852e+00
118850,4.1254052278963572e+03,3.6154666146060852e+00
118866,4.1254052278144527e+03,3.6154666145974628e+00
118882,4.1254052278144527e+03,3.6154666145974628e+00
118898,4.1254052277472692e+03,3.6154666145903902e+00
118914,4.1254052277472692e+03,3.6154666145903902e+00
118930,4.1254052277472692e+03,3.6154666145903902e+00
118946,4.1254052277472692e+03,3.6154666145903902e+00
118962,4.1254052277472692e+03,3.6154666145903902e+00
118978,4.1254052275656604e+03,3.6154666145712717e+00
118994,4.1254052274691794e+03,3.6154666145611150e+00
119010,4.1254052273481411e+03,3.6154666145483727e+00
119026,4.1254052271838809e+03,3.6154666145310808e+00
119042,4.1254052270347383e+03,3.6154666145153800e+00
119058,4.1254052269383892e+03,3.6154666145052370e+00
119074,4.1254052269383892e+03,3.6154666145052370e+00
119090,4.1254052267404995e+03,3.6154666144844043e+00
119106,4.1254052265329110e+03,3.6154666144625511e+00
119122,4.1254052264026222e+03,3.6154666144488350e+00
119138,4.1254052264026222e+03,3.6154666144488350e+00
119154,4.1254052264026222e+03,3.6154666144488350e+00
119170,4.1254052264026222e+03,3.6154666144488350e+00
119186,4.1254052264026222e+03,3.6154666144488350e+00
119202,4.1254052264004577e+03,3.6154666144486072e+00
119218,4.1254052263732956e+03,3.6154666144457477e+00
119234,4.1254052263318181e+03,3.6154666144413814e+00
119250,4.1254052261776105e+03,3.6154666144251473e+00
119266,4.1254052261417000e+03,3.6154666144213667e+00
119282,4.1254052261417000e+03,3.6154666144213667e+00
119298,4.1254052261347315e+03,3.6154666144206336e+00
119314,4.1254052261347315e+03,3.6154666144206336e+00
119330,4.1254052261201541e+03,3.6154666144190988e+00
119346,4.1254052261180368e+03,3.6154666144188758e+00
119362,4.1254052261060360e+03,3.6154666144176124e+00
119378,4.1254052261052866e+03,3.6154666144175334e+00
119394,4.1254052260871440e+03,3.6154666144156238e+00
119410,4.1254052260822791e+03,3.6154666144151113e+00
119426,4.1254052260751832e+03,3.6154666144143643e+00
119442,4.1254052260751832e+03,3.6154666144143643e+00
119458,4.1254052260751832e+03,3.6154666144143643e+00
119474,4.1254052260640374e+03,3.6154666144131911e+00
119490,4.1254052260640374e+03,3.6154666144131911e+00
119506,4.1254052260566159e+03,3.6154666144124099e+00
119522,4.1254052260143426e+03,3.6154666144079597e+00
119538,4.1254052260134622e+03,3.6154666144078669e+00
119554,4.1254052260051503e+03,3.6154666144069920e+00
119570,4.1254052260013832e+03,3.6154666144065954e+00
119586,4.1254052260013832e+03,3.6154666144065954e+00
119602,4.1254052259826140e+03,3.6154666144046192e+00
119618,4.1254052259826140e+03,3.6154666144046192e+00
119634,4.1254052259795408e+03,3.6154666144042960e+00
119650,4.1254052259744858e+03,3.6154666144037639e+00
119666,4.1254052259516602e+03,3.6154666144013610e+00
119682,4.1254052259334676e+03,3.6154666143994456e+00
119698,4.1254052259321270e+03,3.6154666143993044e+00
119714,4.1254052259321270e+03,3.6154666143993044e+00
119730,4.1254052259321270e+03,3.6154666143993044e+00
119746,4.1254052259321270e+03,3.6154666143993044e+00
119762,4.1254052259218706e+03,3.6154666143982248e+00
119778,4.1254052259191767e+03,3.6154666143979410e+00
119794,4.1254052258852862e+03,3.6154666143943737e+00
119810,4.1254052258852862e+03,3.6154666143943737e+00
119826,4.1254052258667907e+03,3.6154666143924263e+00
119842,4.1254052258608854e+03,3.6154666143918046e+00
119858,4.1254052258608854e+03,3.6154666143918046e+00
119874,4.1254052258608854e+03,3.6154666143918046e+00
119890,4.1254052258603961e+03,3.6154666143917531e+00
119906,4.1254052258410265e+03,3.6154666143897143e+00
119922,4.1254052258410265e+03,3.6154666143897143e+00
119938,4.1254052258410265e+03,3.6154666143897143e+00
119954,4.1254052258263328e+03,3.6154666143881671e+00
119970,4.1254052258263328e+03,3.6154666143881671e+00
119986,4.1254052258263328e+03,3.6154666143881671e+00
120002,4.1254052258263328e+03,3.6154666143881671e+00
120018,4.1254052258257907e+03,3.6154666143881102e+00
120034,4.1254052258189577e+03,3.6154666143873908e+00
120050,4.1254052258161346e+03,3.6154666143870937e+00
120066,4.1254052258069305e+03,3.6154666143861247e+00
120082,4.1254052257967705e+03,3.6154666143850553e+00
120098,4.1254052257742705e+03,3.6154666143826866e+00
120114,4.1254052257691037e+03,3.6154666143821426e+00
120130,4.1254052257478552e+03,3.6154666143799057e+00
120146,4.1254052256894602e+03,3.6154666143737582e+00
120162,4.1254052256595032e+03,3.6154666143706047e+00
120178,4.1254052256595032e+03,3.6154666143706047e+00
120194,4.1254052256595032e+03,3.6154666143706047e+00
120210,4.1254052256595032e+03,3.6154666143706047e+00
120226,4.1254052256595032e+03,3.6154666143706047e+00
120242,4.1254052256418154e+03,3.6154666143687426e+00
120258,4.1254052256163804e+03,3.6154666143660648e+00
120274,4.1254052256163804e+03,3.6154666143660648e+00
120290,4.1254052256123277e+03,3.6154666143656384e+00
120306,4.1254052256123277e+03,3.6154666143656384e+00
120322,4.1254052256123277e+03,3.6154666143656384e+00
120338,4.1254052256123277e+03,3.6154666143656384e+00
120354,4.1254052256123277e+03,3.6154666143656384e+00
120370,4.1254052256123277e+03,3.6154666143656384e+00
120386,4.1254052256082168e+03,3.6154666143652054e+00
120402,4.1254052256000887e+03,3.6154666143643497e+00
120418,4.1254052256000887e+03,3.6154666143643497e+00
120434,4.1254052256000887e+03,3.6154666143643497e+00
120450,4.1254052256000887e+03,3.6154666143643497e+00
120466,4.1254052256000887e+03,3.6154666143643497e+00
120482,4.1254052256000887e+03,3.6154666143643497e+00
120498,4.1254052255996348e+03,3.6154666143643022e+00
120514,4.1254052255983961e+03,3.6154666143641716e+00
120530,4.1254052255956585e+03,3.6154666143638834e+00
120546,4.1254052255956585e+03,3.6154666143638834e+00
120562,4.1254052255892802e+03,3.6154666143632119e+00
120578,4.1254052255656106e+03,3.6154666143607201e+00
120594,4.1254052255656106e+03,3.6154666143607201e+00
120610,4.1254052255563311e+03,3.6154666143597431e+00
120626,4.1254052255385941e+03,3.6154666143578762e+00
120642,4.1254052255053020e+03,3.6154666143543714e+00
120658,4.1254052255053020e+03,3.6154666143543714e+00
120674,4.1254052255026290e+03,3.6154666143540899e+00
120690,4.1254052254901799e+03,3.6154666143527794e+00
120706,4.1254052254784474e+03,3.6154666143515444e+00
120722,4.1254052254687349e+03,3.6154666143505216e+00
120738,4.1254052254316448e+03,3.6154666143466172e+00
120754,4.1254052253731388e+03,3.6154666143404581e+00
120770,4.1254052253019263e+03,3.6154666143329615e+00
120786,4.1254052251377088e+03,3.6154666143156735e+00
120802,4.1254052249714332e+03,3.6154666142981693e+00
120818,4.1254052245893226e+03,3.6154666142579432e+00
120834,4.1254052242955704e+03,3.6154666142270191e+00
120850,4.1254052239243802e+03,3.6154666141879428e+00
120866,4.1254052232929926e+03,3.6154666141214746e+00
120882,4.1254052228030860e+03,3.6154666140699003e+00
120898,4.1254052219784562e+03,3.6154666139830889e+00
120914,4.1254052219158884e+03,3.6154666139765022e+00
120930,4.1254052218210027e+03,3.6154666139665133e+00
120946,4.1254052218210027e+03,3.6154666139665133e+00
120962,4.1254052218210027e+03,3.6154666139665133e+00
120978,4.1254052217401477e+03,3.6154666139580014e+00
120994,4.1254052216046866e+03,3.6154666139437412e+00
121010,4.1254052212988572e+03,3.6154666139115457e+00
121026,4.1254052212064316e+03,3.6154666139018157e+00
121042,4.1254052211776498e+03,3.6154666138987857e+00
121058,4.1254052209828524e+03,3.6154666138782785e+00
121074,4.1254052209262072e+03,3.6154666138723153e+00
121090,4.1254052209180063e+03,3.6154666138714520e+00
121106,4.1254052206979513e+03,3.6154666138482860e+00
121122,4.1254052206507795e+03,3.6154666138433202e+00
121138,4.1254052206507795e+03,3.6154666138433202e+00
121154,4.1254052206507795e+03,3.6154666138433202e+00
121170,4.1254052206507795e+03,3.6154666138433202e+00
121186,4.1254052206507795e+03,3.6154666138433202e+00
121202,4.1254052205391736e+03,3.6154666138315714e+00
121218,4.1254052205364296e+03,3.6154666138312823e+00
121234,4.1254052204964200e+03,3.6154666138270706e+00
121250,4.1254052204121172e+03,3.6154666138181955e+00
121266,4.1254052203874444e+03,3.6154666138155984e+00
121282,4.1254052203631372e+03,3.6154666138130391e+00
121298,4.1254052203390920e+03,3.6154666138105078e+00
121314,4.1254052203256369e+03,3.6154666138090916e+00
121330,4.1254052202771809e+03,3.6154666138039904e+00
121345,4.1254052202055536e+03,3.6154666137964502e+00
121360,4.1254052201671966e+03,3.6154666137924121e+00
121375,4.1254052201054774e+03,3.6154666137859146e+00
121390,4.1254052200209717e+03,3.6154666137770186e+00
121405,4.1254052198740737e+03,3.6154666137615541e+00
121420,4.1254052195397253e+03,3.6154666137263560e+00
121435,4.1254052192288100e+03,3.6154666136936253e+00
121450,4.1254052191324026e+03,3.6154666136834761e+00
121465,4.1254052188278038e+03,3.6154666136514098e+00
121480,4.1254052184439070e+03,3.6154666136109959e+00
121495,4.1254052177046924e+03,3.6154666135331763e+00
121510,4.1254052169943079e+03,3.6154666134583922e+00
121525,4.1254052163400775e+03,3.6154666133895192e+00
121540,4.1254052154197134e+03,3.6154666132926296e+00
121555,4.1254052133094001e+03,3.6154666130704700e+00
121570,4.1254052128104859e+03,3.6154666130179476e+00
121585,4.1254052104147913e+03,3.6154666127657453e+00
121600,4.1254052100453537e+03,3.6154666127268538e+00
121615,4.1254052086266856e+03,3.6154666125775057e+00
121630,4.1254052071075430e+03,3.6154666124175807e+00
121645,4.1254052030773246e+03,3.6154666119933072e+00
121660,4.1254051993967341e+03,3.6154666116058398e+00
121675,4.1254051972052912e+03,3.6154666113751395e+00
121690,4.1254051967113028e+03,3.6154666113231357e+00
121705,4.1254051967113028e+03,3.6154666113231357e+00
121720,4.1254051959343533e+03,3.6154666112413438e+00
121735,4.1254051906885043e+03,3.6154666106890967e+00
121750,4.1254051878661940e+03,3.6154666103919832e+00
121765,4.1254051811901209e+03,3.6154666096891717e+00
121780,4.1254051686939047e+03,3.6154666083736555e+00
121795,4.1254051662162701e+03,3.6154666081128268e+00
121810,4.1254051591510861e+03,3.6154666073690525e+00
121825,4.1254051591510861e+03,3.6154666073690525e+00
121840,4.1254051565885220e+03,3.6154666070992834e+00
121855,4.1254051536498155e+03,3.6154666067899166e+00
121870,4.1254051480595872e+03,3.6154666062014154e+00
121885,4.1254051405895389e+03,3.6154666054150195e+00
121900,4.1254051398020511e+03,3.6154666053321183e+00
121915,4.1254051398020511e+03,3.6154666053321183e+00
121930,4.1254051398020511e+03,3.6154666053321183e+00
121945,4.1254051398020511e+03,3.6154666053321183e+00
121960,4.1254051393697964e+03,3.6154666052866138e+00
121975,4.1254051386849997e+03,3.6154666052145230e+00
121990,4.1254051385775156e+03,3.6154666052032076e+00
122005,4.1254051372600206e+03,3.6154666050645106e+00
122020,4.1254051369137842e+03,3.6154666050280615e+00
122035,4.1254051369137842e+03,3.6154666050280615e+00
122050,4.1254051369137842e+03,3.6154666050280615e+00
122065,4.1254051363931412e+03,3.6154666049732516e+00
122080,4.1254051361100273e+03,3.6154666049434474e+00
122095,4.1254051359744344e+03,3.6154666049291730e+00
122110,4.1254051359744344e+03,3.6154666049291730e+00
122125,4.1254051357704620e+03,3.6154666049077004e+00
122140,4.1254051355205129e+03,3.6154666048813873e+00
122155,4.1254051355205129e+03,3.6154666048813873e+00
122170,4.1254051355047914e+03,3.6154666048797321e+00
122185,4.1254051354462781e+03,3.6154666048735722e+00
122200,4.1254051351196840e+03,3.6154666048391908e+00
122215,4.1254051349076772e+03,3.6154666048168722e+00
122230,4.1254051345507032e+03,3.6154666047792925e+00
122245,4.1254051344503214e+03,3.6154666047687249e+00
122260,4.1254051338673944e+03,3.6154666047073585e+00
122275,4.1254051338586487e+03,3.6154666047064374e+00
122290,4.1254051336553266e+03,3.6154666046850332e+00
122305,4.1254051335226259e+03,3.6154666046710635e+00
122320,4.1254051333177022e+03,3.6154666046494905e+00
122335,4.1254051332454974e+03,3.6154666046418891e+00
122350,4.1254051330303400e+03,3.6154666046192387e+00
122365,4.1254051329273379e+03,3.6154666046083954e+00
122380,4.1254051327230236e+03,3.6154666045868868e+00
122395,4.1254051322586347e+03,3.6154666045379988e+00
122410,4.1254051313956597e+03,3.6154666044471511e+00
122425,4.1254051308191565e+03,3.6154666043864605e+00
122440,4.1254051300400124e+03,3.6154666043044377e+00
122455,4.1254051296559637e+03,3.6154666042640078e+00
122470,4.1254051296559637e+03,3.6154666042640078e+00
122485,4.1254051296559637e+03,3.6154666042640078e+00
122500,4.1254051292135464e+03,3.6154666042174330e+00
122515,4.1254051290137431e+03,3.6154666041963992e+00
122530,4.1254051288910396e+03,3.6154666041834815e+00
122545,4.1254051282266446e+03,3.6154666041135388e+00
122560,4.1254051270719092e+03,3.6154666039919761e+00
122575,4.1254051251919345e+03,3.6154666037940650e+00
122590,4.1254051221509872e+03,3.6154666034739349e+00
122605,4.1254051150785799e+03,3.6154666027294002e+00
122620,4.1254051150785799e+03,3.6154666027294002e+00
122635,4.1254051083359736e+03,3.6154666020195845e+00
122650,4.1254051063891347e+03,3.6154666018146346e+00
122665,4.1254051063891347e+03,3.6154666018146346e+00
122680,4.1254051045873657e+03,3.6154666016249566e+00
122695,4.1254051018716773e+03,3.6154666013390675e+00
122710,4.1254051018716773e+03,3.6154666013390675e+00
122725,4.1254051013573262e+03,3.6154666012849201e+00
122740,4.1254051009412233e+03,3.6154666012411156e+00
122755,4.1254051009187151e+03,3.6154666012387464e+00
122770,4.1254050997375598e+03,3.6154666011144023e+00
122785,4.1254050994685222e+03,3.6154666010860796e+00
122800,4.1254050986060593e+03,3.6154666009952856e+00
122815,4.1254050986060593e+03,3.6154666009952856e+00
122830,4.1254050982378612e+03,3.6154666009565242e+00
122845,4.1254050981096125e+03,3.6154666009430230e+00
122860,4.1254050979121630e+03,3.6154666009222369e+00
122875,4.1254050978780551e+03,3.6154666009186465e+00
122890,4.1254050978780551e+03,3.6154666009186465e+00
122905,4.1254050978613677e+03,3.6154666009168897e+00
122920,4.1254050978115947e+03,3.6154666009116498e+00
122935,4.1254050976343842e+03,3.6154666008929945e+00
122950,4.1254050973209869e+03,3.6154666008600018e+00
122965,4.1254050970077360e+03,3.6154666008270251e+00
122980,4.1254050964795815e+03,3.6154666007714247e+00
122995,4.1254050956995234e+03,3.6154666006893055e+00
123010,4.1254050930975272e+03,3.6154666004153850e+00
123025,4.1254050930975272e+03,3.6154666004153850e+00
123040,4.1254050900164020e+03,3.6154666000910254e+00
123055,4.1254050893186559e+03,3.6154666000175713e+00
123070,4.1254050893186559e+03,3.6154666000175713e+00
123085,4.1254050893186559e+03,3.6154666000175713e+00
123100,4.1254050893186559e+03,3.6154666000175713e+00
123115,4.1254050893186559e+03,3.6154666000175713e+00
123130,4.1254050893186559e+03,3.6154666000175713e+00
123145,4.1254050887784715e+03,3.6154665999607043e+00
123160,4.1254050886269051e+03,3.6154665999447486e+00
123175,4.1254050886269051e+03,3.6154665999447486e+00
123190,4.1254050886269051e+03,3.6154665999447486e+00
123205,4.1254050885987726e+03,3.6154665999417870e+00
123220,4.1254050883561813e+03,3.6154665999162483e+00
123235,4.1254050876864467e+03,3.6154665998457434e+00
123250,4.1254050869531093e+03,3.6154665997685425e+00
123265,4.1254050853522122e+03,3.6154665996000110e+00
123280,4.1254050853522122e+03,3.6154665996000110e+00
123295,4.1254050843553778e+03,3.6154665994950714e+00
123310,4.1254050842358538e+03,3.6154665994824886e+00
123325,4.1254050841115595e+03,3.6154665994694035e+00
123340,4.1254050839580868e+03,3.6154665994532471e+00
123355,4.1254050839580868e+03,3.6154665994532471e+00
123370,4.1254050839161473e+03,3.6154665994488320e+00
123385,4.1254050838419853e+03,3.6154665994410249e+00
123400,4.1254050838419853e+03,3.6154665994410249e+00
123415,4.1254050838419853e+03,3.6154665994410249e+00
123430,4.1254050837940404e+03,3.6154665994359774e+00
123445,4.1254050836736105e+03,3.6154665994232995e+00
123460,4.1254050835818935e+03,3.6154665994136441e+00
123475,4.1254050834907903e+03,3.6154665994040531e+00
123490,4.1254050832764378e+03,3.6154665993814876e+00
123505,4.1254050829842427e+03,3.6154665993507273e+00
123520,4.1254050829077596e+03,3.6154665993426760e+00
123535,4.1254050829023654e+03,3.6154665993421080e+00
123550,4.1254050828336103e+03,3.6154665993348698e+00
123565,4.1254050827805713e+03,3.6154665993292863e+00
123580,4.1254050827805713e+03,3.6154665993292863e+00
123595,4.1254050827614974e+03,3.6154665993272785e+00
123610,4.1254050827076690e+03,3.6154665993216115e+00
123625,4.1254050826951325e+03,3.6154665993202921e+00
123640,4.1254050826851026e+03,3.6154665993192361e+00
123655,4.1254050826524435e+03,3.6154665993157979e+00
123670,4.1254050826432249e+03,3.6154665993148276e+00
123685,4.1254050826258263e+03,3.6154665993129957e+00
123700,4.1254050826020739e+03,3.6154665993104955e+00
123715,4.1254050825768836e+03,3.6154665993078434e+00
123730,4.1254050825719378e+03,3.6154665993073229e+00
123745,4.1254050825664281e+03,3.6154665993067430e+00
123760,4.1254050825584372e+03,3.6154665993059014e+00
123775,4.1254050825582917e+03,3.6154665993058863e+00
123790,4.1254050825427603e+03,3.6154665993042512e+00
123805,4.1254050825388631e+03,3.6154665993038408e+00
123820,4.1254050825108661e+03,3.6154665993008934e+00
123835,4.1254050824935448e+03,3.6154665992990700e+00
123850,4.1254050824742299e+03,3.6154665992970370e+00
123865,4.1254050824742299e+03,3.6154665992970370e+00
123880,4.1254050824480173e+03,3.6154665992942774e+00
123895,4.1254050824417318e+03,3.6154665992936157e+00
123910,4.1254050824313954e+03,3.6154665992925277e+00
123925,4.1254050824313954e+03,3.6154665992925277e+00
123940,4.1254050824313445e+03,3.6154665992925219e+00
123955,4.1254050824250016e+03,3.6154665992918544e+00
123970,4.1254050824228598e+03,3.6154665992916288e+00
123985,4.1254050824164487e+03,3.6154665992909538e+00
124000,4.1254050824164487e+03,3.6154665992909538e+00
124015,4.1254050824164487e+03,3.6154665992909538e+00
124030,4.1254050824164487e+03,3.6154665992909538e+00
124045,4.1254050824164487e+03,3.6154665992909538e+00
124060,4.1254050824164487e+03,3.6154665992909538e+00
124075,4.1254050824164487e+03,3.6154665992909538e+00
124090,4.1254050824144870e+03,3.6154665992907473e+00
124105,4.1254050824076630e+03,3.6154665992900292e+00
124120,4.1254050824076630e+03,3.6154665992900292e+00
124135,4.1254050824073765e+03,3.6154665992899990e+00
124150,4.1254050824031629e+03,3.6154665992895554e+00
124165,4.1254050823930138e+03,3.6154665992884869e+00
124180,4.1254050823896114e+03,3.6154665992881285e+00
124195,4.1254050823696725e+03,3.6154665992860298e+00
124210,4.1254050823629232e+03,3.6154665992853192e+00
124225,4.1254050823606749e+03,3.6154665992850825e+00
124240,4.1254050823565531e+03,3.6154665992846486e+00
124255,4.1254050823550551e+03,3.6154665992844910e+00
124270,4.1254050823550551e+03,3.6154665992844910e+00
124285,4.1254050823518919e+03,3.6154665992841579e+00
124300,4.1254050823475836e+03,3.6154665992837045e+00
124315,4.1254050823405451e+03,3.6154665992829633e+00
124330,4.1254050823313928e+03,3.6154665992820001e+00
124345,4.1254050823250072e+03,3.6154665992813277e+00
124360,4.1254050823243069e+03,3.6154665992812540e+00
124375,4.1254050823219468e+03,3.6154665992810053e+00
124390,4.1254050823182924e+03,3.6154665992806208e+00
124405,4.1254050823182924e+03,3.6154665992806208e+00
124420,4.1254050823166626e+03,3.6154665992804493e+00
124435,4.1254050823166626e+03,3.6154665992804493e+00
124450,4.1254050823144116e+03,3.6154665992802122e+00
124465,4.1254050823125517e+03,3.6154665992800163e+00
124480,4.1254050823095231e+03,3.6154665992796975e+00
124495,4.1254050823091820e+03,3.6154665992796615e+00
124510,4.1254050823063062e+03,3.6154665992793591e+00
124525,4.1254050823005282e+03,3.6154665992787507e+00
124540,4.1254050822986219e+03,3.6154665992785500e+00
124555,4.1254050822889676e+03,3.6154665992775334e+00
124570,4.1254050822769268e+03,3.6154665992762660e+00
124585,4.1254050822638637e+03,3.6154665992748911e+00
124600,4.1254050822235422e+03,3.6154665992706461e+00
124615,4.1254050821991814e+03,3.6154665992680814e+00
124630,4.1254050821672081e+03,3.6154665992647157e+00
124645,4.1254050821456412e+03,3.6154665992624451e+00
124660,4.1254050820869588e+03,3.6154665992562673e+00
124675,4.1254050819822678e+03,3.6154665992452464e+00
124690,4.1254050817663701e+03,3.6154665992225183e+00
124705,4.1254050812491232e+03,3.6154665991680659e+00
124720,4.1254050808644588e+03,3.6154665991275712e+00
124735,4.1254050805738161e+03,3.6154665990969743e+00
124750,4.1254050803392020e+03,3.6154665990722759e+00
124765,4.1254050801248550e+03,3.6154665990497108e+00
124780,4.1254050799181759e+03,3.6154665990279531e+00
124795,4.1254050796683005e+03,3.6154665990016479e+00
124810,4.1254050794565828e+03,3.6154665989793595e+00
124825,4.1254050794565828e+03,3.6154665989793595e+00
124840,4.1254050794565828e+03,3.6154665989793595e+00
124855,4.1254050794028444e+03,3.6154665989737023e+00
124870,4.1254050792595663e+03,3.6154665989586188e+00
124885,4.1254050790892870e+03,3.6154665989406931e+00
124900,4.1254050790892870e+03,3.6154665989406931e+00
124915,4.1254050790892870e+03,3.6154665989406931e+00
124930,4.1254050789798248e+03,3.6154665989291699e+00
124945,4.1254050789798248e+03,3.6154665989291699e+00
124960,4.1254050788806799e+03,3.6154665989187325e+00
124975,4.1254050788239147e+03,3.6154665989127563e+00
124990,4.1254050788239147e+03,3.6154665989127563e+00
125005,4.1254050788112581e+03,3.6154665989114241e+00
125020,4.1254050788070181e+03,3.6154665989109778e+00
125035,4.1254050787848328e+03,3.6154665989086423e+00
125050,4.1254050787848328e+03,3.6154665989086423e+00
125065,4.1254050787594815e+03,3.6154665989059733e+00
125080,4.1254050787005399e+03,3.6154665988997685e+00
125095,4.1254050787005399e+03,3.6154665988997685e+00
125110,4.1254050785971040e+03,3.6154665988888794e+00
125125,4.1254050784507781e+03,3.6154665988734753e+00
125140,4.1254050781464503e+03,3.6154665988414378e+00
125155,4.1254050778299415e+03,3.6154665988081178e+00
125170,4.1254050775053011e+03,3.6154665987739421e+00
125185,4.1254050773051013e+03,3.6154665987528660e+00
125200,4.1254050772042565e+03,3.6154665987422501e+00
125215,4.1254050767830195e+03,3.6154665986979051e+00
125230,4.1254050767830195e+03,3.6154665986979051e+00
125245,4.1254050766715154e+03,3.6154665986861665e+00
125260,4.1254050762611887e+03,3.6154665986429704e+00
125275,4.1254050757540836e+03,3.6154665985895855e+00
125290,4.1254050754834307e+03,3.6154665985610932e+00
125305,4.1254050746364028e+03,3.6154665984719241e+00
125320,4.1254050745022232e+03,3.6154665984577985e+00
125335,4.1254050745022232e+03,3.6154665984577985e+00
125350,4.1254050745022232e+03,3.6154665984577985e+00
125365,4.1254050740639050e+03,3.6154665984116554e+00
125380,4.1254050739870363e+03,3.6154665984035632e+00
125395,4.1254050735677556e+03,3.6154665983594239e+00
125410,4.1254050735677556e+03,3.6154665983594239e+00
125425,4.1254050735677556e+03,3.6154665983594239e+00
125440,4.1254050733444592e+03,3.6154665983359169e+00
125455,4.1254050733048553e+03,3.6154665983317478e+00
125470,4.1254050733048553e+03,3.6154665983317478e+00
125485,4.1254050731335792e+03,3.6154665983137169e+00
125500,4.1254050731335792e+03,3.6154665983137169e+00
125515,4.1254050721523308e+03,3.6154665982104177e+00
125530,4.1254050718565240e+03,3.6154665981792773e+00
125545,4.1254050716720694e+03,3.6154665981598590e+00
125560,4.1254050713925490e+03,3.6154665981304333e+00
125575,4.1254050713925490e+03,3.6154665981304333e+00
125590,4.1254050713925490e+03,3.6154665981304333e+00
125605,4.1254050712532853e+03,3.6154665981157725e+00
125620,4.1254050712182689e+03,3.6154665981120861e+00
125635,4.1254050710420624e+03,3.6154665980935361e+00
125649,4.1254050708700188e+03,3.6154665980754248e+00
125663,4.1254050708700188e+03,3.6154665980754248e+00
125677,4.1254050706970902e+03,3.6154665980572198e+00
125691,4.1254050705271320e+03,3.6154665980393279e+00
125705,4.1254050703397434e+03,3.6154665980196010e+00
125719,4.1254050700013822e+03,3.6154665979839806e+00
125733,4.1254050700013822e+03,3.6154665979839806e+00
125747,4.1254050700013822e+03,3.6154665979839806e+00
125761,4.1254050694102789e+03,3.6154665979217531e+00
125775,4.1254050684534541e+03,3.6154665978210252e+00
125789,4.1254050667710881e+03,3.6154665976439171e+00
125803,4.1254050643571727e+03,3.6154665973897968e+00
125817,4.1254050641791846e+03,3.6154665973710594e+00
125831,4.1254050638117178e+03,3.6154665973323747e+00
125845,4.1254050638117178e+03,3.6154665973323747e+00
125859,4.1254050638117178e+03,3.6154665973323747e+00
125873,4.1254050635221756e+03,3.6154665973018938e+00
125887,4.1254050634846162e+03,3.6154665972979401e+00
125901,4.1254050631631635e+03,3.6154665972640996e+00
125915,4.1254050630926486e+03,3.6154665972566762e+00
125929,4.1254050630926486e+03,3.6154665972566762e+00
125943,4.1254050630926486e+03,3.6154665972566762e+00
125957,4.1254050630748989e+03,3.6154665972548075e+00
125971,4.1254050626762037e+03,3.6154665972128357e+00
125985,4.1254050624617703e+03,3.6154665971902618e+00
125999,4.1254050624547226e+03,3.6154665971895197e+00
126013,4.1254050623617768e+03,3.6154665971797351e+00
126027,4.1254050622564600e+03,3.6154665971686479e+00
126041,4.1254050621829801e+03,3.6154665971609123e+00
126055,4.1254050620981616e+03,3.6154665971519835e+00
126069,4.1254050619720501e+03,3.6154665971387074e+00
126083,4.1254050618678702e+03,3.6154665971277398e+00
126097,4.1254050616594777e+03,3.6154665971058018e+00
126111,4.1254050615904580e+03,3.6154665970985360e+00
126125,4.1254050615079086e+03,3.6154665970898456e+00
126139,4.1254050614387234e+03,3.6154665970825621e+00
126153,4.1254050613650616e+03,3.6154665970748079e+00
126167,4.1254050613366880e+03,3.6154665970718205e+00
126181,4.1254050613321951e+03,3.6154665970713475e+00
126195,4.1254050613184554e+03,3.6154665970699011e+00
126209,4.1254050613061800e+03,3.6154665970686088e+00
126223,4.1254050612581605e+03,3.6154665970635538e+00
126237,4.1254050612535939e+03,3.6154665970630733e+00
126251,4.1254050612331012e+03,3.6154665970609159e+00
126265,4.1254050612088613e+03,3.6154665970583642e+00
126279,4.1254050611652801e+03,3.6154665970537763e+00
126293,4.1254050611091043e+03,3.6154665970478623e+00
126307,4.1254050610211762e+03,3.6154665970386057e+00
126321,4.1254050609399519e+03,3.6154665970300552e+00
126335,4.1254050609399519e+03,3.6154665970300552e+00
126349,4.1254050609010292e+03,3.6154665970259576e+00
126363,4.1254050608980479e+03,3.6154665970256437e+00
126377,4.1254050608980479e+03,3.6154665970256437e+00
126391,4.1254050608880816e+03,3.6154665970245943e+00
126405,4.1254050608477583e+03,3.6154665970203497e+00
126419,4.1254050608174948e+03,3.6154665970171638e+00
126433,4.1254050607548861e+03,3.6154665970105726e+00
126447,4.1254050607269164e+03,3.6154665970076283e+00
126461,4.1254050607072331e+03,3.6154665970055562e+00
126475,4.1254050607060135e+03,3.6154665970054274e+00
126489,4.1254050606876190e+03,3.6154665970034912e+00
126503,4.1254050606805331e+03,3.6154665970027451e+00
126517,4.1254050606679339e+03,3.6154665970014190e+00
126531,4.1254050606053370e+03,3.6154665969948292e+00
126545,4.1254050605559978e+03,3.6154665969896351e+00
126559,4.1254050605001303e+03,3.6154665969837536e+00
126573,4.1254050604813820e+03,3.6154665969817801e+00
126587,4.1254050603998548e+03,3.6154665969731972e+00
126601,4.1254050603735805e+03,3.6154665969704314e+00
126615,4.1254050603442965e+03,3.6154665969673485e+00
126629,4.1254050603138994e+03,3.6154665969641484e+00
126643,4.1254050602583457e+03,3.6154665969583002e+00
126657,4.1254050602371899e+03,3.6154665969560731e+00
126671,4.1254050602122397e+03,3.6154665969534463e+00
126685,4.1254050601967483e+03,3.6154665969518156e+00
126699,4.1254050601922718e+03,3.6154665969513444e+00
126713,4.1254050601922718e+03,3.6154665969513444e+00
126727,4.1254050601739382e+03,3.6154665969494144e+00
126741,4.1254050601634108e+03,3.6154665969483060e+00
126755,4.1254050601603658e+03,3.6154665969479853e+00
126769,4.1254050601556310e+03,3.6154665969474871e+00
126783,4.1254050601556310e+03,3.6154665969474871e+00
126797,4.1254050601268827e+03,3.6154665969444606e+00
126811,4.1254050601268827e+03,3.6154665969444606e+00
126825,4.1254050601088184e+03,3.6154665969425590e+00
126839,4.1254050601055624e+03,3.6154665969422162e+00
126853,4.1254050600937708e+03,3.6154665969409749e+00
126867,4.1254050600839173e+03,3.6154665969399375e+00
126881,4.1254050600716755e+03,3.6154665969386488e+00
126895,4.1254050600593855e+03,3.6154665969373552e+00
126909,4.1254050600547534e+03,3.6154665969368676e+00
126923,4.1254050600415758e+03,3.6154665969354802e+00
126937,4.1254050600300652e+03,3.6154665969342683e+00
126951,4.1254050600032369e+03,3.6154665969314439e+00
126965,4.1254050599957773e+03,3.6154665969306587e+00
126979,4.1254050599910652e+03,3.6154665969301627e+00
126993,4.1254050599871662e+03,3.6154665969297524e+00
127007,4.1254050599871662e+03,3.6154665969297524e+00
127021,4.1254050599789043e+03,3.6154665969288824e+00
127035,4.1254050599585662e+03,3.6154665969267414e+00
127049,4.1254050599232241e+03,3.6154665969230209e+00
127063,4.1254050598831254e+03,3.6154665969187993e+00
127077,4.1254050598396734e+03,3.6154665969142252e+00
127091,4.1254050597991154e+03,3.6154665969099558e+00
127105,4.1254050597797414e+03,3.6154665969079161e+00
127119,4.1254050597387231e+03,3.6154665969035977e+00
127133,4.1254050597291143e+03,3.6154665969025865e+00
127147,4.1254050597067298e+03,3.6154665969002298e+00
127161,4.1254050596972029e+03,3.6154665968992270e+00
127175,4.1254050596823454e+03,3.6154665968976629e+00
127189,4.1254050596800489e+03,3.6154665968974209e+00
127203,4.1254050596549678e+03,3.6154665968947808e+00
127217,4.1254050596464713e+03,3.6154665968938864e+00
127231,4.1254050596322177e+03,3.6154665968923858e+00
127245,4.1254050596040379e+03,3.6154665968894193e+00
127259,4.1254050595932167e+03,3.6154665968882798e+00
127273,4.1254050595932167e+03,3.6154665968882798e+00
127287,4.1254050595932167e+03,3.6154665968882798e+00
127301,4.1254050595783337e+03,3.6154665968867130e+00
127315,4.1254050595734880e+03,3.6154665968862032e+00
127329,4.1254050595664557e+03,3.6154665968854629e+00
127343,4.1254050595664557e+03,3.6154665968854629e+00
127357,4.1254050595536582e+03,3.6154665968841155e+00
127371,4.1254050595536582e+03,3.6154665968841155e+00
127385,4.1254050595500867e+03,3.6154665968837394e+00
127399,4.1254050595480603e+03,3.6154665968835262e+00
127413,4.1254050595427088e+03,3.6154665968829627e+00
127427,4.1254050595335466e+03,3.6154665968819981e+00
127441,4.1254050595317149e+03,3.6154665968818054e+00
127455,4.1254050595202543e+03,3.6154665968805988e+00
127469,4.1254050594967102e+03,3.6154665968781203e+00
127483,4.1254050594967102e+03,3.6154665968781203e+00
127497,4.1254050594890768e+03,3.6154665968773170e+00
127511,4.1254050594890768e+03,3.6154665968773170e+00
127525,4.1254050594890768e+03,3.6154665968773170e+00
127539,4.1254050594889322e+03,3.6154665968773014e+00
127553,4.1254050594788505e+03,3.6154665968762401e+00
127567,4.1254050594788505e+03,3.6154665968762401e+00
127581,4.1254050594788505e+03,3.6154665968762401e+00
127595,4.1254050594720593e+03,3.6154665968755255e+00
127609,4.1254050594715491e+03,3.6154665968754718e+00
127623,4.1254050594700084e+03,3.6154665968753092e+00
127637,4.1254050594699456e+03,3.6154665968753026e+00
127651,4.1254050594697401e+03,3.6154665968752813e+00
127665,4.1254050594686159e+03,3.6154665968751627e+00
127679,4.1254050594675382e+03,3.6154665968750495e+00
127693,4.1254050594658374e+03,3.6154665968748705e+00
127707,4.1254050594629089e+03,3.6154665968745618e+00
127721,4.1254050594609898e+03,3.6154665968743598e+00
127735,4.1254050594508426e+03,3.6154665968732917e+00
127749,4.1254050594482442e+03,3.6154665968730182e+00
127763,4.1254050594291821e+03,3.6154665968710114e+00
127777,4.1254050594205692e+03,3.6154665968701050e+00
127791,4.1254050594114406e+03,3.6154665968691440e+00
127805,4.1254050594114406e+03,3.6154665968691440e+00
127819,4.1254050594098526e+03,3.6154665968689765e+00
127833,4.1254050594045138e+03,3.6154665968684148e+00
127847,4.1254050594011023e+03,3.6154665968680555e+00
127861,4.1254050593821739e+03,3.6154665968660629e+00
127875,4.1254050593802949e+03,3.6154665968658648e+00
127889,4.1254050593802949e+03,3.6154665968658648e+00
127903,4.1254050593697793e+03,3.6154665968647581e+00
127917,4.1254050593568118e+03,3.6154665968633930e+00
127931,4.1254050593479669e+03,3.6154665968624617e+00
127945,4.1254050593361553e+03,3.6154665968612183e+00
127959,4.1254050593114662e+03,3.6154665968586190e+00
127973,4.1254050592801641e+03,3.6154665968553239e+00
127987,4.1254050592063732e+03,3.6154665968475559e+00
128001,4.1254050591763789e+03,3.6154665968443980e+00
128015,4.1254050591625191e+03,3.6154665968429391e+00
128029,4.1254050591301993e+03,3.6154665968395365e+00
128043,4.1254050591270252e+03,3.6154665968392026e+00
128057,4.1254050591163978e+03,3.6154665968380839e+00
128071,4.1254050590783172e+03,3.6154665968340747e+00
128085,4.1254050590273364e+03,3.6154665968287079e+00
128099,4.1254050589786439e+03,3.6154665968235817e+00
128113,4.1254050589263543e+03,3.6154665968180772e+00
128127,4.1254050588873160e+03,3.6154665968139676e+00
128141,4.1254050587697175e+03,3.6154665968015878e+00
128155,4.1254050586409548e+03,3.6154665967880324e+00
128169,4.1254050584792130e+03,3.6154665967710051e+00
128183,4.1254050583769877e+03,3.6154665967602435e+00
128197,4.1254050582955415e+03,3.6154665967516695e+00
128211,4.1254050582955415e+03,3.6154665967516695e+00
128225,4.1254050582478403e+03,3.6154665967466477e+00
128239,4.1254050582453765e+03,3.6154665967463884e+00
128253,4.1254050582453765e+03,3.6154665967463884e+00
128267,4.1254050582428372e+03,3.6154665967461210e+00
128281,4.1254050582355303e+03,3.6154665967453519e+00
128295,4.1254050582355303e+03,3.6154665967453519e+00
128309,4.1254050582355303e+03,3.6154665967453519e+00
128323,4.1254050582355303e+03,3.6154665967453519e+00
128337,4.1254050582225655e+03,3.6154665967439872e+00
128351,4.1254050582225655e+03,3.6154665967439872e+00
128365,4.1254050582225655e+03,3.6154665967439872e+00
128379,4.1254050582225655e+03,3.6154665967439872e+00
128393,4.1254050582205637e+03,3.6154665967437762e+00
128407,4.1254050582205591e+03,3.6154665967437758e+00
128421,4.1254050582205591e+03,3.6154665967437758e+00
128435,4.1254050582205591e+03,3.6154665967437758e+00
128449,4.1254050582205591e+03,3.6154665967437758e+00
128463,4.1254050582178315e+03,3.6154665967434889e+00
128477,4.1254050582178024e+03,3.6154665967434858e+00
128491,4.1254050582140180e+03,3.6154665967430875e+00
128505,4.1254050582095224e+03,3.6154665967426141e+00
128519,4.1254050582055088e+03,3.6154665967421917e+00
128533,4.1254050581962520e+03,3.6154665967412170e+00
128547,4.1254050581892279e+03,3.6154665967404775e+00
128561,4.1254050581844449e+03,3.6154665967399739e+00
128575,4.1254050581552028e+03,3.6154665967368955e+00
128589,4.1254050581430465e+03,3.6154665967356161e+00
128603,4.1254050581171459e+03,3.6154665967328894e+00
128617,4.1254050581128422e+03,3.6154665967324364e+00
128631,4.1254050581109013e+03,3.6154665967322317e+00
128645,4.1254050581109013e+03,3.6154665967322317e+00
128659,4.1254050581068977e+03,3.6154665967318103e+00
128673,4.1254050581025922e+03,3.6154665967313573e+00
128687,4.1254050580973790e+03,3.6154665967308084e+00
128701,4.1254050580875255e+03,3.6154665967297710e+00
128715,4.1254050580858475e+03,3.6154665967295943e+00
128729,4.1254050580819430e+03,3.6154665967291835e+00
128743,4.1254050580773828e+03,3.6154665967287034e+00
128757,4.1254050580773828e+03,3.6154665967287034e+00
128771,4.1254050580739313e+03,3.6154665967283401e+00
128785,4.1254050580721714e+03,3.6154665967281545e+00
128799,4.1254050580649955e+03,3.6154665967273991e+00
128813,4.1254050580598641e+03,3.6154665967268591e+00
128827,4.1254050580490521e+03,3.6154665967257209e+00
128841,4.1254050580327321e+03,3.6154665967240027e+00
128855,4.1254050580234716e+03,3.6154665967230279e+00
128869,4.1254050580202947e+03,3.6154665967226935e+00
128883,4.1254050580202947e+03,3.6154665967226935e+00
128897,4.1254050579929826e+03,3.6154665967198181e+00
128911,4.1254050579929553e+03,3.6154665967198154e+00
128925,4.1254050579910036e+03,3.6154665967196098e+00
128939,4.1254050579829509e+03,3.6154665967187620e+00
128953,4.1254050579795767e+03,3.6154665967184068e+00
128967,4.1254050579718059e+03,3.6154665967175887e+00
128981,4.1254050579479317e+03,3.6154665967150756e+00
128995,4.1254050579367495e+03,3.6154665967138984e+00
129009,4.1254050579348032e+03,3.6154665967136936e+00
129023,4.1254050579348032e+03,3.6154665967136936e+00
129037,4.1254050579327914e+03,3.6154665967134818e+00
129051,4.1254050579318173e+03,3.6154665967133792e+00
129065,4.1254050579210571e+03,3.6154665967122463e+00
129079,4.1254050579199538e+03,3.6154665967121304e+00
129093,4.1254050579199538e+03,3.6154665967121304e+00
129107,4.1254050579199538e+03,3.6154665967121304e+00
129121,4.1254050579199538e+03,3.6154665967121304e+00
129135,4.1254050579199538e+03,3.6154665967121304e+00
129149,4.1254050579196846e+03,3.6154665967121020e+00
129163,4.1254050579196846e+03,3.6154665967121020e+00
129177,4.1254050579192353e+03,3.6154665967120545e+00
129191,4.1254050579192353e+03,3.6154665967120545e+00
129205,4.1254050579192353e+03,3.6154665967120545e+00
129219,4.1254050579176528e+03,3.6154665967118880e+00
129233,4.1254050579176528e+03,3.6154665967118880e+00
129247,4.1254050579149443e+03,3.6154665967116029e+00
129261,4.1254050579149443e+03,3.6154665967116029e+00
129275,4.1254050579149443e+03,3.6154665967116029e+00
129289,4.1254050579149443e+03,3.6154665967116029e+00
129303,4.1254050579141958e+03,3.6154665967115243e+00
129317,4.1254050579141958e+03,3.6154665967115243e+00
129331,4.1254050579141958e+03,3.6154665967115243e+00
129345,4.1254050579135592e+03,3.6154665967114572e+00
129359,4.1254050579135592e+03,3.6154665967114572e+00
129373,4.1254050579124632e+03,3.6154665967113417e+00
129387,4.1254050579124632e+03,3.6154665967113417e+00
129401,4.1254050579124632e+03,3.6154665967113417e+00
129415,4.1254050579115483e+03,3.6154665967112454e+00
129429,4.1254050579114128e+03,3.6154665967112312e+00
129443,4.1254050579098966e+03,3.6154665967110713e+00
129457,4.1254050579097229e+03,3.6154665967110531e+00
129471,4.1254050579076793e+03,3.6154665967108381e+00
129485,4.1254050579076793e+03,3.6154665967108381e+00
129499,4.1254050579064469e+03,3.6154665967107085e+00
129513,4.1254050579064469e+03,3.6154665967107085e+00
129527,4.1254050579052755e+03,3.6154665967105850e+00
129541,4.1254050579052755e+03,3.6154665967105850e+00
129555,4.1254050579052755e+03,3.6154665967105850e+00
129569,4.1254050579049190e+03,3.6154665967105473e+00
129583,4.1254050579044579e+03,3.6154665967104989e+00
129597,4.1254050579040186e+03,3.6154665967104527e+00
129611,4.1254050579031664e+03,3.6154665967103630e+00
129625,4.1254050579026471e+03,3.6154665967103083e+00
129639,4.1254050579026471e+03,3.6154665967103083e+00
129653,4.1254050579026471e+03,3.6154665967103083e+00
129667,4.1254050579026471e+03,3.6154665967103083e+00
129681,4.1254050579023842e+03,3.6154665967102808e+00
129695,4.1254050579023842e+03,3.6154665967102808e+00
129709,4.1254050579016639e+03,3.6154665967102049e+00
129723,4.1254050579015702e+03,3.6154665967101951e+00
129737,4.1254050579010918e+03,3.6154665967101445e+00
129751,4.1254050579010918e+03,3.6154665967101445e+00
129765,4.1254050579010918e+03,3.6154665967101445e+00
129779,4.1254050579010918e+03,3.6154665967101445e+00
129793,4.1254050579010745e+03,3.6154665967101427e+00
129807,4.1254050579006444e+03,3.6154665967100974e+00
129821,4.1254050579006343e+03,3.6154665967100965e+00
129835,4.1254050579004479e+03,3.6154665967100770e+00
129849,4.1254050578997230e+03,3.6154665967100006e+00
129863,4.1254050578992646e+03,3.6154665967099522e+00
129877,4.1254050578986889e+03,3.6154665967098918e+00
129891,4.1254050578981123e+03,3.6154665967098309e+00
129905,4.1254050578974930e+03,3.6154665967097657e+00
129919,4.1254050578962160e+03,3.6154665967096311e+00
129933,4.1254050578956912e+03,3.6154665967095760e+00
129947,4.1254050578946599e+03,3.6154665967094677e+00
129961,4.1254050578942670e+03,3.6154665967094259e+00
129975,4.1254050578925080e+03,3.6154665967092408e+00
129989,4.1254050578909246e+03,3.6154665967090742e+00
130003,4.1254050578897750e+03,3.6154665967089534e+00
130017,4.1254050578861134e+03,3.6154665967085680e+00
130031,4.1254050578819524e+03,3.6154665967081296e+00
130045,4.1254050578732231e+03,3.6154665967072108e+00
130059,4.1254050578662755e+03,3.6154665967064794e+00
130073,4.1254050578517981e+03,3.6154665967049553e+00
130087,4.1254050578411243e+03,3.6154665967038317e+00
130101,4.1254050578319448e+03,3.6154665967028654e+00
130115,4.1254050577640692e+03,3.6154665966957196e+00
130129,4.1254050577036624e+03,3.6154665966893607e+00
130143,4.1254050576349400e+03,3.6154665966821260e+00
130157,4.1254050575062129e+03,3.6154665966685746e+00
130171,4.1254050573545255e+03,3.6154665966526056e+00
130185,4.1254050570734953e+03,3.6154665966230208e+00
130199,4.1254050570170475e+03,3.6154665966170785e+00
130213,4.1254050570170475e+03,3.6154665966170785e+00
130227,4.1254050570037452e+03,3.6154665966156783e+00
130241,4.1254050569568608e+03,3.6154665966107422e+00
130255,4.1254050569429110e+03,3.6154665966092741e+00
130269,4.1254050569261663e+03,3.6154665966075110e+00
130283,4.1254050569141737e+03,3.6154665966062485e+00
130297,4.1254050569007150e+03,3.6154665966048318e+00
130311,4.1254050568931816e+03,3.6154665966040387e+00
130325,4.1254050568822713e+03,3.6154665966028903e+00
130339,4.1254050568579050e+03,3.6154665966003252e+00
130353,4.1254050568522089e+03,3.6154665965997252e+00
130367,4.1254050568512812e+03,3.6154665965996275e+00
130381,4.1254050568462562e+03,3.6154665965990986e+00
130395,4.1254050568462562e+03,3.6154665965990986e+00
130409,4.1254050568462562e+03,3.6154665965990986e+00
130423,4.1254050568462562e+03,3.6154665965990986e+00
130437,4.1254050568449811e+03,3.6154665965989645e+00
130451,4.1254050568449811e+03,3.6154665965989645e+00
130465,4.1254050568427010e+03,3.6154665965987243e+00
130479,4.1254050568427010e+03,3.6154665965987243e+00
130493,4.1254050568426564e+03,3.6154665965987198e+00
130507,4.1254050568404482e+03,3.6154665965984871e+00
130521,4.1254050568360972e+03,3.6154665965980293e+00
130535,4.1254050568345710e+03,3.6154665965978685e+00
130549,4.1254050568294961e+03,3.6154665965973343e+00
130563,4.1254050568249195e+03,3.6154665965968524e+00
130577,4.1254050568196417e+03,3.6154665965962969e+00
130591,4.1254050568145967e+03,3.6154665965957657e+00
130605,4.1254050568135008e+03,3.6154665965956503e+00
130619,4.1254050568091670e+03,3.6154665965951942e+00
130633,4.1254050568069224e+03,3.6154665965949579e+00
130647,4.1254050567917793e+03,3.6154665965933637e+00
130661,4.1254050567766535e+03,3.6154665965917716e+00
130675,4.1254050567467048e+03,3.6154665965886186e+00
130689,4.1254050567300173e+03,3.6154665965868618e+00
130703,4.1254050567196427e+03,3.6154665965857697e+00
130717,4.1254050567126887e+03,3.6154665965850374e+00
130731,4.1254050567061486e+03,3.6154665965843491e+00
130745,4.1254050567061486e+03,3.6154665965843491e+00
130759,4.1254050567061486e+03,3.6154665965843491e+00
130773,4.1254050566913875e+03,3.6154665965827952e+00
130787,4.1254050566682772e+03,3.6154665965803621e+00
130801,4.1254050566533033e+03,3.6154665965787860e+00
130815,4.1254050566384794e+03,3.6154665965772255e+00
130829,4.1254050566384794e+03,3.6154665965772255e+00
130843,4.1254050566234164e+03,3.6154665965756396e+00
130857,4.1254050566115202e+03,3.6154665965743873e+00
130871,4.1254050566007845e+03,3.6154665965732571e+00
130885,4.1254050565978750e+03,3.6154665965729507e+00
130899,4.1254050565889966e+03,3.6154665965720163e+00
130913,4.1254050565887019e+03,3.6154665965719852e+00
130927,4.1254050565880852e+03,3.6154665965719204e+00
130941,4.1254050565839780e+03,3.6154665965714878e+00
130955,4.1254050565828456e+03,3.6154665965713688e+00
130969,4.1254050565799753e+03,3.6154665965710664e+00
130983,4.1254050565758725e+03,3.6154665965706347e+00
130996,4.1254050565758725e+03,3.6154665965706347e+00
131009,4.1254050565741163e+03,3.6154665965704496e+00
131022,4.1254050565706912e+03,3.6154665965700890e+00
131035,4.1254050565676553e+03,3.6154665965697697e+00
131048,4.1254050565676444e+03,3.6154665965697683e+00
131061,4.1254050565666848e+03,3.6154665965696675e+00
131074,4.1254050565615735e+03,3.6154665965691293e+00
131087,4.1254050565592088e+03,3.6154665965688801e+00
131100,4.1254050565552852e+03,3.6154665965684671e+00
131113,4.1254050565473663e+03,3.6154665965676336e+00
131126,4.1254050565391171e+03,3.6154665965667654e+00
131139,4.1254050565311663e+03,3.6154665965659283e+00
131152,4.1254050565264988e+03,3.6154665965654367e+00
131165,4.1254050565264988e+03,3.6154665965654367e+00
131178,4.1254050565264988e+03,3.6154665965654367e+00
131191,4.1254050565261105e+03,3.6154665965653958e+00
131204,4.1254050565177695e+03,3.6154665965645179e+00
131217,4.1254050565119633e+03,3.6154665965639068e+00
131230,4.1254050565049793e+03,3.6154665965631714e+00
131243,4.1254050565040643e+03,3.6154665965630750e+00
131256,4.1254050565033122e+03,3.6154665965629960e+00
131269,4.1254050565018924e+03,3.6154665965628463e+00
131282,4.1254050565000080e+03,3.6154665965626482e+00
131295,4.1254050564973522e+03,3.6154665965623685e+00
131308,4.1254050564940235e+03,3.6154665965620181e+00
131321,4.1254050564925974e+03,3.6154665965618680e+00
131334,4.1254050564903046e+03,3.6154665965616264e+00
131347,4.1254050564888666e+03,3.6154665965614750e+00
131360,4.1254050564888666e+03,3.6154665965614750e+00
131373,4.1254050564879435e+03,3.6154665965613781e+00
131386,4.1254050564877271e+03,3.6154665965613551e+00
131399,4.1254050564877271e+03,3.6154665965613551e+00
131412,4.1254050564877271e+03,3.6154665965613551e+00
131425,4.1254050564870831e+03,3.6154665965612875e+00
131438,4.1254050564867202e+03,3.6154665965612494e+00
131451,4.1254050564863173e+03,3.6154665965612067e+00
131464,4.1254050564853060e+03,3.6154665965611001e+00
131477,4.1254050564847275e+03,3.6154665965610393e+00
131490,4.1254050564844874e+03,3.6154665965610140e+00
131503,4.1254050564823283e+03,3.6154665965607871e+00
131516,4.1254050564823283e+03,3.6154665965607871e+00
131529,4.1254050564813651e+03,3.6154665965606854e+00
131542,4.1254050564802710e+03,3.6154665965605703e+00
131555,4.1254050564797390e+03,3.6154665965605144e+00
131568,4.1254050564797390e+03,3.6154665965605144e+00
131581,4.1254050564770323e+03,3.6154665965602293e+00
131594,4.1254050564760810e+03,3.6154665965601294e+00
131607,4.1254050564745048e+03,3.6154665965599633e+00
131620,4.1254050564712961e+03,3.6154665965596253e+00
131633,4.1254050564706113e+03,3.6154665965595534e+00
131646,4.1254050564701702e+03,3.6154665965595068e+00
131659,4.1254050564694662e+03,3.6154665965594330e+00
131672,4.1254050564685604e+03,3.6154665965593376e+00
131685,4.1254050564666859e+03,3.6154665965591399e+00
131698,4.1254050564666859e+03,3.6154665965591399e+00
131711,4.1254050564662293e+03,3.6154665965590920e+00
131724,4.1254050564658046e+03,3.6154665965590476e+00
131737,4.1254050564640866e+03,3.6154665965588664e+00
131750,4.1254050564628615e+03,3.6154665965587376e+00
131763,4.1254050564616673e+03,3.6154665965586119e+00
131776,4.1254050564607214e+03,3.6154665965585124e+00
131789,4.1254050564591089e+03,3.6154665965583423e+00
131802,4.1254050564578938e+03,3.6154665965582145e+00
131815,4.1254050564549352e+03,3.6154665965579031e+00
131828,4.1254050564503577e+03,3.6154665965574213e+00
131841,4.1254050564481540e+03,3.6154665965571890e+00
131854,4.1254050564404242e+03,3.6154665965563755e+00
131867,4.1254050564404242e+03,3.6154665965563755e+00
131880,4.1254050564377003e+03,3.6154665965560886e+00
131893,4.1254050564315321e+03,3.6154665965554393e+00
131906,4.1254050564281697e+03,3.6154665965550854e+00
131919,4.1254050564278186e+03,3.6154665965550485e+00
131932,4.1254050564268437e+03,3.6154665965549460e+00
131945,4.1254050564268437e+03,3.6154665965549460e+00
131958,4.1254050564253384e+03,3.6154665965547874e+00
131971,4.1254050564229719e+03,3.6154665965545383e+00
131984,4.1254050564200206e+03,3.6154665965542274e+00
131997,4.1254050564189729e+03,3.6154665965541173e+00
132010,4.1254050564151348e+03,3.6154665965537132e+00
132023,4.1254050564116242e+03,3.6154665965533437e+00
132036,4.1254050564038689e+03,3.6154665965525270e+00
132049,4.1254050563926030e+03,3.6154665965513413e+00
132062,4.1254050563771179e+03,3.6154665965497110e+00
132075,4.1254050563749997e+03,3.6154665965494881e+00
132088,4.1254050563609662e+03,3.6154665965480106e+00
132101,4.1254050563609662e+03,3.6154665965480106e+00
132114,4.1254050563361370e+03,3.6154665965453967e+00
132127,4.1254050563329420e+03,3.6154665965450605e+00
132140,4.1254050563289638e+03,3.6154665965446418e+00
132153,4.1254050563289638e+03,3.6154665965446418e+00
132166,4.1254050563289638e+03,3.6154665965446418e+00
132179,4.1254050563289638e+03,3.6154665965446418e+00
132192,4.1254050563289638e+03,3.6154665965446418e+00
132205,4.1254050563289638e+03,3.6154665965446418e+00
132218,4.1254050563285664e+03,3.6154665965446000e+00
132231,4.1254050563285664e+03,3.6154665965446000e+00
132244,4.1254050563285664e+03,3.6154665965446000e+00
132257,4.1254050563274432e+03,3.6154665965444814e+00
132270,4.1254050563260143e+03,3.6154665965443313e+00
132283,4.1254050563258970e+03,3.6154665965443189e+00
132296,4.1254050563254432e+03,3.6154665965442709e+00
132309,4.1254050563254432e+03,3.6154665965442709e+00
132322,4.1254050563254432e+03,3.6154665965442709e+00
132335,4.1254050563251603e+03,3.6154665965442412e+00
132348,4.1254050563251603e+03,3.6154665965442412e+00
132361,4.1254050563251603e+03,3.6154665965442412e+00
132374,4.1254050563251330e+03,3.6154665965442385e+00
132387,4.1254050563251330e+03,3.6154665965442385e+00
132400,4.1254050563250285e+03,3.6154665965442274e+00
132413,4.1254050563250285e+03,3.6154665965442274e+00
132426,4.1254050563249075e+03,3.6154665965442145e+00
132439,4.1254050563249075e+03,3.6154665965442145e+00
132452,4.1254050563249075e+03,3.6154665965442145e+00
132465,4.1254050563248402e+03,3.6154665965442074e+00
132478,4.1254050563248038e+03,3.6154665965442039e+00
132491,4.1254050563246637e+03,3.6154665965441888e+00
132504,4.1254050563245783e+03,3.6154665965441799e+00
132517,4.1254050563243864e+03,3.6154665965441599e+00
132530,4.1254050563241999e+03,3.6154665965441404e+00
132543,4.1254050563241999e+03,3.6154665965441404e+00
132556,4.1254050563241835e+03,3.6154665965441386e+00
132569,4.1254050563239780e+03,3.6154665965441168e+00
132582,4.1254050563237643e+03,3.6154665965440942e+00
132595,4.1254050563235605e+03,3.6154665965440729e+00
132608,4.1254050563231958e+03,3.6154665965440347e+00
132621,4.1254050563231058e+03,3.6154665965440249e+00
132634,4.1254050563227029e+03,3.6154665965439827e+00
132647,4.1254050563225037e+03,3.6154665965439614e+00
132660,4.1254050563219052e+03,3.6154665965438988e+00
132673,4.1254050563213805e+03,3.6154665965438433e+00
132686,4.1254050563208330e+03,3.6154665965437855e+00
132699,4.1254050563208330e+03,3.6154665965437855e+00
132712,4.1254050563207529e+03,3.6154665965437771e+00
132725,4.1254050563206774e+03,3.6154665965437696e+00
132738,4.1254050563206774e+03,3.6154665965437696e+00
132751,4.1254050563206665e+03,3.6154665965437682e+00
132764,4.1254050563206665e+03,3.6154665965437682e+00
132777,4.1254050563206201e+03,3.6154665965437633e+00
132790,4.1254050563205392e+03,3.6154665965437549e+00
132803,4.1254050563205392e+03,3.6154665965437549e+00
132816,4.1254050563204819e+03,3.6154665965437487e+00
132829,4.1254050563204819e+03,3.6154665965437487e+00
132842,4.1254050563203764e+03,3.6154665965437376e+00
132855,4.1254050563203327e+03,3.6154665965437331e+00
132868,4.1254050563203327e+03,3.6154665965437331e+00
132881,4.1254050563202618e+03,3.6154665965437256e+00
132894,4.1254050563202618e+03,3.6154665965437256e+00
132907,4.1254050563202618e+03,3.6154665965437256e+00
132920,4.1254050563202618e+03,3.6154665965437256e+00
132933,4.1254050563202609e+03,3.6154665965437256e+00
132946,4.1254050563202609e+03,3.6154665965437256e+00
132959,4.1254050563202609e+03,3.6154665965437256e+00
132972,4.1254050563202591e+03,3.6154665965437252e+00
132985,4.1254050563202591e+03,3.6154665965437252e+00
132998,4.1254050563202591e+03,3.6154665965437252e+00
133011,4.1254050563202436e+03,3.6154665965437238e+00
133024,4.1254050563202436e+03,3.6154665965437238e+00
133037,4.1254050563202436e+03,3.6154665965437238e+00
133050,4.1254050563202436e+03,3.6154665965437238e+00
133063,4.1254050563202436e+03,3.6154665965437238e+00
133076,4.1254050563202436e+03,3.6154665965437238e+00
133089,4.1254050563202436e+03,3.6154665965437238e+00
133102,4.1254050563202336e+03,3.6154665965437225e+00
133115,4.1254050563202336e+03,3.6154665965437225e+00
133128,4.1254050563202336e+03,3.6154665965437225e+00
133141,4.1254050563202336e+03,3.6154665965437225e+00
133154,4.1254050563202291e+03,3.6154665965437220e+00
133167,4.1254050563202291e+03,3.6154665965437220e+00
133180,4.1254050563202291e+03,3.6154665965437220e+00
133193,4.1254050563202272e+03,3.6154665965437220e+00
133206,4.1254050563202272e+03,3.6154665965437220e+00
133219,4.1254050563202063e+03,3.6154665965437198e+00
133232,4.1254050563202063e+03,3.6154665965437198e+00
133245,4.1254050563202063e+03,3.6154665965437198e+00
133258,4.1254050563202063e+03,3.6154665965437198e+00
133271,4.1254050563202063e+03,3.6154665965437198e+00
133284,4.1254050563201808e+03,3.6154665965437172e+00
133297,4.1254050563201081e+03,3.6154665965437096e+00
133310,4.1254050563200581e+03,3.6154665965437043e+00
133323,4.1254050563199307e+03,3.6154665965436910e+00
133336,4.1254050563198371e+03,3.6154665965436807e+00
133349,4.1254050563194596e+03,3.6154665965436412e+00
133362,4.1254050563189430e+03,3.6154665965435866e+00
133375,4.1254050563179035e+03,3.6154665965434774e+00
133388,4.1254050563160563e+03,3.6154665965432828e+00
133401,4.1254050563149258e+03,3.6154665965431638e+00
133414,4.1254050563094552e+03,3.6154665965425878e+00
133427,4.1254050563018482e+03,3.6154665965417871e+00
133440,4.1254050562870725e+03,3.6154665965402315e+00
133453,4.1254050562554539e+03,3.6154665965369031e+00
133466,4.1254050562075399e+03,3.6154665965318591e+00
133479,4.1254050562022512e+03,3.6154665965313022e+00
133492,4.1254050561607937e+03,3.6154665965269377e+00
133505,4.1254050561468748e+03,3.6154665965254726e+00
133518,4.1254050561437125e+03,3.6154665965251396e+00
133531,4.1254050561437125e+03,3.6154665965251396e+00
133544,4.1254050561437125e+03,3.6154665965251396e+00
133557,4.1254050561437125e+03,3.6154665965251396e+00
133570,4.1254050561437125e+03,3.6154665965251396e+00
133583,4.1254050561437125e+03,3.6154665965251396e+00
133596,4.1254050561437061e+03,3.6154665965251391e+00
133609,4.1254050561428212e+03,3.6154665965250459e+00
133622,4.1254050561428212e+03,3.6154665965250459e+00
133635,4.1254050561428212e+03,3.6154665965250459e+00
133648,4.1254050561428212e+03,3.6154665965250459e+00
133661,4.1254050561428212e+03,3.6154665965250459e+00
133674,4.1254050561335771e+03,3.6154665965240729e+00
133687,4.1254050561320100e+03,3.6154665965239077e+00
133700,4.1254050561301055e+03,3.6154665965237074e+00
133713,4.1254050561301055e+03,3.6154665965237074e+00
133726,4.1254050561299637e+03,3.6154665965236923e+00
133739,4.1254050561299637e+03,3.6154665965236923e+00
133752,4.1254050561262447e+03,3.6154665965233006e+00
133765,4.1254050561207096e+03,3.6154665965227180e+00
133778,4.1254050561177646e+03,3.6154665965224080e+00
133791,4.1254050561176846e+03,3.6154665965223995e+00
133804,4.1254050561174681e+03,3.6154665965223769e+00
133817,4.1254050561167105e+03,3.6154665965222970e+00
133830,4.1254050561153354e+03,3.6154665965221522e+00
133843,4.1254050561153354e+03,3.6154665965221522e+00
133856,4.1254050561153354e+03,3.6154665965221522e+00
133869,4.1254050561153354e+03,3.6154665965221522e+00
133882,4.1254050561153354e+03,3.6154665965221522e+00
133895,4.1254050561152408e+03,3.6154665965221424e+00
133908,4.1254050561151153e+03,3.6154665965221291e+00
133921,4.1254050561145823e+03,3.6154665965220731e+00
133934,4.1254050561137828e+03,3.6154665965219888e+00
133947,4.1254050561136837e+03,3.6154665965219785e+00
133960,4.1254050561136837e+03,3.6154665965219785e+00
133973,4.1254050561135482e+03,3.6154665965219643e+00
133986,4.1254050561134645e+03,3.6154665965219555e+00
133999,4.1254050561133727e+03,3.6154665965219457e+00
134012,4.1254050561131926e+03,3.6154665965219266e+00
134025,4.1254050561131835e+03,3.6154665965219257e+00
134038,4.1254050561131835e+03,3.6154665965219257e+00
134051,4.1254050561131835e+03,3.6154665965219257e+00
134064,4.1254050561130980e+03,3.6154665965219168e+00
134077,4.1254050561130980e+03,3.6154665965219168e+00
134090,4.1254050561130980e+03,3.6154665965219168e+00
134103,4.1254050561130980e+03,3.6154665965219168e+00
134116,4.1254050561130980e+03,3.6154665965219168e+00
134129,4.1254050561130871e+03,3.6154665965219155e+00
134142,4.1254050561130871e+03,3.6154665965219155e+00
134155,4.1254050561130434e+03,3.6154665965219110e+00
134168,4.1254050561130434e+03,3.6154665965219110e+00
134181,4.1254050561130434e+03,3.6154665965219110e+00
134194,4.1254050561130434e+03,3.6154665965219110e+00
134207,4.1254050561130434e+03,3.6154665965219110e+00
134220,4.1254050561130434e+03,3.6154665965219110e+00
134233,4.1254050561130434e+03,3.6154665965219110e+00
134246,4.1254050561130434e+03,3.6154665965219110e+00
134259,4.1254050561130362e+03,3.6154665965219102e+00
134272,4.1254050561130362e+03,3.6154665965219102e+00
134285,4.1254050561130362e+03,3.6154665965219102e+00
134298,4.1254050561129407e+03,3.6154665965219004e+00
134311,4.1254050561129407e+03,3.6154665965219004e+00
134324,4.1254050561128761e+03,3.6154665965218933e+00
134337,4.1254050561128761e+03,3.6154665965218933e+00
134350,4.1254050561128761e+03,3.6154665965218933e+00
134363,4.1254050561128761e+03,3.6154665965218933e+00
134376,4.1254050561128761e+03,3.6154665965218933e+00
134389,4.1254050561128761e+03,3.6154665965218933e+00
134402,4.1254050561128761e+03,3.6154665965218933e+00
134415,4.1254050561128197e+03,3.6154665965218875e+00
134428,4.1254050561128197e+03,3.6154665965218875e+00
134441,4.1254050561128197e+03,3.6154665965218875e+00
134454,4.1254050561128197e+03,3.6154665965218875e+00
134467,4.1254050561128197e+03,3.6154665965218875e+00
134480,4.1254050561128197e+03,3.6154665965218875e+00
134493,4.1254050561127997e+03,3.6154665965218853e+00
134506,4.1254050561127997e+03,3.6154665965218853e+00
134519,4.1254050561127997e+03,3.6154665965218853e+00
134532,4.1254050561127997e+03,3.6154665965218853e+00
134545,4.1254050561127997e+03,3.6154665965218853e+00
134558,4.1254050561127997e+03,3.6154665965218853e+00
134571,4.1254050561127997e+03,3.6154665965218853e+00
134584,4.1254050561127997e+03,3.6154665965218853e+00
134597,4.1254050561127997e+03,3.6154665965218853e+00
134610,4.1254050561127997e+03,3.6154665965218853e+00
134623,4.1254050561127997e+03,3.6154665965218853e+00
134636,4.1254050561127997e+03,3.6154665965218853e+00
134649,4.1254050561127997e+03,3.6154665965218853e+00
134662,4.1254050561127997e+03,3.6154665965218853e+00
134675,4.1254050561127997e+03,3.6154665965218853e+00
134688,4.1254050561127997e+03,3.6154665965218853e+00
134701,4.1254050561127997e+03,3.6154665965218853e+00
134714,4.1254050561127997e+03,3.6154665965218853e+00
134727,4.1254050561127997e+03,3.6154665965218853e+00
134740,4.1254050561127988e+03,3.6154665965218853e+00
134753,4.1254050561127988e+03,3.6154665965218853e+00
134766,4.1254050561127988e+03,3.6154665965218853e+00
134779,4.1254050561127988e+03,3.6154665965218853e+00
134792,4.1254050561127988e+03,3.6154665965218853e+00
134805,4.1254050561127988e+03,3.6154665965218853e+00
134818,4.1254050561127988e+03,3.6154665965218853e+00
134831,4.1254050561127988e+03,3.6154665965218853e+00
134844,4.1254050561127988e+03,3.6154665965218853e+00
134857,4.1254050561127988e+03,3.6154665965218853e+00
134870,4.1254050561127988e+03,3.6154665965218853e+00
134883,4.1254050561127988e+03,3.6154665965218853e+00
134896,4.1254050561127988e+03,3.6154665965218853e+00
134909,4.1254050561127988e+03,3.6154665965218853e+00
134922,4.1254050561127988e+03,3.6154665965218853e+00
134935,4.1254050561127988e+03,3.6154665965218853e+00
134948,4.1254050561127988e+03,3.6154665965218853e+00
134961,4.1254050561127988e+03,3.6154665965218853e+00
134974,4.1254050561127988e+03,3.6154665965218853e+00
134987,4.1254050561127988e+03,3.6154665965218853e+00
135000,4.1254050561127988e+03,3.6154665965218853e+00
135013,4.1254050561127988e+03,3.6154665965218853e+00
135026,4.1254050561127988e+03,3.6154665965218853e+00
135039,4.1254050561127988e+03,3.6154665965218853e+00
135052,4.1254050561127988e+03,3.6154665965218853e+00
135065,4.1254050561127988e+03,3.6154665965218853e+00
135078,4.1254050561127988e+03,3.6154665965218853e+00
135091,4.1254050561127988e+03,3.6154665965218853e+00
135104,4.1254050561127942e+03,3.6154665965218848e+00
135117,4.1254050561127888e+03,3.6154665965218844e+00
135130,4.1254050561127888e+03,3.6154665965218844e+00
135143,4.1254050561127888e+03,3.6154665965218844e+00
135156,4.1254050561127888e+03,3.6154665965218844e+00
135169,4.1254050561127851e+03,3.6154665965218840e+00
135182,4.1254050561127851e+03,3.6154665965218840e+00
135195,4.1254050561127851e+03,3.6154665965218840e+00
135208,4.1254050561127851e+03,3.6154665965218840e+00
135221,4.1254050561127851e+03,3.6154665965218840e+00
135234,4.1254050561127851e+03,3.6154665965218840e+00
135247,4.1254050561127806e+03,3.6154665965218835e+00
135260,4.1254050561127806e+03,3.6154665965218835e+00
135273,4.1254050561127797e+03,3.6154665965218835e+00
135286,4.1254050561127797e+03,3.6154665965218835e+00
135299,4.1254050561127797e+03,3.6154665965218835e+00
135312,4.1254050561127724e+03,3.6154665965218826e+00
135325,4.1254050561127724e+03,3.6154665965218826e+00
135338,4.1254050561127679e+03,3.6154665965218822e+00
135351,4.1254050561127679e+03,3.6154665965218822e+00
135364,4.1254050561127606e+03,3.6154665965218813e+00
135377,4.1254050561127606e+03,3.6154665965218813e+00
135390,4.1254050561127606e+03,3.6154665965218813e+00
135403,4.1254050561127606e+03,3.6154665965218813e+00
135416,4.1254050561127606e+03,3.6154665965218813e+00
135429,4.1254050561127606e+03,3.6154665965218813e+00
135442,4.1254050561127606e+03,3.6154665965218813e+00
135455,4.1254050561127606e+03,3.6154665965218813e+00
135468,4.1254050561127606e+03,3.6154665965218813e+00
135481,4.1254050561127606e+03,3.6154665965218813e+00
135494,4.1254050561127542e+03,3.6154665965218804e+00
135507,4.1254050561127542e+03,3.6154665965218804e+00
135520,4.1254050561127542e+03,3.6154665965218804e+00
135533,4.1254050561127542e+03,3.6154665965218804e+00
135546,4.1254050561127542e+03,3.6154665965218804e+00
135559,4.1254050561127542e+03,3.6154665965218804e+00
135572,4.1254050561127542e+03,3.6154665965218804e+00
135585,4.1254050561127542e+03,3.6154665965218804e+00
135598,4.1254050561127424e+03,3.6154665965218795e+00
135611,4.1254050561127424e+03,3.6154665965218795e+00
135624,4.1254050561127424e+03,3.6154665965218795e+00
135637,4.1254050561127424e+03,3.6154665965218795e+00
135650,4.1254050561127424e+03,3.6154665965218795e+00
135663,4.1254050561127424e+03,3.6154665965218795e+00
135676,4.1254050561127424e+03,3.6154665965218795e+00
135689,4.1254050561127424e+03,3.6154665965218795e+00
135702,4.1254050561127424e+03,3.6154665965218795e+00
135715,4.1254050561127424e+03,3.6154665965218795e+00
135728,4.1254050561127424e+03,3.6154665965218795e+00
135741,4.1254050561127378e+03,3.6154665965218791e+00
135754,4.1254050561127378e+03,3.6154665965218791e+00
135767,4.1254050561127378e+03,3.6154665965218791e+00
135780,4.1254050561127378e+03,3.6154665965218791e+00
135793,4.1254050561127378e+03,3.6154665965218791e+00
135806,4.1254050561127087e+03,3.6154665965218760e+00
135819,4.1254050561127087e+03,3.6154665965218760e+00
135832,4.1254050561127087e+03,3.6154665965218760e+00
135845,4.1254050561127087e+03,3.6154665965218760e+00
135858,4.1254050561126796e+03,3.6154665965218729e+00
135871,4.1254050561126796e+03,3.6154665965218729e+00
135884,4.1254050561126705e+03,3.6154665965218720e+00
135897,4.1254050561125796e+03,3.6154665965218622e+00
135910,4.1254050561123395e+03,3.6154665965218369e+00
135923,4.1254050561120430e+03,3.6154665965218058e+00
135936,4.1254050561111826e+03,3.6154665965217152e+00
135949,4.1254050561111826e+03,3.6154665965217152e+00
135962,4.1254050561111826e+03,3.6154665965217152e+00
135975,4.1254050561111826e+03,3.6154665965217152e+00
135988,4.1254050561111790e+03,3.6154665965217148e+00
136001,4.1254050561109634e+03,3.6154665965216921e+00
136014,4.1254050561108725e+03,3.6154665965216823e+00
136027,4.1254050561108725e+03,3.6154665965216823e+00
136040,4.1254050561108725e+03,3.6154665965216823e+00
136053,4.1254050561108725e+03,3.6154665965216823e+00
136066,4.1254050561108725e+03,3.6154665965216823e+00
136079,4.1254050561107715e+03,3.6154665965216717e+00
136092,4.1254050561107588e+03,3.6154665965216704e+00
136105,4.1254050561107588e+03,3.6154665965216704e+00
136118,4.1254050561105887e+03,3.6154665965216526e+00
136131,4.1254050561105887e+03,3.6154665965216526e+00
136144,4.1254050561105887e+03,3.6154665965216526e+00
136157,4.1254050561105887e+03,3.6154665965216526e+00
136170,4.1254050561105887e+03,3.6154665965216526e+00
136183,4.1254050561105887e+03,3.6154665965216526e+00
136196,4.1254050561105887e+03,3.6154665965216526e+00
136209,4.1254050561105887e+03,3.6154665965216526e+00
136222,4.1254050561104677e+03,3.6154665965216397e+00
136235,4.1254050561104468e+03,3.6154665965216375e+00
136248,4.1254050561104468e+03,3.6154665965216375e+00
136261,4.1254050561104468e+03,3.6154665965216375e+00
136274,4.1254050561103804e+03,3.6154665965216308e+00
136287,4.1254050561103622e+03,3.6154665965216286e+00
136300,4.1254050561103122e+03,3.6154665965216237e+00
136313,4.1254050561103122e+03,3.6154665965216237e+00
136326,4.1254050561102886e+03,3.6154665965216211e+00
136339,4.1254050561102886e+03,3.6154665965216211e+00
136352,4.1254050561102240e+03,3.6154665965216144e+00
136365,4.1254050561102240e+03,3.6154665965216144e+00
136378,4.1254050561102240e+03,3.6154665965216144e+00
136391,4.1254050561102240e+03,3.6154665965216144e+00
136404,4.1254050561102085e+03,3.6154665965216126e+00
136417,4.1254050561102085e+03,3.6154665965216126e+00
136430,4.1254050561101685e+03,3.6154665965216086e+00
136443,4.1254050561101685e+03,3.6154665965216086e+00
136456,4.1254050561100958e+03,3.6154665965216006e+00
136469,4.1254050561100776e+03,3.6154665965215989e+00
136482,4.1254050561100776e+03,3.6154665965215989e+00
136495,4.1254050561100685e+03,3.6154665965215980e+00
136508,4.1254050561100048e+03,3.6154665965215913e+00
136521,4.1254050561100048e+03,3.6154665965215913e+00
136534,4.1254050561100039e+03,3.6154665965215909e+00
136547,4.1254050561100039e+03,3.6154665965215909e+00
136560,4.1254050561100039e+03,3.6154665965215909e+00
136573,4.1254050561100039e+03,3.6154665965215909e+00
136586,4.1254050561099948e+03,3.6154665965215900e+00
136599,4.1254050561099948e+03,3.6154665965215900e+00
136612,4.1254050561099257e+03,3.6154665965215829e+00
136625,4.1254050561098948e+03,3.6154665965215798e+00
136638,4.1254050561098948e+03,3.6154665965215798e+00
136651,4.1254050561098948e+03,3.6154665965215798e+00
136664,4.1254050561098948e+03,3.6154665965215798e+00
136677,4.1254050561098948e+03,3.6154665965215798e+00
136690,4.1254050561098948e+03,3.6154665965215798e+00
136703,4.1254050561098948e+03,3.6154665965215798e+00
136716,4.1254050561098948e+03,3.6154665965215798e+00
136729,4.1254050561098948e+03,3.6154665965215798e+00
136742,4.1254050561098948e+03,3.6154665965215798e+00
136755,4.1254050561098929e+03,3.6154665965215793e+00
136768,4.1254050561098929e+03,3.6154665965215793e+00
136781,4.1254050561098929e+03,3.6154665965215793e+00
136794,4.1254050561098929e+03,3.6154665965215793e+00
136807,4.1254050561098929e+03,3.6154665965215793e+00
136820,4.1254050561098929e+03,3.6154665965215793e+00
136833,4.1254050561098929e+03,3.6154665965215793e+00
136846,4.1254050561098929e+03,3.6154665965215793e+00
136859,4.1254050561098929e+03,3.6154665965215793e+00
136872,4.1254050561098902e+03,3.6154665965215793e+00
136885,4.1254050561098902e+03,3.6154665965215793e+00
136898,4.1254050561098638e+03,3.6154665965215762e+00
136911,4.1254050561098638e+03,3.6154665965215762e+00
136924,4.1254050561098502e+03,3.6154665965215749e+00
136937,4.1254050561098502e+03,3.6154665965215749e+00
136950,4.1254050561098502e+03,3.6154665965215749e+00
136963,4.1254050561098502e+03,3.6154665965215749e+00
136976,4.1254050561098502e+03,3.6154665965215749e+00
136989,4.1254050561098502e+03,3.6154665965215749e+00
137002,4.1254050561098366e+03,3.6154665965215735e+00
137015,4.1254050561098366e+03,3.6154665965215735e+00
137028,4.1254050561098366e+03,3.6154665965215735e+00
137041,4.1254050561098366e+03,3.6154665965215735e+00
137054,4.1254050561098193e+03,3.6154665965215718e+00
137067,4.1254050561098193e+03,3.6154665965215718e+00
137080,4.1254050561098193e+03,3.6154665965215718e+00
137093,4.1254050561098193e+03,3.6154665965215718e+00
137106,4.1254050561098193e+03,3.6154665965215718e+00
137119,4.1254050561098193e+03,3.6154665965215718e+00
137132,4.1254050561098193e+03,3.6154665965215718e+00
137145,4.1254050561098193e+03,3.6154665965215718e+00
137158,4.1254050561098193e+03,3.6154665965215718e+00
137171,4.1254050561098093e+03,3.6154665965215704e+00
137184,4.1254050561098093e+03,3.6154665965215704e+00
137197,4.1254050561098093e+03,3.6154665965215704e+00
137210,4.1254050561098093e+03,3.6154665965215704e+00
137223,4.1254050561098093e+03,3.6154665965215704e+00
137236,4.1254050561098093e+03,3.6154665965215704e+00
137249,4.1254050561098093e+03,3.6154665965215704e+00
137262,4.1254050561098093e+03,3.6154665965215704e+00
137275,4.1254050561098093e+03,3.6154665965215704e+00
137288,4.1254050561098093e+03,3.6154665965215704e+00
137301,4.1254050561098093e+03,3.6154665965215704e+00
137314,4.1254050561098093e+03,3.6154665965215704e+00
137327,4.1254050561098093e+03,3.6154665965215704e+00
137340,4.1254050561098093e+03,3.6154665965215704e+00
137353,4.1254050561098093e+03,3.6154665965215704e+00
137366,4.1254050561098093e+03,3.6154665965215704e+00
137379,4.1254050561098093e+03,3.6154665965215704e+00
137392,4.1254050561098093e+03,3.6154665965215704e+00
137405,4.1254050561098093e+03,3.6154665965215704e+00
137418,4.1254050561098093e+03,3.6154665965215704e+00
137431,4.1254050561098020e+03,3.6154665965215700e+00
137444,4.1254050561098020e+03,3.6154665965215700e+00
137457,4.1254050561098020e+03,3.6154665965215700e+00
137470,4.1254050561098020e+03,3.6154665965215700e+00
137483,4.1254050561098020e+03,3.6154665965215700e+00
137496,4.1254050561098020e+03,3.6154665965215700e+00
137509,4.1254050561098020e+03,3.6154665965215700e+00
137522,4.1254050561098020e+03,3.6154665965215700e+00
137535,4.1254050561098020e+03,3.6154665965215700e+00
137548,4.1254050561098020e+03,3.6154665965215700e+00
137561,4.1254050561098020e+03,3.6154665965215700e+00
137574,4.1254050561098020e+03,3.6154665965215700e+00
137587,4.1254050561098020e+03,3.6154665965215700e+00
137600,4.1254050561098020e+03,3.6154665965215700e+00
137613,4.1254050561098020e+03,3.6154665965215700e+00
137626,4.1254050561098020e+03,3.6154665965215700e+00
137639,4.1254050561098020e+03,3.6154665965215700e+00
137652,4.1254050561098020e+03,3.6154665965215700e+00
137665,4.1254050561097947e+03,3.6154665965215691e+00
137678,4.1254050561097638e+03,3.6154665965215660e+00
137691,4.1254050561097638e+03,3.6154665965215660e+00
137704,4.1254050561097638e+03,3.6154665965215660e+00
137717,4.1254050561097638e+03,3.6154665965215660e+00
137730,4.1254050561097638e+03,3.6154665965215660e+00
137743,4.1254050561097638e+03,3.6154665965215660e+00
137756,4.1254050561097638e+03,3.6154665965215660e+00
137769,4.1254050561097638e+03,3.6154665965215660e+00
137782,4.1254050561097638e+03,3.6154665965215660e+00
137795,4.1254050561097638e+03,3.6154665965215660e+00
137808,4.1254050561097638e+03,3.6154665965215660e+00
137821,4.1254050561097638e+03,3.6154665965215660e+00
137834,4.1254050561097638e+03,3.6154665965215660e+00
137847,4.1254050561097638e+03,3.6154665965215660e+00
137860,4.1254050561097638e+03,3.6154665965215660e+00
137873,4.1254050561097638e+03,3.6154665965215660e+00
137886,4.1254050561097156e+03,3.6154665965215607e+00
137899,4.1254050561097156e+03,3.6154665965215607e+00
137912,4.1254050561097156e+03,3.6154665965215607e+00
137925,4.1254050561097156e+03,3.6154665965215607e+00
137938,4.1254050561097156e+03,3.6154665965215607e+00
137951,4.1254050561097156e+03,3.6154665965215607e+00
137964,4.1254050561097156e+03,3.6154665965215607e+00
137977,4.1254050561097156e+03,3.6154665965215607e+00
137990,4.1254050561097156e+03,3.6154665965215607e+00
138003,4.1254050561097019e+03,3.6154665965215593e+00
138016,4.1254050561097019e+03,3.6154665965215593e+00
138029,4.1254050561097019e+03,3.6154665965215593e+00
138042,4.1254050561097019e+03,3.6154665965215593e+00
138055,4.1254050561097019e+03,3.6154665965215593e+00
138068,4.1254050561097019e+03,3.6154665965215593e+00
138081,4.1254050561097019e+03,3.6154665965215593e+00
138094,4.1254050561096992e+03,3.6154665965215589e+00
138107,4.1254050561096992e+03,3.6154665965215589e+00
138120,4.1254050561096992e+03,3.6154665965215589e+00
138133,4.1254050561096992e+03,3.6154665965215589e+00
138146,4.1254050561096992e+03,3.6154665965215589e+00
138159,4.1254050561096992e+03,3.6154665965215589e+00
138172,4.1254050561096992e+03,3.6154665965215589e+00
138185,4.1254050561096992e+03,3.6154665965215589e+00
138198,4.1254050561096992e+03,3.6154665965215589e+00
138211,4.1254050561096992e+03,3.6154665965215589e+00
138224,4.1254050561096992e+03,3.6154665965215589e+00
138237,4.1254050561096992e+03,3.6154665965215589e+00
138250,4.1254050561096992e+03,3.6154665965215589e+00
138263,4.1254050561096992e+03,3.6154665965215589e+00
138276,4.1254050561096992e+03,3.6154665965215589e+00
138289,4.1254050561096992e+03,3.6154665965215589e+00
138302,4.1254050561096901e+03,3.6154665965215580e+00
138315,4.1254050561096901e+03,3.6154665965215580e+00
138328,4.1254050561096892e+03,3.6154665965215580e+00
138341,4.1254050561096874e+03,3.6154665965215576e+00
138354,4.1254050561096874e+03,3.6154665965215576e+00
138367,4.1254050561096874e+03,3.6154665965215576e+00
138380,4.1254050561096774e+03,3.6154665965215567e+00
138393,4.1254050561096747e+03,3.6154665965215562e+00
138406,4.1254050561096747e+03,3.6154665965215562e+00
138419,4.1254050561096747e+03,3.6154665965215562e+00
138432,4.1254050561096747e+03,3.6154665965215562e+00
138445,4.1254050561096747e+03,3.6154665965215562e+00
138458,4.1254050561096747e+03,3.6154665965215562e+00
138471,4.1254050561096747e+03,3.6154665965215562e+00
138484,4.1254050561096747e+03,3.6154665965215562e+00
138497,4.1254050561096747e+03,3.6154665965215562e+00
138510,4.1254050561096747e+03,3.6154665965215562e+00
138523,4.1254050561096747e+03,3.6154665965215562e+00
138536,4.1254050561096747e+03,3.6154665965215562e+00
138549,4.1254050561096747e+03,3.6154665965215562e+00
138562,4.1254050561096747e+03,3.6154665965215562e+00
138575,4.1254050561096747e+03,3.6154665965215562e+00
138588,4.1254050561096728e+03,3.6154665965215562e+00
138601,4.1254050561096728e+03,3.6154665965215562e+00
138614,4.1254050561096701e+03,3.6154665965215558e+00
138627,4.1254050561096701e+03,3.6154665965215558e+00
138640,4.1254050561096474e+03,3.6154665965215536e+00
138653,4.1254050561096474e+03,3.6154665965215536e+00
138666,4.1254050561096474e+03,3.6154665965215536e+00
138679,4.1254050561096456e+03,3.6154665965215536e+00
138692,4.1254050561096428e+03,3.6154665965215531e+00
138705,4.1254050561096428e+03,3.6154665965215531e+00
138718,4.1254050561096428e+03,3.6154665965215531e+00
138731,4.1254050561096410e+03,3.6154665965215527e+00
138744,4.1254050561096410e+03,3.6154665965215527e+00
138757,4.1254050561096410e+03,3.6154665965215527e+00
138770,4.1254050561096410e+03,3.6154665965215527e+00
138783,4.1254050561096410e+03,3.6154665965215527e+00
138796,4.1254050561096328e+03,3.6154665965215522e+00
138809,4.1254050561096328e+03,3.6154665965215522e+00
138822,4.1254050561096328e+03,3.6154665965215522e+00
138835,4.1254050561096328e+03,3.6154665965215522e+00
138848,4.1254050561096328e+03,3.6154665965215522e+00
138861,4.1254050561096328e+03,3.6154665965215522e+00
138874,4.1254050561096328e+03,3.6154665965215522e+00
138887,4.1254050561096328e+03,3.6154665965215522e+00
138900,4.1254050561096237e+03,3.6154665965215509e+00
138912,4.1254050561096237e+03,3.6154665965215509e+00
138924,4.1254050561096237e+03,3.6154665965215509e+00
138936,4.1254050561096237e+03,3.6154665965215509e+00
138948,4.1254050561096237e+03,3.6154665965215509e+00
138960,4.1254050561096237e+03,3.6154665965215509e+00
138972,4.1254050561096237e+03,3.6154665965215509e+00
138984,4.1254050561096237e+03,3.6154665965215509e+00
138996,4.1254050561096237e+03,3.6154665965215509e+00
139008,4.1254050561096237e+03,3.6154665965215509e+00
139020,4.1254050561096237e+03,3.6154665965215509e+00
139032,4.1254050561096237e+03,3.6154665965215509e+00
139044,4.1254050561096237e+03,3.6154665965215509e+00
139056,4.1254050561096237e+03,3.6154665965215509e+00
139068,4.1254050561096237e+03,3.6154665965215509e+00
139080,4.1254050561096237e+03,3.6154665965215509e+00
139092,4.1254050561096237e+03,3.6154665965215509e+00
139104,4.1254050561096237e+03,3.6154665965215509e+00
139116,4.1254050561096146e+03,3.6154665965215500e+00
139128,4.1254050561096146e+03,3.6154665965215500e+00
139140,4.1254050561096146e+03,3.6154665965215500e+00
139152,4.1254050561096146e+03,3.6154665965215500e+00
139164,4.1254050561096146e+03,3.6154665965215500e+00
139176,4.1254050561096146e+03,3.6154665965215500e+00
139188,4.1254050561096146e+03,3.6154665965215500e+00
139200,4.1254050561096146e+03,3.6154665965215500e+00
139212,4.1254050561096146e+03,3.6154665965215500e+00
139224,4.1254050561096146e+03,3.6154665965215500e+00
139236,4.1254050561096146e+03,3.6154665965215500e+00
139248,4.1254050561096146e+03,3.6154665965215500e+00
139260,4.1254050561096146e+03,3.6154665965215500e+00
139272,4.1254050561096146e+03,3.6154665965215500e+00
139284,4.1254050561096137e+03,3.6154665965215500e+00
139296,4.1254050561096137e+03,3.6154665965215500e+00
139308,4.1254050561096137e+03,3.6154665965215500e+00
139320,4.1254050561096074e+03,3.6154665965215491e+00
139332,4.1254050561096074e+03,3.6154665965215491e+00
139344,4.1254050561096074e+03,3.6154665965215491e+00
139356,4.1254050561096074e+03,3.6154665965215491e+00
139368,4.1254050561096074e+03,3.6154665965215491e+00
139380,4.1254050561096064e+03,3.6154665965215491e+00
139392,4.1254050561096064e+03,3.6154665965215491e+00
139404,4.1254050561096001e+03,3.6154665965215487e+00
139416,4.1254050561095837e+03,3.6154665965215469e+00
139428,4.1254050561095837e+03,3.6154665965215469e+00
139440,4.1254050561095837e+03,3.6154665965215469e+00
139452,4.1254050561095837e+03,3.6154665965215469e+00
139464,4.1254050561095837e+03,3.6154665965215469e+00
139476,4.1254050561095837e+03,3.6154665965215469e+00
139488,4.1254050561095837e+03,3.6154665965215469e+00
139500,4.1254050561095837e+03,3.6154665965215469e+00
139512,4.1254050561095837e+03,3.6154665965215469e+00
139524,4.1254050561095837e+03,3.6154665965215469e+00
139536,4.1254050561095755e+03,3.6154665965215460e+00
139548,4.1254050561095564e+03,3.6154665965215438e+00
139560,4.1254050561095564e+03,3.6154665965215438e+00
139572,4.1254050561095564e+03,3.6154665965215438e+00
139584,4.1254050561095564e+03,3.6154665965215438e+00
139596,4.1254050561095437e+03,3.6154665965215425e+00
139608,4.1254050561095437e+03,3.6154665965215425e+00
139620,4.1254050561095437e+03,3.6154665965215425e+00
139632,4.1254050561094791e+03,3.6154665965215358e+00
139644,4.1254050561094791e+03,3.6154665965215358e+00
139656,4.1254050561094791e+03,3.6154665965215358e+00
139668,4.1254050561094791e+03,3.6154665965215358e+00
139680,4.1254050561094791e+03,3.6154665965215358e+00
139692,4.1254050561094791e+03,3.6154665965215358e+00
139704,4.1254050561094791e+03,3.6154665965215358e+00
139716,4.1254050561094791e+03,3.6154665965215358e+00
139728,4.1254050561094509e+03,3.6154665965215327e+00
139740,4.1254050561094509e+03,3.6154665965215327e+00
139752,4.1254050561094464e+03,3.6154665965215322e+00
139764,4.1254050561093864e+03,3.6154665965215260e+00
139776,4.1254050561093864e+03,3.6154665965215260e+00
139788,4.1254050561093200e+03,3.6154665965215189e+00
139800,4.1254050561092063e+03,3.6154665965215069e+00
139812,4.1254050561092063e+03,3.6154665965215069e+00
139824,4.1254050561092063e+03,3.6154665965215069e+00
139836,4.1254050561091917e+03,3.6154665965215056e+00
139848,4.1254050561091917e+03,3.6154665965215056e+00
139860,4.1254050561091917e+03,3.6154665965215056e+00
139872,4.1254050561091917e+03,3.6154665965215056e+00
139884,4.1254050561091653e+03,3.6154665965215029e+00
139896,4.1254050561090926e+03,3.6154665965214949e+00
139908,4.1254050561090926e+03,3.6154665965214949e+00
139920,4.1254050561090926e+03,3.6154665965214949e+00
139932,4.1254050561090926e+03,3.6154665965214949e+00
139944,4.1254050561090799e+03,3.6154665965214936e+00
139956,4.1254050561090799e+03,3.6154665965214936e+00
139968,4.1254050561090307e+03,3.6154665965214887e+00
139980,4.1254050561089743e+03,3.6154665965214825e+00
139992,4.1254050561089743e+03,3.6154665965214825e+00
140004,4.1254050561089616e+03,3.6154665965214812e+00
140016,4.1254050561087324e+03,3.6154665965214572e+00
140028,4.1254050561087324e+03,3.6154665965214572e+00
140040,4.1254050561087324e+03,3.6154665965214572e+00
140052,4.1254050561087324e+03,3.6154665965214572e+00
140064,4.1254050561087251e+03,3.6154665965214563e+00
140076,4.1254050561087251e+03,3.6154665965214563e+00
140088,4.1254050561087251e+03,3.6154665965214563e+00
140100,4.1254050561087251e+03,3.6154665965214563e+00
140112,4.1254050561087133e+03,3.6154665965214554e+00
140124,4.1254050561087133e+03,3.6154665965214554e+00
140136,4.1254050561087133e+03,3.6154665965214554e+00
140148,4.1254050561086824e+03,3.6154665965214519e+00
140160,4.1254050561086824e+03,3.6154665965214519e+00
140172,4.1254050561086733e+03,3.6154665965214510e+00
140184,4.1254050561086733e+03,3.6154665965214510e+00
140196,4.1254050561086733e+03,3.6154665965214510e+00
140208,4.1254050561086733e+03,3.6154665965214510e+00
140220,4.1254050561086733e+03,3.6154665965214510e+00
140232,4.1254050561086733e+03,3.6154665965214510e+00
140244,4.1254050561085969e+03,3.6154665965214430e+00
140256,4.1254050561085969e+03,3.6154665965214430e+00
140268,4.1254050561085969e+03,3.6154665965214430e+00
140280,4.1254050561085969e+03,3.6154665965214430e+00
140292,4.1254050561085969e+03,3.6154665965214430e+00
140304,4.1254050561085969e+03,3.6154665965214430e+00
140316,4.1254050561085969e+03,3.6154665965214430e+00
140328,4.1254050561085969e+03,3.6154665965214430e+00
140340,4.1254050561085869e+03,3.6154665965214421e+00
140352,4.1254050561085869e+03,3.6154665965214421e+00
140364,4.1254050561085869e+03,3.6154665965214421e+00
140376,4.1254050561085869e+03,3.6154665965214421e+00
140388,4.1254050561085869e+03,3.6154665965214421e+00
140400,4.1254050561085869e+03,3.6154665965214421e+00
140412,4.1254050561085869e+03,3.6154665965214421e+00
140424,4.1254050561085869e+03,3.6154665965214421e+00
140436,4.1254050561085869e+03,3.6154665965214421e+00
140448,4.1254050561085869e+03,3.6154665965214421e+00
140460,4.1254050561085869e+03,3.6154665965214421e+00
140472,4.1254050561085869e+03,3.6154665965214421e+00
140484,4.1254050561085869e+03,3.6154665965214421e+00
140496,4.1254050561085851e+03,3.6154665965214416e+00
140508,4.1254050561085851e+03,3.6154665965214416e+00
140520,4.1254050561085851e+03,3.6154665965214416e+00
140532,4.1254050561085851e+03,3.6154665965214416e+00
140544,4.1254050561085851e+03,3.6154665965214416e+00
140556,4.1254050561085851e+03,3.6154665965214416e+00
140568,4.1254050561085851e+03,3.6154665965214416e+00
140580,4.1254050561085851e+03,3.6154665965214416e+00
140592,4.1254050561085851e+03,3.6154665965214416e+00
140604,4.1254050561085851e+03,3.6154665965214416e+00
140616,4.1254050561085851e+03,3.6154665965214416e+00
140628,4.1254050561085851e+03,3.6154665965214416e+00
140640,4.1254050561085851e+03,3.6154665965214416e+00
140652,4.1254050561085851e+03,3.6154665965214416e+00
140664,4.1254050561085851e+03,3.6154665965214416e+00
140676,4.1254050561085851e+03,3.6154665965214416e+00
140688,4.1254050561085851e+03,3.6154665965214416e+00
140700,4.1254050561085796e+03,3.6154665965214412e+00
140712,4.1254050561085796e+03,3.6154665965214412e+00
140724,4.1254050561085796e+03,3.6154665965214412e+00
140736,4.1254050561085796e+03,3.6154665965214412e+00
140748,4.1254050561085796e+03,3.6154665965214412e+00
140760,4.1254050561085796e+03,3.6154665965214412e+00
140772,4.1254050561085796e+03,3.6154665965214412e+00
140784,4.1254050561085651e+03,3.6154665965214394e+00
140796,4.1254050561085651e+03,3.6154665965214394e+00
140808,4.1254050561085651e+03,3.6154665965214394e+00
140820,4.1254050561085651e+03,3.6154665965214394e+00
140832,4.1254050561085651e+03,3.6154665965214394e+00
140844,4.1254050561085651e+03,3.6154665965214394e+00
140856,4.1254050561085651e+03,3.6154665965214394e+00
140868,4.1254050561085651e+03,3.6154665965214394e+00
140880,4.1254050561085651e+03,3.6154665965214394e+00
140892,4.1254050561085651e+03,3.6154665965214394e+00
140904,4.1254050561085651e+03,3.6154665965214394e+00
140916,4.1254050561085651e+03,3.6154665965214394e+00
140928,4.1254050561085651e+03,3.6154665965214394e+00
140940,4.1254050561085651e+03,3.6154665965214394e+00
140952,4.1254050561085651e+03,3.6154665965214394e+00
140964,4.1254050561085651e+03,3.6154665965214394e+00
140976,4.1254050561085651e+03,3.6154665965214394e+00
140988,4.1254050561085651e+03,3.6154665965214394e+00
141000,4.1254050561085651e+03,3.6154665965214394e+00
141012,4.1254050561085651e+03,3.6154665965214394e+00
141024,4.1254050561085651e+03,3.6154665965214394e+00
141036,4.1254050561085651e+03,3.6154665965214394e+00
141048,4.1254050561085651e+03,3.6154665965214394e+00
141060,4.1254050561085651e+03,3.6154665965214394e+00
141072,4.1254050561085651e+03,3.6154665965214394e+00
141084,4.1254050561085651e+03,3.6154665965214394e+00
141096,4.1254050561085651e+03,3.6154665965214394e+00
141108,4.1254050561085651e+03,3.6154665965214394e+00
141120,4.1254050561085651e+03,3.6154665965214394e+00
141132,4.1254050561085642e+03,3.6154665965214394e+00
141144,4.1254050561085633e+03,3.6154665965214394e+00
141156,4.1254050561085633e+03,3.6154665965214394e+00
141168,4.1254050561085633e+03,3.6154665965214394e+00
141180,4.1254050561085633e+03,3.6154665965214394e+00
141192,4.1254050561085623e+03,3.6154665965214394e+00
141204,4.1254050561085623e+03,3.6154665965214394e+00
141216,4.1254050561085623e+03,3.6154665965214394e+00
141228,4.1254050561085623e+03,3.6154665965214394e+00
141240,4.1254050561085623e+03,3.6154665965214394e+00
141252,4.1254050561085623e+03,3.6154665965214394e+00
141264,4.1254050561085623e+03,3.6154665965214394e+00
141276,4.1254050561085623e+03,3.6154665965214394e+00
141288,4.1254050561085623e+03,3.6154665965214394e+00
141300,4.1254050561085623e+03,3.6154665965214394e+00
141312,4.1254050561085623e+03,3.6154665965214394e+00
141324,4.1254050561085623e+03,3.6154665965214394e+00
141336,4.1254050561085523e+03,3.6154665965214381e+00
141348,4.1254050561085523e+03,3.6154665965214381e+00
141360,4.1254050561085460e+03,3.6154665965214376e+00
141372,4.1254050561085460e+03,3.6154665965214376e+00
141384,4.1254050561085460e+03,3.6154665965214376e+00
141396,4.1254050561085460e+03,3.6154665965214376e+00
141408,4.1254050561085460e+03,3.6154665965214376e+00
141420,4.1254050561085460e+03,3.6154665965214376e+00
141432,4.1254050561085460e+03,3.6154665965214376e+00
141444,4.1254050561085460e+03,3.6154665965214376e+00
141456,4.1254050561085432e+03,3.6154665965214372e+00
141468,4.1254050561085432e+03,3.6154665965214372e+00
141480,4.1254050561085432e+03,3.6154665965214372e+00
141492,4.1254050561085432e+03,3.6154665965214372e+00
141504,4.1254050561085405e+03,3.6154665965214372e+00
141516,4.1254050561085405e+03,3.6154665965214372e+00
141528,4.1254050561085405e+03,3.6154665965214372e+00
141540,4.1254050561085405e+03,3.6154665965214372e+00
141552,4.1254050561085405e+03,3.6154665965214372e+00
141564,4.1254050561085351e+03,3.6154665965214363e+00
141576,4.1254050561085351e+03,3.6154665965214363e+00
141588,4.1254050561085351e+03,3.6154665965214363e+00
141600,4.1254050561085351e+03,3.6154665965214363e+00
141612,4.1254050561085351e+03,3.6154665965214363e+00
141624,4.1254050561085278e+03,3.6154665965214359e+00
141636,4.1254050561085278e+03,3.6154665965214359e+00
141648,4.1254050561085214e+03,3.6154665965214350e+00
141660,4.1254050561085214e+03,3.6154665965214350e+00
141672,4.1254050561085214e+03,3.6154665965214350e+00
141684,4.1254050561085214e+03,3.6154665965214350e+00
141696,4.1254050561085214e+03,3.6154665965214350e+00
141708,4.1254050561085214e+03,3.6154665965214350e+00
141720,4.1254050561085214e+03,3.6154665965214350e+00
141732,4.1254050561085214e+03,3.6154665965214350e+00
141744,4.1254050561085214e+03,3.6154665965214350e+00
141756,4.1254050561085187e+03,3.6154665965214345e+00
141768,4.1254050561085187e+03,3.6154665965214345e+00
141780,4.1254050561085187e+03,3.6154665965214345e+00
141792,4.1254050561085187e+03,3.6154665965214345e+00
141804,4.1254050561085187e+03,3.6154665965214345e+00
141816,4.1254050561085187e+03,3.6154665965214345e+00
141828,4.1254050561085187e+03,3.6154665965214345e+00
141840,4.1254050561085187e+03,3.6154665965214345e+00
141852,4.1254050561085187e+03,3.6154665965214345e+00
141864,4.1254050561085187e+03,3.6154665965214345e+00
141876,4.1254050561085187e+03,3.6154665965214345e+00
141888,4.1254050561085187e+03,3.6154665965214345e+00
141900,4.1254050561085187e+03,3.6154665965214345e+00
141912,4.1254050561085187e+03,3.6154665965214345e+00
141924,4.1254050561085187e+03,3.6154665965214345e+00
141936,4.1254050561085187e+03,3.6154665965214345e+00
141948,4.1254050561085187e+03,3.6154665965214345e+00
141960,4.1254050561085187e+03,3.6154665965214345e+00
141972,4.1254050561085187e+03,3.6154665965214345e+00
141984,4.1254050561085187e+03,3.6154665965214345e+00
141996,4.1254050561085187e+03,3.6154665965214345e+00
142008,4.1254050561085187e+03,3.6154665965214345e+00
142020,4.1254050561085187e+03,3.6154665965214345e+00
142032,4.1254050561085187e+03,3.6154665965214345e+00
142044,4.1254050561085187e+03,3.6154665965214345e+00
142056,4.1254050561085187e+03,3.6154665965214345e+00
142068,4.1254050561085187e+03,3.6154665965214345e+00
142080,4.1254050561085187e+03,3.6154665965214345e+00
142092,4.1254050561085187e+03,3.6154665965214345e+00
142104,4.1254050561085187e+03,3.6154665965214345e+00
142116,4.1254050561085187e+03,3.6154665965214345e+00
142128,4.1254050561085187e+03,3.6154665965214345e+00
142140,4.1254050561085187e+03,3.6154665965214345e+00
142152,4.1254050561085169e+03,3.6154665965214345e+00
142164,4.1254050561085060e+03,3.6154665965214332e+00
142176,4.1254050561085060e+03,3.6154665965214332e+00
142188,4.1254050561085060e+03,3.6154665965214332e+00
142200,4.1254050561085060e+03,3.6154665965214332e+00
142212,4.1254050561085060e+03,3.6154665965214332e+00
142224,4.1254050561085060e+03,3.6154665965214332e+00
142236,4.1254050561085060e+03,3.6154665965214332e+00
142248,4.1254050561085060e+03,3.6154665965214332e+00
142260,4.1254050561085060e+03,3.6154665965214332e+00
142272,4.1254050561085060e+03,3.6154665965214332e+00
142284,4.1254050561085060e+03,3.6154665965214332e+00
142296,4.1254050561085060e+03,3.6154665965214332e+00
142308,4.1254050561085060e+03,3.6154665965214332e+00
142320,4.1254050561085060e+03,3.6154665965214332e+00
142332,4.1254050561085060e+03,3.6154665965214332e+00
142344,4.1254050561085060e+03,3.6154665965214332e+00
142356,4.1254050561085060e+03,3.6154665965214332e+00
142368,4.1254050561085060e+03,3.6154665965214332e+00
142380,4.1254050561085060e+03,3.6154665965214332e+00
142392,4.1254050561085060e+03,3.6154665965214332e+00
142404,4.1254050561085060e+03,3.6154665965214332e+00
142416,4.1254050561085060e+03,3.6154665965214332e+00
142428,4.1254050561085014e+03,3.6154665965214328e+00
142440,4.1254050561085014e+03,3.6154665965214328e+00
142452,4.1254050561085014e+03,3.6154665965214328e+00
142464,4.1254050561085014e+03,3.6154665965214328e+00
142476,4.1254050561084950e+03,3.6154665965214323e+00
142488,4.1254050561084723e+03,3.6154665965214297e+00
142500,4.1254050561084723e+03,3.6154665965214297e+00
142512,4.1254050561084723e+03,3.6154665965214297e+00
142524,4.1254050561084723e+03,3.6154665965214297e+00
142536,4.1254050561084723e+03,3.6154665965214297e+00
142548,4.1254050561084723e+03,3.6154665965214297e+00
142560,4.1254050561084723e+03,3.6154665965214297e+00
142572,4.1254050561084723e+03,3.6154665965214297e+00
142584,4.1254050561084723e+03,3.6154665965214297e+00
142596,4.1254050561084723e+03,3.6154665965214297e+00
142608,4.1254050561084723e+03,3.6154665965214297e+00
142620,4.1254050561084723e+03,3.6154665965214297e+00
142632,4.1254050561084723e+03,3.6154665965214297e+00
142644,4.1254050561084723e+03,3.6154665965214297e+00
142656,4.1254050561084723e+03,3.6154665965214297e+00
142668,4.1254050561084723e+03,3.6154665965214297e+00
142680,4.1254050561084723e+03,3.6154665965214297e+00
142692,4.1254050561084723e+03,3.6154665965214297e+00
142704,4.1254050561084578e+03,3.6154665965214283e+00
142716,4.1254050561084578e+03,3.6154665965214283e+00
142728,4.1254050561084578e+03,3.6154665965214283e+00
142740,4.1254050561084578e+03,3.6154665965214283e+00
142752,4.1254050561084578e+03,3.6154665965214283e+00
142764,4.1254050561084450e+03,3.6154665965214270e+00
142776,4.1254050561084450e+03,3.6154665965214270e+00
142788,4.1254050561084450e+03,3.6154665965214270e+00
142800,4.1254050561084450e+03,3.6154665965214270e+00
142812,4.1254050561084450e+03,3.6154665965214270e+00
142824,4.1254050561084450e+03,3.6154665965214270e+00
142836,4.1254050561084450e+03,3.6154665965214270e+00
142848,4.1254050561084450e+03,3.6154665965214270e+00
142860,4.1254050561084450e+03,3.6154665965214270e+00
142872,4.1254050561084450e+03,3.6154665965214270e+00
142884,4.1254050561084450e+03,3.6154665965214270e+00
142896,4.1254050561084450e+03,3.6154665965214270e+00
142908,4.1254050561084450e+03,3.6154665965214270e+00
142920,4.1254050561084450e+03,3.6154665965214270e+00
142932,4.1254050561084450e+03,3.6154665965214270e+00
142944,4.1254050561084450e+03,3.6154665965214270e+00
142956,4.1254050561084450e+03,3.6154665965214270e+00
142968,4.1254050561084450e+03,3.6154665965214270e+00
142980,4.1254050561084450e+03,3.6154665965214270e+00
142992,4.1254050561084450e+03,3.6154665965214270e+00
143004,4.1254050561084450e+03,3.6154665965214270e+00
143016,4.1254050561084450e+03,3.6154665965214270e+00
143028,4.1254050561084450e+03,3.6154665965214270e+00
143040,4.1254050561084450e+03,3.6154665965214270e+00
143052,4.1254050561084450e+03,3.6154665965214270e+00
143064,4.1254050561084450e+03,3.6154665965214270e+00
143076,4.1254050561084450e+03,3.6154665965214270e+00
143088,4.1254050561084450e+03,3.6154665965214270e+00
143100,4.1254050561084450e+03,3.6154665965214270e+00
143112,4.1254050561084450e+03,3.6154665965214270e+00
143124,4.1254050561084450e+03,3.6154665965214270e+00
143136,4.1254050561084450e+03,3.6154665965214270e+00
143148,4.1254050561084450e+03,3.6154665965214270e+00
143160,4.1254050561084450e+03,3.6154665965214270e+00
143172,4.1254050561084450e+03,3.6154665965214270e+00
143184,4.1254050561084450e+03,3.6154665965214270e+00
143196,4.1254050561084450e+03,3.6154665965214270e+00
143208,4.1254050561084450e+03,3.6154665965214270e+00
143220,4.1254050561084450e+03,3.6154665965214270e+00
143232,4.1254050561084450e+03,3.6154665965214270e+00
143244,4.1254050561084450e+03,3.6154665965214270e+00
143256,4.1254050561084450e+03,3.6154665965214270e+00
143268,4.1254050561084450e+03,3.6154665965214270e+00
143280,4.1254050561084450e+03,3.6154665965214270e+00
143292,4.1254050561084450e+03,3.6154665965214270e+00
143304,4.1254050561084450e+03,3.6154665965214270e+00
143316,4.1254050561084450e+03,3.6154665965214270e+00
143328,4.1254050561084450e+03,3.6154665965214270e+00
143340,4.1254050561084450e+03,3.6154665965214270e+00
143352,4.1254050561084450e+03,3.6154665965214270e+00
143364,4.1254050561084450e+03,3.6154665965214270e+00
143376,4.1254050561084450e+03,3.6154665965214270e+00
143388,4.1254050561084450e+03,3.6154665965214270e+00
143400,4.1254050561084450e+03,3.6154665965214270e+00
143412,4.1254050561084450e+03,3.6154665965214270e+00
143424,4.1254050561084450e+03,3.6154665965214270e+00
143436,4.1254050561084450e+03,3.6154665965214270e+00
143448,4.1254050561084450e+03,3.6154665965214270e+00
143460,4.1254050561084450e+03,3.6154665965214270e+00
143472,4.1254050561084450e+03,3.6154665965214270e+00
143484,4.1254050561084450e+03,3.6154665965214270e+00
143496,4.1254050561084450e+03,3.6154665965214270e+00
143508,4.1254050561084450e+03,3.6154665965214270e+00
143520,4.1254050561084450e+03,3.6154665965214270e+00
143532,4.1254050561084450e+03,3.6154665965214270e+00
143544,4.1254050561084450e+03,3.6154665965214270e+00
143556,4.1254050561084450e+03,3.6154665965214270e+00
143568,4.1254050561084450e+03,3.6154665965214270e+00
143580,4.1254050561084450e+03,3.6154665965214270e+00
143592,4.1254050561084450e+03,3.6154665965214270e+00
143604,4.1254050561084450e+03,3.6154665965214270e+00
143616,4.1254050561084450e+03,3.6154665965214270e+00
143628,4.1254050561084450e+03,3.6154665965214270e+00
143640,4.1254050561084450e+03,3.6154665965214270e+00
143652,4.1254050561084450e+03,3.6154665965214270e+00
143664,4.1254050561084450e+03,3.6154665965214270e+00
143676,4.1254050561084450e+03,3.6154665965214270e+00
143688,4.1254050561084450e+03,3.6154665965214270e+00
143700,4.1254050561084450e+03,3.6154665965214270e+00
143712,4.1254050561084450e+03,3.6154665965214270e+00
143724,4.1254050561084450e+03,3.6154665965214270e+00
143736,4.1254050561084450e+03,3.6154665965214270e+00
143748,4.1254050561084450e+03,3.6154665965214270e+00
143760,4.1254050561084450e+03,3.6154665965214270e+00
143772,4.1254050561084450e+03,3.6154665965214270e+00
143784,4.1254050561084450e+03,3.6154665965214270e+00
143796,4.1254050561084450e+03,3.6154665965214270e+00
143808,4.1254050561084450e+03,3.6154665965214270e+00
143820,4.1254050561084450e+03,3.6154665965214270e+00
143832,4.1254050561084450e+03,3.6154665965214270e+00
143844,4.1254050561084450e+03,3.6154665965214270e+00
143856,4.1254050561084450e+03,3.6154665965214270e+00
143868,4.1254050561084450e+03,3.6154665965214270e+00
143880,4.1254050561084450e+03,3.6154665965214270e+00
143892,4.1254050561084450e+03,3.6154665965214270e+00
143904,4.1254050561084450e+03,3.6154665965214270e+00
143916,4.1254050561084450e+03,3.6154665965214270e+00
143928,4.1254050561084450e+03,3.6154665965214270e+00
143940,4.1254050561084450e+03,3.6154665965214270e+00
143952,4.1254050561084450e+03,3.6154665965214270e+00
143964,4.1254050561084450e+03,3.6154665965214270e+00
143976,4.1254050561084450e+03,3.6154665965214270e+00
143988,4.1254050561084450e+03,3.6154665965214270e+00
144000,4.1254050561084450e+03,3.6154665965214270e+00
144012,4.1254050561084441e+03,3.6154665965214270e+00
144024,4.1254050561084441e+03,3.6154665965214270e+00
144036,4.1254050561084441e+03,3.6154665965214270e+00
144048,4.1254050561084441e+03,3.6154665965214270e+00
144060,4.1254050561084441e+03,3.6154665965214270e+00
144072,4.1254050561084441e+03,3.6154665965214270e+00
144084,4.1254050561084441e+03,3.6154665965214270e+00
144096,4.1254050561084441e+03,3.6154665965214270e+00
144108,4.1254050561084441e+03,3.6154665965214270e+00
144120,4.1254050561084441e+03,3.6154665965214270e+00
144132,4.1254050561084441e+03,3.6154665965214270e+00
144144,4.1254050561084441e+03,3.6154665965214270e+00
144156,4.1254050561084441e+03,3.6154665965214270e+00
144168,4.1254050561084441e+03,3.6154665965214270e+00
144180,4.1254050561084441e+03,3.6154665965214270e+00
144192,4.1254050561084441e+03,3.6154665965214270e+00
144204,4.1254050561084441e+03,3.6154665965214270e+00
144216,4.1254050561084441e+03,3.6154665965214270e+00
144228,4.1254050561084441e+03,3.6154665965214270e+00
144240,4.1254050561084441e+03,3.6154665965214270e+00
144252,4.1254050561084441e+03,3.6154665965214270e+00
144264,4.1254050561084441e+03,3.6154665965214270e+00
144276,4.1254050561084441e+03,3.6154665965214270e+00
144288,4.1254050561084441e+03,3.6154665965214270e+00
144300,4.1254050561084441e+03,3.6154665965214270e+00
144312,4.1254050561084441e+03,3.6154665965214270e+00
144324,4.1254050561084441e+03,3.6154665965214270e+00
144336,4.1254050561084441e+03,3.6154665965214270e+00
144348,4.1254050561084441e+03,3.6154665965214270e+00
144360,4.1254050561084441e+03,3.6154665965214270e+00
144372,4.1254050561084441e+03,3.6154665965214270e+00
144384,4.1254050561084441e+03,3.6154665965214270e+00
144396,4.1254050561084441e+03,3.6154665965214270e+00
144408,4.1254050561084441e+03,3.6154665965214270e+00
144420,4.1254050561084441e+03,3.6154665965214270e+00
144432,4.1254050561084441e+03,3.6154665965214270e+00
144444,4.1254050561084441e+03,3.6154665965214270e+00
144456,4.1254050561084441e+03,3.6154665965214270e+00
144468,4.1254050561084441e+03,3.6154665965214270e+00
144480,4.1254050561084441e+03,3.6154665965214270e+00
144492,4.1254050561084441e+03,3.6154665965214270e+00
144504,4.1254050561084441e+03,3.6154665965214270e+00
144516,4.1254050561084441e+03,3.6154665965214270e+00
144528,4.1254050561084441e+03,3.6154665965214270e+00
144540,4.1254050561084441e+03,3.6154665965214270e+00
144552,4.1254050561084441e+03,3.6154665965214270e+00
144564,4.1254050561084441e+03,3.6154665965214270e+00
144576,4.1254050561084441e+03,3.6154665965214270e+00
144588,4.1254050561084441e+03,3.6154665965214270e+00
144600,4.1254050561084441e+03,3.6154665965214270e+00
144612,4.1254050561084441e+03,3.6154665965214270e+00
144624,4.1254050561084441e+03,3.6154665965214270e+00
144636,4.1254050561084441e+03,3.6154665965214270e+00
144648,4.1254050561084441e+03,3.6154665965214270e+00
144660,4.1254050561084441e+03,3.6154665965214270e+00
144672,4.1254050561084441e+03,3.6154665965214270e+00
144684,4.1254050561084441e+03,3.6154665965214270e+00
144696,4.1254050561084441e+03,3.6154665965214270e+00
144708,4.1254050561084441e+03,3.6154665965214270e+00
144720,4.1254050561084441e+03,3.6154665965214270e+00
144732,4.1254050561084441e+03,3.6154665965214270e+00
144744,4.1254050561084441e+03,3.6154665965214270e+00
144756,4.1254050561084441e+03,3.6154665965214270e+00
144768,4.1254050561084441e+03,3.6154665965214270e+00
144780,4.1254050561084414e+03,3.6154665965214265e+00
144792,4.1254050561084414e+03,3.6154665965214265e+00
144804,4.1254050561084414e+03,3.6154665965214265e+00
144816,4.1254050561084414e+03,3.6154665965214265e+00
144828,4.1254050561084414e+03,3.6154665965214265e+00
144840,4.1254050561084414e+03,3.6154665965214265e+00
144852,4.1254050561084414e+03,3.6154665965214265e+00
144864,4.1254050561084414e+03,3.6154665965214265e+00
144876,4.1254050561084414e+03,3.6154665965214265e+00
144888,4.1254050561084414e+03,3.6154665965214265e+00
144900,4.1254050561084414e+03,3.6154665965214265e+00
144912,4.1254050561084414e+03,3.6154665965214265e+00
144924,4.1254050561084414e+03,3.6154665965214265e+00
144936,4.1254050561084414e+03,3.6154665965214265e+00
144948,4.1254050561084396e+03,3.6154665965214265e+00
144960,4.1254050561084396e+03,3.6154665965214265e+00
144972,4.1254050561084396e+03,3.6154665965214265e+00
144984,4.1254050561084396e+03,3.6154665965214265e+00
144996,4.1254050561084396e+03,3.6154665965214265e+00
145008,4.1254050561084396e+03,3.6154665965214265e+00
145020,4.1254050561084396e+03,3.6154665965214265e+00
145032,4.1254050561084396e+03,3.6154665965214265e+00
145044,4.1254050561084396e+03,3.6154665965214265e+00
145056,4.1254050561084396e+03,3.6154665965214265e+00
145068,4.1254050561084396e+03,3.6154665965214265e+00
145080,4.1254050561084396e+03,3.6154665965214265e+00
145092,4.1254050561084396e+03,3.6154665965214265e+00
145104,4.1254050561084396e+03,3.6154665965214265e+00
145116,4.1254050561084396e+03,3.6154665965214265e+00
145128,4.1254050561084396e+03,3.6154665965214265e+00
145140,4.1254050561084396e+03,3.6154665965214265e+00
145152,4.1254050561084396e+03,3.6154665965214265e+00
145164,4.1254050561084396e+03,3.6154665965214265e+00
145176,4.1254050561084396e+03,3.6154665965214265e+00
145188,4.1254050561084396e+03,3.6154665965214265e+00
145200,4.1254050561084396e+03,3.6154665965214265e+00
145212,4.1254050561084396e+03,3.6154665965214265e+00
145224,4.1254050561084396e+03,3.6154665965214265e+00
145236,4.1254050561084396e+03,3.6154665965214265e+00
145248,4.1254050561084396e+03,3.6154665965214265e+00
145260,4.1254050561084396e+03,3.6154665965214265e+00
145272,4.1254050561084396e+03,3.6154665965214265e+00
145284,4.1254050561084396e+03,3.6154665965214265e+00
145296,4.1254050561084396e+03,3.6154665965214265e+00
145308,4.1254050561084396e+03,3.6154665965214265e+00
145320,4.1254050561084396e+03,3.6154665965214265e+00
145332,4.1254050561084396e+03,3.6154665965214265e+00
145344,4.1254050561084396e+03,3.6154665965214265e+00
145356,4.1254050561084396e+03,3.6154665965214265e+00
145368,4.1254050561084396e+03,3.6154665965214265e+00
145380,4.1254050561084396e+03,3.6154665965214265e+00
145392,4.1254050561084323e+03,3.6154665965214257e+00
145404,4.1254050561084323e+03,3.6154665965214257e+00
145416,4.1254050561084323e+03,3.6154665965214257e+00
145428,4.1254050561084323e+03,3.6154665965214257e+00
145440,4.1254050561084323e+03,3.6154665965214257e+00
145452,4.1254050561084323e+03,3.6154665965214257e+00
145464,4.1254050561084323e+03,3.6154665965214257e+00
145476,4.1254050561084323e+03,3.6154665965214257e+00
145488,4.1254050561084323e+03,3.6154665965214257e+00
145500,4.1254050561084323e+03,3.6154665965214257e+00
145512,4.1254050561084323e+03,3.6154665965214257e+00
145524,4.1254050561084323e+03,3.6154665965214257e+00
145536,4.1254050561084323e+03,3.6154665965214257e+00
145548,4.1254050561084323e+03,3.6154665965214257e+00
145560,4.1254050561084323e+03,3.6154665965214257e+00
145572,4.1254050561084323e+03,3.6154665965214257e+00
145584,4.1254050561084323e+03,3.6154665965214257e+00
145596,4.1254050561084323e+03,3.6154665965214257e+00
145608,4.1254050561084323e+03,3.6154665965214257e+00
145620,4.1254050561084323e+03,3.6154665965214257e+00
145632,4.1254050561084323e+03,3.6154665965214257e+00
145644,4.1254050561084323e+03,3.6154665965214257e+00
145656,4.1254050561084323e+03,3.6154665965214257e+00
145668,4.1254050561084323e+03,3.6154665965214257e+00
145680,4.1254050561084323e+03,3.6154665965214257e+00
145692,4.1254050561084323e+03,3.6154665965214257e+00
145704,4.1254050561084323e+03,3.6154665965214257e+00
145716,4.1254050561084323e+03,3.6154665965214257e+00
145728,4.1254050561084323e+03,3.6154665965214257e+00
145740,4.1254050561084323e+03,3.6154665965214257e+00
145752,4.1254050561084323e+03,3.6154665965214257e+00
145764,4.1254050561084323e+03,3.6154665965214257e+00
145776,4.1254050561084323e+03,3.6154665965214257e+00
145788,4.1254050561084323e+03,3.6154665965214257e+00
145800,4.1254050561084323e+03,3.6154665965214257e+00
145812,4.1254050561084323e+03,3.6154665965214257e+00
145824,4.1254050561084323e+03,3.6154665965214257e+00
145836,4.1254050561084323e+03,3.6154665965214257e+00
145848,4.1254050561084323e+03,3.6154665965214257e+00
145860,4.1254050561084323e+03,3.6154665965214257e+00
145872,4.1254050561084323e+03,3.6154665965214257e+00
145884,4.1254050561084323e+03,3.6154665965214257e+00
145896,4.1254050561084323e+03,3.6154665965214257e+00
145908,4.1254050561084323e+03,3.6154665965214257e+00
145920,4.1254050561084323e+03,3.6154665965214257e+00
145932,4.1254050561084323e+03,3.6154665965214257e+00
145944,4.1254050561084323e+03,3.6154665965214257e+00
145956,4.1254050561084323e+03,3.6154665965214257e+00
145968,4.1254050561084323e+03,3.6154665965214257e+00
145980,4.1254050561084323e+03,3.6154665965214257e+00
145992,4.1254050561084323e+03,3.6154665965214257e+00
146004,4.1254050561084323e+03,3.6154665965214257e+00
146016,4.1254050561084323e+03,3.6154665965214257e+00
146028,4.1254050561084323e+03,3.6154665965214257e+00
146040,4.1254050561084323e+03,3.6154665965214257e+00
146052,4.1254050561084323e+03,3.6154665965214257e+00
146064,4.1254050561084323e+03,3.6154665965214257e+00
146076,4.1254050561084323e+03,3.6154665965214257e+00
146088,4.1254050561084323e+03,3.6154665965214257e+00
146100,4.1254050561084323e+03,3.6154665965214257e+00
146112,4.1254050561084323e+03,3.6154665965214257e+00
146124,4.1254050561084323e+03,3.6154665965214257e+00
146136,4.1254050561084323e+03,3.6154665965214257e+00
146148,4.1254050561084323e+03,3.6154665965214257e+00
146160,4.1254050561084323e+03,3.6154665965214257e+00
146172,4.1254050561084323e+03,3.6154665965214257e+00
146184,4.1254050561084323e+03,3.6154665965214257e+00
146196,4.1254050561084323e+03,3.6154665965214257e+00
146208,4.1254050561084323e+03,3.6154665965214257e+00
146220,4.1254050561084323e+03,3.6154665965214257e+00
146232,4.1254050561084323e+03,3.6154665965214257e+00
146244,4.1254050561084323e+03,3.6154665965214257e+00
146256,4.1254050561084323e+03,3.6154665965214257e+00
146268,4.1254050561084323e+03,3.6154665965214257e+00
146280,4.1254050561084323e+03,3.6154665965214257e+00
146292,4.1254050561084323e+03,3.6154665965214257e+00
146304,4.1254050561084323e+03,3.6154665965214257e+00
146316,4.1254050561084323e+03,3.6154665965214257e+00
146328,4.1254050561084323e+03,3.6154665965214257e+00
146340,4.1254050561084323e+03,3.6154665965214257e+00
146352,4.1254050561084323e+03,3.6154665965214257e+00
146364,4.1254050561084323e+03,3.6154665965214257e+00
146376,4.1254050561084268e+03,3.6154665965214252e+00
146388,4.1254050561084268e+03,3.6154665965214252e+00
146400,4.1254050561084196e+03,3.6154665965214243e+00
146412,4.1254050561084196e+03,3.6154665965214243e+00
146424,4.1254050561084196e+03,3.6154665965214243e+00
146436,4.1254050561084196e+03,3.6154665965214243e+00
146448,4.1254050561084196e+03,3.6154665965214243e+00
146460,4.1254050561084196e+03,3.6154665965214243e+00
146472,4.1254050561084196e+03,3.6154665965214243e+00
146484,4.1254050561084196e+03,3.6154665965214243e+00
146496,4.1254050561084196e+03,3.6154665965214243e+00
146508,4.1254050561084196e+03,3.6154665965214243e+00
146520,4.1254050561084196e+03,3.6154665965214243e+00
146532,4.1254050561084196e+03,3.6154665965214243e+00
146544,4.1254050561084196e+03,3.6154665965214243e+00
146556,4.1254050561084196e+03,3.6154665965214243e+00
146568,4.1254050561084196e+03,3.6154665965214243e+00
146580,4.1254050561084196e+03,3.6154665965214243e+00
146592,4.1254050561084196e+03,3.6154665965214243e+00
146604,4.1254050561084196e+03,3.6154665965214243e+00
146616,4.1254050561084196e+03,3.6154665965214243e+00
146628,4.1254050561084196e+03,3.6154665965214243e+00
146640,4.1254050561084196e+03,3.6154665965214243e+00
146652,4.1254050561084196e+03,3.6154665965214243e+00
146664,4.1254050561084196e+03,3.6154665965214243e+00
146676,4.1254050561084196e+03,3.6154665965214243e+00
146688,4.1254050561084196e+03,3.6154665965214243e+00
146700,4.1254050561084196e+03,3.6154665965214243e+00
146712,4.1254050561084196e+03,3.6154665965214243e+00
146724,4.1254050561084196e+03,3.6154665965214243e+00
146736,4.1254050561084196e+03,3.6154665965214243e+00
146748,4.1254050561084196e+03,3.6154665965214243e+00
146760,4.1254050561084196e+03,3.6154665965214243e+00
146772,4.1254050561084196e+03,3.6154665965214243e+00
146784,4.1254050561084196e+03,3.6154665965214243e+00
146796,4.1254050561084196e+03,3.6154665965214243e+00
146808,4.1254050561084196e+03,3.6154665965214243e+00
146820,4.1254050561084196e+03,3.6154665965214243e+00
146832,4.1254050561084196e+03,3.6154665965214243e+00
146844,4.1254050561084196e+03,3.6154665965214243e+00
146856,4.1254050561084196e+03,3.6154665965214243e+00
146868,4.1254050561084196e+03,3.6154665965214243e+00
146880,4.1254050561084196e+03,3.6154665965214243e+00
146892,4.1254050561084168e+03,3.6154665965214239e+00
146904,4.1254050561084168e+03,3.6154665965214239e+00
146916,4.1254050561084168e+03,3.6154665965214239e+00
146928,4.1254050561084168e+03,3.6154665965214239e+00
146940,4.1254050561084123e+03,3.6154665965214234e+00
146952,4.1254050561084123e+03,3.6154665965214234e+00
146964,4.1254050561084123e+03,3.6154665965214234e+00
146976,4.1254050561084123e+03,3.6154665965214234e+00
146988,4.1254050561083959e+03,3.6154665965214217e+00
147000,4.1254050561083959e+03,3.6154665965214217e+00
147012,4.1254050561083959e+03,3.6154665965214217e+00
147024,4.1254050561083959e+03,3.6154665965214217e+00
147036,4.1254050561083959e+03,3.6154665965214217e+00
147048,4.1254050561083959e+03,3.6154665965214217e+00
147060,4.1254050561083959e+03,3.6154665965214217e+00
147072,4.1254050561083959e+03,3.6154665965214217e+00
147084,4.1254050561083959e+03,3.6154665965214217e+00
147096,4.1254050561083959e+03,3.6154665965214217e+00
147108,4.1254050561083959e+03,3.6154665965214217e+00
147120,4.1254050561083959e+03,3.6154665965214217e+00
147132,4.1254050561083959e+03,3.6154665965214217e+00
147144,4.1254050561083959e+03,3.6154665965214217e+00
147156,4.1254050561083959e+03,3.6154665965214217e+00
147168,4.1254050561083959e+03,3.6154665965214217e+00
147180,4.1254050561083959e+03,3.6154665965214217e+00
147192,4.1254050561083959e+03,3.6154665965214217e+00
147204,4.1254050561083959e+03,3.6154665965214217e+00
147216,4.1254050561083959e+03,3.6154665965214217e+00
147228,4.1254050561083959e+03,3.6154665965214217e+00
147240,4.1254050561083959e+03,3.6154665965214217e+00
147252,4.1254050561083959e+03,3.6154665965214217e+00
147264,4.1254050561083959e+03,3.6154665965214217e+00
147276,4.1254050561083959e+03,3.6154665965214217e+00
147288,4.1254050561083959e+03,3.6154665965214217e+00
147300,4.1254050561083959e+03,3.6154665965214217e+00
147312,4.1254050561083959e+03,3.6154665965214217e+00
147324,4.1254050561083959e+03,3.6154665965214217e+00
147336,4.1254050561083959e+03,3.6154665965214217e+00
147348,4.1254050561083959e+03,3.6154665965214217e+00
147360,4.1254050561083959e+03,3.6154665965214217e+00
147372,4.1254050561083959e+03,3.6154665965214217e+00
147384,4.1254050561083959e+03,3.6154665965214217e+00
147396,4.1254050561083959e+03,3.6154665965214217e+00
147408,4.1254050561083959e+03,3.6154665965214217e+00
147420,4.1254050561083959e+03,3.6154665965214217e+00
147432,4.1254050561083959e+03,3.6154665965214217e+00
147444,4.1254050561083959e+03,3.6154665965214217e+00
147456,4.1254050561083959e+03,3.6154665965214217e+00
147468,4.1254050561083959e+03,3.6154665965214217e+00
147480,4.1254050561083959e+03,3.6154665965214217e+00
147492,4.1254050561083959e+03,3.6154665965214217e+00
147504,4.1254050561083959e+03,3.6154665965214217e+00
147516,4.1254050561083959e+03,3.6154665965214217e+00
147528,4.1254050561083959e+03,3.6154665965214217e+00
147540,4.1254050561083959e+03,3.6154665965214217e+00
147552,4.1254050561083959e+03,3.6154665965214217e+00
147564,4.1254050561083959e+03,3.6154665965214217e+00
147576,4.1254050561083959e+03,3.6154665965214217e+00
147588,4.1254050561083959e+03,3.6154665965214217e+00
147600,4.1254050561083959e+03,3.6154665965214217e+00
147612,4.1254050561083959e+03,3.6154665965214217e+00
147624,4.1254050561083959e+03,3.6154665965214217e+00
147636,4.1254050561083959e+03,3.6154665965214217e+00
147648,4.1254050561083959e+03,3.6154665965214217e+00
147660,4.1254050561083959e+03,3.6154665965214217e+00
147672,4.1254050561083959e+03,3.6154665965214217e+00
147684,4.1254050561083959e+03,3.6154665965214217e+00
147696,4.1254050561083959e+03,3.6154665965214217e+00
147708,4.1254050561083959e+03,3.6154665965214217e+00
147720,4.1254050561083959e+03,3.6154665965214217e+00
147732,4.1254050561083959e+03,3.6154665965214217e+00
147744,4.1254050561083959e+03,3.6154665965214217e+00
147756,4.1254050561083959e+03,3.6154665965214217e+00
147768,4.1254050561083959e+03,3.6154665965214217e+00
147780,4.1254050561083959e+03,3.6154665965214217e+00
147792,4.1254050561083959e+03,3.6154665965214217e+00
147804,4.1254050561083959e+03,3.6154665965214217e+00
147816,4.1254050561083959e+03,3.6154665965214217e+00
147828,4.1254050561083959e+03,3.6154665965214217e+00
147840,4.1254050561083959e+03,3.6154665965214217e+00
147852,4.1254050561083959e+03,3.6154665965214217e+00
147864,4.1254050561083959e+03,3.6154665965214217e+00
147876,4.1254050561083959e+03,3.6154665965214217e+00
147888,4.1254050561083959e+03,3.6154665965214217e+00
147900,4.1254050561083959e+03,3.6154665965214217e+00
147912,4.1254050561083959e+03,3.6154665965214217e+00
147924,4.1254050561083959e+03,3.6154665965214217e+00
147936,4.1254050561083959e+03,3.6154665965214217e+00
147948,4.1254050561083959e+03,3.6154665965214217e+00
147960,4.1254050561083959e+03,3.6154665965214217e+00
147972,4.1254050561083959e+03,3.6154665965214217e+00
147984,4.1254050561083959e+03,3.6154665965214217e+00
147996,4.1254050561083959e+03,3.6154665965214217e+00
148008,4.1254050561083959e+03,3.6154665965214217e+00
148020,4.1254050561083959e+03,3.6154665965214217e+00
148032,4.1254050561083959e+03,3.6154665965214217e+00
148044,4.1254050561083959e+03,3.6154665965214217e+00
148056,4.1254050561083959e+03,3.6154665965214217e+00
148068,4.1254050561083959e+03,3.6154665965214217e+00
148080,4.1254050561083959e+03,3.6154665965214217e+00
148092,4.1254050561083959e+03,3.6154665965214217e+00
148104,4.1254050561083959e+03,3.6154665965214217e+00
148116,4.1254050561083959e+03,3.6154665965214217e+00
148128,4.1254050561083959e+03,3.6154665965214217e+00
148140,4.1254050561083959e+03,3.6154665965214217e+00
148152,4.1254050561083959e+03,3.6154665965214217e+00
148164,4.1254050561083959e+03,3.6154665965214217e+00
148176,4.1254050561083959e+03,3.6154665965214217e+00
148188,4.1254050561083959e+03,3.6154665965214217e+00
148200,4.1254050561083959e+03,3.6154665965214217e+00
148212,4.1254050561083959e+03,3.6154665965214217e+00
148224,4.1254050561083959e+03,3.6154665965214217e+00
148236,4.1254050561083959e+03,3.6154665965214217e+00
148248,4.1254050561083959e+03,3.6154665965214217e+00
148260,4.1254050561083959e+03,3.6154665965214217e+00
148272,4.1254050561083959e+03,3.6154665965214217e+00
148284,4.1254050561083959e+03,3.6154665965214217e+00
148296,4.1254050561083959e+03,3.6154665965214217e+00
148308,4.1254050561083959e+03,3.6154665965214217e+00
148320,4.1254050561083959e+03,3.6154665965214217e+00
148332,4.1254050561083959e+03,3.6154665965214217e+00
148344,4.1254050561083959e+03,3.6154665965214217e+00
148356,4.1254050561083959e+03,3.6154665965214217e+00
148368,4.1254050561083959e+03,3.6154665965214217e+00
148380,4.1254050561083959e+03,3.6154665965214217e+00
148392,4.1254050561083959e+03,3.6154665965214217e+00
148404,4.1254050561083959e+03,3.6154665965214217e+00
148416,4.1254050561083959e+03,3.6154665965214217e+00
148428,4.1254050561083959e+03,3.6154665965214217e+00
148440,4.1254050561083959e+03,3.6154665965214217e+00
148452,4.1254050561083959e+03,3.6154665965214217e+00
148464,4.1254050561083959e+03,3.6154665965214217e+00
148476,4.1254050561083959e+03,3.6154665965214217e+00
148488,4.1254050561083959e+03,3.6154665965214217e+00
148500,4.1254050561083959e+03,3.6154665965214217e+00
148512,4.1254050561083959e+03,3.6154665965214217e+00
148524,4.1254050561083959e+03,3.6154665965214217e+00
148536,4.1254050561083959e+03,3.6154665965214217e+00
148548,4.1254050561083959e+03,3.6154665965214217e+00
148560,4.1254050561083959e+03,3.6154665965214217e+00
148572,4.1254050561083959e+03,3.6154665965214217e+00
148584,4.1254050561083959e+03,3.6154665965214217e+00
148596,4.1254050561083959e+03,3.6154665965214217e+00
148608,4.1254050561083959e+03,3.6154665965214217e+00
148620,4.1254050561083959e+03,3.6154665965214217e+00
148632,4.1254050561083959e+03,3.6154665965214217e+00
148644,4.1254050561083959e+03,3.6154665965214217e+00
148656,4.1254050561083959e+03,3.6154665965214217e+00
148668,4.1254050561083959e+03,3.6154665965214217e+00
148680,4.1254050561083959e+03,3.6154665965214217e+00
148692,4.1254050561083959e+03,3.6154665965214217e+00
148704,4.1254050561083959e+03,3.6154665965214217e+00
148716,4.1254050561083959e+03,3.6154665965214217e+00
148728,4.1254050561083959e+03,3.6154665965214217e+00
148740,4.1254050561083959e+03,3.6154665965214217e+00
148752,4.1254050561083959e+03,3.6154665965214217e+00
148764,4.1254050561083959e+03,3.6154665965214217e+00
148776,4.1254050561083959e+03,3.6154665965214217e+00
148788,4.1254050561083959e+03,3.6154665965214217e+00
148800,4.1254050561083959e+03,3.6154665965214217e+00
148812,4.1254050561083959e+03,3.6154665965214217e+00
148824,4.1254050561083959e+03,3.6154665965214217e+00
148836,4.1254050561083959e+03,3.6154665965214217e+00
148848,4.1254050561083959e+03,3.6154665965214217e+00
148860,4.1254050561083959e+03,3.6154665965214217e+00
148872,4.1254050561083959e+03,3.6154665965214217e+00
148884,4.1254050561083959e+03,3.6154665965214217e+00
148896,4.1254050561083959e+03,3.6154665965214217e+00
148908,4.1254050561083959e+03,3.6154665965214217e+00
148920,4.1254050561083959e+03,3.6154665965214217e+00
148932,4.1254050561083959e+03,3.6154665965214217e+00
148944,4.1254050561083959e+03,3.6154665965214217e+00
148956,4.1254050561083959e+03,3.6154665965214217e+00
148968,4.1254050561083959e+03,3.6154665965214217e+00
148980,4.1254050561083959e+03,3.6154665965214217e+00
148992,4.1254050561083959e+03,3.6154665965214217e+00
149004,4.1254050561083959e+03,3.6154665965214217e+00
149016,4.1254050561083959e+03,3.6154665965214217e+00
149028,4.1254050561083959e+03,3.6154665965214217e+00
149040,4.1254050561083959e+03,3.6154665965214217e+00
149052,4.1254050561083959e+03,3.6154665965214217e+00
149064,4.1254050561083959e+03,3.6154665965214217e+00
149076,4.1254050561083959e+03,3.6154665965214217e+00
149088,4.1254050561083959e+03,3.6154665965214217e+00
149100,4.1254050561083959e+03,3.6154665965214217e+00
149112,4.1254050561083959e+03,3.6154665965214217e+00
149124,4.1254050561083959e+03,3.6154665965214217e+00
149136,4.1254050561083959e+03,3.6154665965214217e+00
149148,4.1254050561083895e+03,3.6154665965214212e+00
149160,4.1254050561083895e+03,3.6154665965214212e+00
149172,4.1254050561083895e+03,3.6154665965214212e+00
149184,4.1254050561083895e+03,3.6154665965214212e+00
149196,4.1254050561083895e+03,3.6154665965214212e+00
149208,4.1254050561083895e+03,3.6154665965214212e+00
149220,4.1254050561083895e+03,3.6154665965214212e+00
149232,4.1254050561083895e+03,3.6154665965214212e+00
149244,4.1254050561083895e+03,3.6154665965214212e+00
149256,4.1254050561083895e+03,3.6154665965214212e+00
149268,4.1254050561083895e+03,3.6154665965214212e+00
149280,4.1254050561083895e+03,3.6154665965214212e+00
149292,4.1254050561083895e+03,3.6154665965214212e+00
149304,4.1254050561083895e+03,3.6154665965214212e+00
149316,4.1254050561083895e+03,3.6154665965214212e+00
149328,4.1254050561083895e+03,3.6154665965214212e+00
149340,4.1254050561083895e+03,3.6154665965214212e+00
149352,4.1254050561083895e+03,3.6154665965214212e+00
149364,4.1254050561083895e+03,3.6154665965214212e+00
149376,4.1254050561083895e+03,3.6154665965214212e+00
149388,4.1254050561083895e+03,3.6154665965214212e+00
149400,4.1254050561083895e+03,3.6154665965214212e+00
149412,4.1254050561083895e+03,3.6154665965214212e+00
149424,4.1254050561083895e+03,3.6154665965214212e+00
149436,4.1254050561083895e+03,3.6154665965214212e+00
149448,4.1254050561083895e+03,3.6154665965214212e+00
149460,4.1254050561083895e+03,3.6154665965214212e+00
149472,4.1254050561083895e+03,3.6154665965214212e+00
149484,4.1254050561083895e+03,3.6154665965214212e+00
149496,4.1254050561083895e+03,3.6154665965214212e+00
149508,4.1254050561083895e+03,3.6154665965214212e+00
149520,4.1254050561083895e+03,3.6154665965214212e+00
149532,4.1254050561083895e+03,3.6154665965214212e+00
149544,4.1254050561083895e+03,3.6154665965214212e+00
149556,4.1254050561083895e+03,3.6154665965214212e+00
149568,4.1254050561083895e+03,3.6154665965214212e+00
149580,4.1254050561083895e+03,3.6154665965214212e+00
149592,4.1254050561083895e+03,3.6154665965214212e+00
149604,4.1254050561083895e+03,3.6154665965214212e+00
149616,4.1254050561083895e+03,3.6154665965214212e+00
149628,4.1254050561083895e+03,3.6154665965214212e+00
149640,4.1254050561083895e+03,3.6154665965214212e+00
149652,4.1254050561083895e+03,3.6154665965214212e+00
149664,4.1254050561083895e+03,3.6154665965214212e+00
149676,4.1254050561083895e+03,3.6154665965214212e+00
149688,4.1254050561083895e+03,3.6154665965214212e+00
149700,4.1254050561083895e+03,3.6154665965214212e+00
149712,4.1254050561083895e+03,3.6154665965214212e+00
149724,4.1254050561083895e+03,3.6154665965214212e+00
149736,4.1254050561083895e+03,3.6154665965214212e+00
149748,4.1254050561083895e+03,3.6154665965214212e+00
149760,4.1254050561083895e+03,3.6154665965214212e+00
149772,4.1254050561083895e+03,3.6154665965214212e+00
149784,4.1254050561083895e+03,3.6154665965214212e+00
149796,4.1254050561083895e+03,3.6154665965214212e+00
149808,4.1254050561083895e+03,3.6154665965214212e+00
149820,4.1254050561083895e+03,3.6154665965214212e+00
149832,4.1254050561083895e+03,3.6154665965214212e+00
149844,4.1254050561083895e+03,3.6154665965214212e+00
149856,4.1254050561083895e+03,3.6154665965214212e+00
149868,4.1254050561083895e+03,3.6154665965214212e+00
149880,4.1254050561083895e+03,3.6154665965214212e+00
149892,4.1254050561083895e+03,3.6154665965214212e+00
149904,4.1254050561083895e+03,3.6154665965214212e+00
149916,4.1254050561083895e+03,3.6154665965214212e+00
149928,4.1254050561083895e+03,3.6154665965214212e+00
149940,4.1254050561083895e+03,3.6154665965214212e+00
149952,4.1254050561083895e+03,3.6154665965214212e+00
149964,4.1254050561083895e+03,3.6154665965214212e+00
149976,4.1254050561083895e+03,3.6154665965214212e+00
149988,4.1254050561083895e+03,3.6154665965214212e+00
150000,4.1254050561083895e+03,3.6154665965214212e+00
