Eval,BestError,Log10Error
300,2.9218859161433799e+05,5.4656632550764970e+00
450,2.9218859161433799e+05,5.4656632550764970e+00
600,2.6502758867374656e+05,5.4232910852014209e+00
750,2.6502758867374656e+05,5.4232910852014209e+00
900,1.7299992641899397e+05,5.2380459184130057e+00
1050,1.7299992641899397e+05,5.2380459184130057e+00
1200,1.7299992641899397e+05,5.2380459184130057e+00
1349,1.7299992641899397e+05,5.2380459184130057e+00
1498,1.7299992641899397e+05,5.2380459184130057e+00
1647,1.7299992641899397e+05,5.2380459184130057e+00
1796,1.7299992641899397e+05,5.2380459184130057e+00
1945,1.6439400180266949e+05,5.2158859675134899e+00
2094,1.6439400180266949e+05,5.2158859675134899e+00
2243,1.6439400180266949e+05,5.2158859675134899e+00
2392,1.6439400180266949e+05,5.2158859675134899e+00
2541,1.6439400180266949e+05,5.2158859675134899e+00
2690,1.6439400180266949e+05,5.2158859675134899e+00
2839,1.6439400180266949e+05,5.2158859675134899e+00
2988,1.6439400180266949e+05,5.2158859675134899e+00
3137,1.6439400180266949e+05,5.2158859675134899e+00
3285,1.6439400180266949e+05,5.2158859675134899e+00
3433,1.6439400180266949e+05,5.2158859675134899e+00
3581,1.6439400180266949e+05,5.2158859675134899e+00
3729,1.6439400180266949e+05,5.2158859675134899e+00
3877,1.5942944520766180e+05,5.2025685348156028e+00
4025,1.5942944520766180e+05,5.2025685348156028e+00
4173,1.5942944520766180e+05,5.2025685348156028e+00
4321,1.5942944520766180e+05,5.2025685348156028e+00
4469,1.1253095939886119e+05,5.0512720215261675e+00
4617,1.1253095939886119e+05,5.0512720215261675e+00
4765,1.1253095939886119e+05,5.0512720215261675e+00
4913,1.1253095939886119e+05,5.0512720215261675e+00
5061,1.1253095939886119e+05,5.0512720215261675e+00
5209,1.1253095939886119e+05,5.0512720215261675e+00
5356,1.1253095939886119e+05,5.0512720215261675e+00
5503,1.1253095939886119e+05,5.0512720215261675e+00
5650,1.1253095939886119e+05,5.0512720215261675e+00
5797,1.1253095939886119e+05,5.0512720215261675e+00
5944,1.1253095939886119e+05,5.0512720215261675e+00
6091,1.1253095939886119e+05,5.0512720215261675e+00
6238,1.1253095939886119e+05,5.0512720215261675e+00
6385,1.1253095939886119e+05,5.0512720215261675e+00
6532,1.1253095939886119e+05,5.0512720215261675e+00
6679,1.1253095939886119e+05,5.0512720215261675e+00
6826,1.1253095939886119e+05,5.0512720215261675e+00
6973,1.1253095939886119e+05,5.0512720215261675e+00
7119,1.1253095939886119e+05,5.0512720215261675e+00
7265,1.1253095939886119e+05,5.0512720215261675e+00
7411,1.1253095939886119e+05,5.0512720215261675e+00
7557,1.1253095939886119e+05,5.0512720215261675e+00
7703,1.1253095939886119e+05,5.0512720215261675e+00
7849,1.1253095939886119e+05,5.0512720215261675e+00
7995,1.1253095939886119e+05,5.0512720215261675e+00
8141,1.1253095939886119e+05,5.0512720215261675e+00
8287,1.1253095939886119e+05,5.0512720215261675e+00
8433,1.1253095939886119e+05,5.0512720215261675e+00
8579,1.1253095939886119e+05,5.0512720215261675e+00
8725,1.1253095939886119e+05,5.0512720215261675e+00
8871,1.1253095939886119e+05,5.0512720215261675e+00
9016,1.1253095939886119e+05,5.0512720215261675e+00
9161,1.1253095939886119e+05,5.0512720215261675e+00
9306,1.1253095939886119e+05,5.0512720215261675e+00
9451,1.1253095939886119e+05,5.0512720215261675e+00
9596,1.1253095939886119e+05,5.0512720215261675e+00
9741,1.1253095939886119e+05,5.0512720215261675e+00
9886,1.1253095939886119e+05,5.0512720215261675e+00
10031,1.1253095939886119e+05,5.0512720215261675e+00
10176,1.1253095939886119e+05,5.0512720215261675e+00
10321,1.1253095939886119e+05,5.0512720215261675e+00
10466,1.1253095939886119e+05,5.0512720215261675e+00
10611,1.1253095939886119e+05,5.0512720215261675e+00
10756,1.1253095939886119e+05,5.0512720215261675e+00
10900,1.1253095939886119e+05,5.0512720215261675e+00
11044,1.1253095939886119e+05,5.0512720215261675e+00
11188,1.1253095939886119e+05,5.0512720215261675e+00
11332,1.1253095939886119e+05,5.0512720215261675e+00
11476,1.1253095939886119e+05,5.0512720215261675e+00
11620,1.1253095939886119e+05,5.0512720215261675e+00
11764,1.1253095939886119e+05,5.0512720215261675e+00
11908,1.0344167662078394e+05,5.0146955511342641e+00
12052,1.0344167662078394e+05,5.0146955511342641e+00
12196,1.0344167662078394e+05,5.0146955511342641e+00
12340,1.0344167662078394e+05,5.0146955511342641e+00
12484,1.0344167662078394e+05,5.0146955511342641e+00
12627,1.0344167662078394e+05,5.0146955511342641e+00
12770,1.0344167662078394e+05,5.0146955511342641e+00
12913,1.0344167662078394e+05,5.0146955511342641e+00
13056,1.0344167662078394e+05,5.0146955511342641e+00
13199,1.0344167662078394e+05,5.0146955511342641e+00
13342,1.0344167662078394e+05,5.0146955511342641e+00
13485,1.0344167662078394e+05,5.0146955511342641e+00
13628,1.0344167662078394e+05,5.0146955511342641e+00
13771,1.0344167662078394e+05,5.0146955511342641e+00
13914,1.0344167662078394e+05,5.0146955511342641e+00
14057,1.0344167662078394e+05,5.0146955511342641e+00
14200,1.0344167662078394e+05,5.0146955511342641e+00
14342,1.0344167662078394e+05,5.0146955511342641e+00
14484,1.0344167662078394e+05,5.0146955511342641e+00
14626,1.0344167662078394e+05,5.0146955511342641e+00
14768,1.0344167662078394e+05,5.0146955511342641e+00
14910,1.0344167662078394e+05,5.0146955511342641e+00
15052,1.0344167662078394e+05,5.0146955511342641e+00
15194,1.0344167662078394e+05,5.0146955511342641e+00
15336,1.0344167662078394e+05,5.0146955511342641e+00
15478,1.0344167662078394e+05,5.0146955511342641e+00
15620,1.0344167662078394e+05,5.0146955511342641e+00
15762,1.0344167662078394e+05,5.0146955511342641e+00
15904,1.0344167662078394e+05,5.0146955511342641e+00
16045,1.0344167662078394e+05,5.0146955511342641e+00
16186,1.0344167662078394e+05,5.0146955511342641e+00
16327,1.0344167662078394e+05,5.0146955511342641e+00
16468,1.0344167662078394e+05,5.0146955511342641e+00
16609,1.0344167662078394e+05,5.0146955511342641e+00
16750,1.0344167662078394e+05,5.0146955511342641e+00
16891,1.0344167662078394e+05,5.0146955511342641e+00
17032,1.0344167662078394e+05,5.0146955511342641e+00
17173,1.0344167662078394e+05,5.0146955511342641e+00
17314,1.0344167662078394e+05,5.0146955511342641e+00
17455,1.0344167662078394e+05,5.0146955511342641e+00
17596,1.0344167662078394e+05,5.0146955511342641e+00
17736,1.0344167662078394e+05,5.0146955511342641e+00
17876,1.0344167662078394e+05,5.0146955511342641e+00
18016,1.0344167662078394e+05,5.0146955511342641e+00
18156,1.0344167662078394e+05,5.0146955511342641e+00
18296,1.0344167662078394e+05,5.0146955511342641e+00
18436,1.0344167662078394e+05,5.0146955511342641e+00
18576,1.0344167662078394e+05,5.0146955511342641e+00
18716,1.0344167662078394e+05,5.0146955511342641e+00
18856,1.0344167662078394e+05,5.0146955511342641e+00
18996,1.0344167662078394e+05,5.0146955511342641e+00
19136,1.0344167662078394e+05,5.0146955511342641e+00
19276,1.0344167662078394e+05,5.0146955511342641e+00
19415,1.0344167662078394e+05,5.0146955511342641e+00
19554,1.0344167662078394e+05,5.0146955511342641e+00
19693,1.0344167662078394e+05,5.0146955511342641e+00
19832,1.0344167662078394e+05,5.0146955511342641e+00
19971,1.0344167662078394e+05,5.0146955511342641e+00
20110,1.0344167662078394e+05,5.0146955511342641e+00
20249,1.0344167662078394e+05,5.0146955511342641e+00
20388,1.0344167662078394e+05,5.0146955511342641e+00
20527,1.0344167662078394e+05,5.0146955511342641e+00
20666,1.0344167662078394e+05,5.0146955511342641e+00
20805,1.0344167662078394e+05,5.0146955511342641e+00
20943,1.0344167662078394e+05,5.0146955511342641e+00
21081,1.0344167662078394e+05,5.0146955511342641e+00
21219,1.0344167662078394e+05,5.0146955511342641e+00
21357,1.0344167662078394e+05,5.0146955511342641e+00
21495,1.0344167662078394e+05,5.0146955511342641e+00
21633,1.0344167662078394e+05,5.0146955511342641e+00
21771,1.0344167662078394e+05,5.0146955511342641e+00
21909,1.0344167662078394e+05,5.0146955511342641e+00
22047,1.0344167662078394e+05,5.0146955511342641e+00
22185,1.0344167662078394e+05,5.0146955511342641e+00
22323,1.0344167662078394e+05,5.0146955511342641e+00
22461,1.0344167662078394e+05,5.0146955511342641e+00
22598,1.0344167662078394e+05,5.0146955511342641e+00
22735,1.0344167662078394e+05,5.0146955511342641e+00
22872,1.0344167662078394e+05,5.0146955511342641e+00
23009,1.0344167662078394e+05,5.0146955511342641e+00
23146,1.0344167662078394e+05,5.0146955511342641e+00
23283,1.0344167662078394e+05,5.0146955511342641e+00
23420,1.0344167662078394e+05,5.0146955511342641e+00
23557,1.0344167662078394e+05,5.0146955511342641e+00
23694,1.0344167662078394e+05,5.0146955511342641e+00
23831,1.0344167662078394e+05,5.0146955511342641e+00
23968,1.0344167662078394e+05,5.0146955511342641e+00
24105,1.0344167662078394e+05,5.0146955511342641e+00
24241,1.0344167662078394e+05,5.0146955511342641e+00
24377,1.0344167662078394e+05,5.0146955511342641e+00
24513,1.0344167662078394e+05,5.0146955511342641e+00
24649,1.0344167662078394e+05,5.0146955511342641e+00
24785,1.0344167662078394e+05,5.0146955511342641e+00
24921,1.0344167662078394e+05,5.0146955511342641e+00
25057,1.0344167662078394e+05,5.0146955511342641e+00
25193,1.0344167662078394e+05,5.0146955511342641e+00
25329,1.0344167662078394e+05,5.0146955511342641e+00
25465,1.0344167662078394e+05,5.0146955511342641e+00
25601,1.0344167662078394e+05,5.0146955511342641e+00
25736,1.0344167662078394e+05,5.0146955511342641e+00
25871,1.0344167662078394e+05,5.0146955511342641e+00
26006,1.0344167662078394e+05,5.0146955511342641e+00
26141,1.0344167662078394e+05,5.0146955511342641e+00
26276,1.0344167662078394e+05,5.0146955511342641e+00
26411,1.0344167662078394e+05,5.0146955511342641e+00
26546,1.0344167662078394e+05,5.0146955511342641e+00
26681,1.0344167662078394e+05,5.0146955511342641e+00
26816,1.0344167662078394e+05,5.0146955511342641e+00
26951,1.0344167662078394e+05,5.0146955511342641e+00
27086,1.0344167662078394e+05,5.0146955511342641e+00
27221,1.0344167662078394e+05,5.0146955511342641e+00
27355,1.0344167662078394e+05,5.0146955511342641e+00
27489,1.0344167662078394e+05,5.0146955511342641e+00
27623,1.0344167662078394e+05,5.0146955511342641e+00
27757,1.0344167662078394e+05,5.0146955511342641e+00
27891,1.0344167662078394e+05,5.0146955511342641e+00
28025,1.0344167662078394e+05,5.0146955511342641e+00
28159,1.0344167662078394e+05,5.0146955511342641e+00
28293,1.0344167662078394e+05,5.0146955511342641e+00
28427,1.0344167662078394e+05,5.0146955511342641e+00
28561,1.0344167662078394e+05,5.0146955511342641e+00
28695,1.0344167662078394e+05,5.0146955511342641e+00
28828,1.0344167662078394e+05,5.0146955511342641e+00
28961,1.0344167662078394e+05,5.0146955511342641e+00
29094,1.0344167662078394e+05,5.0146955511342641e+00
29227,1.0344167662078394e+05,5.0146955511342641e+00
29360,1.0344167662078394e+05,5.0146955511342641e+00
29493,1.0344167662078394e+05,5.0146955511342641e+00
29626,1.0344167662078394e+05,5.0146955511342641e+00
29759,1.0344167662078394e+05,5.0146955511342641e+00
29892,1.0344167662078394e+05,5.0146955511342641e+00
30025,1.0344167662078394e+05,5.0146955511342641e+00
30158,1.0344167662078394e+05,5.0146955511342641e+00
30291,1.0344167662078394e+05,5.0146955511342641e+00
30423,1.0344167662078394e+05,5.0146955511342641e+00
30555,1.0344167662078394e+05,5.0146955511342641e+00
30687,1.0344167662078394e+05,5.0146955511342641e+00
30819,1.0344167662078394e+05,5.0146955511342641e+00
30951,1.0344167662078394e+05,5.0146955511342641e+00
31083,1.0344167662078394e+05,5.0146955511342641e+00
31215,1.0344167662078394e+05,5.0146955511342641e+00
31347,1.0344167662078394e+05,5.0146955511342641e+00
31479,1.0344167662078394e+05,5.0146955511342641e+00
31611,1.0344167662078394e+05,5.0146955511342641e+00
31743,1.0344167662078394e+05,5.0146955511342641e+00
31874,1.0344167662078394e+05,5.0146955511342641e+00
32005,1.0344167662078394e+05,5.0146955511342641e+00
32136,1.0344167662078394e+05,5.0146955511342641e+00
32267,1.0344167662078394e+05,5.0146955511342641e+00
32398,1.0344167662078394e+05,5.0146955511342641e+00
32529,1.0344167662078394e+05,5.0146955511342641e+00
32660,1.0344167662078394e+05,5.0146955511342641e+00
32791,1.0344167662078394e+05,5.0146955511342641e+00
32922,1.0344167662078394e+05,5.0146955511342641e+00
33053,1.0344167662078394e+05,5.0146955511342641e+00
33184,1.0344167662078394e+05,5.0146955511342641e+00
33315,1.0344167662078394e+05,5.0146955511342641e+00
33445,1.0344167662078394e+05,5.0146955511342641e+00
33575,1.0344167662078394e+05,5.0146955511342641e+00
33705,1.0344167662078394e+05,5.0146955511342641e+00
33835,1.0344167662078394e+05,5.0146955511342641e+00
33965,1.0344167662078394e+05,5.0146955511342641e+00
34095,1.0344167662078394e+05,5.0146955511342641e+00
34225,1.0344167662078394e+05,5.0146955511342641e+00
34355,1.0344167662078394e+05,5.0146955511342641e+00
34485,1.0344167662078394e+05,5.0146955511342641e+00
34615,1.0344167662078394e+05,5.0146955511342641e+00
34745,1.0344167662078394e+05,5.0146955511342641e+00
34874,1.0344167662078394e+05,5.0146955511342641e+00
35003,1.0344167662078394e+05,5.0146955511342641e+00
35132,1.0344167662078394e+05,5.0146955511342641e+00
35261,1.0344167662078394e+05,5.0146955511342641e+00
35390,1.0344167662078394e+05,5.0146955511342641e+00
35519,1.0344167662078394e+05,5.0146955511342641e+00
35648,1.0344167662078394e+05,5.0146955511342641e+00
35777,1.0344167662078394e+05,5.0146955511342641e+00
35906,1.0344167662078394e+05,5.0146955511342641e+00
36035,1.0344167662078394e+05,5.0146955511342641e+00
36164,1.0344167662078394e+05,5.0146955511342641e+00
36293,1.0344167662078394e+05,5.0146955511342641e+00
36421,1.0344167662078394e+05,5.0146955511342641e+00
36549,1.0344167662078394e+05,5.0146955511342641e+00
36677,1.0344167662078394e+05,5.0146955511342641e+00
36805,1.0344167662078394e+05,5.0146955511342641e+00
36933,1.0344167662078394e+05,5.0146955511342641e+00
37061,1.0344167662078394e+05,5.0146955511342641e+00
37189,9.0155124515853720e+04,4.9549904175332422e+00
37317,9.0155124515853720e+04,4.9549904175332422e+00
37445,9.0155124515853720e+04,4.9549904175332422e+00
37573,9.0155124515853720e+04,4.9549904175332422e+00
37701,9.0155124515853720e+04,4.9549904175332422e+00
37828,9.0155124515853720e+04,4.9549904175332422e+00
37955,9.0155124515853720e+04,4.9549904175332422e+00
38082,9.0155124515853720e+04,4.9549904175332422e+00
38209,9.0155124515853720e+04,4.9549904175332422e+00
38336,9.0155124515853720e+04,4.9549904175332422e+00
38463,9.0155124515853720e+04,4.9549904175332422e+00
38590,9.0155124515853720e+04,4.9549904175332422e+00
38717,9.0155124515853720e+04,4.9549904175332422e+00
38844,9.0155124515853720e+04,4.9549904175332422e+00
38971,9.0155124515853720e+04,4.9549904175332422e+00
39098,9.0155124515853720e+04,4.9549904175332422e+00
39225,9.0155124515853720e+04,4.9549904175332422e+00
39351,9.0155124515853720e+04,4.9549904175332422e+00
39477,9.0155124515853720e+04,4.9549904175332422e+00
39603,9.0155124515853720e+04,4.9549904175332422e+00
39729,9.0155124515853720e+04,4.9549904175332422e+00
39855,9.0155124515853720e+04,4.9549904175332422e+00
39981,9.0155124515853720e+04,4.9549904175332422e+00
40107,9.0155124515853720e+04,4.9549904175332422e+00
40233,9.0155124515853720e+04,4.9549904175332422e+00
40359,9.0155124515853720e+04,4.9549904175332422e+00
40485,9.0155124515853720e+04,4.9549904175332422e+00
40611,9.0155124515853720e+04,4.9549904175332422e+00
40737,9.0155124515853720e+04,4.9549904175332422e+00
40862,9.0155124515853720e+04,4.9549904175332422e+00
40987,9.0155124515853720e+04,4.9549904175332422e+00
41112,9.0155124515853720e+04,4.9549904175332422e+00
41237,9.0155124515853720e+04,4.9549904175332422e+00
41362,9.0155124515853720e+04,4.9549904175332422e+00
41487,9.0155124515853720e+04,4.9549904175332422e+00
41612,9.0155124515853720e+04,4.9549904175332422e+00
41737,9.0155124515853720e+04,4.9549904175332422e+00
41862,9.0155124515853720e+04,4.9549904175332422e+00
41987,9.0155124515853720e+04,4.9549904175332422e+00
42112,9.0155124515853720e+04,4.9549904175332422e+00
42236,9.0155124515853720e+04,4.9549904175332422e+00
42360,9.0155124515853720e+04,4.9549904175332422e+00
42484,9.0155124515853720e+04,4.9549904175332422e+00
42608,9.0155124515853720e+04,4.9549904175332422e+00
42732,9.0155124515853720e+04,4.9549904175332422e+00
42856,9.0155124515853720e+04,4.9549904175332422e+00
42980,9.0155124515853720e+04,4.9549904175332422e+00
43104,9.0155124515853720e+04,4.9549904175332422e+00
43228,9.0155124515853720e+04,4.9549904175332422e+00
43352,9.0155124515853720e+04,4.9549904175332422e+00
43476,9.0155124515853720e+04,4.9549904175332422e+00
43600,9.0155124515853720e+04,4.9549904175332422e+00
43723,9.0155124515853720e+04,4.9549904175332422e+00
43846,9.0155124515853720e+04,4.9549904175332422e+00
43969,9.0155124515853720e+04,4.9549904175332422e+00
44092,9.0155124515853720e+04,4.9549904175332422e+00
44215,9.0155124515853720e+04,4.9549904175332422e+00
44338,9.0155124515853720e+04,4.9549904175332422e+00
44461,9.0155124515853720e+04,4.9549904175332422e+00
44584,9.0155124515853720e+04,4.9549904175332422e+00
44707,9.0155124515853720e+04,4.9549904175332422e+00
44830,9.0155124515853720e+04,4.9549904175332422e+00
44953,9.0155124515853720e+04,4.9549904175332422e+00
45076,9.0155124515853720e+04,4.9549904175332422e+00
45198,9.0155124515853720e+04,4.9549904175332422e+00
45320,9.0155124515853720e+04,4.9549904175332422e+00
45442,9.0155124515853720e+04,4.9549904175332422e+00
45564,9.0155124515853720e+04,4.9549904175332422e+00
45686,9.0155124515853720e+04,4.9549904175332422e+00
45808,9.0155124515853720e+04,4.9549904175332422e+00
45930,9.0155124515853720e+04,4.9549904175332422e+00
46052,7.8333452741477973e+04,4.8939472695723989e+00
46174,7.8333452741477973e+04,4.8939472695723989e+00
46296,7.8333452741477973e+04,4.8939472695723989e+00
46418,7.8333452741477973e+04,4.8939472695723989e+00
46540,7.8333452741477973e+04,4.8939472695723989e+00
46661,7.8333452741477973e+04,4.8939472695723989e+00
46782,7.8333452741477973e+04,4.8939472695723989e+00
46903,7.8333452741477973e+04,4.8939472695723989e+00
47024,7.8333452741477973e+04,4.8939472695723989e+00
47145,7.8333452741477973e+04,4.8939472695723989e+00
47266,7.8333452741477973e+04,4.8939472695723989e+00
47387,7.8333452741477973e+04,4.8939472695723989e+00
47508,7.8333452741477973e+04,4.8939472695723989e+00
47629,7.8333452741477973e+04,4.8939472695723989e+00
47750,7.8333452741477973e+04,4.8939472695723989e+00
47871,7.8333452741477973e+04,4.8939472695723989e+00
47991,7.8333452741477973e+04,4.8939472695723989e+00
48111,7.8333452741477973e+04,4.8939472695723989e+00
48231,7.8333452741477973e+04,4.8939472695723989e+00
48351,7.8333452741477973e+04,4.8939472695723989e+00
48471,7.8333452741477973e+04,4.8939472695723989e+00
48591,7.8333452741477973e+04,4.8939472695723989e+00
48711,7.8333452741477973e+04,4.8939472695723989e+00
48831,7.8333452741477973e+04,4.8939472695723989e+00
48951,7.8333452741477973e+04,4.8939472695723989e+00
49071,7.8333452741477973e+04,4.8939472695723989e+00
49191,7.8333452741477973e+04,4.8939472695723989e+00
49311,7.8333452741477973e+04,4.8939472695723989e+00
49430,7.8333452741477973e+04,4.8939472695723989e+00
49549,7.8333452741477973e+04,4.8939472695723989e+00
49668,7.8333452741477973e+04,4.8939472695723989e+00
49787,7.8333452741477973e+04,4.8939472695723989e+00
49906,7.8333452741477973e+04,4.8939472695723989e+00
50025,7.8333452741477973e+04,4.8939472695723989e+00
50144,7.8333452741477973e+04,4.8939472695723989e+00
50263,7.8333452741477973e+04,4.8939472695723989e+00
50382,7.8333452741477973e+04,4.8939472695723989e+00
50501,7.8333452741477973e+04,4.8939472695723989e+00
50620,7.8333452741477973e+04,4.8939472695723989e+00
50739,7.8333452741477973e+04,4.8939472695723989e+00
50857,7.8333452741477973e+04,4.8939472695723989e+00
50975,7.8333452741477973e+04,4.8939472695723989e+00
51093,7.8333452741477973e+04,4.8939472695723989e+00
51211,7.8333452741477973e+04,4.8939472695723989e+00
51329,7.8333452741477973e+04,4.8939472695723989e+00
51447,6.0428454016459087e+04,4.7812414835301134e+00
51565,6.0428454016459087e+04,4.7812414835301134e+00
51683,6.0428454016459087e+04,4.7812414835301134e+00
51801,6.0428454016459087e+04,4.7812414835301134e+00
51919,6.0428454016459087e+04,4.7812414835301134e+00
52037,6.0428454016459087e+04,4.7812414835301134e+00
52155,6.0428454016459087e+04,4.7812414835301134e+00
52272,6.0428454016459087e+04,4.7812414835301134e+00
52389,6.0428454016459087e+04,4.7812414835301134e+00
52506,6.0428454016459087e+04,4.7812414835301134e+00
52623,6.0428454016459087e+04,4.7812414835301134e+00
52740,6.0428454016459087e+04,4.7812414835301134e+00
52857,6.0428454016459087e+04,4.7812414835301134e+00
52974,6.0428454016459087e+04,4.7812414835301134e+00
53091,6.0428454016459087e+04,4.7812414835301134e+00
53208,6.0428454016459087e+04,4.7812414835301134e+00
53325,6.0428454016459087e+04,4.7812414835301134e+00
53442,6.0428454016459087e+04,4.7812414835301134e+00
53559,6.0428454016459087e+04,4.7812414835301134e+00
53675,6.0428454016459087e+04,4.7812414835301134e+00
53791,6.0428454016459087e+04,4.7812414835301134e+00
53907,6.0428454016459087e+04,4.7812414835301134e+00
54023,6.0428454016459087e+04,4.7812414835301134e+00
54139,6.0428454016459087e+04,4.7812414835301134e+00
54255,6.0428454016459087e+04,4.7812414835301134e+00
54371,6.0428454016459087e+04,4.7812414835301134e+00
54487,6.0428454016459087e+04,4.7812414835301134e+00
54603,6.0428454016459087e+04,4.7812414835301134e+00
54719,6.0428454016459087e+04,4.7812414835301134e+00
54835,6.0428454016459087e+04,4.7812414835301134e+00
54951,6.0428454016459087e+04,4.7812414835301134e+00
55067,6.0428454016459087e+04,4.7812414835301134e+00
55182,6.0428454016459087e+04,4.7812414835301134e+00
55297,6.0428454016459087e+04,4.7812414835301134e+00
55412,6.0428454016459087e+04,4.7812414835301134e+00
55527,6.0428454016459087e+04,4.7812414835301134e+00
55642,6.0428454016459087e+04,4.7812414835301134e+00
55757,6.0428454016459087e+04,4.7812414835301134e+00
55872,6.0428454016459087e+04,4.7812414835301134e+00
55987,6.0428454016459087e+04,4.7812414835301134e+00
56102,6.0428454016459087e+04,4.7812414835301134e+00
56217,6.0428454016459087e+04,4.7812414835301134e+00
56332,6.0428454016459087e+04,4.7812414835301134e+00
56447,6.0428454016459087e+04,4.7812414835301134e+00
56561,6.0428454016459087e+04,4.7812414835301134e+00
56675,6.0428454016459087e+04,4.7812414835301134e+00
56789,6.0428454016459087e+04,4.7812414835301134e+00
56903,6.0428454016459087e+04,4.7812414835301134e+00
57017,6.0428454016459087e+04,4.7812414835301134e+00
57131,6.0428454016459087e+04,4.7812414835301134e+00
57245,6.0428454016459087e+04,4.7812414835301134e+00
57359,6.0428454016459087e+04,4.7812414835301134e+00
57473,6.0428454016459087e+04,4.7812414835301134e+00
57587,6.0428454016459087e+04,4.7812414835301134e+00
57701,6.0428454016459087e+04,4.7812414835301134e+00
57815,6.0428454016459087e+04,4.7812414835301134e+00
57928,6.0428454016459087e+04,4.7812414835301134e+00
58041,6.0428454016459087e+04,4.7812414835301134e+00
58154,6.0428454016459087e+04,4.7812414835301134e+00
58267,6.0428454016459087e+04,4.7812414835301134e+00
58380,6.0428454016459087e+04,4.7812414835301134e+00
58493,6.0428454016459087e+04,4.7812414835301134e+00
58606,6.0428454016459087e+04,4.7812414835301134e+00
58719,6.0428454016459087e+04,4.7812414835301134e+00
58832,6.0428454016459087e+04,4.7812414835301134e+00
58945,6.0428454016459087e+04,4.7812414835301134e+00
59058,6.0428454016459087e+04,4.7812414835301134e+00
59171,6.0428454016459087e+04,4.7812414835301134e+00
59284,6.0428454016459087e+04,4.7812414835301134e+00
59396,6.0428454016459087e+04,4.7812414835301134e+00
59508,6.0428454016459087e+04,4.7812414835301134e+00
59620,6.0428454016459087e+04,4.7812414835301134e+00
59732,6.0428454016459087e+04,4.7812414835301134e+00
59844,6.0428454016459087e+04,4.7812414835301134e+00
59956,6.0428454016459087e+04,4.7812414835301134e+00
60068,6.0428454016459087e+04,4.7812414835301134e+00
60180,6.0428454016459087e+04,4.7812414835301134e+00
60292,6.0428454016459087e+04,4.7812414835301134e+00
60404,6.0428454016459087e+04,4.7812414835301134e+00
60516,6.0428454016459087e+04,4.7812414835301134e+00
60628,6.0428454016459087e+04,4.7812414835301134e+00
60739,6.0428454016459087e+04,4.7812414835301134e+00
60850,6.0428454016459087e+04,4.7812414835301134e+00
60961,6.0428454016459087e+04,4.7812414835301134e+00
61072,6.0428454016459087e+04,4.7812414835301134e+00
61183,6.0428454016459087e+04,4.7812414835301134e+00
61294,6.0428454016459087e+04,4.7812414835301134e+00
61405,6.0428454016459087e+04,4.7812414835301134e+00
61516,6.0428454016459087e+04,4.7812414835301134e+00
61627,6.0428454016459087e+04,4.7812414835301134e+00
61738,6.0428454016459087e+04,4.7812414835301134e+00
61849,6.0428454016459087e+04,4.7812414835301134e+00
61960,6.0428454016459087e+04,4.7812414835301134e+00
62071,6.0428454016459087e+04,4.7812414835301134e+00
62181,6.0428454016459087e+04,4.7812414835301134e+00
62291,6.0428454016459087e+04,4.7812414835301134e+00
62401,6.0428454016459087e+04,4.7812414835301134e+00
62511,6.0428454016459087e+04,4.7812414835301134e+00
62621,6.0428454016459087e+04,4.7812414835301134e+00
62731,6.0428454016459087e+04,4.7812414835301134e+00
62841,6.0428454016459087e+04,4.7812414835301134e+00
62951,6.0428454016459087e+04,4.7812414835301134e+00
63061,6.0428454016459087e+04,4.7812414835301134e+00
63171,6.0428454016459087e+04,4.7812414835301134e+00
63281,6.0428454016459087e+04,4.7812414835301134e+00
63391,6.0428454016459087e+04,4.7812414835301134e+00
63501,6.0428454016459087e+04,4.7812414835301134e+00
63610,6.0428454016459087e+04,4.7812414835301134e+00
63719,6.0428454016459087e+04,4.7812414835301134e+00
63828,6.0428454016459087e+04,4.7812414835301134e+00
63937,6.0428454016459087e+04,4.7812414835301134e+00
64046,6.0428454016459087e+04,4.7812414835301134e+00
64155,6.0428454016459087e+04,4.7812414835301134e+00
64264,6.0428454016459087e+04,4.7812414835301134e+00
64373,6.0428454016459087e+04,4.7812414835301134e+00
64482,6.0428454016459087e+04,4.7812414835301134e+00
64591,6.0428454016459087e+04,4.7812414835301134e+00
64700,6.0428454016459087e+04,4.7812414835301134e+00
64809,6.0428454016459087e+04,4.7812414835301134e+00
64917,6.0428454016459087e+04,4.7812414835301134e+00
65025,6.0428454016459087e+04,4.7812414835301134e+00
65133,6.0428454016459087e+04,4.7812414835301134e+00
65241,6.0428454016459087e+04,4.7812414835301134e+00
65349,6.0428454016459087e+04,4.7812414835301134e+00
65457,6.0428454016459087e+04,4.7812414835301134e+00
65565,6.0428454016459087e+04,4.7812414835301134e+00
65673,6.0428454016459087e+04,4.7812414835301134e+00
65781,6.0428454016459087e+04,4.7812414835301134e+00
65889,6.0428454016459087e+04,4.7812414835301134e+00
65997,6.0428454016459087e+04,4.7812414835301134e+00
66105,6.0428454016459087e+04,4.7812414835301134e+00
66213,6.0428454016459087e+04,4.7812414835301134e+00
66320,6.0428454016459087e+04,4.7812414835301134e+00
66427,6.0428454016459087e+04,4.7812414835301134e+00
66534,6.0428454016459087e+04,4.7812414835301134e+00
66641,6.0428454016459087e+04,4.7812414835301134e+00
66748,6.0428454016459087e+04,4.7812414835301134e+00
66855,6.0428454016459087e+04,4.7812414835301134e+00
66962,6.0428454016459087e+04,4.7812414835301134e+00
67069,6.0428454016459087e+04,4.7812414835301134e+00
67176,6.0428454016459087e+04,4.7812414835301134e+00
67283,6.0428454016459087e+04,4.7812414835301134e+00
67390,6.0428454016459087e+04,4.7812414835301134e+00
67497,6.0428454016459087e+04,4.7812414835301134e+00
67604,6.0428454016459087e+04,4.7812414835301134e+00
67710,6.0428454016459087e+04,4.7812414835301134e+00
67816,6.0428454016459087e+04,4.7812414835301134e+00
67922,6.0428454016459087e+04,4.7812414835301134e+00
68028,6.0428454016459087e+04,4.7812414835301134e+00
68134,6.0428454016459087e+04,4.7812414835301134e+00
68240,6.0428454016459087e+04,4.7812414835301134e+00
68346,6.0428454016459087e+04,4.7812414835301134e+00
68452,6.0428454016459087e+04,4.7812414835301134e+00
68558,6.0428454016459087e+04,4.7812414835301134e+00
68664,6.0428454016459087e+04,4.7812414835301134e+00
68770,6.0428454016459087e+04,4.7812414835301134e+00
68876,6.0428454016459087e+04,4.7812414835301134e+00
68982,6.0428454016459087e+04,4.7812414835301134e+00
69088,6.0428454016459087e+04,4.7812414835301134e+00
69193,6.0428454016459087e+04,4.7812414835301134e+00
69298,6.0428454016459087e+04,4.7812414835301134e+00
69403,6.0428454016459087e+04,4.7812414835301134e+00
69508,6.0428454016459087e+04,4.7812414835301134e+00
69613,6.0428454016459087e+04,4.7812414835301134e+00
69718,6.0428454016459087e+04,4.7812414835301134e+00
69823,6.0428454016459087e+04,4.7812414835301134e+00
69928,6.0428454016459087e+04,4.7812414835301134e+00
70033,6.0428454016459087e+04,4.7812414835301134e+00
70138,6.0428454016459087e+04,4.7812414835301134e+00
70243,6.0428454016459087e+04,4.7812414835301134e+00
70348,6.0428454016459087e+04,4.7812414835301134e+00
70453,6.0428454016459087e+04,4.7812414835301134e+00
70557,6.0428454016459087e+04,4.7812414835301134e+00
70661,6.0428454016459087e+04,4.7812414835301134e+00
70765,6.0428454016459087e+04,4.7812414835301134e+00
70869,6.0428454016459087e+04,4.7812414835301134e+00
70973,6.0428454016459087e+04,4.7812414835301134e+00
71077,6.0428454016459087e+04,4.7812414835301134e+00
71181,6.0428454016459087e+04,4.7812414835301134e+00
71285,6.0428454016459087e+04,4.7812414835301134e+00
71389,6.0428454016459087e+04,4.7812414835301134e+00
71493,6.0428454016459087e+04,4.7812414835301134e+00
71597,6.0428454016459087e+04,4.7812414835301134e+00
71701,6.0428454016459087e+04,4.7812414835301134e+00
71805,6.0428454016459087e+04,4.7812414835301134e+00
71908,6.0428454016459087e+04,4.7812414835301134e+00
72011,6.0428454016459087e+04,4.7812414835301134e+00
72114,6.0428454016459087e+04,4.7812414835301134e+00
72217,6.0428454016459087e+04,4.7812414835301134e+00
72320,6.0428454016459087e+04,4.7812414835301134e+00
72423,6.0428454016459087e+04,4.7812414835301134e+00
72526,6.0428454016459087e+04,4.7812414835301134e+00
72629,6.0428454016459087e+04,4.7812414835301134e+00
72732,6.0428454016459087e+04,4.7812414835301134e+00
72835,6.0428454016459087e+04,4.7812414835301134e+00
72938,6.0428454016459087e+04,4.7812414835301134e+00
73041,6.0428454016459087e+04,4.7812414835301134e+00
73144,6.0428454016459087e+04,4.7812414835301134e+00
73247,6.0428454016459087e+04,4.7812414835301134e+00
73349,6.0428454016459087e+04,4.7812414835301134e+00
73451,6.0428454016459087e+04,4.7812414835301134e+00
73553,6.0428454016459087e+04,4.7812414835301134e+00
73655,6.0428454016459087e+04,4.7812414835301134e+00
73757,6.0428454016459087e+04,4.7812414835301134e+00
73859,6.0428454016459087e+04,4.7812414835301134e+00
73961,6.0428454016459087e+04,4.7812414835301134e+00
74063,6.0428454016459087e+04,4.7812414835301134e+00
74165,6.0428454016459087e+04,4.7812414835301134e+00
74267,6.0428454016459087e+04,4.7812414835301134e+00
74369,6.0428454016459087e+04,4.7812414835301134e+00
74471,6.0428454016459087e+04,4.7812414835301134e+00
74573,6.0428454016459087e+04,4.7812414835301134e+00
74675,6.0428454016459087e+04,4.7812414835301134e+00
74776,6.0428454016459087e+04,4.7812414835301134e+00
74877,6.0428454016459087e+04,4.7812414835301134e+00
74978,6.0428454016459087e+04,4.7812414835301134e+00
75079,6.0428454016459087e+04,4.7812414835301134e+00
75180,6.0428454016459087e+04,4.7812414835301134e+00
75281,6.0428454016459087e+04,4.7812414835301134e+00
75382,6.0428454016459087e+04,4.7812414835301134e+00
75483,6.0428454016459087e+04,4.7812414835301134e+00
75584,6.0428454016459087e+04,4.7812414835301134e+00
75685,6.0428454016459087e+04,4.7812414835301134e+00
75786,6.0428454016459087e+04,4.7812414835301134e+00
75887,6.0428454016459087e+04,4.7812414835301134e+00
75988,6.0428454016459087e+04,4.7812414835301134e+00
76089,6.0428454016459087e+04,4.7812414835301134e+00
76189,6.0428454016459087e+04,4.7812414835301134e+00
76289,6.0428454016459087e+04,4.7812414835301134e+00
76389,6.0428454016459087e+04,4.7812414835301134e+00
76489,6.0428454016459087e+04,4.7812414835301134e+00
76589,6.0428454016459087e+04,4.7812414835301134e+00
76689,6.0428454016459087e+04,4.7812414835301134e+00
76789,6.0428454016459087e+04,4.7812414835301134e+00
76889,6.0428454016459087e+04,4.7812414835301134e+00
76989,6.0428454016459087e+04,4.7812414835301134e+00
77089,6.0428454016459087e+04,4.7812414835301134e+00
77189,6.0428454016459087e+04,4.7812414835301134e+00
77289,6.0428454016459087e+04,4.7812414835301134e+00
77389,6.0428454016459087e+04,4.7812414835301134e+00
77489,6.0428454016459087e+04,4.7812414835301134e+00
77588,6.0428454016459087e+04,4.7812414835301134e+00
77687,6.0428454016459087e+04,4.7812414835301134e+00
77786,6.0428454016459087e+04,4.7812414835301134e+00
77885,6.0428454016459087e+04,4.7812414835301134e+00
77984,6.0428454016459087e+04,4.7812414835301134e+00
78083,6.0428454016459087e+04,4.7812414835301134e+00
78182,6.0428454016459087e+04,4.7812414835301134e+00
78281,6.0428454016459087e+04,4.7812414835301134e+00
78380,6.0428454016459087e+04,4.7812414835301134e+00
78479,6.0428454016459087e+04,4.7812414835301134e+00
78578,6.0428454016459087e+04,4.7812414835301134e+00
78677,6.0428454016459087e+04,4.7812414835301134e+00
78776,6.0428454016459087e+04,4.7812414835301134e+00
78875,6.0428454016459087e+04,4.7812414835301134e+00
78973,6.0428454016459087e+04,4.7812414835301134e+00
79071,6.0428454016459087e+04,4.7812414835301134e+00
79169,6.0428454016459087e+04,4.7812414835301134e+00
79267,6.0428454016459087e+04,4.7812414835301134e+00
79365,6.0428454016459087e+04,4.7812414835301134e+00
79463,6.0428454016459087e+04,4.7812414835301134e+00
79561,6.0428454016459087e+04,4.7812414835301134e+00
79659,6.0428454016459087e+04,4.7812414835301134e+00
79757,6.0428454016459087e+04,4.7812414835301134e+00
79855,6.0428454016459087e+04,4.7812414835301134e+00
79953,6.0428454016459087e+04,4.7812414835301134e+00
80051,6.0428454016459087e+04,4.7812414835301134e+00
80149,6.0428454016459087e+04,4.7812414835301134e+00
80247,6.0428454016459087e+04,4.7812414835301134e+00
80344,6.0428454016459087e+04,4.7812414835301134e+00
80441,6.0428454016459087e+04,4.7812414835301134e+00
80538,6.0428454016459087e+04,4.7812414835301134e+00
80635,6.0428454016459087e+04,4.7812414835301134e+00
80732,6.0428454016459087e+04,4.7812414835301134e+00
80829,6.0428454016459087e+04,4.7812414835301134e+00
80926,6.0428454016459087e+04,4.7812414835301134e+00
81023,6.0428454016459087e+04,4.7812414835301134e+00
81120,6.0428454016459087e+04,4.7812414835301134e+00
81217,6.0428454016459087e+04,4.7812414835301134e+00
81314,6.0428454016459087e+04,4.7812414835301134e+00
81411,6.0428454016459087e+04,4.7812414835301134e+00
81508,6.0428454016459087e+04,4.7812414835301134e+00
81605,6.0428454016459087e+04,4.7812414835301134e+00
81702,6.0428454016459087e+04,4.7812414835301134e+00
81798,6.0428454016459087e+04,4.7812414835301134e+00
81894,6.0428454016459087e+04,4.7812414835301134e+00
81990,6.0428454016459087e+04,4.7812414835301134e+00
82086,6.0428454016459087e+04,4.7812414835301134e+00
82182,6.0428454016459087e+04,4.7812414835301134e+00
82278,6.0428454016459087e+04,4.7812414835301134e+00
82374,6.0428454016459087e+04,4.7812414835301134e+00
82470,6.0428454016459087e+04,4.7812414835301134e+00
82566,6.0428454016459087e+04,4.7812414835301134e+00
82662,6.0428454016459087e+04,4.7812414835301134e+00
82758,6.0428454016459087e+04,4.7812414835301134e+00
82854,6.0428454016459087e+04,4.7812414835301134e+00
82950,6.0428454016459087e+04,4.7812414835301134e+00
83046,6.0428454016459087e+04,4.7812414835301134e+00
83141,6.0428454016459087e+04,4.7812414835301134e+00
83236,6.0428454016459087e+04,4.7812414835301134e+00
83331,6.0428454016459087e+04,4.7812414835301134e+00
83426,6.0428454016459087e+04,4.7812414835301134e+00
83521,6.0428454016459087e+04,4.7812414835301134e+00
83616,6.0428454016459087e+04,4.7812414835301134e+00
83711,6.0428454016459087e+04,4.7812414835301134e+00
83806,6.0428454016459087e+04,4.7812414835301134e+00
83901,6.0428454016459087e+04,4.7812414835301134e+00
83996,6.0428454016459087e+04,4.7812414835301134e+00
84091,6.0428454016459087e+04,4.7812414835301134e+00
84186,6.0428454016459087e+04,4.7812414835301134e+00
84281,6.0428454016459087e+04,4.7812414835301134e+00
84376,6.0428454016459087e+04,4.7812414835301134e+00
84471,6.0428454016459087e+04,4.7812414835301134e+00
84565,6.0428454016459087e+04,4.7812414835301134e+00
84659,6.0428454016459087e+04,4.7812414835301134e+00
84753,6.0428454016459087e+04,4.7812414835301134e+00
84847,6.0428454016459087e+04,4.7812414835301134e+00
84941,6.0428454016459087e+04,4.7812414835301134e+00
85035,6.0428454016459087e+04,4.7812414835301134e+00
85129,6.0428454016459087e+04,4.7812414835301134e+00
85223,6.0428454016459087e+04,4.7812414835301134e+00
85317,6.0428454016459087e+04,4.7812414835301134e+00
85411,6.0428454016459087e+04,4.7812414835301134e+00
85505,6.0428454016459087e+04,4.7812414835301134e+00
85599,6.0428454016459087e+04,4.7812414835301134e+00
85693,6.0428454016459087e+04,4.7812414835301134e+00
85787,6.0428454016459087e+04,4.7812414835301134e+00
85881,6.0428454016459087e+04,4.7812414835301134e+00
85974,6.0428454016459087e+04,4.7812414835301134e+00
86067,6.0428454016459087e+04,4.7812414835301134e+00
86160,6.0428454016459087e+04,4.7812414835301134e+00
86253,6.0428454016459087e+04,4.7812414835301134e+00
86346,6.0428454016459087e+04,4.7812414835301134e+00
86439,6.0428454016459087e+04,4.7812414835301134e+00
86532,6.0428454016459087e+04,4.7812414835301134e+00
86625,6.0428454016459087e+04,4.7812414835301134e+00
86718,6.0428454016459087e+04,4.7812414835301134e+00
86811,6.0428454016459087e+04,4.7812414835301134e+00
86904,6.0428454016459087e+04,4.7812414835301134e+00
86997,6.0428454016459087e+04,4.7812414835301134e+00
87090,6.0428454016459087e+04,4.7812414835301134e+00
87183,6.0428454016459087e+04,4.7812414835301134e+00
87276,6.0428454016459087e+04,4.7812414835301134e+00
87369,6.0428454016459087e+04,4.7812414835301134e+00
87461,6.0428454016459087e+04,4.7812414835301134e+00
87553,6.0428454016459087e+04,4.7812414835301134e+00
87645,6.0428454016459087e+04,4.7812414835301134e+00
87737,6.0428454016459087e+04,4.7812414835301134e+00
87829,6.0428454016459087e+04,4.7812414835301134e+00
87921,6.0428454016459087e+04,4.7812414835301134e+00
88013,6.0428454016459087e+04,4.7812414835301134e+00
88105,6.0428454016459087e+04,4.7812414835301134e+00
88197,6.0428454016459087e+04,4.7812414835301134e+00
88289,6.0428454016459087e+04,4.7812414835301134e+00
88381,6.0428454016459087e+04,4.7812414835301134e+00
88473,6.0428454016459087e+04,4.7812414835301134e+00
88565,6.0428454016459087e+04,4.7812414835301134e+00
88657,6.0428454016459087e+04,4.7812414835301134e+00
88749,6.0428454016459087e+04,4.7812414835301134e+00
88840,6.0428454016459087e+04,4.7812414835301134e+00
88931,6.0428454016459087e+04,4.7812414835301134e+00
89022,5.3621784215987449e+04,4.7293412606402603e+00
89113,5.3621784215987449e+04,4.7293412606402603e+00
89204,5.3621784215987449e+04,4.7293412606402603e+00
89295,5.3621784215987449e+04,4.7293412606402603e+00
89386,5.3621784215987449e+04,4.7293412606402603e+00
89477,5.3621784215987449e+04,4.7293412606402603e+00
89568,5.3621784215987449e+04,4.7293412606402603e+00
89659,5.3621784215987449e+04,4.7293412606402603e+00
89750,5.3621784215987449e+04,4.7293412606402603e+00
89841,5.3621784215987449e+04,4.7293412606402603e+00
89932,5.3621784215987449e+04,4.7293412606402603e+00
90023,5.3621784215987449e+04,4.7293412606402603e+00
90114,5.3621784215987449e+04,4.7293412606402603e+00
90205,5.3621784215987449e+04,4.7293412606402603e+00
90295,5.3621784215987449e+04,4.7293412606402603e+00
90385,5.3621784215987449e+04,4.7293412606402603e+00
90475,5.3621784215987449e+04,4.7293412606402603e+00
90565,5.3621784215987449e+04,4.7293412606402603e+00
90655,5.3621784215987449e+04,4.7293412606402603e+00
90745,5.3621784215987449e+04,4.7293412606402603e+00
90835,5.3621784215987449e+04,4.7293412606402603e+00
90925,5.3621784215987449e+04,4.7293412606402603e+00
91015,5.3621784215987449e+04,4.7293412606402603e+00
91105,5.3621784215987449e+04,4.7293412606402603e+00
91195,5.3621784215987449e+04,4.7293412606402603e+00
91285,5.3621784215987449e+04,4.7293412606402603e+00
91375,5.3621784215987449e+04,4.7293412606402603e+00
91465,5.3621784215987449e+04,4.7293412606402603e+00
91555,5.3621784215987449e+04,4.7293412606402603e+00
91645,5.3621784215987449e+04,4.7293412606402603e+00
91734,5.3621784215987449e+04,4.7293412606402603e+00
91823,5.3621784215987449e+04,4.7293412606402603e+00
91912,5.3621784215987449e+04,4.7293412606402603e+00
92001,5.3621784215987449e+04,4.7293412606402603e+00
92090,5.3621784215987449e+04,4.7293412606402603e+00
92179,5.3621784215987449e+04,4.7293412606402603e+00
92268,5.1701722952621254e+04,4.7135050161374217e+00
92357,5.1701722952621254e+04,4.7135050161374217e+00
92446,5.1701722952621254e+04,4.7135050161374217e+00
92535,5.1701722952621254e+04,4.7135050161374217e+00
92624,5.1701722952621254e+04,4.7135050161374217e+00
92713,5.1701722952621254e+04,4.7135050161374217e+00
92802,5.1701722952621254e+04,4.7135050161374217e+00
92891,5.1701722952621254e+04,4.7135050161374217e+00
92980,5.1701722952621254e+04,4.7135050161374217e+00
93069,5.1701722952621254e+04,4.7135050161374217e+00
93157,5.1701722952621254e+04,4.7135050161374217e+00
93245,5.1701722952621254e+04,4.7135050161374217e+00
93333,5.1701722952621254e+04,4.7135050161374217e+00
93421,5.1701722952621254e+04,4.7135050161374217e+00
93509,5.1701722952621254e+04,4.7135050161374217e+00
93597,5.1701722952621254e+04,4.7135050161374217e+00
93685,5.1701722952621254e+04,4.7135050161374217e+00
93773,5.1701722952621254e+04,4.7135050161374217e+00
93861,5.1701722952621254e+04,4.7135050161374217e+00
93949,5.1701722952621254e+04,4.7135050161374217e+00
94037,5.1701722952621254e+04,4.7135050161374217e+00
94125,5.1701722952621254e+04,4.7135050161374217e+00
94213,5.1701722952621254e+04,4.7135050161374217e+00
94301,5.1701722952621254e+04,4.7135050161374217e+00
94389,5.1701722952621254e+04,4.7135050161374217e+00
94477,5.1701722952621254e+04,4.7135050161374217e+00
94564,5.1701722952621254e+04,4.7135050161374217e+00
94651,5.1701722952621254e+04,4.7135050161374217e+00
94738,5.1701722952621254e+04,4.7135050161374217e+00
94825,5.1701722952621254e+04,4.7135050161374217e+00
94912,5.1701722952621254e+04,4.7135050161374217e+00
94999,5.1701722952621254e+04,4.7135050161374217e+00
95086,5.1701722952621254e+04,4.7135050161374217e+00
95173,5.1701722952621254e+04,4.7135050161374217e+00
95260,5.1701722952621254e+04,4.7135050161374217e+00
95347,5.1701722952621254e+04,4.7135050161374217e+00
95434,5.1701722952621254e+04,4.7135050161374217e+00
95521,5.1701722952621254e+04,4.7135050161374217e+00
95608,5.1701722952621254e+04,4.7135050161374217e+00
95695,5.1701722952621254e+04,4.7135050161374217e+00
95782,5.1701722952621254e+04,4.7135050161374217e+00
95869,5.1701722952621254e+04,4.7135050161374217e+00
95956,5.1701722952621254e+04,4.7135050161374217e+00
96042,5.1701722952621254e+04,4.7135050161374217e+00
96128,5.1701722952621254e+04,4.7135050161374217e+00
96214,5.1701722952621254e+04,4.7135050161374217e+00
96300,5.1701722952621254e+04,4.7135050161374217e+00
96386,5.1701722952621254e+04,4.7135050161374217e+00
96472,5.1701722952621254e+04,4.7135050161374217e+00
96558,5.1701722952621254e+04,4.7135050161374217e+00
96644,5.1701722952621254e+04,4.7135050161374217e+00
96730,5.1701722952621254e+04,4.7135050161374217e+00
96816,5.1701722952621254e+04,4.7135050161374217e+00
96902,5.1701722952621254e+04,4.7135050161374217e+00
96988,5.1701722952621254e+04,4.7135050161374217e+00
97074,5.1701722952621254e+04,4.7135050161374217e+00
97160,5.1701722952621254e+04,4.7135050161374217e+00
97246,5.1701722952621254e+04,4.7135050161374217e+00
97332,5.1701722952621254e+04,4.7135050161374217e+00
97417,5.1701722952621254e+04,4.7135050161374217e+00
97502,5.1701722952621254e+04,4.7135050161374217e+00
97587,5.1701722952621254e+04,4.7135050161374217e+00
97672,5.1701722952621254e+04,4.7135050161374217e+00
97757,5.1701722952621254e+04,4.7135050161374217e+00
97842,5.1701722952621254e+04,4.7135050161374217e+00
97927,5.1701722952621254e+04,4.7135050161374217e+00
98012,5.1701722952621254e+04,4.7135050161374217e+00
98097,5.1701722952621254e+04,4.7135050161374217e+00
98182,5.1701722952621254e+04,4.7135050161374217e+00
98267,5.1701722952621254e+04,4.7135050161374217e+00
98352,5.1701722952621254e+04,4.7135050161374217e+00
98437,5.1701722952621254e+04,4.7135050161374217e+00
98522,5.1701722952621254e+04,4.7135050161374217e+00
98607,5.1701722952621254e+04,4.7135050161374217e+00
98692,5.1701722952621254e+04,4.7135050161374217e+00
98777,5.1701722952621254e+04,4.7135050161374217e+00
98861,5.1701722952621254e+04,4.7135050161374217e+00
98945,5.1701722952621254e+04,4.7135050161374217e+00
99029,5.1701722952621254e+04,4.7135050161374217e+00
99113,5.1701722952621254e+04,4.7135050161374217e+00
99197,5.1701722952621254e+04,4.7135050161374217e+00
99281,5.1701722952621254e+04,4.7135050161374217e+00
99365,5.1701722952621254e+04,4.7135050161374217e+00
99449,5.1701722952621254e+04,4.7135050161374217e+00
99533,5.1701722952621254e+04,4.7135050161374217e+00
99617,4.6610755198715691e+04,4.6684861395337007e+00
99701,4.6610755198715691e+04,4.6684861395337007e+00
99785,4.6610755198715691e+04,4.6684861395337007e+00
99869,4.6610755198715691e+04,4.6684861395337007e+00
99953,4.6610755198715691e+04,4.6684861395337007e+00
100037,4.6610755198715691e+04,4.6684861395337007e+00
100121,4.6610755198715691e+04,4.6684861395337007e+00
100205,4.6610755198715691e+04,4.6684861395337007e+00
100289,4.6610755198715691e+04,4.6684861395337007e+00
100372,3.1704098061232398e+04,4.5011154026073044e+00
100455,3.1704098061232398e+04,4.5011154026073044e+00
100538,3.1704098061232398e+04,4.5011154026073044e+00
100621,3.1704098061232398e+04,4.5011154026073044e+00
100704,3.1704098061232398e+04,4.5011154026073044e+00
100787,3.1704098061232398e+04,4.5011154026073044e+00
100870,3.1704098061232398e+04,4.5011154026073044e+00
100953,3.1704098061232398e+04,4.5011154026073044e+00
101036,3.1704098061232398e+04,4.5011154026073044e+00
101119,3.1704098061232398e+04,4.5011154026073044e+00
101202,3.1704098061232398e+04,4.5011154026073044e+00
101285,3.1704098061232398e+04,4.5011154026073044e+00
101368,3.1704098061232398e+04,4.5011154026073044e+00
101451,3.1704098061232398e+04,4.5011154026073044e+00
101534,3.1704098061232398e+04,4.5011154026073044e+00
101617,3.1704098061232398e+04,4.5011154026073044e+00
101700,3.1704098061232398e+04,4.5011154026073044e+00
101782,3.1704098061232398e+04,4.5011154026073044e+00
101864,3.1704098061232398e+04,4.5011154026073044e+00
101946,3.1704098061232398e+04,4.5011154026073044e+00
102028,3.1704098061232398e+04,4.5011154026073044e+00
102110,3.1704098061232398e+04,4.5011154026073044e+00
102192,3.1704098061232398e+04,4.5011154026073044e+00
102274,3.1704098061232398e+04,4.5011154026073044e+00
102356,3.1704098061232398e+04,4.5011154026073044e+00
102438,3.1704098061232398e+04,4.5011154026073044e+00
102520,3.1704098061232398e+04,4.5011154026073044e+00
102602,3.1704098061232398e+04,4.5011154026073044e+00
102684,3.1704098061232398e+04,4.5011154026073044e+00
102766,3.1704098061232398e+04,4.5011154026073044e+00
102848,3.1704098061232398e+04,4.5011154026073044e+00
102930,3.1704098061232398e+04,4.5011154026073044e+00
103012,3.1704098061232398e+04,4.5011154026073044e+00
103094,3.1704098061232398e+04,4.5011154026073044e+00
103176,3.1704098061232398e+04,4.5011154026073044e+00
103257,3.1704098061232398e+04,4.5011154026073044e+00
103338,3.1704098061232398e+04,4.5011154026073044e+00
103419,3.1704098061232398e+04,4.5011154026073044e+00
103500,3.1704098061232398e+04,4.5011154026073044e+00
103581,3.1704098061232398e+04,4.5011154026073044e+00
103662,3.1704098061232398e+04,4.5011154026073044e+00
103743,3.1704098061232398e+04,4.5011154026073044e+00
103824,3.1704098061232398e+04,4.5011154026073044e+00
103905,3.1704098061232398e+04,4.5011154026073044e+00
103986,3.1704098061232398e+04,4.5011154026073044e+00
104067,3.1704098061232398e+04,4.5011154026073044e+00
104148,3.1704098061232398e+04,4.5011154026073044e+00
104229,3.1704098061232398e+04,4.5011154026073044e+00
104310,3.1704098061232398e+04,4.5011154026073044e+00
104391,3.1704098061232398e+04,4.5011154026073044e+00
104472,3.1704098061232398e+04,4.5011154026073044e+00
104553,3.1704098061232398e+04,4.5011154026073044e+00
104634,3.1704098061232398e+04,4.5011154026073044e+00
104715,3.1704098061232398e+04,4.5011154026073044e+00
104795,3.1704098061232398e+04,4.5011154026073044e+00
104875,3.1704098061232398e+04,4.5011154026073044e+00
104955,3.1704098061232398e+04,4.5011154026073044e+00
105035,3.1704098061232398e+04,4.5011154026073044e+00
105115,3.1704098061232398e+04,4.5011154026073044e+00
105195,3.1704098061232398e+04,4.5011154026073044e+00
105275,3.1704098061232398e+04,4.5011154026073044e+00
105355,3.1704098061232398e+04,4.5011154026073044e+00
105435,3.1704098061232398e+04,4.5011154026073044e+00
105515,3.1704098061232398e+04,4.5011154026073044e+00
105595,3.1704098061232398e+04,4.5011154026073044e+00
105675,3.1704098061232398e+04,4.5011154026073044e+00
105755,3.1704098061232398e+04,4.5011154026073044e+00
105835,3.1704098061232398e+04,4.5011154026073044e+00
105915,3.1704098061232398e+04,4.5011154026073044e+00
105995,3.1704098061232398e+04,4.5011154026073044e+00
106075,3.1704098061232398e+04,4.5011154026073044e+00
106155,3.1704098061232398e+04,4.5011154026073044e+00
106234,3.1704098061232398e+04,4.5011154026073044e+00
106313,3.1704098061232398e+04,4.5011154026073044e+00
106392,3.1704098061232398e+04,4.5011154026073044e+00
106471,3.1704098061232398e+04,4.5011154026073044e+00
106550,3.1704098061232398e+04,4.5011154026073044e+00
106629,3.1704098061232398e+04,4.5011154026073044e+00
106708,3.1704098061232398e+04,4.5011154026073044e+00
106787,3.1704098061232398e+04,4.5011154026073044e+00
106866,3.1704098061232398e+04,4.5011154026073044e+00
106945,3.1704098061232398e+04,4.5011154026073044e+00
107024,3.1704098061232398e+04,4.5011154026073044e+00
107103,3.1704098061232398e+04,4.5011154026073044e+00
107182,3.1704098061232398e+04,4.5011154026073044e+00
107261,3.1704098061232398e+04,4.5011154026073044e+00
107340,3.1704098061232398e+04,4.5011154026073044e+00
107419,3.1704098061232398e+04,4.5011154026073044e+00
107498,3.1704098061232398e+04,4.5011154026073044e+00
107577,3.1704098061232398e+04,4.5011154026073044e+00
107656,3.1704098061232398e+04,4.5011154026073044e+00
107734,3.1704098061232398e+04,4.5011154026073044e+00
107812,3.1704098061232398e+04,4.5011154026073044e+00
107890,3.1704098061232398e+04,4.5011154026073044e+00
107968,3.1704098061232398e+04,4.5011154026073044e+00
108046,3.1704098061232398e+04,4.5011154026073044e+00
108124,3.1704098061232398e+04,4.5011154026073044e+00
108202,3.1704098061232398e+04,4.5011154026073044e+00
108280,3.1704098061232398e+04,4.5011154026073044e+00
108358,3.1704098061232398e+04,4.5011154026073044e+00
108436,3.1704098061232398e+04,4.5011154026073044e+00
108514,3.1704098061232398e+04,4.5011154026073044e+00
108592,3.1704098061232398e+04,4.5011154026073044e+00
108670,2.7843729314716835e+04,4.4447274030769623e+00
108748,2.7843729314716835e+04,4.4447274030769623e+00
108826,2.7843729314716835e+04,4.4447274030769623e+00
108904,2.7843729314716835e+04,4.4447274030769623e+00
108982,2.7843729314716835e+04,4.4447274030769623e+00
109060,2.7843729314716835e+04,4.4447274030769623e+00
109138,2.7843729314716835e+04,4.4447274030769623e+00
109215,2.7843729314716835e+04,4.4447274030769623e+00
109292,2.7843729314716835e+04,4.4447274030769623e+00
109369,2.7262444631781153e+04,4.4355647965643330e+00
109446,2.7262444631781153e+04,4.4355647965643330e+00
109523,2.7262444631781153e+04,4.4355647965643330e+00
109600,2.7262444631781153e+04,4.4355647965643330e+00
109677,2.7262444631781153e+04,4.4355647965643330e+00
109754,2.7262444631781153e+04,4.4355647965643330e+00
109831,2.7262444631781153e+04,4.4355647965643330e+00
109908,2.7262444631781153e+04,4.4355647965643330e+00
109985,2.7262444631781153e+04,4.4355647965643330e+00
110062,2.7262444631781153e+04,4.4355647965643330e+00
110139,2.7262444631781153e+04,4.4355647965643330e+00
110216,2.7262444631781153e+04,4.4355647965643330e+00
110293,2.7262444631781153e+04,4.4355647965643330e+00
110370,2.7262444631781153e+04,4.4355647965643330e+00
110447,2.7262444631781153e+04,4.4355647965643330e+00
110524,2.7262444631781153e+04,4.4355647965643330e+00
110601,2.7262444631781153e+04,4.4355647965643330e+00
110678,2.7262444631781153e+04,4.4355647965643330e+00
110754,2.7262444631781153e+04,4.4355647965643330e+00
110830,2.7262444631781153e+04,4.4355647965643330e+00
110906,2.7262444631781153e+04,4.4355647965643330e+00
110982,2.7262444631781153e+04,4.4355647965643330e+00
111058,2.7262444631781153e+04,4.4355647965643330e+00
111134,2.7262444631781153e+04,4.4355647965643330e+00
111210,2.7262444631781153e+04,4.4355647965643330e+00
111286,2.7262444631781153e+04,4.4355647965643330e+00
111362,2.7262444631781153e+04,4.4355647965643330e+00
111438,2.7262444631781153e+04,4.4355647965643330e+00
111514,2.1207412597995251e+04,4.3264876858216876e+00
111590,2.1207412597995251e+04,4.3264876858216876e+00
111666,2.1207412597995251e+04,4.3264876858216876e+00
111742,2.1207412597995251e+04,4.3264876858216876e+00
111818,2.1207412597995251e+04,4.3264876858216876e+00
111894,2.1207412597995251e+04,4.3264876858216876e+00
111970,2.1207412597995251e+04,4.3264876858216876e+00
112046,2.1207412597995251e+04,4.3264876858216876e+00
112122,2.1207412597995251e+04,4.3264876858216876e+00
112197,2.1207412597995251e+04,4.3264876858216876e+00
112272,2.1207412597995251e+04,4.3264876858216876e+00
112347,2.1207412597995251e+04,4.3264876858216876e+00
112422,2.1207412597995251e+04,4.3264876858216876e+00
112497,2.1207412597995251e+04,4.3264876858216876e+00
112572,2.1207412597995251e+04,4.3264876858216876e+00
112647,2.1207412597995251e+04,4.3264876858216876e+00
112722,2.1207412597995251e+04,4.3264876858216876e+00
112797,2.1207412597995251e+04,4.3264876858216876e+00
112872,2.1207412597995251e+04,4.3264876858216876e+00
112947,2.1207412597995251e+04,4.3264876858216876e+00
113022,2.1207412597995251e+04,4.3264876858216876e+00
113097,2.1207412597995251e+04,4.3264876858216876e+00
113172,2.1207412597995251e+04,4.3264876858216876e+00
113247,2.1207412597995251e+04,4.3264876858216876e+00
113322,2.1207412597995251e+04,4.3264876858216876e+00
113397,2.1207412597995251e+04,4.3264876858216876e+00
113472,2.1207412597995251e+04,4.3264876858216876e+00
113547,2.1207412597995251e+04,4.3264876858216876e+00
113622,2.1207412597995251e+04,4.3264876858216876e+00
113697,2.1207412597995251e+04,4.3264876858216876e+00
113771,2.1207412597995251e+04,4.3264876858216876e+00
113845,2.1207412597995251e+04,4.3264876858216876e+00
113919,2.1207412597995251e+04,4.3264876858216876e+00
113993,2.1207412597995251e+04,4.3264876858216876e+00
114067,2.1207412597995251e+04,4.3264876858216876e+00
114141,2.1207412597995251e+04,4.3264876858216876e+00
114215,2.1207412597995251e+04,4.3264876858216876e+00
114289,2.1207412597995251e+04,4.3264876858216876e+00
114363,2.1207412597995251e+04,4.3264876858216876e+00
114437,2.1207412597995251e+04,4.3264876858216876e+00
114511,2.1207412597995251e+04,4.3264876858216876e+00
114585,2.1207412597995251e+04,4.3264876858216876e+00
114659,2.1207412597995251e+04,4.3264876858216876e+00
114733,2.1207412597995251e+04,4.3264876858216876e+00
114807,2.1207412597995251e+04,4.3264876858216876e+00
114881,2.1207412597995251e+04,4.3264876858216876e+00
114955,2.1207412597995251e+04,4.3264876858216876e+00
115029,2.1207412597995251e+04,4.3264876858216876e+00
115103,2.1207412597995251e+04,4.3264876858216876e+00
115177,2.1207412597995251e+04,4.3264876858216876e+00
115250,2.1207412597995251e+04,4.3264876858216876e+00
115323,2.1207412597995251e+04,4.3264876858216876e+00
115396,2.1207412597995251e+04,4.3264876858216876e+00
115469,2.1207412597995251e+04,4.3264876858216876e+00
115542,2.1207412597995251e+04,4.3264876858216876e+00
115615,2.1207412597995251e+04,4.3264876858216876e+00
115688,2.1207412597995251e+04,4.3264876858216876e+00
115761,2.1207412597995251e+04,4.3264876858216876e+00
115834,2.1207412597995251e+04,4.3264876858216876e+00
115907,2.1207412597995251e+04,4.3264876858216876e+00
115980,2.1207412597995251e+04,4.3264876858216876e+00
116053,2.1207412597995251e+04,4.3264876858216876e+00
116126,2.1207412597995251e+04,4.3264876858216876e+00
116199,2.1207412597995251e+04,4.3264876858216876e+00
116272,2.1207412597995251e+04,4.3264876858216876e+00
116345,2.1207412597995251e+04,4.3264876858216876e+00
116418,2.1207412597995251e+04,4.3264876858216876e+00
116491,2.1207412597995251e+04,4.3264876858216876e+00
116564,2.1207412597995251e+04,4.3264876858216876e+00
116637,2.1207412597995251e+04,4.3264876858216876e+00
116710,2.1207412597995251e+04,4.3264876858216876e+00
116782,2.1207412597995251e+04,4.3264876858216876e+00
116854,2.1207412597995251e+04,4.3264876858216876e+00
116926,2.1207412597995251e+04,4.3264876858216876e+00
116998,2.1207412597995251e+04,4.3264876858216876e+00
117070,2.1207412597995251e+04,4.3264876858216876e+00
117142,2.1207412597995251e+04,4.3264876858216876e+00
117214,2.1207412597995251e+04,4.3264876858216876e+00
117286,2.1207412597995251e+04,4.3264876858216876e+00
117358,2.1207412597995251e+04,4.3264876858216876e+00
117430,2.1207412597995251e+04,4.3264876858216876e+00
117502,2.1207412597995251e+04,4.3264876858216876e+00
117574,2.1207412597995251e+04,4.3264876858216876e+00
117646,2.1207412597995251e+04,4.3264876858216876e+00
117718,2.1207412597995251e+04,4.3264876858216876e+00
117790,2.1207412597995251e+04,4.3264876858216876e+00
117862,2.1207412597995251e+04,4.3264876858216876e+00
117934,2.1207412597995251e+04,4.3264876858216876e+00
118006,2.1207412597995251e+04,4.3264876858216876e+00
118078,2.1207412597995251e+04,4.3264876858216876e+00
118150,2.1207412597995251e+04,4.3264876858216876e+00
118222,2.1207412597995251e+04,4.3264876858216876e+00
118294,2.1207412597995251e+04,4.3264876858216876e+00
118365,2.1207412597995251e+04,4.3264876858216876e+00
118436,2.1207412597995251e+04,4.3264876858216876e+00
118507,2.1207412597995251e+04,4.3264876858216876e+00
118578,2.1207412597995251e+04,4.3264876858216876e+00
118649,2.1207412597995251e+04,4.3264876858216876e+00
118720,2.1207412597995251e+04,4.3264876858216876e+00
118791,2.1207412597995251e+04,4.3264876858216876e+00
118862,2.1207412597995251e+04,4.3264876858216876e+00
118933,2.1207412597995251e+04,4.3264876858216876e+00
119004,2.1207412597995251e+04,4.3264876858216876e+00
119075,2.1207412597995251e+04,4.3264876858216876e+00
119146,2.1207412597995251e+04,4.3264876858216876e+00
119217,2.1207412597995251e+04,4.3264876858216876e+00
119288,2.1207412597995251e+04,4.3264876858216876e+00
119359,2.1207412597995251e+04,4.3264876858216876e+00
119430,2.1207412597995251e+04,4.3264876858216876e+00
119501,2.1207412597995251e+04,4.3264876858216876e+00
119572,2.1207412597995251e+04,4.3264876858216876e+00
119643,2.1207412597995251e+04,4.3264876858216876e+00
119714,2.1207412597995251e+04,4.3264876858216876e+00
119785,2.1207412597995251e+04,4.3264876858216876e+00
119856,2.1207412597995251e+04,4.3264876858216876e+00
119926,2.1207412597995251e+04,4.3264876858216876e+00
119996,2.1207412597995251e+04,4.3264876858216876e+00
120066,2.1207412597995251e+04,4.3264876858216876e+00
120136,2.1207412597995251e+04,4.3264876858216876e+00
120206,2.1207412597995251e+04,4.3264876858216876e+00
120276,2.1207412597995251e+04,4.3264876858216876e+00
120346,2.1207412597995251e+04,4.3264876858216876e+00
120416,2.1207412597995251e+04,4.3264876858216876e+00
120486,2.1207412597995251e+04,4.3264876858216876e+00
120556,2.1207412597995251e+04,4.3264876858216876e+00
120626,2.1207412597995251e+04,4.3264876858216876e+00
120696,2.1207412597995251e+04,4.3264876858216876e+00
120766,2.1207412597995251e+04,4.3264876858216876e+00
120836,2.1207412597995251e+04,4.3264876858216876e+00
120906,2.1207412597995251e+04,4.3264876858216876e+00
120976,2.1207412597995251e+04,4.3264876858216876e+00
121046,2.1207412597995251e+04,4.3264876858216876e+00
121116,2.1207412597995251e+04,4.3264876858216876e+00
121186,2.1207412597995251e+04,4.3264876858216876e+00
121256,2.1207412597995251e+04,4.3264876858216876e+00
121326,2.1207412597995251e+04,4.3264876858216876e+00
121396,2.1207412597995251e+04,4.3264876858216876e+00
121465,2.1207412597995251e+04,4.3264876858216876e+00
121534,2.0429523593896582e+04,4.3102582392240167e+00
121603,2.0429523593896582e+04,4.3102582392240167e+00
121672,2.0429523593896582e+04,4.3102582392240167e+00
121741,2.0429523593896582e+04,4.3102582392240167e+00
121810,2.0429523593896582e+04,4.3102582392240167e+00
121879,2.0429523593896582e+04,4.3102582392240167e+00
121948,2.0429523593896582e+04,4.3102582392240167e+00
122017,1.2342350421902729e+04,4.0913978726680815e+00
122086,1.2342350421902729e+04,4.0913978726680815e+00
122155,1.2342350421902729e+04,4.0913978726680815e+00
122224,1.2342350421902729e+04,4.0913978726680815e+00
122293,1.2342350421902729e+04,4.0913978726680815e+00
122362,1.2342350421902729e+04,4.0913978726680815e+00
122431,1.2342350421902729e+04,4.0913978726680815e+00
122500,1.2342350421902729e+04,4.0913978726680815e+00
122569,1.2342350421902729e+04,4.0913978726680815e+00
122638,1.2342350421902729e+04,4.0913978726680815e+00
122707,1.2342350421902729e+04,4.0913978726680815e+00
122776,1.2342350421902729e+04,4.0913978726680815e+00
122845,1.2342350421902729e+04,4.0913978726680815e+00
122914,1.2342350421902729e+04,4.0913978726680815e+00
122983,1.2342350421902729e+04,4.0913978726680815e+00
123051,1.2342350421902729e+04,4.0913978726680815e+00
123119,1.2342350421902729e+04,4.0913978726680815e+00
123187,1.2342350421902729e+04,4.0913978726680815e+00
123255,1.2342350421902729e+04,4.0913978726680815e+00
123323,1.2342350421902729e+04,4.0913978726680815e+00
123391,1.2342350421902729e+04,4.0913978726680815e+00
123459,1.2342350421902729e+04,4.0913978726680815e+00
123527,1.2342350421902729e+04,4.0913978726680815e+00
123595,1.2342350421902729e+04,4.0913978726680815e+00
123663,1.2342350421902729e+04,4.0913978726680815e+00
123731,1.2342350421902729e+04,4.0913978726680815e+00
123799,1.2342350421902729e+04,4.0913978726680815e+00
123867,1.2342350421902729e+04,4.0913978726680815e+00
123935,1.2342350421902729e+04,4.0913978726680815e+00
124003,1.2342350421902729e+04,4.0913978726680815e+00
124071,1.2342350421902729e+04,4.0913978726680815e+00
124139,1.2342350421902729e+04,4.0913978726680815e+00
124207,1.2342350421902729e+04,4.0913978726680815e+00
124275,1.2342350421902729e+04,4.0913978726680815e+00
124343,1.2342350421902729e+04,4.0913978726680815e+00
124411,1.2342350421902729e+04,4.0913978726680815e+00
124479,1.2342350421902729e+04,4.0913978726680815e+00
124547,1.2342350421902729e+04,4.0913978726680815e+00
124614,1.2342350421902729e+04,4.0913978726680815e+00
124681,1.2342350421902729e+04,4.0913978726680815e+00
124748,1.2342350421902729e+04,4.0913978726680815e+00
124815,1.2342350421902729e+04,4.0913978726680815e+00
124882,1.2342350421902729e+04,4.0913978726680815e+00
124949,1.2342350421902729e+04,4.0913978726680815e+00
125016,1.2342350421902729e+04,4.0913978726680815e+00
125083,1.2342350421902729e+04,4.0913978726680815e+00
125150,1.2342350421902729e+04,4.0913978726680815e+00
125217,1.2342350421902729e+04,4.0913978726680815e+00
125284,1.2342350421902729e+04,4.0913978726680815e+00
125351,1.2342350421902729e+04,4.0913978726680815e+00
125418,1.2342350421902729e+04,4.0913978726680815e+00
125485,1.2342350421902729e+04,4.0913978726680815e+00
125552,1.2342350421902729e+04,4.0913978726680815e+00
125619,1.2342350421902729e+04,4.0913978726680815e+00
125686,1.2342350421902729e+04,4.0913978726680815e+00
125753,1.2342350421902729e+04,4.0913978726680815e+00
125820,1.2342350421902729e+04,4.0913978726680815e+00
125887,1.2342350421902729e+04,4.0913978726680815e+00
125954,1.2342350421902729e+04,4.0913978726680815e+00
126021,1.2342350421902729e+04,4.0913978726680815e+00
126088,1.2342350421902729e+04,4.0913978726680815e+00
126155,1.2342350421902729e+04,4.0913978726680815e+00
126221,1.2342350421902729e+04,4.0913978726680815e+00
126287,1.2342350421902729e+04,4.0913978726680815e+00
126353,1.2342350421902729e+04,4.0913978726680815e+00
126419,1.2342350421902729e+04,4.0913978726680815e+00
126485,1.2342350421902729e+04,4.0913978726680815e+00
126551,1.2342350421902729e+04,4.0913978726680815e+00
126617,1.2342350421902729e+04,4.0913978726680815e+00
126683,1.2342350421902729e+04,4.0913978726680815e+00
126749,1.2342350421902729e+04,4.0913978726680815e+00
126815,1.2342350421902729e+04,4.0913978726680815e+00
126881,1.2342350421902729e+04,4.0913978726680815e+00
126947,1.2342350421902729e+04,4.0913978726680815e+00
127013,1.2342350421902729e+04,4.0913978726680815e+00
127079,1.2342350421902729e+04,4.0913978726680815e+00
127145,1.2342350421902729e+04,4.0913978726680815e+00
127211,1.2342350421902729e+04,4.0913978726680815e+00
127277,1.2342350421902729e+04,4.0913978726680815e+00
127343,1.2342350421902729e+04,4.0913978726680815e+00
127409,1.2342350421902729e+04,4.0913978726680815e+00
127475,1.2342350421902729e+04,4.0913978726680815e+00
127541,1.2342350421902729e+04,4.0913978726680815e+00
127607,1.2342350421902729e+04,4.0913978726680815e+00
127673,1.2342350421902729e+04,4.0913978726680815e+00
127739,1.2342350421902729e+04,4.0913978726680815e+00
127804,1.2342350421902729e+04,4.0913978726680815e+00
127869,1.2342350421902729e+04,4.0913978726680815e+00
127934,1.2342350421902729e+04,4.0913978726680815e+00
127999,1.2342350421902729e+04,4.0913978726680815e+00
128064,1.2342350421902729e+04,4.0913978726680815e+00
128129,1.2342350421902729e+04,4.0913978726680815e+00
128194,1.2342350421902729e+04,4.0913978726680815e+00
128259,1.2342350421902729e+04,4.0913978726680815e+00
128324,1.2342350421902729e+04,4.0913978726680815e+00
128389,1.2342350421902729e+04,4.0913978726680815e+00
128454,1.2342350421902729e+04,4.0913978726680815e+00
128519,1.2342350421902729e+04,4.0913978726680815e+00
128584,1.2342350421902729e+04,4.0913978726680815e+00
128649,1.2342350421902729e+04,4.0913978726680815e+00
128714,1.2342350421902729e+04,4.0913978726680815e+00
128779,1.2342350421902729e+04,4.0913978726680815e+00
128844,1.2342350421902729e+04,4.0913978726680815e+00
128909,1.2342350421902729e+04,4.0913978726680815e+00
128974,1.2342350421902729e+04,4.0913978726680815e+00
129039,1.2342350421902729e+04,4.0913978726680815e+00
129104,1.2342350421902729e+04,4.0913978726680815e+00
129169,1.2342350421902729e+04,4.0913978726680815e+00
129234,1.2342350421902729e+04,4.0913978726680815e+00
129299,1.2342350421902729e+04,4.0913978726680815e+00
129364,1.2342350421902729e+04,4.0913978726680815e+00
129428,1.2276914330094494e+04,4.0890892252898938e+00
129492,1.2276914330094494e+04,4.0890892252898938e+00
129556,1.2276914330094494e+04,4.0890892252898938e+00
129620,1.2276914330094494e+04,4.0890892252898938e+00
129684,1.2276914330094494e+04,4.0890892252898938e+00
129748,1.2276914330094494e+04,4.0890892252898938e+00
129812,1.2276914330094494e+04,4.0890892252898938e+00
129876,1.2276914330094494e+04,4.0890892252898938e+00
129940,1.2276914330094494e+04,4.0890892252898938e+00
130004,1.2276914330094494e+04,4.0890892252898938e+00
130068,1.2276914330094494e+04,4.0890892252898938e+00
130132,1.2276914330094494e+04,4.0890892252898938e+00
130196,1.2276914330094494e+04,4.0890892252898938e+00
130260,1.2276914330094494e+04,4.0890892252898938e+00
130324,1.2276914330094494e+04,4.0890892252898938e+00
130388,1.2276914330094494e+04,4.0890892252898938e+00
130452,1.2276914330094494e+04,4.0890892252898938e+00
130516,1.2276914330094494e+04,4.0890892252898938e+00
130580,1.2276914330094494e+04,4.0890892252898938e+00
130644,1.2276914330094494e+04,4.0890892252898938e+00
130708,1.2276914330094494e+04,4.0890892252898938e+00
130772,1.2276914330094494e+04,4.0890892252898938e+00
130836,1.2276914330094494e+04,4.0890892252898938e+00
130900,1.2276914330094494e+04,4.0890892252898938e+00
130964,1.2276914330094494e+04,4.0890892252898938e+00
131027,1.2276914330094494e+04,4.0890892252898938e+00
131090,1.2276914330094494e+04,4.0890892252898938e+00
131153,1.2276914330094494e+04,4.0890892252898938e+00
131216,1.2276914330094494e+04,4.0890892252898938e+00
131279,1.2276914330094494e+04,4.0890892252898938e+00
131342,1.2276914330094494e+04,4.0890892252898938e+00
131405,1.2276914330094494e+04,4.0890892252898938e+00
131468,1.2276914330094494e+04,4.0890892252898938e+00
131531,1.2276914330094494e+04,4.0890892252898938e+00
131594,1.2276914330094494e+04,4.0890892252898938e+00
131657,1.2276914330094494e+04,4.0890892252898938e+00
131720,1.2276914330094494e+04,4.0890892252898938e+00
131783,1.2276914330094494e+04,4.0890892252898938e+00
131846,1.2276914330094494e+04,4.0890892252898938e+00
131909,1.2276914330094494e+04,4.0890892252898938e+00
131972,1.2276914330094494e+04,4.0890892252898938e+00
132035,1.2276914330094494e+04,4.0890892252898938e+00
132098,1.2276914330094494e+04,4.0890892252898938e+00
132161,1.2276914330094494e+04,4.0890892252898938e+00
132224,1.2276914330094494e+04,4.0890892252898938e+00
132287,1.2276914330094494e+04,4.0890892252898938e+00
132350,1.2276914330094494e+04,4.0890892252898938e+00
132413,1.2276914330094494e+04,4.0890892252898938e+00
132476,1.2276914330094494e+04,4.0890892252898938e+00
132539,1.2276914330094494e+04,4.0890892252898938e+00
132627,1.2276914330094494e+04,4.0890892252898938e+00
132689,1.2276914330094494e+04,4.0890892252898938e+00
132751,1.2276914330094494e+04,4.0890892252898938e+00
132813,1.2276914330094494e+04,4.0890892252898938e+00
132875,1.2276914330094494e+04,4.0890892252898938e+00
132937,1.2276914330094494e+04,4.0890892252898938e+00
132999,1.2276914330094494e+04,4.0890892252898938e+00
133061,1.2276914330094494e+04,4.0890892252898938e+00
133123,1.2276914330094494e+04,4.0890892252898938e+00
133185,1.2276914330094494e+04,4.0890892252898938e+00
133247,1.2276914330094494e+04,4.0890892252898938e+00
133309,1.2276914330094494e+04,4.0890892252898938e+00
133371,1.2276914330094494e+04,4.0890892252898938e+00
133433,1.2276914330094494e+04,4.0890892252898938e+00
133495,1.2276914330094494e+04,4.0890892252898938e+00
133557,1.2276914330094494e+04,4.0890892252898938e+00
133619,1.2276914330094494e+04,4.0890892252898938e+00
133681,1.2276914330094494e+04,4.0890892252898938e+00
133743,1.2276914330094494e+04,4.0890892252898938e+00
133805,1.2276914330094494e+04,4.0890892252898938e+00
133867,1.2276914330094494e+04,4.0890892252898938e+00
133929,1.2276914330094494e+04,4.0890892252898938e+00
133991,1.2276914330094494e+04,4.0890892252898938e+00
134053,1.2276914330094494e+04,4.0890892252898938e+00
134115,1.2276914330094494e+04,4.0890892252898938e+00
134177,1.2276914330094494e+04,4.0890892252898938e+00
134239,1.2276914330094494e+04,4.0890892252898938e+00
134301,1.2276914330094494e+04,4.0890892252898938e+00
134362,1.2276914330094494e+04,4.0890892252898938e+00
134423,1.2276914330094494e+04,4.0890892252898938e+00
134484,1.2276914330094494e+04,4.0890892252898938e+00
134545,1.2276914330094494e+04,4.0890892252898938e+00
134606,1.2276914330094494e+04,4.0890892252898938e+00
134667,1.2276914330094494e+04,4.0890892252898938e+00
134728,1.2276914330094494e+04,4.0890892252898938e+00
134789,1.2276914330094494e+04,4.0890892252898938e+00
134850,1.2276914330094494e+04,4.0890892252898938e+00
134911,1.2276914330094494e+04,4.0890892252898938e+00
134972,1.2276914330094494e+04,4.0890892252898938e+00
135033,1.2276914330094494e+04,4.0890892252898938e+00
135094,1.2276914330094494e+04,4.0890892252898938e+00
135155,1.2276914330094494e+04,4.0890892252898938e+00
135216,1.2276914330094494e+04,4.0890892252898938e+00
135277,1.2276914330094494e+04,4.0890892252898938e+00
135338,1.2276914330094494e+04,4.0890892252898938e+00
135399,1.2276914330094494e+04,4.0890892252898938e+00
135460,1.2276914330094494e+04,4.0890892252898938e+00
135521,1.2015492249483399e+04,4.0797415676372317e+00
135582,1.2015492249483399e+04,4.0797415676372317e+00
135643,1.2015492249483399e+04,4.0797415676372317e+00
135704,1.2015492249483399e+04,4.0797415676372317e+00
135765,1.2015492249483399e+04,4.0797415676372317e+00
135826,1.2015492249483399e+04,4.0797415676372317e+00
135887,1.2015492249483399e+04,4.0797415676372317e+00
135948,1.2015492249483399e+04,4.0797415676372317e+00
136008,1.2015492249483399e+04,4.0797415676372317e+00
136068,1.2015492249483399e+04,4.0797415676372317e+00
136128,1.2015492249483399e+04,4.0797415676372317e+00
136188,1.2015492249483399e+04,4.0797415676372317e+00
136248,1.2015492249483399e+04,4.0797415676372317e+00
136308,1.2015492249483399e+04,4.0797415676372317e+00
136368,1.2015492249483399e+04,4.0797415676372317e+00
136428,1.2015492249483399e+04,4.0797415676372317e+00
136488,1.2015492249483399e+04,4.0797415676372317e+00
136548,1.2015492249483399e+04,4.0797415676372317e+00
136608,1.2015492249483399e+04,4.0797415676372317e+00
136668,1.2015492249483399e+04,4.0797415676372317e+00
136728,1.2015492249483399e+04,4.0797415676372317e+00
136788,1.2015492249483399e+04,4.0797415676372317e+00
136848,1.2015492249483399e+04,4.0797415676372317e+00
136908,1.2015492249483399e+04,4.0797415676372317e+00
136968,1.2015492249483399e+04,4.0797415676372317e+00
137028,1.2015492249483399e+04,4.0797415676372317e+00
137088,1.2015492249483399e+04,4.0797415676372317e+00
137148,1.2015492249483399e+04,4.0797415676372317e+00
137208,1.2015492249483399e+04,4.0797415676372317e+00
137268,1.2015492249483399e+04,4.0797415676372317e+00
137328,1.2015492249483399e+04,4.0797415676372317e+00
137388,1.2015492249483399e+04,4.0797415676372317e+00
137448,1.2015492249483399e+04,4.0797415676372317e+00
137508,1.2015492249483399e+04,4.0797415676372317e+00
137568,1.2015492249483399e+04,4.0797415676372317e+00
137628,1.2015492249483399e+04,4.0797415676372317e+00
137687,1.2015492249483399e+04,4.0797415676372317e+00
137746,1.2015492249483399e+04,4.0797415676372317e+00
137805,1.2015492249483399e+04,4.0797415676372317e+00
137864,1.2015492249483399e+04,4.0797415676372317e+00
137923,1.2015492249483399e+04,4.0797415676372317e+00
137982,1.2015492249483399e+04,4.0797415676372317e+00
138041,1.2015492249483399e+04,4.0797415676372317e+00
138100,1.2015492249483399e+04,4.0797415676372317e+00
138159,1.2015492249483399e+04,4.0797415676372317e+00
138218,1.2015492249483399e+04,4.0797415676372317e+00
138277,1.2015492249483399e+04,4.0797415676372317e+00
138336,1.2015492249483399e+04,4.0797415676372317e+00
138395,1.2015492249483399e+04,4.0797415676372317e+00
138454,1.2015492249483399e+04,4.0797415676372317e+00
138513,1.2015492249483399e+04,4.0797415676372317e+00
138572,1.2015492249483399e+04,4.0797415676372317e+00
138631,1.2015492249483399e+04,4.0797415676372317e+00
138690,1.2015492249483399e+04,4.0797415676372317e+00
138749,1.2015492249483399e+04,4.0797415676372317e+00
138808,1.2015492249483399e+04,4.0797415676372317e+00
138867,1.2015492249483399e+04,4.0797415676372317e+00
138926,1.2015492249483399e+04,4.0797415676372317e+00
138985,1.2015492249483399e+04,4.0797415676372317e+00
139044,1.2015492249483399e+04,4.0797415676372317e+00
139103,1.2015492249483399e+04,4.0797415676372317e+00
139162,1.2015492249483399e+04,4.0797415676372317e+00
139221,1.2015492249483399e+04,4.0797415676372317e+00
139280,1.2015492249483399e+04,4.0797415676372317e+00
139339,1.2015492249483399e+04,4.0797415676372317e+00
139397,1.2015492249483399e+04,4.0797415676372317e+00
139455,1.2015492249483399e+04,4.0797415676372317e+00
139513,1.2015492249483399e+04,4.0797415676372317e+00
139571,1.2015492249483399e+04,4.0797415676372317e+00
139629,1.2015492249483399e+04,4.0797415676372317e+00
139687,1.2015492249483399e+04,4.0797415676372317e+00
139745,1.2015492249483399e+04,4.0797415676372317e+00
139803,1.2015492249483399e+04,4.0797415676372317e+00
139861,1.2015492249483399e+04,4.0797415676372317e+00
139919,1.2015492249483399e+04,4.0797415676372317e+00
139977,1.2015492249483399e+04,4.0797415676372317e+00
140035,1.2015492249483399e+04,4.0797415676372317e+00
140093,1.2015492249483399e+04,4.0797415676372317e+00
140151,1.2015492249483399e+04,4.0797415676372317e+00
140209,1.2015492249483399e+04,4.0797415676372317e+00
140267,1.2015492249483399e+04,4.0797415676372317e+00
140325,1.2015492249483399e+04,4.0797415676372317e+00
140383,1.2015492249483399e+04,4.0797415676372317e+00
140441,1.2015492249483399e+04,4.0797415676372317e+00
140499,1.2015492249483399e+04,4.0797415676372317e+00
140557,1.2015492249483399e+04,4.0797415676372317e+00
140615,1.2015492249483399e+04,4.0797415676372317e+00
140673,1.2015492249483399e+04,4.0797415676372317e+00
140731,1.2015492249483399e+04,4.0797415676372317e+00
140789,1.2015492249483399e+04,4.0797415676372317e+00
140847,1.2015492249483399e+04,4.0797415676372317e+00
140905,1.2015492249483399e+04,4.0797415676372317e+00
140963,1.2015492249483399e+04,4.0797415676372317e+00
141021,1.2015492249483399e+04,4.0797415676372317e+00
141078,1.2015492249483399e+04,4.0797415676372317e+00
141135,1.2015492249483399e+04,4.0797415676372317e+00
141192,1.2015492249483399e+04,4.0797415676372317e+00
141249,1.2015492249483399e+04,4.0797415676372317e+00
141306,1.2015492249483399e+04,4.0797415676372317e+00
141363,1.2015492249483399e+04,4.0797415676372317e+00
141420,1.2015492249483399e+04,4.0797415676372317e+00
141477,1.2015492249483399e+04,4.0797415676372317e+00
141534,1.2015492249483399e+04,4.0797415676372317e+00
141591,1.2015492249483399e+04,4.0797415676372317e+00
141648,1.2015492249483399e+04,4.0797415676372317e+00
141705,1.2015492249483399e+04,4.0797415676372317e+00
141762,1.2015492249483399e+04,4.0797415676372317e+00
141819,1.2015492249483399e+04,4.0797415676372317e+00
141876,1.2015492249483399e+04,4.0797415676372317e+00
141933,1.2015492249483399e+04,4.0797415676372317e+00
141990,1.2015492249483399e+04,4.0797415676372317e+00
142047,1.2015492249483399e+04,4.0797415676372317e+00
142104,1.2015492249483399e+04,4.0797415676372317e+00
142161,1.2015492249483399e+04,4.0797415676372317e+00
142218,1.2015492249483399e+04,4.0797415676372317e+00
142275,1.2015492249483399e+04,4.0797415676372317e+00
142332,1.2015492249483399e+04,4.0797415676372317e+00
142389,1.2015492249483399e+04,4.0797415676372317e+00
142446,1.2015492249483399e+04,4.0797415676372317e+00
142503,1.2015492249483399e+04,4.0797415676372317e+00
142560,1.2015492249483399e+04,4.0797415676372317e+00
142617,1.2015492249483399e+04,4.0797415676372317e+00
142674,1.2015492249483399e+04,4.0797415676372317e+00
142731,9.7982773469009790e+03,3.9911497282948312e+00
142788,9.7982773469009790e+03,3.9911497282948312e+00
142844,9.7982773469009790e+03,3.9911497282948312e+00
142900,9.7982773469009790e+03,3.9911497282948312e+00
142956,9.7982773469009790e+03,3.9911497282948312e+00
143012,9.7982773469009790e+03,3.9911497282948312e+00
143068,9.7982773469009790e+03,3.9911497282948312e+00
143124,9.7982773469009790e+03,3.9911497282948312e+00
143180,9.7982773469009790e+03,3.9911497282948312e+00
143236,9.7982773469009790e+03,3.9911497282948312e+00
143292,9.7982773469009790e+03,3.9911497282948312e+00
143348,9.7982773469009790e+03,3.9911497282948312e+00
143404,9.7982773469009790e+03,3.9911497282948312e+00
143460,9.7982773469009790e+03,3.9911497282948312e+00
143516,9.7982773469009790e+03,3.9911497282948312e+00
143572,9.7982773469009790e+03,3.9911497282948312e+00
143628,9.7982773469009790e+03,3.9911497282948312e+00
143684,9.7982773469009790e+03,3.9911497282948312e+00
143740,9.7982773469009790e+03,3.9911497282948312e+00
143796,9.7982773469009790e+03,3.9911497282948312e+00
143852,9.7982773469009790e+03,3.9911497282948312e+00
143908,9.7982773469009790e+03,3.9911497282948312e+00
143964,8.9778490597336895e+03,3.9531722995423766e+00
144020,8.9778490597336895e+03,3.9531722995423766e+00
144076,8.9778490597336895e+03,3.9531722995423766e+00
144132,8.9778490597336895e+03,3.9531722995423766e+00
144188,8.9778490597336895e+03,3.9531722995423766e+00
144244,8.9778490597336895e+03,3.9531722995423766e+00
144300,8.9778490597336895e+03,3.9531722995423766e+00
144356,8.9778490597336895e+03,3.9531722995423766e+00
144412,8.9778490597336895e+03,3.9531722995423766e+00
144468,8.9778490597336895e+03,3.9531722995423766e+00
144524,8.9778490597336895e+03,3.9531722995423766e+00
144579,8.9778490597336895e+03,3.9531722995423766e+00
144634,8.9778490597336895e+03,3.9531722995423766e+00
144689,8.9778490597336895e+03,3.9531722995423766e+00
144744,8.9778490597336895e+03,3.9531722995423766e+00
144799,8.9778490597336895e+03,3.9531722995423766e+00
144854,8.9778490597336895e+03,3.9531722995423766e+00
144909,8.9778490597336895e+03,3.9531722995423766e+00
144964,8.9778490597336895e+03,3.9531722995423766e+00
145019,8.9778490597336895e+03,3.9531722995423766e+00
145074,8.9778490597336895e+03,3.9531722995423766e+00
145129,8.9778490597336895e+03,3.9531722995423766e+00
145184,8.9778490597336895e+03,3.9531722995423766e+00
145239,8.9778490597336895e+03,3.9531722995423766e+00
145294,8.9778490597336895e+03,3.9531722995423766e+00
145349,8.9778490597336895e+03,3.9531722995423766e+00
145404,8.9778490597336895e+03,3.9531722995423766e+00
145459,8.9778490597336895e+03,3.9531722995423766e+00
145514,8.9778490597336895e+03,3.9531722995423766e+00
145569,8.9778490597336895e+03,3.9531722995423766e+00
145624,8.9778490597336895e+03,3.9531722995423766e+00
145679,8.9778490597336895e+03,3.9531722995423766e+00
145734,8.9778490597336895e+03,3.9531722995423766e+00
145789,8.9778490597336895e+03,3.9531722995423766e+00
145844,8.9778490597336895e+03,3.9531722995423766e+00
145899,8.9778490597336895e+03,3.9531722995423766e+00
145954,8.9778490597336895e+03,3.9531722995423766e+00
146009,8.9778490597336895e+03,3.9531722995423766e+00
146064,8.9778490597336895e+03,3.9531722995423766e+00
146119,8.9778490597336895e+03,3.9531722995423766e+00
146174,8.9778490597336895e+03,3.9531722995423766e+00
146229,8.9778490597336895e+03,3.9531722995423766e+00
146284,8.9778490597336895e+03,3.9531722995423766e+00
146338,8.9778490597336895e+03,3.9531722995423766e+00
146392,8.9778490597336895e+03,3.9531722995423766e+00
146446,8.9778490597336895e+03,3.9531722995423766e+00
146500,8.9778490597336895e+03,3.9531722995423766e+00
146554,8.9778490597336895e+03,3.9531722995423766e+00
146608,8.9778490597336895e+03,3.9531722995423766e+00
146662,8.9778490597336895e+03,3.9531722995423766e+00
146716,8.9778490597336895e+03,3.9531722995423766e+00
146770,8.9778490597336895e+03,3.9531722995423766e+00
146824,8.9778490597336895e+03,3.9531722995423766e+00
146878,8.9778490597336895e+03,3.9531722995423766e+00
146932,8.9778490597336895e+03,3.9531722995423766e+00
146986,8.9778490597336895e+03,3.9531722995423766e+00
147040,8.9778490597336895e+03,3.9531722995423766e+00
147094,8.9778490597336895e+03,3.9531722995423766e+00
147148,8.9778490597336895e+03,3.9531722995423766e+00
147202,8.9778490597336895e+03,3.9531722995423766e+00
147256,8.9778490597336895e+03,3.9531722995423766e+00
147310,8.9778490597336895e+03,3.9531722995423766e+00
147364,8.9778490597336895e+03,3.9531722995423766e+00
147418,8.9778490597336895e+03,3.9531722995423766e+00
147472,8.9778490597336895e+03,3.9531722995423766e+00
147526,8.9778490597336895e+03,3.9531722995423766e+00
147580,8.9778490597336895e+03,3.9531722995423766e+00
147655,8.9778490597336895e+03,3.9531722995423766e+00
147709,8.9778490597336895e+03,3.9531722995423766e+00
147763,8.9778490597336895e+03,3.9531722995423766e+00
147817,8.9778490597336895e+03,3.9531722995423766e+00
147871,8.9778490597336895e+03,3.9531722995423766e+00
147925,8.9778490597336895e+03,3.9531722995423766e+00
147979,8.9778490597336895e+03,3.9531722995423766e+00
148033,8.9778490597336895e+03,3.9531722995423766e+00
148087,8.9778490597336895e+03,3.9531722995423766e+00
148140,8.9778490597336895e+03,3.9531722995423766e+00
148193,8.9778490597336895e+03,3.9531722995423766e+00
148246,8.9778490597336895e+03,3.9531722995423766e+00
148299,8.9778490597336895e+03,3.9531722995423766e+00
148352,8.9778490597336895e+03,3.9531722995423766e+00
148405,8.9778490597336895e+03,3.9531722995423766e+00
148458,8.9778490597336895e+03,3.9531722995423766e+00
148511,8.9778490597336895e+03,3.9531722995423766e+00
148564,8.9778490597336895e+03,3.9531722995423766e+00
148617,8.9778490597336895e+03,3.9531722995423766e+00
148670,8.9778490597336895e+03,3.9531722995423766e+00
148723,8.9778490597336895e+03,3.9531722995423766e+00
148776,8.9778490597336895e+03,3.9531722995423766e+00
148829,8.9778490597336895e+03,3.9531722995423766e+00
148882,8.9778490597336895e+03,3.9531722995423766e+00
148935,8.9778490597336895e+03,3.9531722995423766e+00
148988,8.9778490597336895e+03,3.9531722995423766e+00
149041,8.9778490597336895e+03,3.9531722995423766e+00
149094,8.9778490597336895e+03,3.9531722995423766e+00
149147,8.9778490597336895e+03,3.9531722995423766e+00
149200,8.9778490597336895e+03,3.9531722995423766e+00
149253,8.9778490597336895e+03,3.9531722995423766e+00
149306,8.9778490597336895e+03,3.9531722995423766e+00
149359,8.9778490597336895e+03,3.9531722995423766e+00
149412,8.9778490597336895e+03,3.9531722995423766e+00
149465,8.9778490597336895e+03,3.9531722995423766e+00
149518,8.9778490597336895e+03,3.9531722995423766e+00
149571,8.9778490597336895e+03,3.9531722995423766e+00
149624,8.9778490597336895e+03,3.9531722995423766e+00
149677,8.9778490597336895e+03,3.9531722995423766e+00
149730,8.9778490597336895e+03,3.9531722995423766e+00
149783,8.9778490597336895e+03,3.9531722995423766e+00
149836,8.9778490597336895e+03,3.9531722995423766e+00
149889,8.9778490597336895e+03,3.9531722995423766e+00
149941,8.9778490597336895e+03,3.9531722995423766e+00
149993,8.9778490597336895e+03,3.9531722995423766e+00
150045,8.9778490597336895e+03,3.9531722995423766e+00
150097,8.9778490597336895e+03,3.9531722995423766e+00
150149,8.9778490597336895e+03,3.9531722995423766e+00
150201,8.9778490597336895e+03,3.9531722995423766e+00
150253,8.9778490597336895e+03,3.9531722995423766e+00
150305,8.9778490597336895e+03,3.9531722995423766e+00
150357,8.9778490597336895e+03,3.9531722995423766e+00
150409,8.9778490597336895e+03,3.9531722995423766e+00
150461,8.9778490597336895e+03,3.9531722995423766e+00
150513,8.9778490597336895e+03,3.9531722995423766e+00
150565,8.9778490597336895e+03,3.9531722995423766e+00
150617,8.9778490597336895e+03,3.9531722995423766e+00
150669,8.9778490597336895e+03,3.9531722995423766e+00
150721,8.9778490597336895e+03,3.9531722995423766e+00
150773,8.9778490597336895e+03,3.9531722995423766e+00
150825,8.9778490597336895e+03,3.9531722995423766e+00
150877,8.9778490597336895e+03,3.9531722995423766e+00
150929,8.9778490597336895e+03,3.9531722995423766e+00
150981,8.9778490597336895e+03,3.9531722995423766e+00
151033,8.9778490597336895e+03,3.9531722995423766e+00
151085,8.9778490597336895e+03,3.9531722995423766e+00
151137,8.9778490597336895e+03,3.9531722995423766e+00
151189,8.9778490597336895e+03,3.9531722995423766e+00
151241,7.3409701593837826e+03,3.8657534586932605e+00
151293,7.3409701593837826e+03,3.8657534586932605e+00
151345,7.3409701593837826e+03,3.8657534586932605e+00
151397,7.3409701593837826e+03,3.8657534586932605e+00
151449,7.3409701593837826e+03,3.8657534586932605e+00
151501,7.3409701593837826e+03,3.8657534586932605e+00
151553,7.3409701593837826e+03,3.8657534586932605e+00
151605,7.3409701593837826e+03,3.8657534586932605e+00
151657,7.3409701593837826e+03,3.8657534586932605e+00
151709,7.3409701593837826e+03,3.8657534586932605e+00
151760,7.3409701593837826e+03,3.8657534586932605e+00
151811,7.3409701593837826e+03,3.8657534586932605e+00
151862,7.3409701593837826e+03,3.8657534586932605e+00
151913,7.3409701593837826e+03,3.8657534586932605e+00
151964,7.3409701593837826e+03,3.8657534586932605e+00
152015,7.3409701593837826e+03,3.8657534586932605e+00
152066,7.3409701593837826e+03,3.8657534586932605e+00
152117,7.3409701593837826e+03,3.8657534586932605e+00
152168,7.3409701593837826e+03,3.8657534586932605e+00
152219,7.3409701593837826e+03,3.8657534586932605e+00
152270,7.3409701593837826e+03,3.8657534586932605e+00
152321,7.3409701593837826e+03,3.8657534586932605e+00
152372,7.3409701593837826e+03,3.8657534586932605e+00
152423,7.3409701593837826e+03,3.8657534586932605e+00
152474,7.3409701593837826e+03,3.8657534586932605e+00
152525,7.3409701593837826e+03,3.8657534586932605e+00
152576,7.3409701593837826e+03,3.8657534586932605e+00
152627,7.3409701593837826e+03,3.8657534586932605e+00
152678,7.3409701593837826e+03,3.8657534586932605e+00
152729,7.3409701593837826e+03,3.8657534586932605e+00
152780,7.3409701593837826e+03,3.8657534586932605e+00
152831,7.3409701593837826e+03,3.8657534586932605e+00
152882,7.3409701593837826e+03,3.8657534586932605e+00
152933,7.3409701593837826e+03,3.8657534586932605e+00
152984,7.3409701593837826e+03,3.8657534586932605e+00
153035,7.3409701593837826e+03,3.8657534586932605e+00
153086,7.3409701593837826e+03,3.8657534586932605e+00
153137,7.3409701593837826e+03,3.8657534586932605e+00
153188,7.3409701593837826e+03,3.8657534586932605e+00
153239,7.3409701593837826e+03,3.8657534586932605e+00
153290,7.3409701593837826e+03,3.8657534586932605e+00
153341,7.3409701593837826e+03,3.8657534586932605e+00
153392,7.3409701593837826e+03,3.8657534586932605e+00
153443,7.3409701593837826e+03,3.8657534586932605e+00
153494,7.3409701593837826e+03,3.8657534586932605e+00
153545,7.3409701593837826e+03,3.8657534586932605e+00
153595,7.3409701593837826e+03,3.8657534586932605e+00
153645,7.3409701593837826e+03,3.8657534586932605e+00
153695,7.3409701593837826e+03,3.8657534586932605e+00
153745,7.3409701593837826e+03,3.8657534586932605e+00
153795,7.3409701593837826e+03,3.8657534586932605e+00
153845,7.3409701593837826e+03,3.8657534586932605e+00
153895,7.3409701593837826e+03,3.8657534586932605e+00
153945,7.3409701593837826e+03,3.8657534586932605e+00
153995,7.3409701593837826e+03,3.8657534586932605e+00
154045,7.3409701593837826e+03,3.8657534586932605e+00
154095,7.3409701593837826e+03,3.8657534586932605e+00
154145,7.3409701593837826e+03,3.8657534586932605e+00
154195,7.3409701593837826e+03,3.8657534586932605e+00
154245,7.3409701593837826e+03,3.8657534586932605e+00
154295,7.3409701593837826e+03,3.8657534586932605e+00
154345,7.3409701593837826e+03,3.8657534586932605e+00
154395,7.3409701593837826e+03,3.8657534586932605e+00
154445,7.3409701593837826e+03,3.8657534586932605e+00
154495,7.3409701593837826e+03,3.8657534586932605e+00
154545,7.3409701593837826e+03,3.8657534586932605e+00
154595,7.3409701593837826e+03,3.8657534586932605e+00
154645,7.3409701593837826e+03,3.8657534586932605e+00
154695,7.3409701593837826e+03,3.8657534586932605e+00
154745,7.3409701593837826e+03,3.8657534586932605e+00
154795,7.3409701593837826e+03,3.8657534586932605e+00
154845,7.3409701593837826e+03,3.8657534586932605e+00
154895,7.3409701593837826e+03,3.8657534586932605e+00
154945,7.3409701593837826e+03,3.8657534586932605e+00
154995,7.3409701593837826e+03,3.8657534586932605e+00
155045,7.3409701593837826e+03,3.8657534586932605e+00
155095,7.3409701593837826e+03,3.8657534586932605e+00
155145,7.3409701593837826e+03,3.8657534586932605e+00
155195,7.3409701593837826e+03,3.8657534586932605e+00
155245,7.3409701593837826e+03,3.8657534586932605e+00
155295,7.3409701593837826e+03,3.8657534586932605e+00
155345,7.3409701593837826e+03,3.8657534586932605e+00
155395,7.3409701593837826e+03,3.8657534586932605e+00
155444,7.3409701593837826e+03,3.8657534586932605e+00
155493,7.3409701593837826e+03,3.8657534586932605e+00
155542,7.3409701593837826e+03,3.8657534586932605e+00
155591,7.3409701593837826e+03,3.8657534586932605e+00
155640,7.3409701593837826e+03,3.8657534586932605e+00
155689,7.3409701593837826e+03,3.8657534586932605e+00
155738,7.3409701593837826e+03,3.8657534586932605e+00
155787,7.3409701593837826e+03,3.8657534586932605e+00
155836,7.3409701593837826e+03,3.8657534586932605e+00
155885,7.3409701593837826e+03,3.8657534586932605e+00
155934,7.3409701593837826e+03,3.8657534586932605e+00
155983,7.3409701593837826e+03,3.8657534586932605e+00
156032,7.3409701593837826e+03,3.8657534586932605e+00
156081,7.3409701593837826e+03,3.8657534586932605e+00
156130,7.3409701593837826e+03,3.8657534586932605e+00
156179,7.3409701593837826e+03,3.8657534586932605e+00
156228,7.3409701593837826e+03,3.8657534586932605e+00
156277,7.3409701593837826e+03,3.8657534586932605e+00
156326,7.3409701593837826e+03,3.8657534586932605e+00
156375,7.3409701593837826e+03,3.8657534586932605e+00
156424,7.3409701593837826e+03,3.8657534586932605e+00
156473,7.3409701593837826e+03,3.8657534586932605e+00
156522,7.3409701593837826e+03,3.8657534586932605e+00
156571,7.3409701593837826e+03,3.8657534586932605e+00
156620,7.3409701593837826e+03,3.8657534586932605e+00
156669,7.3409701593837826e+03,3.8657534586932605e+00
156718,7.3409701593837826e+03,3.8657534586932605e+00
156767,6.4212697524338337e+03,3.8076209146654012e+00
156816,6.4212697524338337e+03,3.8076209146654012e+00
156865,6.4212697524338337e+03,3.8076209146654012e+00
156914,6.4212697524338337e+03,3.8076209146654012e+00
156963,6.4212697524338337e+03,3.8076209146654012e+00
157012,6.4212697524338337e+03,3.8076209146654012e+00
157061,6.4212697524338337e+03,3.8076209146654012e+00
157110,6.4212697524338337e+03,3.8076209146654012e+00
157159,6.4212697524338337e+03,3.8076209146654012e+00
157208,6.4212697524338337e+03,3.8076209146654012e+00
157257,6.4212697524338337e+03,3.8076209146654012e+00
157306,6.4212697524338337e+03,3.8076209146654012e+00
157354,6.4212697524338337e+03,3.8076209146654012e+00
157402,6.4212697524338337e+03,3.8076209146654012e+00
157450,6.4212697524338337e+03,3.8076209146654012e+00
157498,6.4212697524338337e+03,3.8076209146654012e+00
157546,6.4212697524338337e+03,3.8076209146654012e+00
157594,6.4212697524338337e+03,3.8076209146654012e+00
157642,6.4212697524338337e+03,3.8076209146654012e+00
157690,6.4212697524338337e+03,3.8076209146654012e+00
157738,6.4212697524338337e+03,3.8076209146654012e+00
157786,6.4212697524338337e+03,3.8076209146654012e+00
157834,6.4212697524338337e+03,3.8076209146654012e+00
157882,6.4212697524338337e+03,3.8076209146654012e+00
157930,6.4212697524338337e+03,3.8076209146654012e+00
157978,6.4212697524338337e+03,3.8076209146654012e+00
158026,6.4212697524338337e+03,3.8076209146654012e+00
158074,6.4212697524338337e+03,3.8076209146654012e+00
158122,6.4212697524338337e+03,3.8076209146654012e+00
158170,6.4212697524338337e+03,3.8076209146654012e+00
158218,6.4212697524338337e+03,3.8076209146654012e+00
158266,6.4212697524338337e+03,3.8076209146654012e+00
158314,6.4212697524338337e+03,3.8076209146654012e+00
158362,6.4212697524338337e+03,3.8076209146654012e+00
158410,6.4212697524338337e+03,3.8076209146654012e+00
158458,6.4212697524338337e+03,3.8076209146654012e+00
158506,6.4212697524338337e+03,3.8076209146654012e+00
158554,6.4212697524338337e+03,3.8076209146654012e+00
158602,6.4212697524338337e+03,3.8076209146654012e+00
158650,6.4212697524338337e+03,3.8076209146654012e+00
158698,6.4212697524338337e+03,3.8076209146654012e+00
158746,6.4212697524338337e+03,3.8076209146654012e+00
158794,6.4212697524338337e+03,3.8076209146654012e+00
158842,6.4212697524338337e+03,3.8076209146654012e+00
158890,6.4212697524338337e+03,3.8076209146654012e+00
158938,6.4212697524338337e+03,3.8076209146654012e+00
158986,6.4212697524338337e+03,3.8076209146654012e+00
159034,6.4212697524338337e+03,3.8076209146654012e+00
159082,6.4212697524338337e+03,3.8076209146654012e+00
159130,6.4212697524338337e+03,3.8076209146654012e+00
159178,6.4212697524338337e+03,3.8076209146654012e+00
159226,6.4212697524338337e+03,3.8076209146654012e+00
159273,6.4212697524338337e+03,3.8076209146654012e+00
159320,6.4212697524338337e+03,3.8076209146654012e+00
159367,6.4212697524338337e+03,3.8076209146654012e+00
159414,6.4212697524338337e+03,3.8076209146654012e+00
159461,6.4212697524338337e+03,3.8076209146654012e+00
159508,6.4212697524338337e+03,3.8076209146654012e+00
159555,6.4212697524338337e+03,3.8076209146654012e+00
159602,6.4212697524338337e+03,3.8076209146654012e+00
159649,6.4212697524338337e+03,3.8076209146654012e+00
159696,6.4212697524338337e+03,3.8076209146654012e+00
159743,6.4212697524338337e+03,3.8076209146654012e+00
159790,6.4212697524338337e+03,3.8076209146654012e+00
159837,6.4212697524338337e+03,3.8076209146654012e+00
159884,6.4212697524338337e+03,3.8076209146654012e+00
159931,6.4212697524338337e+03,3.8076209146654012e+00
159978,6.4212697524338337e+03,3.8076209146654012e+00
160025,6.4212697524338337e+03,3.8076209146654012e+00
160072,6.4212697524338337e+03,3.8076209146654012e+00
160119,6.4212697524338337e+03,3.8076209146654012e+00
160166,6.4212697524338337e+03,3.8076209146654012e+00
160213,6.4212697524338337e+03,3.8076209146654012e+00
160260,6.4212697524338337e+03,3.8076209146654012e+00
160307,6.4212697524338337e+03,3.8076209146654012e+00
160354,5.7725220611430841e+03,3.7613656013578405e+00
160401,5.7725220611430841e+03,3.7613656013578405e+00
160448,5.7725220611430841e+03,3.7613656013578405e+00
160495,5.7725220611430841e+03,3.7613656013578405e+00
160542,5.7725220611430841e+03,3.7613656013578405e+00
160589,5.7725220611430841e+03,3.7613656013578405e+00
160636,5.7725220611430841e+03,3.7613656013578405e+00
160683,5.7725220611430841e+03,3.7613656013578405e+00
160730,5.7725220611430841e+03,3.7613656013578405e+00
160777,5.7725220611430841e+03,3.7613656013578405e+00
160824,5.7725220611430841e+03,3.7613656013578405e+00
160871,5.7725220611430841e+03,3.7613656013578405e+00
160918,5.7725220611430841e+03,3.7613656013578405e+00
160965,5.7725220611430841e+03,3.7613656013578405e+00
161012,5.7725220611430841e+03,3.7613656013578405e+00
161059,5.7725220611430841e+03,3.7613656013578405e+00
161106,5.7725220611430841e+03,3.7613656013578405e+00
161153,5.7725220611430841e+03,3.7613656013578405e+00
161199,5.7725220611430841e+03,3.7613656013578405e+00
161245,5.7725220611430841e+03,3.7613656013578405e+00
161291,5.7725220611430841e+03,3.7613656013578405e+00
161337,5.7725220611430841e+03,3.7613656013578405e+00
161383,5.7725220611430841e+03,3.7613656013578405e+00
161429,5.7725220611430841e+03,3.7613656013578405e+00
161475,5.7725220611430841e+03,3.7613656013578405e+00
161521,5.7725220611430841e+03,3.7613656013578405e+00
161567,5.7725220611430841e+03,3.7613656013578405e+00
161613,5.7725220611430841e+03,3.7613656013578405e+00
161659,5.7725220611430841e+03,3.7613656013578405e+00
161705,5.7725220611430841e+03,3.7613656013578405e+00
161751,5.7725220611430841e+03,3.7613656013578405e+00
161797,5.7725220611430841e+03,3.7613656013578405e+00
161843,5.7725220611430841e+03,3.7613656013578405e+00
161889,5.7725220611430841e+03,3.7613656013578405e+00
161935,5.7287583152880843e+03,3.7580605006313914e+00
161981,5.7287583152880843e+03,3.7580605006313914e+00
162027,5.7287583152880843e+03,3.7580605006313914e+00
162073,5.7287583152880843e+03,3.7580605006313914e+00
162119,5.7287583152880843e+03,3.7580605006313914e+00
162165,5.7287583152880843e+03,3.7580605006313914e+00
162211,5.7287583152880843e+03,3.7580605006313914e+00
162257,5.6543115932994206e+03,3.7523797375673360e+00
162303,5.6543115932994206e+03,3.7523797375673360e+00
162349,5.6543115932994206e+03,3.7523797375673360e+00
162395,5.6543115932994206e+03,3.7523797375673360e+00
162441,5.6543115932994206e+03,3.7523797375673360e+00
162487,5.6543115932994206e+03,3.7523797375673360e+00
162533,5.6543115932994206e+03,3.7523797375673360e+00
162579,5.6543115932994206e+03,3.7523797375673360e+00
162625,5.6543115932994206e+03,3.7523797375673360e+00
162671,5.6543115932994206e+03,3.7523797375673360e+00
162717,5.6543115932994206e+03,3.7523797375673360e+00
162763,5.5999548425083822e+03,3.7481845249118257e+00
162809,5.5999548425083822e+03,3.7481845249118257e+00
162855,5.5999548425083822e+03,3.7481845249118257e+00
162901,5.5999548425083822e+03,3.7481845249118257e+00
162947,5.5999548425083822e+03,3.7481845249118257e+00
162993,5.5999548425083822e+03,3.7481845249118257e+00
163039,5.5999548425083822e+03,3.7481845249118257e+00
163085,5.5999548425083822e+03,3.7481845249118257e+00
163131,5.5999548425083822e+03,3.7481845249118257e+00
163176,5.5999548425083822e+03,3.7481845249118257e+00
163221,5.5999548425083822e+03,3.7481845249118257e+00
163266,5.5999548425083822e+03,3.7481845249118257e+00
163311,5.5999548425083822e+03,3.7481845249118257e+00
163356,5.5999548425083822e+03,3.7481845249118257e+00
163401,5.5999548425083822e+03,3.7481845249118257e+00
163446,5.5999548425083822e+03,3.7481845249118257e+00
163491,5.5999548425083822e+03,3.7481845249118257e+00
163536,5.5999548425083822e+03,3.7481845249118257e+00
163581,5.5999548425083822e+03,3.7481845249118257e+00
163626,5.5999548425083822e+03,3.7481845249118257e+00
163671,5.5999548425083822e+03,3.7481845249118257e+00
163716,5.5999548425083822e+03,3.7481845249118257e+00
163761,5.5999548425083822e+03,3.7481845249118257e+00
163806,5.5999548425083822e+03,3.7481845249118257e+00
163851,5.5999548425083822e+03,3.7481845249118257e+00
163896,5.5999548425083822e+03,3.7481845249118257e+00
163941,5.5999548425083822e+03,3.7481845249118257e+00
163986,5.5999548425083822e+03,3.7481845249118257e+00
164031,5.5999548425083822e+03,3.7481845249118257e+00
164076,5.5999548425083822e+03,3.7481845249118257e+00
164121,5.3963782999138257e+03,3.7321023872204457e+00
164166,5.3963782999138257e+03,3.7321023872204457e+00
164211,5.3963782999138257e+03,3.7321023872204457e+00
164256,5.3963782999138257e+03,3.7321023872204457e+00
164301,5.3963782999138257e+03,3.7321023872204457e+00
164346,5.3963782999138257e+03,3.7321023872204457e+00
164391,5.3963782999138257e+03,3.7321023872204457e+00
164436,5.3963782999138257e+03,3.7321023872204457e+00
164481,5.3963782999138257e+03,3.7321023872204457e+00
164526,5.3963782999138257e+03,3.7321023872204457e+00
164571,5.3963782999138257e+03,3.7321023872204457e+00
164616,5.3963782999138257e+03,3.7321023872204457e+00
164661,5.3963782999138257e+03,3.7321023872204457e+00
164706,5.3963782999138257e+03,3.7321023872204457e+00
164751,5.3963782999138257e+03,3.7321023872204457e+00
164796,5.3963782999138257e+03,3.7321023872204457e+00
164841,4.5669093643340202e+03,3.6596223926098044e+00
164886,4.5669093643340202e+03,3.6596223926098044e+00
164931,4.5669093643340202e+03,3.6596223926098044e+00
164976,4.5669093643340202e+03,3.6596223926098044e+00
165021,4.5669093643340202e+03,3.6596223926098044e+00
165066,4.5669093643340202e+03,3.6596223926098044e+00
165111,4.5669093643340202e+03,3.6596223926098044e+00
165155,4.5669093643340202e+03,3.6596223926098044e+00
165199,4.5669093643340202e+03,3.6596223926098044e+00
165243,4.5669093643340202e+03,3.6596223926098044e+00
165287,4.5669093643340202e+03,3.6596223926098044e+00
165331,4.5669093643340202e+03,3.6596223926098044e+00
165375,4.4889716623062532e+03,3.6521468638238250e+00
165419,4.4889716623062532e+03,3.6521468638238250e+00
165463,4.4889716623062532e+03,3.6521468638238250e+00
165507,4.4889716623062532e+03,3.6521468638238250e+00
165551,4.4889716623062532e+03,3.6521468638238250e+00
165595,4.4889716623062532e+03,3.6521468638238250e+00
165639,4.4889716623062532e+03,3.6521468638238250e+00
165683,4.4889716623062532e+03,3.6521468638238250e+00
165727,4.4889716623062532e+03,3.6521468638238250e+00
165771,4.4889716623062532e+03,3.6521468638238250e+00
165815,4.4889716623062532e+03,3.6521468638238250e+00
165859,4.4889716623062532e+03,3.6521468638238250e+00
165903,4.4889716623062532e+03,3.6521468638238250e+00
165947,4.4889716623062532e+03,3.6521468638238250e+00
165991,4.4889716623062532e+03,3.6521468638238250e+00
166035,4.4889716623062532e+03,3.6521468638238250e+00
166079,4.4889716623062532e+03,3.6521468638238250e+00
166123,4.4889716623062532e+03,3.6521468638238250e+00
166167,4.4889716623062532e+03,3.6521468638238250e+00
166211,4.4889716623062532e+03,3.6521468638238250e+00
166255,4.4889716623062532e+03,3.6521468638238250e+00
166299,4.2557665295225088e+03,3.6289777946344390e+00
166343,4.2557665295225088e+03,3.6289777946344390e+00
166387,4.2557665295225088e+03,3.6289777946344390e+00
166431,4.2557665295225088e+03,3.6289777946344390e+00
166475,4.2557665295225088e+03,3.6289777946344390e+00
166519,4.2557665295225088e+03,3.6289777946344390e+00
166563,4.2557665295225088e+03,3.6289777946344390e+00
166607,4.2557665295225088e+03,3.6289777946344390e+00
166651,4.2557665295225088e+03,3.6289777946344390e+00
166695,4.2557665295225088e+03,3.6289777946344390e+00
166739,4.2557665295225088e+03,3.6289777946344390e+00
166783,4.2557665295225088e+03,3.6289777946344390e+00
166827,4.2557665295225088e+03,3.6289777946344390e+00
166871,4.2557665295225088e+03,3.6289777946344390e+00
166915,4.2557665295225088e+03,3.6289777946344390e+00
166959,4.2557665295225088e+03,3.6289777946344390e+00
167003,4.2557665295225088e+03,3.6289777946344390e+00
167047,4.2557665295225088e+03,3.6289777946344390e+00
167091,4.2557665295225088e+03,3.6289777946344390e+00
167135,4.2557665295225088e+03,3.6289777946344390e+00
167178,4.2557665295225088e+03,3.6289777946344390e+00
167221,4.2557665295225088e+03,3.6289777946344390e+00
167264,4.2557665295225088e+03,3.6289777946344390e+00
167307,4.2557665295225088e+03,3.6289777946344390e+00
167350,4.2557665295225088e+03,3.6289777946344390e+00
167393,4.2557665295225088e+03,3.6289777946344390e+00
167436,4.2557665295225088e+03,3.6289777946344390e+00
167479,4.2557665295225088e+03,3.6289777946344390e+00
167522,4.2557665295225088e+03,3.6289777946344390e+00
167565,4.2557665295225088e+03,3.6289777946344390e+00
167608,4.2557665295225088e+03,3.6289777946344390e+00
167651,3.5226779549842522e+03,3.5468729415728935e+00
167694,3.5226779549842522e+03,3.5468729415728935e+00
167737,3.5226779549842522e+03,3.5468729415728935e+00
167780,3.5226779549842522e+03,3.5468729415728935e+00
167823,3.5226779549842522e+03,3.5468729415728935e+00
167866,3.5226779549842522e+03,3.5468729415728935e+00
167909,3.5226779549842522e+03,3.5468729415728935e+00
167952,3.5226779549842522e+03,3.5468729415728935e+00
167995,3.5226779549842522e+03,3.5468729415728935e+00
168038,3.5226779549842522e+03,3.5468729415728935e+00
168081,3.5226779549842522e+03,3.5468729415728935e+00
168124,3.5226779549842522e+03,3.5468729415728935e+00
168167,3.5226779549842522e+03,3.5468729415728935e+00
168210,3.5226779549842522e+03,3.5468729415728935e+00
168253,3.5226779549842522e+03,3.5468729415728935e+00
168296,3.5226779549842522e+03,3.5468729415728935e+00
168339,3.5226779549842522e+03,3.5468729415728935e+00
168382,3.5226779549842522e+03,3.5468729415728935e+00
168425,3.5226779549842522e+03,3.5468729415728935e+00
168468,3.5226779549842522e+03,3.5468729415728935e+00
168511,3.5226779549842522e+03,3.5468729415728935e+00
168554,3.5226779549842522e+03,3.5468729415728935e+00
168597,3.5226779549842522e+03,3.5468729415728935e+00
168640,3.5226779549842522e+03,3.5468729415728935e+00
168683,3.5226779549842522e+03,3.5468729415728935e+00
168726,3.5226779549842522e+03,3.5468729415728935e+00
168769,3.5226779549842522e+03,3.5468729415728935e+00
168812,3.5226779549842522e+03,3.5468729415728935e+00
168855,3.5226779549842522e+03,3.5468729415728935e+00
168898,3.5226779549842522e+03,3.5468729415728935e+00
168941,3.5226779549842522e+03,3.5468729415728935e+00
168984,3.5226779549842522e+03,3.5468729415728935e+00
169027,3.5226779549842522e+03,3.5468729415728935e+00
169070,3.5226779549842522e+03,3.5468729415728935e+00
169113,3.5226779549842522e+03,3.5468729415728935e+00
169156,3.5226779549842522e+03,3.5468729415728935e+00
169199,3.5226779549842522e+03,3.5468729415728935e+00
169241,3.5226779549842522e+03,3.5468729415728935e+00
169283,3.5226779549842522e+03,3.5468729415728935e+00
169325,3.5226779549842522e+03,3.5468729415728935e+00
169367,3.5226779549842522e+03,3.5468729415728935e+00
169409,3.5226779549842522e+03,3.5468729415728935e+00
169451,3.5226779549842522e+03,3.5468729415728935e+00
169493,3.5226779549842522e+03,3.5468729415728935e+00
169535,3.5226779549842522e+03,3.5468729415728935e+00
169577,3.5226779549842522e+03,3.5468729415728935e+00
169619,3.5226779549842522e+03,3.5468729415728935e+00
169661,3.5226779549842522e+03,3.5468729415728935e+00
169703,3.5226779549842522e+03,3.5468729415728935e+00
169745,3.5226779549842522e+03,3.5468729415728935e+00
169787,3.5226779549842522e+03,3.5468729415728935e+00
169829,3.5226779549842522e+03,3.5468729415728935e+00
169871,3.5226779549842522e+03,3.5468729415728935e+00
169913,3.5226779549842522e+03,3.5468729415728935e+00
169955,3.5226779549842522e+03,3.5468729415728935e+00
169997,3.5226779549842522e+03,3.5468729415728935e+00
170039,3.5226779549842522e+03,3.5468729415728935e+00
170081,3.5226779549842522e+03,3.5468729415728935e+00
170123,3.5226779549842522e+03,3.5468729415728935e+00
170165,3.5226779549842522e+03,3.5468729415728935e+00
170207,3.5226779549842522e+03,3.5468729415728935e+00
170249,3.5226779549842522e+03,3.5468729415728935e+00
170291,3.5226779549842522e+03,3.5468729415728935e+00
170333,3.5226779549842522e+03,3.5468729415728935e+00
170375,3.5226779549842522e+03,3.5468729415728935e+00
170417,3.5226779549842522e+03,3.5468729415728935e+00
170459,3.5226779549842522e+03,3.5468729415728935e+00
170501,3.5226779549842522e+03,3.5468729415728935e+00
170543,3.5226779549842522e+03,3.5468729415728935e+00
170585,3.5226779549842522e+03,3.5468729415728935e+00
170627,3.5226779549842522e+03,3.5468729415728935e+00
170669,3.5226779549842522e+03,3.5468729415728935e+00
170711,3.5226779549842522e+03,3.5468729415728935e+00
170753,3.5226779549842522e+03,3.5468729415728935e+00
170795,3.5226779549842522e+03,3.5468729415728935e+00
170837,3.5226779549842522e+03,3.5468729415728935e+00
170879,3.5226779549842522e+03,3.5468729415728935e+00
170921,3.5226779549842522e+03,3.5468729415728935e+00
170963,3.5226779549842522e+03,3.5468729415728935e+00
171005,3.5226779549842522e+03,3.5468729415728935e+00
171047,3.5226779549842522e+03,3.5468729415728935e+00
171089,3.5226779549842522e+03,3.5468729415728935e+00
171131,3.5226779549842522e+03,3.5468729415728935e+00
171173,3.5226779549842522e+03,3.5468729415728935e+00
171215,3.5226779549842522e+03,3.5468729415728935e+00
171257,3.5226779549842522e+03,3.5468729415728935e+00
171299,3.5226779549842522e+03,3.5468729415728935e+00
171340,3.5226779549842522e+03,3.5468729415728935e+00
171381,3.5226779549842522e+03,3.5468729415728935e+00
171422,3.5226779549842522e+03,3.5468729415728935e+00
171463,3.5226779549842522e+03,3.5468729415728935e+00
171504,3.5226779549842522e+03,3.5468729415728935e+00
171545,3.5226779549842522e+03,3.5468729415728935e+00
171586,3.5226779549842522e+03,3.5468729415728935e+00
171627,3.1782183129039963e+03,3.5021837257326327e+00
171668,3.1782183129039963e+03,3.5021837257326327e+00
171709,3.1782183129039963e+03,3.5021837257326327e+00
171750,3.1782183129039963e+03,3.5021837257326327e+00
171791,3.1782183129039963e+03,3.5021837257326327e+00
171832,3.1782183129039963e+03,3.5021837257326327e+00
171873,3.1782183129039963e+03,3.5021837257326327e+00
171914,3.1782183129039963e+03,3.5021837257326327e+00
171955,3.1782183129039963e+03,3.5021837257326327e+00
171996,3.1782183129039963e+03,3.5021837257326327e+00
172037,3.1782183129039963e+03,3.5021837257326327e+00
172078,3.1782183129039963e+03,3.5021837257326327e+00
172119,3.1782183129039963e+03,3.5021837257326327e+00
172160,3.1782183129039963e+03,3.5021837257326327e+00
172201,3.1782183129039963e+03,3.5021837257326327e+00
172242,3.1782183129039963e+03,3.5021837257326327e+00
172283,3.1701606340824173e+03,3.5010812687565886e+00
172324,3.1701606340824173e+03,3.5010812687565886e+00
172365,3.1701606340824173e+03,3.5010812687565886e+00
172406,3.1701606340824173e+03,3.5010812687565886e+00
172447,3.1701606340824173e+03,3.5010812687565886e+00
172488,3.1701606340824173e+03,3.5010812687565886e+00
172529,3.1701606340824173e+03,3.5010812687565886e+00
172570,3.1701606340824173e+03,3.5010812687565886e+00
172611,3.1701606340824173e+03,3.5010812687565886e+00
172652,3.1701606340824173e+03,3.5010812687565886e+00
172693,3.1701606340824173e+03,3.5010812687565886e+00
172734,3.1701606340824173e+03,3.5010812687565886e+00
172775,3.1701606340824173e+03,3.5010812687565886e+00
172816,3.1701606340824173e+03,3.5010812687565886e+00
172857,3.1701606340824173e+03,3.5010812687565886e+00
172898,3.1701606340824173e+03,3.5010812687565886e+00
172939,3.1701606340824173e+03,3.5010812687565886e+00
172980,3.1701606340824173e+03,3.5010812687565886e+00
173021,3.1701606340824173e+03,3.5010812687565886e+00
173062,3.1701606340824173e+03,3.5010812687565886e+00
173103,3.1701606340824173e+03,3.5010812687565886e+00
173144,3.1701606340824173e+03,3.5010812687565886e+00
173185,3.0919800713036034e+03,3.4902366861030893e+00
173226,3.0919800713036034e+03,3.4902366861030893e+00
173267,3.0919800713036034e+03,3.4902366861030893e+00
173308,3.0919800713036034e+03,3.4902366861030893e+00
173349,3.0919800713036034e+03,3.4902366861030893e+00
173390,3.0919800713036034e+03,3.4902366861030893e+00
173431,3.0919800713036034e+03,3.4902366861030893e+00
173471,3.0919800713036034e+03,3.4902366861030893e+00
173511,2.5734692075691164e+03,3.4105189761366748e+00
173551,2.5734692075691164e+03,3.4105189761366748e+00
173591,2.5734692075691164e+03,3.4105189761366748e+00
173631,2.5734692075691164e+03,3.4105189761366748e+00
173671,2.5734692075691164e+03,3.4105189761366748e+00
173711,2.5734692075691164e+03,3.4105189761366748e+00
173751,2.5734692075691164e+03,3.4105189761366748e+00
173791,2.5734692075691164e+03,3.4105189761366748e+00
173831,2.5734692075691164e+03,3.4105189761366748e+00
173871,2.5734692075691164e+03,3.4105189761366748e+00
173911,2.5734692075691164e+03,3.4105189761366748e+00
173951,2.3960561295023049e+03,3.3794969875267893e+00
173991,2.3960561295023049e+03,3.3794969875267893e+00
174031,2.3960561295023049e+03,3.3794969875267893e+00
174071,2.3960561295023049e+03,3.3794969875267893e+00
174111,2.3960561295023049e+03,3.3794969875267893e+00
174151,2.3960561295023049e+03,3.3794969875267893e+00
174191,2.3960561295023049e+03,3.3794969875267893e+00
174231,2.3960561295023049e+03,3.3794969875267893e+00
174271,2.3960561295023049e+03,3.3794969875267893e+00
174311,2.3960561295023049e+03,3.3794969875267893e+00
174351,2.3960561295023049e+03,3.3794969875267893e+00
174391,2.3960561295023049e+03,3.3794969875267893e+00
174431,2.3960561295023049e+03,3.3794969875267893e+00
174471,2.3960561295023049e+03,3.3794969875267893e+00
174511,2.3960561295023049e+03,3.3794969875267893e+00
174551,2.3960561295023049e+03,3.3794969875267893e+00
174591,2.3960561295023049e+03,3.3794969875267893e+00
174631,2.3960561295023049e+03,3.3794969875267893e+00
174671,2.3960561295023049e+03,3.3794969875267893e+00
174711,2.3960561295023049e+03,3.3794969875267893e+00
174751,2.3960561295023049e+03,3.3794969875267893e+00
174791,2.3960561295023049e+03,3.3794969875267893e+00
174831,2.3960561295023049e+03,3.3794969875267893e+00
174871,2.3960561295023049e+03,3.3794969875267893e+00
174911,2.3960561295023049e+03,3.3794969875267893e+00
174951,2.3960561295023049e+03,3.3794969875267893e+00
174991,2.3960561295023049e+03,3.3794969875267893e+00
175031,2.3960561295023049e+03,3.3794969875267893e+00
175071,2.3960561295023049e+03,3.3794969875267893e+00
175111,2.3960561295023049e+03,3.3794969875267893e+00
175151,2.3960561295023049e+03,3.3794969875267893e+00
175191,2.3960561295023049e+03,3.3794969875267893e+00
175231,2.3960561295023049e+03,3.3794969875267893e+00
175271,2.3960561295023049e+03,3.3794969875267893e+00
175311,2.3960561295023049e+03,3.3794969875267893e+00
175351,2.3960561295023049e+03,3.3794969875267893e+00
175391,2.3960561295023049e+03,3.3794969875267893e+00
175431,2.3960561295023049e+03,3.3794969875267893e+00
175471,2.3960561295023049e+03,3.3794969875267893e+00
175511,2.3960561295023049e+03,3.3794969875267893e+00
175551,2.3960561295023049e+03,3.3794969875267893e+00
175591,2.3960561295023049e+03,3.3794969875267893e+00
175630,2.3960561295023049e+03,3.3794969875267893e+00
175669,2.3960561295023049e+03,3.3794969875267893e+00
175708,2.3960561295023049e+03,3.3794969875267893e+00
175747,2.3960561295023049e+03,3.3794969875267893e+00
175786,2.3960561295023049e+03,3.3794969875267893e+00
175825,2.3960561295023049e+03,3.3794969875267893e+00
175864,2.3960561295023049e+03,3.3794969875267893e+00
175903,2.3960561295023049e+03,3.3794969875267893e+00
175942,2.3960561295023049e+03,3.3794969875267893e+00
175981,2.3960561295023049e+03,3.3794969875267893e+00
176020,2.3960561295023049e+03,3.3794969875267893e+00
176059,2.3960561295023049e+03,3.3794969875267893e+00
176098,2.3960561295023049e+03,3.3794969875267893e+00
176137,2.3960561295023049e+03,3.3794969875267893e+00
176176,2.3960561295023049e+03,3.3794969875267893e+00
176215,2.3960561295023049e+03,3.3794969875267893e+00
176254,2.3960561295023049e+03,3.3794969875267893e+00
176293,2.3960561295023049e+03,3.3794969875267893e+00
176332,2.3960561295023049e+03,3.3794969875267893e+00
176371,2.3960561295023049e+03,3.3794969875267893e+00
176410,2.3960561295023049e+03,3.3794969875267893e+00
176449,2.3960561295023049e+03,3.3794969875267893e+00
176488,2.3960561295023049e+03,3.3794969875267893e+00
176527,2.3960561295023049e+03,3.3794969875267893e+00
176566,2.3960561295023049e+03,3.3794969875267893e+00
176605,2.3960561295023049e+03,3.3794969875267893e+00
176644,2.3960561295023049e+03,3.3794969875267893e+00
176683,2.3960561295023049e+03,3.3794969875267893e+00
176722,2.3960561295023049e+03,3.3794969875267893e+00
176761,2.3960561295023049e+03,3.3794969875267893e+00
176800,2.3960561295023049e+03,3.3794969875267893e+00
176839,2.3960561295023049e+03,3.3794969875267893e+00
176878,2.3960561295023049e+03,3.3794969875267893e+00
176917,2.3073409613806530e+03,3.3631117760142550e+00
176956,2.3073409613806530e+03,3.3631117760142550e+00
176995,2.3073409613806530e+03,3.3631117760142550e+00
177034,2.3073409613806530e+03,3.3631117760142550e+00
177073,2.3073409613806530e+03,3.3631117760142550e+00
177112,2.3073409613806530e+03,3.3631117760142550e+00
177151,2.3073409613806530e+03,3.3631117760142550e+00
177190,2.3073409613806530e+03,3.3631117760142550e+00
177229,2.3073409613806530e+03,3.3631117760142550e+00
177268,2.3073409613806530e+03,3.3631117760142550e+00
177307,2.3073409613806530e+03,3.3631117760142550e+00
177346,2.3073409613806530e+03,3.3631117760142550e+00
177385,2.3073409613806530e+03,3.3631117760142550e+00
177424,2.3073409613806530e+03,3.3631117760142550e+00
177463,2.3073409613806530e+03,3.3631117760142550e+00
177502,2.3073409613806530e+03,3.3631117760142550e+00
177541,2.3073409613806530e+03,3.3631117760142550e+00
177580,2.3073409613806530e+03,3.3631117760142550e+00
177619,2.3073409613806530e+03,3.3631117760142550e+00
177658,2.3073409613806530e+03,3.3631117760142550e+00
177697,2.3073409613806530e+03,3.3631117760142550e+00
177736,2.3073409613806530e+03,3.3631117760142550e+00
177775,2.3073409613806530e+03,3.3631117760142550e+00
177813,2.3073409613806530e+03,3.3631117760142550e+00
177851,2.3073409613806530e+03,3.3631117760142550e+00
177889,2.3073409613806530e+03,3.3631117760142550e+00
177927,2.2596340257239240e+03,3.3540381057495812e+00
177965,2.2596340257239240e+03,3.3540381057495812e+00
178003,2.2596340257239240e+03,3.3540381057495812e+00
178041,2.2596340257239240e+03,3.3540381057495812e+00
178079,2.2596340257239240e+03,3.3540381057495812e+00
178117,2.2596340257239240e+03,3.3540381057495812e+00
178155,2.2596340257239240e+03,3.3540381057495812e+00
178193,2.2596340257239240e+03,3.3540381057495812e+00
178231,2.2596340257239240e+03,3.3540381057495812e+00
178269,2.2596340257239240e+03,3.3540381057495812e+00
178307,2.2596340257239240e+03,3.3540381057495812e+00
178345,2.2596340257239240e+03,3.3540381057495812e+00
178383,2.2596340257239240e+03,3.3540381057495812e+00
178421,2.2596340257239240e+03,3.3540381057495812e+00
178459,2.2596340257239240e+03,3.3540381057495812e+00
178497,2.2596340257239240e+03,3.3540381057495812e+00
178535,2.2596340257239240e+03,3.3540381057495812e+00
178573,2.2596340257239240e+03,3.3540381057495812e+00
178611,2.2596340257239240e+03,3.3540381057495812e+00
178649,2.2596340257239240e+03,3.3540381057495812e+00
178687,2.2596340257239240e+03,3.3540381057495812e+00
178725,2.2596340257239240e+03,3.3540381057495812e+00
178763,2.2596340257239240e+03,3.3540381057495812e+00
178801,2.2596340257239240e+03,3.3540381057495812e+00
178839,2.2596340257239240e+03,3.3540381057495812e+00
178877,2.2444133669916782e+03,3.3511028465549622e+00
178915,2.2444133669916782e+03,3.3511028465549622e+00
178953,2.2444133669916782e+03,3.3511028465549622e+00
178991,2.2444133669916782e+03,3.3511028465549622e+00
179029,2.2444133669916782e+03,3.3511028465549622e+00
179067,2.2444133669916782e+03,3.3511028465549622e+00
179105,2.2444133669916782e+03,3.3511028465549622e+00
179143,2.2444133669916782e+03,3.3511028465549622e+00
179181,2.2444133669916782e+03,3.3511028465549622e+00
179219,2.2444133669916782e+03,3.3511028465549622e+00
179257,2.2444133669916782e+03,3.3511028465549622e+00
179295,2.2055563055078551e+03,3.3435181493323940e+00
179333,2.2055563055078551e+03,3.3435181493323940e+00
179371,2.0528587601819859e+03,3.3123590702747947e+00
179409,2.0528587601819859e+03,3.3123590702747947e+00
179447,2.0528587601819859e+03,3.3123590702747947e+00
179485,2.0528587601819859e+03,3.3123590702747947e+00
179523,2.0528587601819859e+03,3.3123590702747947e+00
179561,2.0528587601819859e+03,3.3123590702747947e+00
179599,2.0528587601819859e+03,3.3123590702747947e+00
179637,2.0528587601819859e+03,3.3123590702747947e+00
179675,2.0528587601819859e+03,3.3123590702747947e+00
179713,2.0528587601819859e+03,3.3123590702747947e+00
179751,2.0528587601819859e+03,3.3123590702747947e+00
179789,2.0528587601819859e+03,3.3123590702747947e+00
179827,2.0528587601819859e+03,3.3123590702747947e+00
179865,2.0528587601819859e+03,3.3123590702747947e+00
179903,2.0528587601819859e+03,3.3123590702747947e+00
179941,2.0528587601819859e+03,3.3123590702747947e+00
179979,2.0528587601819859e+03,3.3123590702747947e+00
180017,2.0528587601819859e+03,3.3123590702747947e+00
180054,2.0528587601819859e+03,3.3123590702747947e+00
180091,2.0528587601819859e+03,3.3123590702747947e+00
180128,2.0528587601819859e+03,3.3123590702747947e+00
180165,2.0528587601819859e+03,3.3123590702747947e+00
180202,2.0528587601819859e+03,3.3123590702747947e+00
180239,2.0528587601819859e+03,3.3123590702747947e+00
180276,2.0528587601819859e+03,3.3123590702747947e+00
180313,2.0528587601819859e+03,3.3123590702747947e+00
180350,2.0528587601819859e+03,3.3123590702747947e+00
180387,2.0528587601819859e+03,3.3123590702747947e+00
180424,2.0528587601819859e+03,3.3123590702747947e+00
180461,2.0528587601819859e+03,3.3123590702747947e+00
180498,2.0528587601819859e+03,3.3123590702747947e+00
180535,2.0528587601819859e+03,3.3123590702747947e+00
180572,2.0528587601819859e+03,3.3123590702747947e+00
180609,1.8931165114871919e+03,3.2771773433556834e+00
180646,1.8931165114871919e+03,3.2771773433556834e+00
180683,1.8931165114871919e+03,3.2771773433556834e+00
180720,1.8931165114871919e+03,3.2771773433556834e+00
180757,1.8931165114871919e+03,3.2771773433556834e+00
180794,1.8931165114871919e+03,3.2771773433556834e+00
180831,1.8931165114871919e+03,3.2771773433556834e+00
180868,1.8931165114871919e+03,3.2771773433556834e+00
180905,1.8931165114871919e+03,3.2771773433556834e+00
180942,1.8931165114871919e+03,3.2771773433556834e+00
180979,1.8931165114871919e+03,3.2771773433556834e+00
181016,1.8931165114871919e+03,3.2771773433556834e+00
181053,1.8931165114871919e+03,3.2771773433556834e+00
181090,1.8931165114871919e+03,3.2771773433556834e+00
181127,1.8931165114871919e+03,3.2771773433556834e+00
181164,1.8931165114871919e+03,3.2771773433556834e+00
181201,1.8931165114871919e+03,3.2771773433556834e+00
181238,1.8931165114871919e+03,3.2771773433556834e+00
181275,1.8931165114871919e+03,3.2771773433556834e+00
181312,1.8931165114871919e+03,3.2771773433556834e+00
181349,1.8931165114871919e+03,3.2771773433556834e+00
181386,1.8931165114871919e+03,3.2771773433556834e+00
181423,1.8931165114871919e+03,3.2771773433556834e+00
181460,1.7598524208980043e+03,3.2454762499295260e+00
181497,1.7598524208980043e+03,3.2454762499295260e+00
181534,1.7598524208980043e+03,3.2454762499295260e+00
181571,1.7598524208980043e+03,3.2454762499295260e+00
181608,1.7598524208980043e+03,3.2454762499295260e+00
181645,1.7598524208980043e+03,3.2454762499295260e+00
181682,1.7598524208980043e+03,3.2454762499295260e+00
181719,1.7598524208980043e+03,3.2454762499295260e+00
181756,1.7598524208980043e+03,3.2454762499295260e+00
181793,1.7598524208980043e+03,3.2454762499295260e+00
181830,1.7598524208980043e+03,3.2454762499295260e+00
181867,1.7598524208980043e+03,3.2454762499295260e+00
181904,1.7598524208980043e+03,3.2454762499295260e+00
181941,1.7598524208980043e+03,3.2454762499295260e+00
181978,1.7598524208980043e+03,3.2454762499295260e+00
182015,1.7598524208980043e+03,3.2454762499295260e+00
182052,1.7598524208980043e+03,3.2454762499295260e+00
182089,1.7598524208980043e+03,3.2454762499295260e+00
182126,1.7598524208980043e+03,3.2454762499295260e+00
182163,1.7598524208980043e+03,3.2454762499295260e+00
182200,1.7598524208980043e+03,3.2454762499295260e+00
182237,1.7598524208980043e+03,3.2454762499295260e+00
182274,1.7598524208980043e+03,3.2454762499295260e+00
182311,1.7598524208980043e+03,3.2454762499295260e+00
182347,1.7393868843104335e+03,3.2403961909927053e+00
182383,1.7393868843104335e+03,3.2403961909927053e+00
182419,1.7393868843104335e+03,3.2403961909927053e+00
182455,1.7393868843104335e+03,3.2403961909927053e+00
182491,1.7393868843104335e+03,3.2403961909927053e+00
182527,1.7393868843104335e+03,3.2403961909927053e+00
182563,1.7393868843104335e+03,3.2403961909927053e+00
182599,1.7393868843104335e+03,3.2403961909927053e+00
182635,1.7393868843104335e+03,3.2403961909927053e+00
182671,1.7393868843104335e+03,3.2403961909927053e+00
182707,1.7393868843104335e+03,3.2403961909927053e+00
182743,1.7393868843104335e+03,3.2403961909927053e+00
182779,1.7393868843104335e+03,3.2403961909927053e+00
182815,1.7280451452862635e+03,3.2375550842612757e+00
182851,1.7280451452862635e+03,3.2375550842612757e+00
182887,1.7280451452862635e+03,3.2375550842612757e+00
182923,1.7280451452862635e+03,3.2375550842612757e+00
182959,1.7280451452862635e+03,3.2375550842612757e+00
182995,1.7280451452862635e+03,3.2375550842612757e+00
183031,1.7280451452862635e+03,3.2375550842612757e+00
183067,1.7280451452862635e+03,3.2375550842612757e+00
183103,1.7280451452862635e+03,3.2375550842612757e+00
183139,1.7280451452862635e+03,3.2375550842612757e+00
183175,1.7280451452862635e+03,3.2375550842612757e+00
183211,1.7280451452862635e+03,3.2375550842612757e+00
183247,1.7280451452862635e+03,3.2375550842612757e+00
183283,1.7280451452862635e+03,3.2375550842612757e+00
183319,1.7280451452862635e+03,3.2375550842612757e+00
183355,1.7280451452862635e+03,3.2375550842612757e+00
183391,1.7280451452862635e+03,3.2375550842612757e+00
183427,1.7280451452862635e+03,3.2375550842612757e+00
183463,1.7280451452862635e+03,3.2375550842612757e+00
183499,1.7280451452862635e+03,3.2375550842612757e+00
183535,1.7280451452862635e+03,3.2375550842612757e+00
183571,1.7280451452862635e+03,3.2375550842612757e+00
183607,1.6783265633256751e+03,3.2248764683231630e+00
183643,1.6171818567639905e+03,3.2087588603196364e+00
183679,1.6171818567639905e+03,3.2087588603196364e+00
183715,1.6171818567639905e+03,3.2087588603196364e+00
183751,1.6171818567639905e+03,3.2087588603196364e+00
183787,1.6171818567639905e+03,3.2087588603196364e+00
183823,1.6171818567639905e+03,3.2087588603196364e+00
183859,1.6171818567639905e+03,3.2087588603196364e+00
183895,1.6171818567639905e+03,3.2087588603196364e+00
183931,1.6171818567639905e+03,3.2087588603196364e+00
183967,1.6171818567639905e+03,3.2087588603196364e+00
184003,1.6131904062143697e+03,3.2076856305556722e+00
184039,1.5932761254024504e+03,3.2022910484606113e+00
184075,1.5932761254024504e+03,3.2022910484606113e+00
184111,1.5932761254024504e+03,3.2022910484606113e+00
184147,1.5932761254024504e+03,3.2022910484606113e+00
184183,1.5932761254024504e+03,3.2022910484606113e+00
184219,1.5932761254024504e+03,3.2022910484606113e+00
184255,1.4864837333408566e+03,3.1721601610626795e+00
184291,1.4864837333408566e+03,3.1721601610626795e+00
184327,1.4864837333408566e+03,3.1721601610626795e+00
184363,1.4864837333408566e+03,3.1721601610626795e+00
184399,1.4864837333408566e+03,3.1721601610626795e+00
184435,1.4864837333408566e+03,3.1721601610626795e+00
184471,1.4864837333408566e+03,3.1721601610626795e+00
184507,1.4864837333408566e+03,3.1721601610626795e+00
184543,1.4864837333408566e+03,3.1721601610626795e+00
184579,1.4864837333408566e+03,3.1721601610626795e+00
184615,1.4617687420719303e+03,3.1648786708529082e+00
184651,1.4617687420719303e+03,3.1648786708529082e+00
184686,1.4617687420719303e+03,3.1648786708529082e+00
184721,1.4617687420719303e+03,3.1648786708529082e+00
184756,1.4617687420719303e+03,3.1648786708529082e+00
184791,1.4617687420719303e+03,3.1648786708529082e+00
184826,1.4617687420719303e+03,3.1648786708529082e+00
184861,1.4617687420719303e+03,3.1648786708529082e+00
184896,1.4617687420719303e+03,3.1648786708529082e+00
184931,1.4617687420719303e+03,3.1648786708529082e+00
184966,1.4617687420719303e+03,3.1648786708529082e+00
185001,1.4344470558084613e+03,3.1566845234467356e+00
185036,1.4344470558084613e+03,3.1566845234467356e+00
185071,1.4344470558084613e+03,3.1566845234467356e+00
185106,1.4344470558084613e+03,3.1566845234467356e+00
185141,1.4344470558084613e+03,3.1566845234467356e+00
185176,1.4344470558084613e+03,3.1566845234467356e+00
185211,1.4344470558084613e+03,3.1566845234467356e+00
185246,1.4344470558084613e+03,3.1566845234467356e+00
185281,1.4344470558084613e+03,3.1566845234467356e+00
185316,1.4344470558084613e+03,3.1566845234467356e+00
185351,1.4344470558084613e+03,3.1566845234467356e+00
185386,1.4344470558084613e+03,3.1566845234467356e+00
185421,1.4344470558084613e+03,3.1566845234467356e+00
185456,1.4344470558084613e+03,3.1566845234467356e+00
185491,1.4344470558084613e+03,3.1566845234467356e+00
185526,1.4344470558084613e+03,3.1566845234467356e+00
185561,1.4344470558084613e+03,3.1566845234467356e+00
185596,1.4344470558084613e+03,3.1566845234467356e+00
185631,1.4344470558084613e+03,3.1566845234467356e+00
185666,1.4344470558084613e+03,3.1566845234467356e+00
185701,1.4344470558084613e+03,3.1566845234467356e+00
185736,1.4344470558084613e+03,3.1566845234467356e+00
185771,1.4344470558084613e+03,3.1566845234467356e+00
185806,1.4344470558084613e+03,3.1566845234467356e+00
185841,1.4344470558084613e+03,3.1566845234467356e+00
185876,1.4344470558084613e+03,3.1566845234467356e+00
185911,1.4344470558084613e+03,3.1566845234467356e+00
185946,1.4344470558084613e+03,3.1566845234467356e+00
185981,1.4344470558084613e+03,3.1566845234467356e+00
186016,1.4344470558084613e+03,3.1566845234467356e+00
186051,1.4344470558084613e+03,3.1566845234467356e+00
186086,1.4344470558084613e+03,3.1566845234467356e+00
186121,1.4301883703309588e+03,3.1553932422255988e+00
186156,1.4301883703309588e+03,3.1553932422255988e+00
186191,1.4301883703309588e+03,3.1553932422255988e+00
186226,1.4301883703309588e+03,3.1553932422255988e+00
186261,1.4301883703309588e+03,3.1553932422255988e+00
186296,1.4301883703309588e+03,3.1553932422255988e+00
186331,1.4301883703309588e+03,3.1553932422255988e+00
186366,1.4301883703309588e+03,3.1553932422255988e+00
186401,1.4301883703309588e+03,3.1553932422255988e+00
186436,1.4301883703309588e+03,3.1553932422255988e+00
186471,1.4301883703309588e+03,3.1553932422255988e+00
186506,1.4301883703309588e+03,3.1553932422255988e+00
186541,1.4301883703309588e+03,3.1553932422255988e+00
186576,1.3666769331697583e+03,3.1356658644407274e+00
186611,1.3666769331697583e+03,3.1356658644407274e+00
186646,1.3666769331697583e+03,3.1356658644407274e+00
186681,1.3666769331697583e+03,3.1356658644407274e+00
186716,1.3666769331697583e+03,3.1356658644407274e+00
186751,1.3666769331697583e+03,3.1356658644407274e+00
186786,1.3666769331697583e+03,3.1356658644407274e+00
186821,1.3666769331697583e+03,3.1356658644407274e+00
186856,1.3666769331697583e+03,3.1356658644407274e+00
186891,1.3666769331697583e+03,3.1356658644407274e+00
186926,1.2501739302787028e+03,3.0969704383724550e+00
186961,1.2501739302787028e+03,3.0969704383724550e+00
186996,1.2501739302787028e+03,3.0969704383724550e+00
187031,1.2501739302787028e+03,3.0969704383724550e+00
187065,1.2501739302787028e+03,3.0969704383724550e+00
187099,1.2501739302787028e+03,3.0969704383724550e+00
187133,1.2501739302787028e+03,3.0969704383724550e+00
187167,1.2501739302787028e+03,3.0969704383724550e+00
187201,1.2501739302787028e+03,3.0969704383724550e+00
187235,1.2501739302787028e+03,3.0969704383724550e+00
187269,1.2501739302787028e+03,3.0969704383724550e+00
187303,1.2501739302787028e+03,3.0969704383724550e+00
187337,1.2501739302787028e+03,3.0969704383724550e+00
187371,1.2501739302787028e+03,3.0969704383724550e+00
187405,1.2443419891529365e+03,3.0949397562312457e+00
187439,1.2443419891529365e+03,3.0949397562312457e+00
187473,1.2443419891529365e+03,3.0949397562312457e+00
187507,1.2443419891529365e+03,3.0949397562312457e+00
187541,1.2443419891529365e+03,3.0949397562312457e+00
187575,1.2443419891529365e+03,3.0949397562312457e+00
187609,1.2443419891529365e+03,3.0949397562312457e+00
187643,1.2443419891529365e+03,3.0949397562312457e+00
187677,1.2443419891529365e+03,3.0949397562312457e+00
187711,1.2443419891529365e+03,3.0949397562312457e+00
187745,1.2443419891529365e+03,3.0949397562312457e+00
187779,1.2443419891529365e+03,3.0949397562312457e+00
187813,1.2443419891529365e+03,3.0949397562312457e+00
187847,1.2443419891529365e+03,3.0949397562312457e+00
187881,1.2337364036002218e+03,3.0912223795590026e+00
187915,1.2337364036002218e+03,3.0912223795590026e+00
187949,1.2337364036002218e+03,3.0912223795590026e+00
187983,1.2337364036002218e+03,3.0912223795590026e+00
188017,1.2337364036002218e+03,3.0912223795590026e+00
188051,1.2337364036002218e+03,3.0912223795590026e+00
188085,1.2337364036002218e+03,3.0912223795590026e+00
188119,1.2337364036002218e+03,3.0912223795590026e+00
188153,1.2261762239681325e+03,3.0885528907346571e+00
188187,1.2261762239681325e+03,3.0885528907346571e+00
188221,1.2261762239681325e+03,3.0885528907346571e+00
188255,1.2223956813133700e+03,3.0872118068851768e+00
188289,1.2118840603748408e+03,3.0834610733385830e+00
188323,1.2118840603748408e+03,3.0834610733385830e+00
188357,1.2118840603748408e+03,3.0834610733385830e+00
188391,1.2118840603748408e+03,3.0834610733385830e+00
188425,1.2118840603748408e+03,3.0834610733385830e+00
188459,1.2118840603748408e+03,3.0834610733385830e+00
188493,1.2118840603748408e+03,3.0834610733385830e+00
188527,1.2118840603748408e+03,3.0834610733385830e+00
188561,1.2118840603748408e+03,3.0834610733385830e+00
188595,1.2118840603748408e+03,3.0834610733385830e+00
188629,1.2118840603748408e+03,3.0834610733385830e+00
188663,1.2118840603748408e+03,3.0834610733385830e+00
188697,1.2118840603748408e+03,3.0834610733385830e+00
188731,1.2118840603748408e+03,3.0834610733385830e+00
188765,1.2118840603748408e+03,3.0834610733385830e+00
188799,1.2118840603748408e+03,3.0834610733385830e+00
188833,1.2118840603748408e+03,3.0834610733385830e+00
188867,1.2118840603748408e+03,3.0834610733385830e+00
188901,1.1978980080523988e+03,3.0784198427397196e+00
188935,1.1978980080523988e+03,3.0784198427397196e+00
188969,1.1978980080523988e+03,3.0784198427397196e+00
189003,1.1978980080523988e+03,3.0784198427397196e+00
189037,1.1523374696693668e+03,3.0615796837333811e+00
189071,1.1523374696693668e+03,3.0615796837333811e+00
189105,1.1523374696693668e+03,3.0615796837333811e+00
189139,1.1523374696693668e+03,3.0615796837333811e+00
189173,1.1523374696693668e+03,3.0615796837333811e+00
189207,1.1523374696693668e+03,3.0615796837333811e+00
189241,1.1523374696693668e+03,3.0615796837333811e+00
189275,1.1523374696693668e+03,3.0615796837333811e+00
189309,1.1523374696693668e+03,3.0615796837333811e+00
189343,1.1523374696693668e+03,3.0615796837333811e+00
189377,1.1523374696693668e+03,3.0615796837333811e+00
189411,1.1523374696693668e+03,3.0615796837333811e+00
189445,1.1523374696693668e+03,3.0615796837333811e+00
189479,1.1523374696693668e+03,3.0615796837333811e+00
189512,1.1523374696693668e+03,3.0615796837333811e+00
189545,1.1523374696693668e+03,3.0615796837333811e+00
189578,1.1523374696693668e+03,3.0615796837333811e+00
189611,1.1523374696693668e+03,3.0615796837333811e+00
189644,1.1523374696693668e+03,3.0615796837333811e+00
189677,1.1523374696693668e+03,3.0615796837333811e+00
189710,1.1523374696693668e+03,3.0615796837333811e+00
189743,1.1152728129671304e+03,3.0473811155221817e+00
189776,1.1152728129671304e+03,3.0473811155221817e+00
189809,1.1152728129671304e+03,3.0473811155221817e+00
189842,1.1152728129671304e+03,3.0473811155221817e+00
189875,1.1152728129671304e+03,3.0473811155221817e+00
189908,1.1152728129671304e+03,3.0473811155221817e+00
189941,1.0977225651048855e+03,3.0404925917819372e+00
189974,1.0977225651048855e+03,3.0404925917819372e+00
190007,1.0827518973264712e+03,3.0345289534249185e+00
190040,1.0827518973264712e+03,3.0345289534249185e+00
190073,1.0827518973264712e+03,3.0345289534249185e+00
190106,1.0577245856262587e+03,3.0243725991606238e+00
190139,1.0577245856262587e+03,3.0243725991606238e+00
190172,9.7849504076668836e+02,2.9905586288973214e+00
190205,9.7849504076668836e+02,2.9905586288973214e+00
190238,9.7849504076668836e+02,2.9905586288973214e+00
190271,9.7849504076668836e+02,2.9905586288973214e+00
190304,9.7849504076668836e+02,2.9905586288973214e+00
190337,9.7849504076668836e+02,2.9905586288973214e+00
190370,9.7849504076668836e+02,2.9905586288973214e+00
190403,9.7849504076668836e+02,2.9905586288973214e+00
190436,9.7849504076668836e+02,2.9905586288973214e+00
190469,9.7849504076668836e+02,2.9905586288973214e+00
190502,9.7849504076668836e+02,2.9905586288973214e+00
190535,9.7849504076668836e+02,2.9905586288973214e+00
190568,9.7849504076668836e+02,2.9905586288973214e+00
190601,9.7849504076668836e+02,2.9905586288973214e+00
190634,9.7849504076668836e+02,2.9905586288973214e+00
190667,9.7849504076668836e+02,2.9905586288973214e+00
190700,9.7849504076668836e+02,2.9905586288973214e+00
190733,9.7849504076668836e+02,2.9905586288973214e+00
190766,9.7849504076668836e+02,2.9905586288973214e+00
190799,9.7849504076668836e+02,2.9905586288973214e+00
190832,9.7849504076668836e+02,2.9905586288973214e+00
190865,9.7849504076668836e+02,2.9905586288973214e+00
190898,9.7849504076668836e+02,2.9905586288973214e+00
190931,9.7849504076668836e+02,2.9905586288973214e+00
190964,9.6333020631229101e+02,2.9837751782962063e+00
190997,9.6333020631229101e+02,2.9837751782962063e+00
191030,9.6333020631229101e+02,2.9837751782962063e+00
191063,9.6333020631229101e+02,2.9837751782962063e+00
191096,9.6333020631229101e+02,2.9837751782962063e+00
191129,9.6333020631229101e+02,2.9837751782962063e+00
191162,9.6333020631229101e+02,2.9837751782962063e+00
191195,9.6333020631229101e+02,2.9837751782962063e+00
191228,9.6333020631229101e+02,2.9837751782962063e+00
191261,9.6333020631229101e+02,2.9837751782962063e+00
191294,9.6333020631229101e+02,2.9837751782962063e+00
191327,9.6333020631229101e+02,2.9837751782962063e+00
191360,9.6333020631229101e+02,2.9837751782962063e+00
191393,9.6333020631229101e+02,2.9837751782962063e+00
191426,9.6333020631229101e+02,2.9837751782962063e+00
191459,9.6333020631229101e+02,2.9837751782962063e+00
191492,9.6333020631229101e+02,2.9837751782962063e+00
191525,9.2066687604118397e+02,2.9641025182885405e+00
191558,9.2066687604118397e+02,2.9641025182885405e+00
191591,9.2066687604118397e+02,2.9641025182885405e+00
191624,9.2066687604118397e+02,2.9641025182885405e+00
191657,9.2066687604118397e+02,2.9641025182885405e+00
191690,9.2066687604118397e+02,2.9641025182885405e+00
191723,9.2066687604118397e+02,2.9641025182885405e+00
191756,9.2066687604118397e+02,2.9641025182885405e+00
191789,9.2066687604118397e+02,2.9641025182885405e+00
191822,9.2066687604118397e+02,2.9641025182885405e+00
191855,9.2066687604118397e+02,2.9641025182885405e+00
191888,9.2066687604118397e+02,2.9641025182885405e+00
191921,9.2066687604118397e+02,2.9641025182885405e+00
191954,9.2066687604118397e+02,2.9641025182885405e+00
191987,9.1914502102334302e+02,2.9633840389828006e+00
192019,9.1914502102334302e+02,2.9633840389828006e+00
192051,9.1914502102334302e+02,2.9633840389828006e+00
192083,9.1914502102334302e+02,2.9633840389828006e+00
192115,9.1914502102334302e+02,2.9633840389828006e+00
192147,9.1914502102334302e+02,2.9633840389828006e+00
192179,9.1914502102334302e+02,2.9633840389828006e+00
192211,9.1914502102334302e+02,2.9633840389828006e+00
192243,9.1914502102334302e+02,2.9633840389828006e+00
192275,8.6979732412609997e+02,2.9394180672531425e+00
192307,8.6979732412609997e+02,2.9394180672531425e+00
192339,8.6979732412609997e+02,2.9394180672531425e+00
192371,8.6979732412609997e+02,2.9394180672531425e+00
192403,8.6979732412609997e+02,2.9394180672531425e+00
192435,8.6979732412609997e+02,2.9394180672531425e+00
192467,8.4038388905065221e+02,2.9244777179801451e+00
192499,8.4038388905065221e+02,2.9244777179801451e+00
192531,8.4038388905065221e+02,2.9244777179801451e+00
192563,8.4038388905065221e+02,2.9244777179801451e+00
192595,8.4038388905065221e+02,2.9244777179801451e+00
192627,8.4038388905065221e+02,2.9244777179801451e+00
192659,8.4038388905065221e+02,2.9244777179801451e+00
192691,8.4038388905065221e+02,2.9244777179801451e+00
192723,8.4038388905065221e+02,2.9244777179801451e+00
192755,8.4038388905065221e+02,2.9244777179801451e+00
192787,8.4038388905065221e+02,2.9244777179801451e+00
192819,8.4038388905065221e+02,2.9244777179801451e+00
192851,8.4038388905065221e+02,2.9244777179801451e+00
192883,8.4038388905065221e+02,2.9244777179801451e+00
192915,8.4038388905065221e+02,2.9244777179801451e+00
192947,8.2215973300294922e+02,2.9149562024822000e+00
192979,8.2215973300294922e+02,2.9149562024822000e+00
193011,8.2215973300294922e+02,2.9149562024822000e+00
193043,8.2215973300294922e+02,2.9149562024822000e+00
193075,8.0842614124979082e+02,2.9076403484070679e+00
193107,8.0299017899774958e+02,2.9047102336558082e+00
193139,8.0070772828496047e+02,2.9034740202585319e+00
193171,7.8874477240381043e+02,2.8969364938703177e+00
193203,7.8874477240381043e+02,2.8969364938703177e+00
193235,7.8874477240381043e+02,2.8969364938703177e+00
193267,7.8874477240381043e+02,2.8969364938703177e+00
193299,7.8874477240381043e+02,2.8969364938703177e+00
193331,7.8874477240381043e+02,2.8969364938703177e+00
193363,7.8874477240381043e+02,2.8969364938703177e+00
193395,7.8874477240381043e+02,2.8969364938703177e+00
193427,7.8135917815177049e+02,2.8928507179118856e+00
193459,7.8135917815177049e+02,2.8928507179118856e+00
193491,7.8135917815177049e+02,2.8928507179118856e+00
193523,7.8135917815177049e+02,2.8928507179118856e+00
193555,7.8135917815177049e+02,2.8928507179118856e+00
193587,7.7497604008698897e+02,2.8892882756432630e+00
193619,7.2053428738966215e+02,2.8576546520061159e+00
193651,7.2053428738966215e+02,2.8576546520061159e+00
193683,7.2053428738966215e+02,2.8576546520061159e+00
193715,7.2053428738966215e+02,2.8576546520061159e+00
193747,7.2053428738966215e+02,2.8576546520061159e+00
193779,7.2053428738966215e+02,2.8576546520061159e+00
193811,7.2053428738966215e+02,2.8576546520061159e+00
193843,7.2053428738966215e+02,2.8576546520061159e+00
193875,7.2053428738966215e+02,2.8576546520061159e+00
193907,7.2053428738966215e+02,2.8576546520061159e+00
193939,7.1414841660415107e+02,2.8537884776220603e+00
193971,7.1414841660415107e+02,2.8537884776220603e+00
194003,7.1414841660415107e+02,2.8537884776220603e+00
194035,7.1414841660415107e+02,2.8537884776220603e+00
194067,6.8003397973125209e+02,2.8325306139431206e+00
194099,6.8003397973125209e+02,2.8325306139431206e+00
194131,6.8003397973125209e+02,2.8325306139431206e+00
194163,6.8003397973125209e+02,2.8325306139431206e+00
194195,6.8003397973125209e+02,2.8325306139431206e+00
194227,6.8003397973125209e+02,2.8325306139431206e+00
194259,6.8003397973125209e+02,2.8325306139431206e+00
194291,6.8003397973125209e+02,2.8325306139431206e+00
194323,6.8003397973125209e+02,2.8325306139431206e+00
194355,6.8003397973125209e+02,2.8325306139431206e+00
194387,6.7697717597379938e+02,2.8305740268598454e+00
194419,6.7697717597379938e+02,2.8305740268598454e+00
194451,6.7697717597379938e+02,2.8305740268598454e+00
194483,6.7697717597379938e+02,2.8305740268598454e+00
194515,6.7697717597379938e+02,2.8305740268598454e+00
194547,6.7697717597379938e+02,2.8305740268598454e+00
194578,6.7697717597379938e+02,2.8305740268598454e+00
194609,6.7697717597379938e+02,2.8305740268598454e+00
194640,6.7697717597379938e+02,2.8305740268598454e+00
194671,6.7697717597379938e+02,2.8305740268598454e+00
194702,6.4928114989132098e+02,2.8124327944990957e+00
194733,6.4928114989132098e+02,2.8124327944990957e+00
194764,6.4928114989132098e+02,2.8124327944990957e+00
194795,6.4928114989132098e+02,2.8124327944990957e+00
194826,6.4928114989132098e+02,2.8124327944990957e+00
194857,6.4928114989132098e+02,2.8124327944990957e+00
194888,6.4928114989132098e+02,2.8124327944990957e+00
194919,6.4928114989132098e+02,2.8124327944990957e+00
194950,6.4928114989132098e+02,2.8124327944990957e+00
194981,6.0456532760888911e+02,2.7814432363583022e+00
195012,5.9784380323512357e+02,2.7765877320588541e+00
195043,5.9784380323512357e+02,2.7765877320588541e+00
195074,5.9784380323512357e+02,2.7765877320588541e+00
195105,5.9442015047686482e+02,2.7740935233174207e+00
195136,5.9442015047686482e+02,2.7740935233174207e+00
195167,5.9442015047686482e+02,2.7740935233174207e+00
195198,5.8611669448418650e+02,2.7679840916581981e+00
195229,5.8611669448418650e+02,2.7679840916581981e+00
195260,5.8611669448418650e+02,2.7679840916581981e+00
195291,5.8611669448418650e+02,2.7679840916581981e+00
195322,5.8611669448418650e+02,2.7679840916581981e+00
195353,5.8611669448418650e+02,2.7679840916581981e+00
195384,5.8611669448418650e+02,2.7679840916581981e+00
195415,5.8611669448418650e+02,2.7679840916581981e+00
195446,5.6723143803160679e+02,2.7537602930235332e+00
195477,5.6723143803160679e+02,2.7537602930235332e+00
195508,5.6723143803160679e+02,2.7537602930235332e+00
195539,5.6723143803160679e+02,2.7537602930235332e+00
195570,5.6723143803160679e+02,2.7537602930235332e+00
195601,5.6723143803160679e+02,2.7537602930235332e+00
195632,5.6723143803160679e+02,2.7537602930235332e+00
195663,5.5329878285352743e+02,2.7429597148543512e+00
195694,5.5329878285352743e+02,2.7429597148543512e+00
195725,5.5329878285352743e+02,2.7429597148543512e+00
195756,5.5329878285352743e+02,2.7429597148543512e+00
195787,5.5329878285352743e+02,2.7429597148543512e+00
195818,5.5329878285352743e+02,2.7429597148543512e+00
195849,5.5329878285352743e+02,2.7429597148543512e+00
195880,5.5329878285352743e+02,2.7429597148543512e+00
195911,5.5329878285352743e+02,2.7429597148543512e+00
195942,5.5329878285352743e+02,2.7429597148543512e+00
195973,5.4690312778761916e+02,2.7379104071505012e+00
196004,5.2729608786733365e+02,2.7220545492113577e+00
196035,5.2729608786733365e+02,2.7220545492113577e+00
196066,5.1927363867672716e+02,2.7153962758632519e+00
196097,5.1927363867672716e+02,2.7153962758632519e+00
196128,5.1927363867672716e+02,2.7153962758632519e+00
196159,5.1927363867672716e+02,2.7153962758632519e+00
196190,5.1927363867672716e+02,2.7153962758632519e+00
196221,5.1927363867672716e+02,2.7153962758632519e+00
196252,5.1927363867672716e+02,2.7153962758632519e+00
196283,5.1927363867672716e+02,2.7153962758632519e+00
196314,5.1763273285858781e+02,2.7140217314364987e+00
196345,5.1763273285858781e+02,2.7140217314364987e+00
196376,5.1763273285858781e+02,2.7140217314364987e+00
196407,5.1763273285858781e+02,2.7140217314364987e+00
196438,5.1763273285858781e+02,2.7140217314364987e+00
196469,5.0914162344771660e+02,2.7068386030179519e+00
196500,5.0914162344771660e+02,2.7068386030179519e+00
196531,5.0914162344771660e+02,2.7068386030179519e+00
196562,5.0914162344771660e+02,2.7068386030179519e+00
196593,5.0914162344771660e+02,2.7068386030179519e+00
196624,5.0914162344771660e+02,2.7068386030179519e+00
196655,5.0914162344771660e+02,2.7068386030179519e+00
196686,5.0869536049114879e+02,2.7064577767068783e+00
196717,5.0869536049114879e+02,2.7064577767068783e+00
196748,5.0869536049114879e+02,2.7064577767068783e+00
196779,5.0869536049114879e+02,2.7064577767068783e+00
196810,5.0869536049114879e+02,2.7064577767068783e+00
196841,5.0869536049114879e+02,2.7064577767068783e+00
196872,5.0869536049114879e+02,2.7064577767068783e+00
196903,5.0869536049114879e+02,2.7064577767068783e+00
196934,5.0869536049114879e+02,2.7064577767068783e+00
196965,5.0869536049114879e+02,2.7064577767068783e+00
196996,5.0869536049114879e+02,2.7064577767068783e+00
197027,5.0869536049114879e+02,2.7064577767068783e+00
197058,5.0869536049114879e+02,2.7064577767068783e+00
197089,5.0869536049114879e+02,2.7064577767068783e+00
197120,5.0869536049114879e+02,2.7064577767068783e+00
197151,5.0869536049114879e+02,2.7064577767068783e+00
197181,5.0869536049114879e+02,2.7064577767068783e+00
197211,5.0869536049114879e+02,2.7064577767068783e+00
197241,5.0134153130370532e+02,2.7001336832065443e+00
197271,5.0134153130370532e+02,2.7001336832065443e+00
197301,5.0134153130370532e+02,2.7001336832065443e+00
197331,5.0134153130370532e+02,2.7001336832065443e+00
197361,5.0134153130370532e+02,2.7001336832065443e+00
197391,5.0134153130370532e+02,2.7001336832065443e+00
197421,5.0134153130370532e+02,2.7001336832065443e+00
197451,5.0134153130370532e+02,2.7001336832065443e+00
197481,5.0134153130370532e+02,2.7001336832065443e+00
197511,5.0134153130370532e+02,2.7001336832065443e+00
197541,5.0134153130370532e+02,2.7001336832065443e+00
197571,5.0134153130370532e+02,2.7001336832065443e+00
197601,5.0134153130370532e+02,2.7001336832065443e+00
197631,4.7179804031916711e+02,2.6737561326488994e+00
197661,4.7179804031916711e+02,2.6737561326488994e+00
197691,4.7031883454251681e+02,2.6723923709937889e+00
197721,4.7031883454251681e+02,2.6723923709937889e+00
197751,4.7031883454251681e+02,2.6723923709937889e+00
197781,4.7031883454251681e+02,2.6723923709937889e+00
197811,4.7031883454251681e+02,2.6723923709937889e+00
197841,4.7031883454251681e+02,2.6723923709937889e+00
197871,4.7031883454251681e+02,2.6723923709937889e+00
197901,4.7031883454251681e+02,2.6723923709937889e+00
197931,4.7031883454251681e+02,2.6723923709937889e+00
197961,4.7031883454251681e+02,2.6723923709937889e+00
197991,4.7031883454251681e+02,2.6723923709937889e+00
198021,4.7031883454251681e+02,2.6723923709937889e+00
198051,4.7031883454251681e+02,2.6723923709937889e+00
198081,4.7031883454251681e+02,2.6723923709937889e+00
198111,4.7031883454251681e+02,2.6723923709937889e+00
198141,4.7031883454251681e+02,2.6723923709937889e+00
198171,4.5334027987829478e+02,2.6564243084072419e+00
198201,4.5334027987829478e+02,2.6564243084072419e+00
198231,4.5334027987829478e+02,2.6564243084072419e+00
198261,4.5334027987829478e+02,2.6564243084072419e+00
198291,4.5334027987829478e+02,2.6564243084072419e+00
198321,4.5334027987829478e+02,2.6564243084072419e+00
198351,4.5334027987829478e+02,2.6564243084072419e+00
198381,4.5334027987829478e+02,2.6564243084072419e+00
198411,4.5334027987829478e+02,2.6564243084072419e+00
198441,4.5334027987829478e+02,2.6564243084072419e+00
198471,4.5123112078287949e+02,2.6543990446946806e+00
198501,4.5123112078287949e+02,2.6543990446946806e+00
198531,4.5123112078287949e+02,2.6543990446946806e+00
198561,4.5123112078287949e+02,2.6543990446946806e+00
198591,4.4832806855077519e+02,2.6515959296646265e+00
198621,4.4832806855077519e+02,2.6515959296646265e+00
198651,4.4832806855077519e+02,2.6515959296646265e+00
198681,4.4832806855077519e+02,2.6515959296646265e+00
198711,4.4832806855077519e+02,2.6515959296646265e+00
198741,4.4832806855077519e+02,2.6515959296646265e+00
198771,4.4832806855077519e+02,2.6515959296646265e+00
198801,4.4798435705466909e+02,2.6512628493475892e+00
198831,4.4798435705466909e+02,2.6512628493475892e+00
198861,4.4053043441409670e+02,2.6439759173826198e+00
198891,4.4053043441409670e+02,2.6439759173826198e+00
198921,4.4053043441409670e+02,2.6439759173826198e+00
198951,4.3963207992154980e+02,2.6430893753451365e+00
198981,4.3963207992154980e+02,2.6430893753451365e+00
199011,4.3963207992154980e+02,2.6430893753451365e+00
199041,4.1142300291863080e+02,2.6142885697149256e+00
199071,4.1142300291863080e+02,2.6142885697149256e+00
199101,4.1142300291863080e+02,2.6142885697149256e+00
199131,4.1142300291863080e+02,2.6142885697149256e+00
199161,4.1142300291863080e+02,2.6142885697149256e+00
199191,4.1142300291863080e+02,2.6142885697149256e+00
199221,4.1142300291863080e+02,2.6142885697149256e+00
199251,4.1142300291863080e+02,2.6142885697149256e+00
199281,4.1142300291863080e+02,2.6142885697149256e+00
199311,4.1142300291863080e+02,2.6142885697149256e+00
199341,4.0381990335663681e+02,2.6061877205138506e+00
199371,4.0381990335663681e+02,2.6061877205138506e+00
199401,4.0381990335663681e+02,2.6061877205138506e+00
199431,4.0381990335663681e+02,2.6061877205138506e+00
199461,3.6147152632137681e+02,2.5580740929209069e+00
199491,3.6147152632137681e+02,2.5580740929209069e+00
199521,3.6147152632137681e+02,2.5580740929209069e+00
199551,3.6147152632137681e+02,2.5580740929209069e+00
199581,3.6147152632137681e+02,2.5580740929209069e+00
199611,3.6147152632137681e+02,2.5580740929209069e+00
199641,3.6147152632137681e+02,2.5580740929209069e+00
199671,3.6147152632137681e+02,2.5580740929209069e+00
199701,3.5528190357042882e+02,2.5505730870850027e+00
199731,3.5528190357042882e+02,2.5505730870850027e+00
199761,3.5528190357042882e+02,2.5505730870850027e+00
199791,3.5528190357042882e+02,2.5505730870850027e+00
199821,3.5528190357042882e+02,2.5505730870850027e+00
199851,3.5528190357042882e+02,2.5505730870850027e+00
199881,3.5528190357042882e+02,2.5505730870850027e+00
199910,3.5528190357042882e+02,2.5505730870850027e+00
199939,3.5528190357042882e+02,2.5505730870850027e+00
199968,3.5528190357042882e+02,2.5505730870850027e+00
199997,3.5528190357042882e+02,2.5505730870850027e+00
200026,3.5528190357042882e+02,2.5505730870850027e+00
200055,3.5528190357042882e+02,2.5505730870850027e+00
200084,3.3894244847499391e+02,2.5301259624166552e+00
200113,3.3894244847499391e+02,2.5301259624166552e+00
200142,3.3894244847499391e+02,2.5301259624166552e+00
200171,3.3894244847499391e+02,2.5301259624166552e+00
200200,3.3894244847499391e+02,2.5301259624166552e+00
200229,3.3894244847499391e+02,2.5301259624166552e+00
200258,3.3894244847499391e+02,2.5301259624166552e+00
200287,3.3894244847499391e+02,2.5301259624166552e+00
200316,3.3894244847499391e+02,2.5301259624166552e+00
200345,3.3880021061285288e+02,2.5299436716349719e+00
200374,3.3880021061285288e+02,2.5299436716349719e+00
200403,3.3880021061285288e+02,2.5299436716349719e+00
200432,3.3880021061285288e+02,2.5299436716349719e+00
200461,3.2309197392024453e+02,2.5093261696380602e+00
200490,3.2309197392024453e+02,2.5093261696380602e+00
200519,3.2309197392024453e+02,2.5093261696380602e+00
200548,3.2309197392024453e+02,2.5093261696380602e+00
200577,3.2309197392024453e+02,2.5093261696380602e+00
200606,3.2309197392024453e+02,2.5093261696380602e+00
200635,3.0605166362463058e+02,2.4857947445639543e+00
200664,3.0605166362463058e+02,2.4857947445639543e+00
200693,3.0605166362463058e+02,2.4857947445639543e+00
200722,3.0605166362463058e+02,2.4857947445639543e+00
200751,2.6871452667739391e+02,2.4292911449791359e+00
200780,2.6871452667739391e+02,2.4292911449791359e+00
200809,2.6871452667739391e+02,2.4292911449791359e+00
200838,2.6871452667739391e+02,2.4292911449791359e+00
200867,2.6871452667739391e+02,2.4292911449791359e+00
200896,2.6871452667739391e+02,2.4292911449791359e+00
200925,2.6871452667739391e+02,2.4292911449791359e+00
200954,2.6871452667739391e+02,2.4292911449791359e+00
200983,2.6871452667739391e+02,2.4292911449791359e+00
201012,2.6871452667739391e+02,2.4292911449791359e+00
201041,2.6871452667739391e+02,2.4292911449791359e+00
201070,2.6871452667739391e+02,2.4292911449791359e+00
201099,2.6871452667739391e+02,2.4292911449791359e+00
201128,2.6871452667739391e+02,2.4292911449791359e+00
201157,2.6871452667739391e+02,2.4292911449791359e+00
201186,2.6871452667739391e+02,2.4292911449791359e+00
201215,2.6871452667739391e+02,2.4292911449791359e+00
201244,2.6871452667739391e+02,2.4292911449791359e+00
201273,2.6871452667739391e+02,2.4292911449791359e+00
201302,2.6871452667739391e+02,2.4292911449791359e+00
201331,2.6871452667739391e+02,2.4292911449791359e+00
201360,2.6871452667739391e+02,2.4292911449791359e+00
201389,2.6871452667739391e+02,2.4292911449791359e+00
201418,2.6871452667739391e+02,2.4292911449791359e+00
201447,2.6871452667739391e+02,2.4292911449791359e+00
201476,2.6871452667739391e+02,2.4292911449791359e+00
201505,2.6523562631036179e+02,2.4236318578580671e+00
201534,2.6445261830896970e+02,2.4223478712661706e+00
201563,2.6445261830896970e+02,2.4223478712661706e+00
201592,2.6053920196590502e+02,2.4158730785628446e+00
201621,2.5208083819309081e+02,2.4015398342393679e+00
201650,2.5208083819309081e+02,2.4015398342393679e+00
201679,2.5208083819309081e+02,2.4015398342393679e+00
201708,2.3599065488223911e+02,2.3728948054555592e+00
201737,2.3599065488223911e+02,2.3728948054555592e+00
201766,2.3599065488223911e+02,2.3728948054555592e+00
201795,2.3599065488223911e+02,2.3728948054555592e+00
201824,2.3599065488223911e+02,2.3728948054555592e+00
201853,2.3599065488223911e+02,2.3728948054555592e+00
201882,2.3599065488223911e+02,2.3728948054555592e+00
201911,2.3599065488223911e+02,2.3728948054555592e+00
201940,2.3599065488223911e+02,2.3728948054555592e+00
201969,2.3599065488223911e+02,2.3728948054555592e+00
201998,2.3144561421996809e+02,2.3644489555309560e+00
202027,2.3144561421996809e+02,2.3644489555309560e+00
202056,2.3144561421996809e+02,2.3644489555309560e+00
202085,2.3144561421996809e+02,2.3644489555309560e+00
202114,2.3144561421996809e+02,2.3644489555309560e+00
202143,2.3144561421996809e+02,2.3644489555309560e+00
202172,2.3144561421996809e+02,2.3644489555309560e+00
202201,2.3144561421996809e+02,2.3644489555309560e+00
202230,2.3144561421996809e+02,2.3644489555309560e+00
202259,2.3144561421996809e+02,2.3644489555309560e+00
202288,2.3144561421996809e+02,2.3644489555309560e+00
202317,2.3144561421996809e+02,2.3644489555309560e+00
202346,2.3144561421996809e+02,2.3644489555309560e+00
202375,2.3144561421996809e+02,2.3644489555309560e+00
202404,2.3144561421996809e+02,2.3644489555309560e+00
202433,2.1951589668375860e+02,2.3414659760225733e+00
202462,2.1361500105740791e+02,2.3296317476434893e+00
202491,2.1361500105740791e+02,2.3296317476434893e+00
202520,2.1361500105740791e+02,2.3296317476434893e+00
202549,2.1361500105740791e+02,2.3296317476434893e+00
202578,2.1361500105740791e+02,2.3296317476434893e+00
202607,2.1361500105740791e+02,2.3296317476434893e+00
202636,2.1361500105740791e+02,2.3296317476434893e+00
202665,1.9589823249559629e+02,2.2920305175625146e+00
202693,1.9589823249559629e+02,2.2920305175625146e+00
202721,1.9589823249559629e+02,2.2920305175625146e+00
202749,1.9589823249559629e+02,2.2920305175625146e+00
202777,1.9589823249559629e+02,2.2920305175625146e+00
202805,1.9589823249559629e+02,2.2920305175625146e+00
202833,1.9589823249559629e+02,2.2920305175625146e+00
202861,1.9589823249559629e+02,2.2920305175625146e+00
202889,1.9436233477474025e+02,2.2886121073784969e+00
202917,1.8787780096242790e+02,2.2738754682906865e+00
202945,1.8787780096242790e+02,2.2738754682906865e+00
202973,1.8787780096242790e+02,2.2738754682906865e+00
203001,1.8787780096242790e+02,2.2738754682906865e+00
203029,1.7942857514937435e+02,2.2538916083928671e+00
203057,1.7942857514937435e+02,2.2538916083928671e+00
203085,1.7942857514937435e+02,2.2538916083928671e+00
203113,1.7942857514937435e+02,2.2538916083928671e+00
203141,1.7942857514937435e+02,2.2538916083928671e+00
203169,1.7942857514937435e+02,2.2538916083928671e+00
203197,1.7942857514937435e+02,2.2538916083928671e+00
203225,1.7500284850811440e+02,2.2430451177222239e+00
203253,1.7500284850811440e+02,2.2430451177222239e+00
203281,1.7500284850811440e+02,2.2430451177222239e+00
203309,1.7405285244765199e+02,2.2406811450700292e+00
203337,1.7405285244765199e+02,2.2406811450700292e+00
203365,1.7405285244765199e+02,2.2406811450700292e+00
203393,1.7397338414795630e+02,2.2404828114904607e+00
203421,1.7133286597210460e+02,2.2338406796101684e+00
203449,1.7133286597210460e+02,2.2338406796101684e+00
203477,1.7133286597210460e+02,2.2338406796101684e+00
203505,1.7104490998867095e+02,2.2331101548337147e+00
203533,1.7104490998867095e+02,2.2331101548337147e+00
203561,1.7104490998867095e+02,2.2331101548337147e+00
203589,1.7104490998867095e+02,2.2331101548337147e+00
203617,1.7104490998867095e+02,2.2331101548337147e+00
203645,1.7104490998867095e+02,2.2331101548337147e+00
203673,1.7104490998867095e+02,2.2331101548337147e+00
203701,1.7104490998867095e+02,2.2331101548337147e+00
203729,1.6930130025104745e+02,2.2286602935471311e+00
203757,1.6930130025104745e+02,2.2286602935471311e+00
203785,1.6930130025104745e+02,2.2286602935471311e+00
203813,1.6049154137012829e+02,2.2054521480612519e+00
203841,1.6049154137012829e+02,2.2054521480612519e+00
203869,1.6049154137012829e+02,2.2054521480612519e+00
203897,1.6049154137012829e+02,2.2054521480612519e+00
203925,1.6049154137012829e+02,2.2054521480612519e+00
203953,1.6049154137012829e+02,2.2054521480612519e+00
203981,1.4779617407819245e+02,2.1696631918515323e+00
204009,1.4779617407819245e+02,2.1696631918515323e+00
204037,1.4779617407819245e+02,2.1696631918515323e+00
204065,1.4779617407819245e+02,2.1696631918515323e+00
204093,1.4779617407819245e+02,2.1696631918515323e+00
204121,1.4779617407819245e+02,2.1696631918515323e+00
204149,1.4779617407819245e+02,2.1696631918515323e+00
204177,1.4779617407819245e+02,2.1696631918515323e+00
204205,1.4709439132318309e+02,2.1675961134900703e+00
204233,1.4709439132318309e+02,2.1675961134900703e+00
204261,1.4709439132318309e+02,2.1675961134900703e+00
204289,1.4709439132318309e+02,2.1675961134900703e+00
204317,1.4709439132318309e+02,2.1675961134900703e+00
204345,1.4709439132318309e+02,2.1675961134900703e+00
204373,1.4709439132318309e+02,2.1675961134900703e+00
204401,1.3418854463906405e+02,2.1277154427153229e+00
204429,1.3418854463906405e+02,2.1277154427153229e+00
204457,1.3418854463906405e+02,2.1277154427153229e+00
204485,1.3418854463906405e+02,2.1277154427153229e+00
204513,1.3418854463906405e+02,2.1277154427153229e+00
204541,1.3418854463906405e+02,2.1277154427153229e+00
204569,1.3241029310578770e+02,2.1219217469261169e+00
204597,1.3241029310578770e+02,2.1219217469261169e+00
204625,1.3241029310578770e+02,2.1219217469261169e+00
204653,1.3241029310578770e+02,2.1219217469261169e+00
204681,1.3241029310578770e+02,2.1219217469261169e+00
204709,1.3241029310578770e+02,2.1219217469261169e+00
204737,1.3241029310578770e+02,2.1219217469261169e+00
204765,1.3241029310578770e+02,2.1219217469261169e+00
204793,1.3241029310578770e+02,2.1219217469261169e+00
204821,1.3241029310578770e+02,2.1219217469261169e+00
204849,1.3241029310578770e+02,2.1219217469261169e+00
204877,1.3241029310578770e+02,2.1219217469261169e+00
204905,1.3241029310578770e+02,2.1219217469261169e+00
204933,1.3241029310578770e+02,2.1219217469261169e+00
204961,1.3178389505578934e+02,2.1198623395769522e+00
204989,1.2852430184098839e+02,2.1089852534071536e+00
205017,1.2852430184098839e+02,2.1089852534071536e+00
205045,1.2852430184098839e+02,2.1089852534071536e+00
205073,1.2465885777847495e+02,2.0957231432299883e+00
205101,1.2465885777847495e+02,2.0957231432299883e+00
205129,1.2451800721915646e+02,2.0952321616358449e+00
205157,1.1968123288834920e+02,2.0780260543994720e+00
205185,1.1968123288834920e+02,2.0780260543994720e+00
205213,1.1968123288834920e+02,2.0780260543994720e+00
205241,1.1968123288834920e+02,2.0780260543994720e+00
205269,1.1968123288834920e+02,2.0780260543994720e+00
205297,1.1968123288834920e+02,2.0780260543994720e+00
205325,1.1968123288834920e+02,2.0780260543994720e+00
205353,1.1968123288834920e+02,2.0780260543994720e+00
205381,1.1968123288834920e+02,2.0780260543994720e+00
205409,1.1968123288834920e+02,2.0780260543994720e+00
205437,1.1968123288834920e+02,2.0780260543994720e+00
205465,1.1968123288834920e+02,2.0780260543994720e+00
205493,1.1968123288834920e+02,2.0780260543994720e+00
205521,1.1968123288834920e+02,2.0780260543994720e+00
205548,1.1968123288834920e+02,2.0780260543994720e+00
205575,1.1968123288834920e+02,2.0780260543994720e+00
205602,1.1812919029542580e+02,2.0723572271461372e+00
205629,1.1812919029542580e+02,2.0723572271461372e+00
205656,1.1136943160123093e+02,2.0467660031476043e+00
205683,1.1136943160123093e+02,2.0467660031476043e+00
205710,1.1136943160123093e+02,2.0467660031476043e+00
205737,1.1136943160123093e+02,2.0467660031476043e+00
205764,1.1136943160123093e+02,2.0467660031476043e+00
205791,1.1028654480101227e+02,2.0425225307981254e+00
205818,1.1028654480101227e+02,2.0425225307981254e+00
205845,1.0859359346218289e+02,2.0358042045705740e+00
205872,1.0317182029645517e+02,2.0135610930184806e+00
205899,1.0317182029645517e+02,2.0135610930184806e+00
205926,1.0317182029645517e+02,2.0135610930184806e+00
205953,1.0317182029645517e+02,2.0135610930184806e+00
205980,1.0317182029645517e+02,2.0135610930184806e+00
206007,1.0317182029645517e+02,2.0135610930184806e+00
206034,1.0235371444769891e+02,2.0101036079644992e+00
206061,9.6266552547771994e+01,1.9834754193451591e+00
206088,9.6266552547771994e+01,1.9834754193451591e+00
206115,9.6266552547771994e+01,1.9834754193451591e+00
206142,9.6266552547771994e+01,1.9834754193451591e+00
206169,9.6266552547771994e+01,1.9834754193451591e+00
206196,9.6266552547771994e+01,1.9834754193451591e+00
206223,9.6266552547771994e+01,1.9834754193451591e+00
206250,9.6266552547771994e+01,1.9834754193451591e+00
206277,9.6266552547771994e+01,1.9834754193451591e+00
206304,9.6266552547771994e+01,1.9834754193451591e+00
206331,9.6266552547771994e+01,1.9834754193451591e+00
206358,9.6266552547771994e+01,1.9834754193451591e+00
206385,9.6266552547771994e+01,1.9834754193451591e+00
206412,9.6266552547771994e+01,1.9834754193451591e+00
206439,9.6266552547771994e+01,1.9834754193451591e+00
206466,9.6266552547771994e+01,1.9834754193451591e+00
206493,9.6266552547771994e+01,1.9834754193451591e+00
206520,9.6266552547771994e+01,1.9834754193451591e+00
206547,9.6266552547771994e+01,1.9834754193451591e+00
206574,9.5908354523498929e+01,1.9818564399696137e+00
206601,9.5908354523498929e+01,1.9818564399696137e+00
206628,9.5908354523498929e+01,1.9818564399696137e+00
206655,9.5908354523498929e+01,1.9818564399696137e+00
206682,9.4912137638253000e+01,1.9773217548113509e+00
206709,9.4343214612348106e+01,1.9747106701354527e+00
206736,9.4343214612348106e+01,1.9747106701354527e+00
206763,9.4343214612348106e+01,1.9747106701354527e+00
206790,9.4343214612348106e+01,1.9747106701354527e+00
206817,9.4343214612348106e+01,1.9747106701354527e+00
206844,9.4343214612348106e+01,1.9747106701354527e+00
206871,9.2840725671995756e+01,1.9677385263779317e+00
206898,9.2840725671995756e+01,1.9677385263779317e+00
206925,9.2840725671995756e+01,1.9677385263779317e+00
206952,9.2840725671995756e+01,1.9677385263779317e+00
206979,9.2840725671995756e+01,1.9677385263779317e+00
207006,9.2840725671995756e+01,1.9677385263779317e+00
207033,9.2840725671995756e+01,1.9677385263779317e+00
207060,9.2840725671995756e+01,1.9677385263779317e+00
207087,9.2840725671995756e+01,1.9677385263779317e+00
207114,9.2840725671995756e+01,1.9677385263779317e+00
207141,9.2840725671995756e+01,1.9677385263779317e+00
207168,9.2840725671995756e+01,1.9677385263779317e+00
207195,8.9361311126430337e+01,1.9511495322068864e+00
207222,8.9361311126430337e+01,1.9511495322068864e+00
207249,8.9361311126430337e+01,1.9511495322068864e+00
207276,8.9361311126430337e+01,1.9511495322068864e+00
207303,8.9361311126430337e+01,1.9511495322068864e+00
207330,8.9361311126430337e+01,1.9511495322068864e+00
207357,8.9361311126430337e+01,1.9511495322068864e+00
207384,8.9361311126430337e+01,1.9511495322068864e+00
207411,8.8230362812081296e+01,1.9456180650927741e+00
207438,8.8230362812081296e+01,1.9456180650927741e+00
207465,8.7606247688949338e+01,1.9425350792283715e+00
207492,8.7606247688949338e+01,1.9425350792283715e+00
207519,8.7606247688949338e+01,1.9425350792283715e+00
207546,8.7606247688949338e+01,1.9425350792283715e+00
207573,8.6969917025621669e+01,1.9393690557325667e+00
207600,8.6969917025621669e+01,1.9393690557325667e+00
207627,8.6969917025621669e+01,1.9393690557325667e+00
207654,8.6969917025621669e+01,1.9393690557325667e+00
207681,8.6969917025621669e+01,1.9393690557325667e+00
207708,8.6969917025621669e+01,1.9393690557325667e+00
207735,8.6969917025621669e+01,1.9393690557325667e+00
207762,8.6969917025621669e+01,1.9393690557325667e+00
207789,8.6642273878594807e+01,1.9377298415854947e+00
207816,8.6642273878594807e+01,1.9377298415854947e+00
207843,8.6642273878594807e+01,1.9377298415854947e+00
207870,8.6642273878594807e+01,1.9377298415854947e+00
207897,8.6642273878594807e+01,1.9377298415854947e+00
207924,8.6642273878594807e+01,1.9377298415854947e+00
207951,8.6439595388383097e+01,1.9367127253444314e+00
207978,8.5572765205248203e+01,1.9323355660430177e+00
208005,8.5572765205248203e+01,1.9323355660430177e+00
208032,8.5572765205248203e+01,1.9323355660430177e+00
208059,8.5084778014543105e+01,1.9298518701245069e+00
208086,8.5084778014543105e+01,1.9298518701245069e+00
208113,8.5084778014543105e+01,1.9298518701245069e+00
208140,8.5084778014543105e+01,1.9298518701245069e+00
208167,8.5084778014543105e+01,1.9298518701245069e+00
208194,8.5084778014543105e+01,1.9298518701245069e+00
208221,8.4929494411449696e+01,1.9290585387206882e+00
208248,8.3255330770075602e+01,1.9204120505856705e+00
208275,8.3255330770075602e+01,1.9204120505856705e+00
208302,8.3255330770075602e+01,1.9204120505856705e+00
208329,8.3255330770075602e+01,1.9204120505856705e+00
208356,8.3255330770075602e+01,1.9204120505856705e+00
208383,8.0775138822067206e+01,1.9072777130791083e+00
208410,8.0775138822067206e+01,1.9072777130791083e+00
208437,8.0775138822067206e+01,1.9072777130791083e+00
208464,8.0775138822067206e+01,1.9072777130791083e+00
208491,8.0775138822067206e+01,1.9072777130791083e+00
208517,8.0775138822067206e+01,1.9072777130791083e+00
208543,8.0335003491834300e+01,1.9049048168977072e+00
208569,8.0335003491834300e+01,1.9049048168977072e+00
208595,8.0335003491834300e+01,1.9049048168977072e+00
208621,8.0335003491834300e+01,1.9049048168977072e+00
208647,7.9661760163979807e+01,1.9012498981197365e+00
208673,7.9661760163979807e+01,1.9012498981197365e+00
208699,7.9661760163979807e+01,1.9012498981197365e+00
208725,7.9661760163979807e+01,1.9012498981197365e+00
208751,7.9661760163979807e+01,1.9012498981197365e+00
208777,7.9661760163979807e+01,1.9012498981197365e+00
208803,7.9661760163979807e+01,1.9012498981197365e+00
208829,7.9373194244875037e+01,1.8996738581311243e+00
208855,7.9373194244875037e+01,1.8996738581311243e+00
208881,7.9373194244875037e+01,1.8996738581311243e+00
208907,7.8519614875035600e+01,1.8949781607947915e+00
208933,7.8519614875035600e+01,1.8949781607947915e+00
208959,7.8519614875035600e+01,1.8949781607947915e+00
208985,7.8519614875035600e+01,1.8949781607947915e+00
209011,7.8519614875035600e+01,1.8949781607947915e+00
209037,7.7373846317672246e+01,1.8885941865308671e+00
209063,7.7373846317672246e+01,1.8885941865308671e+00
209089,7.7373846317672246e+01,1.8885941865308671e+00
209115,7.7373846317672246e+01,1.8885941865308671e+00
209141,7.7373846317672246e+01,1.8885941865308671e+00
209167,7.6746668344686839e+01,1.8850595313684577e+00
209193,7.6533796956662968e+01,1.8838532598657318e+00
209219,7.3976063001921545e+01,1.8690912144889988e+00
209245,7.3976063001921545e+01,1.8690912144889988e+00
209271,7.3976063001921545e+01,1.8690912144889988e+00
209297,7.3976063001921545e+01,1.8690912144889988e+00
209323,7.3976063001921545e+01,1.8690912144889988e+00
209349,7.3976063001921545e+01,1.8690912144889988e+00
209375,7.2678029613181650e+01,1.8614031445616679e+00
209401,7.2678029613181650e+01,1.8614031445616679e+00
209427,7.1670607388346752e+01,1.8553410850093703e+00
209453,7.1670607388346752e+01,1.8553410850093703e+00
209479,7.1360958134016599e+01,1.8534606724992724e+00
209505,7.1360958134016599e+01,1.8534606724992724e+00
209531,7.1360958134016599e+01,1.8534606724992724e+00
209557,7.1360958134016599e+01,1.8534606724992724e+00
209583,6.9092006356345337e+01,1.8394278043040684e+00
209609,6.9092006356345337e+01,1.8394278043040684e+00
209635,6.9092006356345337e+01,1.8394278043040684e+00
209661,6.8039844800672398e+01,1.8327633143131292e+00
209687,6.8039844800672398e+01,1.8327633143131292e+00
209713,6.8039844800672398e+01,1.8327633143131292e+00
209739,6.4182449350530206e+01,1.8074162867563983e+00
209765,6.4182449350530206e+01,1.8074162867563983e+00
209791,6.4138953734340362e+01,1.8071218712283952e+00
209817,6.3367144385186862e+01,1.8018641362604861e+00
209843,6.3367144385186862e+01,1.8018641362604861e+00
209869,6.1512976606346342e+01,1.7889667429956730e+00
209895,6.1512976606346342e+01,1.7889667429956730e+00
209921,6.1512976606346342e+01,1.7889667429956730e+00
209947,6.1512976606346342e+01,1.7889667429956730e+00
209973,6.1437031177978668e+01,1.7884302211156824e+00
209999,5.7570008754885073e+01,1.7601962954999140e+00
210025,5.7570008754885073e+01,1.7601962954999140e+00
210051,5.6290270749426838e+01,1.7504333375694094e+00
210077,5.6290270749426838e+01,1.7504333375694094e+00
210103,5.6290270749426838e+01,1.7504333375694094e+00
210129,5.6290270749426838e+01,1.7504333375694094e+00
210155,5.6290270749426838e+01,1.7504333375694094e+00
210181,5.6290270749426838e+01,1.7504333375694094e+00
210207,5.6290270749426838e+01,1.7504333375694094e+00
210233,5.4167960804680597e+01,1.7337424865389417e+00
210259,5.4167960804680597e+01,1.7337424865389417e+00
210285,5.4167960804680597e+01,1.7337424865389417e+00
210311,5.4167960804680597e+01,1.7337424865389417e+00
210337,5.4167960804680597e+01,1.7337424865389417e+00
210363,5.4167960804680597e+01,1.7337424865389417e+00
210389,5.4167960804680597e+01,1.7337424865389417e+00
210415,5.4167960804680597e+01,1.7337424865389417e+00
210441,5.3036602382586644e+01,1.7245756946245276e+00
210467,5.3036602382586644e+01,1.7245756946245276e+00
210493,5.3036602382586644e+01,1.7245756946245276e+00
210519,5.3036602382586644e+01,1.7245756946245276e+00
210545,5.3036602382586644e+01,1.7245756946245276e+00
210571,5.3036602382586644e+01,1.7245756946245276e+00
210597,5.3036602382586644e+01,1.7245756946245276e+00
210623,5.2684609760966900e+01,1.7216837675457017e+00
210649,5.0402210436879948e+01,1.7024495832607796e+00
210675,5.0402210436879948e+01,1.7024495832607796e+00
210701,5.0402210436879948e+01,1.7024495832607796e+00
210727,4.8189336412322298e+01,1.6829509459224796e+00
210753,4.8189336412322298e+01,1.6829509459224796e+00
210779,4.8189336412322298e+01,1.6829509459224796e+00
210805,4.8189336412322298e+01,1.6829509459224796e+00
210831,4.7983470641926402e+01,1.6810916572651011e+00
210857,4.7335752596230861e+01,1.6751892864030495e+00
210883,4.7335752596230861e+01,1.6751892864030495e+00
210909,4.7335752596230861e+01,1.6751892864030495e+00
210935,4.5789715277986403e+01,1.6607679430781708e+00
210961,4.5789715277986403e+01,1.6607679430781708e+00
210987,4.5789715277986403e+01,1.6607679430781708e+00
211013,4.5789715277986403e+01,1.6607679430781708e+00
211039,4.5789715277986403e+01,1.6607679430781708e+00
211065,4.5789715277986403e+01,1.6607679430781708e+00
211091,4.5789715277986403e+01,1.6607679430781708e+00
211117,4.5789715277986403e+01,1.6607679430781708e+00
211143,4.5789715277986403e+01,1.6607679430781708e+00
211169,4.5228380892431304e+01,1.6554110409391809e+00
211195,4.5228380892431304e+01,1.6554110409391809e+00
211221,4.5228380892431304e+01,1.6554110409391809e+00
211247,4.5228380892431304e+01,1.6554110409391809e+00
211273,4.5228380892431304e+01,1.6554110409391809e+00
211299,4.1082053554182899e+01,1.6136521443935785e+00
211325,4.1082053554182899e+01,1.6136521443935785e+00
211351,4.1082053554182899e+01,1.6136521443935785e+00
211377,4.1082053554182899e+01,1.6136521443935785e+00
211403,4.1082053554182899e+01,1.6136521443935785e+00
211429,4.1082053554182899e+01,1.6136521443935785e+00
211455,4.0382271688837143e+01,1.6061907463603733e+00
211481,4.0382271688837143e+01,1.6061907463603733e+00
211507,4.0382271688837143e+01,1.6061907463603733e+00
211533,3.8064247224700239e+01,1.5805172454155121e+00
211559,3.8064247224700239e+01,1.5805172454155121e+00
211585,3.8064247224700239e+01,1.5805172454155121e+00
211610,3.8064247224700239e+01,1.5805172454155121e+00
211635,3.8064247224700239e+01,1.5805172454155121e+00
211660,3.8064247224700239e+01,1.5805172454155121e+00
211685,3.8064247224700239e+01,1.5805172454155121e+00
211710,3.8064247224700239e+01,1.5805172454155121e+00
211735,3.8064247224700239e+01,1.5805172454155121e+00
211760,3.8064247224700239e+01,1.5805172454155121e+00
211785,3.8064247224700239e+01,1.5805172454155121e+00
211810,3.8064247224700239e+01,1.5805172454155121e+00
211835,3.8064247224700239e+01,1.5805172454155121e+00
211860,3.8064247224700239e+01,1.5805172454155121e+00
211885,3.8064247224700239e+01,1.5805172454155121e+00
211910,3.8064247224700239e+01,1.5805172454155121e+00
211935,3.8064247224700239e+01,1.5805172454155121e+00
211960,3.8064247224700239e+01,1.5805172454155121e+00
211985,3.8064247224700239e+01,1.5805172454155121e+00
212010,3.7995802093910243e+01,1.5797356169284076e+00
212035,3.5572517850368101e+01,1.5511146059735574e+00
212060,3.5572517850368101e+01,1.5511146059735574e+00
212085,3.5164778643117700e+01,1.5461078879409482e+00
212110,3.5164778643117700e+01,1.5461078879409482e+00
212135,3.5164778643117700e+01,1.5461078879409482e+00
212160,3.5164778643117700e+01,1.5461078879409482e+00
212185,3.5164778643117700e+01,1.5461078879409482e+00
212210,3.5164778643117700e+01,1.5461078879409482e+00
212235,3.5164778643117700e+01,1.5461078879409482e+00
212260,3.5164778643117700e+01,1.5461078879409482e+00
212285,3.5164778643117700e+01,1.5461078879409482e+00
212310,3.3750138555398600e+01,1.5282755600921263e+00
212335,3.3165789333907242e+01,1.5206903378105134e+00
212360,3.3165789333907242e+01,1.5206903378105134e+00
212385,3.2113313101266499e+01,1.5066851136441248e+00
212410,3.2113313101266499e+01,1.5066851136441248e+00
212435,3.2113313101266499e+01,1.5066851136441248e+00
212460,3.1368082417347601e+01,1.4964879703707099e+00
212485,3.1368082417347601e+01,1.4964879703707099e+00
212510,3.1368082417347601e+01,1.4964879703707099e+00
212535,3.1359101045252899e+01,1.4963636045008593e+00
212560,3.1359101045252899e+01,1.4963636045008593e+00
212585,3.0800500032065500e+01,1.4885577671304460e+00
212610,3.0800500032065500e+01,1.4885577671304460e+00
212635,3.0800500032065500e+01,1.4885577671304460e+00
212660,3.0800500032065500e+01,1.4885577671304460e+00
212685,3.0618421707594798e+01,1.4859828002959967e+00
212710,3.0287953266192861e+01,1.4812699265110905e+00
212735,2.9638778490271299e+01,1.4718603009987103e+00
212760,2.9638778490271299e+01,1.4718603009987103e+00
212785,2.8611379125623959e+01,1.4565387921713198e+00
212810,2.8611379125623959e+01,1.4565387921713198e+00
212835,2.8611379125623959e+01,1.4565387921713198e+00
212860,2.8611379125623959e+01,1.4565387921713198e+00
212885,2.6219886519019401e+01,1.4186308077098881e+00
212910,2.6219886519019401e+01,1.4186308077098881e+00
212935,2.6219886519019401e+01,1.4186308077098881e+00
212960,2.6219886519019401e+01,1.4186308077098881e+00
212985,2.6219886519019401e+01,1.4186308077098881e+00
213010,2.6219886519019401e+01,1.4186308077098881e+00
213035,2.6219886519019401e+01,1.4186308077098881e+00
213060,2.6219886519019401e+01,1.4186308077098881e+00
213085,2.6219886519019401e+01,1.4186308077098881e+00
213110,2.5960824332151802e+01,1.4143184784681198e+00
213135,2.5960824332151802e+01,1.4143184784681198e+00
213160,2.5960824332151802e+01,1.4143184784681198e+00
213185,2.5327126079262900e+01,1.4035859123042203e+00
213210,2.5322593578486650e+01,1.4035081847236963e+00
213235,2.5322593578486650e+01,1.4035081847236963e+00
213260,2.5261483593833130e+01,1.4024588528580513e+00
213285,2.5261483593833130e+01,1.4024588528580513e+00
213310,2.5261483593833130e+01,1.4024588528580513e+00
213335,2.5261483593833130e+01,1.4024588528580513e+00
213360,2.5057675865775650e+01,1.3989407871099628e+00
213385,2.5057675865775650e+01,1.3989407871099628e+00
213410,2.5057675865775650e+01,1.3989407871099628e+00
213435,2.5057675865775650e+01,1.3989407871099628e+00
213460,2.5057675865775650e+01,1.3989407871099628e+00
213485,2.3924207988004870e+01,1.3788375693482526e+00
213510,2.3924207988004870e+01,1.3788375693482526e+00
213535,2.3687983293838698e+01,1.3745280880912973e+00
213560,2.3687983293838698e+01,1.3745280880912973e+00
213585,2.3687983293838698e+01,1.3745280880912973e+00
213610,2.3423487878934498e+01,1.3696515642543161e+00
213635,2.2851118087194148e+01,1.3589074546123903e+00
213660,2.2851118087194148e+01,1.3589074546123903e+00
213685,2.2798344248833899e+01,1.3579033071010560e+00
213710,2.2798344248833899e+01,1.3579033071010560e+00
213735,2.2798344248833899e+01,1.3579033071010560e+00
213760,2.1059977959503559e+01,1.3234579123351755e+00
213785,2.1059977959503559e+01,1.3234579123351755e+00
213810,2.1059977959503559e+01,1.3234579123351755e+00
213835,2.1059977959503559e+01,1.3234579123351755e+00
213860,2.1059977959503559e+01,1.3234579123351755e+00
213885,2.1059977959503559e+01,1.3234579123351755e+00
213910,2.0760518653410902e+01,1.3172381991523692e+00
213935,1.8560310247613359e+01,1.2685852314572170e+00
213960,1.8560310247613359e+01,1.2685852314572170e+00
213985,1.8376913762883252e+01,1.2642725773280028e+00
214010,1.8376913762883252e+01,1.2642725773280028e+00
214035,1.8376913762883252e+01,1.2642725773280028e+00
214060,1.8376913762883252e+01,1.2642725773280028e+00
214085,1.8376913762883252e+01,1.2642725773280028e+00
214110,1.8376913762883252e+01,1.2642725773280028e+00
214135,1.8376913762883252e+01,1.2642725773280028e+00
214160,1.8376913762883252e+01,1.2642725773280028e+00
214185,1.8376913762883252e+01,1.2642725773280028e+00
214210,1.8376913762883252e+01,1.2642725773280028e+00
214235,1.8376913762883252e+01,1.2642725773280028e+00
214260,1.7823204888221099e+01,1.2509857995955009e+00
214285,1.7823204888221099e+01,1.2509857995955009e+00
214310,1.7823204888221099e+01,1.2509857995955009e+00
214335,1.7823204888221099e+01,1.2509857995955009e+00
214360,1.7823204888221099e+01,1.2509857995955009e+00
214385,1.7708574631639600e+01,1.2481836061067393e+00
214410,1.6249511789275900e+01,1.2108403172897491e+00
214435,1.6249511789275900e+01,1.2108403172897491e+00
214460,1.6249511789275900e+01,1.2108403172897491e+00
214485,1.6068355298326001e+01,1.2059714261462928e+00
214510,1.5369123802946151e+01,1.1866491089836542e+00
214535,1.5369123802946151e+01,1.1866491089836542e+00
214560,1.5369123802946151e+01,1.1866491089836542e+00
214585,1.5369123802946151e+01,1.1866491089836542e+00
214610,1.5369123802946151e+01,1.1866491089836542e+00
214635,1.5369123802946151e+01,1.1866491089836542e+00
214660,1.5369123802946151e+01,1.1866491089836542e+00
214685,1.5130580367526500e+01,1.1798555866867817e+00
214710,1.5130580367526500e+01,1.1798555866867817e+00
214735,1.4837673033356101e+01,1.1713657966294422e+00
214760,1.4716059555002600e+01,1.1677915367261364e+00
214785,1.4716059555002600e+01,1.1677915367261364e+00
214809,1.4716059555002600e+01,1.1677915367261364e+00
214833,1.4716059555002600e+01,1.1677915367261364e+00
214857,1.4653638544041501e+01,1.1659454747514872e+00
214881,1.4653638544041501e+01,1.1659454747514872e+00
214905,1.3685375442959200e+01,1.1362567162926418e+00
214929,1.3685375442959200e+01,1.1362567162926418e+00
214953,1.3685375442959200e+01,1.1362567162926418e+00
214977,1.3685375442959200e+01,1.1362567162926418e+00
215001,1.3685375442959200e+01,1.1362567162926418e+00
215025,1.3685375442959200e+01,1.1362567162926418e+00
215049,1.3685375442959200e+01,1.1362567162926418e+00
215073,1.3685375442959200e+01,1.1362567162926418e+00
215097,1.3685375442959200e+01,1.1362567162926418e+00
215121,1.3206497846158870e+01,1.1207876648712871e+00
215145,1.3206497846158870e+01,1.1207876648712871e+00
215169,1.3206497846158870e+01,1.1207876648712871e+00
215193,1.3199870132948400e+01,1.1205696584163545e+00
215217,1.3199870132948400e+01,1.1205696584163545e+00
215241,1.2833920729245500e+01,1.1083593524744504e+00
215265,1.2833920729245500e+01,1.1083593524744504e+00
215289,1.2833920729245500e+01,1.1083593524744504e+00
215313,1.2833920729245500e+01,1.1083593524744504e+00
215337,1.2353345633448040e+01,1.0917845926865259e+00
215361,1.2353345633448040e+01,1.0917845926865259e+00
215385,1.2353345633448040e+01,1.0917845926865259e+00
215409,1.2099223928930501e+01,1.0827575145980888e+00
215433,1.2099223928930501e+01,1.0827575145980888e+00
215457,1.2065927360461330e+01,1.0815607064398773e+00
215481,1.2065927360461330e+01,1.0815607064398773e+00
215505,1.2065927360461330e+01,1.0815607064398773e+00
215529,1.1493885192394400e+01,1.0604668548336447e+00
215553,1.1493885192394400e+01,1.0604668548336447e+00
215577,1.1493885192394400e+01,1.0604668548336447e+00
215601,1.1296604350100001e+01,1.0529479183830730e+00
215625,1.1296604350100001e+01,1.0529479183830730e+00
215649,1.1296604350100001e+01,1.0529479183830730e+00
215673,1.1263616165277600e+01,1.0516778424246196e+00
215697,1.1263616165277600e+01,1.0516778424246196e+00
215721,1.0962555165477969e+01,1.0399117918247143e+00
215745,1.0962555165477969e+01,1.0399117918247143e+00
215769,1.0962555165477969e+01,1.0399117918247143e+00
215793,1.0839860946087599e+01,1.0350237111014284e+00
215817,1.0839860946087599e+01,1.0350237111014284e+00
215841,1.0839860946087599e+01,1.0350237111014284e+00
215865,1.0839860946087599e+01,1.0350237111014284e+00
215889,1.0839860946087599e+01,1.0350237111014284e+00
215913,1.0839860946087599e+01,1.0350237111014284e+00
215937,1.0792308866332061e+01,1.0331143659655688e+00
215961,1.0792308866332061e+01,1.0331143659655688e+00
215985,1.0792308866332061e+01,1.0331143659655688e+00
216009,1.0615637431426400e+01,1.0259460771303259e+00
216033,1.0409511009792141e+01,1.0174303288633819e+00
216057,1.0409511009792141e+01,1.0174303288633819e+00
216081,1.0409511009792141e+01,1.0174303288633819e+00
216105,1.0409511009792141e+01,1.0174303288633819e+00
216129,1.0409511009792141e+01,1.0174303288633819e+00
216153,1.0409511009792141e+01,1.0174303288633819e+00
216177,9.7221302095606497e+00,9.8776143333130195e-01
216201,9.7221302095606497e+00,9.8776143333130195e-01
216225,9.7221302095606497e+00,9.8776143333130195e-01
216249,9.7221302095606497e+00,9.8776143333130195e-01
216273,9.7221302095606497e+00,9.8776143333130195e-01
216297,9.7221302095606497e+00,9.8776143333130195e-01
216321,9.7221302095606497e+00,9.8776143333130195e-01
216345,9.7221302095606497e+00,9.8776143333130195e-01
216369,9.4787202382297000e+00,9.7674970537674688e-01
216393,8.9975421919574003e+00,9.5412389185635393e-01
216417,8.9975421919574003e+00,9.5412389185635393e-01
216441,8.9975421919574003e+00,9.5412389185635393e-01
216465,8.8878766433167993e+00,9.4879801831145716e-01
216489,8.8878766433167993e+00,9.4879801831145716e-01
216513,8.8878766433167993e+00,9.4879801831145716e-01
216537,8.7679146829426600e+00,9.4289631521562611e-01
216561,8.7679146829426600e+00,9.4289631521562611e-01
216585,8.7679146829426600e+00,9.4289631521562611e-01
216609,8.7679146829426600e+00,9.4289631521562611e-01
216633,8.3908372175036998e+00,9.2380529584680438e-01
216657,7.4077776269555002e+00,8.6968793684400791e-01
216681,7.4077776269555002e+00,8.6968793684400791e-01
216705,7.3446412340264002e+00,8.6597058652681735e-01
216729,7.3446412340264002e+00,8.6597058652681735e-01
216753,7.2310566778623997e+00,8.5920176559782691e-01
216777,7.1854440937564004e+00,8.5645361471209247e-01
216801,6.8524009296564001e+00,8.3584276533308699e-01
216825,6.5279761660707001e+00,8.1477856012036465e-01
216849,6.3954376520730998e+00,8.0587026943652873e-01
216873,6.3954376520730998e+00,8.0587026943652873e-01
216897,6.3954376520730998e+00,8.0587026943652873e-01
216921,6.3807237326037702e+00,8.0486994129954181e-01
216945,5.8369404102626996e+00,7.6618525958972306e-01
216969,5.8369404102626996e+00,7.6618525958972306e-01
216993,5.8369404102626996e+00,7.6618525958972306e-01
217017,5.8369404102626996e+00,7.6618525958972306e-01
217041,5.8369404102626996e+00,7.6618525958972306e-01
217065,5.8369404102626996e+00,7.6618525958972306e-01
217089,5.6927552015245997e+00,7.5532250878733020e-01
217113,5.6927552015245997e+00,7.5532250878733020e-01
217137,5.5088649970798498e+00,7.4106212947230921e-01
217161,5.5088649970798498e+00,7.4106212947230921e-01
217185,5.4925555670276998e+00,7.3977445928056496e-01
217209,5.4925555670276998e+00,7.3977445928056496e-01
217233,5.4925555670276998e+00,7.3977445928056496e-01
217257,5.4925555670276998e+00,7.3977445928056496e-01
217281,5.3945932177823002e+00,7.3195870204339453e-01
217305,4.9636348347765402e+00,6.9579982377855687e-01
217329,4.9636348347765402e+00,6.9579982377855687e-01
217353,4.9636348347765402e+00,6.9579982377855687e-01
217377,4.9573879194984398e+00,6.9525290411917506e-01
217401,4.9573879194984398e+00,6.9525290411917506e-01
217425,4.8210734409363498e+00,6.8314374727858218e-01
217449,4.8210734409363498e+00,6.8314374727858218e-01
217473,4.6147380089267402e+00,6.6414704999742424e-01
217497,4.5531536254307001e+00,6.5831230384459694e-01
217521,4.4440967313848301e+00,6.4778350334026469e-01
217545,4.3607361509098004e+00,6.3955981020691077e-01
217569,4.3607361509098004e+00,6.3955981020691077e-01
217593,4.2258327571790000e+00,6.2591230528810127e-01
217617,4.2258327571790000e+00,6.2591230528810127e-01
217641,4.2258327571790000e+00,6.2591230528810127e-01
217665,4.2258327571790000e+00,6.2591230528810127e-01
217689,4.2258327571790000e+00,6.2591230528810127e-01
217713,4.0922797473675701e+00,6.1196531433273238e-01
217737,4.0922797473675701e+00,6.1196531433273238e-01
217761,4.0646156064248702e+00,6.0901948033546793e-01
217785,3.6516245648996000e+00,5.6248611996468689e-01
217809,3.6516245648996000e+00,5.6248611996468689e-01
217833,3.6516245648996000e+00,5.6248611996468689e-01
217857,3.6516245648996000e+00,5.6248611996468689e-01
217881,3.6516245648996000e+00,5.6248611996468689e-01
217905,3.6093056752693502e+00,5.5742366439840629e-01
217929,3.5819612341153402e+00,5.5412088137317561e-01
217953,3.5819612341153402e+00,5.5412088137317561e-01
217977,3.4378608000631599e+00,5.3628828800306116e-01
218001,3.4378608000631599e+00,5.3628828800306116e-01
218025,3.4378608000631599e+00,5.3628828800306116e-01
218049,3.4378608000631599e+00,5.3628828800306116e-01
218073,3.4378608000631599e+00,5.3628828800306116e-01
218097,3.4378608000631599e+00,5.3628828800306116e-01
218121,3.4378608000631599e+00,5.3628828800306116e-01
218144,3.4057002827902001e+00,5.3220642540645280e-01
218167,3.4057002827902001e+00,5.3220642540645280e-01
218190,3.3327987545746001e+00,5.2280909031326017e-01
218213,3.1514155108741999e+00,4.9850566822730685e-01
218236,3.1514155108741999e+00,4.9850566822730685e-01
218259,3.1314162437193400e+00,4.9574080007789106e-01
218282,3.1314162437193400e+00,4.9574080007789106e-01
218305,3.1314162437193400e+00,4.9574080007789106e-01
218328,3.1314162437193400e+00,4.9574080007789106e-01
218351,3.0990650381824998e+00,4.9123069060758978e-01
218374,2.9480785963458498e+00,4.6953905771628363e-01
218397,2.9480785963458498e+00,4.6953905771628363e-01
218420,2.9480785963458498e+00,4.6953905771628363e-01
218443,2.9480785963458498e+00,4.6953905771628363e-01
218466,2.9480785963458498e+00,4.6953905771628363e-01
218489,2.6793813663369401e+00,4.2803453276017772e-01
218512,2.6793813663369401e+00,4.2803453276017772e-01
218535,2.6793813663369401e+00,4.2803453276017772e-01
218558,2.6793813663369401e+00,4.2803453276017772e-01
218581,2.6793813663369401e+00,4.2803453276017772e-01
218604,2.6793813663369401e+00,4.2803453276017772e-01
218627,2.6793813663369401e+00,4.2803453276017772e-01
218650,2.5862635571135000e+00,4.1267278023798698e-01
218673,2.5038385420965001e+00,3.9860632033019544e-01
218696,2.5038385420965001e+00,3.9860632033019544e-01
218719,2.4641691619829000e+00,3.9167051826267490e-01
218742,2.4476040838265001e+00,3.8874116914539658e-01
218765,2.4476040838265001e+00,3.8874116914539658e-01
218788,2.4476040838265001e+00,3.8874116914539658e-01
218811,2.4476040838265001e+00,3.8874116914539658e-01
218834,2.2388502981306999e+00,3.5002505522738236e-01
218857,2.2388502981306999e+00,3.5002505522738236e-01
218880,2.2388502981306999e+00,3.5002505522738236e-01
218903,2.2388502981306999e+00,3.5002505522738236e-01
218926,2.2388502981306999e+00,3.5002505522738236e-01
218949,2.2388502981306999e+00,3.5002505522738236e-01
218972,2.2388502981306999e+00,3.5002505522738236e-01
218995,2.2388502981306999e+00,3.5002505522738236e-01
219018,2.2388502981306999e+00,3.5002505522738236e-01
219041,2.2388502981306999e+00,3.5002505522738236e-01
219064,2.2388502981306999e+00,3.5002505522738236e-01
219087,2.2388502981306999e+00,3.5002505522738236e-01
219110,2.2388502981306999e+00,3.5002505522738236e-01
219133,2.2388502981306999e+00,3.5002505522738236e-01
219156,2.2388502981306999e+00,3.5002505522738236e-01
219179,2.2388502981306999e+00,3.5002505522738236e-01
219202,2.2388502981306999e+00,3.5002505522738236e-01
219225,2.2388502981306999e+00,3.5002505522738236e-01
219248,2.2370105999548300e+00,3.4966804198263074e-01
219271,2.2370105999548300e+00,3.4966804198263074e-01
219294,2.2370105999548300e+00,3.4966804198263074e-01
219317,2.2325138305004701e+00,3.4879415803826863e-01
219340,2.1831264163833501e+00,3.3907888474629050e-01
219363,2.1831264163833501e+00,3.3907888474629050e-01
219386,2.1831264163833501e+00,3.3907888474629050e-01
219409,2.1831264163833501e+00,3.3907888474629050e-01
219432,2.1831264163833501e+00,3.3907888474629050e-01
219455,2.1831264163833501e+00,3.3907888474629050e-01
219478,2.1831264163833501e+00,3.3907888474629050e-01
219501,2.1831264163833501e+00,3.3907888474629050e-01
219524,2.1243002747363602e+00,3.2721590527379596e-01
219547,2.1033625322559701e+00,3.2291413345139414e-01
219570,2.1033625322559701e+00,3.2291413345139414e-01
219593,2.0973352383994701e+00,3.2166785371315154e-01
219616,2.0557883497079401e+00,3.1297840055405823e-01
219639,2.0557883497079401e+00,3.1297840055405823e-01
219662,2.0550217366993002e+00,3.1281641992431908e-01
219685,2.0138260260141601e+00,3.0402194923369574e-01
219708,2.0138260260141601e+00,3.0402194923369574e-01
219731,2.0016909897452999e+00,3.0139703427887299e-01
219754,1.9964917909456401e+00,3.0026752882820779e-01
219777,1.9964917909456401e+00,3.0026752882820779e-01
219800,1.9964917909456401e+00,3.0026752882820779e-01
219823,1.9964917909456401e+00,3.0026752882820779e-01
219846,1.9964917909456401e+00,3.0026752882820779e-01
219869,1.8840965800087599e+00,2.7510316124337963e-01
219892,1.8840965800087599e+00,2.7510316124337963e-01
219915,1.8840965800087599e+00,2.7510316124337963e-01
219938,1.8840965800087599e+00,2.7510316124337963e-01
219961,1.8446035675611001e+00,2.6590304425112282e-01
219984,1.8446035675611001e+00,2.6590304425112282e-01
220007,1.8386123604147000e+00,2.6449017541620184e-01
220030,1.8343391396145401e+00,2.6347963277724595e-01
220053,1.8343391396145401e+00,2.6347963277724595e-01
220076,1.8343391396145401e+00,2.6347963277724595e-01
220099,1.8290985247185001e+00,2.6223709945626561e-01
220122,1.7945846732663400e+00,2.5396395431862928e-01
220145,1.7945846732663400e+00,2.5396395431862928e-01
220168,1.7945846732663400e+00,2.5396395431862928e-01
220191,1.7719534643082400e+00,2.4845231209983309e-01
220214,1.7719534643082400e+00,2.4845231209983309e-01
220237,1.7719534643082400e+00,2.4845231209983309e-01
220260,1.7719534643082400e+00,2.4845231209983309e-01
220283,1.7719534643082400e+00,2.4845231209983309e-01
220306,1.7719534643082400e+00,2.4845231209983309e-01
220329,1.7719534643082400e+00,2.4845231209983309e-01
220352,1.7445332930993001e+00,2.4167926204514481e-01
220375,1.6665705975345000e+00,2.2182371551845947e-01
220398,1.6665705975345000e+00,2.2182371551845947e-01
220421,1.6665705975345000e+00,2.2182371551845947e-01
220444,1.6471459489218001e+00,2.1673208247462414e-01
220467,1.6471459489218001e+00,2.1673208247462414e-01
220490,1.6471459489218001e+00,2.1673208247462414e-01
220513,1.6350792127503000e+00,2.1353879725748526e-01
220536,1.5214140791595001e+00,1.8224743089690817e-01
220559,1.5214140791595001e+00,1.8224743089690817e-01
220582,1.4801343610270701e+00,1.7030114080310624e-01
220605,1.4020271807363001e+00,1.4675643326641988e-01
220628,1.4020271807363001e+00,1.4675643326641988e-01
220651,1.4020271807363001e+00,1.4675643326641988e-01
220674,1.3957206072352999e+00,1.4479849072276957e-01
220697,1.3801288709462400e+00,1.3991964098653831e-01
220720,1.3801288709462400e+00,1.3991964098653831e-01
220743,1.3801288709462400e+00,1.3991964098653831e-01
220766,1.3801288709462400e+00,1.3991964098653831e-01
220789,1.3548962835920400e+00,1.3190605152950979e-01
220812,1.3548962835920400e+00,1.3190605152950979e-01
220835,1.3312562909198400e+00,1.2426167306849724e-01
220858,1.3312562909198400e+00,1.2426167306849724e-01
220881,1.3312562909198400e+00,1.2426167306849724e-01
220904,1.3312562909198400e+00,1.2426167306849724e-01
220927,1.2370120100663999e+00,9.2373916185502433e-02
220950,1.2370120100663999e+00,9.2373916185502433e-02
220973,1.2370120100663999e+00,9.2373916185502433e-02
220996,1.2370120100663999e+00,9.2373916185502433e-02
221019,1.2370120100663999e+00,9.2373916185502433e-02
221042,1.2370120100663999e+00,9.2373916185502433e-02
221065,1.2370120100663999e+00,9.2373916185502433e-02
221088,1.2292364142084999e+00,8.9635417070487930e-02
221111,1.2292364142084999e+00,8.9635417070487930e-02
221134,1.2292364142084999e+00,8.9635417070487930e-02
221157,1.2292364142084999e+00,8.9635417070487930e-02
221180,1.2292364142084999e+00,8.9635417070487930e-02
221203,1.2292364142084999e+00,8.9635417070487930e-02
221226,1.2292364142084999e+00,8.9635417070487930e-02
221249,1.2292364142084999e+00,8.9635417070487930e-02
221272,1.2292364142084999e+00,8.9635417070487930e-02
221295,1.2292364142084999e+00,8.9635417070487930e-02
221318,1.2292364142084999e+00,8.9635417070487930e-02
221341,1.2106164201735501e+00,8.3006560161699744e-02
221364,1.1351946506242701e+00,5.5070335929126052e-02
221387,1.1351946506242701e+00,5.5070335929126052e-02
221410,1.1351946506242701e+00,5.5070335929126052e-02
221433,1.1351946506242701e+00,5.5070335929126052e-02
221456,1.1351946506242701e+00,5.5070335929126052e-02
221479,1.1351946506242701e+00,5.5070335929126052e-02
221502,1.1102084787916999e+00,4.5404539766142137e-02
221525,1.0994243154768999e+00,4.1165337833154861e-02
221548,1.0994243154768999e+00,4.1165337833154861e-02
221571,1.0994243154768999e+00,4.1165337833154861e-02
221594,1.0994243154768999e+00,4.1165337833154861e-02
221617,1.0994243154768999e+00,4.1165337833154861e-02
221639,1.0473433627488500e+00,2.0089084831166906e-02
221661,1.0151898844356999e+00,6.5472817071725474e-03
221683,1.0151898844356999e+00,6.5472817071725474e-03
221705,1.0151898844356999e+00,6.5472817071725474e-03
221727,1.0139705798453600e+00,6.0253542121334247e-03
221749,1.0139705798453600e+00,6.0253542121334247e-03
221771,1.0139705798453600e+00,6.0253542121334247e-03
221793,1.0100812448365000e+00,4.3563072134481743e-03
221815,9.8779007475790004e-01,-5.3353419115946803e-03
221837,9.7096439322280004e-01,-1.2796696055325877e-02
221859,9.6817513426527002e-01,-1.4046075578683204e-02
221881,9.5533604225930002e-01,-1.9843837182484118e-02
221903,9.5374828287555002e-01,-2.0566230938341940e-02
221925,9.3308687287360004e-01,-3.0077920397905904e-02
221947,9.2891205206563998e-01,-3.2025402379518536e-02
221969,9.2755686475230004e-01,-3.2659456062117682e-02
221991,9.2755686475230004e-01,-3.2659456062117682e-02
222013,9.2755686475230004e-01,-3.2659456062117682e-02
222035,9.2359150876222995e-01,-3.4520068516511147e-02
222057,9.1880350445296999e-01,-3.6777357010223929e-02
222079,8.9781722110030004e-01,-4.6812068619034856e-02
222101,8.9781722110030004e-01,-4.6812068619034856e-02
222123,8.9466347692640003e-01,-4.8340291608400206e-02
222145,8.9073939709219996e-01,-5.0249338566344601e-02
222167,8.6127294457869996e-01,-6.4859195190342264e-02
222189,8.6127294457869996e-01,-6.4859195190342264e-02
222211,8.6127294457869996e-01,-6.4859195190342264e-02
222233,8.6127294457869996e-01,-6.4859195190342264e-02
222255,8.6127294457869996e-01,-6.4859195190342264e-02
222277,8.6127294457869996e-01,-6.4859195190342264e-02
222299,8.6127294457869996e-01,-6.4859195190342264e-02
222321,8.5308428436859995e-01,-6.9008058600481037e-02
222343,8.5308428436859995e-01,-6.9008058600481037e-02
222365,8.5308428436859995e-01,-6.9008058600481037e-02
222387,8.4705636446823995e-01,-7.2087690067066765e-02
222409,8.4705636446823995e-01,-7.2087690067066765e-02
222431,8.3591200828647005e-01,-7.7839435870637644e-02
222453,8.3591200828647005e-01,-7.7839435870637644e-02
222475,8.3244191562903003e-01,-7.9646060046087125e-02
222497,8.3244191562903003e-01,-7.9646060046087125e-02
222519,8.3244191562903003e-01,-7.9646060046087125e-02
222541,8.3244191562903003e-01,-7.9646060046087125e-02
222563,8.3244191562903003e-01,-7.9646060046087125e-02
222585,8.3244191562903003e-01,-7.9646060046087125e-02
222607,8.2668227096110003e-01,-8.2661376157551023e-02
222629,8.2591098137850005e-01,-8.3066759434433618e-02
222651,8.2348674872579997e-01,-8.4343384960002710e-02
222673,8.1428398330394003e-01,-8.9224107551664211e-02
222695,8.1428398330394003e-01,-8.9224107551664211e-02
222717,8.1428398330394003e-01,-8.9224107551664211e-02
222739,8.1428398330394003e-01,-8.9224107551664211e-02
222761,8.1428398330394003e-01,-8.9224107551664211e-02
222783,8.1428398330394003e-01,-8.9224107551664211e-02
222805,8.1428398330394003e-01,-8.9224107551664211e-02
222827,8.0566576730579997e-01,-9.3845089112607416e-02
222849,7.9605511236207005e-01,-9.9056864214365298e-02
222871,7.7642531712469998e-01,-1.0990031188710998e-01
222893,7.7642531712469998e-01,-1.0990031188710998e-01
222915,7.7642531712469998e-01,-1.0990031188710998e-01
222937,7.6262075908950000e-01,-1.1769137709104861e-01
222959,7.5537008899504998e-01,-1.2184021628051658e-01
222981,7.3876113488966999e-01,-1.3149596020923790e-01
223003,7.3317637235243005e-01,-1.3479153923941939e-01
223025,7.3317637235243005e-01,-1.3479153923941939e-01
223047,7.3317637235243005e-01,-1.3479153923941939e-01
223069,7.3317637235243005e-01,-1.3479153923941939e-01
223091,7.2600602022020000e-01,-1.3905977800848421e-01
223113,6.9992287764216998e-01,-1.5494981092811400e-01
223135,6.9992287764216998e-01,-1.5494981092811400e-01
223157,6.9992287764216998e-01,-1.5494981092811400e-01
223179,6.9992287764216998e-01,-1.5494981092811400e-01
223201,6.9992287764216998e-01,-1.5494981092811400e-01
223223,6.1316631191755000e-01,-2.1242171381475375e-01
223245,6.1316631191755000e-01,-2.1242171381475375e-01
223267,5.8198090551040005e-01,-2.3509126409152900e-01
223289,5.8198090551040005e-01,-2.3509126409152900e-01
223311,5.6988190348739998e-01,-2.4421513376199441e-01
223333,5.6988190348739998e-01,-2.4421513376199441e-01
223355,5.6988190348739998e-01,-2.4421513376199441e-01
223377,5.6988190348739998e-01,-2.4421513376199441e-01
223399,5.6988190348739998e-01,-2.4421513376199441e-01
223421,5.6988190348739998e-01,-2.4421513376199441e-01
223443,5.6655214091660000e-01,-2.4676011497919098e-01
223465,5.6655214091660000e-01,-2.4676011497919098e-01
223487,5.6655214091660000e-01,-2.4676011497919098e-01
223509,5.6655214091660000e-01,-2.4676011497919098e-01
223531,5.6655214091660000e-01,-2.4676011497919098e-01
223553,5.6655214091660000e-01,-2.4676011497919098e-01
223575,5.6655214091660000e-01,-2.4676011497919098e-01
223597,5.6415845572854995e-01,-2.4859889817382225e-01
223619,5.6415845572854995e-01,-2.4859889817382225e-01
223641,5.6415845572854995e-01,-2.4859889817382225e-01
223663,5.6415845572854995e-01,-2.4859889817382225e-01
223685,5.6307059311575003e-01,-2.4943715349907125e-01
223707,5.6307059311575003e-01,-2.4943715349907125e-01
223729,5.4877688503220001e-01,-2.6060418978377825e-01
223751,5.4877688503220001e-01,-2.6060418978377825e-01
223773,5.4877688503220001e-01,-2.6060418978377825e-01
223795,5.3663790125519995e-01,-2.7031865755915274e-01
223817,5.3663790125519995e-01,-2.7031865755915274e-01
223839,5.3663790125519995e-01,-2.7031865755915274e-01
223861,5.2298240227753001e-01,-2.8151292436856390e-01
223883,5.2063752356549997e-01,-2.8346453447847647e-01
223905,5.2063752356549997e-01,-2.8346453447847647e-01
223927,5.2063752356549997e-01,-2.8346453447847647e-01
223949,4.8568853928333000e-01,-3.1364214438517379e-01
223971,4.8568853928333000e-01,-3.1364214438517379e-01
223993,4.8568853928333000e-01,-3.1364214438517379e-01
224015,4.8568853928333000e-01,-3.1364214438517379e-01
224037,4.8568853928333000e-01,-3.1364214438517379e-01
224059,4.8162797600787000e-01,-3.1728829443925322e-01
224081,4.7543056294364000e-01,-3.2291290319023580e-01
224103,4.6699564209700001e-01,-3.3068717215777704e-01
224125,4.5432820295429999e-01,-3.4263030301092645e-01
224147,4.3519302783926000e-01,-3.6131807101941588e-01
224169,4.3519302783926000e-01,-3.6131807101941588e-01
224191,4.3519302783926000e-01,-3.6131807101941588e-01
224213,4.2082343953354001e-01,-3.7590007832064332e-01
224235,4.1697765548920002e-01,-3.7988721686735166e-01
224257,4.1697765548920002e-01,-3.7988721686735166e-01
224279,4.1697765548920002e-01,-3.7988721686735166e-01
224301,4.1107430592779998e-01,-3.8607966781343594e-01
224323,3.8952391914730000e-01,-4.0946586883933511e-01
224345,3.8952391914730000e-01,-4.0946586883933511e-01
224367,3.8952391914730000e-01,-4.0946586883933511e-01
224389,3.8952391914730000e-01,-4.0946586883933511e-01
224411,3.8952391914730000e-01,-4.0946586883933511e-01
224433,3.7974818527823001e-01,-4.2050429284512081e-01
224455,3.7974818527823001e-01,-4.2050429284512081e-01
224477,3.7596590078449998e-01,-4.2485154276564679e-01
224499,3.7596590078449998e-01,-4.2485154276564679e-01
224521,3.7596590078449998e-01,-4.2485154276564679e-01
224543,3.5737759169666000e-01,-4.4687268212579967e-01
224565,3.5737759169666000e-01,-4.4687268212579967e-01
224587,3.5737759169666000e-01,-4.4687268212579967e-01
224609,3.3899450450300000e-01,-4.6980734216083408e-01
224631,3.3899450450300000e-01,-4.6980734216083408e-01
224653,3.3842396240664002e-01,-4.7053889394111409e-01
224675,3.3434028263389998e-01,-4.7581129474553413e-01
224697,3.3434028263389998e-01,-4.7581129474553413e-01
224719,3.1244223232360002e-01,-5.0523026792706238e-01
224741,3.0417486184524001e-01,-5.1687668052960489e-01
224763,3.0417486184524001e-01,-5.1687668052960489e-01
224785,2.8077140007064999e-01,-5.5164713238297747e-01
224807,2.6179149102080002e-01,-5.8204447338025211e-01
224829,2.5202800543350001e-01,-5.9855119759365027e-01
224851,2.5202800543350001e-01,-5.9855119759365027e-01
224873,2.3759400155620000e-01,-6.2416452801713584e-01
224895,2.3759400155620000e-01,-6.2416452801713584e-01
224917,2.3759400155620000e-01,-6.2416452801713584e-01
224939,2.3759400155620000e-01,-6.2416452801713584e-01
224961,2.3759400155620000e-01,-6.2416452801713584e-01
224983,2.3759400155620000e-01,-6.2416452801713584e-01
225005,2.3759400155620000e-01,-6.2416452801713584e-01
225027,2.0445127553994999e-01,-6.8941017560495610e-01
225049,2.0445127553994999e-01,-6.8941017560495610e-01
225071,2.0398317036809999e-01,-6.9040566256318725e-01
225093,2.0398317036809999e-01,-6.9040566256318725e-01
225115,2.0398317036809999e-01,-6.9040566256318725e-01
225137,2.0398317036809999e-01,-6.9040566256318725e-01
225159,2.0398317036809999e-01,-6.9040566256318725e-01
225181,2.0398317036809999e-01,-6.9040566256318725e-01
225203,2.0398317036809999e-01,-6.9040566256318725e-01
225225,2.0398317036809999e-01,-6.9040566256318725e-01
225247,1.9446904592472999e-01,-7.1114951646637803e-01
225269,1.9446904592472999e-01,-7.1114951646637803e-01
225291,1.8219551179783000e-01,-7.3946232563658920e-01
225312,1.8219551179783000e-01,-7.3946232563658920e-01
225333,1.8219551179783000e-01,-7.3946232563658920e-01
225354,1.7380183597429999e-01,-7.5994564014686949e-01
225375,1.7380183597429999e-01,-7.5994564014686949e-01
225396,1.6664522995700001e-01,-7.7820711304456591e-01
225417,1.6664522995700001e-01,-7.7820711304456591e-01
225438,1.6527038244789999e-01,-7.8180496791627130e-01
225459,1.5134110895160000e-01,-8.2004308806505488e-01
225480,1.5134110895160000e-01,-8.2004308806505488e-01
225501,1.5134110895160000e-01,-8.2004308806505488e-01
225522,1.5134110895160000e-01,-8.2004308806505488e-01
225543,1.5134110895160000e-01,-8.2004308806505488e-01
225564,1.5134110895160000e-01,-8.2004308806505488e-01
225585,1.5134110895160000e-01,-8.2004308806505488e-01
225606,1.5134110895160000e-01,-8.2004308806505488e-01
225627,1.4682200407185000e-01,-8.3320885224790919e-01
225648,1.4682200407185000e-01,-8.3320885224790919e-01
225669,1.4241520723920001e-01,-8.4644363382104670e-01
225690,1.4241520723920001e-01,-8.4644363382104670e-01
225711,1.3601741910140000e-01,-8.6640547004750978e-01
225732,1.2623523190840000e-01,-8.9881941777041496e-01
225753,1.2623523190840000e-01,-8.9881941777041496e-01
225774,1.2451876771273999e-01,-9.0476518591921462e-01
225795,1.2008143384855000e-01,-9.2052413498201335e-01
225816,1.2008143384855000e-01,-9.2052413498201335e-01
225837,1.2008143384855000e-01,-9.2052413498201335e-01
225858,1.2008143384855000e-01,-9.2052413498201335e-01
225879,1.2008143384855000e-01,-9.2052413498201335e-01
225900,1.2008143384855000e-01,-9.2052413498201335e-01
225921,1.1342112612886000e-01,-9.4530604503166471e-01
225942,9.8829829587699994e-02,-1.0051119534885280e+00
225963,9.8829829587699994e-02,-1.0051119534885280e+00
225984,9.8829829587699994e-02,-1.0051119534885280e+00
226005,9.8829829587699994e-02,-1.0051119534885280e+00
226026,9.8829829587699994e-02,-1.0051119534885280e+00
226047,9.2209748837499994e-02,-1.0352231609147931e+00
226068,9.2209748837499994e-02,-1.0352231609147931e+00
226089,9.2209748837499994e-02,-1.0352231609147931e+00
226110,8.1957176902560006e-02,-1.0864130097236999e+00
226131,8.1957176902560006e-02,-1.0864130097236999e+00
226152,8.1957176902560006e-02,-1.0864130097236999e+00
226173,8.1957176902560006e-02,-1.0864130097236999e+00
226194,8.1957176902560006e-02,-1.0864130097236999e+00
226215,8.1957176902560006e-02,-1.0864130097236999e+00
226236,7.9027393672559995e-02,-1.1022223408785699e+00
226257,7.9027393672559995e-02,-1.1022223408785699e+00
226278,7.8674776838499993e-02,-1.1041644802920281e+00
226299,7.8674776838499993e-02,-1.1041644802920281e+00
226320,7.8674776838499993e-02,-1.1041644802920281e+00
226341,7.8416716387699995e-02,-1.1055913472508008e+00
226362,7.8416716387699995e-02,-1.1055913472508008e+00
226383,7.6410023951899997e-02,-1.1168496641804004e+00
226404,7.6410023951899997e-02,-1.1168496641804004e+00
226425,7.6410023951899997e-02,-1.1168496641804004e+00
226446,7.5461857848799996e-02,-1.1222725068006776e+00
226467,7.3053998283300003e-02,-1.1363560099164676e+00
226488,7.3053998283300003e-02,-1.1363560099164676e+00
226509,7.3053998283300003e-02,-1.1363560099164676e+00
226530,7.3053998283300003e-02,-1.1363560099164676e+00
226551,7.2772720057000001e-02,-1.1380313919650646e+00
226572,6.8477882783800001e-02,-1.1644496757480629e+00
226593,6.8477882783800001e-02,-1.1644496757480629e+00
226614,6.8477882783800001e-02,-1.1644496757480629e+00
226635,6.8477882783800001e-02,-1.1644496757480629e+00
226656,6.8477882783800001e-02,-1.1644496757480629e+00
226677,6.8477882783800001e-02,-1.1644496757480629e+00
226698,6.8477882783800001e-02,-1.1644496757480629e+00
226719,6.7986487470759999e-02,-1.1675773961177351e+00
226740,6.7986487470759999e-02,-1.1675773961177351e+00
226761,6.7986487470759999e-02,-1.1675773961177351e+00
226782,6.7691757594099997e-02,-1.1694642094437464e+00
226803,6.5416299438139994e-02,-1.1843140273014099e+00
226824,6.2842928988969995e-02,-1.2017435815234869e+00
226845,6.2842928988969995e-02,-1.2017435815234869e+00
226866,6.2842928988969995e-02,-1.2017435815234869e+00
226887,6.2842928988969995e-02,-1.2017435815234869e+00
226908,6.1787032055899999e-02,-1.2091026656480599e+00
226929,6.1787032055899999e-02,-1.2091026656480599e+00
226950,6.1787032055899999e-02,-1.2091026656480599e+00
226971,6.0165869499199998e-02,-1.2206498026230068e+00
226992,6.0165869499199998e-02,-1.2206498026230068e+00
227013,5.8502158280359998e-02,-1.2328281114911459e+00
227034,5.8502158280359998e-02,-1.2328281114911459e+00
227055,5.8502158280359998e-02,-1.2328281114911459e+00
227076,5.7759799592649999e-02,-1.2383743222936325e+00
227097,5.7759799592649999e-02,-1.2383743222936325e+00
227118,5.7759799592649999e-02,-1.2383743222936325e+00
227139,5.7759799592649999e-02,-1.2383743222936325e+00
227160,5.7759799592649999e-02,-1.2383743222936325e+00
227181,5.6578314271750002e-02,-1.2473499963166952e+00
227202,5.6578314271750002e-02,-1.2473499963166952e+00
227223,5.6301078700240002e-02,-1.2494832842059544e+00
227244,5.6301078700240002e-02,-1.2494832842059544e+00
227265,5.6301078700240002e-02,-1.2494832842059544e+00
227286,5.6041578379850000e-02,-1.2514896415517518e+00
227307,5.6041578379850000e-02,-1.2514896415517518e+00
227328,5.6041578379850000e-02,-1.2514896415517518e+00
227349,5.6041578379850000e-02,-1.2514896415517518e+00
227370,5.6041578379850000e-02,-1.2514896415517518e+00
227391,5.6041578379850000e-02,-1.2514896415517518e+00
227412,5.4632251962229997e-02,-1.2625508973325237e+00
227433,5.4213932307159998e-02,-1.2658890908311207e+00
227454,5.4213932307159998e-02,-1.2658890908311207e+00
227475,5.4213932307159998e-02,-1.2658890908311207e+00
227496,5.3905383027140000e-02,-1.2683678637139870e+00
227517,5.3905383027140000e-02,-1.2683678637139870e+00
227538,5.2206195664199997e-02,-1.2822779532601305e+00
227559,5.2206195664199997e-02,-1.2822779532601305e+00
227580,5.2206195664199997e-02,-1.2822779532601305e+00
227601,5.2206195664199997e-02,-1.2822779532601305e+00
227622,5.2206195664199997e-02,-1.2822779532601305e+00
227643,5.0315053331129997e-02,-1.2983020626461539e+00
227664,5.0315053331129997e-02,-1.2983020626461539e+00
227685,5.0315053331129997e-02,-1.2983020626461539e+00
227706,5.0315053331129997e-02,-1.2983020626461539e+00
227727,4.9998853114739998e-02,-1.3010399574970284e+00
227748,4.9901271632199998e-02,-1.3018883871258935e+00
227769,4.9519735973099999e-02,-1.3052216795317879e+00
227790,4.9519735973099999e-02,-1.3052216795317879e+00
227811,4.8524117131099997e-02,-1.3140423576104825e+00
227832,4.8524117131099997e-02,-1.3140423576104825e+00
227853,4.8524117131099997e-02,-1.3140423576104825e+00
227874,4.8524117131099997e-02,-1.3140423576104825e+00
227895,4.7744979895599997e-02,-1.3210722851954870e+00
227916,4.7744979895599997e-02,-1.3210722851954870e+00
227937,4.7577341136560002e-02,-1.3225998322017707e+00
227958,4.7577341136560002e-02,-1.3225998322017707e+00
227979,4.6646171864699999e-02,-1.3311839919229493e+00
228000,4.6646171864699999e-02,-1.3311839919229493e+00
228021,4.6111394520039997e-02,-1.3361917434669883e+00
228042,4.4910742473800003e-02,-1.3476497650306083e+00
228063,4.4910742473800003e-02,-1.3476497650306083e+00
228084,4.4910742473800003e-02,-1.3476497650306083e+00
228105,4.4829851133600003e-02,-1.3484327032926602e+00
228126,4.4829851133600003e-02,-1.3484327032926602e+00
228147,4.4829851133600003e-02,-1.3484327032926602e+00
228168,4.4502496205840000e-02,-1.3516156281647440e+00
228189,4.4502496205840000e-02,-1.3516156281647440e+00
228210,4.4058994697649997e-02,-1.3559654164508930e+00
228231,4.3805064174999998e-02,-1.3584756790821293e+00
228252,4.3805064174999998e-02,-1.3584756790821293e+00
228273,4.3805064174999998e-02,-1.3584756790821293e+00
228294,4.3805064174999998e-02,-1.3584756790821293e+00
228315,4.2518813119700002e-02,-1.3714188669793894e+00
228336,4.1593341594699997e-02,-1.3809761871647250e+00
228357,4.1593341594699997e-02,-1.3809761871647250e+00
228378,4.1309187185900001e-02,-1.3839533502703589e+00
228399,4.1309187185900001e-02,-1.3839533502703589e+00
228420,4.1309187185900001e-02,-1.3839533502703589e+00
228441,4.1035807092399998e-02,-1.3868370204513183e+00
228462,4.1035807092399998e-02,-1.3868370204513183e+00
228483,4.1035807092399998e-02,-1.3868370204513183e+00
228504,4.0565117662099998e-02,-1.3918472599812930e+00
228525,4.0565117662099998e-02,-1.3918472599812930e+00
228546,4.0565117662099998e-02,-1.3918472599812930e+00
228567,4.0396393045599999e-02,-1.3936574108875401e+00
228588,4.0301523262030001e-02,-1.3946785386779503e+00
228609,4.0301523262030001e-02,-1.3946785386779503e+00
228630,4.0167195441940001e-02,-1.3961284905638338e+00
228651,4.0167195441940001e-02,-1.3961284905638338e+00
228672,4.0167195441940001e-02,-1.3961284905638338e+00
228693,3.9914793786300001e-02,-1.3988661101033983e+00
228714,3.9158957475370001e-02,-1.4071688788893526e+00
228735,3.9116923581000003e-02,-1.4076353083919311e+00
228756,3.9116923581000003e-02,-1.4076353083919311e+00
228777,3.9116923581000003e-02,-1.4076353083919311e+00
228798,3.9116923581000003e-02,-1.4076353083919311e+00
228819,3.8758561797900000e-02,-1.4116323465548180e+00
228840,3.8758561797900000e-02,-1.4116323465548180e+00
228861,3.8683122566500000e-02,-1.4124784761954221e+00
228882,3.6966027985670002e-02,-1.4321972120338580e+00
228903,3.6966027985670002e-02,-1.4321972120338580e+00
228924,3.6966027985670002e-02,-1.4321972120338580e+00
228945,3.6754272721000000e-02,-1.4346921664766559e+00
228966,3.6514885621160002e-02,-1.4375300553998243e+00
228987,3.5998481417439998e-02,-1.4437158193976172e+00
229008,3.5998481417439998e-02,-1.4437158193976172e+00
229029,3.5683485517399999e-02,-1.4475327308923034e+00
229050,3.5436321856650001e-02,-1.4505513624130708e+00
229071,3.2825304484700002e-02,-1.4837912367415531e+00
229092,3.1486139196399997e-02,-1.5018805889186906e+00
229113,3.1486139196399997e-02,-1.5018805889186906e+00
229134,2.9796434894199999e-02,-1.5258356956015657e+00
229155,2.9796434894199999e-02,-1.5258356956015657e+00
229176,2.9738129172130000e-02,-1.5266863564521582e+00
229197,2.9738129172130000e-02,-1.5266863564521582e+00
229217,2.7500125448849999e-02,-1.5606653250199538e+00
229237,2.7500125448849999e-02,-1.5606653250199538e+00
229257,2.7500125448849999e-02,-1.5606653250199538e+00
229277,2.7254930322699999e-02,-1.5645549239098338e+00
229297,2.7179359109369999e-02,-1.5657607881681186e+00
229317,2.5993049196530001e-02,-1.5851427712280537e+00
229337,2.5984249297949999e-02,-1.5852898257130621e+00
229357,2.5984249297949999e-02,-1.5852898257130621e+00
229377,2.5984249297949999e-02,-1.5852898257130621e+00
229397,2.5877705461260000e-02,-1.5870742345601896e+00
229417,2.5877705461260000e-02,-1.5870742345601896e+00
229437,2.5371608047640000e-02,-1.5956520064051882e+00
229457,2.5076911672900000e-02,-1.6007259497394206e+00
229477,2.4643193609200000e-02,-1.6083030109159822e+00
229497,2.4643193609200000e-02,-1.6083030109159822e+00
229517,2.2768483177739999e-02,-1.6426659008508095e+00
229537,2.1431362821799999e-02,-1.6689502112648087e+00
229557,2.1232426056430002e-02,-1.6730003797047697e+00
229577,2.1232426056430002e-02,-1.6730003797047697e+00
229597,2.0442056738700001e-02,-1.6894754106248353e+00
229617,2.0406929924199999e-02,-1.6902223268502161e+00
229637,1.9229627332399999e-02,-1.7160291322488079e+00
229657,1.7680164711499999e-02,-1.7525136933409124e+00
229677,1.7680164711499999e-02,-1.7525136933409124e+00
229697,1.7680164711499999e-02,-1.7525136933409124e+00
229717,1.7680164711499999e-02,-1.7525136933409124e+00
229737,1.7680164711499999e-02,-1.7525136933409124e+00
229757,1.7680164711499999e-02,-1.7525136933409124e+00
229777,1.7680164711499999e-02,-1.7525136933409124e+00
229797,1.7680164711499999e-02,-1.7525136933409124e+00
229817,1.7680164711499999e-02,-1.7525136933409124e+00
229837,1.7163180084500001e-02,-1.7654022406601384e+00
229857,1.7163180084500001e-02,-1.7654022406601384e+00
229877,1.7163180084500001e-02,-1.7654022406601384e+00
229897,1.7163180084500001e-02,-1.7654022406601384e+00
229917,1.7163180084500001e-02,-1.7654022406601384e+00
229937,1.7138040630100000e-02,-1.7660388318980806e+00
229957,1.7051653261829999e-02,-1.7682335071300510e+00
229977,1.7051653261829999e-02,-1.7682335071300510e+00
229997,1.6946068188399999e-02,-1.7709310503907039e+00
230017,1.6946068188399999e-02,-1.7709310503907039e+00
230037,1.6752135728300001e-02,-1.7759298169323692e+00
230057,1.6752135728300001e-02,-1.7759298169323692e+00
230077,1.6752135728300001e-02,-1.7759298169323692e+00
230097,1.6609775319860000e-02,-1.7796362422027270e+00
230117,1.6609775319860000e-02,-1.7796362422027270e+00
230137,1.6484237002150001e-02,-1.7829311500327920e+00
230157,1.6247440232500000e-02,-1.7892150519447156e+00
230177,1.4682831812650000e-02,-1.8331901758911266e+00
230197,1.4270986679800000e-02,-1.8455459992204006e+00
230217,1.4270986679800000e-02,-1.8455459992204006e+00
230237,1.2830101666700001e-02,-1.8917699022289791e+00
230257,1.2830101666700001e-02,-1.8917699022289791e+00
230277,1.2830101666700001e-02,-1.8917699022289791e+00
230297,1.2628219758940001e-02,-1.8986578690300140e+00
230317,1.2624637615150000e-02,-1.8987810792686632e+00
230337,1.2624637615150000e-02,-1.8987810792686632e+00
230357,1.2266181765000000e-02,-1.9112906040581441e+00
230377,1.2266181765000000e-02,-1.9112906040581441e+00
230397,1.2021102110600000e-02,-1.9200557138132996e+00
230417,1.2021102110600000e-02,-1.9200557138132996e+00
230437,1.1380014037800000e-02,-1.9438572022172818e+00
230457,1.1380014037800000e-02,-1.9438572022172818e+00
230477,1.1380014037800000e-02,-1.9438572022172818e+00
230497,1.1380014037800000e-02,-1.9438572022172818e+00
230517,1.1380014037800000e-02,-1.9438572022172818e+00
230537,1.1009721110669999e-02,-1.9582236820846630e+00
230557,1.0756786066960001e-02,-1.9683174686215459e+00
230577,1.0675036364500000e-02,-1.9716306368767289e+00
230597,1.0675036364500000e-02,-1.9716306368767289e+00
230617,1.0675036364500000e-02,-1.9716306368767289e+00
230637,1.0675036364500000e-02,-1.9716306368767289e+00
230657,1.0675036364500000e-02,-1.9716306368767289e+00
230677,1.0675036364500000e-02,-1.9716306368767289e+00
230697,1.0081765566270001e-02,-1.9964634055349488e+00
230717,1.0081765566270001e-02,-1.9964634055349488e+00
230737,1.0081765566270001e-02,-1.9964634055349488e+00
230757,1.0081765566270001e-02,-1.9964634055349488e+00
230777,1.0081765566270001e-02,-1.9964634055349488e+00
230797,9.8934444995399991e-03,-2.0046524782003865e+00
230817,9.8934444995399991e-03,-2.0046524782003865e+00
230837,9.7999183505000000e-03,-2.0087775426825072e+00
230857,9.7999183505000000e-03,-2.0087775426825072e+00
230877,9.7999183505000000e-03,-2.0087775426825072e+00
230897,9.7999183505000000e-03,-2.0087775426825072e+00
230917,9.6843240383499996e-03,-2.0139306874549106e+00
230937,9.6843240383499996e-03,-2.0139306874549106e+00
230957,9.6843240383499996e-03,-2.0139306874549106e+00
230977,9.6843240383499996e-03,-2.0139306874549106e+00
230997,9.6843240383499996e-03,-2.0139306874549106e+00
231017,9.4633433237999998e-03,-2.0239554037081846e+00
231037,9.4633433237999998e-03,-2.0239554037081846e+00
231057,9.4633433237999998e-03,-2.0239554037081846e+00
231077,9.4633433237999998e-03,-2.0239554037081846e+00
231097,9.4633433237999998e-03,-2.0239554037081846e+00
231117,9.4633433237999998e-03,-2.0239554037081846e+00
231137,9.4433412385000002e-03,-2.0248743166444609e+00
231157,9.4433412385000002e-03,-2.0248743166444609e+00
231177,9.4433412385000002e-03,-2.0248743166444609e+00
231197,9.4433412385000002e-03,-2.0248743166444609e+00
231217,9.4433412385000002e-03,-2.0248743166444609e+00
231237,9.4433412385000002e-03,-2.0248743166444609e+00
231257,9.4433412385000002e-03,-2.0248743166444609e+00
231277,9.3414569543600005e-03,-2.0295853830961721e+00
231297,9.3414569543600005e-03,-2.0295853830961721e+00
231317,9.2237610523400008e-03,-2.0350919562548091e+00
231337,9.1142361046600007e-03,-2.0402797251914850e+00
231357,8.7447297691500003e-03,-2.0582536066061521e+00
231377,8.7447297691500003e-03,-2.0582536066061521e+00
231397,8.7447297691500003e-03,-2.0582536066061521e+00
231417,8.7447297691500003e-03,-2.0582536066061521e+00
231437,8.7447297691500003e-03,-2.0582536066061521e+00
231457,8.7447297691500003e-03,-2.0582536066061521e+00
231477,8.7447297691500003e-03,-2.0582536066061521e+00
231497,8.7447297691500003e-03,-2.0582536066061521e+00
231517,8.7447297691500003e-03,-2.0582536066061521e+00
231537,8.7447297691500003e-03,-2.0582536066061521e+00
231557,8.7447297691500003e-03,-2.0582536066061521e+00
231577,8.6492420902999998e-03,-2.0630219469191853e+00
231597,8.6492420902999998e-03,-2.0630219469191853e+00
231617,8.6492420902999998e-03,-2.0630219469191853e+00
231637,8.5261103689599996e-03,-2.0692490497888092e+00
231657,8.5261103689599996e-03,-2.0692490497888092e+00
231677,8.5261103689599996e-03,-2.0692490497888092e+00
231697,8.5261103689599996e-03,-2.0692490497888092e+00
231717,8.5261103689599996e-03,-2.0692490497888092e+00
231737,8.5261103689599996e-03,-2.0692490497888092e+00
231757,8.2531937593399995e-03,-2.0833779588862438e+00
231777,8.2531937593399995e-03,-2.0833779588862438e+00
231797,8.2531937593399995e-03,-2.0833779588862438e+00
231817,8.2531937593399995e-03,-2.0833779588862438e+00
231837,8.0616404725299996e-03,-2.0935765741162338e+00
231857,8.0616404725299996e-03,-2.0935765741162338e+00
231877,8.0616404725299996e-03,-2.0935765741162338e+00
231897,8.0616404725299996e-03,-2.0935765741162338e+00
231917,8.0616404725299996e-03,-2.0935765741162338e+00
231937,8.0616404725299996e-03,-2.0935765741162338e+00
231957,8.0616404725299996e-03,-2.0935765741162338e+00
231977,8.0024617205399998e-03,-2.0967763946093858e+00
231997,8.0024617205399998e-03,-2.0967763946093858e+00
232017,8.0024617205399998e-03,-2.0967763946093858e+00
232037,7.9557646290000002e-03,-2.0993180739436021e+00
232057,7.9557646290000002e-03,-2.0993180739436021e+00
232077,7.8497459823999999e-03,-2.1051443967868391e+00
232097,7.8497459823999999e-03,-2.1051443967868391e+00
232117,7.8029128091999999e-03,-2.1077432459224599e+00
232137,7.7824547746999997e-03,-2.1088833944045606e+00
232157,7.7824547746999997e-03,-2.1088833944045606e+00
232177,7.7370139452999998e-03,-2.1114266203633667e+00
232197,7.7294035374399998e-03,-2.1118540184222994e+00
232217,7.7294035374399998e-03,-2.1118540184222994e+00
232237,7.5716847121599998e-03,-2.1208074785196440e+00
232257,7.5716847121599998e-03,-2.1208074785196440e+00
232277,7.5716847121599998e-03,-2.1208074785196440e+00
232297,7.3833824166599999e-03,-2.1317446370435893e+00
232317,7.3363942734000001e-03,-2.1345173368035826e+00
232337,7.3363942734000001e-03,-2.1345173368035826e+00
232357,7.2832015267000000e-03,-2.1376776729205220e+00
232377,7.2832015267000000e-03,-2.1376776729205220e+00
232397,7.2832015267000000e-03,-2.1376776729205220e+00
232417,7.2766331923599997e-03,-2.1380695168676156e+00
232437,7.2281174134000000e-03,-2.1409748013826104e+00
232457,7.2281174134000000e-03,-2.1409748013826104e+00
232477,7.1100303736999996e-03,-2.1481285439816080e+00
232497,7.1100303736999996e-03,-2.1481285439816080e+00
232517,7.0307280300999997e-03,-2.1529997015684588e+00
232537,7.0307280300999997e-03,-2.1529997015684588e+00
232557,7.0307280300999997e-03,-2.1529997015684588e+00
232577,7.0307280300999997e-03,-2.1529997015684588e+00
232597,7.0307280300999997e-03,-2.1529997015684588e+00
232617,7.0307280300999997e-03,-2.1529997015684588e+00
232637,7.0307280300999997e-03,-2.1529997015684588e+00
232657,7.0307280300999997e-03,-2.1529997015684588e+00
232677,7.0307280300999997e-03,-2.1529997015684588e+00
232697,7.0307280300999997e-03,-2.1529997015684588e+00
232717,6.9961497811999998e-03,-2.1551409012442009e+00
232737,6.9942623416000002e-03,-2.1552580821536669e+00
232757,6.9942623416000002e-03,-2.1552580821536669e+00
232777,6.9942623416000002e-03,-2.1552580821536669e+00
232797,6.9942623416000002e-03,-2.1552580821536669e+00
232817,6.8721460364699997e-03,-2.1629076201082476e+00
232837,6.8721460364699997e-03,-2.1629076201082476e+00
232857,6.8301648712999997e-03,-2.1655688128877779e+00
232877,6.8301648712999997e-03,-2.1655688128877779e+00
232897,6.2959530903300004e-03,-2.2009385164632747e+00
232917,6.2959530903300004e-03,-2.2009385164632747e+00
232937,6.2959530903300004e-03,-2.2009385164632747e+00
232957,6.2959530903300004e-03,-2.2009385164632747e+00
232977,6.2959530903300004e-03,-2.2009385164632747e+00
232997,6.2959530903300004e-03,-2.2009385164632747e+00
233017,6.2227053996400002e-03,-2.2060207592500247e+00
233037,6.2227053996400002e-03,-2.2060207592500247e+00
233057,6.2227053996400002e-03,-2.2060207592500247e+00
233077,6.1915993867999999e-03,-2.2081971514418686e+00
233097,6.1418506718000001e-03,-2.2117007468642349e+00
233117,6.1418506718000001e-03,-2.2117007468642349e+00
233137,6.1418506718000001e-03,-2.2117007468642349e+00
233157,6.1418506718000001e-03,-2.2117007468642349e+00
233177,6.0047808096000002e-03,-2.2215028408703317e+00
233197,6.0047808096000002e-03,-2.2215028408703317e+00
233217,6.0047808096000002e-03,-2.2215028408703317e+00
233237,6.0047808096000002e-03,-2.2215028408703317e+00
233257,5.9295907915400004e-03,-2.2269752768057578e+00
233277,5.9295907915400004e-03,-2.2269752768057578e+00
233297,5.7881699305000001e-03,-2.2374587272428532e+00
233317,5.6807506540999999e-03,-2.2455942728464877e+00
233336,5.6807506540999999e-03,-2.2455942728464877e+00
233355,5.6807506540999999e-03,-2.2455942728464877e+00
233374,5.6807506540999999e-03,-2.2455942728464877e+00
233393,5.6807506540999999e-03,-2.2455942728464877e+00
233412,5.6807506540999999e-03,-2.2455942728464877e+00
233431,5.6807506540999999e-03,-2.2455942728464877e+00
233450,5.6807506540999999e-03,-2.2455942728464877e+00
233469,5.5543680251999997e-03,-2.2553653478449731e+00
233488,5.5543680251999997e-03,-2.2553653478449731e+00
233507,5.5336514961400003e-03,-2.2569881957677556e+00
233526,5.4953431917400004e-03,-2.2600051801058685e+00
233545,5.4953431917400004e-03,-2.2600051801058685e+00
233564,5.4953431917400004e-03,-2.2600051801058685e+00
233583,5.4953431917400004e-03,-2.2600051801058685e+00
233602,5.4799975061999998e-03,-2.2612196391513653e+00
233621,5.4799975061999998e-03,-2.2612196391513653e+00
233640,5.4799975061999998e-03,-2.2612196391513653e+00
233659,5.4799975061999998e-03,-2.2612196391513653e+00
233678,5.4799975061999998e-03,-2.2612196391513653e+00
233697,5.4799975061999998e-03,-2.2612196391513653e+00
233716,5.4799975061999998e-03,-2.2612196391513653e+00
233735,5.3748741371999996e-03,-2.2696317011164524e+00
233754,5.3748741371999996e-03,-2.2696317011164524e+00
233773,5.3748741371999996e-03,-2.2696317011164524e+00
233792,5.3748741371999996e-03,-2.2696317011164524e+00
233811,5.3748741371999996e-03,-2.2696317011164524e+00
233830,5.3748741371999996e-03,-2.2696317011164524e+00
233849,5.3632584593999999e-03,-2.2705712735596753e+00
233868,5.3632584593999999e-03,-2.2705712735596753e+00
233887,5.2305182538000001e-03,-2.2814552779368000e+00
233906,5.2305182538000001e-03,-2.2814552779368000e+00
233925,5.2305182538000001e-03,-2.2814552779368000e+00
233944,5.2305182538000001e-03,-2.2814552779368000e+00
233963,5.2305182538000001e-03,-2.2814552779368000e+00
233982,5.2305182538000001e-03,-2.2814552779368000e+00
234001,5.2305182538000001e-03,-2.2814552779368000e+00
234020,5.1860035362999999e-03,-2.2851671914241583e+00
234039,5.1860035362999999e-03,-2.2851671914241583e+00
234058,5.1860035362999999e-03,-2.2851671914241583e+00
234077,5.1860035362999999e-03,-2.2851671914241583e+00
234096,5.1544125335999998e-03,-2.2878208256189700e+00
234115,5.1544125335999998e-03,-2.2878208256189700e+00
234134,5.1544125335999998e-03,-2.2878208256189700e+00
234153,5.1320485256399996e-03,-2.2897092458438650e+00
234172,5.1320485256399996e-03,-2.2897092458438650e+00
234191,5.0588703129500001e-03,-2.2959464538375509e+00
234210,5.0588703129500001e-03,-2.2959464538375509e+00
234229,5.0588703129500001e-03,-2.2959464538375509e+00
234248,4.9399876388600003e-03,-2.3062741377932778e+00
234267,4.9399876388600003e-03,-2.3062741377932778e+00
234286,4.9399876388600003e-03,-2.3062741377932778e+00
234305,4.9399876388600003e-03,-2.3062741377932778e+00
234324,4.9399876388600003e-03,-2.3062741377932778e+00
234343,4.9399876388600003e-03,-2.3062741377932778e+00
234362,4.9318278294999997e-03,-2.3069920930664201e+00
234381,4.9318278294999997e-03,-2.3069920930664201e+00
234400,4.8920674716000003e-03,-2.3105075617867143e+00
234419,4.8920674716000003e-03,-2.3105075617867143e+00
234438,4.8920674716000003e-03,-2.3105075617867143e+00
234457,4.8000420823699997e-03,-2.3187549551117126e+00
234476,4.8000420823699997e-03,-2.3187549551117126e+00
234495,4.7988595773000003e-03,-2.3188619580684109e+00
234514,4.7988595773000003e-03,-2.3188619580684109e+00
234533,4.7988595773000003e-03,-2.3188619580684109e+00
234552,4.6592915303399996e-03,-2.3316801150385973e+00
234571,4.6592915303399996e-03,-2.3316801150385973e+00
234590,4.6592915303399996e-03,-2.3316801150385973e+00
234609,4.6592915303399996e-03,-2.3316801150385973e+00
234628,4.6592915303399996e-03,-2.3316801150385973e+00
234647,4.6592915303399996e-03,-2.3316801150385973e+00
234666,4.6592915303399996e-03,-2.3316801150385973e+00
234685,4.6592915303399996e-03,-2.3316801150385973e+00
234704,4.6592915303399996e-03,-2.3316801150385973e+00
234723,4.6592915303399996e-03,-2.3316801150385973e+00
234742,4.6592915303399996e-03,-2.3316801150385973e+00
234761,4.6592915303399996e-03,-2.3316801150385973e+00
234780,4.6368605818500001e-03,-2.3337759619958240e+00
234799,4.5848719802999999e-03,-2.3386727862808718e+00
234818,4.5750986611999998e-03,-2.3395995360122370e+00
234837,4.5436459235500002e-03,-2.3425955196033463e+00
234856,4.5436459235500002e-03,-2.3425955196033463e+00
234875,4.5436459235500002e-03,-2.3425955196033463e+00
234894,4.5436459235500002e-03,-2.3425955196033463e+00
234913,4.5436459235500002e-03,-2.3425955196033463e+00
234932,4.5436459235500002e-03,-2.3425955196033463e+00
234951,4.5436459235500002e-03,-2.3425955196033463e+00
234970,4.5436459235500002e-03,-2.3425955196033463e+00
234989,4.5436459235500002e-03,-2.3425955196033463e+00
235008,4.4917644484999998e-03,-2.3475830265421287e+00
235027,4.4365713289000004e-03,-2.3529525317267717e+00
235046,4.3770528981000000e-03,-2.3588182047658872e+00
235065,4.3770528981000000e-03,-2.3588182047658872e+00
235084,4.3770528981000000e-03,-2.3588182047658872e+00
235103,4.3770528981000000e-03,-2.3588182047658872e+00
235122,4.3770528981000000e-03,-2.3588182047658872e+00
235141,4.3770528981000000e-03,-2.3588182047658872e+00
235160,4.3631349706000000e-03,-2.3602013522022354e+00
235179,4.3631349706000000e-03,-2.3602013522022354e+00
235198,4.3631349706000000e-03,-2.3602013522022354e+00
235217,4.3631349706000000e-03,-2.3602013522022354e+00
235236,4.3120464825000000e-03,-2.3653165662386533e+00
235255,4.2649202210999996e-03,-2.3700890882620143e+00
235274,4.2649202210999996e-03,-2.3700890882620143e+00
235293,4.2649202210999996e-03,-2.3700890882620143e+00
235312,4.1465955141999997e-03,-2.3823083264682627e+00
235331,4.1465955141999997e-03,-2.3823083264682627e+00
235350,4.1465955141999997e-03,-2.3823083264682627e+00
235369,4.0544143979000004e-03,-2.3920718645419616e+00
235388,4.0544143979000004e-03,-2.3920718645419616e+00
235407,4.0229210170999999e-03,-2.3954584939448611e+00
235426,4.0229210170999999e-03,-2.3954584939448611e+00
235445,3.9666998291000002e-03,-2.4015706625200055e+00
235464,3.9666998291000002e-03,-2.4015706625200055e+00
235483,3.9529645140000003e-03,-2.4030770843271934e+00
235502,3.9529645140000003e-03,-2.4030770843271934e+00
235521,3.9529645140000003e-03,-2.4030770843271934e+00
235540,3.9528672180600003e-03,-2.4030877739272984e+00
235559,3.9528672180600003e-03,-2.4030877739272984e+00
235578,3.8737781907000001e-03,-2.4118652502438764e+00
235597,3.8737781907000001e-03,-2.4118652502438764e+00
235616,3.8737781907000001e-03,-2.4118652502438764e+00
235635,3.8737781907000001e-03,-2.4118652502438764e+00
235654,3.8737781907000001e-03,-2.4118652502438764e+00
235673,3.8737781907000001e-03,-2.4118652502438764e+00
235692,3.8737781907000001e-03,-2.4118652502438764e+00
235711,3.8737781907000001e-03,-2.4118652502438764e+00
235730,3.8729171921999999e-03,-2.4119617886723379e+00
235749,3.8729171921999999e-03,-2.4119617886723379e+00
235768,3.8301437775000000e-03,-2.4167849230019058e+00
235787,3.8003988012000000e-03,-2.4201708275745446e+00
235806,3.8003988012000000e-03,-2.4201708275745446e+00
235825,3.7497293608299998e-03,-2.4260000766295278e+00
235844,3.6598800365400001e-03,-2.4365331496663969e+00
235863,3.6598800365400001e-03,-2.4365331496663969e+00
235882,3.6598800365400001e-03,-2.4365331496663969e+00
235901,3.6598800365400001e-03,-2.4365331496663969e+00
235920,3.6467566979500000e-03,-2.4380932107093911e+00
235939,3.6467566979500000e-03,-2.4380932107093911e+00
235958,3.6467566979500000e-03,-2.4380932107093911e+00
235977,3.6467566979500000e-03,-2.4380932107093911e+00
235996,3.5562306640000000e-03,-2.4490100776080399e+00
236015,3.5562306640000000e-03,-2.4490100776080399e+00
236034,3.5061770614000002e-03,-2.4551661558841782e+00
236053,3.5061770614000002e-03,-2.4551661558841782e+00
236072,3.4083799286600000e-03,-2.4674520008407921e+00
236091,3.4083799286600000e-03,-2.4674520008407921e+00
236110,3.3939968003000001e-03,-2.4692885714504906e+00
236129,3.3939968003000001e-03,-2.4692885714504906e+00
236148,3.3939968003000001e-03,-2.4692885714504906e+00
236167,3.3939968003000001e-03,-2.4692885714504906e+00
236186,3.3939968003000001e-03,-2.4692885714504906e+00
236205,3.3939968003000001e-03,-2.4692885714504906e+00
236224,3.3939968003000001e-03,-2.4692885714504906e+00
236243,3.3402724659500000e-03,-2.4762181063524014e+00
236262,3.3284693226399999e-03,-2.4777554414371306e+00
236281,3.2798055309499999e-03,-2.4841519060868302e+00
236300,3.2798055309499999e-03,-2.4841519060868302e+00
236319,3.2798055309499999e-03,-2.4841519060868302e+00
236338,3.2757183581000001e-03,-2.4846934453674052e+00
236357,3.2757183581000001e-03,-2.4846934453674052e+00
236376,3.2757183581000001e-03,-2.4846934453674052e+00
236395,3.2496118293000001e-03,-2.4881685130091959e+00
236414,3.2496118293000001e-03,-2.4881685130091959e+00
236433,3.2496118293000001e-03,-2.4881685130091959e+00
236452,3.1582056097999999e-03,-2.5005595993768717e+00
236471,3.1582056097999999e-03,-2.5005595993768717e+00
236490,3.1582056097999999e-03,-2.5005595993768717e+00
236509,3.1353157383500001e-03,-2.5037187175067990e+00
236528,3.1353157383500001e-03,-2.5037187175067990e+00
236547,3.1353157383500001e-03,-2.5037187175067990e+00
236566,3.0571752422000002e-03,-2.5146796661024569e+00
236585,3.0571752422000002e-03,-2.5146796661024569e+00
236604,3.0571752422000002e-03,-2.5146796661024569e+00
236623,3.0571752422000002e-03,-2.5146796661024569e+00
236642,3.0571752422000002e-03,-2.5146796661024569e+00
236661,3.0571752422000002e-03,-2.5146796661024569e+00
236680,3.0571752422000002e-03,-2.5146796661024569e+00
236699,3.0571752422000002e-03,-2.5146796661024569e+00
236718,3.0571752422000002e-03,-2.5146796661024569e+00
236737,3.0347978053999998e-03,-2.5178702386659033e+00
236756,3.0332822273999999e-03,-2.5180871795013644e+00
236775,3.0332822273999999e-03,-2.5180871795013644e+00
236794,3.0072398286600001e-03,-2.5218319353480103e+00
236813,3.0072398286600001e-03,-2.5218319353480103e+00
236832,3.0072398286600001e-03,-2.5218319353480103e+00
236851,3.0072398286600001e-03,-2.5218319353480103e+00
236870,2.9792114893000001e-03,-2.5258986658430955e+00
236889,2.9792114893000001e-03,-2.5258986658430955e+00
236908,2.9792114893000001e-03,-2.5258986658430955e+00
236927,2.9352919374300000e-03,-2.5323486983312771e+00
236946,2.9189892071600000e-03,-2.5347675107946239e+00
236965,2.9189892071600000e-03,-2.5347675107946239e+00
236984,2.8904835699599999e-03,-2.5390294948915257e+00
237003,2.8862166613999999e-03,-2.5396710705680148e+00
237022,2.8166927225499998e-03,-2.5502605282999062e+00
237041,2.7916520255599998e-03,-2.5541387167069618e+00
237060,2.7916520255599998e-03,-2.5541387167069618e+00
237079,2.7916520255599998e-03,-2.5541387167069618e+00
237098,2.7613305520000002e-03,-2.5588816019384915e+00
237117,2.6933086414000001e-03,-2.5697138754869884e+00
237136,2.6933086414000001e-03,-2.5697138754869884e+00
237155,2.6850085264999999e-03,-2.5710543308187943e+00
237174,2.6850085264999999e-03,-2.5710543308187943e+00
237193,2.6850085264999999e-03,-2.5710543308187943e+00
237212,2.6850085264999999e-03,-2.5710543308187943e+00
237231,2.6850085264999999e-03,-2.5710543308187943e+00
237250,2.6793673967499998e-03,-2.5719677315424763e+00
237269,2.6793673967499998e-03,-2.5719677315424763e+00
237288,2.6793673967499998e-03,-2.5719677315424763e+00
237307,2.6793673967499998e-03,-2.5719677315424763e+00
237326,2.6738448440999998e-03,-2.5728637972633397e+00
237345,2.6641894546600002e-03,-2.5744348950468412e+00
237364,2.6396573035999999e-03,-2.5784524522271970e+00
237383,2.6396573035999999e-03,-2.5784524522271970e+00
237402,2.6373530185999998e-03,-2.5788317345339333e+00
237421,2.6373530185999998e-03,-2.5788317345339333e+00
237440,2.4275220489500000e-03,-2.6148368167469074e+00
237459,2.4275220489500000e-03,-2.6148368167469074e+00
237478,2.4275220489500000e-03,-2.6148368167469074e+00
237497,2.4275220489500000e-03,-2.6148368167469074e+00
237516,2.4275220489500000e-03,-2.6148368167469074e+00
237535,2.4275220489500000e-03,-2.6148368167469074e+00
237554,2.3889156549300001e-03,-2.6217991835465324e+00
237573,2.3889156549300001e-03,-2.6217991835465324e+00
237592,2.3889156549300001e-03,-2.6217991835465324e+00
237611,2.3889156549300001e-03,-2.6217991835465324e+00
237630,2.3889156549300001e-03,-2.6217991835465324e+00
237649,2.3193904492600000e-03,-2.6346261354993716e+00
237668,2.3193904492600000e-03,-2.6346261354993716e+00
237687,2.2961888898000000e-03,-2.6389923887376572e+00
237706,2.2961888898000000e-03,-2.6389923887376572e+00
237725,2.2960634140000002e-03,-2.6390161215136287e+00
237744,2.2960634140000002e-03,-2.6390161215136287e+00
237763,2.2960634140000002e-03,-2.6390161215136287e+00
237781,2.2960634140000002e-03,-2.6390161215136287e+00
237799,2.2846476713300002e-03,-2.6411807654826238e+00
237817,2.2341151752999998e-03,-2.6508944414675542e+00
237835,2.2225071753999999e-03,-2.6531568282287972e+00
237853,2.2225071753999999e-03,-2.6531568282287972e+00
237871,2.2017045632000002e-03,-2.6572409574714633e+00
237889,2.2017045632000002e-03,-2.6572409574714633e+00
237907,2.2017045632000002e-03,-2.6572409574714633e+00
237925,2.2017045632000002e-03,-2.6572409574714633e+00
237943,2.2017045632000002e-03,-2.6572409574714633e+00
237961,2.2017045632000002e-03,-2.6572409574714633e+00
237979,2.2017045632000002e-03,-2.6572409574714633e+00
237997,2.2017045632000002e-03,-2.6572409574714633e+00
238015,2.2017045632000002e-03,-2.6572409574714633e+00
238033,2.1936518128299999e-03,-2.6588323046404416e+00
238051,2.1089507723999999e-03,-2.6759335575410046e+00
238069,2.1089507723999999e-03,-2.6759335575410046e+00
238087,2.1089507723999999e-03,-2.6759335575410046e+00
238105,2.1089507723999999e-03,-2.6759335575410046e+00
238123,2.1089507723999999e-03,-2.6759335575410046e+00
238141,2.0863612707600000e-03,-2.6806104877059065e+00
238159,2.0601494984499999e-03,-2.6861012631278940e+00
238177,2.0601494984499999e-03,-2.6861012631278940e+00
238195,2.0375981493399998e-03,-2.6908814624946724e+00
238213,2.0375981493399998e-03,-2.6908814624946724e+00
238231,2.0075730512300002e-03,-2.6973286427273075e+00
238249,2.0075730512300002e-03,-2.6973286427273075e+00
238267,2.0075730512300002e-03,-2.6973286427273075e+00
238285,1.9903646847999998e-03,-2.7010673426426872e+00
238303,1.9903646847999998e-03,-2.7010673426426872e+00
238321,1.9903646847999998e-03,-2.7010673426426872e+00
238339,1.9755051822000001e-03,-2.7043218267277074e+00
238357,1.9755051822000001e-03,-2.7043218267277074e+00
238375,1.9755051822000001e-03,-2.7043218267277074e+00
238393,1.9755051822000001e-03,-2.7043218267277074e+00
238411,1.9280768337000000e-03,-2.7148756634896918e+00
238429,1.9198517738000000e-03,-2.7167323006223500e+00
238447,1.8039794674999999e-03,-2.7437684098108153e+00
238465,1.8031454263000000e-03,-2.7439692453837217e+00
238483,1.8031454263000000e-03,-2.7439692453837217e+00
238501,1.8031454263000000e-03,-2.7439692453837217e+00
238519,1.8031454263000000e-03,-2.7439692453837217e+00
238537,1.8031454263000000e-03,-2.7439692453837217e+00
238555,1.8031454263000000e-03,-2.7439692453837217e+00
238573,1.8031454263000000e-03,-2.7439692453837217e+00
238591,1.8009988600600001e-03,-2.7444865620665344e+00
238609,1.8009988600600001e-03,-2.7444865620665344e+00
238627,1.7729697639000000e-03,-2.7512986707630724e+00
238645,1.7729697639000000e-03,-2.7512986707630724e+00
238663,1.7729697639000000e-03,-2.7512986707630724e+00
238681,1.7729697639000000e-03,-2.7512986707630724e+00
238699,1.7729697639000000e-03,-2.7512986707630724e+00
238717,1.7729697639000000e-03,-2.7512986707630724e+00
238735,1.7729697639000000e-03,-2.7512986707630724e+00
238753,1.7629962394000000e-03,-2.7537486140816028e+00
238771,1.7629962394000000e-03,-2.7537486140816028e+00
238789,1.7629962394000000e-03,-2.7537486140816028e+00
238807,1.7437286088599999e-03,-2.7585211070445759e+00
238825,1.7437286088599999e-03,-2.7585211070445759e+00
238843,1.7437286088599999e-03,-2.7585211070445759e+00
238861,1.7406728870000001e-03,-2.7592828352689591e+00
238879,1.7133201284300001e-03,-2.7661614829065373e+00
238897,1.6856628365000000e-03,-2.7732292878908384e+00
238915,1.6599191795000001e-03,-2.7799130569910639e+00
238933,1.6458971764499999e-03,-2.7835972998012859e+00
238951,1.6296489191600001e-03,-2.7879059470648566e+00
238969,1.6296489191600001e-03,-2.7879059470648566e+00
238987,1.6270874018600001e-03,-2.7885891175450137e+00
239005,1.5276181152299999e-03,-2.8159852001954335e+00
239023,1.5276181152299999e-03,-2.8159852001954335e+00
239041,1.5014395823400000e-03,-2.8234921390455980e+00
239059,1.4959622114400000e-03,-2.8250793767726030e+00
239077,1.4959622114400000e-03,-2.8250793767726030e+00
239095,1.4381508575000001e-03,-2.8421955554389204e+00
239113,1.4381508575000001e-03,-2.8421955554389204e+00
239131,1.4381508575000001e-03,-2.8421955554389204e+00
239149,1.3031436722599999e-03,-2.8850077004577952e+00
239167,1.3031436722599999e-03,-2.8850077004577952e+00
239185,1.3031436722599999e-03,-2.8850077004577952e+00
239203,1.3031436722599999e-03,-2.8850077004577952e+00
239221,1.3031436722599999e-03,-2.8850077004577952e+00
239239,1.3031436722599999e-03,-2.8850077004577952e+00
239257,1.3031436722599999e-03,-2.8850077004577952e+00
239275,1.3031436722599999e-03,-2.8850077004577952e+00
239293,1.3031436722599999e-03,-2.8850077004577952e+00
239311,1.3031436722599999e-03,-2.8850077004577952e+00
239329,1.3031436722599999e-03,-2.8850077004577952e+00
239347,1.3031436722599999e-03,-2.8850077004577952e+00
239365,1.3031436722599999e-03,-2.8850077004577952e+00
239383,1.3031436722599999e-03,-2.8850077004577952e+00
239401,1.3031436722599999e-03,-2.8850077004577952e+00
239419,1.3031436722599999e-03,-2.8850077004577952e+00
239437,1.2997916502400001e-03,-2.8861262572338040e+00
239455,1.2297485237699999e-03,-2.9101836901094953e+00
239473,1.2297485237699999e-03,-2.9101836901094953e+00
239491,1.2297485237699999e-03,-2.9101836901094953e+00
239509,1.1747411408600001e-03,-2.9300578214615323e+00
239527,1.1747411408600001e-03,-2.9300578214615323e+00
239545,1.0763788638400000e-03,-2.9680348387861910e+00
239563,1.0763788638400000e-03,-2.9680348387861910e+00
239581,1.0532089692699999e-03,-2.9774854510396866e+00
239599,1.0532089692699999e-03,-2.9774854510396866e+00
239617,1.0532089692699999e-03,-2.9774854510396866e+00
239635,1.0532089692699999e-03,-2.9774854510396866e+00
239653,1.0532089692699999e-03,-2.9774854510396866e+00
239671,1.0532089692699999e-03,-2.9774854510396866e+00
239689,1.0532089692699999e-03,-2.9774854510396866e+00
239707,1.0532089692699999e-03,-2.9774854510396866e+00
239725,1.0532089692699999e-03,-2.9774854510396866e+00
239743,1.0532089692699999e-03,-2.9774854510396866e+00
239761,1.0532089692699999e-03,-2.9774854510396866e+00
239779,1.0146174630000001e-03,-2.9936976671326785e+00
239797,1.0146174630000001e-03,-2.9936976671326785e+00
239815,1.0146174630000001e-03,-2.9936976671326785e+00
239833,1.0146174630000001e-03,-2.9936976671326785e+00
239851,9.9248628620000000e-04,-3.0032754854402262e+00
239869,9.9248628620000000e-04,-3.0032754854402262e+00
239887,9.9248628620000000e-04,-3.0032754854402262e+00
239905,9.3050033666000002e-04,-3.0312834654031189e+00
239923,9.3050033666000002e-04,-3.0312834654031189e+00
239941,9.3050033666000002e-04,-3.0312834654031189e+00
239959,9.3050033666000002e-04,-3.0312834654031189e+00
239977,9.3050033666000002e-04,-3.0312834654031189e+00
239995,9.3050033666000002e-04,-3.0312834654031189e+00
240019,9.3050033666000002e-04,-3.0312834654031189e+00
240037,9.1872613693999995e-04,-3.0368139281579478e+00
240055,9.1872613693999995e-04,-3.0368139281579478e+00
240073,8.9925594689999999e-04,-3.0461166814523875e+00
240091,8.8161212709999995e-04,-3.0547224444718868e+00
240109,8.1714628030000005e-04,-3.0877001918880147e+00
240133,8.1714628030000005e-04,-3.0877001918880147e+00
240151,8.1714628030000005e-04,-3.0877001918880147e+00
240169,8.1714628030000005e-04,-3.0877001918880147e+00
240187,8.1714628030000005e-04,-3.0877001918880147e+00
240205,8.1548469560000002e-04,-3.0885841850575959e+00
240223,7.9361355589999995e-04,-3.1003909225042228e+00
240247,7.9361355589999995e-04,-3.1003909225042228e+00
240265,7.6712643369999999e-04,-3.1151330520444409e+00
240283,7.6712643369999999e-04,-3.1151330520444409e+00
240301,7.6712643369999999e-04,-3.1151330520444409e+00
240319,7.6712643369999999e-04,-3.1151330520444409e+00
240337,7.6712643369999999e-04,-3.1151330520444409e+00
240361,7.4462070323999996e-04,-3.1280648929391517e+00
240379,7.4462070323999996e-04,-3.1280648929391517e+00
240397,7.4462070323999996e-04,-3.1280648929391517e+00
240415,7.4462070323999996e-04,-3.1280648929391517e+00
240433,7.4462070323999996e-04,-3.1280648929391517e+00
240451,7.1174534195999999e-04,-3.1476753664257395e+00
240475,7.1174534195999999e-04,-3.1476753664257395e+00
240493,7.1174534195999999e-04,-3.1476753664257395e+00
240511,7.1174534195999999e-04,-3.1476753664257395e+00
240529,6.7468454522999998e-04,-3.1708992379671352e+00
240547,6.7468454522999998e-04,-3.1708992379671352e+00
240565,6.7468454522999998e-04,-3.1708992379671352e+00
240589,6.7468454522999998e-04,-3.1708992379671352e+00
240607,6.7468454522999998e-04,-3.1708992379671352e+00
240625,6.7468454522999998e-04,-3.1708992379671352e+00
240643,6.7468454522999998e-04,-3.1708992379671352e+00
240661,6.5882386179999996e-04,-3.1812306795988263e+00
240679,6.5882386179999996e-04,-3.1812306795988263e+00
240703,6.5030144190000004e-04,-3.1868852830388197e+00
240721,6.5030144190000004e-04,-3.1868852830388197e+00
240739,6.5030144190000004e-04,-3.1868852830388197e+00
240757,6.5030144190000004e-04,-3.1868852830388197e+00
240775,6.5030144190000004e-04,-3.1868852830388197e+00
240793,6.4902850549999999e-04,-3.1877362284546567e+00
240817,6.4902850549999999e-04,-3.1877362284546567e+00
240835,6.4902850549999999e-04,-3.1877362284546567e+00
240853,6.3533978960000003e-04,-3.1969939451328737e+00
240871,6.3533978960000003e-04,-3.1969939451328737e+00
240889,6.3533978960000003e-04,-3.1969939451328737e+00
240907,6.3079190244000002e-04,-3.2001138904036881e+00
240931,6.3079190244000002e-04,-3.2001138904036881e+00
240949,6.3079190244000002e-04,-3.2001138904036881e+00
240967,6.3079190244000002e-04,-3.2001138904036881e+00
240985,6.1923388204999995e-04,-3.2081452887838600e+00
241003,6.1923388204999995e-04,-3.2081452887838600e+00
241021,6.1325979782999999e-04,-3.2123555045002772e+00
241045,6.1325979782999999e-04,-3.2123555045002772e+00
241063,6.1325979782999999e-04,-3.2123555045002772e+00
241081,6.1325979782999999e-04,-3.2123555045002772e+00
241099,6.0428036835000003e-04,-3.2187615147301263e+00
241117,6.0067729754000000e-04,-3.2213587818023051e+00
241135,6.0067729754000000e-04,-3.2213587818023051e+00
241159,6.0067729754000000e-04,-3.2213587818023051e+00
241177,6.0067729754000000e-04,-3.2213587818023051e+00
241195,6.0067729754000000e-04,-3.2213587818023051e+00
241213,5.9549806419999999e-04,-3.2251196459505143e+00
241231,5.9549806419999999e-04,-3.2251196459505143e+00
241249,5.8841361004999997e-04,-3.2303172905650808e+00
241273,5.8841361004999997e-04,-3.2303172905650808e+00
241291,5.8459868220000002e-04,-3.2331421679623547e+00
241309,5.8459868220000002e-04,-3.2331421679623547e+00
241327,5.7587320605999998e-04,-3.2396731276360842e+00
241345,5.7587320605999998e-04,-3.2396731276360842e+00
241363,5.7457758609999997e-04,-3.2406513195604800e+00
241387,5.7051682779999996e-04,-3.2437315412319174e+00
241405,5.7051682779999996e-04,-3.2437315412319174e+00
241423,5.7051682779999996e-04,-3.2437315412319174e+00
241441,5.6726755120000002e-04,-3.2462120582083123e+00
241459,5.6606520774999996e-04,-3.2471335374781272e+00
241477,5.6606520774999996e-04,-3.2471335374781272e+00
241501,5.6606520774999996e-04,-3.2471335374781272e+00
241519,5.2386334926000000e-04,-3.2807819847758179e+00
241537,5.2386334926000000e-04,-3.2807819847758179e+00
241555,5.2386334926000000e-04,-3.2807819847758179e+00
241573,5.1437471550000002e-04,-3.2887203876513134e+00
241591,5.0692215239999999e-04,-3.2950587297770575e+00
241615,5.0692215239999999e-04,-3.2950587297770575e+00
241633,5.0692215239999999e-04,-3.2950587297770575e+00
241651,4.8858845840000001e-04,-3.3110567962909383e+00
241669,4.8833194610000004e-04,-3.3112848637537065e+00
241687,4.5873096670000002e-04,-3.3384419417668720e+00
241705,4.5873096670000002e-04,-3.3384419417668720e+00
241729,4.1672075053999998e-04,-3.3801548733832711e+00
241747,4.0797880929999998e-04,-3.3893623938784501e+00
241765,4.0797880929999998e-04,-3.3893623938784501e+00
241783,3.7256609943000000e-04,-3.4287966650068578e+00
241801,3.6160912490000000e-04,-3.4417606190049779e+00
241819,3.4068476259999997e-04,-3.4676472901677355e+00
241843,3.4068476259999997e-04,-3.4676472901677355e+00
241861,3.4068476259999997e-04,-3.4676472901677355e+00
241879,3.4068476259999997e-04,-3.4676472901677355e+00
241897,3.4068476259999997e-04,-3.4676472901677355e+00
241915,3.4068476259999997e-04,-3.4676472901677355e+00
241933,3.4068476259999997e-04,-3.4676472901677355e+00
241957,3.4068476259999997e-04,-3.4676472901677355e+00
241975,3.4068476259999997e-04,-3.4676472901677355e+00
241993,3.3357835640000002e-04,-3.4768021354952783e+00
242011,3.3357835640000002e-04,-3.4768021354952783e+00
242029,3.3357835640000002e-04,-3.4768021354952783e+00
242047,3.3357835640000002e-04,-3.4768021354952783e+00
242071,3.3121706263999998e-04,-3.4798872986397935e+00
242089,3.3121706263999998e-04,-3.4798872986397935e+00
242107,3.3121706263999998e-04,-3.4798872986397935e+00
242125,3.3121706263999998e-04,-3.4798872986397935e+00
242143,3.3121706263999998e-04,-3.4798872986397935e+00
242161,3.3121706263999998e-04,-3.4798872986397935e+00
242185,3.3121706263999998e-04,-3.4798872986397935e+00
242203,3.3121706263999998e-04,-3.4798872986397935e+00
242221,3.3121706263999998e-04,-3.4798872986397935e+00
242239,3.1579476274000000e-04,-3.5005950767722429e+00
242257,3.1579476274000000e-04,-3.5005950767722429e+00
242275,3.1579476274000000e-04,-3.5005950767722429e+00
242299,3.1579476274000000e-04,-3.5005950767722429e+00
242317,3.1579476274000000e-04,-3.5005950767722429e+00
242335,3.1579476274000000e-04,-3.5005950767722429e+00
242353,3.1579476274000000e-04,-3.5005950767722429e+00
242371,3.1579476274000000e-04,-3.5005950767722429e+00
242389,3.1579476274000000e-04,-3.5005950767722429e+00
242413,3.1290690650000001e-04,-3.5045848509741742e+00
242431,3.0349280020000000e-04,-3.5178516072921822e+00
242449,2.9743348110000000e-04,-3.5266101459736121e+00
242467,2.9743348110000000e-04,-3.5266101459736121e+00
242485,2.9743348110000000e-04,-3.5266101459736121e+00
242503,2.9743348110000000e-04,-3.5266101459736121e+00
242527,2.9743348110000000e-04,-3.5266101459736121e+00
242545,2.9743348110000000e-04,-3.5266101459736121e+00
242563,2.9743348110000000e-04,-3.5266101459736121e+00
242581,2.7585973936000003e-04,-3.5593116784612251e+00
242598,2.7585973936000003e-04,-3.5593116784612251e+00
242615,2.7585973936000003e-04,-3.5593116784612251e+00
242638,2.7585973936000003e-04,-3.5593116784612251e+00
242655,2.7585973936000003e-04,-3.5593116784612251e+00
242672,2.7585973936000003e-04,-3.5593116784612251e+00
242689,2.7585973936000003e-04,-3.5593116784612251e+00
242706,2.7160269933999999e-04,-3.5660659181078791e+00
242723,2.7160269933999999e-04,-3.5660659181078791e+00
242746,2.7160269933999999e-04,-3.5660659181078791e+00
242763,2.7160269933999999e-04,-3.5660659181078791e+00
242780,2.7160269933999999e-04,-3.5660659181078791e+00
242797,2.7160269933999999e-04,-3.5660659181078791e+00
242814,2.7160269933999999e-04,-3.5660659181078791e+00
242831,2.7160269933999999e-04,-3.5660659181078791e+00
242854,2.7160269933999999e-04,-3.5660659181078791e+00
242871,2.7160269933999999e-04,-3.5660659181078791e+00
242888,2.7160269933999999e-04,-3.5660659181078791e+00
242905,2.7160269933999999e-04,-3.5660659181078791e+00
242922,2.7160269933999999e-04,-3.5660659181078791e+00
242939,2.6879072350000002e-04,-3.5705857237219338e+00
242962,2.6879072350000002e-04,-3.5705857237219338e+00
242979,2.6879072350000002e-04,-3.5705857237219338e+00
242996,2.6840972737000000e-04,-3.5712017490598145e+00
243013,2.6840972737000000e-04,-3.5712017490598145e+00
243030,2.6840972737000000e-04,-3.5712017490598145e+00
243047,2.6840972737000000e-04,-3.5712017490598145e+00
243070,2.6808792813000002e-04,-3.5717227416477235e+00
243087,2.6808792813000002e-04,-3.5717227416477235e+00
243104,2.5365097230000002e-04,-3.5957634685970583e+00
243121,2.5365097230000002e-04,-3.5957634685970583e+00
243138,2.5365097230000002e-04,-3.5957634685970583e+00
243155,2.4711816275000000e-04,-3.6070953335448341e+00
243178,2.4585164687000000e-04,-3.6093268781846479e+00
243195,2.4585164687000000e-04,-3.6093268781846479e+00
243212,2.4585164687000000e-04,-3.6093268781846479e+00
243229,2.4585164687000000e-04,-3.6093268781846479e+00
243246,2.4386282410000001e-04,-3.6128544010754009e+00
243263,2.3164876429999999e-04,-3.6351700121416921e+00
243286,2.3164876429999999e-04,-3.6351700121416921e+00
243303,2.3164876429999999e-04,-3.6351700121416921e+00
243320,2.3090202944000000e-04,-3.6365722499727324e+00
243337,2.3090202944000000e-04,-3.6365722499727324e+00
243354,2.3090202944000000e-04,-3.6365722499727324e+00
243371,2.3032859550000000e-04,-3.6376521406422881e+00
243394,2.2727428040000001e-04,-3.6434497086320694e+00
243411,2.2727428040000001e-04,-3.6434497086320694e+00
243428,2.2727428040000001e-04,-3.6434497086320694e+00
243445,2.2727428040000001e-04,-3.6434497086320694e+00
243462,2.2727428040000001e-04,-3.6434497086320694e+00
243479,2.2727428040000001e-04,-3.6434497086320694e+00
243502,2.2249875933999999e-04,-3.6526724063158325e+00
243519,2.2249875933999999e-04,-3.6526724063158325e+00
243536,2.2249875933999999e-04,-3.6526724063158325e+00
243553,2.2249875933999999e-04,-3.6526724063158325e+00
243570,2.2110207270000000e-04,-3.6554071861505788e+00
243587,2.2110207270000000e-04,-3.6554071861505788e+00
243610,2.2110207270000000e-04,-3.6554071861505788e+00
243627,2.2110207270000000e-04,-3.6554071861505788e+00
243644,2.2110207270000000e-04,-3.6554071861505788e+00
243661,2.2110207270000000e-04,-3.6554071861505788e+00
243678,2.1949406254999999e-04,-3.6585772231970202e+00
243695,2.1949406254999999e-04,-3.6585772231970202e+00
243718,2.1931357040000000e-04,-3.6589344947816804e+00
243735,2.1931357040000000e-04,-3.6589344947816804e+00
243752,2.1931357040000000e-04,-3.6589344947816804e+00
243769,2.1887158050000000e-04,-3.6598106259756897e+00
243786,2.1819416439999999e-04,-3.6611568687924483e+00
243803,2.1543887060000000e-04,-3.6666759363022345e+00
243826,2.1543887060000000e-04,-3.6666759363022345e+00
243843,2.1543887060000000e-04,-3.6666759363022345e+00
243860,2.1543887060000000e-04,-3.6666759363022345e+00
243877,2.1543887060000000e-04,-3.6666759363022345e+00
243894,2.1543887060000000e-04,-3.6666759363022345e+00
243911,2.1283791939999999e-04,-3.6719509951782285e+00
243934,2.1283791939999999e-04,-3.6719509951782285e+00
243951,2.1252035844999999e-04,-3.6725994602537093e+00
243968,2.1252035844999999e-04,-3.6725994602537093e+00
243985,2.1252035844999999e-04,-3.6725994602537093e+00
244002,2.1252035844999999e-04,-3.6725994602537093e+00
244019,2.1252035844999999e-04,-3.6725994602537093e+00
244042,2.1164941340000000e-04,-3.6743829308634703e+00
244059,2.1161073199999999e-04,-3.6744623105017453e+00
244076,2.1161073199999999e-04,-3.6744623105017453e+00
244093,2.1161073199999999e-04,-3.6744623105017453e+00
244110,2.1145469555000000e-04,-3.6747826664933751e+00
244127,2.1145469555000000e-04,-3.6747826664933751e+00
244150,2.0935057124999999e-04,-3.6791258497219541e+00
244167,2.0935057124999999e-04,-3.6791258497219541e+00
244184,2.0800383320000000e-04,-3.6819286615647933e+00
244201,2.0578743687000000e-04,-3.6865811420350818e+00
244218,2.0578743687000000e-04,-3.6865811420350818e+00
244235,2.0327413280000001e-04,-3.6919178830292991e+00
244258,2.0122569250000000e-04,-3.6963165693486544e+00
244275,1.9991834784999999e-04,-3.6991473459301916e+00
244292,1.9991834784999999e-04,-3.6991473459301916e+00
244309,1.9981003015000001e-04,-3.6993827146612746e+00
244326,1.9898466529999999e-04,-3.7011803910887955e+00
244343,1.9772865369999999e-04,-3.7039303906656618e+00
244366,1.9772865369999999e-04,-3.7039303906656618e+00
244383,1.9772865369999999e-04,-3.7039303906656618e+00
244400,1.9772865369999999e-04,-3.7039303906656618e+00
244417,1.9772865369999999e-04,-3.7039303906656618e+00
244434,1.9772865369999999e-04,-3.7039303906656618e+00
244451,1.9772865369999999e-04,-3.7039303906656618e+00
244474,1.9772865369999999e-04,-3.7039303906656618e+00
244491,1.9772865369999999e-04,-3.7039303906656618e+00
244508,1.9743327989999999e-04,-3.7045796396161408e+00
244525,1.9146586940000000e-04,-3.7179086318901966e+00
244542,1.9146586940000000e-04,-3.7179086318901966e+00
244559,1.8891792934000001e-04,-3.7237268232114724e+00
244582,1.8891792934000001e-04,-3.7237268232114724e+00
244599,1.8891792934000001e-04,-3.7237268232114724e+00
244616,1.8891792934000001e-04,-3.7237268232114724e+00
244633,1.8891792934000001e-04,-3.7237268232114724e+00
244650,1.8561938623000001e-04,-3.7313766677020821e+00
244667,1.8561938623000001e-04,-3.7313766677020821e+00
244690,1.8561938623000001e-04,-3.7313766677020821e+00
244707,1.8561938623000001e-04,-3.7313766677020821e+00
244724,1.8561938623000001e-04,-3.7313766677020821e+00
244741,1.8561938623000001e-04,-3.7313766677020821e+00
244758,1.8561938623000001e-04,-3.7313766677020821e+00
244775,1.8561938623000001e-04,-3.7313766677020821e+00
244798,1.8561938623000001e-04,-3.7313766677020821e+00
244815,1.8263532099999999e-04,-3.7384152277218874e+00
244832,1.8263532099999999e-04,-3.7384152277218874e+00
244849,1.8263532099999999e-04,-3.7384152277218874e+00
244866,1.8000401496000000e-04,-3.7447178079215453e+00
244883,1.8000401496000000e-04,-3.7447178079215453e+00
244906,1.8000401496000000e-04,-3.7447178079215453e+00
244923,1.7503385859999999e-04,-3.7568779331375803e+00
244940,1.7503385859999999e-04,-3.7568779331375803e+00
244957,1.7503385859999999e-04,-3.7568779331375803e+00
244974,1.7503385859999999e-04,-3.7568779331375803e+00
244991,1.7503385859999999e-04,-3.7568779331375803e+00
245014,1.7503385859999999e-04,-3.7568779331375803e+00
245031,1.7503385859999999e-04,-3.7568779331375803e+00
245048,1.7503385859999999e-04,-3.7568779331375803e+00
245065,1.7487851440000000e-04,-3.7572635447277598e+00
245082,1.7487851440000000e-04,-3.7572635447277598e+00
245099,1.7165662320000000e-04,-3.7653394350945089e+00
245122,1.7165662320000000e-04,-3.7653394350945089e+00
245139,1.6956900930000001e-04,-3.7706535171726285e+00
245156,1.6956900930000001e-04,-3.7706535171726285e+00
245173,1.6956900930000001e-04,-3.7706535171726285e+00
245190,1.6956900930000001e-04,-3.7706535171726285e+00
245207,1.6956900930000001e-04,-3.7706535171726285e+00
245230,1.6956900930000001e-04,-3.7706535171726285e+00
245247,1.6858557670000000e-04,-3.7731795840858258e+00
245264,1.6578656910000000e-04,-3.7804506559451192e+00
245281,1.6578656910000000e-04,-3.7804506559451192e+00
245298,1.6578656910000000e-04,-3.7804506559451192e+00
245315,1.6407041346000001e-04,-3.7849697274754543e+00
245338,1.6407041346000001e-04,-3.7849697274754543e+00
245355,1.6407041346000001e-04,-3.7849697274754543e+00
245372,1.6407041346000001e-04,-3.7849697274754543e+00
245389,1.6183738470000001e-04,-3.7909211484004737e+00
245406,1.6183738470000001e-04,-3.7909211484004737e+00
245423,1.6183738470000001e-04,-3.7909211484004737e+00
245446,1.5657750669999999e-04,-3.8052706268100267e+00
245463,1.5022723152999999e-04,-3.8232513360984335e+00
245480,1.4591784173000001e-04,-3.8358916026154630e+00
245497,1.4591784173000001e-04,-3.8358916026154630e+00
245514,1.4591784173000001e-04,-3.8358916026154630e+00
245531,1.4591784173000001e-04,-3.8358916026154630e+00
245554,1.4306932810000000e-04,-3.8444534624295250e+00
245571,1.4306932810000000e-04,-3.8444534624295250e+00
245588,1.3762353176999999e-04,-3.8613073012451764e+00
245605,1.3762353176999999e-04,-3.8613073012451764e+00
245622,1.3493856050000001e-04,-3.8698639271304889e+00
245639,1.2833394520000001e-04,-3.8916584545902513e+00
245662,1.2833394520000001e-04,-3.8916584545902513e+00
245679,1.2772198090000000e-04,-3.8937343544039065e+00
245696,1.2772198090000000e-04,-3.8937343544039065e+00
245713,1.2772198090000000e-04,-3.8937343544039065e+00
245730,1.2772198090000000e-04,-3.8937343544039065e+00
245747,1.2772198090000000e-04,-3.8937343544039065e+00
245770,1.2772198090000000e-04,-3.8937343544039065e+00
245787,1.2772198090000000e-04,-3.8937343544039065e+00
245804,1.2772198090000000e-04,-3.8937343544039065e+00
245821,1.2772198090000000e-04,-3.8937343544039065e+00
245838,1.2772198090000000e-04,-3.8937343544039065e+00
245855,1.2706151085000001e-04,-3.8959859849057081e+00
245878,1.2706151085000001e-04,-3.8959859849057081e+00
245895,1.2706151085000001e-04,-3.8959859849057081e+00
245912,1.2297061573000000e-04,-3.9101986523889649e+00
245929,1.2297061573000000e-04,-3.9101986523889649e+00
245946,1.2297061573000000e-04,-3.9101986523889649e+00
245963,1.2297061573000000e-04,-3.9101986523889649e+00
245986,1.2297061573000000e-04,-3.9101986523889649e+00
246003,1.2297061573000000e-04,-3.9101986523889649e+00
246020,1.2129849256000001e-04,-3.9161445963052470e+00
246037,1.2099098944000000e-04,-3.9172469716851901e+00
246054,1.2099098944000000e-04,-3.9172469716851901e+00
246071,1.2020661430000000e-04,-3.9200716348710505e+00
246094,1.2020661430000000e-04,-3.9200716348710505e+00
246111,1.2020661430000000e-04,-3.9200716348710505e+00
246128,1.1972464270000000e-04,-3.9218164503692963e+00
246145,1.1952228390000000e-04,-3.9225511167026190e+00
246162,1.1952228390000000e-04,-3.9225511167026190e+00
246179,1.1952228390000000e-04,-3.9225511167026190e+00
246202,1.1952228390000000e-04,-3.9225511167026190e+00
246219,1.1952228390000000e-04,-3.9225511167026190e+00
246236,1.1952228390000000e-04,-3.9225511167026190e+00
246253,1.1794858915000000e-04,-3.9283072495900377e+00
246270,1.1794858915000000e-04,-3.9283072495900377e+00
246287,1.1794858915000000e-04,-3.9283072495900377e+00
246310,1.1794858915000000e-04,-3.9283072495900377e+00
246327,1.1794858915000000e-04,-3.9283072495900377e+00
246344,1.1794858915000000e-04,-3.9283072495900377e+00
246361,1.1609813765000000e-04,-3.9351747467973044e+00
246378,1.1489939920000000e-04,-3.9396822421977626e+00
246395,1.1489939920000000e-04,-3.9396822421977626e+00
246418,1.1489939920000000e-04,-3.9396822421977626e+00
246435,1.1489939920000000e-04,-3.9396822421977626e+00
246452,1.1298092283999999e-04,-3.9469948822224312e+00
246469,1.1298092283999999e-04,-3.9469948822224312e+00
246486,1.1191182939999999e-04,-3.9511240048781429e+00
246503,1.1027819653000000e-04,-3.9575103448828552e+00
246526,1.1027819653000000e-04,-3.9575103448828552e+00
246543,1.0972135004000000e-04,-3.9597088573624841e+00
246560,1.0789406234999999e-04,-3.9670024548498479e+00
246577,1.0765549644000000e-04,-3.9679637920121236e+00
246594,1.0668795334999999e-04,-3.9718846160861467e+00
246611,1.0645835560000000e-04,-3.9728202464044959e+00
246634,1.0645835560000000e-04,-3.9728202464044959e+00
246651,1.0493286960000000e-04,-3.9790884503204955e+00
246668,1.0410043719999999e-04,-3.9825474465399080e+00
246685,1.0410043719999999e-04,-3.9825474465399080e+00
246702,1.0410043719999999e-04,-3.9825474465399080e+00
246719,1.0323198220000000e-04,-3.9861857335113196e+00
246742,1.0253966070000000e-04,-3.9891081239578536e+00
246759,1.0253966070000000e-04,-3.9891081239578536e+00
246776,1.0171094420000001e-04,-3.9926323140394424e+00
246793,1.0116538107000000e-04,-3.9949680782318047e+00
246810,1.0116538107000000e-04,-3.9949680782318047e+00
246827,1.0043994564000000e-04,-3.9980935310074468e+00
246850,1.0043994564000000e-04,-3.9980935310074468e+00
246867,1.0043994564000000e-04,-3.9980935310074468e+00
246884,1.0037529400000000e-04,-3.9983731696595570e+00
246901,1.0037277640000000e-04,-3.9983840627135776e+00
246918,9.9390385399999995e-05,-4.0026556253580434e+00
246935,9.9390385399999995e-05,-4.0026556253580434e+00
246958,9.9390385399999995e-05,-4.0026556253580434e+00
246975,9.7520501299999993e-05,-4.0109040749115756e+00
246992,9.7520501299999993e-05,-4.0109040749115756e+00
247009,9.7520501299999993e-05,-4.0109040749115756e+00
247026,9.7520501299999993e-05,-4.0109040749115756e+00
247043,9.7520501299999993e-05,-4.0109040749115756e+00
247066,9.7520501299999993e-05,-4.0109040749115756e+00
247083,9.7520501299999993e-05,-4.0109040749115756e+00
247100,9.7520501299999993e-05,-4.0109040749115756e+00
247117,9.7072724300000004e-05,-4.0129027819360443e+00
247134,9.6364276700000004e-05,-4.0160839340162111e+00
247151,9.4198467100000004e-05,-4.0259561644621975e+00
247174,9.4198467100000004e-05,-4.0259561644621975e+00
247191,9.4134961839999998e-05,-4.0262490491103486e+00
247208,9.3206593359999998e-05,-4.0305533649144376e+00
247225,9.3206593359999998e-05,-4.0305533649144376e+00
247242,9.3206593359999998e-05,-4.0305533649144376e+00
247259,8.9452537849999994e-05,-4.0484073335916788e+00
247282,8.4964152600000000e-05,-4.0707642697184294e+00
247299,8.4964152600000000e-05,-4.0707642697184294e+00
247316,8.4964152600000000e-05,-4.0707642697184294e+00
247333,8.4143684100000007e-05,-4.0749784769960620e+00
247350,8.4143684100000007e-05,-4.0749784769960620e+00
247367,8.4143684100000007e-05,-4.0749784769960620e+00
247390,8.4143684100000007e-05,-4.0749784769960620e+00
247407,8.4143684100000007e-05,-4.0749784769960620e+00
247424,8.3763887600000000e-05,-4.0769431746428770e+00
247441,8.2950644069999994e-05,-4.0811802375484687e+00
247458,8.2950644069999994e-05,-4.0811802375484687e+00
247475,8.2950644069999994e-05,-4.0811802375484687e+00
247498,8.1995140000000000e-05,-4.0862118882715572e+00
247515,8.1995140000000000e-05,-4.0862118882715572e+00
247532,8.1995140000000000e-05,-4.0862118882715572e+00
247549,8.1995140000000000e-05,-4.0862118882715572e+00
247566,8.1995140000000000e-05,-4.0862118882715572e+00
247583,8.1535458549999998e-05,-4.0886534820131510e+00
247606,8.1520235940000005e-05,-4.0887345720427026e+00
247623,8.1038592549999999e-05,-4.0913081102573079e+00
247640,8.0255558399999996e-05,-4.0955248791866223e+00
247657,7.9419116559999994e-05,-4.1000749482372711e+00
247674,7.7482608400000004e-05,-4.1107957674746265e+00
247691,7.7482608400000004e-05,-4.1107957674746265e+00
247714,7.4886193940000006e-05,-4.1255982416909767e+00
247731,7.4886193940000006e-05,-4.1255982416909767e+00
247748,7.4886193940000006e-05,-4.1255982416909767e+00
247765,7.4886193940000006e-05,-4.1255982416909767e+00
247782,7.4886193940000006e-05,-4.1255982416909767e+00
247799,7.4790136599999995e-05,-4.1261556735612670e+00
247822,7.4790136599999995e-05,-4.1261556735612670e+00
247839,7.3896370050000000e-05,-4.1313768945682821e+00
247856,7.3896370050000000e-05,-4.1313768945682821e+00
247873,7.3896370050000000e-05,-4.1313768945682821e+00
247890,7.1969614999999997e-05,-4.1428508205558412e+00
247906,7.1525373500000002e-05,-4.1455398656643920e+00
247928,7.1525373500000002e-05,-4.1455398656643920e+00
247944,7.1525373500000002e-05,-4.1455398656643920e+00
247960,7.1525373500000002e-05,-4.1455398656643920e+00
247976,7.1525373500000002e-05,-4.1455398656643920e+00
247992,7.1525373500000002e-05,-4.1455398656643920e+00
248008,7.1525373500000002e-05,-4.1455398656643920e+00
248030,7.1525373500000002e-05,-4.1455398656643920e+00
248046,7.1525373500000002e-05,-4.1455398656643920e+00
248062,7.1525373500000002e-05,-4.1455398656643920e+00
248078,7.1525373500000002e-05,-4.1455398656643920e+00
248094,7.1525373500000002e-05,-4.1455398656643920e+00
248110,7.1246294740000000e-05,-4.1472377168045735e+00
248132,7.0914172100000001e-05,-4.1492669629866743e+00
248148,7.0914172100000001e-05,-4.1492669629866743e+00
248164,7.0914172100000001e-05,-4.1492669629866743e+00
248180,7.0914172100000001e-05,-4.1492669629866743e+00
248196,7.0578929999999998e-05,-4.1513249299746056e+00
248212,7.0517829159999994e-05,-4.1517010656061872e+00
248234,7.0517829159999994e-05,-4.1517010656061872e+00
248250,6.9300588999999995e-05,-4.1592630742141274e+00
248266,6.9300588999999995e-05,-4.1592630742141274e+00
248282,6.8485208600000004e-05,-4.1644032170777452e+00
248298,6.8100543839999999e-05,-4.1668494198674209e+00
248314,6.8100543839999999e-05,-4.1668494198674209e+00
248336,6.8100543839999999e-05,-4.1668494198674209e+00
248352,6.8100543839999999e-05,-4.1668494198674209e+00
248368,6.8100543839999999e-05,-4.1668494198674209e+00
248384,6.8100543839999999e-05,-4.1668494198674209e+00
248400,6.8100543839999999e-05,-4.1668494198674209e+00
248416,6.8100543839999999e-05,-4.1668494198674209e+00
248438,6.8100543839999999e-05,-4.1668494198674209e+00
248454,6.8060564300000007e-05,-4.1671044544268065e+00
248470,6.7861226199999994e-05,-4.1683782972537884e+00
248486,6.7861226199999994e-05,-4.1683782972537884e+00
248502,6.7861226199999994e-05,-4.1683782972537884e+00
248518,6.7861226199999994e-05,-4.1683782972537884e+00
248540,6.7861226199999994e-05,-4.1683782972537884e+00
248556,6.7861226199999994e-05,-4.1683782972537884e+00
248572,6.7648130370000006e-05,-4.1697442017450355e+00
248588,6.7164292830000004e-05,-4.1728615535584215e+00
248604,6.7164292830000004e-05,-4.1728615535584215e+00
248620,6.7164292830000004e-05,-4.1728615535584215e+00
248642,6.7164292830000004e-05,-4.1728615535584215e+00
248658,6.7164292830000004e-05,-4.1728615535584215e+00
248674,6.6706978260000006e-05,-4.1758287318812286e+00
248690,6.6334369299999996e-05,-4.1782613957306562e+00
248706,6.6093716160000001e-05,-4.1798398289676761e+00
248722,6.5874947549999997e-05,-4.1812797175669436e+00
248744,6.5874947549999997e-05,-4.1812797175669436e+00
248760,6.5874947549999997e-05,-4.1812797175669436e+00
248776,6.5874947549999997e-05,-4.1812797175669436e+00
248792,6.5874947549999997e-05,-4.1812797175669436e+00
248808,6.4165509700000000e-05,-4.1926983515572571e+00
248824,6.3872235900000002e-05,-4.1946878807414061e+00
248846,6.3595978249999998e-05,-4.1965703478588008e+00
248862,6.3364528960000000e-05,-4.1981537892461640e+00
248878,6.2675167099999994e-05,-4.2029044994836484e+00
248894,6.2675167099999994e-05,-4.2029044994836484e+00
248910,6.2675167099999994e-05,-4.2029044994836484e+00
248926,6.2675167099999994e-05,-4.2029044994836484e+00
248948,6.2675167099999994e-05,-4.2029044994836484e+00
248964,6.2675167099999994e-05,-4.2029044994836484e+00
248980,6.2656709000000004e-05,-4.2030324198704454e+00
248996,6.2656709000000004e-05,-4.2030324198704454e+00
249012,6.2573904099999997e-05,-4.2036067477523478e+00
249028,6.2573904099999997e-05,-4.2036067477523478e+00
249050,6.2573904099999997e-05,-4.2036067477523478e+00
249066,6.2573904099999997e-05,-4.2036067477523478e+00
249082,6.2528699299999995e-05,-4.2039206052663625e+00
249098,6.2528699299999995e-05,-4.2039206052663625e+00
249114,6.2528699299999995e-05,-4.2039206052663625e+00
249130,6.2528699299999995e-05,-4.2039206052663625e+00
249152,6.2493125140000006e-05,-4.2041677567036819e+00
249168,6.2493125140000006e-05,-4.2041677567036819e+00
249184,6.2493125140000006e-05,-4.2041677567036819e+00
249200,6.2472948229999993e-05,-4.2043079982990958e+00
249216,6.2319724240000001e-05,-4.2053744770510137e+00
249232,6.1970914700000006e-05,-4.2078120935512917e+00
249254,6.1595297199999998e-05,-4.2104524449468750e+00
249270,6.1595297199999998e-05,-4.2104524449468750e+00
249286,6.1595297199999998e-05,-4.2104524449468750e+00
249302,6.1487691000000006e-05,-4.2112118153760205e+00
249318,6.1201544040000007e-05,-4.2132376209983446e+00
249334,6.1187529750000006e-05,-4.2133370796943366e+00
249356,6.1187529750000006e-05,-4.2133370796943366e+00
249372,6.1071260000000003e-05,-4.2141631197060789e+00
249388,6.1071260000000003e-05,-4.2141631197060789e+00
249404,6.1071260000000003e-05,-4.2141631197060789e+00
249420,6.0502510899999997e-05,-4.2182266014237850e+00
249436,6.0197750660000000e-05,-4.2204197362205909e+00
249458,6.0113350199999999e-05,-4.2210290675258317e+00
249474,6.0113350199999999e-05,-4.2210290675258317e+00
249490,6.0113350199999999e-05,-4.2210290675258317e+00
249506,6.0113350199999999e-05,-4.2210290675258317e+00
249522,6.0113350199999999e-05,-4.2210290675258317e+00
249538,5.9933592350000000e-05,-4.2223296904159007e+00
249560,5.9933592350000000e-05,-4.2223296904159007e+00
249576,5.9933592350000000e-05,-4.2223296904159007e+00
249592,5.9933592350000000e-05,-4.2223296904159007e+00
249608,5.9480583099999999e-05,-4.2256247826539317e+00
249624,5.9480583099999999e-05,-4.2256247826539317e+00
249640,5.9234441700000003e-05,-4.2274257005267906e+00
249662,5.9234441700000003e-05,-4.2274257005267906e+00
249678,5.9175636349999999e-05,-4.2278570631528707e+00
249694,5.8902189100000001e-05,-4.2298685643574911e+00
249710,5.8902189100000001e-05,-4.2298685643574911e+00
249726,5.8902189100000001e-05,-4.2298685643574911e+00
249742,5.8897506099999998e-05,-4.2299030941762039e+00
249764,5.8897506099999998e-05,-4.2299030941762039e+00
249780,5.8897506099999998e-05,-4.2299030941762039e+00
249796,5.8643403299999998e-05,-4.2317808338730432e+00
249812,5.8643403299999998e-05,-4.2317808338730432e+00
249828,5.8643403299999998e-05,-4.2317808338730432e+00
249844,5.8643403299999998e-05,-4.2317808338730432e+00
249866,5.8303582530000000e-05,-4.2343047587022538e+00
249882,5.8162464700000000e-05,-4.2353571980408793e+00
249898,5.8099647500000002e-05,-4.2358265025368516e+00
249914,5.8062870660000003e-05,-4.2361014962174375e+00
249930,5.8062870660000003e-05,-4.2361014962174375e+00
249946,5.7858618050000000e-05,-4.2376319436646481e+00
249968,5.7858618050000000e-05,-4.2376319436646481e+00
249984,5.7813635499999999e-05,-4.2379697199875279e+00
250000,5.7813635499999999e-05,-4.2379697199875279e+00
250016,5.7813635499999999e-05,-4.2379697199875279e+00
250032,5.7813635499999999e-05,-4.2379697199875279e+00
250048,5.7813635499999999e-05,-4.2379697199875279e+00
250070,5.7813635499999999e-05,-4.2379697199875279e+00
250086,5.7813635499999999e-05,-4.2379697199875279e+00
250102,5.7813635499999999e-05,-4.2379697199875279e+00
250118,5.7691805860000001e-05,-4.2388858666102696e+00
250134,5.7691805860000001e-05,-4.2388858666102696e+00
250150,5.7691805860000001e-05,-4.2388858666102696e+00
250172,5.7691805860000001e-05,-4.2388858666102696e+00
250188,5.7329742330000000e-05,-4.2416200101686465e+00
250204,5.7278984300000003e-05,-4.2420046917619372e+00
250220,5.7197440799999998e-05,-4.2426234025234546e+00
250236,5.7197440799999998e-05,-4.2426234025234546e+00
250252,5.6906112400000000e-05,-4.2448410826555598e+00
250274,5.6518494100000000e-05,-4.2478094181747350e+00
250290,5.6518494100000000e-05,-4.2478094181747350e+00
250306,5.6508269270000003e-05,-4.2478879940292869e+00
250322,5.5617499750000002e-05,-4.2547885384705060e+00
250338,5.5617499750000002e-05,-4.2547885384705060e+00
250354,5.5617499750000002e-05,-4.2547885384705060e+00
250376,5.5617499750000002e-05,-4.2547885384705060e+00
250392,5.5617499750000002e-05,-4.2547885384705060e+00
250408,5.5529271830000000e-05,-4.2554780215082788e+00
250424,5.5529271830000000e-05,-4.2554780215082788e+00
250440,5.5529271830000000e-05,-4.2554780215082788e+00
250456,5.5529271830000000e-05,-4.2554780215082788e+00
250478,5.5220989000000002e-05,-4.2578958194751637e+00
250494,5.5220989000000002e-05,-4.2578958194751637e+00
250510,5.4816503559999998e-05,-4.2610886691435672e+00
250526,5.4816503559999998e-05,-4.2610886691435672e+00
250542,5.4816503559999998e-05,-4.2610886691435672e+00
250558,5.4816503559999998e-05,-4.2610886691435672e+00
250580,5.4776877450000000e-05,-4.2614027282866225e+00
250596,5.4662068859999997e-05,-4.2623139350751469e+00
250612,5.4662068859999997e-05,-4.2623139350751469e+00
250628,5.4105405470000001e-05,-4.2667593439780722e+00
250644,5.4105405470000001e-05,-4.2667593439780722e+00
250660,5.3910206899999998e-05,-4.2683290014053483e+00
250682,5.3910206899999998e-05,-4.2683290014053483e+00
250698,5.3910206899999998e-05,-4.2683290014053483e+00
250714,5.3783368299999998e-05,-4.2693520026278557e+00
250730,5.3783368299999998e-05,-4.2693520026278557e+00
250746,5.3765958700000000e-05,-4.2694926058931495e+00
250762,5.3765958700000000e-05,-4.2694926058931495e+00
250784,5.3638969700000002e-05,-4.2705195726903495e+00
250800,5.3331496399999998e-05,-4.2730162305090351e+00
250816,5.3331496399999998e-05,-4.2730162305090351e+00
250832,5.3331496399999998e-05,-4.2730162305090351e+00
250848,5.3331496399999998e-05,-4.2730162305090351e+00
250864,5.3331496399999998e-05,-4.2730162305090351e+00
250886,5.2726332900000002e-05,-4.2779724326639039e+00
250902,5.2726332900000002e-05,-4.2779724326639039e+00
250918,5.2726332900000002e-05,-4.2779724326639039e+00
250934,5.2579391699999997e-05,-4.2791844426279351e+00
250950,5.2579391699999997e-05,-4.2791844426279351e+00
250966,5.2579391699999997e-05,-4.2791844426279351e+00
250988,5.2579391699999997e-05,-4.2791844426279351e+00
251004,5.2035816699999999e-05,-4.2836976248147609e+00
251020,5.1757083799999999e-05,-4.2860302015288267e+00
251036,5.1757083799999999e-05,-4.2860302015288267e+00
251052,5.1757083799999999e-05,-4.2860302015288267e+00
251068,5.1757083799999999e-05,-4.2860302015288267e+00
251090,5.1437201300000000e-05,-4.2887226694196139e+00
251106,5.1437201300000000e-05,-4.2887226694196139e+00
251122,5.1437201300000000e-05,-4.2887226694196139e+00
251138,5.1421351300000003e-05,-4.2888565147327871e+00
251154,5.1421351300000003e-05,-4.2888565147327871e+00
251170,5.0909947329999998e-05,-4.2931973522712887e+00
251192,5.0909947329999998e-05,-4.2931973522712887e+00
251208,5.0909947329999998e-05,-4.2931973522712887e+00
251224,5.0909947329999998e-05,-4.2931973522712887e+00
251240,5.0905097899999998e-05,-4.2932387229878897e+00
251256,5.0905097899999998e-05,-4.2932387229878897e+00
251272,5.0905097899999998e-05,-4.2932387229878897e+00
251294,5.0905097899999998e-05,-4.2932387229878897e+00
251310,5.0905097899999998e-05,-4.2932387229878897e+00
251326,5.0905097899999998e-05,-4.2932387229878897e+00
251342,5.0835617799999998e-05,-4.2938318941389939e+00
251358,5.0835617799999998e-05,-4.2938318941389939e+00
251374,5.0807338999999997e-05,-4.2940735503736880e+00
251396,5.0755833339999997e-05,-4.2945140373204227e+00
251412,5.0755833339999997e-05,-4.2945140373204227e+00
251428,5.0664903900000003e-05,-4.2952927767713502e+00
251444,5.0664903900000003e-05,-4.2952927767713502e+00
251460,5.0664903900000003e-05,-4.2952927767713502e+00
251476,5.0664903900000003e-05,-4.2952927767713502e+00
251498,5.0664903900000003e-05,-4.2952927767713502e+00
251514,5.0664903900000003e-05,-4.2952927767713502e+00
251530,5.0198383630000003e-05,-4.2993102667568399e+00
251546,5.0198383630000003e-05,-4.2993102667568399e+00
251562,5.0198383630000003e-05,-4.2993102667568399e+00
251578,5.0198383630000003e-05,-4.2993102667568399e+00
251600,5.0198383630000003e-05,-4.2993102667568399e+00
251616,5.0198383630000003e-05,-4.2993102667568399e+00
251632,4.9977476500000000e-05,-4.3012256763766992e+00
251648,4.9777467669999997e-05,-4.3029672010363722e+00
251664,4.9777467669999997e-05,-4.3029672010363722e+00
251680,4.9777467669999997e-05,-4.3029672010363722e+00
251702,4.9777467669999997e-05,-4.3029672010363722e+00
251718,4.9680256269999998e-05,-4.3038161725665844e+00
251734,4.9634091000000002e-05,-4.3042199273917783e+00
251750,4.9515047240000001e-05,-4.3052628022736750e+00
251766,4.9422813799999999e-05,-4.3060725324461648e+00
251782,4.9422813799999999e-05,-4.3060725324461648e+00
251804,4.9382528300000002e-05,-4.3064266787088741e+00
251820,4.9158598999999998e-05,-4.3084005028246253e+00
251836,4.9158598999999998e-05,-4.3084005028246253e+00
251852,4.9158598999999998e-05,-4.3084005028246253e+00
251868,4.9050525199999999e-05,-4.3093563381262188e+00
251884,4.9050525199999999e-05,-4.3093563381262188e+00
251906,4.9028415159999998e-05,-4.3095521450648766e+00
251922,4.9028415159999998e-05,-4.3095521450648766e+00
251938,4.8997403550000002e-05,-4.3098269333140227e+00
251954,4.8474106199999997e-05,-4.3144901900055563e+00
251970,4.8171261299999999e-05,-4.3172119821169845e+00
251986,4.8171261299999999e-05,-4.3172119821169845e+00
252008,4.8171261299999999e-05,-4.3172119821169845e+00
252024,4.8171261299999999e-05,-4.3172119821169845e+00
252040,4.8154445600000000e-05,-4.3173636127881432e+00
252056,4.7782909799999997e-05,-4.3207274068756965e+00
252072,4.7782909799999997e-05,-4.3207274068756965e+00
252088,4.7782909799999997e-05,-4.3207274068756965e+00
252110,4.7112404600000000e-05,-4.3268647289636286e+00
252126,4.7112404600000000e-05,-4.3268647289636286e+00
252142,4.6223370400000000e-05,-4.3351383909046026e+00
252158,4.6223370400000000e-05,-4.3351383909046026e+00
252174,4.5992043170000001e-05,-4.3373172967154474e+00
252190,4.5992043170000001e-05,-4.3373172967154474e+00
252212,4.5330107749999998e-05,-4.3436132486189027e+00
252228,4.5207089950000000e-05,-4.3447934482705755e+00
252244,4.4318257270000000e-05,-4.3534173257368298e+00
252260,4.4318257270000000e-05,-4.3534173257368298e+00
252276,4.4318257270000000e-05,-4.3534173257368298e+00
252292,4.3985725999999999e-05,-4.3566882354496661e+00
252314,4.3985725999999999e-05,-4.3566882354496661e+00
252330,4.3985725999999999e-05,-4.3566882354496661e+00
252346,4.3480242200000002e-05,-4.3617080454084070e+00
252362,4.3480242200000002e-05,-4.3617080454084070e+00
252378,4.3480242200000002e-05,-4.3617080454084070e+00
252394,4.3385413400000002e-05,-4.3626562599965828e+00
252416,4.3385413400000002e-05,-4.3626562599965828e+00
252432,4.3107027240000002e-05,-4.3654519260623728e+00
252448,4.3007214800000002e-05,-4.3664586819787523e+00
252464,4.2902022240000000e-05,-4.3675222363240378e+00
252480,4.2902022240000000e-05,-4.3675222363240378e+00
252496,4.2902022240000000e-05,-4.3675222363240378e+00
252518,4.2604499870000001e-05,-4.3705445284676543e+00
252534,4.2604499870000001e-05,-4.3705445284676543e+00
252550,4.2604499870000001e-05,-4.3705445284676543e+00
252566,4.2604499870000001e-05,-4.3705445284676543e+00
252582,4.2604499870000001e-05,-4.3705445284676543e+00
252598,4.2604499870000001e-05,-4.3705445284676543e+00
252620,4.2458857900000001e-05,-4.3720316920917996e+00
252636,4.2458857900000001e-05,-4.3720316920917996e+00
252652,4.2445256549999998e-05,-4.3721708370870740e+00
252668,4.2445256549999998e-05,-4.3721708370870740e+00
252684,4.2445256549999998e-05,-4.3721708370870740e+00
252700,4.2445256549999998e-05,-4.3721708370870740e+00
252722,4.2425844900000001e-05,-4.3723695000591016e+00
252738,4.2425844900000001e-05,-4.3723695000591016e+00
252754,4.2203265199999997e-05,-4.3746539470600219e+00
252770,4.2203265199999997e-05,-4.3746539470600219e+00
252786,4.2056320749999998e-05,-4.3761687237529978e+00
252802,4.2054479799999997e-05,-4.3761877347342590e+00
252824,4.1972894730000000e-05,-4.3770310779194759e+00
252840,4.1972894730000000e-05,-4.3770310779194759e+00
252856,4.1972894730000000e-05,-4.3770310779194759e+00
252872,4.1972894730000000e-05,-4.3770310779194759e+00
252888,4.1972894730000000e-05,-4.3770310779194759e+00
252904,4.1972894730000000e-05,-4.3770310779194759e+00
252926,4.1782803799999997e-05,-4.3790024204109539e+00
252942,4.1782803799999997e-05,-4.3790024204109539e+00
252958,4.1586428440000001e-05,-4.3810483764709565e+00
252974,4.1586428440000001e-05,-4.3810483764709565e+00
252990,4.1518509929999998e-05,-4.3817582414021565e+00
253006,4.1518509929999998e-05,-4.3817582414021565e+00
253028,4.1397834929999999e-05,-4.3830223715008731e+00
253044,4.1397834929999999e-05,-4.3830223715008731e+00
253060,4.1397834929999999e-05,-4.3830223715008731e+00
253076,4.1397834929999999e-05,-4.3830223715008731e+00
253092,4.1397834929999999e-05,-4.3830223715008731e+00
253108,4.1397834929999999e-05,-4.3830223715008731e+00
253130,4.1379911800000003e-05,-4.3832104393545306e+00
253146,4.1379911800000003e-05,-4.3832104393545306e+00
253162,4.1318475300000001e-05,-4.3838557128303890e+00
253178,4.1318475300000001e-05,-4.3838557128303890e+00
253194,4.1318475300000001e-05,-4.3838557128303890e+00
253210,4.1245100900000000e-05,-4.3846276296220008e+00
253232,4.1245100900000000e-05,-4.3846276296220008e+00
253248,4.1245100900000000e-05,-4.3846276296220008e+00
253264,4.1189287059999999e-05,-4.3852157251250965e+00
253280,4.1189287059999999e-05,-4.3852157251250965e+00
253296,4.1189287059999999e-05,-4.3852157251250965e+00
253312,4.1164914530000002e-05,-4.3854727819696455e+00
253334,4.1164914530000002e-05,-4.3854727819696455e+00
253350,4.1164914530000002e-05,-4.3854727819696455e+00
253366,4.1137331599999998e-05,-4.3857638825241381e+00
253382,4.1137331599999998e-05,-4.3857638825241381e+00
253398,4.1137331599999998e-05,-4.3857638825241381e+00
253414,4.0920258640000003e-05,-4.3880616299557271e+00
253436,4.0817982799999998e-05,-4.3891484616600192e+00
253452,4.0817982799999998e-05,-4.3891484616600192e+00
253468,4.0817982799999998e-05,-4.3891484616600192e+00
253484,4.0737154049999997e-05,-4.3900093146474246e+00
253500,4.0737154049999997e-05,-4.3900093146474246e+00
253516,4.0737154049999997e-05,-4.3900093146474246e+00
253538,4.0635280870000001e-05,-4.3910967340686611e+00
253554,4.0635280870000001e-05,-4.3910967340686611e+00
253570,4.0635280870000001e-05,-4.3910967340686611e+00
253586,4.0554511540000000e-05,-4.3919608251041611e+00
253602,4.0414981700000001e-05,-4.3934576135149621e+00
253618,4.0395189799999999e-05,-4.3936703469609801e+00
253640,3.9815984999999999e-05,-4.3999425358771145e+00
253656,3.9801145759999997e-05,-4.4001044256629118e+00
253672,3.9801145759999997e-05,-4.4001044256629118e+00
253688,3.9614152740000000e-05,-4.4021496282462333e+00
253704,3.9614152740000000e-05,-4.4021496282462333e+00
253720,3.9542084439999997e-05,-4.4029404408157387e+00
253742,3.9542084439999997e-05,-4.4029404408157387e+00
253758,3.9522486899999999e-05,-4.4031557358210982e+00
253774,3.9352113199999998e-05,-4.4050319411586090e+00
253790,3.9137201160000002e-05,-4.4074102355055542e+00
253806,3.9137201160000002e-05,-4.4074102355055542e+00
253822,3.9137201160000002e-05,-4.4074102355055542e+00
253844,3.9137201160000002e-05,-4.4074102355055542e+00
253860,3.9124598860000001e-05,-4.4075501021939054e+00
253875,3.9058245360000002e-05,-4.4082872707149869e+00
253890,3.9058245360000002e-05,-4.4082872707149869e+00
253905,3.9058245360000002e-05,-4.4082872707149869e+00
253920,3.8683484799999999e-05,-4.4124744094277153e+00
253941,3.8683484799999999e-05,-4.4124744094277153e+00
253956,3.8683484799999999e-05,-4.4124744094277153e+00
253971,3.8475981500000002e-05,-4.4148102927545185e+00
253986,3.8475981500000002e-05,-4.4148102927545185e+00
254001,3.8475981500000002e-05,-4.4148102927545185e+00
254016,3.8475981500000002e-05,-4.4148102927545185e+00
254037,3.8475981500000002e-05,-4.4148102927545185e+00
254052,3.8475981500000002e-05,-4.4148102927545185e+00
254067,3.8462146160000002e-05,-4.4149664861027258e+00
254082,3.8462146160000002e-05,-4.4149664861027258e+00
254097,3.8462146160000002e-05,-4.4149664861027258e+00
254112,3.8462146160000002e-05,-4.4149664861027258e+00
254133,3.8457857099999997e-05,-4.4150149186303791e+00
254148,3.8020487500000002e-05,-4.4199823188960732e+00
254163,3.8020487500000002e-05,-4.4199823188960732e+00
254178,3.8020487500000002e-05,-4.4199823188960732e+00
254193,3.8020487500000002e-05,-4.4199823188960732e+00
254208,3.8020487500000002e-05,-4.4199823188960732e+00
254229,3.7996128800000003e-05,-4.4202606488158542e+00
254244,3.7996128800000003e-05,-4.4202606488158542e+00
254259,3.7996128800000003e-05,-4.4202606488158542e+00
254274,3.7996128800000003e-05,-4.4202606488158542e+00
254289,3.7968768899999998e-05,-4.4205734842034863e+00
254304,3.7968768899999998e-05,-4.4205734842034863e+00
254325,3.7930310949999999e-05,-4.4210135969672439e+00
254340,3.7930310949999999e-05,-4.4210135969672439e+00
254355,3.7914268200000000e-05,-4.4211973221057184e+00
254370,3.7914268200000000e-05,-4.4211973221057184e+00
254385,3.7914268200000000e-05,-4.4211973221057184e+00
254400,3.7914268200000000e-05,-4.4211973221057184e+00
254421,3.7898705840000003e-05,-4.4213756200093135e+00
254436,3.7898705840000003e-05,-4.4213756200093135e+00
254451,3.7680732199999997e-05,-4.4238806667249646e+00
254466,3.7680732199999997e-05,-4.4238806667249646e+00
254481,3.7659076400000001e-05,-4.4241303353895125e+00
254496,3.7659076400000001e-05,-4.4241303353895125e+00
254517,3.7659076400000001e-05,-4.4241303353895125e+00
254532,3.7641776399999997e-05,-4.4243298894288028e+00
254547,3.7581240000000001e-05,-4.4250288943719198e+00
254562,3.7581240000000001e-05,-4.4250288943719198e+00
254577,3.7581240000000001e-05,-4.4250288943719198e+00
254592,3.7581240000000001e-05,-4.4250288943719198e+00
254613,3.7493535600000001e-05,-4.4260436041457911e+00
254628,3.7425894000000001e-05,-4.4268278167797108e+00
254643,3.7425894000000001e-05,-4.4268278167797108e+00
254658,3.7425894000000001e-05,-4.4268278167797108e+00
254673,3.7399033000000003e-05,-4.4271396268955971e+00
254688,3.7334209650000003e-05,-4.4278930380755650e+00
254709,3.7334209650000003e-05,-4.4278930380755650e+00
254724,3.7334209650000003e-05,-4.4278930380755650e+00
254739,3.7334209650000003e-05,-4.4278930380755650e+00
254754,3.7334209650000003e-05,-4.4278930380755650e+00
254769,3.7334209650000003e-05,-4.4278930380755650e+00
254784,3.7299759870000001e-05,-4.4282939641020267e+00
254805,3.7299759870000001e-05,-4.4282939641020267e+00
254820,3.7276292099999997e-05,-4.4285672937589542e+00
254835,3.7276292099999997e-05,-4.4285672937589542e+00
254850,3.7164947340000003e-05,-4.4298664782239703e+00
254865,3.7164947340000003e-05,-4.4298664782239703e+00
254880,3.7159394140000003e-05,-4.4299313755126208e+00
254901,3.7159394140000003e-05,-4.4299313755126208e+00
254916,3.7159394140000003e-05,-4.4299313755126208e+00
254931,3.7096585900000003e-05,-4.4306660578517514e+00
254946,3.7096585900000003e-05,-4.4306660578517514e+00
254961,3.7096585900000003e-05,-4.4306660578517514e+00
254976,3.6998770300000002e-05,-4.4318127100086597e+00
254997,3.6990701859999999e-05,-4.4319074283214457e+00
255012,3.6990701859999999e-05,-4.4319074283214457e+00
255027,3.6990701859999999e-05,-4.4319074283214457e+00
255042,3.6990701859999999e-05,-4.4319074283214457e+00
255057,3.6990701859999999e-05,-4.4319074283214457e+00
255072,3.6863848900000000e-05,-4.4333993227044104e+00
255093,3.6763242699999997e-05,-4.4345861886731486e+00
255108,3.6670216160000001e-05,-4.4356865299952597e+00
255123,3.6670216160000001e-05,-4.4356865299952597e+00
255138,3.6670216160000001e-05,-4.4356865299952597e+00
255153,3.6670216160000001e-05,-4.4356865299952597e+00
255168,3.6670216160000001e-05,-4.4356865299952597e+00
255189,3.6670216160000001e-05,-4.4356865299952597e+00
255204,3.6670216160000001e-05,-4.4356865299952597e+00
255219,3.6670216160000001e-05,-4.4356865299952597e+00
255234,3.6670216160000001e-05,-4.4356865299952597e+00
255249,3.6600516470000002e-05,-4.4365127862315861e+00
255264,3.6453170100000001e-05,-4.4382646978790259e+00
255285,3.6453170100000001e-05,-4.4382646978790259e+00
255300,3.6453170100000001e-05,-4.4382646978790259e+00
255315,3.6453170100000001e-05,-4.4382646978790259e+00
255330,3.6347827059999997e-05,-4.4395215469523679e+00
255345,3.6277946660000002e-05,-4.4403573020823872e+00
255360,3.6144288300000001e-05,-4.4419603223190256e+00
255381,3.6123006900000000e-05,-4.4422161059298215e+00
255396,3.6123006900000000e-05,-4.4422161059298215e+00
255411,3.5852799400000000e-05,-4.4454769287965226e+00
255426,3.5852799400000000e-05,-4.4454769287965226e+00
255441,3.5852799400000000e-05,-4.4454769287965226e+00
255456,3.5852799400000000e-05,-4.4454769287965226e+00
255477,3.5852799400000000e-05,-4.4454769287965226e+00
255492,3.5852799400000000e-05,-4.4454769287965226e+00
255507,3.5852799400000000e-05,-4.4454769287965226e+00
255522,3.5852799400000000e-05,-4.4454769287965226e+00
255537,3.5852799400000000e-05,-4.4454769287965226e+00
255552,3.5852799400000000e-05,-4.4454769287965226e+00
255573,3.5848290300000001e-05,-4.4455315521574539e+00
255588,3.5848290300000001e-05,-4.4455315521574539e+00
255603,3.5832801400000003e-05,-4.4457192374659762e+00
255618,3.5832801400000003e-05,-4.4457192374659762e+00
255633,3.5832801400000003e-05,-4.4457192374659762e+00
255648,3.5803017800000002e-05,-4.4460803655725840e+00
255669,3.5803017800000002e-05,-4.4460803655725840e+00
255684,3.5803017800000002e-05,-4.4460803655725840e+00
255699,3.5773092350000000e-05,-4.4464435163091496e+00
255714,3.5741592970000002e-05,-4.4468260952924963e+00
255729,3.5734568660000003e-05,-4.4469114557542904e+00
255744,3.5734568660000003e-05,-4.4469114557542904e+00
255765,3.5516956529999999e-05,-4.4495642562621454e+00
255780,3.5516956529999999e-05,-4.4495642562621454e+00
255795,3.5516956529999999e-05,-4.4495642562621454e+00
255810,3.5362582400000003e-05,-4.4514560275639772e+00
255825,3.5362582400000003e-05,-4.4514560275639772e+00
255840,3.5362582400000003e-05,-4.4514560275639772e+00
255861,3.5362582400000003e-05,-4.4514560275639772e+00
255876,3.5283528399999998e-05,-4.4524279913398743e+00
255891,3.5081810000000001e-05,-4.4549180078734514e+00
255906,3.5081810000000001e-05,-4.4549180078734514e+00
255921,3.5081810000000001e-05,-4.4549180078734514e+00
255936,3.5081810000000001e-05,-4.4549180078734514e+00
255957,3.5081810000000001e-05,-4.4549180078734514e+00
255972,3.5081810000000001e-05,-4.4549180078734514e+00
255987,3.5031946370000002e-05,-4.4555357326718026e+00
256002,3.5031946370000002e-05,-4.4555357326718026e+00
256017,3.5031946370000002e-05,-4.4555357326718026e+00
256032,3.4823373500000000e-05,-4.4581291590812002e+00
256053,3.4823373500000000e-05,-4.4581291590812002e+00
256068,3.4823373500000000e-05,-4.4581291590812002e+00
256083,3.4823373500000000e-05,-4.4581291590812002e+00
256098,3.4823373500000000e-05,-4.4581291590812002e+00
256113,3.4823373500000000e-05,-4.4581291590812002e+00
256128,3.4823373500000000e-05,-4.4581291590812002e+00
256149,3.4823373500000000e-05,-4.4581291590812002e+00
256164,3.4823373500000000e-05,-4.4581291590812002e+00
256179,3.4823373500000000e-05,-4.4581291590812002e+00
256194,3.4823373500000000e-05,-4.4581291590812002e+00
256209,3.4823373500000000e-05,-4.4581291590812002e+00
256224,3.4765133800000000e-05,-4.4588560948131031e+00
256245,3.4744060599999998e-05,-4.4591194261561125e+00
256260,3.4744060599999998e-05,-4.4591194261561125e+00
256275,3.4546647800000000e-05,-4.4615940875833591e+00
256290,3.4546647800000000e-05,-4.4615940875833591e+00
256305,3.4546647800000000e-05,-4.4615940875833591e+00
256320,3.4546647800000000e-05,-4.4615940875833591e+00
256341,3.4546647800000000e-05,-4.4615940875833591e+00
256356,3.4546647800000000e-05,-4.4615940875833591e+00
256371,3.4546647800000000e-05,-4.4615940875833591e+00
256386,3.4527943599999999e-05,-4.4618292863990829e+00
256401,3.4405255240000000e-05,-4.4633752159337812e+00
256416,3.4405255240000000e-05,-4.4633752159337812e+00
256437,3.4405255240000000e-05,-4.4633752159337812e+00
256452,3.4405255240000000e-05,-4.4633752159337812e+00
256467,3.4405255240000000e-05,-4.4633752159337812e+00
256482,3.4405255240000000e-05,-4.4633752159337812e+00
256497,3.4354070500000000e-05,-4.4640217974412773e+00
256512,3.4330320199999997e-05,-4.4643221458767668e+00
256533,3.4330320199999997e-05,-4.4643221458767668e+00
256548,3.4183290300000003e-05,-4.4661861367481190e+00
256563,3.4060859600000002e-05,-4.4677443958676681e+00
256578,3.3892307329999997e-05,-4.4698988641346826e+00
256593,3.3892307329999997e-05,-4.4698988641346826e+00
256608,3.3892307329999997e-05,-4.4698988641346826e+00
256629,3.3892307329999997e-05,-4.4698988641346826e+00
256644,3.3892307329999997e-05,-4.4698988641346826e+00
256659,3.3892307329999997e-05,-4.4698988641346826e+00
256674,3.3892307329999997e-05,-4.4698988641346826e+00
256689,3.3892307329999997e-05,-4.4698988641346826e+00
256704,3.3892307329999997e-05,-4.4698988641346826e+00
256725,3.3892307329999997e-05,-4.4698988641346826e+00
256740,3.3892307329999997e-05,-4.4698988641346826e+00
256755,3.3871489799999999e-05,-4.4701657009730287e+00
256770,3.3785736150000003e-05,-4.4712666138886341e+00
256785,3.3785736150000003e-05,-4.4712666138886341e+00
256800,3.3753577160000003e-05,-4.4716801944322198e+00
256821,3.3744074999999999e-05,-4.4718024723352094e+00
256836,3.3712864500000000e-05,-4.4722043449667011e+00
256851,3.3712864500000000e-05,-4.4722043449667011e+00
256866,3.3570685399999999e-05,-4.4740397918351205e+00
256881,3.3404715100000002e-05,-4.4761922278775170e+00
256896,3.3324969700000000e-05,-4.4772302367866850e+00
256917,3.3318956469999999e-05,-4.4773086088984311e+00
256932,3.3318956469999999e-05,-4.4773086088984311e+00
256947,3.3304248460000002e-05,-4.4775003621379597e+00
256962,3.3303926199999999e-05,-4.4775045644972185e+00
256977,3.3199173399999998e-05,-4.4788727293166799e+00
256992,3.3164660349999999e-05,-4.4793244460929111e+00
257013,3.3164660349999999e-05,-4.4793244460929111e+00
257028,3.3164660349999999e-05,-4.4793244460929111e+00
257043,3.3164660349999999e-05,-4.4793244460929111e+00
257058,3.3164660349999999e-05,-4.4793244460929111e+00
257073,3.3111305750000000e-05,-4.4800236924331278e+00
257088,3.3072279559999998e-05,-4.4805358696097413e+00
257109,3.3072279559999998e-05,-4.4805358696097413e+00
257124,3.3072279559999998e-05,-4.4805358696097413e+00
257139,3.3015948650000000e-05,-4.4812762195922042e+00
257154,3.3015948650000000e-05,-4.4812762195922042e+00
257169,3.2926375800000002e-05,-4.4824560693695208e+00
257184,3.2926375800000002e-05,-4.4824560693695208e+00
257205,3.2926375800000002e-05,-4.4824560693695208e+00
257220,3.2900812899999999e-05,-4.4827933715447692e+00
257235,3.2797103360000000e-05,-4.4841645114809880e+00
257250,3.2725317500000001e-05,-4.4851161312453778e+00
257265,3.2725317500000001e-05,-4.4851161312453778e+00
257280,3.2688340470000001e-05,-4.4856071272329139e+00
257301,3.2576705900000001e-05,-4.4870928329121247e+00
257316,3.2514814340000002e-05,-4.4879187214759719e+00
257331,3.2514814340000002e-05,-4.4879187214759719e+00
257346,3.2514814340000002e-05,-4.4879187214759719e+00
257361,3.2514814340000002e-05,-4.4879187214759719e+00
257376,3.2492462940000001e-05,-4.4882173677344062e+00
257397,3.2492462940000001e-05,-4.4882173677344062e+00
257412,3.2215641800000002e-05,-4.4919332122169973e+00
257427,3.2215641800000002e-05,-4.4919332122169973e+00
257442,3.2215641800000002e-05,-4.4919332122169973e+00
257457,3.2215641800000002e-05,-4.4919332122169973e+00
257472,3.2215641800000002e-05,-4.4919332122169973e+00
257493,3.2215641800000002e-05,-4.4919332122169973e+00
257508,3.2215641800000002e-05,-4.4919332122169973e+00
257523,3.2215641800000002e-05,-4.4919332122169973e+00
257538,3.2192204500000002e-05,-4.4922492821089346e+00
257553,3.2185434629999997e-05,-4.4923406218111905e+00
257568,3.2159398359999997e-05,-4.4926920846554328e+00
257589,3.2159398359999997e-05,-4.4926920846554328e+00
257604,3.2008951500000002e-05,-4.4947285515735231e+00
257619,3.1875781249999998e-05,-4.4965391622158375e+00
257634,3.1831483849999997e-05,-4.4971431159235626e+00
257649,3.1831483849999997e-05,-4.4971431159235626e+00
257664,3.1788083199999998e-05,-4.4977356589603659e+00
257685,3.1780888499999998e-05,-4.4978339653648503e+00
257700,3.1607076900000003e-05,-4.5002156669222311e+00
257715,3.1534580200000003e-05,-4.5012129461210195e+00
257730,3.1534580200000003e-05,-4.5012129461210195e+00
257745,3.1534580200000003e-05,-4.5012129461210195e+00
257760,3.1518138800000003e-05,-4.5014394362572050e+00
257781,3.1392452569999997e-05,-4.5031747532388273e+00
257796,3.1392452569999997e-05,-4.5031747532388273e+00
257811,3.1349507650000000e-05,-4.5037692754574188e+00
257826,3.1295260999999998e-05,-4.5045214221139727e+00
257841,3.1095440999999999e-05,-4.5073032795802082e+00
257856,3.1059490000000002e-05,-4.5078056797086905e+00
257877,3.1059490000000002e-05,-4.5078056797086905e+00
257892,3.0914929299999999e-05,-4.5098317423611265e+00
257907,3.0895522570000003e-05,-4.5101044546863971e+00
257922,3.0893074950000000e-05,-4.5101388619363751e+00
257937,3.0841095739999999e-05,-4.5108702004854795e+00
257952,3.0709945300000000e-05,-4.5127209571137303e+00
257973,3.0636300659999999e-05,-4.5137636770271490e+00
257988,3.0213418400000000e-05,-4.5198001350951715e+00
258003,3.0086894640000001e-05,-4.5216226348025774e+00
258018,3.0086894640000001e-05,-4.5216226348025774e+00
258033,2.9971600799999999e-05,-4.5232900605231476e+00
258048,2.9706308169999999e-05,-4.5271513179379292e+00
258069,2.9706308169999999e-05,-4.5271513179379292e+00
258084,2.9693195500000000e-05,-4.5273430623116928e+00
258099,2.9586186999999999e-05,-4.5289110021108572e+00
258114,2.9586186999999999e-05,-4.5289110021108572e+00
258129,2.9459019969999999e-05,-4.5307817051750146e+00
258144,2.9272300800000000e-05,-4.5335431407205142e+00
258165,2.9244063500000000e-05,-4.5339622817478977e+00
258180,2.9244063500000000e-05,-4.5339622817478977e+00
258195,2.9194439700000001e-05,-4.5346998553170694e+00
258210,2.9175490169999998e-05,-4.5349818387500154e+00
258225,2.9175490169999998e-05,-4.5349818387500154e+00
258240,2.8957808350000002e-05,-4.5382343104831540e+00
258261,2.8957808350000002e-05,-4.5382343104831540e+00
258276,2.8929743799999999e-05,-4.5386554124197307e+00
258291,2.8890106100000001e-05,-4.5392508631900741e+00
258306,2.8890106100000001e-05,-4.5392508631900741e+00
258321,2.8890106100000001e-05,-4.5392508631900741e+00
258336,2.8882651300000001e-05,-4.5393629429545639e+00
258357,2.8751713669999998e-05,-4.5413362652266915e+00
258372,2.8751713669999998e-05,-4.5413362652266915e+00
258387,2.8723205500000001e-05,-4.5417670946080735e+00
258402,2.8622697760000002e-05,-4.5432894353188837e+00
258417,2.8622697760000002e-05,-4.5432894353188837e+00
258432,2.8559764900000000e-05,-4.5442453719327309e+00
258453,2.8521784149999999e-05,-4.5448233111390879e+00
258468,2.8367280299999999e-05,-4.5471822999927189e+00
258483,2.8359400460000000e-05,-4.5473029547183765e+00
258498,2.8333986900000000e-05,-4.5476923112245489e+00
258513,2.8333986900000000e-05,-4.5476923112245489e+00
258528,2.7898254099999999e-05,-4.5544229744490190e+00
258549,2.7898254099999999e-05,-4.5544229744490190e+00
258564,2.7681082100000001e-05,-4.5578169365825785e+00
258579,2.7681082100000001e-05,-4.5578169365825785e+00
258594,2.7616605399999999e-05,-4.5588297054333990e+00
258609,2.7456414559999999e-05,-4.5613561764391539e+00
258624,2.7456414559999999e-05,-4.5613561764391539e+00
258645,2.6956687999999999e-05,-4.5693334679113109e+00
258660,2.6956687999999999e-05,-4.5693334679113109e+00
258675,2.6860817900000000e-05,-4.5708807673914764e+00
258690,2.6680005599999999e-05,-4.5738140835992356e+00
258705,2.6680005599999999e-05,-4.5738140835992356e+00
258720,2.6671176499999999e-05,-4.5739578265977689e+00
258741,2.6592540170000000e-05,-4.5752401760522838e+00
258756,2.5900110869999999e-05,-4.5866983768405181e+00
258771,2.5859404560000000e-05,-4.5873814794279184e+00
258786,2.5859404560000000e-05,-4.5873814794279184e+00
258801,2.5700162200000001e-05,-4.5900641357215193e+00
258816,2.5567747570000001e-05,-4.5923075301280409e+00
258837,2.5567747570000001e-05,-4.5923075301280409e+00
258852,2.5043734470000000e-05,-4.6013009095357438e+00
258867,2.5043734470000000e-05,-4.6013009095357438e+00
258882,2.5043734470000000e-05,-4.6013009095357438e+00
258897,2.3477698450000001e-05,-4.6293444798033354e+00
258912,2.2290762199999999e-05,-4.6518750812014726e+00
258933,2.2290762199999999e-05,-4.6518750812014726e+00
258948,2.2290762199999999e-05,-4.6518750812014726e+00
258963,1.9895588249999999e-05,-4.7012432156051949e+00
258978,1.9895588249999999e-05,-4.7012432156051949e+00
258993,1.9895588249999999e-05,-4.7012432156051949e+00
259008,1.9721710430000001e-05,-4.7050554221484813e+00
259029,1.9721710430000001e-05,-4.7050554221484813e+00
259044,1.9721710430000001e-05,-4.7050554221484813e+00
259059,1.9721710430000001e-05,-4.7050554221484813e+00
259074,1.9721710430000001e-05,-4.7050554221484813e+00
259089,1.9721710430000001e-05,-4.7050554221484813e+00
259104,1.9721710430000001e-05,-4.7050554221484813e+00
259125,1.9721710430000001e-05,-4.7050554221484813e+00
259140,1.9721710430000001e-05,-4.7050554221484813e+00
259155,1.9721710430000001e-05,-4.7050554221484813e+00
259170,1.8360959600000000e-05,-4.7361046249814889e+00
259185,1.8092537739999998e-05,-4.7425005127874886e+00
259200,1.8092537739999998e-05,-4.7425005127874886e+00
259221,1.7989316699999999e-05,-4.7449853324329538e+00
259236,1.6356037100000000e-05,-4.7863219130170043e+00
259251,1.6356037100000000e-05,-4.7863219130170043e+00
259266,1.6356037100000000e-05,-4.7863219130170043e+00
259281,1.6356037100000000e-05,-4.7863219130170043e+00
259296,1.6356037100000000e-05,-4.7863219130170043e+00
259317,1.6356037100000000e-05,-4.7863219130170043e+00
259332,1.6026092600000000e-05,-4.7951723522006970e+00
259347,1.6026092600000000e-05,-4.7951723522006970e+00
259362,1.4675896070000001e-05,-4.8333953724397558e+00
259377,1.4490347800000001e-05,-4.8389211903874827e+00
259392,1.3902324550000000e-05,-4.8569125770960655e+00
259413,1.3902324550000000e-05,-4.8569125770960655e+00
259428,1.3902324550000000e-05,-4.8569125770960655e+00
259443,1.3902324550000000e-05,-4.8569125770960655e+00
259458,1.3902324550000000e-05,-4.8569125770960655e+00
259473,1.3575843870000001e-05,-4.8672331652975815e+00
259488,1.3575843870000001e-05,-4.8672331652975815e+00
259509,1.3575843870000001e-05,-4.8672331652975815e+00
259524,1.3575843870000001e-05,-4.8672331652975815e+00
259539,1.3330442600000000e-05,-4.8751554308152025e+00
259554,1.3025700799999999e-05,-4.8851989017800346e+00
259569,1.2694007070000000e-05,-4.8964012641391941e+00
259584,1.2694007070000000e-05,-4.8964012641391941e+00
259605,1.2694007070000000e-05,-4.8964012641391941e+00
259620,1.2694007070000000e-05,-4.8964012641391941e+00
259635,1.2153734640000001e-05,-4.9152902501050271e+00
259650,1.2153734640000001e-05,-4.9152902501050271e+00
259665,1.2153734640000001e-05,-4.9152902501050271e+00
259680,1.2153734640000001e-05,-4.9152902501050271e+00
259701,1.2153734640000001e-05,-4.9152902501050271e+00
259716,1.2153734640000001e-05,-4.9152902501050271e+00
259731,1.2104477199999999e-05,-4.9170539632696064e+00
259746,1.2104477199999999e-05,-4.9170539632696064e+00
259761,1.2104477199999999e-05,-4.9170539632696064e+00
259776,1.2104477199999999e-05,-4.9170539632696064e+00
259797,1.1885308370000000e-05,-4.9249895458119459e+00
259812,1.1728289100000001e-05,-4.9307653372981672e+00
259827,1.1728289100000001e-05,-4.9307653372981672e+00
259842,1.1728289100000001e-05,-4.9307653372981672e+00
259857,1.1728289100000001e-05,-4.9307653372981672e+00
259872,1.1728289100000001e-05,-4.9307653372981672e+00
259893,1.1640118000000000e-05,-4.9340426170667913e+00
259908,1.1631517740000001e-05,-4.9343636126059698e+00
259923,1.0995376100000001e-05,-4.9587899108815359e+00
259938,1.0857405870000001e-05,-4.9642739271342151e+00
259953,1.0758564900000000e-05,-4.9682456559537957e+00
259968,1.0758564900000000e-05,-4.9682456559537957e+00
259989,1.0689726400000000e-05,-4.9710334102721250e+00
260004,1.0689726400000000e-05,-4.9710334102721250e+00
260019,1.0623828300000000e-05,-4.9737189568922018e+00
260034,1.0557356860000000e-05,-4.9764447981657653e+00
260049,1.0557356860000000e-05,-4.9764447981657653e+00
260064,1.0460075999999999e-05,-4.9804651599944885e+00
260085,1.0219491499999999e-05,-4.9905707132265693e+00
260100,1.0033947830000000e-05,-4.9985281613511239e+00
260115,1.0033947830000000e-05,-4.9985281613511239e+00
260130,9.8924816999999998e-06,-5.0046947444580798e+00
260145,9.8924816999999998e-06,-5.0046947444580798e+00
260160,9.7435416999999992e-06,-5.0112831518296286e+00
260181,9.6472735000000008e-06,-5.0155954090618140e+00
260196,9.6472735000000008e-06,-5.0155954090618140e+00
260211,9.6472735000000008e-06,-5.0155954090618140e+00
260226,8.6552412299999996e-06,-5.0627208234098573e+00
260241,8.6552412299999996e-06,-5.0627208234098573e+00
260256,8.6552412299999996e-06,-5.0627208234098573e+00
260277,8.4677973000000004e-06,-5.0722295465601732e+00
260292,8.4677973000000004e-06,-5.0722295465601732e+00
260307,8.3147313999999998e-06,-5.0801517757146941e+00
260322,8.3147313999999998e-06,-5.0801517757146941e+00
260337,8.1086767999999997e-06,-5.0910500095796225e+00
260352,8.1086767999999997e-06,-5.0910500095796225e+00
260373,8.0839180299999993e-06,-5.0923780988305545e+00
260388,8.0839180299999993e-06,-5.0923780988305545e+00
260403,8.0839180299999993e-06,-5.0923780988305545e+00
260418,8.0789220600000007e-06,-5.0926465816293414e+00
260433,7.9721337999999992e-06,-5.0984254209457038e+00
260448,7.9721337999999992e-06,-5.0984254209457038e+00
260469,7.9208324999999993e-06,-5.1012291705373256e+00
260484,7.8920072000000007e-06,-5.1028125272061056e+00
260499,7.8462853000000002e-06,-5.1053359044701825e+00
260514,7.7479038000000002e-06,-5.1108157802333256e+00
260529,7.7479038000000002e-06,-5.1108157802333256e+00
260544,7.7479038000000002e-06,-5.1108157802333256e+00
260565,7.7479038000000002e-06,-5.1108157802333256e+00
260580,7.7104866999999997e-06,-5.1129182076230855e+00
260595,7.7022864399999999e-06,-5.1133803344541047e+00
260610,7.7022864399999999e-06,-5.1133803344541047e+00
260625,7.7022864399999999e-06,-5.1133803344541047e+00
260640,7.6060829000000001e-06,-5.1188389454487133e+00
260661,7.6060829000000001e-06,-5.1188389454487133e+00
260676,7.6060829000000001e-06,-5.1188389454487133e+00
260691,7.6060829000000001e-06,-5.1188389454487133e+00
260706,7.6060829000000001e-06,-5.1188389454487133e+00
260721,7.3720753999999998e-06,-5.1324102315597901e+00
260736,7.3326170999999997e-06,-5.1347409927213956e+00
260757,7.2538485400000002e-06,-5.1394315167082931e+00
260772,7.2457198700000002e-06,-5.1399184604291301e+00
260787,7.2457198700000002e-06,-5.1399184604291301e+00
260802,7.2457198700000002e-06,-5.1399184604291301e+00
260817,7.2457198700000002e-06,-5.1399184604291301e+00
260831,7.2457198700000002e-06,-5.1399184604291301e+00
260851,7.1539130300000003e-06,-5.1454563438656455e+00
260865,7.1539130300000003e-06,-5.1454563438656455e+00
260879,7.1539130300000003e-06,-5.1454563438656455e+00
260893,7.1234266600000000e-06,-5.1473110426645068e+00
260907,7.1225823999999999e-06,-5.1473625177770348e+00
260921,7.1074512699999998e-06,-5.1482861092305772e+00
260941,7.1074512699999998e-06,-5.1482861092305772e+00
260955,7.0782557500000003e-06,-5.1500737495810798e+00
260969,7.0782557500000003e-06,-5.1500737495810798e+00
260983,7.0649192599999999e-06,-5.1508927970336584e+00
260997,7.0610653999999999e-06,-5.1511297660257442e+00
261011,6.9820685599999999e-06,-5.1560158909725002e+00
261031,6.9801174999999998e-06,-5.1561372666071943e+00
261045,6.9238005000000002e-06,-5.1596554542278046e+00
261059,6.9238005000000002e-06,-5.1596554542278046e+00
261073,6.9002270500000001e-06,-5.1611366186917609e+00
261087,6.8989644000000000e-06,-5.1612160960917368e+00
261101,6.8989644000000000e-06,-5.1612160960917368e+00
261121,6.8989644000000000e-06,-5.1612160960917368e+00
261135,6.8989644000000000e-06,-5.1612160960917368e+00
261149,6.8989644000000000e-06,-5.1612160960917368e+00
261163,6.8989644000000000e-06,-5.1612160960917368e+00
261177,6.7945581000000002e-06,-5.1678387833718444e+00
261191,6.7945581000000002e-06,-5.1678387833718444e+00
261211,6.7945581000000002e-06,-5.1678387833718444e+00
261225,6.7945581000000002e-06,-5.1678387833718444e+00
261239,6.7945581000000002e-06,-5.1678387833718444e+00
261253,6.7945581000000002e-06,-5.1678387833718444e+00
261267,6.7621293999999999e-06,-5.1699165228384762e+00
261281,6.7621293999999999e-06,-5.1699165228384762e+00
261301,6.7377547999999996e-06,-5.1714847978880849e+00
261315,6.6902621000000003e-06,-5.1745568678294891e+00
261329,6.6748145999999996e-06,-5.1755607927821394e+00
261343,6.6748145999999996e-06,-5.1755607927821394e+00
261357,6.5820165000000000e-06,-5.1816410333376082e+00
261371,6.5674792000000002e-06,-5.1826012940028026e+00
261391,6.5674792000000002e-06,-5.1826012940028026e+00
261405,6.5337242000000003e-06,-5.1848392018082556e+00
261419,6.4883202499999998e-06,-5.1878677223950271e+00
261433,6.4191186999999997e-06,-5.1925245934264295e+00
261447,6.4191186999999997e-06,-5.1925245934264295e+00
261461,6.4191186999999997e-06,-5.1925245934264295e+00
261481,6.4191186999999997e-06,-5.1925245934264295e+00
261495,6.4191186999999997e-06,-5.1925245934264295e+00
261509,6.4191186999999997e-06,-5.1925245934264295e+00
261523,6.3411870999999997e-06,-5.1978294325410319e+00
261537,6.3411870999999997e-06,-5.1978294325410319e+00
261551,6.3282449999999996e-06,-5.1987167153371274e+00
261571,6.3087427399999999e-06,-5.2000571820370967e+00
261585,6.3077069400000000e-06,-5.2001284924670159e+00
261599,6.3077069400000000e-06,-5.2001284924670159e+00
261613,6.3077069400000000e-06,-5.2001284924670159e+00
261627,6.3077069400000000e-06,-5.2001284924670159e+00
261641,6.1935826400000000e-06,-5.2080580633079236e+00
261661,6.1935826400000000e-06,-5.2080580633079236e+00
261675,6.1658243000000000e-06,-5.2100088549951176e+00
261689,6.1658243000000000e-06,-5.2100088549951176e+00
261703,6.0974604699999996e-06,-5.2148510065478959e+00
261717,5.8914833400000004e-06,-5.2297753460835592e+00
261731,5.8914833400000004e-06,-5.2297753460835592e+00
261751,5.8818016599999998e-06,-5.2304896244089987e+00
261765,5.7910374400000004e-06,-5.2372436272730081e+00
261779,5.7435039500000003e-06,-5.2408230759176702e+00
261793,5.7435039500000003e-06,-5.2408230759176702e+00
261807,5.7435039500000003e-06,-5.2408230759176702e+00
261821,5.7373372000000004e-06,-5.2412896246171687e+00
261841,5.7373372000000004e-06,-5.2412896246171687e+00
261855,5.7373372000000004e-06,-5.2412896246171687e+00
261869,5.7373372000000004e-06,-5.2412896246171687e+00
261883,5.7373372000000004e-06,-5.2412896246171687e+00
261897,5.7161238000000001e-06,-5.2428983738148274e+00
261911,5.7161238000000001e-06,-5.2428983738148274e+00
261931,5.6678240000000000e-06,-5.2465836441365683e+00
261945,5.6678240000000000e-06,-5.2465836441365683e+00
261959,5.6678240000000000e-06,-5.2465836441365683e+00
261973,5.6678240000000000e-06,-5.2465836441365683e+00
261987,5.6251289499999999e-06,-5.2498675173709923e+00
262001,5.5688394700000002e-06,-5.2542353011079106e+00
262021,5.5688394700000002e-06,-5.2542353011079106e+00
262035,5.5688394700000002e-06,-5.2542353011079106e+00
262049,5.5625325000000003e-06,-5.2547274385675191e+00
262063,5.5625325000000003e-06,-5.2547274385675191e+00
262077,5.5625325000000003e-06,-5.2547274385675191e+00
262091,5.5625325000000003e-06,-5.2547274385675191e+00
262111,5.5625325000000003e-06,-5.2547274385675191e+00
262125,5.5359532999999996e-06,-5.2568075821419509e+00
262139,5.4822386000000001e-06,-5.2610420668613873e+00
262153,5.4822386000000001e-06,-5.2610420668613873e+00
262167,5.4822386000000001e-06,-5.2610420668613873e+00
262181,5.2517875699999999e-06,-5.2796928490415498e+00
262201,5.2517875699999999e-06,-5.2796928490415498e+00
262215,5.2517875699999999e-06,-5.2796928490415498e+00
262229,5.0637190999999997e-06,-5.2955303939669207e+00
262243,5.0637190999999997e-06,-5.2955303939669207e+00
262257,5.0340374300000000e-06,-5.2980835596295268e+00
262271,5.0019410000000000e-06,-5.3008614352615639e+00
262291,4.6559835999999998e-06,-5.3319885580922843e+00
262305,4.6559835999999998e-06,-5.3319885580922843e+00
262319,4.6559835999999998e-06,-5.3319885580922843e+00
262333,4.6559835999999998e-06,-5.3319885580922843e+00
262347,4.4487830499999998e-06,-5.3517587726033131e+00
262361,4.4487830499999998e-06,-5.3517587726033131e+00
262381,4.4487830499999998e-06,-5.3517587726033131e+00
262395,4.4487830499999998e-06,-5.3517587726033131e+00
262409,4.4195515400000000e-06,-5.3546217970727490e+00
262423,4.3964047999999996e-06,-5.3569023266415172e+00
262437,4.3964047999999996e-06,-5.3569023266415172e+00
262451,4.3964047999999996e-06,-5.3569023266415172e+00
262471,4.3308356999999996e-06,-5.3634282918963079e+00
262485,4.2646830000000002e-06,-5.3701132450280618e+00
262499,4.2499896000000004e-06,-5.3716121326951329e+00
262513,4.2499896000000004e-06,-5.3716121326951329e+00
262527,4.1744231999999997e-06,-5.3794035245786613e+00
262541,4.1744231999999997e-06,-5.3794035245786613e+00
262561,4.1744231999999997e-06,-5.3794035245786613e+00
262575,4.1744231999999997e-06,-5.3794035245786613e+00
262589,4.1744231999999997e-06,-5.3794035245786613e+00
262603,4.1744231999999997e-06,-5.3794035245786613e+00
262617,4.1744231999999997e-06,-5.3794035245786613e+00
262631,4.1511688999999996e-06,-5.3818295959768845e+00
262651,4.1511688999999996e-06,-5.3818295959768845e+00
262665,4.1511688999999996e-06,-5.3818295959768845e+00
262679,4.1511688999999996e-06,-5.3818295959768845e+00
262693,4.1163973000000000e-06,-5.3854827153307250e+00
262707,4.1163973000000000e-06,-5.3854827153307250e+00
262721,3.9619324999999999e-06,-5.4020929278704770e+00
262741,3.9619324999999999e-06,-5.4020929278704770e+00
262755,3.8996282700000002e-06,-5.4089767898919927e+00
262769,3.8996282700000002e-06,-5.4089767898919927e+00
262783,3.8778615600000001e-06,-5.4114076993319067e+00
262797,3.8778615600000001e-06,-5.4114076993319067e+00
262811,3.8778615600000001e-06,-5.4114076993319067e+00
262831,3.8778615600000001e-06,-5.4114076993319067e+00
262845,3.8680794300000004e-06,-5.4125046163738055e+00
262859,3.8441471000000004e-06,-5.4152000019878921e+00
262873,3.7561868599999999e-06,-5.4252528109085079e+00
262887,3.7013525699999999e-06,-5.4316395444880774e+00
262901,3.7013525699999999e-06,-5.4316395444880774e+00
262921,3.6729920000000000e-06,-5.4349800175734755e+00
262935,3.6729920000000000e-06,-5.4349800175734755e+00
262949,3.6729920000000000e-06,-5.4349800175734755e+00
262963,3.6729920000000000e-06,-5.4349800175734755e+00
262977,3.5377122500000002e-06,-5.4512774945804381e+00
262991,3.4843388000000000e-06,-5.4578796229477549e+00
263011,3.4785114000000001e-06,-5.4586065690063510e+00
263025,3.4785114000000001e-06,-5.4586065690063510e+00
263039,3.4076624600000002e-06,-5.4675434300495205e+00
263053,3.3201705000000001e-06,-5.4788396134923891e+00
263067,3.3183752000000001e-06,-5.4790745109948249e+00
263081,3.3011930999999998e-06,-5.4813290713038336e+00
263101,3.3011930999999998e-06,-5.4813290713038336e+00
263115,3.3011930999999998e-06,-5.4813290713038336e+00
263129,3.3011930999999998e-06,-5.4813290713038336e+00
263143,3.3011930999999998e-06,-5.4813290713038336e+00
263157,3.3011930999999998e-06,-5.4813290713038336e+00
263171,3.2354925000000001e-06,-5.4900596025524493e+00
263191,3.2354925000000001e-06,-5.4900596025524493e+00
263205,3.2331069500000000e-06,-5.4903799288475863e+00
263219,3.2331069500000000e-06,-5.4903799288475863e+00
263233,3.2331069500000000e-06,-5.4903799288475863e+00
263247,3.2331069500000000e-06,-5.4903799288475863e+00
263261,3.2331069500000000e-06,-5.4903799288475863e+00
263281,3.2331069500000000e-06,-5.4903799288475863e+00
263295,3.2331069500000000e-06,-5.4903799288475863e+00
263309,3.2250096599999999e-06,-5.4914689801671903e+00
263323,3.2250096599999999e-06,-5.4914689801671903e+00
263337,3.2250096599999999e-06,-5.4914689801671903e+00
263351,3.2250096599999999e-06,-5.4914689801671903e+00
263371,3.2135343399999999e-06,-5.4930170548347004e+00
263385,3.2135343399999999e-06,-5.4930170548347004e+00
263399,3.1692243000000001e-06,-5.4990470227834889e+00
263413,3.1686427600000001e-06,-5.4991267213985981e+00
263427,3.1325501500000001e-06,-5.5041019675185128e+00
263441,3.1325501500000001e-06,-5.5041019675185128e+00
263461,3.1325501500000001e-06,-5.5041019675185128e+00
263475,3.1325501500000001e-06,-5.5041019675185128e+00
263489,3.1325501500000001e-06,-5.5041019675185128e+00
263503,3.1325501500000001e-06,-5.5041019675185128e+00
263517,3.1251188400000001e-06,-5.5051334629359410e+00
263531,3.1231476000000001e-06,-5.5054074905213932e+00
263551,3.1231476000000001e-06,-5.5054074905213932e+00
263565,3.1231476000000001e-06,-5.5054074905213932e+00
263579,3.0953359599999998e-06,-5.5092922068520247e+00
263593,3.0953359599999998e-06,-5.5092922068520247e+00
263607,3.0670005300000000e-06,-5.5132861489682625e+00
263621,3.0670005300000000e-06,-5.5132861489682625e+00
263641,3.0310576000000000e-06,-5.5184058105395142e+00
263655,3.0310576000000000e-06,-5.5184058105395142e+00
263669,3.0310576000000000e-06,-5.5184058105395142e+00
263683,3.0310576000000000e-06,-5.5184058105395142e+00
263697,3.0288473000000002e-06,-5.5187226211666642e+00
263711,3.0033127700000001e-06,-5.5223994372942409e+00
263731,3.0033127700000001e-06,-5.5223994372942409e+00
263745,3.0033127700000001e-06,-5.5223994372942409e+00
263759,2.9969067399999999e-06,-5.5233267715467029e+00
263773,2.9969067399999999e-06,-5.5233267715467029e+00
263787,2.9795989500000000e-06,-5.5258421874416044e+00
263801,2.9417412300000000e-06,-5.5313955326029793e+00
263821,2.9288048999999998e-06,-5.5333095575350271e+00
263835,2.9097243400000001e-06,-5.5361481530373151e+00
263849,2.8982039500000002e-06,-5.5378710559790711e+00
263863,2.8982039500000002e-06,-5.5378710559790711e+00
263877,2.8060755000000002e-06,-5.5519006480645130e+00
263891,2.8060755000000002e-06,-5.5519006480645130e+00
263911,2.8060755000000002e-06,-5.5519006480645130e+00
263925,2.7938876000000000e-06,-5.5537910698330313e+00
263939,2.7938876000000000e-06,-5.5537910698330313e+00
263953,2.7938876000000000e-06,-5.5537910698330313e+00
263967,2.7938876000000000e-06,-5.5537910698330313e+00
263981,2.7938876000000000e-06,-5.5537910698330313e+00
264001,2.7938876000000000e-06,-5.5537910698330313e+00
264015,2.7779171999999998e-06,-5.5562807032056787e+00
264029,2.7445728000000000e-06,-5.5615252450357779e+00
264043,2.7286870399999998e-06,-5.5640462718035657e+00
264057,2.7286870399999998e-06,-5.5640462718035657e+00
264071,2.7286870399999998e-06,-5.5640462718035657e+00
264091,2.7238271500000001e-06,-5.5648204555635816e+00
264105,2.7146798000000000e-06,-5.5662813886511939e+00
264119,2.7146798000000000e-06,-5.5662813886511939e+00
264133,2.7146798000000000e-06,-5.5662813886511939e+00
264147,2.7146798000000000e-06,-5.5662813886511939e+00
264161,2.6682468500000000e-06,-5.5737739946079250e+00
264181,2.6682468500000000e-06,-5.5737739946079250e+00
264195,2.6682468500000000e-06,-5.5737739946079250e+00
264209,2.6682468500000000e-06,-5.5737739946079250e+00
264223,2.6682468500000000e-06,-5.5737739946079250e+00
264237,2.6682468500000000e-06,-5.5737739946079250e+00
264251,2.6682468500000000e-06,-5.5737739946079250e+00
264271,2.6252286999999998e-06,-5.5808328565164791e+00
264285,2.5313848999999999e-06,-5.5966418148429273e+00
264299,2.5313848999999999e-06,-5.5966418148429273e+00
264313,2.5313848999999999e-06,-5.5966418148429273e+00
264327,2.5313848999999999e-06,-5.5966418148429273e+00
264341,2.5259441000000001e-06,-5.5975762647585841e+00
264361,2.5177766000000001e-06,-5.5989828070682828e+00
264375,2.5177766000000001e-06,-5.5989828070682828e+00
264389,2.4857976699999998e-06,-5.6045342233928945e+00
264403,2.4303281000000001e-06,-5.6143350916688890e+00
264417,2.4303281000000001e-06,-5.6143350916688890e+00
264431,2.4303281000000001e-06,-5.6143350916688890e+00
264451,2.4162440000000002e-06,-5.6168592113990350e+00
264465,2.4162440000000002e-06,-5.6168592113990350e+00
264479,2.4162440000000002e-06,-5.6168592113990350e+00
264493,2.4162440000000002e-06,-5.6168592113990350e+00
264507,2.4005913700000002e-06,-5.6196817595004251e+00
264521,2.4005913700000002e-06,-5.6196817595004251e+00
264541,2.3564912000000001e-06,-5.6277341777157508e+00
264555,2.3564912000000001e-06,-5.6277341777157508e+00
264569,2.3564912000000001e-06,-5.6277341777157508e+00
264583,2.3125450599999999e-06,-5.6359097962673301e+00
264597,2.2762131000000000e-06,-5.6427870815468433e+00
264611,2.2762131000000000e-06,-5.6427870815468433e+00
264631,2.0587477000000001e-06,-5.6863968730087668e+00
264645,2.0587477000000001e-06,-5.6863968730087668e+00
264659,2.0587477000000001e-06,-5.6863968730087668e+00
264673,2.0587477000000001e-06,-5.6863968730087668e+00
264687,2.0587477000000001e-06,-5.6863968730087668e+00
264701,2.0587477000000001e-06,-5.6863968730087668e+00
264721,2.0587477000000001e-06,-5.6863968730087668e+00
264735,2.0252954000000002e-06,-5.6935116236919940e+00
264749,1.9495724399999999e-06,-5.7100606231547442e+00
264763,1.9495724399999999e-06,-5.7100606231547442e+00
264777,1.9495724399999999e-06,-5.7100606231547442e+00
264791,1.9495724399999999e-06,-5.7100606231547442e+00
264811,1.9495724399999999e-06,-5.7100606231547442e+00
264825,1.9355224999999998e-06,-5.7132017757430908e+00
264839,1.9355224999999998e-06,-5.7132017757430908e+00
264853,1.8828357599999999e-06,-5.7251875618933807e+00
264867,1.8485083000000000e-06,-5.7331785950578169e+00
264881,1.8485083000000000e-06,-5.7331785950578169e+00
264901,1.8485083000000000e-06,-5.7331785950578169e+00
264915,1.8485083000000000e-06,-5.7331785950578169e+00
264929,1.8485083000000000e-06,-5.7331785950578169e+00
264943,1.8485083000000000e-06,-5.7331785950578169e+00
264957,1.7371419000000000e-06,-5.7601647043681519e+00
264971,1.7371419000000000e-06,-5.7601647043681519e+00
264991,1.7371419000000000e-06,-5.7601647043681519e+00
265005,1.7371360000000000e-06,-5.7601661794012475e+00
265019,1.7240449000000000e-06,-5.7634514278568316e+00
265033,1.7240449000000000e-06,-5.7634514278568316e+00
265047,1.7240449000000000e-06,-5.7634514278568316e+00
265061,1.7240449000000000e-06,-5.7634514278568316e+00
265081,1.7240449000000000e-06,-5.7634514278568316e+00
265095,1.7240449000000000e-06,-5.7634514278568316e+00
265109,1.7240449000000000e-06,-5.7634514278568316e+00
265123,1.7219330000000000e-06,-5.7639837508477374e+00
265137,1.7219330000000000e-06,-5.7639837508477374e+00
265151,1.7219330000000000e-06,-5.7639837508477374e+00
265171,1.7219330000000000e-06,-5.7639837508477374e+00
265185,1.7219330000000000e-06,-5.7639837508477374e+00
265199,1.7098778400000000e-06,-5.7670349161043548e+00
265213,1.6734328500000001e-06,-5.7763917099327724e+00
265227,1.6734328500000001e-06,-5.7763917099327724e+00
265241,1.6734328500000001e-06,-5.7763917099327724e+00
265261,1.6734328500000001e-06,-5.7763917099327724e+00
265275,1.6734328500000001e-06,-5.7763917099327724e+00
265289,1.6734328500000001e-06,-5.7763917099327724e+00
265303,1.6230189300000000e-06,-5.7896764147722903e+00
265317,1.6230189300000000e-06,-5.7896764147722903e+00
265331,1.6230189300000000e-06,-5.7896764147722903e+00
265351,1.6230189300000000e-06,-5.7896764147722903e+00
265365,1.6230189300000000e-06,-5.7896764147722903e+00
265379,1.6124889000000000e-06,-5.7925032662649993e+00
265393,1.6124889000000000e-06,-5.7925032662649993e+00
265407,1.6124889000000000e-06,-5.7925032662649993e+00
265421,1.6124889000000000e-06,-5.7925032662649993e+00
265441,1.6099924700000000e-06,-5.7931761551762841e+00
265455,1.6045904999999999e-06,-5.7946357833723319e+00
265469,1.6045904999999999e-06,-5.7946357833723319e+00
265483,1.6027665300000001e-06,-5.7951297353609261e+00
265497,1.6027665300000001e-06,-5.7951297353609261e+00
265511,1.5936009000000000e-06,-5.7976204336487127e+00
265531,1.5820500600000000e-06,-5.8007797784629984e+00
265545,1.5820500600000000e-06,-5.8007797784629984e+00
265559,1.5820500600000000e-06,-5.8007797784629984e+00
265573,1.5820500600000000e-06,-5.8007797784629984e+00
265587,1.5636158500000001e-06,-5.8058699358781576e+00
265601,1.5636158500000001e-06,-5.8058699358781576e+00
265621,1.5596893000000000e-06,-5.8069619072446530e+00
265635,1.5596893000000000e-06,-5.8069619072446530e+00
265649,1.5596893000000000e-06,-5.8069619072446530e+00
265663,1.5485695700000000e-06,-5.8100692790457078e+00
265677,1.5485695700000000e-06,-5.8100692790457078e+00
265691,1.5478543699999999e-06,-5.8102699023615072e+00
265711,1.5316815599999999e-06,-5.8148315161067572e+00
265725,1.5316815599999999e-06,-5.8148315161067572e+00
265739,1.5316815599999999e-06,-5.8148315161067572e+00
265753,1.5186057000000001e-06,-5.8185549743554414e+00
265767,1.5169955000000000e-06,-5.8190157074980862e+00
265781,1.5169955000000000e-06,-5.8190157074980862e+00
265801,1.5169955000000000e-06,-5.8190157074980862e+00
265815,1.5139895000000001e-06,-5.8198771367962321e+00
265829,1.5129251700000000e-06,-5.8201825518576840e+00
265843,1.5129251700000000e-06,-5.8201825518576840e+00
265857,1.5129251700000000e-06,-5.8201825518576840e+00
265871,1.5129251700000000e-06,-5.8201825518576840e+00
265891,1.5129251700000000e-06,-5.8201825518576840e+00
265905,1.5126144600000001e-06,-5.8202717522354339e+00
265919,1.5090065499999999e-06,-5.8213088751199153e+00
265933,1.5090065499999999e-06,-5.8213088751199153e+00
265947,1.5089015000000000e-06,-5.8213391097291787e+00
265961,1.5089015000000000e-06,-5.8213391097291787e+00
265981,1.5089015000000000e-06,-5.8213391097291787e+00
265995,1.4986952000000001e-06,-5.8242866836413620e+00
266009,1.4936559300000000e-06,-5.8257494325820129e+00
266023,1.4852139000000000e-06,-5.8282109948989831e+00
266037,1.4731496000000001e-06,-5.8317531478243954e+00
266051,1.4549338000000000e-06,-5.8371567667803186e+00
266071,1.4238474400000000e-06,-5.8465365412578514e+00
266085,1.4238474400000000e-06,-5.8465365412578514e+00
266099,1.4157226000000001e-06,-5.8490218349876466e+00
266113,1.4153464500000000e-06,-5.8491372400642767e+00
266127,1.4028155400000000e-06,-5.8529994317705274e+00
266141,1.3908237400000000e-06,-5.8567279049437637e+00
266161,1.3908237400000000e-06,-5.8567279049437637e+00
266175,1.3841726599999999e-06,-5.8588097331391857e+00
266189,1.3841726599999999e-06,-5.8588097331391857e+00
266203,1.3707224299999999e-06,-5.8630504805305872e+00
266217,1.3694014499999999e-06,-5.8634692166128026e+00
266231,1.3620489999999999e-06,-5.8658072683066225e+00
266251,1.3620489999999999e-06,-5.8658072683066225e+00
266265,1.3620489999999999e-06,-5.8658072683066225e+00
266279,1.3471307999999999e-06,-5.8705902342990184e+00
266293,1.3304070000000000e-06,-5.8760154787213574e+00
266307,1.3304070000000000e-06,-5.8760154787213574e+00
266321,1.3184929299999999e-06,-5.8799221946306677e+00
266341,1.3184929299999999e-06,-5.8799221946306677e+00
266355,1.3184929299999999e-06,-5.8799221946306677e+00
266369,1.3184929299999999e-06,-5.8799221946306677e+00
266383,1.3038367700000001e-06,-5.8847767754181488e+00
266397,1.3038367700000001e-06,-5.8847767754181488e+00
266411,1.2984417999999999e-06,-5.8865775119609856e+00
266431,1.2833242999999999e-06,-5.8916635822038588e+00
266445,1.2833242999999999e-06,-5.8916635822038588e+00
266459,1.2833242999999999e-06,-5.8916635822038588e+00
266473,1.2833242999999999e-06,-5.8916635822038588e+00
266487,1.2714854999999999e-06,-5.8956885881472534e+00
266501,1.2664098700000001e-06,-5.8974257133779870e+00
266521,1.2664098700000001e-06,-5.8974257133779870e+00
266535,1.2586984000000000e-06,-5.9000783198580651e+00
266549,1.2455466000000000e-06,-5.9046400194367763e+00
266563,1.2455466000000000e-06,-5.9046400194367763e+00
266577,1.2455466000000000e-06,-5.9046400194367763e+00
266591,1.2455466000000000e-06,-5.9046400194367763e+00
266611,1.2348619000000001e-06,-5.9083816087375292e+00
266625,1.2113651000000000e-06,-5.9167249427213839e+00
266639,1.1790590000000000e-06,-5.9284644623066702e+00
266653,1.1726209600000000e-06,-5.9308423472900698e+00
266667,1.1726209600000000e-06,-5.9308423472900698e+00
266681,1.1053998600000000e-06,-5.9564805947580712e+00
266701,1.0939238999999999e-06,-5.9610128891174137e+00
266715,1.0037980999999999e-06,-5.9983536306905192e+00
266729,1.0037980999999999e-06,-5.9983536306905192e+00
266743,9.9402830000000009e-07,-6.0026012510565296e+00
266757,9.9402830000000009e-07,-6.0026012510565296e+00
266771,9.9402830000000009e-07,-6.0026012510565296e+00
266791,9.7896616999999996e-07,-6.0092323157925494e+00
266805,9.2102399999999998e-07,-6.0357290528305532e+00
266819,9.2102399999999998e-07,-6.0357290528305532e+00
266833,9.2102399999999998e-07,-6.0357290528305532e+00
266847,9.2102399999999998e-07,-6.0357290528305532e+00
266861,9.2062930000000001e-07,-6.0359152073414286e+00
266881,9.2062930000000001e-07,-6.0359152073414286e+00
266895,9.2062930000000001e-07,-6.0359152073414286e+00
266909,9.2062930000000001e-07,-6.0359152073414286e+00
266923,9.2062930000000001e-07,-6.0359152073414286e+00
266937,9.0385134000000003e-07,-6.0439029937799358e+00
266951,8.8901560000000003e-07,-6.0510906181811075e+00
266971,8.8901560000000003e-07,-6.0510906181811075e+00
266985,8.8901560000000003e-07,-6.0510906181811075e+00
266999,8.8901560000000003e-07,-6.0510906181811075e+00
267013,8.8901560000000003e-07,-6.0510906181811075e+00
267027,8.8901560000000003e-07,-6.0510906181811075e+00
267041,8.8901560000000003e-07,-6.0510906181811075e+00
267061,8.8901560000000003e-07,-6.0510906181811075e+00
267075,8.8901560000000003e-07,-6.0510906181811075e+00
267089,8.8799820000000005e-07,-6.0515879145489437e+00
267103,8.8799820000000005e-07,-6.0515879145489437e+00
267117,8.8799820000000005e-07,-6.0515879145489437e+00
267131,8.8799820000000005e-07,-6.0515879145489437e+00
267151,8.8799820000000005e-07,-6.0515879145489437e+00
267165,8.8300169999999998e-07,-6.0540384602956943e+00
267179,8.8300169999999998e-07,-6.0540384602956943e+00
267193,8.8300169999999998e-07,-6.0540384602956943e+00
267207,8.8202290000000004e-07,-6.0545201391147465e+00
267221,8.8202290000000004e-07,-6.0545201391147465e+00
267241,8.8202290000000004e-07,-6.0545201391147465e+00
267255,8.7752369999999996e-07,-6.0567411453576057e+00
267269,8.7752369999999996e-07,-6.0567411453576057e+00
267283,8.7528670000000004e-07,-6.0578496705962515e+00
267297,8.7458750000000004e-07,-6.0581967340799086e+00
267311,8.7458750000000004e-07,-6.0581967340799086e+00
267331,8.6137607000000004e-07,-6.0648071975969975e+00
267345,8.5727464000000005e-07,-6.0668800234340772e+00
267359,8.5727464000000005e-07,-6.0668800234340772e+00
267373,8.5727464000000005e-07,-6.0668800234340772e+00
267387,8.5727464000000005e-07,-6.0668800234340772e+00
267401,8.5727464000000005e-07,-6.0668800234340772e+00
267421,8.5034449999999999e-07,-6.0704050929465581e+00
267435,8.5034449999999999e-07,-6.0704050929465581e+00
267449,8.4905980000000002e-07,-6.0710617209510733e+00
267463,8.4905980000000002e-07,-6.0710617209510733e+00
267477,8.4905980000000002e-07,-6.0710617209510733e+00
267491,8.4367760000000002e-07,-6.0738234814433891e+00
267511,8.4367760000000002e-07,-6.0738234814433891e+00
267525,8.4224129999999995e-07,-6.0745634664038404e+00
267539,8.4224129999999995e-07,-6.0745634664038404e+00
267553,8.4224129999999995e-07,-6.0745634664038404e+00
267567,8.4224129999999995e-07,-6.0745634664038404e+00
267581,8.4224129999999995e-07,-6.0745634664038404e+00
267601,8.4224129999999995e-07,-6.0745634664038404e+00
267615,8.2485050000000004e-07,-6.0836247580058780e+00
267629,8.2485050000000004e-07,-6.0836247580058780e+00
267643,8.2485050000000004e-07,-6.0836247580058780e+00
267657,8.2485050000000004e-07,-6.0836247580058780e+00
267671,8.1900829999999995e-07,-6.0867116969869137e+00
267691,8.1747780000000005e-07,-6.0875240325128264e+00
267705,8.0594610000000003e-07,-6.0936940019359911e+00
267719,8.0594610000000003e-07,-6.0936940019359911e+00
267733,7.9188399999999997e-07,-6.1013384318569344e+00
267747,7.9147889999999997e-07,-6.1015606584841438e+00
267761,7.9147889999999997e-07,-6.1015606584841438e+00
267781,7.9147889999999997e-07,-6.1015606584841438e+00
267795,7.9147889999999997e-07,-6.1015606584841438e+00
267809,7.9147889999999997e-07,-6.1015606584841438e+00
267823,7.9147889999999997e-07,-6.1015606584841438e+00
267837,7.8993499999999996e-07,-6.1024086432699542e+00
267851,7.7624789999999998e-07,-6.1099995617198992e+00
267871,7.7624789999999998e-07,-6.1099995617198992e+00
267885,7.7624789999999998e-07,-6.1099995617198992e+00
267899,7.7098314999999998e-07,-6.1129551134431885e+00
267913,7.6350909999999995e-07,-6.1171857823714975e+00
267927,7.4762519999999998e-07,-6.1263160684000875e+00
267941,7.3349235999999997e-07,-6.1346044053750566e+00
267961,7.3199990000000000e-07,-6.1354889782714590e+00
267975,7.3199990000000000e-07,-6.1354889782714590e+00
267989,7.3199990000000000e-07,-6.1354889782714590e+00
268003,7.3199990000000000e-07,-6.1354889782714590e+00
268017,7.2565877000000004e-07,-6.1392675516740924e+00
268031,7.1213975000000002e-07,-6.1474347722363092e+00
268051,7.0060786999999997e-07,-6.1545249885165054e+00
268065,7.0060786999999997e-07,-6.1545249885165054e+00
268079,7.0060786999999997e-07,-6.1545249885165054e+00
268093,6.9480400000000001e-07,-6.1581376899760514e+00
268107,6.8663944999999998e-07,-6.1632712483540111e+00
268121,6.7246872999999998e-07,-6.1723279056812279e+00
268141,6.7246872999999998e-07,-6.1723279056812279e+00
268155,6.6522319999999998e-07,-6.1770326129457809e+00
268169,6.6522319999999998e-07,-6.1770326129457809e+00
268183,6.6423734999999999e-07,-6.1776767077155910e+00
268197,6.6423734999999999e-07,-6.1776767077155910e+00
268211,6.6034030000000003e-07,-6.1802321972998477e+00
268231,6.6034030000000003e-07,-6.1802321972998477e+00
268245,6.5005246999999999e-07,-6.1870515871851763e+00
268259,6.4249070000000003e-07,-6.1921331543280500e+00
268273,6.4249070000000003e-07,-6.1921331543280500e+00
268287,6.2406143999999997e-07,-6.2047726511197761e+00
268301,6.2243504000000001e-07,-6.2059059667087624e+00
268321,6.0072320000000001e-07,-6.2213255952252489e+00
268335,5.9935012999999997e-07,-6.2223193961365286e+00
268349,5.9935012999999997e-07,-6.2223193961365286e+00
268363,5.9540639999999997e-07,-6.2251865014498824e+00
268377,5.8063732999999999e-07,-6.2360950461966542e+00
268391,5.8063732999999999e-07,-6.2360950461966542e+00
268411,5.8063732999999999e-07,-6.2360950461966542e+00
268425,5.8063732999999999e-07,-6.2360950461966542e+00
268439,5.7917809999999997e-07,-6.2371878681316417e+00
268453,5.7711050000000002e-07,-6.2387410240268490e+00
268467,5.6098924000000004e-07,-6.2510454686073684e+00
268481,5.6098924000000004e-07,-6.2510454686073684e+00
268501,5.6098924000000004e-07,-6.2510454686073684e+00
268515,5.6098924000000004e-07,-6.2510454686073684e+00
268529,5.6098924000000004e-07,-6.2510454686073684e+00
268543,5.6098924000000004e-07,-6.2510454686073684e+00
268557,5.5238939999999998e-07,-6.2577546638473480e+00
268571,5.4649710000000005e-07,-6.2624121383022731e+00
268591,5.4384117000000004e-07,-6.2645279184347480e+00
268605,5.3803324999999999e-07,-6.2691908844724304e+00
268619,5.2926686000000002e-07,-6.2763252984699340e+00
268633,5.2926686000000002e-07,-6.2763252984699340e+00
268647,5.2926686000000002e-07,-6.2763252984699340e+00
268661,5.2926686000000002e-07,-6.2763252984699340e+00
268681,5.2341477000000004e-07,-6.2811540263675312e+00
268695,5.2341477000000004e-07,-6.2811540263675312e+00
268709,5.2341477000000004e-07,-6.2811540263675312e+00
268723,5.2304387000000001e-07,-6.2814618834082703e+00
268737,5.2304387000000001e-07,-6.2814618834082703e+00
268751,5.2117906000000004e-07,-6.2830130417490562e+00
268771,5.2117906000000004e-07,-6.2830130417490562e+00
268785,5.2117906000000004e-07,-6.2830130417490562e+00
268799,5.2098729999999996e-07,-6.2831728632784891e+00
268813,5.1602295999999998e-07,-6.2873309743815744e+00
268827,5.1398682999999995e-07,-6.2890480088872227e+00
268841,5.1398682999999995e-07,-6.2890480088872227e+00
268861,5.1099330000000000e-07,-6.2915847941746899e+00
268875,4.9182070000000002e-07,-6.3081931964053801e+00
268889,4.9182070000000002e-07,-6.3081931964053801e+00
268903,4.9182070000000002e-07,-6.3081931964053801e+00
268917,4.9182070000000002e-07,-6.3081931964053801e+00
268931,4.9013624000000004e-07,-6.3096831851630366e+00
268951,4.7727349999999998e-07,-6.3212326786093902e+00
268965,4.4099465000000001e-07,-6.3555666792159977e+00
268979,4.2453429999999998e-07,-6.3720872154342940e+00
268993,4.2453429999999998e-07,-6.3720872154342940e+00
269007,4.2453429999999998e-07,-6.3720872154342940e+00
269021,4.2453429999999998e-07,-6.3720872154342940e+00
269041,4.2453429999999998e-07,-6.3720872154342940e+00
269055,4.2453429999999998e-07,-6.3720872154342940e+00
269069,4.2313740000000001e-07,-6.3735185868271049e+00
269083,4.2313740000000001e-07,-6.3735185868271049e+00
269097,3.9349254000000001e-07,-6.4050634967675490e+00
269111,3.9349254000000001e-07,-6.4050634967675490e+00
269131,3.9349254000000001e-07,-6.4050634967675490e+00
269145,3.9349254000000001e-07,-6.4050634967675490e+00
269159,3.8905690000000000e-07,-6.4099868779830311e+00
269173,3.8905690000000000e-07,-6.4099868779830311e+00
269187,3.7890669999999999e-07,-6.4214677152652477e+00
269201,3.6171075999999998e-07,-6.4416385718601124e+00
269221,3.6171075999999998e-07,-6.4416385718601124e+00
269235,3.6171075999999998e-07,-6.4416385718601124e+00
269249,3.5430790000000001e-07,-6.4506191640987813e+00
269263,3.5037749999999998e-07,-6.4554637904593957e+00
269277,3.5029825000000001e-07,-6.4555620323004685e+00
269291,3.5029825000000001e-07,-6.4555620323004685e+00
269311,3.4952189999999998e-07,-6.4565256074685706e+00
269325,3.4509910000000000e-07,-6.4620561733238233e+00
269339,3.4509910000000000e-07,-6.4620561733238233e+00
269353,3.3253103999999999e-07,-6.4781678093938622e+00
269367,3.3253103999999999e-07,-6.4781678093938622e+00
269381,3.3253103999999999e-07,-6.4781678093938622e+00
269401,3.2427339999999998e-07,-6.4890886748454299e+00
269415,3.2427339999999998e-07,-6.4890886748454299e+00
269429,3.2427339999999998e-07,-6.4890886748454299e+00
269443,3.2247647000000002e-07,-6.4915019688487785e+00
269457,3.0551523999999999e-07,-6.5149671209932025e+00
269471,2.9756100000000000e-07,-6.5264239904470802e+00
269490,2.9756100000000000e-07,-6.5264239904470802e+00
269503,2.9756100000000000e-07,-6.5264239904470802e+00
269516,2.8628784000000000e-07,-6.5431970981294780e+00
269529,2.8628784000000000e-07,-6.5431970981294780e+00
269542,2.7869766000000001e-07,-6.5548666776927025e+00
269555,2.7410870000000001e-07,-6.5620771800678321e+00
269574,2.7410870000000001e-07,-6.5620771800678321e+00
269587,2.7410870000000001e-07,-6.5620771800678321e+00
269600,2.7291760000000001e-07,-6.5639684565015388e+00
269613,2.7291760000000001e-07,-6.5639684565015388e+00
269626,2.7291760000000001e-07,-6.5639684565015388e+00
269639,2.6769094999999999e-07,-6.5723663110375679e+00
269658,2.6769094999999999e-07,-6.5723663110375679e+00
269671,2.6306344000000001e-07,-6.5799395050482357e+00
269684,2.6306344000000001e-07,-6.5799395050482357e+00
269697,2.6306344000000001e-07,-6.5799395050482357e+00
269710,2.6306344000000001e-07,-6.5799395050482357e+00
269723,2.6306344000000001e-07,-6.5799395050482357e+00
269742,2.5122479999999999e-07,-6.5999374908443906e+00
269755,2.5122479999999999e-07,-6.5999374908443906e+00
269768,2.5122479999999999e-07,-6.5999374908443906e+00
269781,2.5122479999999999e-07,-6.5999374908443906e+00
269794,2.5122479999999999e-07,-6.5999374908443906e+00
269807,2.4537240000000000e-07,-6.6101742892121527e+00
269826,2.4537240000000000e-07,-6.6101742892121527e+00
269839,2.4241880000000001e-07,-6.6154337029065067e+00
269852,2.4241880000000001e-07,-6.6154337029065067e+00
269865,2.4241880000000001e-07,-6.6154337029065067e+00
269878,2.4050206000000002e-07,-6.6188811993616623e+00
269891,2.4050206000000002e-07,-6.6188811993616623e+00
269910,2.4050206000000002e-07,-6.6188811993616623e+00
269923,2.3998600000000002e-07,-6.6198140928721045e+00
269936,2.3677649999999999e-07,-6.6256614034135408e+00
269949,2.3677649999999999e-07,-6.6256614034135408e+00
269962,2.3238239999999999e-07,-6.6337967672986009e+00
269975,2.3078580000000000e-07,-6.6367909163627665e+00
269994,2.3078580000000000e-07,-6.6367909163627665e+00
270007,2.3045135000000000e-07,-6.6374207434047969e+00
270020,2.2656699999999999e-07,-6.6448033458476257e+00
270033,2.2656699999999999e-07,-6.6448033458476257e+00
270046,2.1616295999999999e-07,-6.6652187213250755e+00
270059,2.1485465000000000e-07,-6.6678552426433901e+00
270078,2.0629300000000001e-07,-6.6855155083959756e+00
270091,1.9169120000000000e-07,-6.7173978238937853e+00
270104,1.8452390000000000e-07,-6.7339473749472516e+00
270117,1.7999939999999999e-07,-6.7447289425473800e+00
270130,1.6993504999999999e-07,-6.7697170363653765e+00
270143,1.6993504999999999e-07,-6.7697170363653765e+00
270162,1.6791216000000000e-07,-6.7749178516304287e+00
270175,1.6791216000000000e-07,-6.7749178516304287e+00
270188,1.6270223999999999e-07,-6.7886064678809479e+00
270201,1.5964230000000000e-07,-6.7968520238715220e+00
270214,1.5964230000000000e-07,-6.7968520238715220e+00
270227,1.5964230000000000e-07,-6.7968520238715220e+00
270246,1.5797289999999999e-07,-6.8014174091842552e+00
270259,1.5797289999999999e-07,-6.8014174091842552e+00
270272,1.5311600000000001e-07,-6.8149794249213222e+00
270285,1.5255759999999999e-07,-6.8165661521261516e+00
270298,1.5255759999999999e-07,-6.8165661521261516e+00
270311,1.5255759999999999e-07,-6.8165661521261516e+00
270330,1.5255759999999999e-07,-6.8165661521261516e+00
270343,1.5255759999999999e-07,-6.8165661521261516e+00
270356,1.5255759999999999e-07,-6.8165661521261516e+00
270369,1.5076310000000000e-07,-6.8217049411411619e+00
270382,1.5076310000000000e-07,-6.8217049411411619e+00
270395,1.5076310000000000e-07,-6.8217049411411619e+00
270414,1.4565586000000001e-07,-6.8366720382284250e+00
270427,1.4361694000000000e-07,-6.8427943308832688e+00
270440,1.4361694000000000e-07,-6.8427943308832688e+00
270453,1.4361694000000000e-07,-6.8427943308832688e+00
270466,1.4361694000000000e-07,-6.8427943308832688e+00
270479,1.4243739999999999e-07,-6.8463759623774427e+00
270498,1.3659053000000000e-07,-6.8645794098148976e+00
270511,1.3498170000000001e-07,-6.8697251065252711e+00
270524,1.3498170000000001e-07,-6.8697251065252711e+00
270537,1.3498170000000001e-07,-6.8697251065252711e+00
270550,1.3207636999999999e-07,-6.8791748757736793e+00
270563,1.3207636999999999e-07,-6.8791748757736793e+00
270582,1.3207636999999999e-07,-6.8791748757736793e+00
270595,1.3207636999999999e-07,-6.8791748757736793e+00
270608,1.3125720000000001e-07,-6.8818768644210087e+00
270621,1.3125720000000001e-07,-6.8818768644210087e+00
270634,1.3125720000000001e-07,-6.8818768644210087e+00
270647,1.2458239999999999e-07,-6.9045433069767537e+00
270666,1.2458239999999999e-07,-6.9045433069767537e+00
270679,1.2458239999999999e-07,-6.9045433069767537e+00
270692,1.2458239999999999e-07,-6.9045433069767537e+00
270705,1.2310966000000001e-07,-6.9097078681077093e+00
270718,1.2310966000000001e-07,-6.9097078681077093e+00
270731,1.2078589999999999e-07,-6.9179837603307712e+00
270750,1.1786430000000001e-07,-6.9286177187456488e+00
270763,1.1786430000000001e-07,-6.9286177187456488e+00
270776,1.1786430000000001e-07,-6.9286177187456488e+00
270789,1.1669010000000000e-07,-6.9329659879799195e+00
270802,1.1410620000000000e-07,-6.9426907573991903e+00
270815,1.1410620000000000e-07,-6.9426907573991903e+00
270834,1.1410620000000000e-07,-6.9426907573991903e+00
270847,1.1410620000000000e-07,-6.9426907573991903e+00
270860,1.1410620000000000e-07,-6.9426907573991903e+00
270873,1.1397395000000000e-07,-6.9431944001025876e+00
270886,1.1397395000000000e-07,-6.9431944001025876e+00
270899,1.1350550000000000e-07,-6.9449830938736925e+00
270918,1.1350550000000000e-07,-6.9449830938736925e+00
270931,1.1325056000000000e-07,-6.9459596418157172e+00
270944,1.1259806000000001e-07,-6.9484690920650722e+00
270957,1.1259806000000001e-07,-6.9484690920650722e+00
270970,1.1259806000000001e-07,-6.9484690920650722e+00
270983,1.0994773000000000e-07,-6.9588137327302109e+00
271002,1.0994773000000000e-07,-6.9588137327302109e+00
271015,1.0966596000000000e-07,-6.9599281552720225e+00
271028,1.0759330000000001e-07,-6.9682147720118683e+00
271041,1.0759330000000001e-07,-6.9682147720118683e+00
271054,1.0759330000000001e-07,-6.9682147720118683e+00
271067,1.0759330000000001e-07,-6.9682147720118683e+00
271086,1.0759330000000001e-07,-6.9682147720118683e+00
271099,1.0506324000000000e-07,-6.9785492103059497e+00
271112,1.0506324000000000e-07,-6.9785492103059497e+00
271125,1.0408723000000000e-07,-6.9826025488825803e+00
271138,1.0261299999999999e-07,-6.9887976151441267e+00
271151,1.0175750000000000e-07,-6.9924335714042103e+00
271170,1.0175750000000000e-07,-6.9924335714042103e+00
271183,9.9231300000000000e-08,-7.0033513190433156e+00
271196,9.9231300000000000e-08,-7.0033513190433156e+00
271209,9.6372729999999999e-08,-7.0160458383582043e+00
271222,9.6372729999999999e-08,-7.0160458383582043e+00
271235,9.6288499999999996e-08,-7.0164255787609964e+00
271254,9.3295970000000001e-08,-7.0301371155735684e+00
271267,9.1765739999999999e-08,-7.0373194288866507e+00
271280,9.1623800000000003e-08,-7.0379917002830510e+00
271293,9.1412459999999999e-08,-7.0389946036049782e+00
271306,8.9782930000000002e-08,-7.0468062258215518e+00
271319,8.9159469999999995e-08,-7.0498325218064197e+00
271338,8.9159469999999995e-08,-7.0498325218064197e+00
271351,8.7240500000000006e-08,-7.0592818540215960e+00
271364,8.7240500000000006e-08,-7.0592818540215960e+00
271377,8.5579399999999997e-08,-7.0676307626943693e+00
271390,8.4689499999999999e-08,-7.0721704311655582e+00
271403,8.4570299999999999e-08,-7.0727821288138024e+00
271422,8.3356499999999996e-08,-7.0790605289605537e+00
271435,8.2451300000000005e-08,-7.0838024924951979e+00
271448,8.2451300000000005e-08,-7.0838024924951979e+00
271461,8.0150239999999997e-08,-7.0960951728666721e+00
271474,8.0150239999999997e-08,-7.0960951728666721e+00
271487,8.0150239999999997e-08,-7.0960951728666721e+00
271506,7.9315440000000000e-08,-7.1006422621894334e+00
271519,7.9315440000000000e-08,-7.1006422621894334e+00
271532,7.9315440000000000e-08,-7.1006422621894334e+00
271545,7.8730470000000002e-08,-7.1038571559275061e+00
271558,7.7708760000000001e-08,-7.1095300210289452e+00
271571,7.7708760000000001e-08,-7.1095300210289452e+00
271590,7.7690059999999995e-08,-7.1096345431463046e+00
271603,7.6205199999999997e-08,-7.1180153927778083e+00
271616,7.5814200000000004e-08,-7.1202494433907813e+00
271629,7.5814200000000004e-08,-7.1202494433907813e+00
271642,7.4722899999999995e-08,-7.1265462814573333e+00
271655,7.4341799999999994e-08,-7.1287669277627099e+00
271674,7.2828499999999996e-08,-7.1376986348271583e+00
271687,7.2828499999999996e-08,-7.1376986348271583e+00
271700,7.2828499999999996e-08,-7.1376986348271583e+00
271713,7.2828499999999996e-08,-7.1376986348271583e+00
271726,7.2195400000000001e-08,-7.1414904730433779e+00
271739,7.1377700000000003e-08,-7.1464374504039165e+00
271758,7.0568549999999997e-08,-7.1513888060952464e+00
271771,7.0568549999999997e-08,-7.1513888060952464e+00
271784,7.0568549999999997e-08,-7.1513888060952464e+00
271797,7.0093299999999994e-08,-7.1543234929048447e+00
271810,7.0093299999999994e-08,-7.1543234929048447e+00
271823,7.0091500000000003e-08,-7.1543346457554744e+00
271842,6.9702650000000000e-08,-7.1567507103022878e+00
271855,6.9702650000000000e-08,-7.1567507103022878e+00
271868,6.7768160000000000e-08,-7.1689743059004050e+00
271881,6.6380439999999997e-08,-7.1779598732148697e+00
271894,6.6380439999999997e-08,-7.1779598732148697e+00
271907,6.6380439999999997e-08,-7.1779598732148697e+00
271926,6.6016300000000003e-08,-7.1803488201240455e+00
271939,6.5571899999999994e-08,-7.1832822321095922e+00
271952,6.5571899999999994e-08,-7.1832822321095922e+00
271965,6.5571899999999994e-08,-7.1832822321095922e+00
271978,6.5571899999999994e-08,-7.1832822321095922e+00
271991,6.5571899999999994e-08,-7.1832822321095922e+00
272010,6.5571899999999994e-08,-7.1832822321095922e+00
272023,6.4389670000000004e-08,-7.1911838006812303e+00
272036,6.4389670000000004e-08,-7.1911838006812303e+00
272049,6.4389670000000004e-08,-7.1911838006812303e+00
272062,6.3133100000000006e-08,-7.1997428851564154e+00
272075,6.3133100000000006e-08,-7.1997428851564154e+00
272094,6.2827300000000000e-08,-7.2018516036661531e+00
272107,6.1841829999999998e-08,-7.2087176674218361e+00
272120,6.0567740000000000e-08,-7.2177586311219155e+00
272133,6.0567740000000000e-08,-7.2177586311219155e+00
272146,6.0567740000000000e-08,-7.2177586311219155e+00
272159,6.0567740000000000e-08,-7.2177586311219155e+00
272178,5.9948399999999997e-08,-7.2222224035650306e+00
272191,5.9948099999999994e-08,-7.2222245769119517e+00
272204,5.8919059999999999e-08,-7.2297441905474908e+00
272217,5.8919059999999999e-08,-7.2297441905474908e+00
272230,5.8919059999999999e-08,-7.2297441905474908e+00
272243,5.8116000000000002e-08,-7.2357042849058359e+00
272262,5.6243999999999997e-08,-7.2499238004321649e+00
272275,5.6243999999999997e-08,-7.2499238004321649e+00
272288,5.6178299999999998e-08,-7.2504314070317335e+00
272301,5.5817450000000001e-08,-7.2532300079804086e+00
272314,5.1653440000000001e-08,-7.2869007501701288e+00
272327,5.1653440000000001e-08,-7.2869007501701288e+00
272346,5.1653440000000001e-08,-7.2869007501701288e+00
272359,5.1653440000000001e-08,-7.2869007501701288e+00
272372,5.1653440000000001e-08,-7.2869007501701288e+00
272385,5.1649700000000000e-08,-7.2869321966752985e+00
272398,5.1649700000000000e-08,-7.2869321966752985e+00
272411,5.0505699999999999e-08,-7.2966596052704054e+00
272430,5.0147699999999997e-08,-7.2997489808931055e+00
272443,5.0147699999999997e-08,-7.2997489808931055e+00
272456,5.0147699999999997e-08,-7.2997489808931055e+00
272469,5.0147699999999997e-08,-7.2997489808931055e+00
272482,5.0147699999999997e-08,-7.2997489808931055e+00
272495,5.0147699999999997e-08,-7.2997489808931055e+00
272514,5.0147699999999997e-08,-7.2997489808931055e+00
272527,5.0147699999999997e-08,-7.2997489808931055e+00
272540,4.9193100000000001e-08,-7.3080958086569172e+00
272553,4.9193100000000001e-08,-7.3080958086569172e+00
272566,4.9193100000000001e-08,-7.3080958086569172e+00
272579,4.9193100000000001e-08,-7.3080958086569172e+00
272598,4.9193100000000001e-08,-7.3080958086569172e+00
272611,4.9193100000000001e-08,-7.3080958086569172e+00
272624,4.9193100000000001e-08,-7.3080958086569172e+00
272637,4.9193100000000001e-08,-7.3080958086569172e+00
272650,4.9099069999999998e-08,-7.3089267338992983e+00
272663,4.9099069999999998e-08,-7.3089267338992983e+00
272682,4.8508869999999999e-08,-7.3141788420195866e+00
272695,4.7970800000000002e-08,-7.3190230388264013e+00
272708,4.7810000000000003e-08,-7.3204812563042108e+00
272721,4.7810000000000003e-08,-7.3204812563042108e+00
272734,4.7810000000000003e-08,-7.3204812563042108e+00
272747,4.7810000000000003e-08,-7.3204812563042108e+00
272766,4.7810000000000003e-08,-7.3204812563042108e+00
272779,4.7810000000000003e-08,-7.3204812563042108e+00
272792,4.7810000000000003e-08,-7.3204812563042108e+00
272805,4.7810000000000003e-08,-7.3204812563042108e+00
272818,4.7810000000000003e-08,-7.3204812563042108e+00
272831,4.7739700000000000e-08,-7.3211203144611021e+00
272850,4.7739700000000000e-08,-7.3211203144611021e+00
272863,4.7739700000000000e-08,-7.3211203144611021e+00
272876,4.7109040000000001e-08,-7.3268957458350137e+00
272889,4.7109040000000001e-08,-7.3268957458350137e+00
272902,4.7109040000000001e-08,-7.3268957458350137e+00
272915,4.7109040000000001e-08,-7.3268957458350137e+00
272934,4.6896559999999998e-08,-7.3288590128885422e+00
272947,4.6806629999999998e-08,-7.3296926262318856e+00
272960,4.6806629999999998e-08,-7.3296926262318856e+00
272973,4.6740070000000003e-08,-7.3303106415246440e+00
272986,4.6176399999999998e-08,-7.3355799285231829e+00
272999,4.6176399999999998e-08,-7.3355799285231829e+00
273018,4.5991439999999999e-08,-7.3373229923771826e+00
273031,4.5991439999999999e-08,-7.3373229923771826e+00
273044,4.5991439999999999e-08,-7.3373229923771826e+00
273057,4.5991439999999999e-08,-7.3373229923771826e+00
273070,4.5847059999999999e-08,-7.3386885087772740e+00
273083,4.5847059999999999e-08,-7.3386885087772740e+00
273102,4.5847059999999999e-08,-7.3386885087772740e+00
273115,4.5847059999999999e-08,-7.3386885087772740e+00
273128,4.5847059999999999e-08,-7.3386885087772740e+00
273141,4.5847059999999999e-08,-7.3386885087772740e+00
273154,4.5648199999999997e-08,-7.3405763428937529e+00
273167,4.5632930000000000e-08,-7.3407216451440762e+00
273186,4.5632930000000000e-08,-7.3407216451440762e+00
273199,4.5477599999999997e-08,-7.3422024625036304e+00
273212,4.5477599999999997e-08,-7.3422024625036304e+00
273225,4.5461400000000001e-08,-7.3423571941519059e+00
273238,4.5312299999999999e-08,-7.3437838929751509e+00
273251,4.5277149999999997e-08,-7.3441209179113880e+00
273270,4.5236049999999998e-08,-7.3445153245710353e+00
273283,4.5236049999999998e-08,-7.3445153245710353e+00
273296,4.5236049999999998e-08,-7.3445153245710353e+00
273309,4.4980100000000002e-08,-7.3469795833734874e+00
273322,4.4980100000000002e-08,-7.3469795833734874e+00
273335,4.4913099999999999e-08,-7.3476269679515331e+00
273354,4.4843550000000003e-08,-7.3483000141773394e+00
273367,4.4843550000000003e-08,-7.3483000141773394e+00
273380,4.4764760000000000e-08,-7.3490637395739533e+00
273393,4.4275200000000002e-08,-7.3538394683377701e+00
273406,4.4275200000000002e-08,-7.3538394683377701e+00
273419,4.4264499999999999e-08,-7.3539444370914246e+00
273438,4.4016930000000001e-08,-7.3563802509819869e+00
273451,4.4016930000000001e-08,-7.3563802509819869e+00
273464,4.3763750000000000e-08,-7.3588854715345491e+00
273477,4.3763750000000000e-08,-7.3588854715345491e+00
273490,4.3763750000000000e-08,-7.3588854715345491e+00
273503,4.3763750000000000e-08,-7.3588854715345491e+00
273522,4.3763750000000000e-08,-7.3588854715345491e+00
273535,4.3403799999999999e-08,-7.3624722463679859e+00
273548,4.3403799999999999e-08,-7.3624722463679859e+00
273561,4.2942500000000002e-08,-7.3671126756752754e+00
273574,4.2942500000000002e-08,-7.3671126756752754e+00
273587,4.2942500000000002e-08,-7.3671126756752754e+00
273606,4.2942500000000002e-08,-7.3671126756752754e+00
273619,4.2942500000000002e-08,-7.3671126756752754e+00
273632,4.2942500000000002e-08,-7.3671126756752754e+00
273645,4.2842600000000000e-08,-7.3681241808983220e+00
273658,4.2471129999999999e-08,-7.3719061838825031e+00
273671,4.2378360000000000e-08,-7.3728558540606111e+00
273690,4.2121899999999999e-08,-7.3754920472466408e+00
273703,4.2121899999999999e-08,-7.3754920472466408e+00
273716,4.2121899999999999e-08,-7.3754920472466408e+00
273729,4.1911600000000003e-08,-7.3776657594022010e+00
273742,4.1911600000000003e-08,-7.3776657594022010e+00
273755,4.1809799999999998e-08,-7.3787219099215804e+00
273774,4.1809799999999998e-08,-7.3787219099215804e+00
273787,4.1809799999999998e-08,-7.3787219099215804e+00
273800,4.1689600000000003e-08,-7.3799722717872589e+00
273813,4.1689600000000003e-08,-7.3799722717872589e+00
273826,4.1662800000000003e-08,-7.3802515461096796e+00
273839,4.1479040000000003e-08,-7.3821713035734318e+00
273858,4.1373399999999998e-08,-7.3832787880103510e+00
273871,4.1316800000000001e-08,-7.3838733221030148e+00
273884,4.1021500000000001e-08,-7.3869884631823686e+00
273897,4.0803400000000000e-08,-7.3893036472111779e+00
273910,4.0803400000000000e-08,-7.3893036472111779e+00
273923,4.0803400000000000e-08,-7.3893036472111779e+00
273942,4.0303500000000001e-08,-7.3946572376136253e+00
273955,4.0120369999999997e-08,-7.3966350704617554e+00
273968,3.9717599999999997e-08,-7.4010170023279018e+00
273981,3.9717599999999997e-08,-7.4010170023279018e+00
273994,3.9372899999999999e-08,-7.4048025961923969e+00
274007,3.9122539999999998e-08,-7.4075729567429729e+00
274026,3.9040900000000000e-08,-7.4084801792090236e+00
274039,3.8382099999999998e-08,-7.4158712673946612e+00
274052,3.8382099999999998e-08,-7.4158712673946612e+00
274065,3.8382099999999998e-08,-7.4158712673946612e+00
274078,3.8323499999999999e-08,-7.4165348346333149e+00
274091,3.7898530000000003e-08,-7.4213776350258467e+00
274110,3.7898530000000003e-08,-7.4213776350258467e+00
274123,3.7898530000000003e-08,-7.4213776350258467e+00
274136,3.7859000000000002e-08,-7.4218308615876882e+00
274149,3.7370800000000000e-08,-7.4274676050707074e+00
274162,3.7370800000000000e-08,-7.4274676050707074e+00
274175,3.7370800000000000e-08,-7.4274676050707074e+00
274194,3.7370800000000000e-08,-7.4274676050707074e+00
274207,3.7370800000000000e-08,-7.4274676050707074e+00
274220,3.7281799999999998e-08,-7.4285031276701003e+00
274233,3.7281799999999998e-08,-7.4285031276701003e+00
274246,3.7216350000000000e-08,-7.4292662226235633e+00
274259,3.7091999999999999e-08,-7.4307197488890706e+00
274278,3.7091999999999999e-08,-7.4307197488890706e+00
274291,3.6941900000000002e-08,-7.4324807716381862e+00
274304,3.6683329999999998e-08,-7.4355312472936763e+00
274317,3.6659999999999999e-08,-7.4358075393738021e+00
274330,3.6645199999999999e-08,-7.4359829036977381e+00
274343,3.6584800000000002e-08,-7.4366993148039873e+00
274362,3.6392349999999998e-08,-7.4389898993717232e+00
274375,3.6392349999999998e-08,-7.4389898993717232e+00
274388,3.6381550000000003e-08,-7.4391188021909747e+00
274401,3.6096940000000003e-08,-7.4425296124278972e+00
274414,3.5934760000000000e-08,-7.4444852513505397e+00
274427,3.5934760000000000e-08,-7.4444852513505397e+00
274446,3.5844270000000000e-08,-7.4455802599759533e+00
274459,3.5649070000000000e-08,-7.4479517953811607e+00
274472,3.5649070000000000e-08,-7.4479517953811607e+00
274485,3.5649070000000000e-08,-7.4479517953811607e+00
274498,3.5616550000000003e-08,-7.4483481508056073e+00
274511,3.5606429999999999e-08,-7.4484715677192614e+00
274530,3.5312400000000001e-08,-7.4520727646987073e+00
274543,3.5306599999999998e-08,-7.4521441026672628e+00
274556,3.5306599999999998e-08,-7.4521441026672628e+00
274569,3.5290270000000000e-08,-7.4523450189123022e+00
274582,3.5228800000000000e-08,-7.4531021499568277e+00
274595,3.5124999999999999e-08,-7.4543836670868640e+00
274614,3.5124999999999999e-08,-7.4543836670868640e+00
274627,3.4954899999999999e-08,-7.4564919359755484e+00
274640,3.4833900000000001e-08,-7.4579978992523603e+00
274653,3.4672500000000002e-08,-7.4600148431702182e+00
274666,3.4021070000000000e-08,-7.4682520314704233e+00
274679,3.4021070000000000e-08,-7.4682520314704233e+00
274698,3.4021070000000000e-08,-7.4682520314704233e+00
274711,3.2797599999999998e-08,-7.4841579350959915e+00
274724,3.2797599999999998e-08,-7.4841579350959915e+00
274737,3.2315899999999998e-08,-7.4905837444421950e+00
274750,3.2315899999999998e-08,-7.4905837444421950e+00
274763,3.2315899999999998e-08,-7.4905837444421950e+00
274782,3.2315899999999998e-08,-7.4905837444421950e+00
274795,3.2315899999999998e-08,-7.4905837444421950e+00
274808,3.2315899999999998e-08,-7.4905837444421950e+00
274821,3.2135229999999997e-08,-7.4930185873865867e+00
274834,3.1853859999999997e-08,-7.4968379330264110e+00
274847,3.1321630000000002e-08,-7.5041556450309086e+00
274866,3.1118759999999999e-08,-7.5069777168201002e+00
274879,3.1118759999999999e-08,-7.5069777168201002e+00
274892,3.1085959999999998e-08,-7.5074357161592697e+00
274905,3.0451900000000002e-08,-7.5163856050418518e+00
274918,3.0451900000000002e-08,-7.5163856050418518e+00
274931,3.0424199999999999e-08,-7.5167808326592240e+00
274950,3.0316130000000000e-08,-7.5183262392839278e+00
274963,3.0316130000000000e-08,-7.5183262392839278e+00
274976,3.0000100000000003e-08,-7.5228772976344773e+00
274989,3.0000100000000003e-08,-7.5228772976344773e+00
275002,2.9853299999999999e-08,-7.5250076547330860e+00
275015,2.9252599999999999e-08,-7.5338355273434834e+00
275034,2.9252599999999999e-08,-7.5338355273434834e+00
275047,2.9252599999999999e-08,-7.5338355273434834e+00
275060,2.8760699999999999e-08,-7.5412005479679545e+00
275073,2.8760699999999999e-08,-7.5412005479679545e+00
275086,2.8760699999999999e-08,-7.5412005479679545e+00
275099,2.8760699999999999e-08,-7.5412005479679545e+00
275118,2.8760699999999999e-08,-7.5412005479679545e+00
275131,2.8760699999999999e-08,-7.5412005479679545e+00
275144,2.8760699999999999e-08,-7.5412005479679545e+00
275157,2.8654800000000000e-08,-7.5428026184119377e+00
275170,2.8593939999999999e-08,-7.5437259984592746e+00
275183,2.8280599999999998e-08,-7.5485113808042428e+00
275202,2.8280599999999998e-08,-7.5485113808042428e+00
275215,2.8157440000000000e-08,-7.5504068326411762e+00
275228,2.8157440000000000e-08,-7.5504068326411762e+00
275241,2.8157440000000000e-08,-7.5504068326411762e+00
275254,2.8036139999999999e-08,-7.5522817800098068e+00
275267,2.8036139999999999e-08,-7.5522817800098068e+00
275286,2.8036139999999999e-08,-7.5522817800098068e+00
275299,2.7690529999999999e-08,-7.5576687317274267e+00
275312,2.7450770000000002e-08,-7.5614454689894472e+00
275325,2.7450770000000002e-08,-7.5614454689894472e+00
275338,2.7450770000000002e-08,-7.5614454689894472e+00
275351,2.7323299999999999e-08,-7.5634668494546196e+00
275370,2.7323299999999999e-08,-7.5634668494546196e+00
275383,2.7220999999999999e-08,-7.5650959244484586e+00
275396,2.7100800000000001e-08,-7.5670178888135124e+00
275409,2.7100800000000001e-08,-7.5670178888135124e+00
275422,2.6580949999999999e-08,-7.5754295014826418e+00
275435,2.6580949999999999e-08,-7.5754295014826418e+00
275454,2.6470160000000000e-08,-7.5772434335793815e+00
275467,2.6118800000000000e-08,-7.5830467801285879e+00
275480,2.6118800000000000e-08,-7.5830467801285879e+00
275493,2.6002300000000000e-08,-7.5849882353703411e+00
275506,2.5828459999999999e-08,-7.5879014874945288e+00
275519,2.5755300000000001e-08,-7.5891333870536117e+00
275538,2.5548160000000000e-08,-7.5926403726573310e+00
275551,2.5548160000000000e-08,-7.5926403726573310e+00
275564,2.5548160000000000e-08,-7.5926403726573310e+00
275577,2.5548160000000000e-08,-7.5926403726573310e+00
275590,2.5548160000000000e-08,-7.5926403726573310e+00
275603,2.5548160000000000e-08,-7.5926403726573310e+00
275622,2.5514500000000000e-08,-7.5932129379869968e+00
275635,2.5489669999999999e-08,-7.5936357870535547e+00
275648,2.5253999999999999e-08,-7.5976698238683342e+00
275661,2.5253999999999999e-08,-7.5976698238683342e+00
275674,2.5253999999999999e-08,-7.5976698238683342e+00
275687,2.5253999999999999e-08,-7.5976698238683342e+00
275706,2.5253999999999999e-08,-7.5976698238683342e+00
275719,2.5253999999999999e-08,-7.5976698238683342e+00
275732,2.5017100000000000e-08,-7.6017630354496770e+00
275745,2.4973400000000000e-08,-7.6025223266627462e+00
275758,2.4973400000000000e-08,-7.6025223266627462e+00
275771,2.4940600000000000e-08,-7.6030931028400444e+00
275790,2.4650500000000000e-08,-7.6081742672573931e+00
275803,2.4650500000000000e-08,-7.6081742672573931e+00
275816,2.4440900000000001e-08,-7.6118828058829564e+00
275829,2.4440900000000001e-08,-7.6118828058829564e+00
275842,2.4440900000000001e-08,-7.6118828058829564e+00
275855,2.4440900000000001e-08,-7.6118828058829564e+00
275874,2.4440900000000001e-08,-7.6118828058829564e+00
275887,2.4440900000000001e-08,-7.6118828058829564e+00
275900,2.4440900000000001e-08,-7.6118828058829564e+00
275913,2.4440900000000001e-08,-7.6118828058829564e+00
275926,2.4440900000000001e-08,-7.6118828058829564e+00
275939,2.4440900000000001e-08,-7.6118828058829564e+00
275958,2.4121729999999999e-08,-7.6175915480032570e+00
275971,2.4121729999999999e-08,-7.6175915480032570e+00
275984,2.3936500000000001e-08,-7.6209393519166948e+00
275997,2.3936500000000001e-08,-7.6209393519166948e+00
276010,2.3936500000000001e-08,-7.6209393519166948e+00
276023,2.3936500000000001e-08,-7.6209393519166948e+00
276042,2.3936500000000001e-08,-7.6209393519166948e+00
276055,2.3779530000000001e-08,-7.6237967334189110e+00
276068,2.3779530000000001e-08,-7.6237967334189110e+00
276081,2.3775039999999999e-08,-7.6238787437169560e+00
276094,2.3647300000000000e-08,-7.6262184389448100e+00
276107,2.3390000000000000e-08,-7.6309697781908472e+00
276126,2.3320299999999999e-08,-7.6322658669702053e+00
276139,2.3320299999999999e-08,-7.6322658669702053e+00
276152,2.3320299999999999e-08,-7.6322658669702053e+00
276165,2.3320299999999999e-08,-7.6322658669702053e+00
276178,2.3154939999999999e-08,-7.6353563400297366e+00
276191,2.3154939999999999e-08,-7.6353563400297366e+00
276210,2.3154939999999999e-08,-7.6353563400297366e+00
276223,2.2644540000000001e-08,-7.6450364971267861e+00
276236,2.2644540000000001e-08,-7.6450364971267861e+00
276249,2.2640450000000001e-08,-7.6451149453912466e+00
276262,2.2640450000000001e-08,-7.6451149453912466e+00
276275,2.2640450000000001e-08,-7.6451149453912466e+00
276294,2.2640450000000001e-08,-7.6451149453912466e+00
276307,2.2391400000000000e-08,-7.6499187517418008e+00
276320,2.2326999999999999e-08,-7.6511696276215178e+00
276333,2.2326999999999999e-08,-7.6511696276215178e+00
276346,2.2252440000000001e-08,-7.6526223612926509e+00
276359,2.2252440000000001e-08,-7.6526223612926509e+00
276378,2.2174200000000001e-08,-7.6541520396744920e+00
276391,2.2051270000000000e-08,-7.6565663931299808e+00
276404,2.2051270000000000e-08,-7.6565663931299808e+00
276417,2.1958439999999998e-08,-7.6583985168383890e+00
276430,2.1958439999999998e-08,-7.6583985168383890e+00
276443,2.1948039999999999e-08,-7.6586042569795376e+00
276462,2.1497500000000001e-08,-7.6676120423789920e+00
276475,2.1497500000000001e-08,-7.6676120423789920e+00
276488,2.1497500000000001e-08,-7.6676120423789920e+00
276501,2.1497500000000001e-08,-7.6676120423789920e+00
276514,2.1497500000000001e-08,-7.6676120423789920e+00
276527,2.1497500000000001e-08,-7.6676120423789920e+00
276546,2.1497500000000001e-08,-7.6676120423789920e+00
276559,2.1497500000000001e-08,-7.6676120423789920e+00
276572,2.1257599999999999e-08,-7.6724857692385449e+00
276585,2.1257599999999999e-08,-7.6724857692385449e+00
276598,2.1192249999999999e-08,-7.6738229314105206e+00
276611,2.1192249999999999e-08,-7.6738229314105206e+00
276630,2.1192249999999999e-08,-7.6738229314105206e+00
276643,2.1040930000000000e-08,-7.6769350684659186e+00
276656,1.9977560000000001e-08,-7.6994575563125496e+00
276669,1.9822300000000000e-08,-7.7028459553322870e+00
276682,1.9668699999999999e-08,-7.7062243437656699e+00
276695,1.9220069999999999e-08,-7.7162450349526779e+00
276714,1.9220069999999999e-08,-7.7162450349526779e+00
276727,1.8599740000000001e-08,-7.7304931266075947e+00
276740,1.8587970000000001e-08,-7.7307680371209164e+00
276753,1.8295740000000000e-08,-7.7376500200982701e+00
276766,1.7171150000000000e-08,-7.7652006179474462e+00
276779,1.7171150000000000e-08,-7.7652006179474462e+00
276798,1.7171150000000000e-08,-7.7652006179474462e+00
276811,1.7081299999999999e-08,-7.7674790797042919e+00
276824,1.7081299999999999e-08,-7.7674790797042919e+00
276837,1.6284200000000000e-08,-7.7882335723229144e+00
276850,1.6284200000000000e-08,-7.7882335723229144e+00
276863,1.6284200000000000e-08,-7.7882335723229144e+00
276882,1.6284200000000000e-08,-7.7882335723229144e+00
276895,1.6284200000000000e-08,-7.7882335723229144e+00
276908,1.6284200000000000e-08,-7.7882335723229144e+00
276921,1.6284200000000000e-08,-7.7882335723229144e+00
276934,1.6284200000000000e-08,-7.7882335723229144e+00
276947,1.6284200000000000e-08,-7.7882335723229144e+00
276966,1.6284200000000000e-08,-7.7882335723229144e+00
276979,1.6284200000000000e-08,-7.7882335723229144e+00
276992,1.6284200000000000e-08,-7.7882335723229144e+00
277005,1.6284200000000000e-08,-7.7882335723229144e+00
277018,1.6284200000000000e-08,-7.7882335723229144e+00
277031,1.6284200000000000e-08,-7.7882335723229144e+00
277050,1.6284200000000000e-08,-7.7882335723229144e+00
277063,1.5595499999999999e-08,-7.8070006969722439e+00
277076,1.5595499999999999e-08,-7.8070006969722439e+00
277089,1.5099199999999999e-08,-7.8210460622955349e+00
277102,1.4954940000000001e-08,-7.8252153250413015e+00
277115,1.4954940000000001e-08,-7.8252153250413015e+00
277134,1.4954940000000001e-08,-7.8252153250413015e+00
277147,1.4899850000000000e-08,-7.8268181037018332e+00
277160,1.4846300000000001e-08,-7.8283817678822034e+00
277173,1.4311100000000000e-08,-7.8443269836008191e+00
277186,1.4311100000000000e-08,-7.8443269836008191e+00
277199,1.3979600000000000e-08,-7.8545052549335450e+00
277218,1.3866200000000001e-08,-7.8580425400185412e+00
277231,1.3866200000000001e-08,-7.8580425400185412e+00
277244,1.3848700000000001e-08,-7.8585909926157633e+00
277257,1.3709000000000001e-08,-7.8629942235709009e+00
277270,1.3709000000000001e-08,-7.8629942235709009e+00
277283,1.3709000000000001e-08,-7.8629942235709009e+00
277302,1.3709000000000001e-08,-7.8629942235709009e+00
277315,1.3709000000000001e-08,-7.8629942235709009e+00
277328,1.3397500000000000e-08,-7.8729762342843506e+00
277341,1.3204400000000000e-08,-7.8792813280889602e+00
277354,1.3204400000000000e-08,-7.8792813280889602e+00
277367,1.3185899999999999e-08,-7.8798902222077318e+00
277386,1.3185899999999999e-08,-7.8798902222077318e+00
277399,1.3185899999999999e-08,-7.8798902222077318e+00
277412,1.3185899999999999e-08,-7.8798902222077318e+00
277425,1.3003900000000000e-08,-7.8859263788879366e+00
277438,1.3003900000000000e-08,-7.8859263788879366e+00
277451,1.3003900000000000e-08,-7.8859263788879366e+00
277470,1.3003900000000000e-08,-7.8859263788879366e+00
277483,1.3003900000000000e-08,-7.8859263788879366e+00
277496,1.3003900000000000e-08,-7.8859263788879366e+00
277509,1.3003900000000000e-08,-7.8859263788879366e+00
277522,1.2995300000000000e-08,-7.8862136902421769e+00
277535,1.2995300000000000e-08,-7.8862136902421769e+00
277554,1.2995300000000000e-08,-7.8862136902421769e+00
277567,1.2995300000000000e-08,-7.8862136902421769e+00
277580,1.2995300000000000e-08,-7.8862136902421769e+00
277593,1.2995300000000000e-08,-7.8862136902421769e+00
277606,1.2866740000000000e-08,-7.8905314748014375e+00
277619,1.2866740000000000e-08,-7.8905314748014375e+00
277638,1.2866740000000000e-08,-7.8905314748014375e+00
277651,1.2866740000000000e-08,-7.8905314748014375e+00
277664,1.2866740000000000e-08,-7.8905314748014375e+00
277677,1.2866050000000000e-08,-7.8905547651786243e+00
277690,1.2866050000000000e-08,-7.8905547651786243e+00
277703,1.2866050000000000e-08,-7.8905547651786243e+00
277722,1.2839199999999999e-08,-7.8914620359563799e+00
277735,1.2839199999999999e-08,-7.8914620359563799e+00
277748,1.2767100000000000e-08,-7.8939077399352433e+00
277761,1.2767100000000000e-08,-7.8939077399352433e+00
277774,1.2637200000000000e-08,-7.8983491411846058e+00
277787,1.2494300000000001e-08,-7.9032880704421515e+00
277806,1.2494300000000001e-08,-7.9032880704421515e+00
277819,1.2494300000000001e-08,-7.9032880704421515e+00
277832,1.2494300000000001e-08,-7.9032880704421515e+00
277845,1.2371060000000000e-08,-7.9075930867550444e+00
277858,1.2371060000000000e-08,-7.9075930867550444e+00
277871,1.2371060000000000e-08,-7.9075930867550444e+00
277890,1.2371060000000000e-08,-7.9075930867550444e+00
277903,1.2315999999999999e-08,-7.9095303197688391e+00
277916,1.2315999999999999e-08,-7.9095303197688391e+00
277929,1.2304160000000000e-08,-7.9099480300568423e+00
277942,1.2304160000000000e-08,-7.9099480300568423e+00
277955,1.2222640000000001e-08,-7.9128349795597908e+00
277974,1.2222640000000001e-08,-7.9128349795597908e+00
277987,1.2222640000000001e-08,-7.9128349795597908e+00
278000,1.2222640000000001e-08,-7.9128349795597908e+00
278013,1.2222640000000001e-08,-7.9128349795597908e+00
278026,1.2222640000000001e-08,-7.9128349795597908e+00
278039,1.2222640000000001e-08,-7.9128349795597908e+00
278058,1.2169699999999999e-08,-7.9147201275998817e+00
278071,1.2169699999999999e-08,-7.9147201275998817e+00
278084,1.2154500000000000e-08,-7.9152629020372052e+00
278097,1.2154500000000000e-08,-7.9152629020372052e+00
278110,1.2154500000000000e-08,-7.9152629020372052e+00
278123,1.2154500000000000e-08,-7.9152629020372052e+00
278142,1.2154500000000000e-08,-7.9152629020372052e+00
278155,1.2138340000000000e-08,-7.9158407019043899e+00
278168,1.2132550000000001e-08,-7.9160479102183761e+00
278181,1.2132550000000001e-08,-7.9160479102183761e+00
278194,1.2132550000000001e-08,-7.9160479102183761e+00
278207,1.2132550000000001e-08,-7.9160479102183761e+00
278226,1.2132550000000001e-08,-7.9160479102183761e+00
278239,1.2070400000000000e-08,-7.9182783376148036e+00
278252,1.2070400000000000e-08,-7.9182783376148036e+00
278265,1.2070400000000000e-08,-7.9182783376148036e+00
278278,1.1983730000000000e-08,-7.9214079844269074e+00
278291,1.1983730000000000e-08,-7.9214079844269074e+00
278310,1.1981570000000000e-08,-7.9214862706226530e+00
278323,1.1981570000000000e-08,-7.9214862706226530e+00
278336,1.1981570000000000e-08,-7.9214862706226530e+00
278349,1.1816550000000000e-08,-7.9275093030375032e+00
278362,1.1816550000000000e-08,-7.9275093030375032e+00
278375,1.1404500000000000e-08,-7.9429237504575649e+00
278394,1.1404500000000000e-08,-7.9429237504575649e+00
278407,1.1404500000000000e-08,-7.9429237504575649e+00
278420,1.1399950000000000e-08,-7.9430970534680636e+00
278433,1.1399950000000000e-08,-7.9430970534680636e+00
278446,1.1399950000000000e-08,-7.9430970534680636e+00
278459,1.1399950000000000e-08,-7.9430970534680636e+00
278478,1.1279040000000001e-08,-7.9477278631580868e+00
278491,1.1279040000000001e-08,-7.9477278631580868e+00
278504,1.1210399999999999e-08,-7.9503788910006117e+00
278517,1.1210399999999999e-08,-7.9503788910006117e+00
278530,1.1210399999999999e-08,-7.9503788910006117e+00
278543,1.1210399999999999e-08,-7.9503788910006117e+00
278562,1.1002400000000000e-08,-7.9585125700175103e+00
278575,1.1002400000000000e-08,-7.9585125700175103e+00
278588,1.1002400000000000e-08,-7.9585125700175103e+00
278601,1.0990330000000000e-08,-7.9589892670826643e+00
278614,1.0273499999999999e-08,-7.9882815747344207e+00
278627,1.0227839999999999e-08,-7.9902160745116211e+00
278646,1.0227839999999999e-08,-7.9902160745116211e+00
278659,1.0224940000000000e-08,-7.9903392317553754e+00
278672,1.0224940000000000e-08,-7.9903392317553754e+00
278685,1.0224940000000000e-08,-7.9903392317553754e+00
278698,1.0181340000000000e-08,-7.9921950592971402e+00
278711,0.0000000000000000e+00,
278730,0.0000000000000000e+00,
278743,0.0000000000000000e+00,
278756,0.0000000000000000e+00,
278769,0.0000000000000000e+00,
278782,0.0000000000000000e+00,
278795,0.0000000000000000e+00,
278814,0.0000000000000000e+00,
278827,0.0000000000000000e+00,
278840,0.0000000000000000e+00,
278853,0.0000000000000000e+00,
278866,0.0000000000000000e+00,
278879,0.0000000000000000e+00,
278898,0.0000000000000000e+00,
278911,0.0000000000000000e+00,
278924,0.0000000000000000e+00,
278937,0.0000000000000000e+00,
278950,0.0000000000000000e+00,
278963,0.0000000000000000e+00,
278982,0.0000000000000000e+00,
278995,0.0000000000000000e+00,
279008,0.0000000000000000e+00,
279021,0.0000000000000000e+00,
279034,0.0000000000000000e+00,
279047,0.0000000000000000e+00,
279066,0.0000000000000000e+00,
279079,0.0000000000000000e+00,
279092,0.0000000000000000e+00,
279105,0.0000000000000000e+00,
279118,0.0000000000000000e+00,
279131,0.0000000000000000e+00,
279150,0.0000000000000000e+00,
279163,0.0000000000000000e+00,
279176,0.0000000000000000e+00,
279189,0.0000000000000000e+00,
279202,0.0000000000000000e+00,
279215,0.0000000000000000e+00,
279234,0.0000000000000000e+00,
279247,0.0000000000000000e+00,
279260,0.0000000000000000e+00,
279273,0.0000000000000000e+00,
279286,0.0000000000000000e+00,
279299,0.0000000000000000e+00,
279318,0.0000000000000000e+00,
279331,0.0000000000000000e+00,
279344,0.0000000000000000e+00,
279357,0.0000000000000000e+00,
279370,0.0000000000000000e+00,
279383,0.0000000000000000e+00,
279402,0.0000000000000000e+00,
279415,0.0000000000000000e+00,
279428,0.0000000000000000e+00,
279441,0.0000000000000000e+00,
279454,0.0000000000000000e+00,
279467,0.0000000000000000e+00,
279486,0.0000000000000000e+00,
279499,0.0000000000000000e+00,
279512,0.0000000000000000e+00,
279525,0.0000000000000000e+00,
279538,0.0000000000000000e+00,
279551,0.0000000000000000e+00,
279570,0.0000000000000000e+00,
279583,0.0000000000000000e+00,
279596,0.0000000000000000e+00,
279609,0.0000000000000000e+00,
279622,0.0000000000000000e+00,
279635,0.0000000000000000e+00,
279654,0.0000000000000000e+00,
279667,0.0000000000000000e+00,
279680,0.0000000000000000e+00,
279693,0.0000000000000000e+00,
279706,0.0000000000000000e+00,
279719,0.0000000000000000e+00,
279738,0.0000000000000000e+00,
279751,0.0000000000000000e+00,
279764,0.0000000000000000e+00,
279777,0.0000000000000000e+00,
279790,0.0000000000000000e+00,
279803,0.0000000000000000e+00,
279822,0.0000000000000000e+00,
279835,0.0000000000000000e+00,
279848,0.0000000000000000e+00,
279861,0.0000000000000000e+00,
279874,0.0000000000000000e+00,
279887,0.0000000000000000e+00,
279906,0.0000000000000000e+00,
279919,0.0000000000000000e+00,
279932,0.0000000000000000e+00,
279945,0.0000000000000000e+00,
279958,0.0000000000000000e+00,
279971,0.0000000000000000e+00,
279990,0.0000000000000000e+00,
280003,0.0000000000000000e+00,
280016,0.0000000000000000e+00,
280029,0.0000000000000000e+00,
280042,0.0000000000000000e+00,
280055,0.0000000000000000e+00,
280074,0.0000000000000000e+00,
280087,0.0000000000000000e+00,
280100,0.0000000000000000e+00,
280113,0.0000000000000000e+00,
280126,0.0000000000000000e+00,
280139,0.0000000000000000e+00,
280158,0.0000000000000000e+00,
280171,0.0000000000000000e+00,
280184,0.0000000000000000e+00,
280197,0.0000000000000000e+00,
280210,0.0000000000000000e+00,
280223,0.0000000000000000e+00,
280242,0.0000000000000000e+00,
280255,0.0000000000000000e+00,
280268,0.0000000000000000e+00,
280281,0.0000000000000000e+00,
280294,0.0000000000000000e+00,
280307,0.0000000000000000e+00,
280326,0.0000000000000000e+00,
280339,0.0000000000000000e+00,
280352,0.0000000000000000e+00,
280365,0.0000000000000000e+00,
280378,0.0000000000000000e+00,
280391,0.0000000000000000e+00,
280410,0.0000000000000000e+00,
280423,0.0000000000000000e+00,
280436,0.0000000000000000e+00,
280449,0.0000000000000000e+00,
280462,0.0000000000000000e+00,
280475,0.0000000000000000e+00,
280494,0.0000000000000000e+00,
280507,0.0000000000000000e+00,
280520,0.0000000000000000e+00,
280533,0.0000000000000000e+00,
280546,0.0000000000000000e+00,
280559,0.0000000000000000e+00,
280578,0.0000000000000000e+00,
280591,0.0000000000000000e+00,
280604,0.0000000000000000e+00,
280617,0.0000000000000000e+00,
280630,0.0000000000000000e+00,
280643,0.0000000000000000e+00,
280662,0.0000000000000000e+00,
280675,0.0000000000000000e+00,
280688,0.0000000000000000e+00,
280701,0.0000000000000000e+00,
280714,0.0000000000000000e+00,
280727,0.0000000000000000e+00,
280746,0.0000000000000000e+00,
280759,0.0000000000000000e+00,
280772,0.0000000000000000e+00,
280785,0.0000000000000000e+00,
280798,0.0000000000000000e+00,
280811,0.0000000000000000e+00,
280830,0.0000000000000000e+00,
280843,0.0000000000000000e+00,
280856,0.0000000000000000e+00,
280869,0.0000000000000000e+00,
280882,0.0000000000000000e+00,
280895,0.0000000000000000e+00,
280914,0.0000000000000000e+00,
280927,0.0000000000000000e+00,
280940,0.0000000000000000e+00,
280953,0.0000000000000000e+00,
280966,0.0000000000000000e+00,
280979,0.0000000000000000e+00,
280998,0.0000000000000000e+00,
281011,0.0000000000000000e+00,
281024,0.0000000000000000e+00,
281037,0.0000000000000000e+00,
281050,0.0000000000000000e+00,
281063,0.0000000000000000e+00,
281082,0.0000000000000000e+00,
281095,0.0000000000000000e+00,
281108,0.0000000000000000e+00,
281121,0.0000000000000000e+00,
281134,0.0000000000000000e+00,
281147,0.0000000000000000e+00,
281166,0.0000000000000000e+00,
281179,0.0000000000000000e+00,
281192,0.0000000000000000e+00,
281205,0.0000000000000000e+00,
281218,0.0000000000000000e+00,
281231,0.0000000000000000e+00,
281250,0.0000000000000000e+00,
281263,0.0000000000000000e+00,
281276,0.0000000000000000e+00,
281289,0.0000000000000000e+00,
281302,0.0000000000000000e+00,
281315,0.0000000000000000e+00,
281334,0.0000000000000000e+00,
281347,0.0000000000000000e+00,
281360,0.0000000000000000e+00,
281373,0.0000000000000000e+00,
281386,0.0000000000000000e+00,
281399,0.0000000000000000e+00,
281418,0.0000000000000000e+00,
281431,0.0000000000000000e+00,
281444,0.0000000000000000e+00,
281457,0.0000000000000000e+00,
281470,0.0000000000000000e+00,
281483,0.0000000000000000e+00,
281502,0.0000000000000000e+00,
281515,0.0000000000000000e+00,
281528,0.0000000000000000e+00,
281541,0.0000000000000000e+00,
281554,0.0000000000000000e+00,
281567,0.0000000000000000e+00,
281586,0.0000000000000000e+00,
281599,0.0000000000000000e+00,
281612,0.0000000000000000e+00,
281625,0.0000000000000000e+00,
281638,0.0000000000000000e+00,
281651,0.0000000000000000e+00,
281670,0.0000000000000000e+00,
281683,0.0000000000000000e+00,
281696,0.0000000000000000e+00,
281709,0.0000000000000000e+00,
281722,0.0000000000000000e+00,
281735,0.0000000000000000e+00,
281754,0.0000000000000000e+00,
281767,0.0000000000000000e+00,
281780,0.0000000000000000e+00,
281793,0.0000000000000000e+00,
281806,0.0000000000000000e+00,
281819,0.0000000000000000e+00,
281838,0.0000000000000000e+00,
281851,0.0000000000000000e+00,
281864,0.0000000000000000e+00,
281877,0.0000000000000000e+00,
281890,0.0000000000000000e+00,
281903,0.0000000000000000e+00,
281922,0.0000000000000000e+00,
281935,0.0000000000000000e+00,
281948,0.0000000000000000e+00,
281961,0.0000000000000000e+00,
281974,0.0000000000000000e+00,
281987,0.0000000000000000e+00,
282006,0.0000000000000000e+00,
282019,0.0000000000000000e+00,
282032,0.0000000000000000e+00,
282045,0.0000000000000000e+00,
282058,0.0000000000000000e+00,
282071,0.0000000000000000e+00,
282090,0.0000000000000000e+00,
282103,0.0000000000000000e+00,
282116,0.0000000000000000e+00,
282129,0.0000000000000000e+00,
282142,0.0000000000000000e+00,
282155,0.0000000000000000e+00,
282174,0.0000000000000000e+00,
282187,0.0000000000000000e+00,
282200,0.0000000000000000e+00,
282212,0.0000000000000000e+00,
282224,0.0000000000000000e+00,
282236,0.0000000000000000e+00,
282254,0.0000000000000000e+00,
282266,0.0000000000000000e+00,
282278,0.0000000000000000e+00,
282290,0.0000000000000000e+00,
282302,0.0000000000000000e+00,
282314,0.0000000000000000e+00,
282332,0.0000000000000000e+00,
282344,0.0000000000000000e+00,
282356,0.0000000000000000e+00,
282368,0.0000000000000000e+00,
282380,0.0000000000000000e+00,
282392,0.0000000000000000e+00,
282410,0.0000000000000000e+00,
282422,0.0000000000000000e+00,
282434,0.0000000000000000e+00,
282446,0.0000000000000000e+00,
282458,0.0000000000000000e+00,
282470,0.0000000000000000e+00,
282488,0.0000000000000000e+00,
282500,0.0000000000000000e+00,
282512,0.0000000000000000e+00,
282524,0.0000000000000000e+00,
282536,0.0000000000000000e+00,
282548,0.0000000000000000e+00,
282566,0.0000000000000000e+00,
282578,0.0000000000000000e+00,
282590,0.0000000000000000e+00,
282602,0.0000000000000000e+00,
282614,0.0000000000000000e+00,
282626,0.0000000000000000e+00,
282644,0.0000000000000000e+00,
282656,0.0000000000000000e+00,
282668,0.0000000000000000e+00,
282680,0.0000000000000000e+00,
282692,0.0000000000000000e+00,
282704,0.0000000000000000e+00,
282722,0.0000000000000000e+00,
282734,0.0000000000000000e+00,
282746,0.0000000000000000e+00,
282758,0.0000000000000000e+00,
282770,0.0000000000000000e+00,
282782,0.0000000000000000e+00,
282800,0.0000000000000000e+00,
282812,0.0000000000000000e+00,
282824,0.0000000000000000e+00,
282836,0.0000000000000000e+00,
282848,0.0000000000000000e+00,
282860,0.0000000000000000e+00,
282878,0.0000000000000000e+00,
282890,0.0000000000000000e+00,
282902,0.0000000000000000e+00,
282914,0.0000000000000000e+00,
282926,0.0000000000000000e+00,
282938,0.0000000000000000e+00,
282956,0.0000000000000000e+00,
282968,0.0000000000000000e+00,
282980,0.0000000000000000e+00,
282992,0.0000000000000000e+00,
283004,0.0000000000000000e+00,
283016,0.0000000000000000e+00,
283034,0.0000000000000000e+00,
283046,0.0000000000000000e+00,
283058,0.0000000000000000e+00,
283070,0.0000000000000000e+00,
283082,0.0000000000000000e+00,
283094,0.0000000000000000e+00,
283112,0.0000000000000000e+00,
283124,0.0000000000000000e+00,
283136,0.0000000000000000e+00,
283148,0.0000000000000000e+00,
283160,0.0000000000000000e+00,
283172,0.0000000000000000e+00,
283190,0.0000000000000000e+00,
283202,0.0000000000000000e+00,
283214,0.0000000000000000e+00,
283226,0.0000000000000000e+00,
283238,0.0000000000000000e+00,
283250,0.0000000000000000e+00,
283268,0.0000000000000000e+00,
283280,0.0000000000000000e+00,
283292,0.0000000000000000e+00,
283304,0.0000000000000000e+00,
283316,0.0000000000000000e+00,
283328,0.0000000000000000e+00,
283346,0.0000000000000000e+00,
283358,0.0000000000000000e+00,
283370,0.0000000000000000e+00,
283382,0.0000000000000000e+00,
283394,0.0000000000000000e+00,
283406,0.0000000000000000e+00,
283424,0.0000000000000000e+00,
283436,0.0000000000000000e+00,
283448,0.0000000000000000e+00,
283460,0.0000000000000000e+00,
283472,0.0000000000000000e+00,
283484,0.0000000000000000e+00,
283502,0.0000000000000000e+00,
283514,0.0000000000000000e+00,
283526,0.0000000000000000e+00,
283538,0.0000000000000000e+00,
283550,0.0000000000000000e+00,
283562,0.0000000000000000e+00,
283580,0.0000000000000000e+00,
283592,0.0000000000000000e+00,
283604,0.0000000000000000e+00,
283616,0.0000000000000000e+00,
283628,0.0000000000000000e+00,
283640,0.0000000000000000e+00,
283658,0.0000000000000000e+00,
283670,0.0000000000000000e+00,
283682,0.0000000000000000e+00,
283694,0.0000000000000000e+00,
283706,0.0000000000000000e+00,
283718,0.0000000000000000e+00,
283736,0.0000000000000000e+00,
283748,0.0000000000000000e+00,
283760,0.0000000000000000e+00,
283772,0.0000000000000000e+00,
283784,0.0000000000000000e+00,
283796,0.0000000000000000e+00,
283814,0.0000000000000000e+00,
283826,0.0000000000000000e+00,
283838,0.0000000000000000e+00,
283850,0.0000000000000000e+00,
283862,0.0000000000000000e+00,
283874,0.0000000000000000e+00,
283892,0.0000000000000000e+00,
283904,0.0000000000000000e+00,
283916,0.0000000000000000e+00,
283928,0.0000000000000000e+00,
283940,0.0000000000000000e+00,
283952,0.0000000000000000e+00,
283970,0.0000000000000000e+00,
283982,0.0000000000000000e+00,
283994,0.0000000000000000e+00,
284006,0.0000000000000000e+00,
284018,0.0000000000000000e+00,
284030,0.0000000000000000e+00,
284048,0.0000000000000000e+00,
284060,0.0000000000000000e+00,
284072,0.0000000000000000e+00,
284084,0.0000000000000000e+00,
284096,0.0000000000000000e+00,
284108,0.0000000000000000e+00,
284126,0.0000000000000000e+00,
284138,0.0000000000000000e+00,
284150,0.0000000000000000e+00,
284162,0.0000000000000000e+00,
284174,0.0000000000000000e+00,
284186,0.0000000000000000e+00,
284204,0.0000000000000000e+00,
284216,0.0000000000000000e+00,
284228,0.0000000000000000e+00,
284240,0.0000000000000000e+00,
284252,0.0000000000000000e+00,
284264,0.0000000000000000e+00,
284282,0.0000000000000000e+00,
284294,0.0000000000000000e+00,
284306,0.0000000000000000e+00,
284318,0.0000000000000000e+00,
284330,0.0000000000000000e+00,
284342,0.0000000000000000e+00,
284360,0.0000000000000000e+00,
284372,0.0000000000000000e+00,
284384,0.0000000000000000e+00,
284396,0.0000000000000000e+00,
284408,0.0000000000000000e+00,
284420,0.0000000000000000e+00,
284438,0.0000000000000000e+00,
284450,0.0000000000000000e+00,
284462,0.0000000000000000e+00,
284474,0.0000000000000000e+00,
284486,0.0000000000000000e+00,
284498,0.0000000000000000e+00,
284516,0.0000000000000000e+00,
284528,0.0000000000000000e+00,
284540,0.0000000000000000e+00,
284552,0.0000000000000000e+00,
284564,0.0000000000000000e+00,
284576,0.0000000000000000e+00,
284594,0.0000000000000000e+00,
284606,0.0000000000000000e+00,
284618,0.0000000000000000e+00,
284630,0.0000000000000000e+00,
284642,0.0000000000000000e+00,
284654,0.0000000000000000e+00,
284672,0.0000000000000000e+00,
284684,0.0000000000000000e+00,
284696,0.0000000000000000e+00,
284708,0.0000000000000000e+00,
284720,0.0000000000000000e+00,
284732,0.0000000000000000e+00,
284750,0.0000000000000000e+00,
284762,0.0000000000000000e+00,
284774,0.0000000000000000e+00,
284786,0.0000000000000000e+00,
284798,0.0000000000000000e+00,
284810,0.0000000000000000e+00,
284828,0.0000000000000000e+00,
284840,0.0000000000000000e+00,
284852,0.0000000000000000e+00,
284864,0.0000000000000000e+00,
284876,0.0000000000000000e+00,
284888,0.0000000000000000e+00,
284906,0.0000000000000000e+00,
284918,0.0000000000000000e+00,
284930,0.0000000000000000e+00,
284942,0.0000000000000000e+00,
284954,0.0000000000000000e+00,
284966,0.0000000000000000e+00,
284984,0.0000000000000000e+00,
284996,0.0000000000000000e+00,
285008,0.0000000000000000e+00,
285020,0.0000000000000000e+00,
285032,0.0000000000000000e+00,
285044,0.0000000000000000e+00,
285062,0.0000000000000000e+00,
285074,0.0000000000000000e+00,
285086,0.0000000000000000e+00,
285098,0.0000000000000000e+00,
285110,0.0000000000000000e+00,
285122,0.0000000000000000e+00,
285140,0.0000000000000000e+00,
285152,0.0000000000000000e+00,
285164,0.0000000000000000e+00,
285176,0.0000000000000000e+00,
285188,0.0000000000000000e+00,
285200,0.0000000000000000e+00,
285218,0.0000000000000000e+00,
285230,0.0000000000000000e+00,
285242,0.0000000000000000e+00,
285254,0.0000000000000000e+00,
285266,0.0000000000000000e+00,
285278,0.0000000000000000e+00,
285296,0.0000000000000000e+00,
285308,0.0000000000000000e+00,
285320,0.0000000000000000e+00,
285332,0.0000000000000000e+00,
285344,0.0000000000000000e+00,
285356,0.0000000000000000e+00,
285374,0.0000000000000000e+00,
285386,0.0000000000000000e+00,
285398,0.0000000000000000e+00,
285410,0.0000000000000000e+00,
285422,0.0000000000000000e+00,
285434,0.0000000000000000e+00,
285452,0.0000000000000000e+00,
285464,0.0000000000000000e+00,
285476,0.0000000000000000e+00,
285488,0.0000000000000000e+00,
285500,0.0000000000000000e+00,
285512,0.0000000000000000e+00,
285530,0.0000000000000000e+00,
285542,0.0000000000000000e+00,
285554,0.0000000000000000e+00,
285566,0.0000000000000000e+00,
285578,0.0000000000000000e+00,
285590,0.0000000000000000e+00,
285608,0.0000000000000000e+00,
285620,0.0000000000000000e+00,
285632,0.0000000000000000e+00,
285644,0.0000000000000000e+00,
285656,0.0000000000000000e+00,
285668,0.0000000000000000e+00,
285686,0.0000000000000000e+00,
285698,0.0000000000000000e+00,
285710,0.0000000000000000e+00,
285722,0.0000000000000000e+00,
285734,0.0000000000000000e+00,
285746,0.0000000000000000e+00,
285764,0.0000000000000000e+00,
285776,0.0000000000000000e+00,
285788,0.0000000000000000e+00,
285800,0.0000000000000000e+00,
285812,0.0000000000000000e+00,
285824,0.0000000000000000e+00,
285842,0.0000000000000000e+00,
285854,0.0000000000000000e+00,
285866,0.0000000000000000e+00,
285878,0.0000000000000000e+00,
285890,0.0000000000000000e+00,
285902,0.0000000000000000e+00,
285920,0.0000000000000000e+00,
285932,0.0000000000000000e+00,
285944,0.0000000000000000e+00,
285956,0.0000000000000000e+00,
285968,0.0000000000000000e+00,
285980,0.0000000000000000e+00,
285998,0.0000000000000000e+00,
286010,0.0000000000000000e+00,
286022,0.0000000000000000e+00,
286034,0.0000000000000000e+00,
286046,0.0000000000000000e+00,
286058,0.0000000000000000e+00,
286070,0.0000000000000000e+00,
286082,0.0000000000000000e+00,
286094,0.0000000000000000e+00,
286106,0.0000000000000000e+00,
286118,0.0000000000000000e+00,
286130,0.0000000000000000e+00,
286142,0.0000000000000000e+00,
286154,0.0000000000000000e+00,
286166,0.0000000000000000e+00,
286178,0.0000000000000000e+00,
286190,0.0000000000000000e+00,
286202,0.0000000000000000e+00,
286214,0.0000000000000000e+00,
286226,0.0000000000000000e+00,
286238,0.0000000000000000e+00,
286250,0.0000000000000000e+00,
286262,0.0000000000000000e+00,
286274,0.0000000000000000e+00,
286286,0.0000000000000000e+00,
286298,0.0000000000000000e+00,
286310,0.0000000000000000e+00,
286322,0.0000000000000000e+00,
286334,0.0000000000000000e+00,
286346,0.0000000000000000e+00,
286358,0.0000000000000000e+00,
286370,0.0000000000000000e+00,
286382,0.0000000000000000e+00,
286394,0.0000000000000000e+00,
286406,0.0000000000000000e+00,
286418,0.0000000000000000e+00,
286430,0.0000000000000000e+00,
286442,0.0000000000000000e+00,
286454,0.0000000000000000e+00,
286466,0.0000000000000000e+00,
286478,0.0000000000000000e+00,
286490,0.0000000000000000e+00,
286502,0.0000000000000000e+00,
286514,0.0000000000000000e+00,
286526,0.0000000000000000e+00,
286538,0.0000000000000000e+00,
286550,0.0000000000000000e+00,
286562,0.0000000000000000e+00,
286574,0.0000000000000000e+00,
286586,0.0000000000000000e+00,
286598,0.0000000000000000e+00,
286610,0.0000000000000000e+00,
286622,0.0000000000000000e+00,
286634,0.0000000000000000e+00,
286646,0.0000000000000000e+00,
286658,0.0000000000000000e+00,
286670,0.0000000000000000e+00,
286682,0.0000000000000000e+00,
286694,0.0000000000000000e+00,
286706,0.0000000000000000e+00,
286718,0.0000000000000000e+00,
286730,0.0000000000000000e+00,
286742,0.0000000000000000e+00,
286754,0.0000000000000000e+00,
286766,0.0000000000000000e+00,
286778,0.0000000000000000e+00,
286790,0.0000000000000000e+00,
286802,0.0000000000000000e+00,
286814,0.0000000000000000e+00,
286826,0.0000000000000000e+00,
286838,0.0000000000000000e+00,
286850,0.0000000000000000e+00,
286862,0.0000000000000000e+00,
286874,0.0000000000000000e+00,
286886,0.0000000000000000e+00,
286898,0.0000000000000000e+00,
286910,0.0000000000000000e+00,
286922,0.0000000000000000e+00,
286934,0.0000000000000000e+00,
286946,0.0000000000000000e+00,
286958,0.0000000000000000e+00,
286970,0.0000000000000000e+00,
286982,0.0000000000000000e+00,
286994,0.0000000000000000e+00,
287006,0.0000000000000000e+00,
287018,0.0000000000000000e+00,
287030,0.0000000000000000e+00,
287042,0.0000000000000000e+00,
287054,0.0000000000000000e+00,
287066,0.0000000000000000e+00,
287078,0.0000000000000000e+00,
287090,0.0000000000000000e+00,
287102,0.0000000000000000e+00,
287114,0.0000000000000000e+00,
287126,0.0000000000000000e+00,
287138,0.0000000000000000e+00,
287150,0.0000000000000000e+00,
287162,0.0000000000000000e+00,
287174,0.0000000000000000e+00,
287186,0.0000000000000000e+00,
287198,0.0000000000000000e+00,
287210,0.0000000000000000e+00,
287222,0.0000000000000000e+00,
287234,0.0000000000000000e+00,
287246,0.0000000000000000e+00,
287258,0.0000000000000000e+00,
287270,0.0000000000000000e+00,
287282,0.0000000000000000e+00,
287294,0.0000000000000000e+00,
287306,0.0000000000000000e+00,
287318,0.0000000000000000e+00,
287330,0.0000000000000000e+00,
287342,0.0000000000000000e+00,
287354,0.0000000000000000e+00,
287366,0.0000000000000000e+00,
287378,0.0000000000000000e+00,
287390,0.0000000000000000e+00,
287402,0.0000000000000000e+00,
287414,0.0000000000000000e+00,
287426,0.0000000000000000e+00,
287438,0.0000000000000000e+00,
287450,0.0000000000000000e+00,
287462,0.0000000000000000e+00,
287474,0.0000000000000000e+00,
287486,0.0000000000000000e+00,
287498,0.0000000000000000e+00,
287510,0.0000000000000000e+00,
287522,0.0000000000000000e+00,
287534,0.0000000000000000e+00,
287546,0.0000000000000000e+00,
287558,0.0000000000000000e+00,
287570,0.0000000000000000e+00,
287582,0.0000000000000000e+00,
287594,0.0000000000000000e+00,
287606,0.0000000000000000e+00,
287618,0.0000000000000000e+00,
287630,0.0000000000000000e+00,
287642,0.0000000000000000e+00,
287654,0.0000000000000000e+00,
287666,0.0000000000000000e+00,
287678,0.0000000000000000e+00,
287690,0.0000000000000000e+00,
287702,0.0000000000000000e+00,
287714,0.0000000000000000e+00,
287726,0.0000000000000000e+00,
287738,0.0000000000000000e+00,
287750,0.0000000000000000e+00,
287762,0.0000000000000000e+00,
287774,0.0000000000000000e+00,
287786,0.0000000000000000e+00,
287798,0.0000000000000000e+00,
287810,0.0000000000000000e+00,
287822,0.0000000000000000e+00,
287834,0.0000000000000000e+00,
287846,0.0000000000000000e+00,
287858,0.0000000000000000e+00,
287870,0.0000000000000000e+00,
287882,0.0000000000000000e+00,
287894,0.0000000000000000e+00,
287906,0.0000000000000000e+00,
287918,0.0000000000000000e+00,
287930,0.0000000000000000e+00,
287942,0.0000000000000000e+00,
287954,0.0000000000000000e+00,
287966,0.0000000000000000e+00,
287978,0.0000000000000000e+00,
287990,0.0000000000000000e+00,
288002,0.0000000000000000e+00,
288014,0.0000000000000000e+00,
288026,0.0000000000000000e+00,
288038,0.0000000000000000e+00,
288050,0.0000000000000000e+00,
288062,0.0000000000000000e+00,
288074,0.0000000000000000e+00,
288086,0.0000000000000000e+00,
288098,0.0000000000000000e+00,
288110,0.0000000000000000e+00,
288122,0.0000000000000000e+00,
288134,0.0000000000000000e+00,
288146,0.0000000000000000e+00,
288158,0.0000000000000000e+00,
288170,0.0000000000000000e+00,
288182,0.0000000000000000e+00,
288194,0.0000000000000000e+00,
288206,0.0000000000000000e+00,
288218,0.0000000000000000e+00,
288230,0.0000000000000000e+00,
288242,0.0000000000000000e+00,
288254,0.0000000000000000e+00,
288266,0.0000000000000000e+00,
288278,0.0000000000000000e+00,
288290,0.0000000000000000e+00,
288302,0.0000000000000000e+00,
288314,0.0000000000000000e+00,
288326,0.0000000000000000e+00,
288338,0.0000000000000000e+00,
288350,0.0000000000000000e+00,
288362,0.0000000000000000e+00,
288374,0.0000000000000000e+00,
288386,0.0000000000000000e+00,
288398,0.0000000000000000e+00,
288410,0.0000000000000000e+00,
288422,0.0000000000000000e+00,
288434,0.0000000000000000e+00,
288446,0.0000000000000000e+00,
288458,0.0000000000000000e+00,
288470,0.0000000000000000e+00,
288482,0.0000000000000000e+00,
288494,0.0000000000000000e+00,
288506,0.0000000000000000e+00,
288518,0.0000000000000000e+00,
288530,0.0000000000000000e+00,
288542,0.0000000000000000e+00,
288554,0.0000000000000000e+00,
288566,0.0000000000000000e+00,
288578,0.0000000000000000e+00,
288590,0.0000000000000000e+00,
288602,0.0000000000000000e+00,
288614,0.0000000000000000e+00,
288626,0.0000000000000000e+00,
288638,0.0000000000000000e+00,
288650,0.0000000000000000e+00,
288662,0.0000000000000000e+00,
288674,0.0000000000000000e+00,
288686,0.0000000000000000e+00,
288698,0.0000000000000000e+00,
288710,0.0000000000000000e+00,
288722,0.0000000000000000e+00,
288734,0.0000000000000000e+00,
288746,0.0000000000000000e+00,
288758,0.0000000000000000e+00,
288770,0.0000000000000000e+00,
288782,0.0000000000000000e+00,
288794,0.0000000000000000e+00,
288806,0.0000000000000000e+00,
288818,0.0000000000000000e+00,
288830,0.0000000000000000e+00,
288842,0.0000000000000000e+00,
288854,0.0000000000000000e+00,
288866,0.0000000000000000e+00,
288878,0.0000000000000000e+00,
288890,0.0000000000000000e+00,
288902,0.0000000000000000e+00,
288914,0.0000000000000000e+00,
288926,0.0000000000000000e+00,
288938,0.0000000000000000e+00,
288950,0.0000000000000000e+00,
288962,0.0000000000000000e+00,
288974,0.0000000000000000e+00,
288986,0.0000000000000000e+00,
288998,0.0000000000000000e+00,
289010,0.0000000000000000e+00,
289022,0.0000000000000000e+00,
289034,0.0000000000000000e+00,
289046,0.0000000000000000e+00,
289058,0.0000000000000000e+00,
289070,0.0000000000000000e+00,
289082,0.0000000000000000e+00,
289094,0.0000000000000000e+00,
289106,0.0000000000000000e+00,
289118,0.0000000000000000e+00,
289130,0.0000000000000000e+00,
289142,0.0000000000000000e+00,
289154,0.0000000000000000e+00,
289166,0.0000000000000000e+00,
289178,0.0000000000000000e+00,
289190,0.0000000000000000e+00,
289202,0.0000000000000000e+00,
289214,0.0000000000000000e+00,
289226,0.0000000000000000e+00,
289238,0.0000000000000000e+00,
289250,0.0000000000000000e+00,
289262,0.0000000000000000e+00,
289274,0.0000000000000000e+00,
289286,0.0000000000000000e+00,
289298,0.0000000000000000e+00,
289310,0.0000000000000000e+00,
289322,0.0000000000000000e+00,
289334,0.0000000000000000e+00,
289346,0.0000000000000000e+00,
289358,0.0000000000000000e+00,
289370,0.0000000000000000e+00,
289382,0.0000000000000000e+00,
289394,0.0000000000000000e+00,
289406,0.0000000000000000e+00,
289418,0.0000000000000000e+00,
289430,0.0000000000000000e+00,
289442,0.0000000000000000e+00,
289454,0.0000000000000000e+00,
289466,0.0000000000000000e+00,
289478,0.0000000000000000e+00,
289490,0.0000000000000000e+00,
289502,0.0000000000000000e+00,
289514,0.0000000000000000e+00,
289526,0.0000000000000000e+00,
289538,0.0000000000000000e+00,
289550,0.0000000000000000e+00,
289562,0.0000000000000000e+00,
289574,0.0000000000000000e+00,
289586,0.0000000000000000e+00,
289598,0.0000000000000000e+00,
289610,0.0000000000000000e+00,
289622,0.0000000000000000e+00,
289634,0.0000000000000000e+00,
289646,0.0000000000000000e+00,
289658,0.0000000000000000e+00,
289670,0.0000000000000000e+00,
289682,0.0000000000000000e+00,
289694,0.0000000000000000e+00,
289706,0.0000000000000000e+00,
289718,0.0000000000000000e+00,
289730,0.0000000000000000e+00,
289742,0.0000000000000000e+00,
289754,0.0000000000000000e+00,
289766,0.0000000000000000e+00,
289778,0.0000000000000000e+00,
289790,0.0000000000000000e+00,
289802,0.0000000000000000e+00,
289814,0.0000000000000000e+00,
289826,0.0000000000000000e+00,
289838,0.0000000000000000e+00,
289850,0.0000000000000000e+00,
289862,0.0000000000000000e+00,
289874,0.0000000000000000e+00,
289886,0.0000000000000000e+00,
289898,0.0000000000000000e+00,
289910,0.0000000000000000e+00,
289922,0.0000000000000000e+00,
289934,0.0000000000000000e+00,
289946,0.0000000000000000e+00,
289958,0.0000000000000000e+00,
289970,0.0000000000000000e+00,
289982,0.0000000000000000e+00,
289994,0.0000000000000000e+00,
290006,0.0000000000000000e+00,
290018,0.0000000000000000e+00,
290030,0.0000000000000000e+00,
290042,0.0000000000000000e+00,
290054,0.0000000000000000e+00,
290066,0.0000000000000000e+00,
290078,0.0000000000000000e+00,
290090,0.0000000000000000e+00,
290102,0.0000000000000000e+00,
290114,0.0000000000000000e+00,
290126,0.0000000000000000e+00,
290138,0.0000000000000000e+00,
290150,0.0000000000000000e+00,
290162,0.0000000000000000e+00,
290174,0.0000000000000000e+00,
290186,0.0000000000000000e+00,
290198,0.0000000000000000e+00,
290210,0.0000000000000000e+00,
290222,0.0000000000000000e+00,
290234,0.0000000000000000e+00,
290246,0.0000000000000000e+00,
290258,0.0000000000000000e+00,
290270,0.0000000000000000e+00,
290282,0.0000000000000000e+00,
290294,0.0000000000000000e+00,
290306,0.0000000000000000e+00,
290318,0.0000000000000000e+00,
290330,0.0000000000000000e+00,
290342,0.0000000000000000e+00,
290354,0.0000000000000000e+00,
290366,0.0000000000000000e+00,
290378,0.0000000000000000e+00,
290390,0.0000000000000000e+00,
290402,0.0000000000000000e+00,
290414,0.0000000000000000e+00,
290426,0.0000000000000000e+00,
290438,0.0000000000000000e+00,
290450,0.0000000000000000e+00,
290462,0.0000000000000000e+00,
290474,0.0000000000000000e+00,
290486,0.0000000000000000e+00,
290498,0.0000000000000000e+00,
290510,0.0000000000000000e+00,
290522,0.0000000000000000e+00,
290534,0.0000000000000000e+00,
290546,0.0000000000000000e+00,
290558,0.0000000000000000e+00,
290570,0.0000000000000000e+00,
290582,0.0000000000000000e+00,
290594,0.0000000000000000e+00,
290606,0.0000000000000000e+00,
290618,0.0000000000000000e+00,
290630,0.0000000000000000e+00,
290642,0.0000000000000000e+00,
290654,0.0000000000000000e+00,
290666,0.0000000000000000e+00,
290678,0.0000000000000000e+00,
290690,0.0000000000000000e+00,
290702,0.0000000000000000e+00,
290714,0.0000000000000000e+00,
290726,0.0000000000000000e+00,
290738,0.0000000000000000e+00,
290750,0.0000000000000000e+00,
290762,0.0000000000000000e+00,
290774,0.0000000000000000e+00,
290786,0.0000000000000000e+00,
290798,0.0000000000000000e+00,
290810,0.0000000000000000e+00,
290822,0.0000000000000000e+00,
290834,0.0000000000000000e+00,
290846,0.0000000000000000e+00,
290858,0.0000000000000000e+00,
290870,0.0000000000000000e+00,
290882,0.0000000000000000e+00,
290894,0.0000000000000000e+00,
290906,0.0000000000000000e+00,
290918,0.0000000000000000e+00,
290930,0.0000000000000000e+00,
290942,0.0000000000000000e+00,
290954,0.0000000000000000e+00,
290966,0.0000000000000000e+00,
290978,0.0000000000000000e+00,
290990,0.0000000000000000e+00,
291002,0.0000000000000000e+00,
291014,0.0000000000000000e+00,
291026,0.0000000000000000e+00,
291038,0.0000000000000000e+00,
291050,0.0000000000000000e+00,
291062,0.0000000000000000e+00,
291074,0.0000000000000000e+00,
291086,0.0000000000000000e+00,
291098,0.0000000000000000e+00,
291110,0.0000000000000000e+00,
291122,0.0000000000000000e+00,
291134,0.0000000000000000e+00,
291146,0.0000000000000000e+00,
291158,0.0000000000000000e+00,
291170,0.0000000000000000e+00,
291182,0.0000000000000000e+00,
291194,0.0000000000000000e+00,
291206,0.0000000000000000e+00,
291218,0.0000000000000000e+00,
291230,0.0000000000000000e+00,
291242,0.0000000000000000e+00,
291254,0.0000000000000000e+00,
291266,0.0000000000000000e+00,
291278,0.0000000000000000e+00,
291290,0.0000000000000000e+00,
291302,0.0000000000000000e+00,
291314,0.0000000000000000e+00,
291326,0.0000000000000000e+00,
291338,0.0000000000000000e+00,
291350,0.0000000000000000e+00,
291362,0.0000000000000000e+00,
291374,0.0000000000000000e+00,
291386,0.0000000000000000e+00,
291398,0.0000000000000000e+00,
291410,0.0000000000000000e+00,
291422,0.0000000000000000e+00,
291434,0.0000000000000000e+00,
291446,0.0000000000000000e+00,
291458,0.0000000000000000e+00,
291470,0.0000000000000000e+00,
291482,0.0000000000000000e+00,
291494,0.0000000000000000e+00,
291506,0.0000000000000000e+00,
291518,0.0000000000000000e+00,
291530,0.0000000000000000e+00,
291542,0.0000000000000000e+00,
291554,0.0000000000000000e+00,
291566,0.0000000000000000e+00,
291578,0.0000000000000000e+00,
291590,0.0000000000000000e+00,
291602,0.0000000000000000e+00,
291614,0.0000000000000000e+00,
291626,0.0000000000000000e+00,
291638,0.0000000000000000e+00,
291650,0.0000000000000000e+00,
291662,0.0000000000000000e+00,
291674,0.0000000000000000e+00,
291686,0.0000000000000000e+00,
291698,0.0000000000000000e+00,
291710,0.0000000000000000e+00,
291722,0.0000000000000000e+00,
291734,0.0000000000000000e+00,
291746,0.0000000000000000e+00,
291758,0.0000000000000000e+00,
291770,0.0000000000000000e+00,
291782,0.0000000000000000e+00,
291794,0.0000000000000000e+00,
291806,0.0000000000000000e+00,
291818,0.0000000000000000e+00,
291830,0.0000000000000000e+00,
291842,0.0000000000000000e+00,
291854,0.0000000000000000e+00,
291866,0.0000000000000000e+00,
291878,0.0000000000000000e+00,
291890,0.0000000000000000e+00,
291902,0.0000000000000000e+00,
291914,0.0000000000000000e+00,
291926,0.0000000000000000e+00,
291938,0.0000000000000000e+00,
291950,0.0000000000000000e+00,
291962,0.0000000000000000e+00,
291974,0.0000000000000000e+00,
291986,0.0000000000000000e+00,
291998,0.0000000000000000e+00,
292010,0.0000000000000000e+00,
292022,0.0000000000000000e+00,
292034,0.0000000000000000e+00,
292046,0.0000000000000000e+00,
292058,0.0000000000000000e+00,
292070,0.0000000000000000e+00,
292082,0.0000000000000000e+00,
292094,0.0000000000000000e+00,
292106,0.0000000000000000e+00,
292118,0.0000000000000000e+00,
292130,0.0000000000000000e+00,
292142,0.0000000000000000e+00,
292154,0.0000000000000000e+00,
292166,0.0000000000000000e+00,
292178,0.0000000000000000e+00,
292190,0.0000000000000000e+00,
292202,0.0000000000000000e+00,
292214,0.0000000000000000e+00,
292226,0.0000000000000000e+00,
292238,0.0000000000000000e+00,
292250,0.0000000000000000e+00,
292262,0.0000000000000000e+00,
292274,0.0000000000000000e+00,
292286,0.0000000000000000e+00,
292298,0.0000000000000000e+00,
292310,0.0000000000000000e+00,
292322,0.0000000000000000e+00,
292334,0.0000000000000000e+00,
292346,0.0000000000000000e+00,
292358,0.0000000000000000e+00,
292370,0.0000000000000000e+00,
292382,0.0000000000000000e+00,
292394,0.0000000000000000e+00,
292406,0.0000000000000000e+00,
292418,0.0000000000000000e+00,
292430,0.0000000000000000e+00,
292442,0.0000000000000000e+00,
292454,0.0000000000000000e+00,
292466,0.0000000000000000e+00,
292478,0.0000000000000000e+00,
292490,0.0000000000000000e+00,
292502,0.0000000000000000e+00,
292514,0.0000000000000000e+00,
292526,0.0000000000000000e+00,
292538,0.0000000000000000e+00,
292550,0.0000000000000000e+00,
292562,0.0000000000000000e+00,
292574,0.0000000000000000e+00,
292586,0.0000000000000000e+00,
292598,0.0000000000000000e+00,
292610,0.0000000000000000e+00,
292622,0.0000000000000000e+00,
292634,0.0000000000000000e+00,
292646,0.0000000000000000e+00,
292658,0.0000000000000000e+00,
292670,0.0000000000000000e+00,
292682,0.0000000000000000e+00,
292694,0.0000000000000000e+00,
292706,0.0000000000000000e+00,
292718,0.0000000000000000e+00,
292730,0.0000000000000000e+00,
292742,0.0000000000000000e+00,
292754,0.0000000000000000e+00,
292766,0.0000000000000000e+00,
292778,0.0000000000000000e+00,
292790,0.0000000000000000e+00,
292802,0.0000000000000000e+00,
292814,0.0000000000000000e+00,
292826,0.0000000000000000e+00,
292838,0.0000000000000000e+00,
292850,0.0000000000000000e+00,
292862,0.0000000000000000e+00,
292874,0.0000000000000000e+00,
292886,0.0000000000000000e+00,
292898,0.0000000000000000e+00,
292910,0.0000000000000000e+00,
292922,0.0000000000000000e+00,
292934,0.0000000000000000e+00,
292946,0.0000000000000000e+00,
292958,0.0000000000000000e+00,
292970,0.0000000000000000e+00,
292982,0.0000000000000000e+00,
292994,0.0000000000000000e+00,
293006,0.0000000000000000e+00,
293018,0.0000000000000000e+00,
293030,0.0000000000000000e+00,
293042,0.0000000000000000e+00,
293054,0.0000000000000000e+00,
293066,0.0000000000000000e+00,
293078,0.0000000000000000e+00,
293090,0.0000000000000000e+00,
293102,0.0000000000000000e+00,
293114,0.0000000000000000e+00,
293126,0.0000000000000000e+00,
293138,0.0000000000000000e+00,
293150,0.0000000000000000e+00,
293162,0.0000000000000000e+00,
293174,0.0000000000000000e+00,
293186,0.0000000000000000e+00,
293198,0.0000000000000000e+00,
293210,0.0000000000000000e+00,
293222,0.0000000000000000e+00,
293234,0.0000000000000000e+00,
293246,0.0000000000000000e+00,
293258,0.0000000000000000e+00,
293270,0.0000000000000000e+00,
293282,0.0000000000000000e+00,
293294,0.0000000000000000e+00,
293306,0.0000000000000000e+00,
293318,0.0000000000000000e+00,
293330,0.0000000000000000e+00,
293342,0.0000000000000000e+00,
293354,0.0000000000000000e+00,
293366,0.0000000000000000e+00,
293378,0.0000000000000000e+00,
293390,0.0000000000000000e+00,
293402,0.0000000000000000e+00,
293414,0.0000000000000000e+00,
293426,0.0000000000000000e+00,
293438,0.0000000000000000e+00,
293450,0.0000000000000000e+00,
293462,0.0000000000000000e+00,
293474,0.0000000000000000e+00,
293486,0.0000000000000000e+00,
293498,0.0000000000000000e+00,
293510,0.0000000000000000e+00,
293522,0.0000000000000000e+00,
293534,0.0000000000000000e+00,
293546,0.0000000000000000e+00,
293558,0.0000000000000000e+00,
293570,0.0000000000000000e+00,
293582,0.0000000000000000e+00,
293594,0.0000000000000000e+00,
293606,0.0000000000000000e+00,
293618,0.0000000000000000e+00,
293630,0.0000000000000000e+00,
293642,0.0000000000000000e+00,
293654,0.0000000000000000e+00,
293666,0.0000000000000000e+00,
293678,0.0000000000000000e+00,
293690,0.0000000000000000e+00,
293702,0.0000000000000000e+00,
293714,0.0000000000000000e+00,
293726,0.0000000000000000e+00,
293738,0.0000000000000000e+00,
293750,0.0000000000000000e+00,
293762,0.0000000000000000e+00,
293774,0.0000000000000000e+00,
293786,0.0000000000000000e+00,
293798,0.0000000000000000e+00,
293810,0.0000000000000000e+00,
293822,0.0000000000000000e+00,
293834,0.0000000000000000e+00,
293846,0.0000000000000000e+00,
293858,0.0000000000000000e+00,
293870,0.0000000000000000e+00,
293882,0.0000000000000000e+00,
293894,0.0000000000000000e+00,
293906,0.0000000000000000e+00,
293918,0.0000000000000000e+00,
293930,0.0000000000000000e+00,
293942,0.0000000000000000e+00,
293954,0.0000000000000000e+00,
293966,0.0000000000000000e+00,
293978,0.0000000000000000e+00,
293990,0.0000000000000000e+00,
294002,0.0000000000000000e+00,
294014,0.0000000000000000e+00,
294026,0.0000000000000000e+00,
294038,0.0000000000000000e+00,
294050,0.0000000000000000e+00,
294062,0.0000000000000000e+00,
294074,0.0000000000000000e+00,
294086,0.0000000000000000e+00,
294098,0.0000000000000000e+00,
294110,0.0000000000000000e+00,
294122,0.0000000000000000e+00,
294134,0.0000000000000000e+00,
294146,0.0000000000000000e+00,
294158,0.0000000000000000e+00,
294170,0.0000000000000000e+00,
294182,0.0000000000000000e+00,
294194,0.0000000000000000e+00,
294206,0.0000000000000000e+00,
294218,0.0000000000000000e+00,
294230,0.0000000000000000e+00,
294242,0.0000000000000000e+00,
294254,0.0000000000000000e+00,
294266,0.0000000000000000e+00,
294278,0.0000000000000000e+00,
294290,0.0000000000000000e+00,
294302,0.0000000000000000e+00,
294314,0.0000000000000000e+00,
294326,0.0000000000000000e+00,
294338,0.0000000000000000e+00,
294350,0.0000000000000000e+00,
294362,0.0000000000000000e+00,
294374,0.0000000000000000e+00,
294386,0.0000000000000000e+00,
294398,0.0000000000000000e+00,
294410,0.0000000000000000e+00,
294422,0.0000000000000000e+00,
294434,0.0000000000000000e+00,
294446,0.0000000000000000e+00,
294458,0.0000000000000000e+00,
294470,0.0000000000000000e+00,
294482,0.0000000000000000e+00,
294494,0.0000000000000000e+00,
294506,0.0000000000000000e+00,
294518,0.0000000000000000e+00,
294530,0.0000000000000000e+00,
294542,0.0000000000000000e+00,
294554,0.0000000000000000e+00,
294566,0.0000000000000000e+00,
294578,0.0000000000000000e+00,
294590,0.0000000000000000e+00,
294602,0.0000000000000000e+00,
294614,0.0000000000000000e+00,
294626,0.0000000000000000e+00,
294638,0.0000000000000000e+00,
294650,0.0000000000000000e+00,
294662,0.0000000000000000e+00,
294674,0.0000000000000000e+00,
294686,0.0000000000000000e+00,
294698,0.0000000000000000e+00,
294710,0.0000000000000000e+00,
294722,0.0000000000000000e+00,
294734,0.0000000000000000e+00,
294746,0.0000000000000000e+00,
294758,0.0000000000000000e+00,
294770,0.0000000000000000e+00,
294782,0.0000000000000000e+00,
294794,0.0000000000000000e+00,
294806,0.0000000000000000e+00,
294818,0.0000000000000000e+00,
294830,0.0000000000000000e+00,
294842,0.0000000000000000e+00,
294854,0.0000000000000000e+00,
294866,0.0000000000000000e+00,
294878,0.0000000000000000e+00,
294890,0.0000000000000000e+00,
294902,0.0000000000000000e+00,
294914,0.0000000000000000e+00,
294926,0.0000000000000000e+00,
294938,0.0000000000000000e+00,
294950,0.0000000000000000e+00,
294962,0.0000000000000000e+00,
294974,0.0000000000000000e+00,
294986,0.0000000000000000e+00,
294998,0.0000000000000000e+00,
295010,0.0000000000000000e+00,
295022,0.0000000000000000e+00,
295034,0.0000000000000000e+00,
295046,0.0000000000000000e+00,
295058,0.0000000000000000e+00,
295070,0.0000000000000000e+00,
295082,0.0000000000000000e+00,
295094,0.0000000000000000e+00,
295106,0.0000000000000000e+00,
295118,0.0000000000000000e+00,
295130,0.0000000000000000e+00,
295142,0.0000000000000000e+00,
295154,0.0000000000000000e+00,
295166,0.0000000000000000e+00,
295178,0.0000000000000000e+00,
295190,0.0000000000000000e+00,
295202,0.0000000000000000e+00,
295214,0.0000000000000000e+00,
295226,0.0000000000000000e+00,
295238,0.0000000000000000e+00,
295250,0.0000000000000000e+00,
295262,0.0000000000000000e+00,
295274,0.0000000000000000e+00,
295286,0.0000000000000000e+00,
295298,0.0000000000000000e+00,
295310,0.0000000000000000e+00,
295322,0.0000000000000000e+00,
295334,0.0000000000000000e+00,
295346,0.0000000000000000e+00,
295358,0.0000000000000000e+00,
295370,0.0000000000000000e+00,
295382,0.0000000000000000e+00,
295394,0.0000000000000000e+00,
295406,0.0000000000000000e+00,
295418,0.0000000000000000e+00,
295430,0.0000000000000000e+00,
295442,0.0000000000000000e+00,
295454,0.0000000000000000e+00,
295466,0.0000000000000000e+00,
295478,0.0000000000000000e+00,
295490,0.0000000000000000e+00,
295502,0.0000000000000000e+00,
295514,0.0000000000000000e+00,
295526,0.0000000000000000e+00,
295538,0.0000000000000000e+00,
295550,0.0000000000000000e+00,
295562,0.0000000000000000e+00,
295574,0.0000000000000000e+00,
295586,0.0000000000000000e+00,
295598,0.0000000000000000e+00,
295610,0.0000000000000000e+00,
295622,0.0000000000000000e+00,
295634,0.0000000000000000e+00,
295646,0.0000000000000000e+00,
295658,0.0000000000000000e+00,
295670,0.0000000000000000e+00,
295682,0.0000000000000000e+00,
295694,0.0000000000000000e+00,
295706,0.0000000000000000e+00,
295718,0.0000000000000000e+00,
295730,0.0000000000000000e+00,
295742,0.0000000000000000e+00,
295754,0.0000000000000000e+00,
295766,0.0000000000000000e+00,
295778,0.0000000000000000e+00,
295790,0.0000000000000000e+00,
295802,0.0000000000000000e+00,
295814,0.0000000000000000e+00,
295826,0.0000000000000000e+00,
295838,0.0000000000000000e+00,
295850,0.0000000000000000e+00,
295862,0.0000000000000000e+00,
295874,0.0000000000000000e+00,
295886,0.0000000000000000e+00,
295898,0.0000000000000000e+00,
295910,0.0000000000000000e+00,
295922,0.0000000000000000e+00,
295934,0.0000000000000000e+00,
295946,0.0000000000000000e+00,
295958,0.0000000000000000e+00,
295970,0.0000000000000000e+00,
295982,0.0000000000000000e+00,
295994,0.0000000000000000e+00,
296006,0.0000000000000000e+00,
296018,0.0000000000000000e+00,
296030,0.0000000000000000e+00,
296042,0.0000000000000000e+00,
296054,0.0000000000000000e+00,
296066,0.0000000000000000e+00,
296078,0.0000000000000000e+00,
296090,0.0000000000000000e+00,
296102,0.0000000000000000e+00,
296114,0.0000000000000000e+00,
296126,0.0000000000000000e+00,
296138,0.0000000000000000e+00,
296150,0.0000000000000000e+00,
296162,0.0000000000000000e+00,
296174,0.0000000000000000e+00,
296186,0.0000000000000000e+00,
296198,0.0000000000000000e+00,
296210,0.0000000000000000e+00,
296222,0.0000000000000000e+00,
296234,0.0000000000000000e+00,
296246,0.0000000000000000e+00,
296258,0.0000000000000000e+00,
296270,0.0000000000000000e+00,
296282,0.0000000000000000e+00,
296294,0.0000000000000000e+00,
296306,0.0000000000000000e+00,
296318,0.0000000000000000e+00,
296330,0.0000000000000000e+00,
296342,0.0000000000000000e+00,
296354,0.0000000000000000e+00,
296366,0.0000000000000000e+00,
296378,0.0000000000000000e+00,
296390,0.0000000000000000e+00,
296402,0.0000000000000000e+00,
296414,0.0000000000000000e+00,
296426,0.0000000000000000e+00,
296438,0.0000000000000000e+00,
296450,0.0000000000000000e+00,
296462,0.0000000000000000e+00,
296474,0.0000000000000000e+00,
296486,0.0000000000000000e+00,
296498,0.0000000000000000e+00,
296510,0.0000000000000000e+00,
296522,0.0000000000000000e+00,
296534,0.0000000000000000e+00,
296546,0.0000000000000000e+00,
296558,0.0000000000000000e+00,
296570,0.0000000000000000e+00,
296582,0.0000000000000000e+00,
296594,0.0000000000000000e+00,
296606,0.0000000000000000e+00,
296618,0.0000000000000000e+00,
296630,0.0000000000000000e+00,
296642,0.0000000000000000e+00,
296654,0.0000000000000000e+00,
296666,0.0000000000000000e+00,
296678,0.0000000000000000e+00,
296690,0.0000000000000000e+00,
296702,0.0000000000000000e+00,
296714,0.0000000000000000e+00,
296726,0.0000000000000000e+00,
296738,0.0000000000000000e+00,
296750,0.0000000000000000e+00,
296762,0.0000000000000000e+00,
296774,0.0000000000000000e+00,
296786,0.0000000000000000e+00,
296798,0.0000000000000000e+00,
296810,0.0000000000000000e+00,
296822,0.0000000000000000e+00,
296834,0.0000000000000000e+00,
296846,0.0000000000000000e+00,
296858,0.0000000000000000e+00,
296870,0.0000000000000000e+00,
296882,0.0000000000000000e+00,
296894,0.0000000000000000e+00,
296906,0.0000000000000000e+00,
296918,0.0000000000000000e+00,
296930,0.0000000000000000e+00,
296942,0.0000000000000000e+00,
296954,0.0000000000000000e+00,
296966,0.0000000000000000e+00,
296978,0.0000000000000000e+00,
296990,0.0000000000000000e+00,
297002,0.0000000000000000e+00,
297014,0.0000000000000000e+00,
297026,0.0000000000000000e+00,
297038,0.0000000000000000e+00,
297050,0.0000000000000000e+00,
297062,0.0000000000000000e+00,
297074,0.0000000000000000e+00,
297086,0.0000000000000000e+00,
297098,0.0000000000000000e+00,
297110,0.0000000000000000e+00,
297122,0.0000000000000000e+00,
297134,0.0000000000000000e+00,
297146,0.0000000000000000e+00,
297158,0.0000000000000000e+00,
297170,0.0000000000000000e+00,
297182,0.0000000000000000e+00,
297194,0.0000000000000000e+00,
297206,0.0000000000000000e+00,
297218,0.0000000000000000e+00,
297230,0.0000000000000000e+00,
297242,0.0000000000000000e+00,
297254,0.0000000000000000e+00,
297266,0.0000000000000000e+00,
297278,0.0000000000000000e+00,
297290,0.0000000000000000e+00,
297302,0.0000000000000000e+00,
297314,0.0000000000000000e+00,
297326,0.0000000000000000e+00,
297338,0.0000000000000000e+00,
297350,0.0000000000000000e+00,
297362,0.0000000000000000e+00,
297374,0.0000000000000000e+00,
297386,0.0000000000000000e+00,
297398,0.0000000000000000e+00,
297410,0.0000000000000000e+00,
297422,0.0000000000000000e+00,
297434,0.0000000000000000e+00,
297446,0.0000000000000000e+00,
297458,0.0000000000000000e+00,
297470,0.0000000000000000e+00,
297482,0.0000000000000000e+00,
297494,0.0000000000000000e+00,
297506,0.0000000000000000e+00,
297518,0.0000000000000000e+00,
297530,0.0000000000000000e+00,
297542,0.0000000000000000e+00,
297554,0.0000000000000000e+00,
297566,0.0000000000000000e+00,
297578,0.0000000000000000e+00,
297590,0.0000000000000000e+00,
297602,0.0000000000000000e+00,
297614,0.0000000000000000e+00,
297626,0.0000000000000000e+00,
297638,0.0000000000000000e+00,
297650,0.0000000000000000e+00,
297662,0.0000000000000000e+00,
297674,0.0000000000000000e+00,
297686,0.0000000000000000e+00,
297698,0.0000000000000000e+00,
297710,0.0000000000000000e+00,
297722,0.0000000000000000e+00,
297734,0.0000000000000000e+00,
297746,0.0000000000000000e+00,
297758,0.0000000000000000e+00,
297770,0.0000000000000000e+00,
297782,0.0000000000000000e+00,
297794,0.0000000000000000e+00,
297806,0.0000000000000000e+00,
297818,0.0000000000000000e+00,
297830,0.0000000000000000e+00,
297842,0.0000000000000000e+00,
297854,0.0000000000000000e+00,
297866,0.0000000000000000e+00,
297878,0.0000000000000000e+00,
297890,0.0000000000000000e+00,
297902,0.0000000000000000e+00,
297914,0.0000000000000000e+00,
297926,0.0000000000000000e+00,
297938,0.0000000000000000e+00,
297950,0.0000000000000000e+00,
297962,0.0000000000000000e+00,
297974,0.0000000000000000e+00,
297986,0.0000000000000000e+00,
297998,0.0000000000000000e+00,
298010,0.0000000000000000e+00,
298022,0.0000000000000000e+00,
298034,0.0000000000000000e+00,
298046,0.0000000000000000e+00,
298058,0.0000000000000000e+00,
298070,0.0000000000000000e+00,
298082,0.0000000000000000e+00,
298094,0.0000000000000000e+00,
298106,0.0000000000000000e+00,
298118,0.0000000000000000e+00,
298130,0.0000000000000000e+00,
298142,0.0000000000000000e+00,
298154,0.0000000000000000e+00,
298166,0.0000000000000000e+00,
298178,0.0000000000000000e+00,
298190,0.0000000000000000e+00,
298202,0.0000000000000000e+00,
298214,0.0000000000000000e+00,
298226,0.0000000000000000e+00,
298238,0.0000000000000000e+00,
298250,0.0000000000000000e+00,
298262,0.0000000000000000e+00,
298274,0.0000000000000000e+00,
298286,0.0000000000000000e+00,
298298,0.0000000000000000e+00,
298310,0.0000000000000000e+00,
298322,0.0000000000000000e+00,
298334,0.0000000000000000e+00,
298346,0.0000000000000000e+00,
298358,0.0000000000000000e+00,
298370,0.0000000000000000e+00,
298382,0.0000000000000000e+00,
298394,0.0000000000000000e+00,
298406,0.0000000000000000e+00,
298418,0.0000000000000000e+00,
298430,0.0000000000000000e+00,
298442,0.0000000000000000e+00,
298454,0.0000000000000000e+00,
298466,0.0000000000000000e+00,
298478,0.0000000000000000e+00,
298490,0.0000000000000000e+00,
298502,0.0000000000000000e+00,
298514,0.0000000000000000e+00,
298526,0.0000000000000000e+00,
298538,0.0000000000000000e+00,
298550,0.0000000000000000e+00,
298562,0.0000000000000000e+00,
298574,0.0000000000000000e+00,
298586,0.0000000000000000e+00,
298598,0.0000000000000000e+00,
298610,0.0000000000000000e+00,
298622,0.0000000000000000e+00,
298634,0.0000000000000000e+00,
298646,0.0000000000000000e+00,
298658,0.0000000000000000e+00,
298670,0.0000000000000000e+00,
298682,0.0000000000000000e+00,
298694,0.0000000000000000e+00,
298706,0.0000000000000000e+00,
298718,0.0000000000000000e+00,
298730,0.0000000000000000e+00,
298742,0.0000000000000000e+00,
298754,0.0000000000000000e+00,
298766,0.0000000000000000e+00,
298778,0.0000000000000000e+00,
298790,0.0000000000000000e+00,
298802,0.0000000000000000e+00,
298814,0.0000000000000000e+00,
298826,0.0000000000000000e+00,
298838,0.0000000000000000e+00,
298850,0.0000000000000000e+00,
298862,0.0000000000000000e+00,
298874,0.0000000000000000e+00,
298886,0.0000000000000000e+00,
298898,0.0000000000000000e+00,
298910,0.0000000000000000e+00,
298922,0.0000000000000000e+00,
298934,0.0000000000000000e+00,
298946,0.0000000000000000e+00,
298958,0.0000000000000000e+00,
298970,0.0000000000000000e+00,
298982,0.0000000000000000e+00,
298994,0.0000000000000000e+00,
299006,0.0000000000000000e+00,
299018,0.0000000000000000e+00,
299030,0.0000000000000000e+00,
299042,0.0000000000000000e+00,
299054,0.0000000000000000e+00,
299066,0.0000000000000000e+00,
299078,0.0000000000000000e+00,
299090,0.0000000000000000e+00,
299102,0.0000000000000000e+00,
299114,0.0000000000000000e+00,
299126,0.0000000000000000e+00,
299138,0.0000000000000000e+00,
299150,0.0000000000000000e+00,
299162,0.0000000000000000e+00,
299174,0.0000000000000000e+00,
299186,0.0000000000000000e+00,
299198,0.0000000000000000e+00,
299210,0.0000000000000000e+00,
299222,0.0000000000000000e+00,
299234,0.0000000000000000e+00,
299246,0.0000000000000000e+00,
299258,0.0000000000000000e+00,
299270,0.0000000000000000e+00,
299282,0.0000000000000000e+00,
299294,0.0000000000000000e+00,
299306,0.0000000000000000e+00,
299318,0.0000000000000000e+00,
299330,0.0000000000000000e+00,
299342,0.0000000000000000e+00,
299354,0.0000000000000000e+00,
299366,0.0000000000000000e+00,
299378,0.0000000000000000e+00,
299390,0.0000000000000000e+00,
299402,0.0000000000000000e+00,
299414,0.0000000000000000e+00,
299426,0.0000000000000000e+00,
299438,0.0000000000000000e+00,
299450,0.0000000000000000e+00,
299462,0.0000000000000000e+00,
299474,0.0000000000000000e+00,
299486,0.0000000000000000e+00,
299498,0.0000000000000000e+00,
299510,0.0000000000000000e+00,
299522,0.0000000000000000e+00,
299534,0.0000000000000000e+00,
299546,0.0000000000000000e+00,
299558,0.0000000000000000e+00,
299570,0.0000000000000000e+00,
299582,0.0000000000000000e+00,
299594,0.0000000000000000e+00,
299606,0.0000000000000000e+00,
299618,0.0000000000000000e+00,
299630,0.0000000000000000e+00,
299642,0.0000000000000000e+00,
299654,0.0000000000000000e+00,
299666,0.0000000000000000e+00,
299678,0.0000000000000000e+00,
299690,0.0000000000000000e+00,
299702,0.0000000000000000e+00,
299714,0.0000000000000000e+00,
299726,0.0000000000000000e+00,
299738,0.0000000000000000e+00,
299750,0.0000000000000000e+00,
299762,0.0000000000000000e+00,
299774,0.0000000000000000e+00,
299786,0.0000000000000000e+00,
299798,0.0000000000000000e+00,
299810,0.0000000000000000e+00,
299822,0.0000000000000000e+00,
299834,0.0000000000000000e+00,
299846,0.0000000000000000e+00,
299858,0.0000000000000000e+00,
299870,0.0000000000000000e+00,
299882,0.0000000000000000e+00,
299894,0.0000000000000000e+00,
299906,0.0000000000000000e+00,
299918,0.0000000000000000e+00,
299930,0.0000000000000000e+00,
299942,0.0000000000000000e+00,
299954,0.0000000000000000e+00,
299966,0.0000000000000000e+00,
299978,0.0000000000000000e+00,
299990,0.0000000000000000e+00,
300000,0.0000000000000000e+00,
