Eval,BestError,Log10Error
1000,7.2631482489530754e+04,4.8611249086864117e+00
1500,6.6006870687823219e+04,4.8195891438222507e+00
1999,6.1634533982576002e+04,4.7898241166384601e+00
2498,6.1634533982576002e+04,4.7898241166384601e+00
2997,6.1634533982576002e+04,4.7898241166384601e+00
3496,5.8317334634628867e+04,4.7657976665457680e+00
3994,5.8317334634628867e+04,4.7657976665457680e+00
4492,5.8317334634628867e+04,4.7657976665457680e+00
4990,5.4805623034808472e+04,4.7388251192089630e+00
5488,5.2215836943001108e+04,4.7178022434969940e+00
5985,5.2215836943001108e+04,4.7178022434969940e+00
6482,4.7528174109415442e+04,4.6769511303175424e+00
6979,4.7528174109415442e+04,4.6769511303175424e+00
7476,4.7528174109415442e+04,4.6769511303175424e+00
7972,4.7528174109415442e+04,4.6769511303175424e+00
8468,4.4930930214291664e+04,4.6525454099741053e+00
8964,4.4930930214291664e+04,4.6525454099741053e+00
9460,4.4469432723058744e+04,4.6480615893810988e+00
9955,4.4469432723058744e+04,4.6480615893810988e+00
10450,4.4469432723058744e+04,4.6480615893810988e+00
10945,4.3757424724705721e+04,4.6410517543500385e+00
11440,4.2866636653305359e+04,4.6321194097944716e+00
11934,4.2866636653305359e+04,4.6321194097944716e+00
12428,3.5652742654233232e+04,4.5520929443921911e+00
12922,3.5652742654233232e+04,4.5520929443921911e+00
13416,3.5652742654233232e+04,4.5520929443921911e+00
13909,3.5652742654233232e+04,4.5520929443921911e+00
14402,3.5652742654233232e+04,4.5520929443921911e+00
14895,3.5652742654233232e+04,4.5520929443921911e+00
15388,3.5652742654233232e+04,4.5520929443921911e+00
15880,3.5652742654233232e+04,4.5520929443921911e+00
16372,3.5652742654233232e+04,4.5520929443921911e+00
16864,3.5652742654233232e+04,4.5520929443921911e+00
17356,3.5652742654233232e+04,4.5520929443921911e+00
17847,3.5064903318435638e+04,4.5448726457921156e+00
18338,3.4913851565611985e+04,4.5429977612010255e+00
18829,3.4406374102606445e+04,4.5366389071399098e+00
19320,3.2400365794943369e+04,4.5105499133494718e+00
19810,3.2400365794943369e+04,4.5105499133494718e+00
20300,3.2400365794943369e+04,4.5105499133494718e+00
20790,3.1661959055515355e+04,4.5005377829419420e+00
21279,3.0560070796715161e+04,4.4851543560092519e+00
21768,3.0207679723444660e+04,4.4801173680404442e+00
22257,3.0159027915217895e+04,4.4794173392580667e+00
22746,3.0159027915217895e+04,4.4794173392580667e+00
23234,3.0159027915217895e+04,4.4794173392580667e+00
23722,3.0159027915217895e+04,4.4794173392580667e+00
24210,2.9654838241314817e+04,4.4720955594232743e+00
24698,2.9062756614146783e+04,4.4633368049218882e+00
25185,2.9062756614146783e+04,4.4633368049218882e+00
25672,2.7040566035246011e+04,4.4320157783720751e+00
26159,2.7040566035246011e+04,4.4320157783720751e+00
26646,2.7040566035246011e+04,4.4320157783720751e+00
27132,2.7040566035246011e+04,4.4320157783720751e+00
27618,2.7040566035246011e+04,4.4320157783720751e+00
28104,2.6990982737517730e+04,4.4312186974394807e+00
28589,2.6423737978691162e+04,4.4219942541827235e+00
29074,2.5407994069984008e+04,4.4049703793862687e+00
29559,2.5407994069984008e+04,4.4049703793862687e+00
30044,2.5407994069984008e+04,4.4049703793862687e+00
30528,2.5335898061294734e+04,4.4037363029883325e+00
31012,2.5335898061294734e+04,4.4037363029883325e+00
31496,2.4260230431407945e+04,4.3848949216176791e+00
31980,2.3347025531417072e+04,4.3682315582392777e+00
32463,2.3308102996146801e+04,4.3675069285256889e+00
32946,2.3308102996146801e+04,4.3675069285256889e+00
33429,2.2402701246443765e+04,4.3503003873384225e+00
33911,2.1914894016779966e+04,4.3407393746916005e+00
34393,2.1096566782584785e+04,4.3242117847434001e+00
34875,2.1096566782584785e+04,4.3242117847434001e+00
35357,2.1096566782584785e+04,4.3242117847434001e+00
35838,2.1096566782584785e+04,4.3242117847434001e+00
36319,2.1096566782584785e+04,4.3242117847434001e+00
36800,2.1096566782584785e+04,4.3242117847434001e+00
37281,2.1096566782584785e+04,4.3242117847434001e+00
37761,2.1096566782584785e+04,4.3242117847434001e+00
38241,2.1096566782584785e+04,4.3242117847434001e+00
38721,2.1096566782584785e+04,4.3242117847434001e+00
39200,2.0999237186883020e+04,4.3222035189460879e+00
39679,2.0294789043453871e+04,4.3073845413522411e+00
40158,2.0286568339855497e+04,4.3072085883290221e+00
40637,2.0184514771768379e+04,4.3050183135939228e+00
41115,1.9479913112056485e+04,4.2895870154256270e+00
41593,1.9479913112056485e+04,4.2895870154256270e+00
42071,1.9479913112056485e+04,4.2895870154256270e+00
42549,1.9270020108729688e+04,4.2848821678524320e+00
43026,1.8021850033044910e+04,4.2557993714322659e+00
43503,1.8021850033044910e+04,4.2557993714322659e+00
43980,1.8021850033044910e+04,4.2557993714322659e+00
44456,1.8021850033044910e+04,4.2557993714322659e+00
44932,1.8021850033044910e+04,4.2557993714322659e+00
45408,1.8021850033044910e+04,4.2557993714322659e+00
45884,1.7718906057686130e+04,4.2484369055997933e+00
46359,1.7718906057686130e+04,4.2484369055997933e+00
46834,1.7718906057686130e+04,4.2484369055997933e+00
47309,1.7718906057686130e+04,4.2484369055997933e+00
47783,1.7718906057686130e+04,4.2484369055997933e+00
48257,1.7718906057686130e+04,4.2484369055997933e+00
48731,1.7718906057686130e+04,4.2484369055997933e+00
49205,1.7659765971446948e+04,4.2469849439763943e+00
49678,1.7659765971446948e+04,4.2469849439763943e+00
50151,1.7659765971446948e+04,4.2469849439763943e+00
50624,1.7572449875066974e+04,4.2448323131772892e+00
51096,1.7572449875066974e+04,4.2448323131772892e+00
51568,1.7544896768678660e+04,4.2441508172407891e+00
52040,1.7218895264252060e+04,4.2360052843981277e+00
52512,1.6600149778818584e+04,4.2201120065834861e+00
52983,1.6600149778818584e+04,4.2201120065834861e+00
53454,1.6600149778818584e+04,4.2201120065834861e+00
53925,1.6226765807441210e+04,4.2102319682582365e+00
54395,1.6226765807441210e+04,4.2102319682582365e+00
54865,1.6226765807441210e+04,4.2102319682582365e+00
55335,1.6226765807441210e+04,4.2102319682582365e+00
55805,1.6226765807441210e+04,4.2102319682582365e+00
56274,1.6226765807441210e+04,4.2102319682582365e+00
56743,1.6226765807441210e+04,4.2102319682582365e+00
57212,1.6226765807441210e+04,4.2102319682582365e+00
57680,1.5065939837847260e+04,4.1779962288510379e+00
58148,1.5065939837847260e+04,4.1779962288510379e+00
58616,1.5065939837847260e+04,4.1779962288510379e+00
59084,1.5065939837847260e+04,4.1779962288510379e+00
59551,1.5065939837847260e+04,4.1779962288510379e+00
60018,1.5065939837847260e+04,4.1779962288510379e+00
60485,1.5065939837847260e+04,4.1779962288510379e+00
60951,1.5065939837847260e+04,4.1779962288510379e+00
61417,1.5065939837847260e+04,4.1779962288510379e+00
61883,1.5065939837847260e+04,4.1779962288510379e+00
62349,1.5065939837847260e+04,4.1779962288510379e+00
62814,1.5065939837847260e+04,4.1779962288510379e+00
63279,1.5065939837847260e+04,4.1779962288510379e+00
63744,1.5065939837847260e+04,4.1779962288510379e+00
64208,1.5065939837847260e+04,4.1779962288510379e+00
64672,1.5065939837847260e+04,4.1779962288510379e+00
65136,1.4787013417352122e+04,4.1698804669421046e+00
65600,1.4787013417352122e+04,4.1698804669421046e+00
66063,1.4787013417352122e+04,4.1698804669421046e+00
66526,1.4787013417352122e+04,4.1698804669421046e+00
66989,1.4787013417352122e+04,4.1698804669421046e+00
67451,1.4586163419715696e+04,4.1639410749806594e+00
67913,1.4586163419715696e+04,4.1639410749806594e+00
68375,1.4586163419715696e+04,4.1639410749806594e+00
68837,1.4586163419715696e+04,4.1639410749806594e+00
69298,1.4586163419715696e+04,4.1639410749806594e+00
69759,1.4586163419715696e+04,4.1639410749806594e+00
70220,1.4586163419715696e+04,4.1639410749806594e+00
70680,1.4438142185882185e+04,4.1595113144021019e+00
71140,1.4438142185882185e+04,4.1595113144021019e+00
71600,1.4438142185882185e+04,4.1595113144021019e+00
72060,1.4408506636935635e+04,4.1586189708940040e+00
72519,1.4408506636935635e+04,4.1586189708940040e+00
72978,1.4408506636935635e+04,4.1586189708940040e+00
73437,1.4408506636935635e+04,4.1586189708940040e+00
73895,1.4408506636935635e+04,4.1586189708940040e+00
74353,1.4408506636935635e+04,4.1586189708940040e+00
74811,1.4408506636935635e+04,4.1586189708940040e+00
75268,1.4408506636935635e+04,4.1586189708940040e+00
75725,1.4408506636935635e+04,4.1586189708940040e+00
76182,1.4408506636935635e+04,4.1586189708940040e+00
76639,1.4408506636935635e+04,4.1586189708940040e+00
77095,1.4408506636935635e+04,4.1586189708940040e+00
77551,1.4408506636935635e+04,4.1586189708940040e+00
78007,1.4408506636935635e+04,4.1586189708940040e+00
78462,1.4408506636935635e+04,4.1586189708940040e+00
78917,1.3899142268491778e+04,4.1429880002861319e+00
79372,1.3899142268491778e+04,4.1429880002861319e+00
79827,1.3899142268491778e+04,4.1429880002861319e+00
80281,1.3899142268491778e+04,4.1429880002861319e+00
80735,1.3899142268491778e+04,4.1429880002861319e+00
81189,1.3899142268491778e+04,4.1429880002861319e+00
81642,1.3899142268491778e+04,4.1429880002861319e+00
82095,1.3899142268491778e+04,4.1429880002861319e+00
82548,1.3899142268491778e+04,4.1429880002861319e+00
83001,1.3899142268491778e+04,4.1429880002861319e+00
83453,1.3899142268491778e+04,4.1429880002861319e+00
83905,1.3899142268491778e+04,4.1429880002861319e+00
84357,1.3899142268491778e+04,4.1429880002861319e+00
84808,1.3899142268491778e+04,4.1429880002861319e+00
85259,1.3899142268491778e+04,4.1429880002861319e+00
85710,1.3899142268491778e+04,4.1429880002861319e+00
86160,1.3899142268491778e+04,4.1429880002861319e+00
86610,1.3899142268491778e+04,4.1429880002861319e+00
87060,1.3899142268491778e+04,4.1429880002861319e+00
87510,1.3761016451579027e+04,4.1386505140599672e+00
87959,1.3761016451579027e+04,4.1386505140599672e+00
88408,1.3761016451579027e+04,4.1386505140599672e+00
88857,1.3761016451579027e+04,4.1386505140599672e+00
89305,1.3761016451579027e+04,4.1386505140599672e+00
89753,1.3761016451579027e+04,4.1386505140599672e+00
90201,1.3761016451579027e+04,4.1386505140599672e+00
90649,1.3761016451579027e+04,4.1386505140599672e+00
91096,1.3572405803381056e+04,4.1326568362025542e+00
91543,1.3572405803381056e+04,4.1326568362025542e+00
91990,1.3572405803381056e+04,4.1326568362025542e+00
92436,1.3572405803381056e+04,4.1326568362025542e+00
92882,1.3572405803381056e+04,4.1326568362025542e+00
93328,1.3572405803381056e+04,4.1326568362025542e+00
93774,1.3572405803381056e+04,4.1326568362025542e+00
94219,1.3572405803381056e+04,4.1326568362025542e+00
94664,1.3572405803381056e+04,4.1326568362025542e+00
95109,1.3572405803381056e+04,4.1326568362025542e+00
95553,1.3572405803381056e+04,4.1326568362025542e+00
95997,1.3572405803381056e+04,4.1326568362025542e+00
96441,1.3572405803381056e+04,4.1326568362025542e+00
96884,1.3123530171490707e+04,4.1180506740470326e+00
97327,1.3123530171490707e+04,4.1180506740470326e+00
97770,1.3123530171490707e+04,4.1180506740470326e+00
98213,1.3123530171490707e+04,4.1180506740470326e+00
98655,1.3123530171490707e+04,4.1180506740470326e+00
99097,1.3123530171490707e+04,4.1180506740470326e+00
99539,1.3123530171490707e+04,4.1180506740470326e+00
99980,1.3123530171490707e+04,4.1180506740470326e+00
100421,1.3123530171490707e+04,4.1180506740470326e+00
100862,1.3123530171490707e+04,4.1180506740470326e+00
101303,1.3123530171490707e+04,4.1180506740470326e+00
101743,1.3123530171490707e+04,4.1180506740470326e+00
102183,1.3123530171490707e+04,4.1180506740470326e+00
102623,1.3123530171490707e+04,4.1180506740470326e+00
103062,1.3123530171490707e+04,4.1180506740470326e+00
103501,1.3123530171490707e+04,4.1180506740470326e+00
103940,1.3123530171490707e+04,4.1180506740470326e+00
104378,1.3123530171490707e+04,4.1180506740470326e+00
104816,1.3123530171490707e+04,4.1180506740470326e+00
105254,1.3123530171490707e+04,4.1180506740470326e+00
105692,1.3123530171490707e+04,4.1180506740470326e+00
106129,1.3123530171490707e+04,4.1180506740470326e+00
106566,1.3123530171490707e+04,4.1180506740470326e+00
107003,1.3123530171490707e+04,4.1180506740470326e+00
107439,1.3123530171490707e+04,4.1180506740470326e+00
107875,1.3123530171490707e+04,4.1180506740470326e+00
108311,1.3123530171490707e+04,4.1180506740470326e+00
108747,1.3123530171490707e+04,4.1180506740470326e+00
109182,1.3123530171490707e+04,4.1180506740470326e+00
109617,1.3123530171490707e+04,4.1180506740470326e+00
110052,1.3123530171490707e+04,4.1180506740470326e+00
110486,1.3123530171490707e+04,4.1180506740470326e+00
110920,1.3123530171490707e+04,4.1180506740470326e+00
111354,1.3123530171490707e+04,4.1180506740470326e+00
111787,1.3123530171490707e+04,4.1180506740470326e+00
112220,1.3123530171490707e+04,4.1180506740470326e+00
112653,1.3047465951566033e+04,4.1155261722018581e+00
113086,1.3047465951566033e+04,4.1155261722018581e+00
113518,1.3047465951566033e+04,4.1155261722018581e+00
113950,1.3047465951566033e+04,4.1155261722018581e+00
114382,1.3047465951566033e+04,4.1155261722018581e+00
114813,1.3047465951566033e+04,4.1155261722018581e+00
115244,1.3046127143612257e+04,4.1154816067098583e+00
115675,1.3046127143612257e+04,4.1154816067098583e+00
116106,1.3046127143612257e+04,4.1154816067098583e+00
116536,1.3046127143612257e+04,4.1154816067098583e+00
116966,1.3046127143612257e+04,4.1154816067098583e+00
117396,1.3046127143612257e+04,4.1154816067098583e+00
117825,1.3046127143612257e+04,4.1154816067098583e+00
118254,1.3046127143612257e+04,4.1154816067098583e+00
118683,1.3046127143612257e+04,4.1154816067098583e+00
119111,1.3046127143612257e+04,4.1154816067098583e+00
119539,1.2856665245358365e+04,4.1091283361349937e+00
119967,1.2856665245358365e+04,4.1091283361349937e+00
120395,1.2856665245358365e+04,4.1091283361349937e+00
120822,1.2856665245358365e+04,4.1091283361349937e+00
121249,1.2856665245358365e+04,4.1091283361349937e+00
121676,1.2856665245358365e+04,4.1091283361349937e+00
122102,1.2856665245358365e+04,4.1091283361349937e+00
122528,1.2856665245358365e+04,4.1091283361349937e+00
122954,1.2856665245358365e+04,4.1091283361349937e+00
123380,1.2747633080893202e+04,4.1054295545477970e+00
123805,1.2747633080893202e+04,4.1054295545477970e+00
124230,1.2747633080893202e+04,4.1054295545477970e+00
124655,1.2747633080893202e+04,4.1054295545477970e+00
125079,1.2747633080893202e+04,4.1054295545477970e+00
125503,1.2747633080893202e+04,4.1054295545477970e+00
125927,1.2747633080893202e+04,4.1054295545477970e+00
126350,1.2747633080893202e+04,4.1054295545477970e+00
126773,1.2426673243111862e+04,4.0943548787997095e+00
127196,1.2426673243111862e+04,4.0943548787997095e+00
127619,1.2426673243111862e+04,4.0943548787997095e+00
128041,1.2426673243111862e+04,4.0943548787997095e+00
128463,1.2426673243111862e+04,4.0943548787997095e+00
128885,1.2426673243111862e+04,4.0943548787997095e+00
129306,1.2379634911681467e+04,4.0927078370766585e+00
129727,1.2379634911681467e+04,4.0927078370766585e+00
130148,1.2379634911681467e+04,4.0927078370766585e+00
130569,1.2379634911681467e+04,4.0927078370766585e+00
130989,1.2379634911681467e+04,4.0927078370766585e+00
131409,1.2379634911681467e+04,4.0927078370766585e+00
131829,1.2379634911681467e+04,4.0927078370766585e+00
132248,1.2379634911681467e+04,4.0927078370766585e+00
132667,1.2379634911681467e+04,4.0927078370766585e+00
133086,1.2247243643827325e+04,4.0880383576824491e+00
133505,1.2247243643827325e+04,4.0880383576824491e+00
133923,1.2247243643827325e+04,4.0880383576824491e+00
134341,1.2247243643827325e+04,4.0880383576824491e+00
134759,1.2247243643827325e+04,4.0880383576824491e+00
135176,1.2247243643827325e+04,4.0880383576824491e+00
135593,1.2247243643827325e+04,4.0880383576824491e+00
136010,1.2247243643827325e+04,4.0880383576824491e+00
136427,1.2247243643827325e+04,4.0880383576824491e+00
136843,1.2247243643827325e+04,4.0880383576824491e+00
137259,1.2247243643827325e+04,4.0880383576824491e+00
137675,1.2247243643827325e+04,4.0880383576824491e+00
138090,1.2247243643827325e+04,4.0880383576824491e+00
138505,1.2247243643827325e+04,4.0880383576824491e+00
138920,1.2247243643827325e+04,4.0880383576824491e+00
139334,1.2247243643827325e+04,4.0880383576824491e+00
139748,1.2247243643827325e+04,4.0880383576824491e+00
140162,1.2247243643827325e+04,4.0880383576824491e+00
140576,1.2247243643827325e+04,4.0880383576824491e+00
140989,1.2247243643827325e+04,4.0880383576824491e+00
141402,1.2247243643827325e+04,4.0880383576824491e+00
141815,1.2247243643827325e+04,4.0880383576824491e+00
142227,1.2247243643827325e+04,4.0880383576824491e+00
142639,1.2247243643827325e+04,4.0880383576824491e+00
143051,1.2247243643827325e+04,4.0880383576824491e+00
143463,1.2247243643827325e+04,4.0880383576824491e+00
143874,1.1938113027038187e+04,4.0769356863655579e+00
144285,1.1938113027038187e+04,4.0769356863655579e+00
144696,1.1938113027038187e+04,4.0769356863655579e+00
145106,1.1938113027038187e+04,4.0769356863655579e+00
145516,1.1938113027038187e+04,4.0769356863655579e+00
145926,1.1938113027038187e+04,4.0769356863655579e+00
146336,1.1938113027038187e+04,4.0769356863655579e+00
146745,1.1938113027038187e+04,4.0769356863655579e+00
147154,1.1938113027038187e+04,4.0769356863655579e+00
147563,1.1938113027038187e+04,4.0769356863655579e+00
147971,1.1938113027038187e+04,4.0769356863655579e+00
148379,1.1938113027038187e+04,4.0769356863655579e+00
148787,1.1938113027038187e+04,4.0769356863655579e+00
149195,1.1938113027038187e+04,4.0769356863655579e+00
149602,1.1938113027038187e+04,4.0769356863655579e+00
150009,1.1938113027038187e+04,4.0769356863655579e+00
150416,1.1938113027038187e+04,4.0769356863655579e+00
150822,1.1938113027038187e+04,4.0769356863655579e+00
151228,1.1938113027038187e+04,4.0769356863655579e+00
151634,1.1938113027038187e+04,4.0769356863655579e+00
152040,1.1938113027038187e+04,4.0769356863655579e+00
152445,1.1938113027038187e+04,4.0769356863655579e+00
152850,1.1867835767493827e+04,4.0743715277219286e+00
153255,1.1867835767493827e+04,4.0743715277219286e+00
153659,1.1867835767493827e+04,4.0743715277219286e+00
154063,1.1867835767493827e+04,4.0743715277219286e+00
154467,1.1867835767493827e+04,4.0743715277219286e+00
154871,1.1867835767493827e+04,4.0743715277219286e+00
155274,1.1867835767493827e+04,4.0743715277219286e+00
155677,1.1867835767493827e+04,4.0743715277219286e+00
156080,1.1800521376184699e+04,4.0719011959330578e+00
156482,1.1800521376184699e+04,4.0719011959330578e+00
156884,1.1683364255652048e+04,4.0675679170302006e+00
157286,1.1683364255652048e+04,4.0675679170302006e+00
157688,1.1683364255652048e+04,4.0675679170302006e+00
158089,1.1683364255652048e+04,4.0675679170302006e+00
158490,1.1683364255652048e+04,4.0675679170302006e+00
158891,1.1683364255652048e+04,4.0675679170302006e+00
159291,1.1683364255652048e+04,4.0675679170302006e+00
159691,1.1683364255652048e+04,4.0675679170302006e+00
160091,1.1683364255652048e+04,4.0675679170302006e+00
160491,1.1683364255652048e+04,4.0675679170302006e+00
160890,1.1683364255652048e+04,4.0675679170302006e+00
161289,1.1683364255652048e+04,4.0675679170302006e+00
161688,1.1683364255652048e+04,4.0675679170302006e+00
162086,1.1683364255652048e+04,4.0675679170302006e+00
162484,1.1683364255652048e+04,4.0675679170302006e+00
162882,1.1683364255652048e+04,4.0675679170302006e+00
163280,1.1683364255652048e+04,4.0675679170302006e+00
163677,1.1683364255652048e+04,4.0675679170302006e+00
164074,1.1683364255652048e+04,4.0675679170302006e+00
164471,1.1683364255652048e+04,4.0675679170302006e+00
164867,1.1413879516055327e+04,4.0574332838613971e+00
165263,1.1413879516055327e+04,4.0574332838613971e+00
165659,1.1413879516055327e+04,4.0574332838613971e+00
166055,1.1413879516055327e+04,4.0574332838613971e+00
166450,1.1413879516055327e+04,4.0574332838613971e+00
166845,1.1413879516055327e+04,4.0574332838613971e+00
167240,1.1413879516055327e+04,4.0574332838613971e+00
167634,1.1413879516055327e+04,4.0574332838613971e+00
168028,1.1413879516055327e+04,4.0574332838613971e+00
168422,1.1413879516055327e+04,4.0574332838613971e+00
168816,1.1413879516055327e+04,4.0574332838613971e+00
169209,1.1413879516055327e+04,4.0574332838613971e+00
169602,1.1413879516055327e+04,4.0574332838613971e+00
169995,1.1413879516055327e+04,4.0574332838613971e+00
170387,1.1413879516055327e+04,4.0574332838613971e+00
170779,1.1413879516055327e+04,4.0574332838613971e+00
171171,1.1389462430023756e+04,4.0565032263456633e+00
171563,1.1389462430023756e+04,4.0565032263456633e+00
171954,1.1389462430023756e+04,4.0565032263456633e+00
172345,1.1389462430023756e+04,4.0565032263456633e+00
172736,1.1389462430023756e+04,4.0565032263456633e+00
173127,1.1310147281686575e+04,4.0534682603814494e+00
173517,1.1310147281686575e+04,4.0534682603814494e+00
173907,1.1310147281686575e+04,4.0534682603814494e+00
174297,1.1310147281686575e+04,4.0534682603814494e+00
174686,1.1310147281686575e+04,4.0534682603814494e+00
175075,1.1123452354139819e+04,4.0462395989057276e+00
175464,1.1123452354139819e+04,4.0462395989057276e+00
175853,1.1123452354139819e+04,4.0462395989057276e+00
176241,1.1123452354139819e+04,4.0462395989057276e+00
176629,1.1123452354139819e+04,4.0462395989057276e+00
177017,1.1123452354139819e+04,4.0462395989057276e+00
177404,1.1123452354139819e+04,4.0462395989057276e+00
177791,1.1123452354139819e+04,4.0462395989057276e+00
178178,1.1123452354139819e+04,4.0462395989057276e+00
178565,1.1123452354139819e+04,4.0462395989057276e+00
178951,1.1123452354139819e+04,4.0462395989057276e+00
179337,1.1123452354139819e+04,4.0462395989057276e+00
179723,1.1116715171515069e+04,4.0459764784662235e+00
180108,1.1116715171515069e+04,4.0459764784662235e+00
180493,1.1116715171515069e+04,4.0459764784662235e+00
180878,1.1116715171515069e+04,4.0459764784662235e+00
181263,1.1116715171515069e+04,4.0459764784662235e+00
181647,1.1116715171515069e+04,4.0459764784662235e+00
182031,1.1116715171515069e+04,4.0459764784662235e+00
182415,1.1116715171515069e+04,4.0459764784662235e+00
182799,1.1116715171515069e+04,4.0459764784662235e+00
183182,1.1116715171515069e+04,4.0459764784662235e+00
183565,1.1116715171515069e+04,4.0459764784662235e+00
183948,1.1084480443180246e+04,4.0447153414786587e+00
184330,1.1084480443180246e+04,4.0447153414786587e+00
184712,1.1084480443180246e+04,4.0447153414786587e+00
185094,1.1084480443180246e+04,4.0447153414786587e+00
185476,1.1084480443180246e+04,4.0447153414786587e+00
185857,1.1084480443180246e+04,4.0447153414786587e+00
186238,1.1084480443180246e+04,4.0447153414786587e+00
186619,1.1084480443180246e+04,4.0447153414786587e+00
187000,1.1084480443180246e+04,4.0447153414786587e+00
187380,1.1084480443180246e+04,4.0447153414786587e+00
187760,1.1084480443180246e+04,4.0447153414786587e+00
188140,1.1084480443180246e+04,4.0447153414786587e+00
188519,1.1084480443180246e+04,4.0447153414786587e+00
188898,1.1084480443180246e+04,4.0447153414786587e+00
189277,1.1084480443180246e+04,4.0447153414786587e+00
189656,1.1084480443180246e+04,4.0447153414786587e+00
190034,1.1084480443180246e+04,4.0447153414786587e+00
190412,1.1084480443180246e+04,4.0447153414786587e+00
190790,1.0788204679457469e+04,4.0329491775209059e+00
191168,1.0788204679457469e+04,4.0329491775209059e+00
191545,1.0788204679457469e+04,4.0329491775209059e+00
191922,1.0788204679457469e+04,4.0329491775209059e+00
192299,1.0788204679457469e+04,4.0329491775209059e+00
192675,1.0788204679457469e+04,4.0329491775209059e+00
193051,1.0788204679457469e+04,4.0329491775209059e+00
193427,1.0788204679457469e+04,4.0329491775209059e+00
193803,1.0788204679457469e+04,4.0329491775209059e+00
194178,1.0788204679457469e+04,4.0329491775209059e+00
194553,1.0600357527972561e+04,4.0253205133597767e+00
194928,1.0600357527972561e+04,4.0253205133597767e+00
195303,1.0600357527972561e+04,4.0253205133597767e+00
195677,1.0600357527972561e+04,4.0253205133597767e+00
196051,1.0600357527972561e+04,4.0253205133597767e+00
196425,1.0600357527972561e+04,4.0253205133597767e+00
196798,1.0600357527972561e+04,4.0253205133597767e+00
197171,1.0600357527972561e+04,4.0253205133597767e+00
197544,1.0600357527972561e+04,4.0253205133597767e+00
197917,1.0600357527972561e+04,4.0253205133597767e+00
198289,1.0600357527972561e+04,4.0253205133597767e+00
198661,1.0600357527972561e+04,4.0253205133597767e+00
199033,1.0600357527972561e+04,4.0253205133597767e+00
199405,1.0600357527972561e+04,4.0253205133597767e+00
199776,1.0600357527972561e+04,4.0253205133597767e+00
200147,1.0600357527972561e+04,4.0253205133597767e+00
200518,1.0600357527972561e+04,4.0253205133597767e+00
200888,1.0600357527972561e+04,4.0253205133597767e+00
201258,1.0600357527972561e+04,4.0253205133597767e+00
201628,1.0600357527972561e+04,4.0253205133597767e+00
201998,1.0600357527972561e+04,4.0253205133597767e+00
202367,1.0600357527972561e+04,4.0253205133597767e+00
202736,1.0600357527972561e+04,4.0253205133597767e+00
203105,1.0600357527972561e+04,4.0253205133597767e+00
203474,1.0600357527972561e+04,4.0253205133597767e+00
203842,1.0600357527972561e+04,4.0253205133597767e+00
204210,1.0600357527972561e+04,4.0253205133597767e+00
204578,1.0600357527972561e+04,4.0253205133597767e+00
204946,1.0600357527972561e+04,4.0253205133597767e+00
205313,1.0600357527972561e+04,4.0253205133597767e+00
205680,1.0600357527972561e+04,4.0253205133597767e+00
206047,1.0600357527972561e+04,4.0253205133597767e+00
206413,1.0600357527972561e+04,4.0253205133597767e+00
206779,1.0600357527972561e+04,4.0253205133597767e+00
207145,1.0600357527972561e+04,4.0253205133597767e+00
207511,1.0600357527972561e+04,4.0253205133597767e+00
207876,1.0600357527972561e+04,4.0253205133597767e+00
208241,1.0600357527972561e+04,4.0253205133597767e+00
208606,1.0600357527972561e+04,4.0253205133597767e+00
208971,1.0600357527972561e+04,4.0253205133597767e+00
209335,1.0600357527972561e+04,4.0253205133597767e+00
209699,1.0600357527972561e+04,4.0253205133597767e+00
210063,1.0600357527972561e+04,4.0253205133597767e+00
210427,1.0600357527972561e+04,4.0253205133597767e+00
210790,1.0600357527972561e+04,4.0253205133597767e+00
211153,1.0600357527972561e+04,4.0253205133597767e+00
211516,1.0600357527972561e+04,4.0253205133597767e+00
211879,1.0600357527972561e+04,4.0253205133597767e+00
212241,1.0600357527972561e+04,4.0253205133597767e+00
212603,1.0600357527972561e+04,4.0253205133597767e+00
213037,1.0600357527972561e+04,4.0253205133597767e+00
213398,1.0600357527972561e+04,4.0253205133597767e+00
213759,1.0600357527972561e+04,4.0253205133597767e+00
214120,1.0600357527972561e+04,4.0253205133597767e+00
214481,1.0600357527972561e+04,4.0253205133597767e+00
214841,1.0600357527972561e+04,4.0253205133597767e+00
215201,1.0600357527972561e+04,4.0253205133597767e+00
215561,1.0600357527972561e+04,4.0253205133597767e+00
215921,1.0600357527972561e+04,4.0253205133597767e+00
216280,1.0600357527972561e+04,4.0253205133597767e+00
216639,1.0354795006753420e+04,4.0151415056131459e+00
216998,1.0354795006753420e+04,4.0151415056131459e+00
217357,1.0354795006753420e+04,4.0151415056131459e+00
217715,1.0354795006753420e+04,4.0151415056131459e+00
218073,1.0354795006753420e+04,4.0151415056131459e+00
218431,1.0354795006753420e+04,4.0151415056131459e+00
218788,1.0354795006753420e+04,4.0151415056131459e+00
219145,1.0354795006753420e+04,4.0151415056131459e+00
219502,1.0354795006753420e+04,4.0151415056131459e+00
219859,1.0354795006753420e+04,4.0151415056131459e+00
220215,1.0354795006753420e+04,4.0151415056131459e+00
220571,1.0354795006753420e+04,4.0151415056131459e+00
220927,1.0354795006753420e+04,4.0151415056131459e+00
221283,1.0354795006753420e+04,4.0151415056131459e+00
221638,1.0354795006753420e+04,4.0151415056131459e+00
221993,1.0354795006753420e+04,4.0151415056131459e+00
222348,1.0354795006753420e+04,4.0151415056131459e+00
222703,1.0354795006753420e+04,4.0151415056131459e+00
223057,1.0354795006753420e+04,4.0151415056131459e+00
223411,1.0354795006753420e+04,4.0151415056131459e+00
223765,1.0354795006753420e+04,4.0151415056131459e+00
224119,1.0354795006753420e+04,4.0151415056131459e+00
224472,1.0354795006753420e+04,4.0151415056131459e+00
224825,1.0354795006753420e+04,4.0151415056131459e+00
225178,1.0354795006753420e+04,4.0151415056131459e+00
225531,1.0354795006753420e+04,4.0151415056131459e+00
225883,1.0354795006753420e+04,4.0151415056131459e+00
226235,1.0354795006753420e+04,4.0151415056131459e+00
226587,1.0354795006753420e+04,4.0151415056131459e+00
226939,1.0354795006753420e+04,4.0151415056131459e+00
227290,1.0354795006753420e+04,4.0151415056131459e+00
227641,1.0354795006753420e+04,4.0151415056131459e+00
227992,1.0354795006753420e+04,4.0151415056131459e+00
228343,1.0354795006753420e+04,4.0151415056131459e+00
228693,1.0354795006753420e+04,4.0151415056131459e+00
229043,1.0354795006753420e+04,4.0151415056131459e+00
229393,1.0354795006753420e+04,4.0151415056131459e+00
229743,1.0354795006753420e+04,4.0151415056131459e+00
230092,1.0354795006753420e+04,4.0151415056131459e+00
230441,1.0354795006753420e+04,4.0151415056131459e+00
230790,1.0354795006753420e+04,4.0151415056131459e+00
231138,1.0354795006753420e+04,4.0151415056131459e+00
231486,1.0354795006753420e+04,4.0151415056131459e+00
231834,1.0354795006753420e+04,4.0151415056131459e+00
232182,1.0354795006753420e+04,4.0151415056131459e+00
232529,1.0354795006753420e+04,4.0151415056131459e+00
232876,1.0354795006753420e+04,4.0151415056131459e+00
233223,1.0354795006753420e+04,4.0151415056131459e+00
233570,1.0354795006753420e+04,4.0151415056131459e+00
233916,1.0354795006753420e+04,4.0151415056131459e+00
234262,1.0354795006753420e+04,4.0151415056131459e+00
234608,1.0354795006753420e+04,4.0151415056131459e+00
234954,1.0354795006753420e+04,4.0151415056131459e+00
235299,1.0354795006753420e+04,4.0151415056131459e+00
235644,1.0179636410453561e+04,4.0077322664335853e+00
235989,1.0179636410453561e+04,4.0077322664335853e+00
236334,1.0179636410453561e+04,4.0077322664335853e+00
236678,1.0179636410453561e+04,4.0077322664335853e+00
237022,1.0179636410453561e+04,4.0077322664335853e+00
237366,1.0179636410453561e+04,4.0077322664335853e+00
237710,1.0179636410453561e+04,4.0077322664335853e+00
238053,1.0179636410453561e+04,4.0077322664335853e+00
238396,1.0179636410453561e+04,4.0077322664335853e+00
238739,1.0179636410453561e+04,4.0077322664335853e+00
239082,1.0179636410453561e+04,4.0077322664335853e+00
239424,1.0179636410453561e+04,4.0077322664335853e+00
239766,1.0050583254029159e+04,4.0021912654039129e+00
240108,1.0050583254029159e+04,4.0021912654039129e+00
240450,1.0050583254029159e+04,4.0021912654039129e+00
240791,1.0050583254029159e+04,4.0021912654039129e+00
241132,1.0050583254029159e+04,4.0021912654039129e+00
241473,1.0050583254029159e+04,4.0021912654039129e+00
241814,1.0050583254029159e+04,4.0021912654039129e+00
242154,1.0050583254029159e+04,4.0021912654039129e+00
242494,1.0050583254029159e+04,4.0021912654039129e+00
242834,1.0050583254029159e+04,4.0021912654039129e+00
243174,1.0050583254029159e+04,4.0021912654039129e+00
243513,1.0050583254029159e+04,4.0021912654039129e+00
243852,1.0050583254029159e+04,4.0021912654039129e+00
244191,1.0050583254029159e+04,4.0021912654039129e+00
244530,1.0050583254029159e+04,4.0021912654039129e+00
244869,1.0050583254029159e+04,4.0021912654039129e+00
245207,1.0050583254029159e+04,4.0021912654039129e+00
245545,1.0050583254029159e+04,4.0021912654039129e+00
245883,1.0050583254029159e+04,4.0021912654039129e+00
246221,1.0050583254029159e+04,4.0021912654039129e+00
246558,1.0050583254029159e+04,4.0021912654039129e+00
246895,1.0050583254029159e+04,4.0021912654039129e+00
247232,1.0050583254029159e+04,4.0021912654039129e+00
247569,1.0050583254029159e+04,4.0021912654039129e+00
247905,1.0050583254029159e+04,4.0021912654039129e+00
248241,1.0050583254029159e+04,4.0021912654039129e+00
248577,1.0050583254029159e+04,4.0021912654039129e+00
248913,1.0050583254029159e+04,4.0021912654039129e+00
249248,1.0050583254029159e+04,4.0021912654039129e+00
249583,1.0050583254029159e+04,4.0021912654039129e+00
249918,1.0050583254029159e+04,4.0021912654039129e+00
250253,1.0050583254029159e+04,4.0021912654039129e+00
250587,1.0050583254029159e+04,4.0021912654039129e+00
250921,1.0050583254029159e+04,4.0021912654039129e+00
251255,1.0050583254029159e+04,4.0021912654039129e+00
251589,1.0050583254029159e+04,4.0021912654039129e+00
251922,1.0050583254029159e+04,4.0021912654039129e+00
252255,1.0050583254029159e+04,4.0021912654039129e+00
252588,1.0050583254029159e+04,4.0021912654039129e+00
252921,1.0050583254029159e+04,4.0021912654039129e+00
253253,1.0050583254029159e+04,4.0021912654039129e+00
253585,1.0050583254029159e+04,4.0021912654039129e+00
253917,1.0050583254029159e+04,4.0021912654039129e+00
254249,1.0050583254029159e+04,4.0021912654039129e+00
254580,1.0050583254029159e+04,4.0021912654039129e+00
254911,1.0050583254029159e+04,4.0021912654039129e+00
255242,1.0050583254029159e+04,4.0021912654039129e+00
255573,1.0050583254029159e+04,4.0021912654039129e+00
255903,1.0050583254029159e+04,4.0021912654039129e+00
256233,1.0050583254029159e+04,4.0021912654039129e+00
256563,1.0050583254029159e+04,4.0021912654039129e+00
256893,1.0050583254029159e+04,4.0021912654039129e+00
257223,1.0050583254029159e+04,4.0021912654039129e+00
257552,1.0050583254029159e+04,4.0021912654039129e+00
257881,1.0050583254029159e+04,4.0021912654039129e+00
258210,1.0050583254029159e+04,4.0021912654039129e+00
258539,1.0050583254029159e+04,4.0021912654039129e+00
258867,1.0050583254029159e+04,4.0021912654039129e+00
259195,1.0050583254029159e+04,4.0021912654039129e+00
259523,1.0050583254029159e+04,4.0021912654039129e+00
259851,1.0050583254029159e+04,4.0021912654039129e+00
260178,1.0050583254029159e+04,4.0021912654039129e+00
260505,1.0050583254029159e+04,4.0021912654039129e+00
260832,1.0050583254029159e+04,4.0021912654039129e+00
261159,1.0050583254029159e+04,4.0021912654039129e+00
261485,1.0050583254029159e+04,4.0021912654039129e+00
261811,1.0050583254029159e+04,4.0021912654039129e+00
262137,1.0050583254029159e+04,4.0021912654039129e+00
262463,9.7222402806435875e+03,3.9877663502571505e+00
262789,9.7222402806435875e+03,3.9877663502571505e+00
263114,9.7222402806435875e+03,3.9877663502571505e+00
263439,9.7222402806435875e+03,3.9877663502571505e+00
263764,9.7222402806435875e+03,3.9877663502571505e+00
264089,9.7222402806435875e+03,3.9877663502571505e+00
264413,9.7222402806435875e+03,3.9877663502571505e+00
264737,9.7222402806435875e+03,3.9877663502571505e+00
265061,9.7222402806435875e+03,3.9877663502571505e+00
265385,9.7222402806435875e+03,3.9877663502571505e+00
265708,9.7222402806435875e+03,3.9877663502571505e+00
266031,9.7222402806435875e+03,3.9877663502571505e+00
266354,9.7222402806435875e+03,3.9877663502571505e+00
266677,9.7222402806435875e+03,3.9877663502571505e+00
266999,9.7222402806435875e+03,3.9877663502571505e+00
267321,9.7222402806435875e+03,3.9877663502571505e+00
267643,9.7222402806435875e+03,3.9877663502571505e+00
267965,9.7222402806435875e+03,3.9877663502571505e+00
268287,9.7222402806435875e+03,3.9877663502571505e+00
268608,9.7222402806435875e+03,3.9877663502571505e+00
268929,9.7222402806435875e+03,3.9877663502571505e+00
269250,9.7222402806435875e+03,3.9877663502571505e+00
269571,9.7222402806435875e+03,3.9877663502571505e+00
269891,9.7222402806435875e+03,3.9877663502571505e+00
270211,9.7222402806435875e+03,3.9877663502571505e+00
270531,9.7222402806435875e+03,3.9877663502571505e+00
270851,9.7222402806435875e+03,3.9877663502571505e+00
271170,9.7222402806435875e+03,3.9877663502571505e+00
271489,9.7222402806435875e+03,3.9877663502571505e+00
271808,9.7222402806435875e+03,3.9877663502571505e+00
272127,9.7222402806435875e+03,3.9877663502571505e+00
272446,9.7222402806435875e+03,3.9877663502571505e+00
272764,9.7222402806435875e+03,3.9877663502571505e+00
273082,9.7222402806435875e+03,3.9877663502571505e+00
273400,9.7222402806435875e+03,3.9877663502571505e+00
273718,9.7222402806435875e+03,3.9877663502571505e+00
274035,9.7222402806435875e+03,3.9877663502571505e+00
274352,9.7222402806435875e+03,3.9877663502571505e+00
274669,9.7222402806435875e+03,3.9877663502571505e+00
274986,9.7222402806435875e+03,3.9877663502571505e+00
275302,9.7222402806435875e+03,3.9877663502571505e+00
275618,9.7222402806435875e+03,3.9877663502571505e+00
275934,9.7222402806435875e+03,3.9877663502571505e+00
276250,9.7222402806435875e+03,3.9877663502571505e+00
276566,9.7222402806435875e+03,3.9877663502571505e+00
276881,9.7222402806435875e+03,3.9877663502571505e+00
277196,9.7222402806435875e+03,3.9877663502571505e+00
277511,9.7222402806435875e+03,3.9877663502571505e+00
277826,9.7222402806435875e+03,3.9877663502571505e+00
278140,9.7222402806435875e+03,3.9877663502571505e+00
278516,9.7222402806435875e+03,3.9877663502571505e+00
278830,9.7222402806435875e+03,3.9877663502571505e+00
279144,9.7222402806435875e+03,3.9877663502571505e+00
279457,9.7222402806435875e+03,3.9877663502571505e+00
279770,9.7222402806435875e+03,3.9877663502571505e+00
280083,9.7222402806435875e+03,3.9877663502571505e+00
280396,9.7222402806435875e+03,3.9877663502571505e+00
280709,9.7222402806435875e+03,3.9877663502571505e+00
281021,9.7222402806435875e+03,3.9877663502571505e+00
281333,9.7222402806435875e+03,3.9877663502571505e+00
281645,9.7222402806435875e+03,3.9877663502571505e+00
281957,9.7222402806435875e+03,3.9877663502571505e+00
282268,9.7222402806435875e+03,3.9877663502571505e+00
282579,9.7222402806435875e+03,3.9877663502571505e+00
282890,9.7222402806435875e+03,3.9877663502571505e+00
283201,9.7222402806435875e+03,3.9877663502571505e+00
283512,9.7222402806435875e+03,3.9877663502571505e+00
283822,9.7222402806435875e+03,3.9877663502571505e+00
284132,9.7222402806435875e+03,3.9877663502571505e+00
284442,9.7222402806435875e+03,3.9877663502571505e+00
284752,9.7222402806435875e+03,3.9877663502571505e+00
285061,9.7222402806435875e+03,3.9877663502571505e+00
285370,9.7222402806435875e+03,3.9877663502571505e+00
285679,9.7222402806435875e+03,3.9877663502571505e+00
285988,9.7222402806435875e+03,3.9877663502571505e+00
286297,9.7222402806435875e+03,3.9877663502571505e+00
286605,9.7222402806435875e+03,3.9877663502571505e+00
286913,9.7222402806435875e+03,3.9877663502571505e+00
287221,9.7222402806435875e+03,3.9877663502571505e+00
287529,9.7222402806435875e+03,3.9877663502571505e+00
287836,9.7222402806435875e+03,3.9877663502571505e+00
288143,9.7222402806435875e+03,3.9877663502571505e+00
288450,9.7222402806435875e+03,3.9877663502571505e+00
288757,9.7222402806435875e+03,3.9877663502571505e+00
289064,9.7222402806435875e+03,3.9877663502571505e+00
289370,9.7222402806435875e+03,3.9877663502571505e+00
289676,9.7222402806435875e+03,3.9877663502571505e+00
289982,9.7222402806435875e+03,3.9877663502571505e+00
290288,9.7222402806435875e+03,3.9877663502571505e+00
290593,9.7222402806435875e+03,3.9877663502571505e+00
290898,9.7222402806435875e+03,3.9877663502571505e+00
291203,9.7222402806435875e+03,3.9877663502571505e+00
291508,9.7222402806435875e+03,3.9877663502571505e+00
291813,9.7222402806435875e+03,3.9877663502571505e+00
292117,9.7222402806435875e+03,3.9877663502571505e+00
292421,9.7222402806435875e+03,3.9877663502571505e+00
292725,9.7222402806435875e+03,3.9877663502571505e+00
293029,9.7222402806435875e+03,3.9877663502571505e+00
293332,9.5636841688993500e+03,3.9806252255398218e+00
293635,9.5636841688993500e+03,3.9806252255398218e+00
293938,9.5636841688993500e+03,3.9806252255398218e+00
294241,9.5636841688993500e+03,3.9806252255398218e+00
294544,9.5636841688993500e+03,3.9806252255398218e+00
294846,9.5636841688993500e+03,3.9806252255398218e+00
295148,9.5636841688993500e+03,3.9806252255398218e+00
295450,9.5636841688993500e+03,3.9806252255398218e+00
295752,9.5636841688993500e+03,3.9806252255398218e+00
296054,9.5636841688993500e+03,3.9806252255398218e+00
296355,9.5636841688993500e+03,3.9806252255398218e+00
296656,9.5636841688993500e+03,3.9806252255398218e+00
296957,9.5636841688993500e+03,3.9806252255398218e+00
297258,9.5636841688993500e+03,3.9806252255398218e+00
297558,9.5636841688993500e+03,3.9806252255398218e+00
297858,9.5636841688993500e+03,3.9806252255398218e+00
298158,9.5636841688993500e+03,3.9806252255398218e+00
298458,9.5636841688993500e+03,3.9806252255398218e+00
298758,9.5636841688993500e+03,3.9806252255398218e+00
299057,9.5636841688993500e+03,3.9806252255398218e+00
299356,9.5636841688993500e+03,3.9806252255398218e+00
299655,9.5636841688993500e+03,3.9806252255398218e+00
299954,9.5636841688993500e+03,3.9806252255398218e+00
300253,9.5636841688993500e+03,3.9806252255398218e+00
300551,9.5636841688993500e+03,3.9806252255398218e+00
300849,9.5636841688993500e+03,3.9806252255398218e+00
301147,9.5636841688993500e+03,3.9806252255398218e+00
301445,9.5636841688993500e+03,3.9806252255398218e+00
301742,9.5636841688993500e+03,3.9806252255398218e+00
302039,9.5636841688993500e+03,3.9806252255398218e+00
302336,9.5636841688993500e+03,3.9806252255398218e+00
302633,9.5636841688993500e+03,3.9806252255398218e+00
302930,9.5636841688993500e+03,3.9806252255398218e+00
303226,9.5636841688993500e+03,3.9806252255398218e+00
303522,9.5636841688993500e+03,3.9806252255398218e+00
303818,9.5636841688993500e+03,3.9806252255398218e+00
304114,9.5636841688993500e+03,3.9806252255398218e+00
304410,9.5636841688993500e+03,3.9806252255398218e+00
304705,9.5636841688993500e+03,3.9806252255398218e+00
305000,9.5636841688993500e+03,3.9806252255398218e+00
305295,9.5636841688993500e+03,3.9806252255398218e+00
305590,9.5636841688993500e+03,3.9806252255398218e+00
305885,9.5636841688993500e+03,3.9806252255398218e+00
306179,9.5636841688993500e+03,3.9806252255398218e+00
306473,9.5636841688993500e+03,3.9806252255398218e+00
306767,9.5636841688993500e+03,3.9806252255398218e+00
307061,9.5636841688993500e+03,3.9806252255398218e+00
307354,9.5636841688993500e+03,3.9806252255398218e+00
307647,9.5636841688993500e+03,3.9806252255398218e+00
307940,9.5636841688993500e+03,3.9806252255398218e+00
308233,9.5636841688993500e+03,3.9806252255398218e+00
308526,9.5636841688993500e+03,3.9806252255398218e+00
308818,9.5636841688993500e+03,3.9806252255398218e+00
309110,9.5636841688993500e+03,3.9806252255398218e+00
309402,9.5636841688993500e+03,3.9806252255398218e+00
309694,9.5636841688993500e+03,3.9806252255398218e+00
309986,9.5636841688993500e+03,3.9806252255398218e+00
310277,9.5636841688993500e+03,3.9806252255398218e+00
310568,9.5636841688993500e+03,3.9806252255398218e+00
310859,9.5590179340900995e+03,3.9804132764064586e+00
311150,9.5590179340900995e+03,3.9804132764064586e+00
311441,9.5590179340900995e+03,3.9804132764064586e+00
311731,9.5590179340900995e+03,3.9804132764064586e+00
312021,9.5590179340900995e+03,3.9804132764064586e+00
312311,9.5590179340900995e+03,3.9804132764064586e+00
312601,9.5590179340900995e+03,3.9804132764064586e+00
312891,9.5590179340900995e+03,3.9804132764064586e+00
313180,9.5590179340900995e+03,3.9804132764064586e+00
313469,9.5590179340900995e+03,3.9804132764064586e+00
313758,9.5590179340900995e+03,3.9804132764064586e+00
314047,9.5590179340900995e+03,3.9804132764064586e+00
314336,9.5590179340900995e+03,3.9804132764064586e+00
314624,9.5590179340900995e+03,3.9804132764064586e+00
314912,9.5590179340900995e+03,3.9804132764064586e+00
315200,9.5590179340900995e+03,3.9804132764064586e+00
315488,9.5590179340900995e+03,3.9804132764064586e+00
315776,9.5590179340900995e+03,3.9804132764064586e+00
316063,9.5590179340900995e+03,3.9804132764064586e+00
316350,9.5590179340900995e+03,3.9804132764064586e+00
316637,9.5590179340900995e+03,3.9804132764064586e+00
316924,9.5590179340900995e+03,3.9804132764064586e+00
317211,9.5590179340900995e+03,3.9804132764064586e+00
317497,9.5590179340900995e+03,3.9804132764064586e+00
317783,9.5590179340900995e+03,3.9804132764064586e+00
318069,9.5590179340900995e+03,3.9804132764064586e+00
318355,9.5590179340900995e+03,3.9804132764064586e+00
318641,9.5590179340900995e+03,3.9804132764064586e+00
318926,9.5590179340900995e+03,3.9804132764064586e+00
319211,9.5590179340900995e+03,3.9804132764064586e+00
319496,9.5590179340900995e+03,3.9804132764064586e+00
319781,9.5590179340900995e+03,3.9804132764064586e+00
320066,9.5590179340900995e+03,3.9804132764064586e+00
320350,9.5590179340900995e+03,3.9804132764064586e+00
320634,9.5590179340900995e+03,3.9804132764064586e+00
320918,9.5590179340900995e+03,3.9804132764064586e+00
321202,9.5590179340900995e+03,3.9804132764064586e+00
321486,9.5590179340900995e+03,3.9804132764064586e+00
321769,9.5590179340900995e+03,3.9804132764064586e+00
322052,9.5590179340900995e+03,3.9804132764064586e+00
322335,9.5590179340900995e+03,3.9804132764064586e+00
322618,9.5590179340900995e+03,3.9804132764064586e+00
322901,9.5590179340900995e+03,3.9804132764064586e+00
323183,9.5590179340900995e+03,3.9804132764064586e+00
323465,9.5590179340900995e+03,3.9804132764064586e+00
323747,9.5590179340900995e+03,3.9804132764064586e+00
324029,9.5590179340900995e+03,3.9804132764064586e+00
324311,9.5590179340900995e+03,3.9804132764064586e+00
324592,9.5590179340900995e+03,3.9804132764064586e+00
324873,9.5590179340900995e+03,3.9804132764064586e+00
325154,9.5590179340900995e+03,3.9804132764064586e+00
325435,9.5590179340900995e+03,3.9804132764064586e+00
325716,9.5590179340900995e+03,3.9804132764064586e+00
325996,9.5590179340900995e+03,3.9804132764064586e+00
326276,9.5590179340900995e+03,3.9804132764064586e+00
326556,9.5590179340900995e+03,3.9804132764064586e+00
326836,9.5590179340900995e+03,3.9804132764064586e+00
327116,9.5590179340900995e+03,3.9804132764064586e+00
327395,9.5590179340900995e+03,3.9804132764064586e+00
327674,9.5590179340900995e+03,3.9804132764064586e+00
327953,9.5590179340900995e+03,3.9804132764064586e+00
328232,9.5590179340900995e+03,3.9804132764064586e+00
328511,9.5590179340900995e+03,3.9804132764064586e+00
328789,9.5590179340900995e+03,3.9804132764064586e+00
329067,9.5590179340900995e+03,3.9804132764064586e+00
329345,9.5590179340900995e+03,3.9804132764064586e+00
329623,9.5590179340900995e+03,3.9804132764064586e+00
329901,9.5590179340900995e+03,3.9804132764064586e+00
330178,9.5590179340900995e+03,3.9804132764064586e+00
330455,9.5590179340900995e+03,3.9804132764064586e+00
330732,9.5590179340900995e+03,3.9804132764064586e+00
331009,9.5590179340900995e+03,3.9804132764064586e+00
331286,9.5590179340900995e+03,3.9804132764064586e+00
331562,9.5590179340900995e+03,3.9804132764064586e+00
331838,9.5590179340900995e+03,3.9804132764064586e+00
332114,9.5590179340900995e+03,3.9804132764064586e+00
332390,9.5590179340900995e+03,3.9804132764064586e+00
332666,9.5590179340900995e+03,3.9804132764064586e+00
332941,9.5590179340900995e+03,3.9804132764064586e+00
333216,9.5590179340900995e+03,3.9804132764064586e+00
333491,9.5590179340900995e+03,3.9804132764064586e+00
333766,9.5590179340900995e+03,3.9804132764064586e+00
334041,9.5590179340900995e+03,3.9804132764064586e+00
334316,9.5590179340900995e+03,3.9804132764064586e+00
334590,9.5590179340900995e+03,3.9804132764064586e+00
334864,9.5590179340900995e+03,3.9804132764064586e+00
335138,9.5590179340900995e+03,3.9804132764064586e+00
335412,9.5590179340900995e+03,3.9804132764064586e+00
335686,9.5590179340900995e+03,3.9804132764064586e+00
335959,9.5590179340900995e+03,3.9804132764064586e+00
336232,9.5590179340900995e+03,3.9804132764064586e+00
336505,9.5590179340900995e+03,3.9804132764064586e+00
336778,9.5590179340900995e+03,3.9804132764064586e+00
337051,9.5590179340900995e+03,3.9804132764064586e+00
337323,9.5590179340900995e+03,3.9804132764064586e+00
337595,9.5590179340900995e+03,3.9804132764064586e+00
337867,9.5590179340900995e+03,3.9804132764064586e+00
338139,9.5590179340900995e+03,3.9804132764064586e+00
338411,9.5590179340900995e+03,3.9804132764064586e+00
338682,9.5590179340900995e+03,3.9804132764064586e+00
338953,9.5590179340900995e+03,3.9804132764064586e+00
339224,9.5590179340900995e+03,3.9804132764064586e+00
339495,9.5590179340900995e+03,3.9804132764064586e+00
339766,9.5590179340900995e+03,3.9804132764064586e+00
340037,9.5590179340900995e+03,3.9804132764064586e+00
340307,9.5590179340900995e+03,3.9804132764064586e+00
340577,9.5590179340900995e+03,3.9804132764064586e+00
340847,9.5590179340900995e+03,3.9804132764064586e+00
341117,9.5590179340900995e+03,3.9804132764064586e+00
341387,9.5590179340900995e+03,3.9804132764064586e+00
341656,9.5590179340900995e+03,3.9804132764064586e+00
341925,9.5590179340900995e+03,3.9804132764064586e+00
342194,9.5590179340900995e+03,3.9804132764064586e+00
342463,9.5590179340900995e+03,3.9804132764064586e+00
342732,9.5590179340900995e+03,3.9804132764064586e+00
343000,9.5590179340900995e+03,3.9804132764064586e+00
343268,9.5590179340900995e+03,3.9804132764064586e+00
343536,9.5590179340900995e+03,3.9804132764064586e+00
343804,9.5590179340900995e+03,3.9804132764064586e+00
344072,9.5590179340900995e+03,3.9804132764064586e+00
344340,9.5590179340900995e+03,3.9804132764064586e+00
344607,9.5590179340900995e+03,3.9804132764064586e+00
344874,9.5590179340900995e+03,3.9804132764064586e+00
345141,9.5590179340900995e+03,3.9804132764064586e+00
345408,9.5590179340900995e+03,3.9804132764064586e+00
345675,9.5590179340900995e+03,3.9804132764064586e+00
345941,9.5590179340900995e+03,3.9804132764064586e+00
346207,9.5590179340900995e+03,3.9804132764064586e+00
346473,9.5590179340900995e+03,3.9804132764064586e+00
346739,9.5590179340900995e+03,3.9804132764064586e+00
347005,9.5590179340900995e+03,3.9804132764064586e+00
347271,9.5590179340900995e+03,3.9804132764064586e+00
347536,9.5590179340900995e+03,3.9804132764064586e+00
347801,9.5590179340900995e+03,3.9804132764064586e+00
348066,9.5590179340900995e+03,3.9804132764064586e+00
348331,9.5590179340900995e+03,3.9804132764064586e+00
348596,9.5590179340900995e+03,3.9804132764064586e+00
348860,9.5590179340900995e+03,3.9804132764064586e+00
349124,9.5590179340900995e+03,3.9804132764064586e+00
349388,9.5590179340900995e+03,3.9804132764064586e+00
349652,9.5590179340900995e+03,3.9804132764064586e+00
349916,9.5590179340900995e+03,3.9804132764064586e+00
350180,9.5590179340900995e+03,3.9804132764064586e+00
350443,9.5590179340900995e+03,3.9804132764064586e+00
350706,9.5590179340900995e+03,3.9804132764064586e+00
350969,9.5590179340900995e+03,3.9804132764064586e+00
351232,9.5590179340900995e+03,3.9804132764064586e+00
351495,9.5590179340900995e+03,3.9804132764064586e+00
351757,9.5590179340900995e+03,3.9804132764064586e+00
352019,9.5590179340900995e+03,3.9804132764064586e+00
352281,9.5590179340900995e+03,3.9804132764064586e+00
352543,9.5590179340900995e+03,3.9804132764064586e+00
352805,9.5590179340900995e+03,3.9804132764064586e+00
353067,9.5590179340900995e+03,3.9804132764064586e+00
353328,9.5590179340900995e+03,3.9804132764064586e+00
353589,9.5590179340900995e+03,3.9804132764064586e+00
353850,9.5590179340900995e+03,3.9804132764064586e+00
354111,9.5590179340900995e+03,3.9804132764064586e+00
354372,9.5590179340900995e+03,3.9804132764064586e+00
354632,9.5590179340900995e+03,3.9804132764064586e+00
354892,9.5590179340900995e+03,3.9804132764064586e+00
355152,9.5590179340900995e+03,3.9804132764064586e+00
355412,9.5590179340900995e+03,3.9804132764064586e+00
355672,9.5590179340900995e+03,3.9804132764064586e+00
355932,9.5590179340900995e+03,3.9804132764064586e+00
356191,9.5590179340900995e+03,3.9804132764064586e+00
356450,9.5590179340900995e+03,3.9804132764064586e+00
356709,9.5590179340900995e+03,3.9804132764064586e+00
356968,9.5590179340900995e+03,3.9804132764064586e+00
357227,9.5590179340900995e+03,3.9804132764064586e+00
357486,9.5590179340900995e+03,3.9804132764064586e+00
357744,9.5590179340900995e+03,3.9804132764064586e+00
358002,9.5590179340900995e+03,3.9804132764064586e+00
358260,9.4696553509235582e+03,3.9763341730987483e+00
358518,9.4696553509235582e+03,3.9763341730987483e+00
358776,9.4696553509235582e+03,3.9763341730987483e+00
359033,9.4696553509235582e+03,3.9763341730987483e+00
359290,9.4696553509235582e+03,3.9763341730987483e+00
359547,9.4696553509235582e+03,3.9763341730987483e+00
359804,9.4696553509235582e+03,3.9763341730987483e+00
360061,9.4696553509235582e+03,3.9763341730987483e+00
360318,9.4696553509235582e+03,3.9763341730987483e+00
360574,9.4696553509235582e+03,3.9763341730987483e+00
360830,9.4696553509235582e+03,3.9763341730987483e+00
361086,9.4696553509235582e+03,3.9763341730987483e+00
361342,9.3351106480060480e+03,3.9701194699587630e+00
361598,9.3351106480060480e+03,3.9701194699587630e+00
361854,9.3351106480060480e+03,3.9701194699587630e+00
362109,9.3351106480060480e+03,3.9701194699587630e+00
362364,9.3351106480060480e+03,3.9701194699587630e+00
362619,9.3351106480060480e+03,3.9701194699587630e+00
362874,9.3351106480060480e+03,3.9701194699587630e+00
363129,9.3351106480060480e+03,3.9701194699587630e+00
363383,9.3351106480060480e+03,3.9701194699587630e+00
363637,9.3351106480060480e+03,3.9701194699587630e+00
363891,9.3351106480060480e+03,3.9701194699587630e+00
364145,9.3351106480060480e+03,3.9701194699587630e+00
364399,9.3351106480060480e+03,3.9701194699587630e+00
364653,9.3351106480060480e+03,3.9701194699587630e+00
364906,9.3351106480060480e+03,3.9701194699587630e+00
365159,9.3351106480060480e+03,3.9701194699587630e+00
365412,9.3351106480060480e+03,3.9701194699587630e+00
365665,9.3351106480060480e+03,3.9701194699587630e+00
365918,9.3351106480060480e+03,3.9701194699587630e+00
366171,9.3351106480060480e+03,3.9701194699587630e+00
366423,9.3351106480060480e+03,3.9701194699587630e+00
366675,9.3351106480060480e+03,3.9701194699587630e+00
366927,9.3351106480060480e+03,3.9701194699587630e+00
367179,9.3351106480060480e+03,3.9701194699587630e+00
367431,9.3351106480060480e+03,3.9701194699587630e+00
367683,9.3351106480060480e+03,3.9701194699587630e+00
367934,9.3351106480060480e+03,3.9701194699587630e+00
368185,9.3351106480060480e+03,3.9701194699587630e+00
368436,9.3351106480060480e+03,3.9701194699587630e+00
368687,9.3351106480060480e+03,3.9701194699587630e+00
368938,9.3351106480060480e+03,3.9701194699587630e+00
369189,9.3351106480060480e+03,3.9701194699587630e+00
369439,9.3351106480060480e+03,3.9701194699587630e+00
369689,9.3351106480060480e+03,3.9701194699587630e+00
369939,9.3351106480060480e+03,3.9701194699587630e+00
370189,9.3351106480060480e+03,3.9701194699587630e+00
370439,9.3351106480060480e+03,3.9701194699587630e+00
370689,9.3351106480060480e+03,3.9701194699587630e+00
370938,9.3351106480060480e+03,3.9701194699587630e+00
371187,9.3351106480060480e+03,3.9701194699587630e+00
371436,9.3351106480060480e+03,3.9701194699587630e+00
371685,9.3351106480060480e+03,3.9701194699587630e+00
371934,9.3351106480060480e+03,3.9701194699587630e+00
372183,9.3351106480060480e+03,3.9701194699587630e+00
372431,9.3351106480060480e+03,3.9701194699587630e+00
372679,9.3351106480060480e+03,3.9701194699587630e+00
372927,9.3351106480060480e+03,3.9701194699587630e+00
373175,9.3351106480060480e+03,3.9701194699587630e+00
373423,9.3351106480060480e+03,3.9701194699587630e+00
373671,9.3351106480060480e+03,3.9701194699587630e+00
373918,9.3351106480060480e+03,3.9701194699587630e+00
374165,9.3351106480060480e+03,3.9701194699587630e+00
374412,9.3351106480060480e+03,3.9701194699587630e+00
374659,9.3351106480060480e+03,3.9701194699587630e+00
374906,9.3351106480060480e+03,3.9701194699587630e+00
375153,9.3351106480060480e+03,3.9701194699587630e+00
375399,9.3351106480060480e+03,3.9701194699587630e+00
375645,9.3351106480060480e+03,3.9701194699587630e+00
375891,9.3351106480060480e+03,3.9701194699587630e+00
376137,9.3351106480060480e+03,3.9701194699587630e+00
376383,9.3351106480060480e+03,3.9701194699587630e+00
376629,9.3351106480060480e+03,3.9701194699587630e+00
376874,9.3351106480060480e+03,3.9701194699587630e+00
377119,9.3351106480060480e+03,3.9701194699587630e+00
377364,9.3351106480060480e+03,3.9701194699587630e+00
377609,9.3351106480060480e+03,3.9701194699587630e+00
377854,9.3351106480060480e+03,3.9701194699587630e+00
378099,9.3351106480060480e+03,3.9701194699587630e+00
378343,9.3351106480060480e+03,3.9701194699587630e+00
378587,9.3351106480060480e+03,3.9701194699587630e+00
378831,9.3351106480060480e+03,3.9701194699587630e+00
379075,9.3351106480060480e+03,3.9701194699587630e+00
379319,9.3351106480060480e+03,3.9701194699587630e+00
379563,9.3351106480060480e+03,3.9701194699587630e+00
379806,9.3351106480060480e+03,3.9701194699587630e+00
380049,9.3351106480060480e+03,3.9701194699587630e+00
380292,9.3351106480060480e+03,3.9701194699587630e+00
380535,9.3351106480060480e+03,3.9701194699587630e+00
380778,9.3351106480060480e+03,3.9701194699587630e+00
381021,9.3351106480060480e+03,3.9701194699587630e+00
381263,9.3351106480060480e+03,3.9701194699587630e+00
381505,9.3351106480060480e+03,3.9701194699587630e+00
381747,9.3351106480060480e+03,3.9701194699587630e+00
381989,9.3351106480060480e+03,3.9701194699587630e+00
382231,9.3351106480060480e+03,3.9701194699587630e+00
382473,9.3351106480060480e+03,3.9701194699587630e+00
382714,9.3351106480060480e+03,3.9701194699587630e+00
382955,9.3351106480060480e+03,3.9701194699587630e+00
383196,9.3351106480060480e+03,3.9701194699587630e+00
383437,9.3351106480060480e+03,3.9701194699587630e+00
383678,9.3351106480060480e+03,3.9701194699587630e+00
383919,9.3351106480060480e+03,3.9701194699587630e+00
384160,9.3351106480060480e+03,3.9701194699587630e+00
384400,9.3351106480060480e+03,3.9701194699587630e+00
384640,9.3351106480060480e+03,3.9701194699587630e+00
384880,9.3351106480060480e+03,3.9701194699587630e+00
385120,9.3351106480060480e+03,3.9701194699587630e+00
385360,9.3351106480060480e+03,3.9701194699587630e+00
385600,9.3351106480060480e+03,3.9701194699587630e+00
385839,9.3351106480060480e+03,3.9701194699587630e+00
386078,9.3351106480060480e+03,3.9701194699587630e+00
386317,9.3351106480060480e+03,3.9701194699587630e+00
386556,9.3351106480060480e+03,3.9701194699587630e+00
386795,9.3351106480060480e+03,3.9701194699587630e+00
387034,9.3351106480060480e+03,3.9701194699587630e+00
387272,9.3351106480060480e+03,3.9701194699587630e+00
387510,9.3351106480060480e+03,3.9701194699587630e+00
387748,9.3351106480060480e+03,3.9701194699587630e+00
387986,9.3351106480060480e+03,3.9701194699587630e+00
388224,9.3351106480060480e+03,3.9701194699587630e+00
388462,9.3351106480060480e+03,3.9701194699587630e+00
388700,9.3351106480060480e+03,3.9701194699587630e+00
388937,9.3351106480060480e+03,3.9701194699587630e+00
389174,9.3351106480060480e+03,3.9701194699587630e+00
389411,9.3351106480060480e+03,3.9701194699587630e+00
389648,9.3351106480060480e+03,3.9701194699587630e+00
389885,9.3351106480060480e+03,3.9701194699587630e+00
390122,9.3351106480060480e+03,3.9701194699587630e+00
390358,9.3351106480060480e+03,3.9701194699587630e+00
390594,9.3351106480060480e+03,3.9701194699587630e+00
390830,9.3351106480060480e+03,3.9701194699587630e+00
391066,9.3351106480060480e+03,3.9701194699587630e+00
391302,9.3351106480060480e+03,3.9701194699587630e+00
391538,9.3351106480060480e+03,3.9701194699587630e+00
391773,9.3351106480060480e+03,3.9701194699587630e+00
392008,9.3351106480060480e+03,3.9701194699587630e+00
392243,9.3351106480060480e+03,3.9701194699587630e+00
392478,9.3351106480060480e+03,3.9701194699587630e+00
392713,9.3351106480060480e+03,3.9701194699587630e+00
392948,9.3351106480060480e+03,3.9701194699587630e+00
393183,9.3351106480060480e+03,3.9701194699587630e+00
393417,9.3351106480060480e+03,3.9701194699587630e+00
393651,9.3351106480060480e+03,3.9701194699587630e+00
393885,9.3351106480060480e+03,3.9701194699587630e+00
394119,9.3351106480060480e+03,3.9701194699587630e+00
394353,9.3351106480060480e+03,3.9701194699587630e+00
394587,9.3351106480060480e+03,3.9701194699587630e+00
394820,9.3351106480060480e+03,3.9701194699587630e+00
395053,9.3351106480060480e+03,3.9701194699587630e+00
395286,9.3351106480060480e+03,3.9701194699587630e+00
395519,9.3351106480060480e+03,3.9701194699587630e+00
395752,9.3351106480060480e+03,3.9701194699587630e+00
395985,9.3351106480060480e+03,3.9701194699587630e+00
396218,9.3351106480060480e+03,3.9701194699587630e+00
396450,9.3351106480060480e+03,3.9701194699587630e+00
396682,9.3351106480060480e+03,3.9701194699587630e+00
396914,9.3351106480060480e+03,3.9701194699587630e+00
397146,9.3351106480060480e+03,3.9701194699587630e+00
397378,9.3351106480060480e+03,3.9701194699587630e+00
397610,9.3351106480060480e+03,3.9701194699587630e+00
397841,9.3351106480060480e+03,3.9701194699587630e+00
398072,9.3351106480060480e+03,3.9701194699587630e+00
398303,9.3351106480060480e+03,3.9701194699587630e+00
398534,9.3351106480060480e+03,3.9701194699587630e+00
398765,9.3351106480060480e+03,3.9701194699587630e+00
398996,9.3351106480060480e+03,3.9701194699587630e+00
399227,9.3351106480060480e+03,3.9701194699587630e+00
399457,9.3351106480060480e+03,3.9701194699587630e+00
399687,9.3351106480060480e+03,3.9701194699587630e+00
399917,9.3351106480060480e+03,3.9701194699587630e+00
400147,9.3351106480060480e+03,3.9701194699587630e+00
400377,9.3351106480060480e+03,3.9701194699587630e+00
400607,9.3351106480060480e+03,3.9701194699587630e+00
400837,9.3351106480060480e+03,3.9701194699587630e+00
401066,9.3351106480060480e+03,3.9701194699587630e+00
401295,9.3351106480060480e+03,3.9701194699587630e+00
401524,9.3351106480060480e+03,3.9701194699587630e+00
401753,9.3351106480060480e+03,3.9701194699587630e+00
401982,9.3351106480060480e+03,3.9701194699587630e+00
402211,9.3351106480060480e+03,3.9701194699587630e+00
402439,9.3351106480060480e+03,3.9701194699587630e+00
402667,9.3351106480060480e+03,3.9701194699587630e+00
402895,9.3351106480060480e+03,3.9701194699587630e+00
403123,9.3351106480060480e+03,3.9701194699587630e+00
403351,9.3351106480060480e+03,3.9701194699587630e+00
403579,9.3351106480060480e+03,3.9701194699587630e+00
403807,9.3351106480060480e+03,3.9701194699587630e+00
404034,9.3351106480060480e+03,3.9701194699587630e+00
404261,9.3351106480060480e+03,3.9701194699587630e+00
404488,9.3351106480060480e+03,3.9701194699587630e+00
404715,9.3351106480060480e+03,3.9701194699587630e+00
404942,9.0768221144361614e+03,3.9579338243210471e+00
405169,9.0768221144361614e+03,3.9579338243210471e+00
405396,9.0768221144361614e+03,3.9579338243210471e+00
405622,9.0768221144361614e+03,3.9579338243210471e+00
405848,9.0768221144361614e+03,3.9579338243210471e+00
406074,9.0768221144361614e+03,3.9579338243210471e+00
406300,9.0768221144361614e+03,3.9579338243210471e+00
406526,9.0768221144361614e+03,3.9579338243210471e+00
406752,9.0768221144361614e+03,3.9579338243210471e+00
406978,9.0768221144361614e+03,3.9579338243210471e+00
407203,9.0768221144361614e+03,3.9579338243210471e+00
407428,9.0768221144361614e+03,3.9579338243210471e+00
407653,9.0768221144361614e+03,3.9579338243210471e+00
407878,9.0768221144361614e+03,3.9579338243210471e+00
408103,9.0768221144361614e+03,3.9579338243210471e+00
408328,9.0768221144361614e+03,3.9579338243210471e+00
408553,9.0768221144361614e+03,3.9579338243210471e+00
408777,9.0768221144361614e+03,3.9579338243210471e+00
409001,9.0768221144361614e+03,3.9579338243210471e+00
409225,9.0768221144361614e+03,3.9579338243210471e+00
409449,9.0768221144361614e+03,3.9579338243210471e+00
409673,9.0768221144361614e+03,3.9579338243210471e+00
409897,9.0768221144361614e+03,3.9579338243210471e+00
410121,9.0768221144361614e+03,3.9579338243210471e+00
410344,9.0768221144361614e+03,3.9579338243210471e+00
410567,9.0768221144361614e+03,3.9579338243210471e+00
410790,9.0768221144361614e+03,3.9579338243210471e+00
411013,9.0768221144361614e+03,3.9579338243210471e+00
411236,9.0768221144361614e+03,3.9579338243210471e+00
411459,9.0768221144361614e+03,3.9579338243210471e+00
411682,9.0768221144361614e+03,3.9579338243210471e+00
411904,9.0768221144361614e+03,3.9579338243210471e+00
412126,9.0768221144361614e+03,3.9579338243210471e+00
412348,9.0768221144361614e+03,3.9579338243210471e+00
412570,9.0768221144361614e+03,3.9579338243210471e+00
412792,9.0768221144361614e+03,3.9579338243210471e+00
413014,9.0768221144361614e+03,3.9579338243210471e+00
413236,9.0768221144361614e+03,3.9579338243210471e+00
413457,9.0768221144361614e+03,3.9579338243210471e+00
413678,9.0768221144361614e+03,3.9579338243210471e+00
413899,9.0768221144361614e+03,3.9579338243210471e+00
414120,9.0768221144361614e+03,3.9579338243210471e+00
414341,9.0768221144361614e+03,3.9579338243210471e+00
414562,9.0768221144361614e+03,3.9579338243210471e+00
414783,9.0768221144361614e+03,3.9579338243210471e+00
415003,9.0768221144361614e+03,3.9579338243210471e+00
415223,9.0768221144361614e+03,3.9579338243210471e+00
415443,9.0768221144361614e+03,3.9579338243210471e+00
415663,9.0768221144361614e+03,3.9579338243210471e+00
415883,9.0768221144361614e+03,3.9579338243210471e+00
416103,9.0768221144361614e+03,3.9579338243210471e+00
416323,9.0768221144361614e+03,3.9579338243210471e+00
416542,9.0768221144361614e+03,3.9579338243210471e+00
416761,9.0768221144361614e+03,3.9579338243210471e+00
416980,9.0768221144361614e+03,3.9579338243210471e+00
417199,9.0768221144361614e+03,3.9579338243210471e+00
417418,9.0768221144361614e+03,3.9579338243210471e+00
417637,9.0768221144361614e+03,3.9579338243210471e+00
417856,9.0768221144361614e+03,3.9579338243210471e+00
418074,9.0768221144361614e+03,3.9579338243210471e+00
418292,9.0768221144361614e+03,3.9579338243210471e+00
418510,9.0768221144361614e+03,3.9579338243210471e+00
418728,9.0768221144361614e+03,3.9579338243210471e+00
418946,9.0768221144361614e+03,3.9579338243210471e+00
419164,9.0768221144361614e+03,3.9579338243210471e+00
419382,9.0768221144361614e+03,3.9579338243210471e+00
419599,9.0768221144361614e+03,3.9579338243210471e+00
419816,9.0768221144361614e+03,3.9579338243210471e+00
420033,9.0768221144361614e+03,3.9579338243210471e+00
420250,9.0768221144361614e+03,3.9579338243210471e+00
420467,9.0768221144361614e+03,3.9579338243210471e+00
420684,9.0768221144361614e+03,3.9579338243210471e+00
420901,9.0768221144361614e+03,3.9579338243210471e+00
421117,9.0768221144361614e+03,3.9579338243210471e+00
421333,9.0768221144361614e+03,3.9579338243210471e+00
421549,9.0768221144361614e+03,3.9579338243210471e+00
421765,9.0768221144361614e+03,3.9579338243210471e+00
421981,9.0768221144361614e+03,3.9579338243210471e+00
422197,9.0768221144361614e+03,3.9579338243210471e+00
422413,9.0768221144361614e+03,3.9579338243210471e+00
422629,9.0768221144361614e+03,3.9579338243210471e+00
422844,9.0768221144361614e+03,3.9579338243210471e+00
423059,9.0768221144361614e+03,3.9579338243210471e+00
423274,9.0768221144361614e+03,3.9579338243210471e+00
423489,9.0768221144361614e+03,3.9579338243210471e+00
423704,9.0768221144361614e+03,3.9579338243210471e+00
423919,9.0768221144361614e+03,3.9579338243210471e+00
424134,9.0768221144361614e+03,3.9579338243210471e+00
424348,9.0768221144361614e+03,3.9579338243210471e+00
424562,9.0768221144361614e+03,3.9579338243210471e+00
424776,9.0768221144361614e+03,3.9579338243210471e+00
424990,9.0768221144361614e+03,3.9579338243210471e+00
425204,9.0768221144361614e+03,3.9579338243210471e+00
425418,9.0768221144361614e+03,3.9579338243210471e+00
425632,9.0768221144361614e+03,3.9579338243210471e+00
425845,9.0768221144361614e+03,3.9579338243210471e+00
426058,9.0768221144361614e+03,3.9579338243210471e+00
426271,9.0768221144361614e+03,3.9579338243210471e+00
426484,9.0768221144361614e+03,3.9579338243210471e+00
426697,9.0768221144361614e+03,3.9579338243210471e+00
426910,9.0768221144361614e+03,3.9579338243210471e+00
427123,9.0768221144361614e+03,3.9579338243210471e+00
427336,9.0768221144361614e+03,3.9579338243210471e+00
427548,9.0768221144361614e+03,3.9579338243210471e+00
427760,9.0768221144361614e+03,3.9579338243210471e+00
427972,9.0768221144361614e+03,3.9579338243210471e+00
428184,9.0768221144361614e+03,3.9579338243210471e+00
428396,9.0768221144361614e+03,3.9579338243210471e+00
428608,9.0768221144361614e+03,3.9579338243210471e+00
428820,9.0768221144361614e+03,3.9579338243210471e+00
429031,9.0768221144361614e+03,3.9579338243210471e+00
429242,9.0768221144361614e+03,3.9579338243210471e+00
429453,9.0768221144361614e+03,3.9579338243210471e+00
429664,9.0768221144361614e+03,3.9579338243210471e+00
429875,9.0768221144361614e+03,3.9579338243210471e+00
430086,9.0768221144361614e+03,3.9579338243210471e+00
430297,9.0768221144361614e+03,3.9579338243210471e+00
430508,9.0768221144361614e+03,3.9579338243210471e+00
430718,9.0768221144361614e+03,3.9579338243210471e+00
430928,9.0768221144361614e+03,3.9579338243210471e+00
431138,9.0768221144361614e+03,3.9579338243210471e+00
431348,9.0768221144361614e+03,3.9579338243210471e+00
431558,9.0768221144361614e+03,3.9579338243210471e+00
431768,9.0768221144361614e+03,3.9579338243210471e+00
431978,9.0768221144361614e+03,3.9579338243210471e+00
432187,9.0768221144361614e+03,3.9579338243210471e+00
432396,9.0768221144361614e+03,3.9579338243210471e+00
432605,9.0768221144361614e+03,3.9579338243210471e+00
432814,9.0768221144361614e+03,3.9579338243210471e+00
433023,9.0768221144361614e+03,3.9579338243210471e+00
433232,9.0768221144361614e+03,3.9579338243210471e+00
433441,9.0768221144361614e+03,3.9579338243210471e+00
433650,9.0768221144361614e+03,3.9579338243210471e+00
433858,9.0768221144361614e+03,3.9579338243210471e+00
434066,9.0768221144361614e+03,3.9579338243210471e+00
434274,9.0768221144361614e+03,3.9579338243210471e+00
434482,9.0768221144361614e+03,3.9579338243210471e+00
434690,9.0768221144361614e+03,3.9579338243210471e+00
434898,9.0768221144361614e+03,3.9579338243210471e+00
435106,9.0768221144361614e+03,3.9579338243210471e+00
435314,9.0768221144361614e+03,3.9579338243210471e+00
435521,9.0768221144361614e+03,3.9579338243210471e+00
435728,9.0768221144361614e+03,3.9579338243210471e+00
435935,9.0768221144361614e+03,3.9579338243210471e+00
436142,9.0768221144361614e+03,3.9579338243210471e+00
436349,9.0768221144361614e+03,3.9579338243210471e+00
436556,9.0768221144361614e+03,3.9579338243210471e+00
436763,9.0768221144361614e+03,3.9579338243210471e+00
436969,9.0768221144361614e+03,3.9579338243210471e+00
437175,9.0768221144361614e+03,3.9579338243210471e+00
437381,9.0768221144361614e+03,3.9579338243210471e+00
437587,9.0768221144361614e+03,3.9579338243210471e+00
437793,9.0768221144361614e+03,3.9579338243210471e+00
437999,9.0768221144361614e+03,3.9579338243210471e+00
438205,9.0768221144361614e+03,3.9579338243210471e+00
438411,9.0768221144361614e+03,3.9579338243210471e+00
438616,9.0768221144361614e+03,3.9579338243210471e+00
438821,9.0768221144361614e+03,3.9579338243210471e+00
439026,9.0768221144361614e+03,3.9579338243210471e+00
439231,9.0768221144361614e+03,3.9579338243210471e+00
439436,9.0768221144361614e+03,3.9579338243210471e+00
439641,9.0768221144361614e+03,3.9579338243210471e+00
439846,9.0768221144361614e+03,3.9579338243210471e+00
440051,9.0768221144361614e+03,3.9579338243210471e+00
440255,9.0768221144361614e+03,3.9579338243210471e+00
440459,9.0768221144361614e+03,3.9579338243210471e+00
440663,9.0768221144361614e+03,3.9579338243210471e+00
440867,9.0768221144361614e+03,3.9579338243210471e+00
441071,9.0768221144361614e+03,3.9579338243210471e+00
441275,9.0768221144361614e+03,3.9579338243210471e+00
441479,9.0768221144361614e+03,3.9579338243210471e+00
441683,9.0768221144361614e+03,3.9579338243210471e+00
441886,9.0768221144361614e+03,3.9579338243210471e+00
442089,9.0768221144361614e+03,3.9579338243210471e+00
442292,9.0768221144361614e+03,3.9579338243210471e+00
442495,9.0768221144361614e+03,3.9579338243210471e+00
442698,9.0768221144361614e+03,3.9579338243210471e+00
442901,9.0768221144361614e+03,3.9579338243210471e+00
443104,9.0768221144361614e+03,3.9579338243210471e+00
443307,9.0768221144361614e+03,3.9579338243210471e+00
443509,9.0768221144361614e+03,3.9579338243210471e+00
443711,9.0768221144361614e+03,3.9579338243210471e+00
443913,9.0768221144361614e+03,3.9579338243210471e+00
444115,9.0768221144361614e+03,3.9579338243210471e+00
444317,9.0768221144361614e+03,3.9579338243210471e+00
444519,9.0768221144361614e+03,3.9579338243210471e+00
444721,9.0768221144361614e+03,3.9579338243210471e+00
444923,9.0768221144361614e+03,3.9579338243210471e+00
445124,9.0768221144361614e+03,3.9579338243210471e+00
445325,9.0768221144361614e+03,3.9579338243210471e+00
445526,9.0768221144361614e+03,3.9579338243210471e+00
445727,9.0768221144361614e+03,3.9579338243210471e+00
445928,9.0768221144361614e+03,3.9579338243210471e+00
446129,9.0768221144361614e+03,3.9579338243210471e+00
446330,9.0768221144361614e+03,3.9579338243210471e+00
446531,9.0768221144361614e+03,3.9579338243210471e+00
446731,9.0768221144361614e+03,3.9579338243210471e+00
446931,9.0768221144361614e+03,3.9579338243210471e+00
447131,9.0768221144361614e+03,3.9579338243210471e+00
447331,9.0768221144361614e+03,3.9579338243210471e+00
447531,9.0768221144361614e+03,3.9579338243210471e+00
447731,9.0768221144361614e+03,3.9579338243210471e+00
447931,9.0768221144361614e+03,3.9579338243210471e+00
448131,9.0768221144361614e+03,3.9579338243210471e+00
448330,9.0768221144361614e+03,3.9579338243210471e+00
448529,9.0768221144361614e+03,3.9579338243210471e+00
448728,9.0768221144361614e+03,3.9579338243210471e+00
448927,9.0768221144361614e+03,3.9579338243210471e+00
449126,9.0768221144361614e+03,3.9579338243210471e+00
449325,9.0768221144361614e+03,3.9579338243210471e+00
449524,9.0768221144361614e+03,3.9579338243210471e+00
449723,9.0768221144361614e+03,3.9579338243210471e+00
449922,9.0768221144361614e+03,3.9579338243210471e+00
450120,9.0768221144361614e+03,3.9579338243210471e+00
450318,9.0768221144361614e+03,3.9579338243210471e+00
450516,9.0558233934449072e+03,3.9569279443212020e+00
450714,9.0558233934449072e+03,3.9569279443212020e+00
450912,9.0558233934449072e+03,3.9569279443212020e+00
451110,9.0558233934449072e+03,3.9569279443212020e+00
451308,9.0558233934449072e+03,3.9569279443212020e+00
451506,9.0558233934449072e+03,3.9569279443212020e+00
451703,9.0558233934449072e+03,3.9569279443212020e+00
451900,9.0558233934449072e+03,3.9569279443212020e+00
452097,9.0558233934449072e+03,3.9569279443212020e+00
452294,9.0558233934449072e+03,3.9569279443212020e+00
452491,9.0558233934449072e+03,3.9569279443212020e+00
452688,9.0558233934449072e+03,3.9569279443212020e+00
452885,9.0558233934449072e+03,3.9569279443212020e+00
453082,9.0558233934449072e+03,3.9569279443212020e+00
453278,9.0558233934449072e+03,3.9569279443212020e+00
453474,9.0558233934449072e+03,3.9569279443212020e+00
453670,9.0558233934449072e+03,3.9569279443212020e+00
453866,9.0558233934449072e+03,3.9569279443212020e+00
454062,9.0558233934449072e+03,3.9569279443212020e+00
454258,9.0558233934449072e+03,3.9569279443212020e+00
454454,9.0558233934449072e+03,3.9569279443212020e+00
454650,9.0558233934449072e+03,3.9569279443212020e+00
454846,9.0558233934449072e+03,3.9569279443212020e+00
455041,9.0558233934449072e+03,3.9569279443212020e+00
455236,9.0558233934449072e+03,3.9569279443212020e+00
455431,9.0558233934449072e+03,3.9569279443212020e+00
455626,9.0558233934449072e+03,3.9569279443212020e+00
455821,9.0558233934449072e+03,3.9569279443212020e+00
456016,9.0558233934449072e+03,3.9569279443212020e+00
456211,9.0558233934449072e+03,3.9569279443212020e+00
456406,9.0558233934449072e+03,3.9569279443212020e+00
456600,9.0558233934449072e+03,3.9569279443212020e+00
456794,9.0558233934449072e+03,3.9569279443212020e+00
456988,9.0558233934449072e+03,3.9569279443212020e+00
457182,9.0558233934449072e+03,3.9569279443212020e+00
457376,9.0558233934449072e+03,3.9569279443212020e+00
457570,9.0558233934449072e+03,3.9569279443212020e+00
457764,9.0558233934449072e+03,3.9569279443212020e+00
457958,9.0558233934449072e+03,3.9569279443212020e+00
458152,9.0558233934449072e+03,3.9569279443212020e+00
458345,9.0558233934449072e+03,3.9569279443212020e+00
458538,9.0558233934449072e+03,3.9569279443212020e+00
458731,9.0558233934449072e+03,3.9569279443212020e+00
458924,9.0558233934449072e+03,3.9569279443212020e+00
459117,9.0558233934449072e+03,3.9569279443212020e+00
459310,9.0558233934449072e+03,3.9569279443212020e+00
459503,9.0558233934449072e+03,3.9569279443212020e+00
459696,9.0558233934449072e+03,3.9569279443212020e+00
459888,9.0558233934449072e+03,3.9569279443212020e+00
460080,9.0558233934449072e+03,3.9569279443212020e+00
460272,9.0558233934449072e+03,3.9569279443212020e+00
460464,9.0558233934449072e+03,3.9569279443212020e+00
460656,9.0558233934449072e+03,3.9569279443212020e+00
460848,9.0558233934449072e+03,3.9569279443212020e+00
461040,9.0558233934449072e+03,3.9569279443212020e+00
461232,9.0558233934449072e+03,3.9569279443212020e+00
461424,9.0558233934449072e+03,3.9569279443212020e+00
461615,9.0558233934449072e+03,3.9569279443212020e+00
461806,9.0558233934449072e+03,3.9569279443212020e+00
461997,9.0558233934449072e+03,3.9569279443212020e+00
462188,9.0558233934449072e+03,3.9569279443212020e+00
462379,9.0558233934449072e+03,3.9569279443212020e+00
462570,9.0558233934449072e+03,3.9569279443212020e+00
462761,9.0558233934449072e+03,3.9569279443212020e+00
462952,9.0558233934449072e+03,3.9569279443212020e+00
463143,9.0558233934449072e+03,3.9569279443212020e+00
463333,9.0558233934449072e+03,3.9569279443212020e+00
463523,9.0558233934449072e+03,3.9569279443212020e+00
463713,9.0558233934449072e+03,3.9569279443212020e+00
463903,9.0558233934449072e+03,3.9569279443212020e+00
464093,9.0558233934449072e+03,3.9569279443212020e+00
464283,9.0558233934449072e+03,3.9569279443212020e+00
464473,9.0558233934449072e+03,3.9569279443212020e+00
464663,9.0558233934449072e+03,3.9569279443212020e+00
464853,9.0558233934449072e+03,3.9569279443212020e+00
465042,9.0558233934449072e+03,3.9569279443212020e+00
465231,9.0558233934449072e+03,3.9569279443212020e+00
465420,9.0558233934449072e+03,3.9569279443212020e+00
465609,9.0558233934449072e+03,3.9569279443212020e+00
465798,9.0558233934449072e+03,3.9569279443212020e+00
465987,9.0558233934449072e+03,3.9569279443212020e+00
466176,9.0558233934449072e+03,3.9569279443212020e+00
466365,9.0558233934449072e+03,3.9569279443212020e+00
466553,9.0558233934449072e+03,3.9569279443212020e+00
466741,9.0558233934449072e+03,3.9569279443212020e+00
466929,9.0558233934449072e+03,3.9569279443212020e+00
467117,9.0558233934449072e+03,3.9569279443212020e+00
467305,9.0558233934449072e+03,3.9569279443212020e+00
467493,9.0558233934449072e+03,3.9569279443212020e+00
467681,9.0558233934449072e+03,3.9569279443212020e+00
467869,9.0558233934449072e+03,3.9569279443212020e+00
468057,9.0558233934449072e+03,3.9569279443212020e+00
468244,9.0558233934449072e+03,3.9569279443212020e+00
468431,9.0558233934449072e+03,3.9569279443212020e+00
468618,9.0558233934449072e+03,3.9569279443212020e+00
468805,9.0558233934449072e+03,3.9569279443212020e+00
468992,9.0558233934449072e+03,3.9569279443212020e+00
469179,9.0558233934449072e+03,3.9569279443212020e+00
469366,9.0558233934449072e+03,3.9569279443212020e+00
469553,9.0558233934449072e+03,3.9569279443212020e+00
469740,9.0558233934449072e+03,3.9569279443212020e+00
469926,9.0558233934449072e+03,3.9569279443212020e+00
470112,9.0558233934449072e+03,3.9569279443212020e+00
470298,9.0558233934449072e+03,3.9569279443212020e+00
470484,9.0558233934449072e+03,3.9569279443212020e+00
470670,9.0558233934449072e+03,3.9569279443212020e+00
470856,9.0558233934449072e+03,3.9569279443212020e+00
471042,9.0558233934449072e+03,3.9569279443212020e+00
471228,9.0558233934449072e+03,3.9569279443212020e+00
471414,9.0558233934449072e+03,3.9569279443212020e+00
471600,9.0558233934449072e+03,3.9569279443212020e+00
471785,9.0558233934449072e+03,3.9569279443212020e+00
471970,9.0558233934449072e+03,3.9569279443212020e+00
472155,9.0558233934449072e+03,3.9569279443212020e+00
472340,9.0558233934449072e+03,3.9569279443212020e+00
472525,9.0558233934449072e+03,3.9569279443212020e+00
472710,9.0558233934449072e+03,3.9569279443212020e+00
472895,9.0558233934449072e+03,3.9569279443212020e+00
473080,9.0558233934449072e+03,3.9569279443212020e+00
473265,9.0558233934449072e+03,3.9569279443212020e+00
473449,9.0558233934449072e+03,3.9569279443212020e+00
473633,9.0558233934449072e+03,3.9569279443212020e+00
473817,9.0558233934449072e+03,3.9569279443212020e+00
474001,9.0558233934449072e+03,3.9569279443212020e+00
474185,9.0558233934449072e+03,3.9569279443212020e+00
474369,9.0558233934449072e+03,3.9569279443212020e+00
474553,9.0558233934449072e+03,3.9569279443212020e+00
474737,9.0558233934449072e+03,3.9569279443212020e+00
474921,9.0558233934449072e+03,3.9569279443212020e+00
475104,9.0558233934449072e+03,3.9569279443212020e+00
475287,9.0558233934449072e+03,3.9569279443212020e+00
475470,9.0558233934449072e+03,3.9569279443212020e+00
475653,9.0558233934449072e+03,3.9569279443212020e+00
475836,9.0558233934449072e+03,3.9569279443212020e+00
476019,9.0558233934449072e+03,3.9569279443212020e+00
476202,9.0558233934449072e+03,3.9569279443212020e+00
476385,9.0558233934449072e+03,3.9569279443212020e+00
476568,9.0558233934449072e+03,3.9569279443212020e+00
476750,9.0558233934449072e+03,3.9569279443212020e+00
476932,9.0558233934449072e+03,3.9569279443212020e+00
477114,9.0558233934449072e+03,3.9569279443212020e+00
477296,9.0558233934449072e+03,3.9569279443212020e+00
477478,9.0558233934449072e+03,3.9569279443212020e+00
477660,9.0558233934449072e+03,3.9569279443212020e+00
477842,9.0558233934449072e+03,3.9569279443212020e+00
478024,9.0558233934449072e+03,3.9569279443212020e+00
478206,9.0558233934449072e+03,3.9569279443212020e+00
478388,9.0558233934449072e+03,3.9569279443212020e+00
478569,9.0558233934449072e+03,3.9569279443212020e+00
478750,9.0558233934449072e+03,3.9569279443212020e+00
478931,9.0558233934449072e+03,3.9569279443212020e+00
479112,9.0558233934449072e+03,3.9569279443212020e+00
479293,9.0558233934449072e+03,3.9569279443212020e+00
479474,9.0558233934449072e+03,3.9569279443212020e+00
479655,9.0558233934449072e+03,3.9569279443212020e+00
479836,9.0558233934449072e+03,3.9569279443212020e+00
480017,9.0558233934449072e+03,3.9569279443212020e+00
480197,9.0558233934449072e+03,3.9569279443212020e+00
480377,9.0558233934449072e+03,3.9569279443212020e+00
480557,9.0558233934449072e+03,3.9569279443212020e+00
480737,9.0558233934449072e+03,3.9569279443212020e+00
480917,9.0558233934449072e+03,3.9569279443212020e+00
481097,9.0558233934449072e+03,3.9569279443212020e+00
481277,9.0558233934449072e+03,3.9569279443212020e+00
481457,9.0558233934449072e+03,3.9569279443212020e+00
481637,9.0558233934449072e+03,3.9569279443212020e+00
481817,9.0558233934449072e+03,3.9569279443212020e+00
481996,9.0558233934449072e+03,3.9569279443212020e+00
482175,9.0558233934449072e+03,3.9569279443212020e+00
482354,9.0558233934449072e+03,3.9569279443212020e+00
482533,9.0558233934449072e+03,3.9569279443212020e+00
482712,9.0558233934449072e+03,3.9569279443212020e+00
482891,9.0558233934449072e+03,3.9569279443212020e+00
483070,9.0558233934449072e+03,3.9569279443212020e+00
483249,9.0558233934449072e+03,3.9569279443212020e+00
483428,9.0558233934449072e+03,3.9569279443212020e+00
483607,9.0558233934449072e+03,3.9569279443212020e+00
483785,9.0558233934449072e+03,3.9569279443212020e+00
483963,9.0558233934449072e+03,3.9569279443212020e+00
484141,9.0558233934449072e+03,3.9569279443212020e+00
484319,9.0558233934449072e+03,3.9569279443212020e+00
484497,9.0558233934449072e+03,3.9569279443212020e+00
484675,9.0558233934449072e+03,3.9569279443212020e+00
484853,9.0558233934449072e+03,3.9569279443212020e+00
485031,9.0558233934449072e+03,3.9569279443212020e+00
485209,9.0558233934449072e+03,3.9569279443212020e+00
485386,9.0558233934449072e+03,3.9569279443212020e+00
485563,9.0558233934449072e+03,3.9569279443212020e+00
485740,9.0558233934449072e+03,3.9569279443212020e+00
485917,9.0558233934449072e+03,3.9569279443212020e+00
486094,9.0558233934449072e+03,3.9569279443212020e+00
486271,9.0558233934449072e+03,3.9569279443212020e+00
486448,9.0558233934449072e+03,3.9569279443212020e+00
486625,9.0558233934449072e+03,3.9569279443212020e+00
486802,9.0558233934449072e+03,3.9569279443212020e+00
486979,9.0558233934449072e+03,3.9569279443212020e+00
487155,9.0558233934449072e+03,3.9569279443212020e+00
487331,9.0558233934449072e+03,3.9569279443212020e+00
487507,9.0558233934449072e+03,3.9569279443212020e+00
487683,9.0558233934449072e+03,3.9569279443212020e+00
487859,9.0558233934449072e+03,3.9569279443212020e+00
488035,9.0558233934449072e+03,3.9569279443212020e+00
488211,9.0558233934449072e+03,3.9569279443212020e+00
488387,9.0558233934449072e+03,3.9569279443212020e+00
488563,9.0558233934449072e+03,3.9569279443212020e+00
488739,9.0558233934449072e+03,3.9569279443212020e+00
488914,9.0558233934449072e+03,3.9569279443212020e+00
489089,9.0558233934449072e+03,3.9569279443212020e+00
489264,9.0558233934449072e+03,3.9569279443212020e+00
489439,9.0558233934449072e+03,3.9569279443212020e+00
489614,9.0558233934449072e+03,3.9569279443212020e+00
489789,8.9024591752702145e+03,3.9495099907713938e+00
489964,8.9024591752702145e+03,3.9495099907713938e+00
490139,8.9024591752702145e+03,3.9495099907713938e+00
490314,8.9024591752702145e+03,3.9495099907713938e+00
490489,8.9024591752702145e+03,3.9495099907713938e+00
490663,8.9024591752702145e+03,3.9495099907713938e+00
490837,8.9024591752702145e+03,3.9495099907713938e+00
491011,8.9024591752702145e+03,3.9495099907713938e+00
491185,8.9024591752702145e+03,3.9495099907713938e+00
491359,8.9024591752702145e+03,3.9495099907713938e+00
491533,8.9024591752702145e+03,3.9495099907713938e+00
491707,8.9024591752702145e+03,3.9495099907713938e+00
491881,8.9024591752702145e+03,3.9495099907713938e+00
492055,8.9024591752702145e+03,3.9495099907713938e+00
492229,8.9024591752702145e+03,3.9495099907713938e+00
492402,8.9024591752702145e+03,3.9495099907713938e+00
492575,8.9024591752702145e+03,3.9495099907713938e+00
492748,8.9024591752702145e+03,3.9495099907713938e+00
492921,8.9024591752702145e+03,3.9495099907713938e+00
493094,8.9024591752702145e+03,3.9495099907713938e+00
493267,8.9024591752702145e+03,3.9495099907713938e+00
493440,8.9024591752702145e+03,3.9495099907713938e+00
493613,8.9024591752702145e+03,3.9495099907713938e+00
493786,8.9024591752702145e+03,3.9495099907713938e+00
493959,8.9024591752702145e+03,3.9495099907713938e+00
494131,8.9024591752702145e+03,3.9495099907713938e+00
494303,8.9024591752702145e+03,3.9495099907713938e+00
494475,8.9024591752702145e+03,3.9495099907713938e+00
494647,8.9024591752702145e+03,3.9495099907713938e+00
494819,8.9024591752702145e+03,3.9495099907713938e+00
494991,8.9024591752702145e+03,3.9495099907713938e+00
495163,8.9024591752702145e+03,3.9495099907713938e+00
495335,8.9024591752702145e+03,3.9495099907713938e+00
495507,8.9024591752702145e+03,3.9495099907713938e+00
495679,8.9024591752702145e+03,3.9495099907713938e+00
495851,8.9024591752702145e+03,3.9495099907713938e+00
496022,8.9024591752702145e+03,3.9495099907713938e+00
496193,8.9024591752702145e+03,3.9495099907713938e+00
496364,8.9024591752702145e+03,3.9495099907713938e+00
496535,8.9024591752702145e+03,3.9495099907713938e+00
496706,8.9024591752702145e+03,3.9495099907713938e+00
496877,8.9024591752702145e+03,3.9495099907713938e+00
497048,8.9024591752702145e+03,3.9495099907713938e+00
497219,8.9024591752702145e+03,3.9495099907713938e+00
497390,8.9024591752702145e+03,3.9495099907713938e+00
497561,8.9024591752702145e+03,3.9495099907713938e+00
497731,8.9024591752702145e+03,3.9495099907713938e+00
497901,8.9024591752702145e+03,3.9495099907713938e+00
498071,8.9024591752702145e+03,3.9495099907713938e+00
498241,8.9024591752702145e+03,3.9495099907713938e+00
498411,8.9024591752702145e+03,3.9495099907713938e+00
498581,8.9024591752702145e+03,3.9495099907713938e+00
498751,8.9024591752702145e+03,3.9495099907713938e+00
498921,8.9024591752702145e+03,3.9495099907713938e+00
499091,8.9024591752702145e+03,3.9495099907713938e+00
499261,8.9024591752702145e+03,3.9495099907713938e+00
499430,8.9024591752702145e+03,3.9495099907713938e+00
499599,8.9024591752702145e+03,3.9495099907713938e+00
499768,8.9024591752702145e+03,3.9495099907713938e+00
499937,8.9024591752702145e+03,3.9495099907713938e+00
500106,8.9024591752702145e+03,3.9495099907713938e+00
500275,8.9024591752702145e+03,3.9495099907713938e+00
500444,8.9024591752702145e+03,3.9495099907713938e+00
500613,8.9024591752702145e+03,3.9495099907713938e+00
500782,8.9024591752702145e+03,3.9495099907713938e+00
500951,8.9024591752702145e+03,3.9495099907713938e+00
501120,8.9024591752702145e+03,3.9495099907713938e+00
501288,8.9024591752702145e+03,3.9495099907713938e+00
501456,8.9024591752702145e+03,3.9495099907713938e+00
501624,8.9024591752702145e+03,3.9495099907713938e+00
501792,8.9024591752702145e+03,3.9495099907713938e+00
501960,8.9024591752702145e+03,3.9495099907713938e+00
502128,8.9024591752702145e+03,3.9495099907713938e+00
502296,8.9024591752702145e+03,3.9495099907713938e+00
502464,8.9024591752702145e+03,3.9495099907713938e+00
502632,8.9024591752702145e+03,3.9495099907713938e+00
502800,8.9024591752702145e+03,3.9495099907713938e+00
502968,8.9024591752702145e+03,3.9495099907713938e+00
503135,8.9024591752702145e+03,3.9495099907713938e+00
503302,8.9024591752702145e+03,3.9495099907713938e+00
503469,8.9024591752702145e+03,3.9495099907713938e+00
503636,8.9024591752702145e+03,3.9495099907713938e+00
503803,8.9024591752702145e+03,3.9495099907713938e+00
503970,8.9024591752702145e+03,3.9495099907713938e+00
504137,8.9024591752702145e+03,3.9495099907713938e+00
504304,8.9024591752702145e+03,3.9495099907713938e+00
504471,8.9024591752702145e+03,3.9495099907713938e+00
504638,8.9024591752702145e+03,3.9495099907713938e+00
504804,8.9024591752702145e+03,3.9495099907713938e+00
504970,8.9024591752702145e+03,3.9495099907713938e+00
505136,8.9024591752702145e+03,3.9495099907713938e+00
505302,8.9024591752702145e+03,3.9495099907713938e+00
505468,8.9024591752702145e+03,3.9495099907713938e+00
505634,8.9024591752702145e+03,3.9495099907713938e+00
505800,8.9024591752702145e+03,3.9495099907713938e+00
505966,8.9024591752702145e+03,3.9495099907713938e+00
506132,8.9024591752702145e+03,3.9495099907713938e+00
506298,8.9024591752702145e+03,3.9495099907713938e+00
506464,8.9024591752702145e+03,3.9495099907713938e+00
506629,8.9024591752702145e+03,3.9495099907713938e+00
506794,8.9024591752702145e+03,3.9495099907713938e+00
506959,8.9024591752702145e+03,3.9495099907713938e+00
507124,8.9024591752702145e+03,3.9495099907713938e+00
507289,8.9024591752702145e+03,3.9495099907713938e+00
507454,8.9024591752702145e+03,3.9495099907713938e+00
507619,8.9024591752702145e+03,3.9495099907713938e+00
507784,8.9024591752702145e+03,3.9495099907713938e+00
507949,8.9024591752702145e+03,3.9495099907713938e+00
508114,8.9024591752702145e+03,3.9495099907713938e+00
508279,8.9024591752702145e+03,3.9495099907713938e+00
508443,8.9024591752702145e+03,3.9495099907713938e+00
508607,8.9024591752702145e+03,3.9495099907713938e+00
508771,8.9024591752702145e+03,3.9495099907713938e+00
508935,8.9024591752702145e+03,3.9495099907713938e+00
509099,8.9024591752702145e+03,3.9495099907713938e+00
509263,8.9024591752702145e+03,3.9495099907713938e+00
509427,8.9024591752702145e+03,3.9495099907713938e+00
509591,8.9024591752702145e+03,3.9495099907713938e+00
509755,8.9024591752702145e+03,3.9495099907713938e+00
509919,8.9024591752702145e+03,3.9495099907713938e+00
510083,8.9024591752702145e+03,3.9495099907713938e+00
510246,8.8340455146551722e+03,3.9461596324945556e+00
510409,8.8340455146551722e+03,3.9461596324945556e+00
510572,8.8340455146551722e+03,3.9461596324945556e+00
510735,8.8340455146551722e+03,3.9461596324945556e+00
510898,8.8340455146551722e+03,3.9461596324945556e+00
511061,8.8340455146551722e+03,3.9461596324945556e+00
511224,8.8340455146551722e+03,3.9461596324945556e+00
511387,8.8340455146551722e+03,3.9461596324945556e+00
511550,8.8340455146551722e+03,3.9461596324945556e+00
511713,8.8340455146551722e+03,3.9461596324945556e+00
511876,8.8340455146551722e+03,3.9461596324945556e+00
512038,8.8340455146551722e+03,3.9461596324945556e+00
512200,8.8340455146551722e+03,3.9461596324945556e+00
512362,8.8340455146551722e+03,3.9461596324945556e+00
512524,8.8340455146551722e+03,3.9461596324945556e+00
512686,8.8340455146551722e+03,3.9461596324945556e+00
512848,8.8340455146551722e+03,3.9461596324945556e+00
513010,8.8340455146551722e+03,3.9461596324945556e+00
513172,8.8340455146551722e+03,3.9461596324945556e+00
513334,8.8340455146551722e+03,3.9461596324945556e+00
513496,8.8340455146551722e+03,3.9461596324945556e+00
513658,8.8340455146551722e+03,3.9461596324945556e+00
513820,8.8340455146551722e+03,3.9461596324945556e+00
513981,8.8340455146551722e+03,3.9461596324945556e+00
514142,8.8340455146551722e+03,3.9461596324945556e+00
514303,8.8340455146551722e+03,3.9461596324945556e+00
514464,8.8340455146551722e+03,3.9461596324945556e+00
514625,8.8340455146551722e+03,3.9461596324945556e+00
514786,8.8340455146551722e+03,3.9461596324945556e+00
514947,8.8340455146551722e+03,3.9461596324945556e+00
515108,8.8340455146551722e+03,3.9461596324945556e+00
515269,8.8340455146551722e+03,3.9461596324945556e+00
515430,8.8340455146551722e+03,3.9461596324945556e+00
515591,8.8340455146551722e+03,3.9461596324945556e+00
515751,8.8340455146551722e+03,3.9461596324945556e+00
515911,8.8340455146551722e+03,3.9461596324945556e+00
516071,8.8340455146551722e+03,3.9461596324945556e+00
516231,8.8340455146551722e+03,3.9461596324945556e+00
516391,8.8340455146551722e+03,3.9461596324945556e+00
516551,8.8340455146551722e+03,3.9461596324945556e+00
516711,8.8340455146551722e+03,3.9461596324945556e+00
516871,8.8340455146551722e+03,3.9461596324945556e+00
517031,8.8340455146551722e+03,3.9461596324945556e+00
517191,8.8340455146551722e+03,3.9461596324945556e+00
517351,8.8340455146551722e+03,3.9461596324945556e+00
517511,8.8340455146551722e+03,3.9461596324945556e+00
517670,8.8340455146551722e+03,3.9461596324945556e+00
517829,8.8340455146551722e+03,3.9461596324945556e+00
517988,8.8340455146551722e+03,3.9461596324945556e+00
518147,8.8340455146551722e+03,3.9461596324945556e+00
518306,8.8340455146551722e+03,3.9461596324945556e+00
518465,8.8340455146551722e+03,3.9461596324945556e+00
518624,8.8340455146551722e+03,3.9461596324945556e+00
518783,8.8340455146551722e+03,3.9461596324945556e+00
518942,8.8340455146551722e+03,3.9461596324945556e+00
519101,8.8340455146551722e+03,3.9461596324945556e+00
519260,8.8340455146551722e+03,3.9461596324945556e+00
519418,8.8340455146551722e+03,3.9461596324945556e+00
519576,8.8340455146551722e+03,3.9461596324945556e+00
519734,8.8340455146551722e+03,3.9461596324945556e+00
519892,8.8340455146551722e+03,3.9461596324945556e+00
520050,8.8340455146551722e+03,3.9461596324945556e+00
520208,8.8340455146551722e+03,3.9461596324945556e+00
520366,8.8340455146551722e+03,3.9461596324945556e+00
520524,8.8340455146551722e+03,3.9461596324945556e+00
520682,8.8340455146551722e+03,3.9461596324945556e+00
520840,8.8340455146551722e+03,3.9461596324945556e+00
520998,8.8340455146551722e+03,3.9461596324945556e+00
521156,8.8340455146551722e+03,3.9461596324945556e+00
521313,8.8340455146551722e+03,3.9461596324945556e+00
521470,8.8340455146551722e+03,3.9461596324945556e+00
521627,8.8340455146551722e+03,3.9461596324945556e+00
521784,8.8340455146551722e+03,3.9461596324945556e+00
521941,8.8340455146551722e+03,3.9461596324945556e+00
522098,8.8340455146551722e+03,3.9461596324945556e+00
522255,8.8340455146551722e+03,3.9461596324945556e+00
522412,8.8340455146551722e+03,3.9461596324945556e+00
522569,8.8340455146551722e+03,3.9461596324945556e+00
522726,8.8340455146551722e+03,3.9461596324945556e+00
522883,8.8340455146551722e+03,3.9461596324945556e+00
523040,8.8340455146551722e+03,3.9461596324945556e+00
523196,8.8340455146551722e+03,3.9461596324945556e+00
523352,8.8340455146551722e+03,3.9461596324945556e+00
523508,8.8340455146551722e+03,3.9461596324945556e+00
523664,8.8340455146551722e+03,3.9461596324945556e+00
523820,8.8340455146551722e+03,3.9461596324945556e+00
523976,8.8340455146551722e+03,3.9461596324945556e+00
524132,8.8340455146551722e+03,3.9461596324945556e+00
524288,8.8340455146551722e+03,3.9461596324945556e+00
524444,8.8340455146551722e+03,3.9461596324945556e+00
524600,8.8340455146551722e+03,3.9461596324945556e+00
524756,8.8340455146551722e+03,3.9461596324945556e+00
524912,8.8340455146551722e+03,3.9461596324945556e+00
525067,8.8340455146551722e+03,3.9461596324945556e+00
525222,8.8340455146551722e+03,3.9461596324945556e+00
525377,8.8340455146551722e+03,3.9461596324945556e+00
525532,8.8340455146551722e+03,3.9461596324945556e+00
525687,8.8340455146551722e+03,3.9461596324945556e+00
525842,8.8340455146551722e+03,3.9461596324945556e+00
525997,8.8340455146551722e+03,3.9461596324945556e+00
526152,8.8340455146551722e+03,3.9461596324945556e+00
526307,8.8340455146551722e+03,3.9461596324945556e+00
526462,8.8340455146551722e+03,3.9461596324945556e+00
526617,8.8340455146551722e+03,3.9461596324945556e+00
526772,8.8340455146551722e+03,3.9461596324945556e+00
526926,8.8340455146551722e+03,3.9461596324945556e+00
527080,8.8340455146551722e+03,3.9461596324945556e+00
527234,8.8340455146551722e+03,3.9461596324945556e+00
527388,8.7099011190205747e+03,3.9400132246164472e+00
527542,8.7099011190205747e+03,3.9400132246164472e+00
527696,8.7099011190205747e+03,3.9400132246164472e+00
527850,8.7099011190205747e+03,3.9400132246164472e+00
528004,8.7099011190205747e+03,3.9400132246164472e+00
528158,8.7099011190205747e+03,3.9400132246164472e+00
528312,8.7099011190205747e+03,3.9400132246164472e+00
528466,8.7099011190205747e+03,3.9400132246164472e+00
528620,8.7099011190205747e+03,3.9400132246164472e+00
528773,8.7099011190205747e+03,3.9400132246164472e+00
528926,8.7099011190205747e+03,3.9400132246164472e+00
529079,8.7099011190205747e+03,3.9400132246164472e+00
529232,8.7099011190205747e+03,3.9400132246164472e+00
529385,8.7099011190205747e+03,3.9400132246164472e+00
529538,8.7099011190205747e+03,3.9400132246164472e+00
529691,8.7099011190205747e+03,3.9400132246164472e+00
529844,8.7099011190205747e+03,3.9400132246164472e+00
529997,8.7099011190205747e+03,3.9400132246164472e+00
530150,8.7099011190205747e+03,3.9400132246164472e+00
530303,8.7099011190205747e+03,3.9400132246164472e+00
530456,8.7099011190205747e+03,3.9400132246164472e+00
530608,8.7099011190205747e+03,3.9400132246164472e+00
530760,8.7099011190205747e+03,3.9400132246164472e+00
530912,8.7099011190205747e+03,3.9400132246164472e+00
531064,8.7099011190205747e+03,3.9400132246164472e+00
531216,8.7099011190205747e+03,3.9400132246164472e+00
531368,8.7099011190205747e+03,3.9400132246164472e+00
531520,8.7099011190205747e+03,3.9400132246164472e+00
531672,8.7099011190205747e+03,3.9400132246164472e+00
531824,8.7099011190205747e+03,3.9400132246164472e+00
531976,8.7099011190205747e+03,3.9400132246164472e+00
532128,8.7099011190205747e+03,3.9400132246164472e+00
532280,8.7099011190205747e+03,3.9400132246164472e+00
532432,8.7099011190205747e+03,3.9400132246164472e+00
532583,8.7099011190205747e+03,3.9400132246164472e+00
532734,8.7099011190205747e+03,3.9400132246164472e+00
532885,8.7099011190205747e+03,3.9400132246164472e+00
533036,8.7099011190205747e+03,3.9400132246164472e+00
533187,8.7099011190205747e+03,3.9400132246164472e+00
533338,8.7099011190205747e+03,3.9400132246164472e+00
533489,8.7099011190205747e+03,3.9400132246164472e+00
533640,8.7099011190205747e+03,3.9400132246164472e+00
533791,8.7099011190205747e+03,3.9400132246164472e+00
533942,8.7099011190205747e+03,3.9400132246164472e+00
534093,8.7099011190205747e+03,3.9400132246164472e+00
534244,8.7099011190205747e+03,3.9400132246164472e+00
534395,8.7099011190205747e+03,3.9400132246164472e+00
534545,8.7099011190205747e+03,3.9400132246164472e+00
534695,8.7099011190205747e+03,3.9400132246164472e+00
534845,8.7099011190205747e+03,3.9400132246164472e+00
534995,8.7099011190205747e+03,3.9400132246164472e+00
535145,8.7099011190205747e+03,3.9400132246164472e+00
535295,8.7099011190205747e+03,3.9400132246164472e+00
535445,8.7099011190205747e+03,3.9400132246164472e+00
535595,8.7099011190205747e+03,3.9400132246164472e+00
535745,8.7099011190205747e+03,3.9400132246164472e+00
535895,8.7099011190205747e+03,3.9400132246164472e+00
536045,8.7099011190205747e+03,3.9400132246164472e+00
536195,8.7099011190205747e+03,3.9400132246164472e+00
536344,8.7099011190205747e+03,3.9400132246164472e+00
536493,8.7099011190205747e+03,3.9400132246164472e+00
536642,8.7099011190205747e+03,3.9400132246164472e+00
536791,8.7099011190205747e+03,3.9400132246164472e+00
536940,8.7099011190205747e+03,3.9400132246164472e+00
537089,8.7099011190205747e+03,3.9400132246164472e+00
537238,8.7099011190205747e+03,3.9400132246164472e+00
537387,8.7099011190205747e+03,3.9400132246164472e+00
537536,8.7099011190205747e+03,3.9400132246164472e+00
537685,8.7099011190205747e+03,3.9400132246164472e+00
537834,8.7099011190205747e+03,3.9400132246164472e+00
537983,8.7099011190205747e+03,3.9400132246164472e+00
538132,8.7099011190205747e+03,3.9400132246164472e+00
538280,8.7099011190205747e+03,3.9400132246164472e+00
538428,8.7099011190205747e+03,3.9400132246164472e+00
538576,8.7099011190205747e+03,3.9400132246164472e+00
538724,8.7099011190205747e+03,3.9400132246164472e+00
538872,8.7099011190205747e+03,3.9400132246164472e+00
539020,8.7099011190205747e+03,3.9400132246164472e+00
539168,8.7099011190205747e+03,3.9400132246164472e+00
539316,8.7099011190205747e+03,3.9400132246164472e+00
539464,8.7099011190205747e+03,3.9400132246164472e+00
539612,8.7099011190205747e+03,3.9400132246164472e+00
539760,8.7099011190205747e+03,3.9400132246164472e+00
539908,8.7099011190205747e+03,3.9400132246164472e+00
540056,8.7099011190205747e+03,3.9400132246164472e+00
540203,8.7099011190205747e+03,3.9400132246164472e+00
540350,8.7099011190205747e+03,3.9400132246164472e+00
540497,8.7099011190205747e+03,3.9400132246164472e+00
540644,8.7099011190205747e+03,3.9400132246164472e+00
540791,8.7099011190205747e+03,3.9400132246164472e+00
540938,8.7099011190205747e+03,3.9400132246164472e+00
541085,8.7099011190205747e+03,3.9400132246164472e+00
541232,8.7099011190205747e+03,3.9400132246164472e+00
541379,8.7099011190205747e+03,3.9400132246164472e+00
541526,8.7099011190205747e+03,3.9400132246164472e+00
541673,8.7099011190205747e+03,3.9400132246164472e+00
541820,8.7099011190205747e+03,3.9400132246164472e+00
541967,8.6976954186360617e+03,3.9394041951985148e+00
542113,8.6976954186360617e+03,3.9394041951985148e+00
542259,8.6976954186360617e+03,3.9394041951985148e+00
542405,8.6976954186360617e+03,3.9394041951985148e+00
542551,8.6976954186360617e+03,3.9394041951985148e+00
542697,8.6976954186360617e+03,3.9394041951985148e+00
542843,8.6976954186360617e+03,3.9394041951985148e+00
542989,8.6976954186360617e+03,3.9394041951985148e+00
543135,8.6976954186360617e+03,3.9394041951985148e+00
543281,8.6976954186360617e+03,3.9394041951985148e+00
543427,8.6976954186360617e+03,3.9394041951985148e+00
543573,8.6976954186360617e+03,3.9394041951985148e+00
543719,8.6976954186360617e+03,3.9394041951985148e+00
543865,8.6976954186360617e+03,3.9394041951985148e+00
544011,8.6976954186360617e+03,3.9394041951985148e+00
544156,8.6976954186360617e+03,3.9394041951985148e+00
544301,8.6976954186360617e+03,3.9394041951985148e+00
544446,8.6976954186360617e+03,3.9394041951985148e+00
544591,8.6976954186360617e+03,3.9394041951985148e+00
544736,8.6976954186360617e+03,3.9394041951985148e+00
544881,8.6976954186360617e+03,3.9394041951985148e+00
545026,8.6976954186360617e+03,3.9394041951985148e+00
545171,8.6976954186360617e+03,3.9394041951985148e+00
545316,8.6976954186360617e+03,3.9394041951985148e+00
545461,8.6976954186360617e+03,3.9394041951985148e+00
545606,8.6976954186360617e+03,3.9394041951985148e+00
545751,8.6976954186360617e+03,3.9394041951985148e+00
545896,8.6976954186360617e+03,3.9394041951985148e+00
546040,8.6976954186360617e+03,3.9394041951985148e+00
546184,8.6976954186360617e+03,3.9394041951985148e+00
546328,8.6976954186360617e+03,3.9394041951985148e+00
546472,8.6976954186360617e+03,3.9394041951985148e+00
546616,8.6976954186360617e+03,3.9394041951985148e+00
546760,8.6976954186360617e+03,3.9394041951985148e+00
546904,8.6976954186360617e+03,3.9394041951985148e+00
547048,8.6976954186360617e+03,3.9394041951985148e+00
547192,8.6976954186360617e+03,3.9394041951985148e+00
547336,8.6976954186360617e+03,3.9394041951985148e+00
547480,8.6976954186360617e+03,3.9394041951985148e+00
547624,8.6976954186360617e+03,3.9394041951985148e+00
547768,8.6976954186360617e+03,3.9394041951985148e+00
547912,8.6976954186360617e+03,3.9394041951985148e+00
548055,8.6976954186360617e+03,3.9394041951985148e+00
548198,8.6976954186360617e+03,3.9394041951985148e+00
548341,8.6976954186360617e+03,3.9394041951985148e+00
548484,8.6976954186360617e+03,3.9394041951985148e+00
548627,8.6976954186360617e+03,3.9394041951985148e+00
548770,8.6976954186360617e+03,3.9394041951985148e+00
548913,8.6976954186360617e+03,3.9394041951985148e+00
549056,8.6976954186360617e+03,3.9394041951985148e+00
549199,8.6976954186360617e+03,3.9394041951985148e+00
549342,8.6976954186360617e+03,3.9394041951985148e+00
549485,8.6976954186360617e+03,3.9394041951985148e+00
549628,8.6976954186360617e+03,3.9394041951985148e+00
549771,8.6976954186360617e+03,3.9394041951985148e+00
549914,8.6976954186360617e+03,3.9394041951985148e+00
550056,8.6976954186360617e+03,3.9394041951985148e+00
550198,8.6976954186360617e+03,3.9394041951985148e+00
550340,8.6976954186360617e+03,3.9394041951985148e+00
550482,8.6976954186360617e+03,3.9394041951985148e+00
550624,8.6976954186360617e+03,3.9394041951985148e+00
550766,8.6976954186360617e+03,3.9394041951985148e+00
550908,8.6976954186360617e+03,3.9394041951985148e+00
551050,8.6976954186360617e+03,3.9394041951985148e+00
551192,8.6976954186360617e+03,3.9394041951985148e+00
551334,8.6976954186360617e+03,3.9394041951985148e+00
551476,8.6976954186360617e+03,3.9394041951985148e+00
551618,8.6976954186360617e+03,3.9394041951985148e+00
551760,8.6976954186360617e+03,3.9394041951985148e+00
551902,8.6976954186360617e+03,3.9394041951985148e+00
552043,8.6976954186360617e+03,3.9394041951985148e+00
552184,8.6976954186360617e+03,3.9394041951985148e+00
552325,8.6976954186360617e+03,3.9394041951985148e+00
552466,8.6976954186360617e+03,3.9394041951985148e+00
552607,8.6976954186360617e+03,3.9394041951985148e+00
552748,8.6976954186360617e+03,3.9394041951985148e+00
552889,8.6976954186360617e+03,3.9394041951985148e+00
553030,8.6976954186360617e+03,3.9394041951985148e+00
553171,8.6976954186360617e+03,3.9394041951985148e+00
553312,8.6976954186360617e+03,3.9394041951985148e+00
553453,8.6976954186360617e+03,3.9394041951985148e+00
553594,8.6976954186360617e+03,3.9394041951985148e+00
553735,8.6976954186360617e+03,3.9394041951985148e+00
553876,8.6976954186360617e+03,3.9394041951985148e+00
554016,8.6976954186360617e+03,3.9394041951985148e+00
554156,8.6976954186360617e+03,3.9394041951985148e+00
554296,8.6976954186360617e+03,3.9394041951985148e+00
554436,8.6976954186360617e+03,3.9394041951985148e+00
554576,8.6976954186360617e+03,3.9394041951985148e+00
554716,8.6976954186360617e+03,3.9394041951985148e+00
554856,8.6976954186360617e+03,3.9394041951985148e+00
554996,8.6976954186360617e+03,3.9394041951985148e+00
555136,8.6976954186360617e+03,3.9394041951985148e+00
555276,8.6976954186360617e+03,3.9394041951985148e+00
555416,8.6976954186360617e+03,3.9394041951985148e+00
555556,8.6976954186360617e+03,3.9394041951985148e+00
555696,8.6976954186360617e+03,3.9394041951985148e+00
555836,8.6976954186360617e+03,3.9394041951985148e+00
555975,8.6976954186360617e+03,3.9394041951985148e+00
556114,8.6976954186360617e+03,3.9394041951985148e+00
556253,8.6976954186360617e+03,3.9394041951985148e+00
556392,8.6976954186360617e+03,3.9394041951985148e+00
556531,8.6976954186360617e+03,3.9394041951985148e+00
556670,8.6976954186360617e+03,3.9394041951985148e+00
556809,8.6976954186360617e+03,3.9394041951985148e+00
556948,8.6976954186360617e+03,3.9394041951985148e+00
557087,8.6976954186360617e+03,3.9394041951985148e+00
557226,8.6976954186360617e+03,3.9394041951985148e+00
557365,8.6976954186360617e+03,3.9394041951985148e+00
557504,8.6976954186360617e+03,3.9394041951985148e+00
557643,8.6976954186360617e+03,3.9394041951985148e+00
557782,8.6976954186360617e+03,3.9394041951985148e+00
557920,8.6976954186360617e+03,3.9394041951985148e+00
558058,8.6976954186360617e+03,3.9394041951985148e+00
558196,8.6976954186360617e+03,3.9394041951985148e+00
558334,8.6976954186360617e+03,3.9394041951985148e+00
558472,8.6976954186360617e+03,3.9394041951985148e+00
558610,8.6976954186360617e+03,3.9394041951985148e+00
558748,8.6976954186360617e+03,3.9394041951985148e+00
558886,8.6976954186360617e+03,3.9394041951985148e+00
559024,8.6976954186360617e+03,3.9394041951985148e+00
559162,8.6976954186360617e+03,3.9394041951985148e+00
559300,8.6976954186360617e+03,3.9394041951985148e+00
559438,8.6976954186360617e+03,3.9394041951985148e+00
559576,8.6976954186360617e+03,3.9394041951985148e+00
559714,8.6976954186360617e+03,3.9394041951985148e+00
559852,8.6976954186360617e+03,3.9394041951985148e+00
559989,8.6976954186360617e+03,3.9394041951985148e+00
560126,8.6976954186360617e+03,3.9394041951985148e+00
560263,8.6976954186360617e+03,3.9394041951985148e+00
560400,8.6976954186360617e+03,3.9394041951985148e+00
560537,8.6976954186360617e+03,3.9394041951985148e+00
560674,8.6976954186360617e+03,3.9394041951985148e+00
560811,8.6976954186360617e+03,3.9394041951985148e+00
560948,8.6976954186360617e+03,3.9394041951985148e+00
561085,8.6976954186360617e+03,3.9394041951985148e+00
561222,8.6976954186360617e+03,3.9394041951985148e+00
561359,8.6976954186360617e+03,3.9394041951985148e+00
561496,8.6976954186360617e+03,3.9394041951985148e+00
561633,8.6976954186360617e+03,3.9394041951985148e+00
561770,8.6976954186360617e+03,3.9394041951985148e+00
561907,8.6976954186360617e+03,3.9394041951985148e+00
562043,8.6976954186360617e+03,3.9394041951985148e+00
562179,8.6976954186360617e+03,3.9394041951985148e+00
562315,8.6976954186360617e+03,3.9394041951985148e+00
562451,8.6976954186360617e+03,3.9394041951985148e+00
562587,8.6976954186360617e+03,3.9394041951985148e+00
562723,8.6976954186360617e+03,3.9394041951985148e+00
562859,8.6976954186360617e+03,3.9394041951985148e+00
562995,8.6976954186360617e+03,3.9394041951985148e+00
563131,8.6976954186360617e+03,3.9394041951985148e+00
563267,8.6197261919163029e+03,3.9354934705545865e+00
563403,8.6197261919163029e+03,3.9354934705545865e+00
563539,8.6197261919163029e+03,3.9354934705545865e+00
563675,8.6197261919163029e+03,3.9354934705545865e+00
563811,8.6197261919163029e+03,3.9354934705545865e+00
563947,8.6197261919163029e+03,3.9354934705545865e+00
564082,8.6197261919163029e+03,3.9354934705545865e+00
564217,8.6197261919163029e+03,3.9354934705545865e+00
564352,8.6197261919163029e+03,3.9354934705545865e+00
564487,8.6197261919163029e+03,3.9354934705545865e+00
564622,8.6197261919163029e+03,3.9354934705545865e+00
564757,8.6197261919163029e+03,3.9354934705545865e+00
564892,8.6197261919163029e+03,3.9354934705545865e+00
565027,8.6197261919163029e+03,3.9354934705545865e+00
565162,8.6197261919163029e+03,3.9354934705545865e+00
565297,8.6197261919163029e+03,3.9354934705545865e+00
565432,8.6197261919163029e+03,3.9354934705545865e+00
565567,8.6197261919163029e+03,3.9354934705545865e+00
565702,8.6197261919163029e+03,3.9354934705545865e+00
565837,8.6197261919163029e+03,3.9354934705545865e+00
565972,8.6197261919163029e+03,3.9354934705545865e+00
566106,8.6197261919163029e+03,3.9354934705545865e+00
566240,8.6197261919163029e+03,3.9354934705545865e+00
566374,8.6197261919163029e+03,3.9354934705545865e+00
566508,8.6197261919163029e+03,3.9354934705545865e+00
566642,8.6197261919163029e+03,3.9354934705545865e+00
566776,8.6197261919163029e+03,3.9354934705545865e+00
566910,8.6197261919163029e+03,3.9354934705545865e+00
567044,8.6197261919163029e+03,3.9354934705545865e+00
567178,8.6197261919163029e+03,3.9354934705545865e+00
567312,8.6197261919163029e+03,3.9354934705545865e+00
567446,8.6197261919163029e+03,3.9354934705545865e+00
567580,8.6197261919163029e+03,3.9354934705545865e+00
567714,8.6197261919163029e+03,3.9354934705545865e+00
567848,8.6197261919163029e+03,3.9354934705545865e+00
567982,8.6197261919163029e+03,3.9354934705545865e+00
568115,8.6197261919163029e+03,3.9354934705545865e+00
568248,8.6197261919163029e+03,3.9354934705545865e+00
568381,8.6197261919163029e+03,3.9354934705545865e+00
568514,8.6197261919163029e+03,3.9354934705545865e+00
568647,8.6197261919163029e+03,3.9354934705545865e+00
568780,8.6197261919163029e+03,3.9354934705545865e+00
568913,8.6197261919163029e+03,3.9354934705545865e+00
569046,8.6197261919163029e+03,3.9354934705545865e+00
569179,8.6197261919163029e+03,3.9354934705545865e+00
569312,8.6197261919163029e+03,3.9354934705545865e+00
569445,8.6197261919163029e+03,3.9354934705545865e+00
569578,8.6197261919163029e+03,3.9354934705545865e+00
569711,8.6197261919163029e+03,3.9354934705545865e+00
569844,8.6197261919163029e+03,3.9354934705545865e+00
569977,8.6197261919163029e+03,3.9354934705545865e+00
570109,8.6197261919163029e+03,3.9354934705545865e+00
570241,8.6197261919163029e+03,3.9354934705545865e+00
570373,8.6197261919163029e+03,3.9354934705545865e+00
570505,8.6197261919163029e+03,3.9354934705545865e+00
570637,8.6197261919163029e+03,3.9354934705545865e+00
570769,8.6197261919163029e+03,3.9354934705545865e+00
570901,8.6197261919163029e+03,3.9354934705545865e+00
571033,8.6197261919163029e+03,3.9354934705545865e+00
571165,8.6197261919163029e+03,3.9354934705545865e+00
571297,8.6197261919163029e+03,3.9354934705545865e+00
571429,8.6197261919163029e+03,3.9354934705545865e+00
571561,8.6197261919163029e+03,3.9354934705545865e+00
571693,8.6197261919163029e+03,3.9354934705545865e+00
571825,8.6197261919163029e+03,3.9354934705545865e+00
571957,8.6197261919163029e+03,3.9354934705545865e+00
572089,8.6197261919163029e+03,3.9354934705545865e+00
572220,8.6197261919163029e+03,3.9354934705545865e+00
572351,8.6197261919163029e+03,3.9354934705545865e+00
572482,8.6197261919163029e+03,3.9354934705545865e+00
572613,8.6197261919163029e+03,3.9354934705545865e+00
572744,8.6197261919163029e+03,3.9354934705545865e+00
572875,8.6197261919163029e+03,3.9354934705545865e+00
573006,8.6197261919163029e+03,3.9354934705545865e+00
573137,8.6197261919163029e+03,3.9354934705545865e+00
573268,8.6197261919163029e+03,3.9354934705545865e+00
573399,8.6197261919163029e+03,3.9354934705545865e+00
573530,8.6197261919163029e+03,3.9354934705545865e+00
573661,8.6197261919163029e+03,3.9354934705545865e+00
573792,8.6197261919163029e+03,3.9354934705545865e+00
573923,8.6197261919163029e+03,3.9354934705545865e+00
574054,8.6197261919163029e+03,3.9354934705545865e+00
574185,8.6197261919163029e+03,3.9354934705545865e+00
574315,8.6197261919163029e+03,3.9354934705545865e+00
574445,8.6197261919163029e+03,3.9354934705545865e+00
574575,8.6197261919163029e+03,3.9354934705545865e+00
574705,8.6197261919163029e+03,3.9354934705545865e+00
574835,8.6197261919163029e+03,3.9354934705545865e+00
574965,8.6197261919163029e+03,3.9354934705545865e+00
575095,8.6197261919163029e+03,3.9354934705545865e+00
575225,8.6197261919163029e+03,3.9354934705545865e+00
575355,8.6197261919163029e+03,3.9354934705545865e+00
575485,8.6197261919163029e+03,3.9354934705545865e+00
575615,8.6197261919163029e+03,3.9354934705545865e+00
575745,8.6197261919163029e+03,3.9354934705545865e+00
575875,8.6197261919163029e+03,3.9354934705545865e+00
576005,8.6197261919163029e+03,3.9354934705545865e+00
576135,8.6197261919163029e+03,3.9354934705545865e+00
576265,8.6197261919163029e+03,3.9354934705545865e+00
576394,8.6197261919163029e+03,3.9354934705545865e+00
576523,8.6197261919163029e+03,3.9354934705545865e+00
576652,8.6197261919163029e+03,3.9354934705545865e+00
576781,8.6197261919163029e+03,3.9354934705545865e+00
576910,8.6197261919163029e+03,3.9354934705545865e+00
577039,8.6197261919163029e+03,3.9354934705545865e+00
577168,8.6197261919163029e+03,3.9354934705545865e+00
577297,8.6197261919163029e+03,3.9354934705545865e+00
577426,8.6197261919163029e+03,3.9354934705545865e+00
577555,8.6197261919163029e+03,3.9354934705545865e+00
577684,8.6197261919163029e+03,3.9354934705545865e+00
577813,8.6197261919163029e+03,3.9354934705545865e+00
577942,8.6197261919163029e+03,3.9354934705545865e+00
578071,8.6197261919163029e+03,3.9354934705545865e+00
578200,8.6197261919163029e+03,3.9354934705545865e+00
578329,8.6197261919163029e+03,3.9354934705545865e+00
578457,8.6197261919163029e+03,3.9354934705545865e+00
578585,8.6197261919163029e+03,3.9354934705545865e+00
578713,8.6197261919163029e+03,3.9354934705545865e+00
578841,8.6197261919163029e+03,3.9354934705545865e+00
578969,8.6197261919163029e+03,3.9354934705545865e+00
579097,8.6197261919163029e+03,3.9354934705545865e+00
579225,8.6197261919163029e+03,3.9354934705545865e+00
579353,8.6197261919163029e+03,3.9354934705545865e+00
579481,8.6197261919163029e+03,3.9354934705545865e+00
579609,8.6197261919163029e+03,3.9354934705545865e+00
579737,8.6197261919163029e+03,3.9354934705545865e+00
579865,8.6197261919163029e+03,3.9354934705545865e+00
579993,8.6197261919163029e+03,3.9354934705545865e+00
580121,8.6197261919163029e+03,3.9354934705545865e+00
580249,8.6197261919163029e+03,3.9354934705545865e+00
580377,8.6197261919163029e+03,3.9354934705545865e+00
580505,8.6197261919163029e+03,3.9354934705545865e+00
580632,8.6197261919163029e+03,3.9354934705545865e+00
580759,8.6197261919163029e+03,3.9354934705545865e+00
580886,8.6197261919163029e+03,3.9354934705545865e+00
581013,8.6197261919163029e+03,3.9354934705545865e+00
581140,8.6197261919163029e+03,3.9354934705545865e+00
581267,8.6197261919163029e+03,3.9354934705545865e+00
581394,8.6197261919163029e+03,3.9354934705545865e+00
581521,8.6197261919163029e+03,3.9354934705545865e+00
581648,8.6197261919163029e+03,3.9354934705545865e+00
581775,8.6197261919163029e+03,3.9354934705545865e+00
581902,8.6197261919163029e+03,3.9354934705545865e+00
582029,8.6197261919163029e+03,3.9354934705545865e+00
582156,8.6197261919163029e+03,3.9354934705545865e+00
582283,8.6197261919163029e+03,3.9354934705545865e+00
582410,8.6197261919163029e+03,3.9354934705545865e+00
582537,8.6197261919163029e+03,3.9354934705545865e+00
582664,8.6197261919163029e+03,3.9354934705545865e+00
582790,8.6197261919163029e+03,3.9354934705545865e+00
582916,8.6197261919163029e+03,3.9354934705545865e+00
583042,8.6197261919163029e+03,3.9354934705545865e+00
583168,8.6197261919163029e+03,3.9354934705545865e+00
583294,8.6197261919163029e+03,3.9354934705545865e+00
583420,8.6197261919163029e+03,3.9354934705545865e+00
583546,8.6197261919163029e+03,3.9354934705545865e+00
583672,8.6197261919163029e+03,3.9354934705545865e+00
583798,8.6197261919163029e+03,3.9354934705545865e+00
583924,8.6197261919163029e+03,3.9354934705545865e+00
584050,8.6197261919163029e+03,3.9354934705545865e+00
584176,8.6197261919163029e+03,3.9354934705545865e+00
584302,8.6197261919163029e+03,3.9354934705545865e+00
584428,8.6197261919163029e+03,3.9354934705545865e+00
584554,8.6197261919163029e+03,3.9354934705545865e+00
584680,8.6197261919163029e+03,3.9354934705545865e+00
584806,8.6197261919163029e+03,3.9354934705545865e+00
584931,8.6197261919163029e+03,3.9354934705545865e+00
585056,8.6197261919163029e+03,3.9354934705545865e+00
585181,8.6197261919163029e+03,3.9354934705545865e+00
585306,8.6197261919163029e+03,3.9354934705545865e+00
585431,8.6197261919163029e+03,3.9354934705545865e+00
585556,8.6197261919163029e+03,3.9354934705545865e+00
585681,8.6197261919163029e+03,3.9354934705545865e+00
585806,8.6197261919163029e+03,3.9354934705545865e+00
585931,8.6197261919163029e+03,3.9354934705545865e+00
586056,8.6197261919163029e+03,3.9354934705545865e+00
586181,8.6197261919163029e+03,3.9354934705545865e+00
586306,8.6197261919163029e+03,3.9354934705545865e+00
586431,8.6197261919163029e+03,3.9354934705545865e+00
586556,8.6197261919163029e+03,3.9354934705545865e+00
586681,8.6197261919163029e+03,3.9354934705545865e+00
586806,8.6197261919163029e+03,3.9354934705545865e+00
586931,8.6197261919163029e+03,3.9354934705545865e+00
587055,8.6197261919163029e+03,3.9354934705545865e+00
587179,8.6197261919163029e+03,3.9354934705545865e+00
587303,8.6197261919163029e+03,3.9354934705545865e+00
587427,8.6197261919163029e+03,3.9354934705545865e+00
587551,8.6197261919163029e+03,3.9354934705545865e+00
587675,8.6197261919163029e+03,3.9354934705545865e+00
587799,8.6197261919163029e+03,3.9354934705545865e+00
587923,8.6197261919163029e+03,3.9354934705545865e+00
588047,8.6197261919163029e+03,3.9354934705545865e+00
588171,8.6197261919163029e+03,3.9354934705545865e+00
588295,8.6197261919163029e+03,3.9354934705545865e+00
588419,8.6197261919163029e+03,3.9354934705545865e+00
588543,8.6197261919163029e+03,3.9354934705545865e+00
588667,8.6197261919163029e+03,3.9354934705545865e+00
588791,8.6197261919163029e+03,3.9354934705545865e+00
588915,8.6197261919163029e+03,3.9354934705545865e+00
589039,8.6197261919163029e+03,3.9354934705545865e+00
589162,8.6197261919163029e+03,3.9354934705545865e+00
589285,8.6197261919163029e+03,3.9354934705545865e+00
589408,8.6197261919163029e+03,3.9354934705545865e+00
589531,8.6197261919163029e+03,3.9354934705545865e+00
589654,8.6197261919163029e+03,3.9354934705545865e+00
589777,8.6197261919163029e+03,3.9354934705545865e+00
589900,8.6197261919163029e+03,3.9354934705545865e+00
590023,8.6197261919163029e+03,3.9354934705545865e+00
590146,8.6197261919163029e+03,3.9354934705545865e+00
590269,8.6197261919163029e+03,3.9354934705545865e+00
590392,8.6197261919163029e+03,3.9354934705545865e+00
590515,8.6197261919163029e+03,3.9354934705545865e+00
590638,8.6197261919163029e+03,3.9354934705545865e+00
590761,8.6197261919163029e+03,3.9354934705545865e+00
590884,8.6197261919163029e+03,3.9354934705545865e+00
591007,8.6197261919163029e+03,3.9354934705545865e+00
591130,8.6197261919163029e+03,3.9354934705545865e+00
591253,8.6197261919163029e+03,3.9354934705545865e+00
591375,8.6197261919163029e+03,3.9354934705545865e+00
591497,8.6197261919163029e+03,3.9354934705545865e+00
591619,8.6197261919163029e+03,3.9354934705545865e+00
591741,8.6197261919163029e+03,3.9354934705545865e+00
591863,8.6197261919163029e+03,3.9354934705545865e+00
591985,8.6197261919163029e+03,3.9354934705545865e+00
592107,8.6197261919163029e+03,3.9354934705545865e+00
592229,8.6197261919163029e+03,3.9354934705545865e+00
592351,8.6197261919163029e+03,3.9354934705545865e+00
592473,8.6197261919163029e+03,3.9354934705545865e+00
592595,8.6197261919163029e+03,3.9354934705545865e+00
592717,8.6197261919163029e+03,3.9354934705545865e+00
592839,8.6197261919163029e+03,3.9354934705545865e+00
592961,8.6197261919163029e+03,3.9354934705545865e+00
593083,8.6197261919163029e+03,3.9354934705545865e+00
593205,8.6197261919163029e+03,3.9354934705545865e+00
593327,8.6197261919163029e+03,3.9354934705545865e+00
593449,8.6197261919163029e+03,3.9354934705545865e+00
593570,8.6197261919163029e+03,3.9354934705545865e+00
593691,8.6197261919163029e+03,3.9354934705545865e+00
593812,8.6197261919163029e+03,3.9354934705545865e+00
593933,8.6197261919163029e+03,3.9354934705545865e+00
594054,8.6197261919163029e+03,3.9354934705545865e+00
594175,8.6197261919163029e+03,3.9354934705545865e+00
594296,8.6197261919163029e+03,3.9354934705545865e+00
594417,8.6197261919163029e+03,3.9354934705545865e+00
594538,8.6197261919163029e+03,3.9354934705545865e+00
594659,8.6197261919163029e+03,3.9354934705545865e+00
594780,8.6197261919163029e+03,3.9354934705545865e+00
594901,8.6197261919163029e+03,3.9354934705545865e+00
595022,8.6197261919163029e+03,3.9354934705545865e+00
595143,8.6197261919163029e+03,3.9354934705545865e+00
595264,8.6197261919163029e+03,3.9354934705545865e+00
595385,8.6197261919163029e+03,3.9354934705545865e+00
595506,8.6197261919163029e+03,3.9354934705545865e+00
595627,8.6197261919163029e+03,3.9354934705545865e+00
595747,8.6197261919163029e+03,3.9354934705545865e+00
595867,8.6197261919163029e+03,3.9354934705545865e+00
595987,8.6197261919163029e+03,3.9354934705545865e+00
596107,8.6197261919163029e+03,3.9354934705545865e+00
596227,8.6197261919163029e+03,3.9354934705545865e+00
596347,8.6197261919163029e+03,3.9354934705545865e+00
596467,8.6197261919163029e+03,3.9354934705545865e+00
596587,8.6197261919163029e+03,3.9354934705545865e+00
596707,8.6197261919163029e+03,3.9354934705545865e+00
596827,8.6197261919163029e+03,3.9354934705545865e+00
596947,8.6197261919163029e+03,3.9354934705545865e+00
597067,8.6197261919163029e+03,3.9354934705545865e+00
597187,8.6197261919163029e+03,3.9354934705545865e+00
597307,8.6197261919163029e+03,3.9354934705545865e+00
597427,8.6197261919163029e+03,3.9354934705545865e+00
597547,8.6197261919163029e+03,3.9354934705545865e+00
597667,8.6197261919163029e+03,3.9354934705545865e+00
597787,8.6197261919163029e+03,3.9354934705545865e+00
597906,8.6197261919163029e+03,3.9354934705545865e+00
598025,8.6197261919163029e+03,3.9354934705545865e+00
598144,8.6197261919163029e+03,3.9354934705545865e+00
598263,8.6197261919163029e+03,3.9354934705545865e+00
598382,8.6197261919163029e+03,3.9354934705545865e+00
598501,8.6197261919163029e+03,3.9354934705545865e+00
598620,8.6197261919163029e+03,3.9354934705545865e+00
598739,8.6197261919163029e+03,3.9354934705545865e+00
598858,8.6197261919163029e+03,3.9354934705545865e+00
598977,8.6197261919163029e+03,3.9354934705545865e+00
599096,8.6197261919163029e+03,3.9354934705545865e+00
599215,8.6197261919163029e+03,3.9354934705545865e+00
599334,8.6197261919163029e+03,3.9354934705545865e+00
599453,8.6197261919163029e+03,3.9354934705545865e+00
599572,8.6197261919163029e+03,3.9354934705545865e+00
599691,8.6197261919163029e+03,3.9354934705545865e+00
599810,8.6197261919163029e+03,3.9354934705545865e+00
599929,8.6197261919163029e+03,3.9354934705545865e+00
600048,8.6197261919163029e+03,3.9354934705545865e+00
600166,8.6197261919163029e+03,3.9354934705545865e+00
600284,8.6197261919163029e+03,3.9354934705545865e+00
600402,8.6197261919163029e+03,3.9354934705545865e+00
600520,8.6197261919163029e+03,3.9354934705545865e+00
600638,8.6197261919163029e+03,3.9354934705545865e+00
600756,8.6197261919163029e+03,3.9354934705545865e+00
600874,8.6197261919163029e+03,3.9354934705545865e+00
600992,8.6197261919163029e+03,3.9354934705545865e+00
601110,8.6197261919163029e+03,3.9354934705545865e+00
601228,8.6197261919163029e+03,3.9354934705545865e+00
601346,8.6197261919163029e+03,3.9354934705545865e+00
601464,8.6197261919163029e+03,3.9354934705545865e+00
601582,8.6197261919163029e+03,3.9354934705545865e+00
601700,8.6197261919163029e+03,3.9354934705545865e+00
601818,8.6197261919163029e+03,3.9354934705545865e+00
601936,8.6197261919163029e+03,3.9354934705545865e+00
602054,8.6197261919163029e+03,3.9354934705545865e+00
602172,8.6197261919163029e+03,3.9354934705545865e+00
602290,8.6197261919163029e+03,3.9354934705545865e+00
602407,8.6197261919163029e+03,3.9354934705545865e+00
602524,8.6197261919163029e+03,3.9354934705545865e+00
602641,8.6197261919163029e+03,3.9354934705545865e+00
602758,8.6197261919163029e+03,3.9354934705545865e+00
602875,8.6197261919163029e+03,3.9354934705545865e+00
602992,8.6197261919163029e+03,3.9354934705545865e+00
603109,8.6197261919163029e+03,3.9354934705545865e+00
603226,8.6197261919163029e+03,3.9354934705545865e+00
603343,8.6197261919163029e+03,3.9354934705545865e+00
603460,8.6197261919163029e+03,3.9354934705545865e+00
603577,8.6197261919163029e+03,3.9354934705545865e+00
603694,8.6197261919163029e+03,3.9354934705545865e+00
603811,8.6197261919163029e+03,3.9354934705545865e+00
603928,8.6197261919163029e+03,3.9354934705545865e+00
604045,8.6197261919163029e+03,3.9354934705545865e+00
604162,8.6197261919163029e+03,3.9354934705545865e+00
604279,8.6197261919163029e+03,3.9354934705545865e+00
604396,8.6197261919163029e+03,3.9354934705545865e+00
604513,8.6197261919163029e+03,3.9354934705545865e+00
604629,8.6197261919163029e+03,3.9354934705545865e+00
604745,8.6197261919163029e+03,3.9354934705545865e+00
604861,8.6197261919163029e+03,3.9354934705545865e+00
604977,8.6197261919163029e+03,3.9354934705545865e+00
605093,8.6197261919163029e+03,3.9354934705545865e+00
605209,8.6197261919163029e+03,3.9354934705545865e+00
605325,8.6197261919163029e+03,3.9354934705545865e+00
605441,8.6197261919163029e+03,3.9354934705545865e+00
605557,8.6197261919163029e+03,3.9354934705545865e+00
605673,8.6197261919163029e+03,3.9354934705545865e+00
605789,8.6197261919163029e+03,3.9354934705545865e+00
605905,8.6197261919163029e+03,3.9354934705545865e+00
606021,8.6197261919163029e+03,3.9354934705545865e+00
606137,8.6197261919163029e+03,3.9354934705545865e+00
606253,8.6197261919163029e+03,3.9354934705545865e+00
606369,8.6197261919163029e+03,3.9354934705545865e+00
606485,8.6197261919163029e+03,3.9354934705545865e+00
606601,8.6197261919163029e+03,3.9354934705545865e+00
606717,8.6197261919163029e+03,3.9354934705545865e+00
606832,8.6197261919163029e+03,3.9354934705545865e+00
606947,8.6197261919163029e+03,3.9354934705545865e+00
607062,8.6197261919163029e+03,3.9354934705545865e+00
607177,8.6197261919163029e+03,3.9354934705545865e+00
607292,8.6197261919163029e+03,3.9354934705545865e+00
607407,8.6197261919163029e+03,3.9354934705545865e+00
607522,8.6197261919163029e+03,3.9354934705545865e+00
607637,8.6197261919163029e+03,3.9354934705545865e+00
607752,8.6197261919163029e+03,3.9354934705545865e+00
607867,8.6197261919163029e+03,3.9354934705545865e+00
607982,8.6197261919163029e+03,3.9354934705545865e+00
608097,8.6197261919163029e+03,3.9354934705545865e+00
608212,8.6197261919163029e+03,3.9354934705545865e+00
608327,8.6197261919163029e+03,3.9354934705545865e+00
608442,8.6197261919163029e+03,3.9354934705545865e+00
608557,8.6197261919163029e+03,3.9354934705545865e+00
608672,8.6197261919163029e+03,3.9354934705545865e+00
608787,8.6197261919163029e+03,3.9354934705545865e+00
608902,8.6197261919163029e+03,3.9354934705545865e+00
609017,8.6197261919163029e+03,3.9354934705545865e+00
609131,8.6197261919163029e+03,3.9354934705545865e+00
609245,8.6197261919163029e+03,3.9354934705545865e+00
609359,8.6197261919163029e+03,3.9354934705545865e+00
609473,8.6197261919163029e+03,3.9354934705545865e+00
609587,8.6197261919163029e+03,3.9354934705545865e+00
609701,8.6197261919163029e+03,3.9354934705545865e+00
609815,8.6197261919163029e+03,3.9354934705545865e+00
609929,8.6197261919163029e+03,3.9354934705545865e+00
610043,8.6197261919163029e+03,3.9354934705545865e+00
610157,8.6197261919163029e+03,3.9354934705545865e+00
610271,8.6197261919163029e+03,3.9354934705545865e+00
610385,8.6197261919163029e+03,3.9354934705545865e+00
610499,8.6197261919163029e+03,3.9354934705545865e+00
610613,8.6197261919163029e+03,3.9354934705545865e+00
610727,8.6197261919163029e+03,3.9354934705545865e+00
610841,8.6197261919163029e+03,3.9354934705545865e+00
610955,8.6197261919163029e+03,3.9354934705545865e+00
611069,8.6197261919163029e+03,3.9354934705545865e+00
611183,8.6197261919163029e+03,3.9354934705545865e+00
611297,8.6197261919163029e+03,3.9354934705545865e+00
611410,8.5010851283844895e+03,3.9294743651484962e+00
611523,8.5010851283844895e+03,3.9294743651484962e+00
611636,8.5010851283844895e+03,3.9294743651484962e+00
611749,8.5010851283844895e+03,3.9294743651484962e+00
611862,8.5010851283844895e+03,3.9294743651484962e+00
611975,8.5010851283844895e+03,3.9294743651484962e+00
612088,8.5010851283844895e+03,3.9294743651484962e+00
612201,8.5010851283844895e+03,3.9294743651484962e+00
612314,8.5010851283844895e+03,3.9294743651484962e+00
612427,8.5010851283844895e+03,3.9294743651484962e+00
612540,8.5010851283844895e+03,3.9294743651484962e+00
612653,8.5010851283844895e+03,3.9294743651484962e+00
612766,8.5010851283844895e+03,3.9294743651484962e+00
612879,8.5010851283844895e+03,3.9294743651484962e+00
612992,8.5010851283844895e+03,3.9294743651484962e+00
613105,8.5010851283844895e+03,3.9294743651484962e+00
613218,8.5010851283844895e+03,3.9294743651484962e+00
613331,8.5010851283844895e+03,3.9294743651484962e+00
613444,8.5010851283844895e+03,3.9294743651484962e+00
613557,8.5010851283844895e+03,3.9294743651484962e+00
613670,8.5010851283844895e+03,3.9294743651484962e+00
613782,8.5010851283844895e+03,3.9294743651484962e+00
613894,8.5010851283844895e+03,3.9294743651484962e+00
614006,8.5010851283844895e+03,3.9294743651484962e+00
614118,8.5010851283844895e+03,3.9294743651484962e+00
614230,8.5010851283844895e+03,3.9294743651484962e+00
614342,8.5010851283844895e+03,3.9294743651484962e+00
614454,8.5010851283844895e+03,3.9294743651484962e+00
614566,8.5010851283844895e+03,3.9294743651484962e+00
614678,8.5010851283844895e+03,3.9294743651484962e+00
614790,8.5010851283844895e+03,3.9294743651484962e+00
614902,8.5010851283844895e+03,3.9294743651484962e+00
615014,8.5010851283844895e+03,3.9294743651484962e+00
615126,8.5010851283844895e+03,3.9294743651484962e+00
615238,8.5010851283844895e+03,3.9294743651484962e+00
615350,8.5010851283844895e+03,3.9294743651484962e+00
615462,8.5010851283844895e+03,3.9294743651484962e+00
615574,8.5010851283844895e+03,3.9294743651484962e+00
615686,8.5010851283844895e+03,3.9294743651484962e+00
615798,8.5010851283844895e+03,3.9294743651484962e+00
615910,8.5010851283844895e+03,3.9294743651484962e+00
616021,8.5010851283844895e+03,3.9294743651484962e+00
616132,8.5010851283844895e+03,3.9294743651484962e+00
616243,8.5010851283844895e+03,3.9294743651484962e+00
616354,8.5010851283844895e+03,3.9294743651484962e+00
616465,8.5010851283844895e+03,3.9294743651484962e+00
616576,8.5010851283844895e+03,3.9294743651484962e+00
616687,8.5010851283844895e+03,3.9294743651484962e+00
616798,8.5010851283844895e+03,3.9294743651484962e+00
616909,8.5010851283844895e+03,3.9294743651484962e+00
617020,8.5010851283844895e+03,3.9294743651484962e+00
617131,8.5010851283844895e+03,3.9294743651484962e+00
617242,8.5010851283844895e+03,3.9294743651484962e+00
617353,8.5010851283844895e+03,3.9294743651484962e+00
617464,8.5010851283844895e+03,3.9294743651484962e+00
617575,8.5010851283844895e+03,3.9294743651484962e+00
617686,8.5010851283844895e+03,3.9294743651484962e+00
617797,8.5010851283844895e+03,3.9294743651484962e+00
617908,8.5010851283844895e+03,3.9294743651484962e+00
618019,8.5010851283844895e+03,3.9294743651484962e+00
618130,8.5010851283844895e+03,3.9294743651484962e+00
618241,8.5010851283844895e+03,3.9294743651484962e+00
618351,8.5010851283844895e+03,3.9294743651484962e+00
618461,8.5010851283844895e+03,3.9294743651484962e+00
618571,8.5010851283844895e+03,3.9294743651484962e+00
618681,8.5010851283844895e+03,3.9294743651484962e+00
618791,8.5010851283844895e+03,3.9294743651484962e+00
618901,8.5010851283844895e+03,3.9294743651484962e+00
619011,8.5010851283844895e+03,3.9294743651484962e+00
619121,8.5010851283844895e+03,3.9294743651484962e+00
619231,8.5010851283844895e+03,3.9294743651484962e+00
619341,8.5010851283844895e+03,3.9294743651484962e+00
619451,8.5010851283844895e+03,3.9294743651484962e+00
619561,8.5010851283844895e+03,3.9294743651484962e+00
619671,8.5010851283844895e+03,3.9294743651484962e+00
619781,8.5010851283844895e+03,3.9294743651484962e+00
619891,8.5010851283844895e+03,3.9294743651484962e+00
620001,8.5010851283844895e+03,3.9294743651484962e+00
620111,8.5010851283844895e+03,3.9294743651484962e+00
620221,8.5010851283844895e+03,3.9294743651484962e+00
620331,8.5010851283844895e+03,3.9294743651484962e+00
620441,8.5010851283844895e+03,3.9294743651484962e+00
620551,8.5010851283844895e+03,3.9294743651484962e+00
620661,8.5010851283844895e+03,3.9294743651484962e+00
620770,8.5010851283844895e+03,3.9294743651484962e+00
620879,8.5010851283844895e+03,3.9294743651484962e+00
620988,8.5010851283844895e+03,3.9294743651484962e+00
621097,8.5010851283844895e+03,3.9294743651484962e+00
621206,8.5010851283844895e+03,3.9294743651484962e+00
621315,8.5010851283844895e+03,3.9294743651484962e+00
621424,8.5010851283844895e+03,3.9294743651484962e+00
621533,8.5010851283844895e+03,3.9294743651484962e+00
621642,8.5010851283844895e+03,3.9294743651484962e+00
621751,8.5010851283844895e+03,3.9294743651484962e+00
621860,8.5010851283844895e+03,3.9294743651484962e+00
621969,8.5010851283844895e+03,3.9294743651484962e+00
622078,8.5010851283844895e+03,3.9294743651484962e+00
622187,8.5010851283844895e+03,3.9294743651484962e+00
622296,8.5010851283844895e+03,3.9294743651484962e+00
622405,8.5010851283844895e+03,3.9294743651484962e+00
622514,8.5010851283844895e+03,3.9294743651484962e+00
622623,8.5010851283844895e+03,3.9294743651484962e+00
622732,8.5010851283844895e+03,3.9294743651484962e+00
622841,8.5010851283844895e+03,3.9294743651484962e+00
622950,8.5010851283844895e+03,3.9294743651484962e+00
623058,8.5010851283844895e+03,3.9294743651484962e+00
623166,8.5010851283844895e+03,3.9294743651484962e+00
623274,8.5010851283844895e+03,3.9294743651484962e+00
623382,8.5010851283844895e+03,3.9294743651484962e+00
623490,8.5010851283844895e+03,3.9294743651484962e+00
623598,8.5010851283844895e+03,3.9294743651484962e+00
623706,8.5010851283844895e+03,3.9294743651484962e+00
623814,8.5010851283844895e+03,3.9294743651484962e+00
623922,8.5010851283844895e+03,3.9294743651484962e+00
624030,8.5010851283844895e+03,3.9294743651484962e+00
624138,8.5010851283844895e+03,3.9294743651484962e+00
624246,8.5010851283844895e+03,3.9294743651484962e+00
624354,8.5010851283844895e+03,3.9294743651484962e+00
624462,8.5010851283844895e+03,3.9294743651484962e+00
624570,8.5010851283844895e+03,3.9294743651484962e+00
624678,8.5010851283844895e+03,3.9294743651484962e+00
624786,8.5010851283844895e+03,3.9294743651484962e+00
624894,8.5010851283844895e+03,3.9294743651484962e+00
625002,8.5010851283844895e+03,3.9294743651484962e+00
625110,8.5010851283844895e+03,3.9294743651484962e+00
625218,8.5010851283844895e+03,3.9294743651484962e+00
625326,8.5010851283844895e+03,3.9294743651484962e+00
625433,8.5010851283844895e+03,3.9294743651484962e+00
625540,8.5010851283844895e+03,3.9294743651484962e+00
625647,8.5010851283844895e+03,3.9294743651484962e+00
625754,8.5010851283844895e+03,3.9294743651484962e+00
625861,8.5010851283844895e+03,3.9294743651484962e+00
625968,8.5010851283844895e+03,3.9294743651484962e+00
626075,8.5010851283844895e+03,3.9294743651484962e+00
626182,8.5010851283844895e+03,3.9294743651484962e+00
626289,8.5010851283844895e+03,3.9294743651484962e+00
626396,8.5010851283844895e+03,3.9294743651484962e+00
626503,8.5010851283844895e+03,3.9294743651484962e+00
626610,8.5010851283844895e+03,3.9294743651484962e+00
626717,8.5010851283844895e+03,3.9294743651484962e+00
626824,8.5010851283844895e+03,3.9294743651484962e+00
626931,8.5010851283844895e+03,3.9294743651484962e+00
627038,8.5010851283844895e+03,3.9294743651484962e+00
627145,8.5010851283844895e+03,3.9294743651484962e+00
627252,8.5010851283844895e+03,3.9294743651484962e+00
627359,8.5010851283844895e+03,3.9294743651484962e+00
627466,8.5010851283844895e+03,3.9294743651484962e+00
627573,8.5010851283844895e+03,3.9294743651484962e+00
627680,8.5010851283844895e+03,3.9294743651484962e+00
627787,8.5010851283844895e+03,3.9294743651484962e+00
627893,8.5010851283844895e+03,3.9294743651484962e+00
627999,8.5010851283844895e+03,3.9294743651484962e+00
628105,8.5010851283844895e+03,3.9294743651484962e+00
628211,8.5010851283844895e+03,3.9294743651484962e+00
628317,8.5010851283844895e+03,3.9294743651484962e+00
628423,8.5010851283844895e+03,3.9294743651484962e+00
628529,8.5010851283844895e+03,3.9294743651484962e+00
628635,8.5010851283844895e+03,3.9294743651484962e+00
628741,8.5010851283844895e+03,3.9294743651484962e+00
628847,8.5010851283844895e+03,3.9294743651484962e+00
628953,8.5010851283844895e+03,3.9294743651484962e+00
629059,8.5010851283844895e+03,3.9294743651484962e+00
629165,8.5010851283844895e+03,3.9294743651484962e+00
629271,8.5010851283844895e+03,3.9294743651484962e+00
629377,8.5010851283844895e+03,3.9294743651484962e+00
629483,8.5010851283844895e+03,3.9294743651484962e+00
629589,8.5010851283844895e+03,3.9294743651484962e+00
629695,8.5010851283844895e+03,3.9294743651484962e+00
629801,8.5010851283844895e+03,3.9294743651484962e+00
629907,8.5010851283844895e+03,3.9294743651484962e+00
630013,8.5010851283844895e+03,3.9294743651484962e+00
630119,8.5010851283844895e+03,3.9294743651484962e+00
630224,8.5010851283844895e+03,3.9294743651484962e+00
630329,8.5010851283844895e+03,3.9294743651484962e+00
630434,8.5010851283844895e+03,3.9294743651484962e+00
630539,8.5010851283844895e+03,3.9294743651484962e+00
630644,8.5010851283844895e+03,3.9294743651484962e+00
630749,8.5010851283844895e+03,3.9294743651484962e+00
630854,8.5010851283844895e+03,3.9294743651484962e+00
630959,8.5010851283844895e+03,3.9294743651484962e+00
631064,8.5010851283844895e+03,3.9294743651484962e+00
631169,8.5010851283844895e+03,3.9294743651484962e+00
631274,8.5010851283844895e+03,3.9294743651484962e+00
631379,8.5010851283844895e+03,3.9294743651484962e+00
631484,8.5010851283844895e+03,3.9294743651484962e+00
631589,8.5010851283844895e+03,3.9294743651484962e+00
631694,8.5010851283844895e+03,3.9294743651484962e+00
631799,8.5010851283844895e+03,3.9294743651484962e+00
631904,8.5010851283844895e+03,3.9294743651484962e+00
632009,8.5010851283844895e+03,3.9294743651484962e+00
632114,8.5010851283844895e+03,3.9294743651484962e+00
632219,8.5010851283844895e+03,3.9294743651484962e+00
632324,8.5010851283844895e+03,3.9294743651484962e+00
632429,8.5010851283844895e+03,3.9294743651484962e+00
632534,8.5010851283844895e+03,3.9294743651484962e+00
632638,8.5010851283844895e+03,3.9294743651484962e+00
632742,8.5010851283844895e+03,3.9294743651484962e+00
632846,8.5010851283844895e+03,3.9294743651484962e+00
632950,8.5010851283844895e+03,3.9294743651484962e+00
633054,8.5010851283844895e+03,3.9294743651484962e+00
633158,8.5010851283844895e+03,3.9294743651484962e+00
633262,8.5010851283844895e+03,3.9294743651484962e+00
633366,8.5010851283844895e+03,3.9294743651484962e+00
633470,8.5010851283844895e+03,3.9294743651484962e+00
633574,8.5010851283844895e+03,3.9294743651484962e+00
633678,8.5010851283844895e+03,3.9294743651484962e+00
633782,8.5010851283844895e+03,3.9294743651484962e+00
633886,8.5010851283844895e+03,3.9294743651484962e+00
633990,8.5010851283844895e+03,3.9294743651484962e+00
634094,8.5010851283844895e+03,3.9294743651484962e+00
634198,8.5010851283844895e+03,3.9294743651484962e+00
634302,8.5010851283844895e+03,3.9294743651484962e+00
634406,8.5010851283844895e+03,3.9294743651484962e+00
634510,8.5010851283844895e+03,3.9294743651484962e+00
634614,8.5010851283844895e+03,3.9294743651484962e+00
634718,8.5010851283844895e+03,3.9294743651484962e+00
634822,8.5010851283844895e+03,3.9294743651484962e+00
634926,8.5010851283844895e+03,3.9294743651484962e+00
635030,8.5010851283844895e+03,3.9294743651484962e+00
635133,8.5010851283844895e+03,3.9294743651484962e+00
635236,8.5010851283844895e+03,3.9294743651484962e+00
635339,8.5010851283844895e+03,3.9294743651484962e+00
635442,8.5010851283844895e+03,3.9294743651484962e+00
635545,8.5010851283844895e+03,3.9294743651484962e+00
635648,8.5010851283844895e+03,3.9294743651484962e+00
635751,8.5010851283844895e+03,3.9294743651484962e+00
635854,8.5010851283844895e+03,3.9294743651484962e+00
635957,8.5010851283844895e+03,3.9294743651484962e+00
636060,8.5010851283844895e+03,3.9294743651484962e+00
636163,8.5010851283844895e+03,3.9294743651484962e+00
636266,8.5010851283844895e+03,3.9294743651484962e+00
636369,8.5010851283844895e+03,3.9294743651484962e+00
636472,8.5010851283844895e+03,3.9294743651484962e+00
636575,8.5010851283844895e+03,3.9294743651484962e+00
636678,8.5010851283844895e+03,3.9294743651484962e+00
636781,8.5010851283844895e+03,3.9294743651484962e+00
636884,8.5010851283844895e+03,3.9294743651484962e+00
636987,8.5010851283844895e+03,3.9294743651484962e+00
637090,8.5010851283844895e+03,3.9294743651484962e+00
637193,8.5010851283844895e+03,3.9294743651484962e+00
637296,8.5010851283844895e+03,3.9294743651484962e+00
637399,8.5010851283844895e+03,3.9294743651484962e+00
637502,8.5010851283844895e+03,3.9294743651484962e+00
637604,8.5010851283844895e+03,3.9294743651484962e+00
637706,8.5010851283844895e+03,3.9294743651484962e+00
637808,8.5010851283844895e+03,3.9294743651484962e+00
637910,8.5010851283844895e+03,3.9294743651484962e+00
638012,8.5010851283844895e+03,3.9294743651484962e+00
638114,8.5010851283844895e+03,3.9294743651484962e+00
638216,8.5010851283844895e+03,3.9294743651484962e+00
638318,8.5010851283844895e+03,3.9294743651484962e+00
638420,8.5010851283844895e+03,3.9294743651484962e+00
638522,8.5010851283844895e+03,3.9294743651484962e+00
638624,8.5010851283844895e+03,3.9294743651484962e+00
638726,8.5010851283844895e+03,3.9294743651484962e+00
638828,8.5010851283844895e+03,3.9294743651484962e+00
638930,8.5010851283844895e+03,3.9294743651484962e+00
639032,8.5010851283844895e+03,3.9294743651484962e+00
639134,8.5010851283844895e+03,3.9294743651484962e+00
639236,8.5010851283844895e+03,3.9294743651484962e+00
639338,8.5010851283844895e+03,3.9294743651484962e+00
639440,8.5010851283844895e+03,3.9294743651484962e+00
639542,8.5010851283844895e+03,3.9294743651484962e+00
639644,8.5010851283844895e+03,3.9294743651484962e+00
639746,8.5010851283844895e+03,3.9294743651484962e+00
639848,8.5010851283844895e+03,3.9294743651484962e+00
639950,8.5010851283844895e+03,3.9294743651484962e+00
640051,8.5010851283844895e+03,3.9294743651484962e+00
640152,8.5010851283844895e+03,3.9294743651484962e+00
640253,8.5010851283844895e+03,3.9294743651484962e+00
640354,8.5010851283844895e+03,3.9294743651484962e+00
640455,8.5010851283844895e+03,3.9294743651484962e+00
640556,8.5010851283844895e+03,3.9294743651484962e+00
640657,8.5010851283844895e+03,3.9294743651484962e+00
640758,8.5010851283844895e+03,3.9294743651484962e+00
640859,8.5010851283844895e+03,3.9294743651484962e+00
640960,8.5010851283844895e+03,3.9294743651484962e+00
641061,8.5010851283844895e+03,3.9294743651484962e+00
641162,8.5010851283844895e+03,3.9294743651484962e+00
641263,8.5010851283844895e+03,3.9294743651484962e+00
641364,8.5010851283844895e+03,3.9294743651484962e+00
641465,8.5010851283844895e+03,3.9294743651484962e+00
641566,8.5010851283844895e+03,3.9294743651484962e+00
641667,8.3952703806797817e+03,3.9240346877219903e+00
641768,8.3952703806797817e+03,3.9240346877219903e+00
641869,8.3952703806797817e+03,3.9240346877219903e+00
641970,8.3952703806797817e+03,3.9240346877219903e+00
642071,8.3952703806797817e+03,3.9240346877219903e+00
642172,8.3952703806797817e+03,3.9240346877219903e+00
642273,8.3952703806797817e+03,3.9240346877219903e+00
642374,8.3952703806797817e+03,3.9240346877219903e+00
642475,8.3952703806797817e+03,3.9240346877219903e+00
642575,8.3952703806797817e+03,3.9240346877219903e+00
642675,8.3952703806797817e+03,3.9240346877219903e+00
642775,8.3952703806797817e+03,3.9240346877219903e+00
642875,8.3952703806797817e+03,3.9240346877219903e+00
642975,8.3952703806797817e+03,3.9240346877219903e+00
643075,8.3952703806797817e+03,3.9240346877219903e+00
643175,8.3952703806797817e+03,3.9240346877219903e+00
643275,8.3952703806797817e+03,3.9240346877219903e+00
643375,8.3952703806797817e+03,3.9240346877219903e+00
643475,8.3952703806797817e+03,3.9240346877219903e+00
643575,8.3952703806797817e+03,3.9240346877219903e+00
643675,8.3952703806797817e+03,3.9240346877219903e+00
643775,8.3952703806797817e+03,3.9240346877219903e+00
643875,8.3952703806797817e+03,3.9240346877219903e+00
643975,8.3952703806797817e+03,3.9240346877219903e+00
644075,8.3952703806797817e+03,3.9240346877219903e+00
644175,8.3952703806797817e+03,3.9240346877219903e+00
644275,8.3952703806797817e+03,3.9240346877219903e+00
644375,8.3952703806797817e+03,3.9240346877219903e+00
644475,8.3952703806797817e+03,3.9240346877219903e+00
644575,8.3952703806797817e+03,3.9240346877219903e+00
644675,8.3952703806797817e+03,3.9240346877219903e+00
644775,8.3952703806797817e+03,3.9240346877219903e+00
644875,8.3952703806797817e+03,3.9240346877219903e+00
644975,8.3952703806797817e+03,3.9240346877219903e+00
645074,8.3952703806797817e+03,3.9240346877219903e+00
645173,8.3952703806797817e+03,3.9240346877219903e+00
645272,8.3952703806797817e+03,3.9240346877219903e+00
645371,8.3952703806797817e+03,3.9240346877219903e+00
645470,8.3952703806797817e+03,3.9240346877219903e+00
645569,8.3952703806797817e+03,3.9240346877219903e+00
645668,8.3952703806797817e+03,3.9240346877219903e+00
645767,8.3952703806797817e+03,3.9240346877219903e+00
645866,8.3952703806797817e+03,3.9240346877219903e+00
645965,8.3952703806797817e+03,3.9240346877219903e+00
646064,8.3952703806797817e+03,3.9240346877219903e+00
646163,8.3952703806797817e+03,3.9240346877219903e+00
646262,8.3952703806797817e+03,3.9240346877219903e+00
646361,8.3952703806797817e+03,3.9240346877219903e+00
646460,8.3952703806797817e+03,3.9240346877219903e+00
646559,8.3952703806797817e+03,3.9240346877219903e+00
646658,8.3952703806797817e+03,3.9240346877219903e+00
646757,8.3952703806797817e+03,3.9240346877219903e+00
646856,8.3952703806797817e+03,3.9240346877219903e+00
646955,8.3952703806797817e+03,3.9240346877219903e+00
647054,8.3952703806797817e+03,3.9240346877219903e+00
647153,8.3952703806797817e+03,3.9240346877219903e+00
647252,8.3952703806797817e+03,3.9240346877219903e+00
647351,8.3952703806797817e+03,3.9240346877219903e+00
647450,8.3952703806797817e+03,3.9240346877219903e+00
647548,8.3952703806797817e+03,3.9240346877219903e+00
647646,8.3952703806797817e+03,3.9240346877219903e+00
647744,8.3952703806797817e+03,3.9240346877219903e+00
647842,8.3952703806797817e+03,3.9240346877219903e+00
647940,8.3952703806797817e+03,3.9240346877219903e+00
648038,8.3952703806797817e+03,3.9240346877219903e+00
648136,8.3952703806797817e+03,3.9240346877219903e+00
648234,8.3952703806797817e+03,3.9240346877219903e+00
648332,8.3952703806797817e+03,3.9240346877219903e+00
648430,8.3952703806797817e+03,3.9240346877219903e+00
648528,8.3952703806797817e+03,3.9240346877219903e+00
648626,8.3952703806797817e+03,3.9240346877219903e+00
648724,8.3952703806797817e+03,3.9240346877219903e+00
648822,8.3952703806797817e+03,3.9240346877219903e+00
648920,8.3952703806797817e+03,3.9240346877219903e+00
649018,8.3952703806797817e+03,3.9240346877219903e+00
649116,8.3952703806797817e+03,3.9240346877219903e+00
649214,8.3952703806797817e+03,3.9240346877219903e+00
649312,8.3952703806797817e+03,3.9240346877219903e+00
649410,8.3952703806797817e+03,3.9240346877219903e+00
649508,8.3952703806797817e+03,3.9240346877219903e+00
649606,8.3952703806797817e+03,3.9240346877219903e+00
649704,8.3952703806797817e+03,3.9240346877219903e+00
649802,8.3952703806797817e+03,3.9240346877219903e+00
649900,8.3952703806797817e+03,3.9240346877219903e+00
649998,8.3952703806797817e+03,3.9240346877219903e+00
650096,8.3952703806797817e+03,3.9240346877219903e+00
650193,8.3952703806797817e+03,3.9240346877219903e+00
650290,8.3952703806797817e+03,3.9240346877219903e+00
650387,8.3952703806797817e+03,3.9240346877219903e+00
650484,8.3952703806797817e+03,3.9240346877219903e+00
650581,8.3952703806797817e+03,3.9240346877219903e+00
650678,8.3952703806797817e+03,3.9240346877219903e+00
650775,8.3952703806797817e+03,3.9240346877219903e+00
650872,8.3952703806797817e+03,3.9240346877219903e+00
650969,8.3952703806797817e+03,3.9240346877219903e+00
651066,8.3952703806797817e+03,3.9240346877219903e+00
651163,8.3952703806797817e+03,3.9240346877219903e+00
651260,8.3952703806797817e+03,3.9240346877219903e+00
651357,8.3952703806797817e+03,3.9240346877219903e+00
651454,8.3952703806797817e+03,3.9240346877219903e+00
651551,8.3952703806797817e+03,3.9240346877219903e+00
651648,8.3952703806797817e+03,3.9240346877219903e+00
651745,8.3952703806797817e+03,3.9240346877219903e+00
651842,8.3952703806797817e+03,3.9240346877219903e+00
651939,8.3952703806797817e+03,3.9240346877219903e+00
652036,8.3952703806797817e+03,3.9240346877219903e+00
652133,8.3952703806797817e+03,3.9240346877219903e+00
652230,8.3952703806797817e+03,3.9240346877219903e+00
652327,8.3952703806797817e+03,3.9240346877219903e+00
652424,8.3952703806797817e+03,3.9240346877219903e+00
652521,8.3952703806797817e+03,3.9240346877219903e+00
652618,8.3952703806797817e+03,3.9240346877219903e+00
652714,8.3952703806797817e+03,3.9240346877219903e+00
652810,8.3952703806797817e+03,3.9240346877219903e+00
652906,8.3952703806797817e+03,3.9240346877219903e+00
653002,8.3952703806797817e+03,3.9240346877219903e+00
653098,8.3952703806797817e+03,3.9240346877219903e+00
653194,8.3952703806797817e+03,3.9240346877219903e+00
653290,8.3952703806797817e+03,3.9240346877219903e+00
653386,8.3952703806797817e+03,3.9240346877219903e+00
653482,8.3952703806797817e+03,3.9240346877219903e+00
653578,8.3952703806797817e+03,3.9240346877219903e+00
653674,8.3952703806797817e+03,3.9240346877219903e+00
653770,8.3952703806797817e+03,3.9240346877219903e+00
653866,8.3952703806797817e+03,3.9240346877219903e+00
653962,8.3952703806797817e+03,3.9240346877219903e+00
654058,8.3952703806797817e+03,3.9240346877219903e+00
654154,8.3952703806797817e+03,3.9240346877219903e+00
654250,8.3952703806797817e+03,3.9240346877219903e+00
654346,8.3952703806797817e+03,3.9240346877219903e+00
654442,8.3952703806797817e+03,3.9240346877219903e+00
654538,8.3952703806797817e+03,3.9240346877219903e+00
654634,8.3952703806797817e+03,3.9240346877219903e+00
654730,8.3952703806797817e+03,3.9240346877219903e+00
654826,8.3952703806797817e+03,3.9240346877219903e+00
654922,8.3952703806797817e+03,3.9240346877219903e+00
655018,8.3952703806797817e+03,3.9240346877219903e+00
655114,8.3952703806797817e+03,3.9240346877219903e+00
655210,8.3952703806797817e+03,3.9240346877219903e+00
655305,8.3952703806797817e+03,3.9240346877219903e+00
655400,8.3952703806797817e+03,3.9240346877219903e+00
655495,8.3952703806797817e+03,3.9240346877219903e+00
655590,8.3952703806797817e+03,3.9240346877219903e+00
655685,8.3952703806797817e+03,3.9240346877219903e+00
655780,8.3952703806797817e+03,3.9240346877219903e+00
655875,8.3952703806797817e+03,3.9240346877219903e+00
655970,8.3952703806797817e+03,3.9240346877219903e+00
656065,8.3952703806797817e+03,3.9240346877219903e+00
656160,8.3952703806797817e+03,3.9240346877219903e+00
656255,8.3952703806797817e+03,3.9240346877219903e+00
656350,8.3952703806797817e+03,3.9240346877219903e+00
656445,8.3952703806797817e+03,3.9240346877219903e+00
656540,8.3952703806797817e+03,3.9240346877219903e+00
656635,8.3952703806797817e+03,3.9240346877219903e+00
656730,8.3952703806797817e+03,3.9240346877219903e+00
656825,8.3952703806797817e+03,3.9240346877219903e+00
656920,8.3952703806797817e+03,3.9240346877219903e+00
657015,8.3952703806797817e+03,3.9240346877219903e+00
657110,8.3952703806797817e+03,3.9240346877219903e+00
657205,8.3952703806797817e+03,3.9240346877219903e+00
657300,8.3952703806797817e+03,3.9240346877219903e+00
657395,8.3952703806797817e+03,3.9240346877219903e+00
657490,8.3952703806797817e+03,3.9240346877219903e+00
657585,8.3952703806797817e+03,3.9240346877219903e+00
657680,8.3952703806797817e+03,3.9240346877219903e+00
657775,8.3952703806797817e+03,3.9240346877219903e+00
657870,8.3952703806797817e+03,3.9240346877219903e+00
657964,8.3952703806797817e+03,3.9240346877219903e+00
658058,8.3952703806797817e+03,3.9240346877219903e+00
658152,8.3952703806797817e+03,3.9240346877219903e+00
658246,8.3952703806797817e+03,3.9240346877219903e+00
658340,8.3952703806797817e+03,3.9240346877219903e+00
658434,8.3952703806797817e+03,3.9240346877219903e+00
658528,8.3952703806797817e+03,3.9240346877219903e+00
658622,8.3952703806797817e+03,3.9240346877219903e+00
658716,8.3952703806797817e+03,3.9240346877219903e+00
658810,8.3952703806797817e+03,3.9240346877219903e+00
658904,8.3952703806797817e+03,3.9240346877219903e+00
658998,8.3952703806797817e+03,3.9240346877219903e+00
659092,8.3952703806797817e+03,3.9240346877219903e+00
659186,8.3952703806797817e+03,3.9240346877219903e+00
659280,8.3952703806797817e+03,3.9240346877219903e+00
659374,8.3952703806797817e+03,3.9240346877219903e+00
659468,8.3952703806797817e+03,3.9240346877219903e+00
659562,8.3952703806797817e+03,3.9240346877219903e+00
659656,8.3952703806797817e+03,3.9240346877219903e+00
659750,8.3952703806797817e+03,3.9240346877219903e+00
659844,8.3952703806797817e+03,3.9240346877219903e+00
659938,8.3952703806797817e+03,3.9240346877219903e+00
660032,8.3952703806797817e+03,3.9240346877219903e+00
660126,8.3952703806797817e+03,3.9240346877219903e+00
660220,8.3952703806797817e+03,3.9240346877219903e+00
660314,8.3952703806797817e+03,3.9240346877219903e+00
660408,8.3952703806797817e+03,3.9240346877219903e+00
660502,8.3952703806797817e+03,3.9240346877219903e+00
660595,8.3952703806797817e+03,3.9240346877219903e+00
660688,8.3952703806797817e+03,3.9240346877219903e+00
660781,8.3952703806797817e+03,3.9240346877219903e+00
660874,8.3952703806797817e+03,3.9240346877219903e+00
660967,8.3952703806797817e+03,3.9240346877219903e+00
661060,8.3952703806797817e+03,3.9240346877219903e+00
661153,8.3952703806797817e+03,3.9240346877219903e+00
661246,8.3952703806797817e+03,3.9240346877219903e+00
661339,8.3952703806797817e+03,3.9240346877219903e+00
661432,8.3952703806797817e+03,3.9240346877219903e+00
661525,8.3952703806797817e+03,3.9240346877219903e+00
661618,8.3952703806797817e+03,3.9240346877219903e+00
661711,8.3952703806797817e+03,3.9240346877219903e+00
661804,8.3952703806797817e+03,3.9240346877219903e+00
661897,8.3952703806797817e+03,3.9240346877219903e+00
661990,8.3952703806797817e+03,3.9240346877219903e+00
662083,8.3952703806797817e+03,3.9240346877219903e+00
662176,8.3952703806797817e+03,3.9240346877219903e+00
662269,8.3952703806797817e+03,3.9240346877219903e+00
662362,8.3952703806797817e+03,3.9240346877219903e+00
662455,8.3952703806797817e+03,3.9240346877219903e+00
662548,8.3952703806797817e+03,3.9240346877219903e+00
662641,8.3952703806797817e+03,3.9240346877219903e+00
662734,8.3952703806797817e+03,3.9240346877219903e+00
662827,8.3952703806797817e+03,3.9240346877219903e+00
662920,8.3952703806797817e+03,3.9240346877219903e+00
663013,8.3952703806797817e+03,3.9240346877219903e+00
663106,8.3952703806797817e+03,3.9240346877219903e+00
663198,8.3952703806797817e+03,3.9240346877219903e+00
663290,8.3952703806797817e+03,3.9240346877219903e+00
663382,8.3952703806797817e+03,3.9240346877219903e+00
663474,8.3952703806797817e+03,3.9240346877219903e+00
663566,8.3952703806797817e+03,3.9240346877219903e+00
663658,8.3952703806797817e+03,3.9240346877219903e+00
663750,8.3952703806797817e+03,3.9240346877219903e+00
663842,8.3952703806797817e+03,3.9240346877219903e+00
663934,8.3952703806797817e+03,3.9240346877219903e+00
664026,8.3952703806797817e+03,3.9240346877219903e+00
664118,8.3952703806797817e+03,3.9240346877219903e+00
664210,8.3952703806797817e+03,3.9240346877219903e+00
664302,8.3952703806797817e+03,3.9240346877219903e+00
664394,8.3952703806797817e+03,3.9240346877219903e+00
664486,8.3952703806797817e+03,3.9240346877219903e+00
664578,8.3952703806797817e+03,3.9240346877219903e+00
664670,8.3952703806797817e+03,3.9240346877219903e+00
664762,8.3952703806797817e+03,3.9240346877219903e+00
664854,8.3952703806797817e+03,3.9240346877219903e+00
664946,8.3952703806797817e+03,3.9240346877219903e+00
665038,8.3952703806797817e+03,3.9240346877219903e+00
665130,8.3952703806797817e+03,3.9240346877219903e+00
665222,8.3952703806797817e+03,3.9240346877219903e+00
665314,8.3952703806797817e+03,3.9240346877219903e+00
665406,8.3952703806797817e+03,3.9240346877219903e+00
665498,8.3952703806797817e+03,3.9240346877219903e+00
665590,8.3952703806797817e+03,3.9240346877219903e+00
665682,8.3952703806797817e+03,3.9240346877219903e+00
665774,8.3952703806797817e+03,3.9240346877219903e+00
665865,8.3952703806797817e+03,3.9240346877219903e+00
665956,8.3952703806797817e+03,3.9240346877219903e+00
666047,8.3952703806797817e+03,3.9240346877219903e+00
666138,8.3952703806797817e+03,3.9240346877219903e+00
666229,8.3952703806797817e+03,3.9240346877219903e+00
666320,8.3952703806797817e+03,3.9240346877219903e+00
666411,8.3952703806797817e+03,3.9240346877219903e+00
666502,8.3952703806797817e+03,3.9240346877219903e+00
666593,8.3952703806797817e+03,3.9240346877219903e+00
666684,8.3952703806797817e+03,3.9240346877219903e+00
666775,8.3952703806797817e+03,3.9240346877219903e+00
666866,8.3952703806797817e+03,3.9240346877219903e+00
666957,8.3952703806797817e+03,3.9240346877219903e+00
667048,8.3952703806797817e+03,3.9240346877219903e+00
667139,8.3952703806797817e+03,3.9240346877219903e+00
667230,8.3952703806797817e+03,3.9240346877219903e+00
667321,8.3952703806797817e+03,3.9240346877219903e+00
667412,8.3952703806797817e+03,3.9240346877219903e+00
667503,8.3952703806797817e+03,3.9240346877219903e+00
667594,8.3952703806797817e+03,3.9240346877219903e+00
667685,8.3952703806797817e+03,3.9240346877219903e+00
667776,8.3952703806797817e+03,3.9240346877219903e+00
667867,8.3952703806797817e+03,3.9240346877219903e+00
667958,8.3952703806797817e+03,3.9240346877219903e+00
668049,8.3952703806797817e+03,3.9240346877219903e+00
668140,8.3952703806797817e+03,3.9240346877219903e+00
668231,8.3952703806797817e+03,3.9240346877219903e+00
668322,8.3952703806797817e+03,3.9240346877219903e+00
668413,8.3952703806797817e+03,3.9240346877219903e+00
668504,8.3952703806797817e+03,3.9240346877219903e+00
668594,8.3952703806797817e+03,3.9240346877219903e+00
668684,8.3952703806797817e+03,3.9240346877219903e+00
668774,8.3952703806797817e+03,3.9240346877219903e+00
668864,8.3952703806797817e+03,3.9240346877219903e+00
668954,8.3952703806797817e+03,3.9240346877219903e+00
669044,8.3952703806797817e+03,3.9240346877219903e+00
669134,8.3952703806797817e+03,3.9240346877219903e+00
669224,8.3952703806797817e+03,3.9240346877219903e+00
669314,8.3952703806797817e+03,3.9240346877219903e+00
669404,8.3952703806797817e+03,3.9240346877219903e+00
669494,8.3952703806797817e+03,3.9240346877219903e+00
669584,8.3952703806797817e+03,3.9240346877219903e+00
669674,8.3952703806797817e+03,3.9240346877219903e+00
669764,8.3952703806797817e+03,3.9240346877219903e+00
669854,8.3952703806797817e+03,3.9240346877219903e+00
669944,8.3952703806797817e+03,3.9240346877219903e+00
670034,8.3952703806797817e+03,3.9240346877219903e+00
670124,8.3952703806797817e+03,3.9240346877219903e+00
670214,8.3952703806797817e+03,3.9240346877219903e+00
670304,8.3952703806797817e+03,3.9240346877219903e+00
670394,8.3952703806797817e+03,3.9240346877219903e+00
670484,8.3952703806797817e+03,3.9240346877219903e+00
670574,8.3952703806797817e+03,3.9240346877219903e+00
670664,8.3952703806797817e+03,3.9240346877219903e+00
670754,8.3952703806797817e+03,3.9240346877219903e+00
670844,8.3952703806797817e+03,3.9240346877219903e+00
670934,8.3952703806797817e+03,3.9240346877219903e+00
671024,8.3952703806797817e+03,3.9240346877219903e+00
671114,8.3952703806797817e+03,3.9240346877219903e+00
671204,8.3952703806797817e+03,3.9240346877219903e+00
671293,8.3952703806797817e+03,3.9240346877219903e+00
671382,8.3952703806797817e+03,3.9240346877219903e+00
671471,8.3952703806797817e+03,3.9240346877219903e+00
671560,8.3952703806797817e+03,3.9240346877219903e+00
671649,8.3952703806797817e+03,3.9240346877219903e+00
671738,8.3952703806797817e+03,3.9240346877219903e+00
671827,8.3952703806797817e+03,3.9240346877219903e+00
671916,8.3952703806797817e+03,3.9240346877219903e+00
672005,8.3952703806797817e+03,3.9240346877219903e+00
672094,8.3952703806797817e+03,3.9240346877219903e+00
672183,8.3952703806797817e+03,3.9240346877219903e+00
672272,8.3952703806797817e+03,3.9240346877219903e+00
672361,8.3952703806797817e+03,3.9240346877219903e+00
672450,8.3952703806797817e+03,3.9240346877219903e+00
672539,8.3952703806797817e+03,3.9240346877219903e+00
672628,8.3952703806797817e+03,3.9240346877219903e+00
672717,8.3952703806797817e+03,3.9240346877219903e+00
672806,8.3952703806797817e+03,3.9240346877219903e+00
672895,8.3952703806797817e+03,3.9240346877219903e+00
672984,8.3952703806797817e+03,3.9240346877219903e+00
673073,8.3952703806797817e+03,3.9240346877219903e+00
673162,8.3952703806797817e+03,3.9240346877219903e+00
673251,8.3952703806797817e+03,3.9240346877219903e+00
673340,8.3952703806797817e+03,3.9240346877219903e+00
673429,8.3952703806797817e+03,3.9240346877219903e+00
673518,8.3599433559091558e+03,3.9222033348194678e+00
673607,8.3599433559091558e+03,3.9222033348194678e+00
673696,8.3599433559091558e+03,3.9222033348194678e+00
673785,8.3599433559091558e+03,3.9222033348194678e+00
673874,8.3599433559091558e+03,3.9222033348194678e+00
673963,8.3599433559091558e+03,3.9222033348194678e+00
674051,8.3599433559091558e+03,3.9222033348194678e+00
674139,8.3599433559091558e+03,3.9222033348194678e+00
674227,8.3599433559091558e+03,3.9222033348194678e+00
674315,8.3599433559091558e+03,3.9222033348194678e+00
674403,8.3599433559091558e+03,3.9222033348194678e+00
674491,8.3599433559091558e+03,3.9222033348194678e+00
674579,8.3599433559091558e+03,3.9222033348194678e+00
674667,8.3599433559091558e+03,3.9222033348194678e+00
674755,8.3599433559091558e+03,3.9222033348194678e+00
674843,8.3599433559091558e+03,3.9222033348194678e+00
674931,8.3599433559091558e+03,3.9222033348194678e+00
675019,8.3599433559091558e+03,3.9222033348194678e+00
675107,8.3599433559091558e+03,3.9222033348194678e+00
675195,8.3599433559091558e+03,3.9222033348194678e+00
675283,8.3599433559091558e+03,3.9222033348194678e+00
675371,8.3599433559091558e+03,3.9222033348194678e+00
675459,8.3599433559091558e+03,3.9222033348194678e+00
675547,8.3599433559091558e+03,3.9222033348194678e+00
675635,8.3599433559091558e+03,3.9222033348194678e+00
675723,8.3599433559091558e+03,3.9222033348194678e+00
675811,8.3599433559091558e+03,3.9222033348194678e+00
675899,8.3599433559091558e+03,3.9222033348194678e+00
675987,8.3599433559091558e+03,3.9222033348194678e+00
676075,8.3599433559091558e+03,3.9222033348194678e+00
676163,8.3599433559091558e+03,3.9222033348194678e+00
676251,8.3599433559091558e+03,3.9222033348194678e+00
676339,8.3599433559091558e+03,3.9222033348194678e+00
676427,8.3599433559091558e+03,3.9222033348194678e+00
676515,8.3236270769701023e+03,3.9203126143024303e+00
676603,8.3236270769701023e+03,3.9203126143024303e+00
676691,8.3236270769701023e+03,3.9203126143024303e+00
676779,8.3236270769701023e+03,3.9203126143024303e+00
676866,8.3236270769701023e+03,3.9203126143024303e+00
676953,8.3236270769701023e+03,3.9203126143024303e+00
677040,8.3236270769701023e+03,3.9203126143024303e+00
677127,8.3236270769701023e+03,3.9203126143024303e+00
677214,8.3236270769701023e+03,3.9203126143024303e+00
677301,8.3236270769701023e+03,3.9203126143024303e+00
677388,8.3236270769701023e+03,3.9203126143024303e+00
677475,8.3236270769701023e+03,3.9203126143024303e+00
677562,8.3236270769701023e+03,3.9203126143024303e+00
677649,8.3236270769701023e+03,3.9203126143024303e+00
677736,8.3236270769701023e+03,3.9203126143024303e+00
677823,8.3236270769701023e+03,3.9203126143024303e+00
677910,8.3236270769701023e+03,3.9203126143024303e+00
677997,8.3236270769701023e+03,3.9203126143024303e+00
678084,8.3236270769701023e+03,3.9203126143024303e+00
678171,8.3236270769701023e+03,3.9203126143024303e+00
678258,8.3236270769701023e+03,3.9203126143024303e+00
678345,8.3236270769701023e+03,3.9203126143024303e+00
678432,8.3236270769701023e+03,3.9203126143024303e+00
678519,8.3236270769701023e+03,3.9203126143024303e+00
678606,8.3236270769701023e+03,3.9203126143024303e+00
678693,8.3236270769701023e+03,3.9203126143024303e+00
678780,8.3236270769701023e+03,3.9203126143024303e+00
678867,8.3236270769701023e+03,3.9203126143024303e+00
678954,8.3236270769701023e+03,3.9203126143024303e+00
679041,8.3236270769701023e+03,3.9203126143024303e+00
679128,8.3236270769701023e+03,3.9203126143024303e+00
679215,8.3236270769701023e+03,3.9203126143024303e+00
679302,8.3236270769701023e+03,3.9203126143024303e+00
679389,8.3236270769701023e+03,3.9203126143024303e+00
679476,8.3236270769701023e+03,3.9203126143024303e+00
679563,8.3236270769701023e+03,3.9203126143024303e+00
679649,8.3236270769701023e+03,3.9203126143024303e+00
679735,8.3236270769701023e+03,3.9203126143024303e+00
679821,8.3236270769701023e+03,3.9203126143024303e+00
679907,8.3236270769701023e+03,3.9203126143024303e+00
679993,8.3236270769701023e+03,3.9203126143024303e+00
680079,8.3236270769701023e+03,3.9203126143024303e+00
680165,8.3236270769701023e+03,3.9203126143024303e+00
680251,8.3236270769701023e+03,3.9203126143024303e+00
680337,8.3236270769701023e+03,3.9203126143024303e+00
680423,8.3236270769701023e+03,3.9203126143024303e+00
680509,8.3236270769701023e+03,3.9203126143024303e+00
680595,8.3236270769701023e+03,3.9203126143024303e+00
680681,8.3236270769701023e+03,3.9203126143024303e+00
680767,8.3236270769701023e+03,3.9203126143024303e+00
680853,8.3236270769701023e+03,3.9203126143024303e+00
680939,8.3236270769701023e+03,3.9203126143024303e+00
681025,8.3236270769701023e+03,3.9203126143024303e+00
681111,8.3236270769701023e+03,3.9203126143024303e+00
681197,8.3236270769701023e+03,3.9203126143024303e+00
681283,8.3236270769701023e+03,3.9203126143024303e+00
681369,8.3236270769701023e+03,3.9203126143024303e+00
681455,8.3236270769701023e+03,3.9203126143024303e+00
681541,8.3236270769701023e+03,3.9203126143024303e+00
681627,8.3236270769701023e+03,3.9203126143024303e+00
681713,8.3236270769701023e+03,3.9203126143024303e+00
681799,8.3236270769701023e+03,3.9203126143024303e+00
681885,8.3236270769701023e+03,3.9203126143024303e+00
681971,8.3236270769701023e+03,3.9203126143024303e+00
682057,8.2768760829783314e+03,3.9178664532196792e+00
682143,8.2768760829783314e+03,3.9178664532196792e+00
682229,8.2768760829783314e+03,3.9178664532196792e+00
682315,8.2768760829783314e+03,3.9178664532196792e+00
682401,8.2768760829783314e+03,3.9178664532196792e+00
682486,8.2768760829783314e+03,3.9178664532196792e+00
682571,8.2768760829783314e+03,3.9178664532196792e+00
682656,8.2768760829783314e+03,3.9178664532196792e+00
682741,8.2768760829783314e+03,3.9178664532196792e+00
682826,8.2768760829783314e+03,3.9178664532196792e+00
682911,8.2768760829783314e+03,3.9178664532196792e+00
682996,8.2768760829783314e+03,3.9178664532196792e+00
683081,8.2768760829783314e+03,3.9178664532196792e+00
683166,8.2768760829783314e+03,3.9178664532196792e+00
683251,8.2768760829783314e+03,3.9178664532196792e+00
683336,8.2768760829783314e+03,3.9178664532196792e+00
683421,8.2768760829783314e+03,3.9178664532196792e+00
683506,8.2768760829783314e+03,3.9178664532196792e+00
683591,8.2768760829783314e+03,3.9178664532196792e+00
683676,8.2768760829783314e+03,3.9178664532196792e+00
683761,8.2768760829783314e+03,3.9178664532196792e+00
683846,8.2768760829783314e+03,3.9178664532196792e+00
683931,8.2768760829783314e+03,3.9178664532196792e+00
684016,8.2768760829783314e+03,3.9178664532196792e+00
684101,8.2768760829783314e+03,3.9178664532196792e+00
684186,8.2768760829783314e+03,3.9178664532196792e+00
684271,8.2768760829783314e+03,3.9178664532196792e+00
684356,8.2768760829783314e+03,3.9178664532196792e+00
684441,8.2768760829783314e+03,3.9178664532196792e+00
684526,8.2768760829783314e+03,3.9178664532196792e+00
684611,8.2768760829783314e+03,3.9178664532196792e+00
684696,8.2768760829783314e+03,3.9178664532196792e+00
684781,8.2768760829783314e+03,3.9178664532196792e+00
684866,8.2768760829783314e+03,3.9178664532196792e+00
684951,8.2768760829783314e+03,3.9178664532196792e+00
685036,8.2768760829783314e+03,3.9178664532196792e+00
685121,8.2768760829783314e+03,3.9178664532196792e+00
685206,8.2768760829783314e+03,3.9178664532196792e+00
685291,8.2768760829783314e+03,3.9178664532196792e+00
685375,8.2768760829783314e+03,3.9178664532196792e+00
685459,8.2768760829783314e+03,3.9178664532196792e+00
685543,8.2768760829783314e+03,3.9178664532196792e+00
685627,8.2768760829783314e+03,3.9178664532196792e+00
685711,8.2768760829783314e+03,3.9178664532196792e+00
685795,8.2768760829783314e+03,3.9178664532196792e+00
685879,8.2768760829783314e+03,3.9178664532196792e+00
685963,8.2768760829783314e+03,3.9178664532196792e+00
686047,8.2768760829783314e+03,3.9178664532196792e+00
686131,8.2768760829783314e+03,3.9178664532196792e+00
686215,8.2768760829783314e+03,3.9178664532196792e+00
686299,8.2768760829783314e+03,3.9178664532196792e+00
686383,8.2768760829783314e+03,3.9178664532196792e+00
686467,8.2768760829783314e+03,3.9178664532196792e+00
686551,8.2768760829783314e+03,3.9178664532196792e+00
686635,8.2768760829783314e+03,3.9178664532196792e+00
686719,8.2768760829783314e+03,3.9178664532196792e+00
686803,8.2768760829783314e+03,3.9178664532196792e+00
686887,8.2768760829783314e+03,3.9178664532196792e+00
686971,8.2768760829783314e+03,3.9178664532196792e+00
687055,8.2768760829783314e+03,3.9178664532196792e+00
687139,8.2768760829783314e+03,3.9178664532196792e+00
687223,8.2768760829783314e+03,3.9178664532196792e+00
687307,8.2768760829783314e+03,3.9178664532196792e+00
687391,8.2768760829783314e+03,3.9178664532196792e+00
687475,8.2768760829783314e+03,3.9178664532196792e+00
687559,8.2768760829783314e+03,3.9178664532196792e+00
687643,8.2768760829783314e+03,3.9178664532196792e+00
687727,8.2768760829783314e+03,3.9178664532196792e+00
687811,8.2768760829783314e+03,3.9178664532196792e+00
687895,8.2768760829783314e+03,3.9178664532196792e+00
687979,8.2768760829783314e+03,3.9178664532196792e+00
688063,8.2768760829783314e+03,3.9178664532196792e+00
688147,8.2768760829783314e+03,3.9178664532196792e+00
688230,8.2768760829783314e+03,3.9178664532196792e+00
688313,8.2768760829783314e+03,3.9178664532196792e+00
688396,8.2768760829783314e+03,3.9178664532196792e+00
688479,8.2768760829783314e+03,3.9178664532196792e+00
688562,8.2768760829783314e+03,3.9178664532196792e+00
688645,8.2768760829783314e+03,3.9178664532196792e+00
688728,8.2768760829783314e+03,3.9178664532196792e+00
688811,8.2768760829783314e+03,3.9178664532196792e+00
688894,8.2768760829783314e+03,3.9178664532196792e+00
688977,8.2768760829783314e+03,3.9178664532196792e+00
689060,8.2768760829783314e+03,3.9178664532196792e+00
689143,8.2768760829783314e+03,3.9178664532196792e+00
689226,8.2768760829783314e+03,3.9178664532196792e+00
689309,8.2768760829783314e+03,3.9178664532196792e+00
689392,8.2768760829783314e+03,3.9178664532196792e+00
689475,8.2768760829783314e+03,3.9178664532196792e+00
689558,8.2768760829783314e+03,3.9178664532196792e+00
689641,8.2768760829783314e+03,3.9178664532196792e+00
689724,8.2768760829783314e+03,3.9178664532196792e+00
689807,8.2768760829783314e+03,3.9178664532196792e+00
689890,8.2768760829783314e+03,3.9178664532196792e+00
689973,8.2768760829783314e+03,3.9178664532196792e+00
690056,8.2768760829783314e+03,3.9178664532196792e+00
690139,8.2768760829783314e+03,3.9178664532196792e+00
690222,8.2768760829783314e+03,3.9178664532196792e+00
690305,8.2768760829783314e+03,3.9178664532196792e+00
690388,8.2768760829783314e+03,3.9178664532196792e+00
690471,8.2768760829783314e+03,3.9178664532196792e+00
690554,8.2768760829783314e+03,3.9178664532196792e+00
690637,8.2768760829783314e+03,3.9178664532196792e+00
690720,8.2768760829783314e+03,3.9178664532196792e+00
690803,8.2768760829783314e+03,3.9178664532196792e+00
690886,8.2768760829783314e+03,3.9178664532196792e+00
690969,8.2768760829783314e+03,3.9178664532196792e+00
691052,8.2768760829783314e+03,3.9178664532196792e+00
691134,8.2768760829783314e+03,3.9178664532196792e+00
691216,8.2768760829783314e+03,3.9178664532196792e+00
691298,8.2768760829783314e+03,3.9178664532196792e+00
691380,8.2768760829783314e+03,3.9178664532196792e+00
691462,8.2768760829783314e+03,3.9178664532196792e+00
691544,8.2768760829783314e+03,3.9178664532196792e+00
691626,8.2768760829783314e+03,3.9178664532196792e+00
691708,8.2768760829783314e+03,3.9178664532196792e+00
691790,8.2768760829783314e+03,3.9178664532196792e+00
691872,8.2768760829783314e+03,3.9178664532196792e+00
691954,8.2768760829783314e+03,3.9178664532196792e+00
692036,8.2768760829783314e+03,3.9178664532196792e+00
692118,8.2768760829783314e+03,3.9178664532196792e+00
692200,8.2768760829783314e+03,3.9178664532196792e+00
692282,8.2768760829783314e+03,3.9178664532196792e+00
692364,8.2768760829783314e+03,3.9178664532196792e+00
692446,8.2768760829783314e+03,3.9178664532196792e+00
692528,8.2768760829783314e+03,3.9178664532196792e+00
692610,8.2768760829783314e+03,3.9178664532196792e+00
692692,8.2768760829783314e+03,3.9178664532196792e+00
692774,8.2768760829783314e+03,3.9178664532196792e+00
692856,8.2768760829783314e+03,3.9178664532196792e+00
692938,8.2768760829783314e+03,3.9178664532196792e+00
693020,8.2768760829783314e+03,3.9178664532196792e+00
693102,8.2768760829783314e+03,3.9178664532196792e+00
693184,8.2768760829783314e+03,3.9178664532196792e+00
693266,8.2768760829783314e+03,3.9178664532196792e+00
693348,8.2768760829783314e+03,3.9178664532196792e+00
693430,8.2768760829783314e+03,3.9178664532196792e+00
693512,8.2768760829783314e+03,3.9178664532196792e+00
693594,8.2768760829783314e+03,3.9178664532196792e+00
693676,8.2768760829783314e+03,3.9178664532196792e+00
693758,8.2768760829783314e+03,3.9178664532196792e+00
693840,8.2768760829783314e+03,3.9178664532196792e+00
693922,8.2768760829783314e+03,3.9178664532196792e+00
694004,8.2768760829783314e+03,3.9178664532196792e+00
694085,8.2768760829783314e+03,3.9178664532196792e+00
694166,8.2768760829783314e+03,3.9178664532196792e+00
694247,8.2768760829783314e+03,3.9178664532196792e+00
694328,8.2768760829783314e+03,3.9178664532196792e+00
694409,8.2768760829783314e+03,3.9178664532196792e+00
694490,8.2768760829783314e+03,3.9178664532196792e+00
694571,8.2768760829783314e+03,3.9178664532196792e+00
694652,8.2768760829783314e+03,3.9178664532196792e+00
694733,8.2768760829783314e+03,3.9178664532196792e+00
694814,8.2768760829783314e+03,3.9178664532196792e+00
694895,8.2768760829783314e+03,3.9178664532196792e+00
694976,8.2768760829783314e+03,3.9178664532196792e+00
695057,8.2768760829783314e+03,3.9178664532196792e+00
695138,8.2768760829783314e+03,3.9178664532196792e+00
695219,8.2768760829783314e+03,3.9178664532196792e+00
695300,8.2768760829783314e+03,3.9178664532196792e+00
695381,8.2768760829783314e+03,3.9178664532196792e+00
695462,8.2768760829783314e+03,3.9178664532196792e+00
695543,8.2768760829783314e+03,3.9178664532196792e+00
695624,8.2768760829783314e+03,3.9178664532196792e+00
695705,8.2768760829783314e+03,3.9178664532196792e+00
695786,8.2768760829783314e+03,3.9178664532196792e+00
695867,8.2768760829783314e+03,3.9178664532196792e+00
695948,8.2768760829783314e+03,3.9178664532196792e+00
696029,8.2768760829783314e+03,3.9178664532196792e+00
696110,8.2768760829783314e+03,3.9178664532196792e+00
696191,8.2768760829783314e+03,3.9178664532196792e+00
696272,8.2768760829783314e+03,3.9178664532196792e+00
696353,8.2768760829783314e+03,3.9178664532196792e+00
696434,8.2768760829783314e+03,3.9178664532196792e+00
696515,8.2768760829783314e+03,3.9178664532196792e+00
696596,8.2768760829783314e+03,3.9178664532196792e+00
696677,8.2768760829783314e+03,3.9178664532196792e+00
696758,8.2768760829783314e+03,3.9178664532196792e+00
696839,8.2768760829783314e+03,3.9178664532196792e+00
696920,8.2768760829783314e+03,3.9178664532196792e+00
697001,8.2768760829783314e+03,3.9178664532196792e+00
697081,8.2768760829783314e+03,3.9178664532196792e+00
697161,8.2768760829783314e+03,3.9178664532196792e+00
697241,8.2768760829783314e+03,3.9178664532196792e+00
697321,8.2768760829783314e+03,3.9178664532196792e+00
697401,8.2768760829783314e+03,3.9178664532196792e+00
697481,8.2768760829783314e+03,3.9178664532196792e+00
697561,8.2768760829783314e+03,3.9178664532196792e+00
697641,8.2768760829783314e+03,3.9178664532196792e+00
697721,8.2768760829783314e+03,3.9178664532196792e+00
697801,8.2768760829783314e+03,3.9178664532196792e+00
697881,8.2768760829783314e+03,3.9178664532196792e+00
697961,8.2768760829783314e+03,3.9178664532196792e+00
698041,8.2768760829783314e+03,3.9178664532196792e+00
698121,8.2768760829783314e+03,3.9178664532196792e+00
698201,8.2768760829783314e+03,3.9178664532196792e+00
698281,8.2768760829783314e+03,3.9178664532196792e+00
698361,8.2768760829783314e+03,3.9178664532196792e+00
698441,8.2768760829783314e+03,3.9178664532196792e+00
698521,8.2768760829783314e+03,3.9178664532196792e+00
698601,8.2768760829783314e+03,3.9178664532196792e+00
698681,8.2768760829783314e+03,3.9178664532196792e+00
698761,8.2768760829783314e+03,3.9178664532196792e+00
698841,8.2768760829783314e+03,3.9178664532196792e+00
698921,8.2768760829783314e+03,3.9178664532196792e+00
699001,8.2768760829783314e+03,3.9178664532196792e+00
699081,8.2768760829783314e+03,3.9178664532196792e+00
699161,8.2768760829783314e+03,3.9178664532196792e+00
699241,8.2768760829783314e+03,3.9178664532196792e+00
699321,8.2768760829783314e+03,3.9178664532196792e+00
699401,8.2768760829783314e+03,3.9178664532196792e+00
699481,8.2768760829783314e+03,3.9178664532196792e+00
699561,8.2768760829783314e+03,3.9178664532196792e+00
699641,8.2768760829783314e+03,3.9178664532196792e+00
699721,8.2768760829783314e+03,3.9178664532196792e+00
699801,8.2768760829783314e+03,3.9178664532196792e+00
699881,8.2768760829783314e+03,3.9178664532196792e+00
699961,8.2768760829783314e+03,3.9178664532196792e+00
700041,8.2768760829783314e+03,3.9178664532196792e+00
700118,8.2655284535406518e+03,3.9172706252540905e+00
700191,8.2655284535406518e+03,3.9172706252540905e+00
700264,8.2655284535406518e+03,3.9172706252540905e+00
700337,8.2655284535406518e+03,3.9172706252540905e+00
700414,8.2185173779716333e+03,3.9147934778026388e+00
700487,8.2185173779716333e+03,3.9147934778026388e+00
700560,8.2185173779716333e+03,3.9147934778026388e+00
700633,8.2185173779716333e+03,3.9147934778026388e+00
700710,8.2185173779716333e+03,3.9147934778026388e+00
700783,8.2185173779716333e+03,3.9147934778026388e+00
700856,8.2185173779716333e+03,3.9147934778026388e+00
700929,8.2185173779716333e+03,3.9147934778026388e+00
701006,8.2158003895648435e+03,3.9146498791330857e+00
701079,8.2158003895648435e+03,3.9146498791330857e+00
701152,8.2158003895648435e+03,3.9146498791330857e+00
701225,8.2158003895648435e+03,3.9146498791330857e+00
701302,8.1883169437610431e+03,3.9131946444768535e+00
701375,8.1883169437610431e+03,3.9131946444768535e+00
701448,8.1883169437610431e+03,3.9131946444768535e+00
701521,8.1883169437610431e+03,3.9131946444768535e+00
701598,8.1380490030186302e+03,3.9105203006163713e+00
701671,8.1380490030186302e+03,3.9105203006163713e+00
701744,8.1380490030186302e+03,3.9105203006163713e+00
701817,8.1380490030186302e+03,3.9105203006163713e+00
701894,8.1319639777872653e+03,3.9101954461732236e+00
701967,8.1319639777872653e+03,3.9101954461732236e+00
702040,8.1319639777872653e+03,3.9101954461732236e+00
702113,8.1319639777872653e+03,3.9101954461732236e+00
702189,8.0797516138381179e+03,3.9073980099828076e+00
702261,8.0797516138381179e+03,3.9073980099828076e+00
702333,8.0797516138381179e+03,3.9073980099828076e+00
702405,8.0797516138381179e+03,3.9073980099828076e+00
702481,8.0621391454123795e+03,3.9064502894215090e+00
702553,8.0621391454123795e+03,3.9064502894215090e+00
702625,8.0621391454123795e+03,3.9064502894215090e+00
702697,8.0621391454123795e+03,3.9064502894215090e+00
702773,8.0598164125223939e+03,3.9063251495052738e+00
702845,8.0598164125223939e+03,3.9063251495052738e+00
702917,8.0598164125223939e+03,3.9063251495052738e+00
702989,8.0598164125223939e+03,3.9063251495052738e+00
703065,8.0356789558499368e+03,3.9050225773435070e+00
703137,8.0356789558499368e+03,3.9050225773435070e+00
703209,8.0356789558499368e+03,3.9050225773435070e+00
703281,8.0356789558499368e+03,3.9050225773435070e+00
703357,8.0356789558499368e+03,3.9050225773435070e+00
703429,8.0356789558499368e+03,3.9050225773435070e+00
703501,8.0356789558499368e+03,3.9050225773435070e+00
703573,8.0356789558499368e+03,3.9050225773435070e+00
703649,8.0132527027521774e+03,3.9038088386951522e+00
703721,8.0132527027521774e+03,3.9038088386951522e+00
703793,8.0132527027521774e+03,3.9038088386951522e+00
703865,8.0132527027521774e+03,3.9038088386951522e+00
703941,7.9622874606789737e+03,3.9010378527674252e+00
704013,7.9622874606789737e+03,3.9010378527674252e+00
704085,7.9622874606789737e+03,3.9010378527674252e+00
704157,7.9622874606789737e+03,3.9010378527674252e+00
704233,7.9559616616486328e+03,3.9006926816702761e+00
704305,7.9559616616486328e+03,3.9006926816702761e+00
704377,7.9559616616486328e+03,3.9006926816702761e+00
704449,7.9559616616486328e+03,3.9006926816702761e+00
704525,7.9559616616486328e+03,3.9006926816702761e+00
704597,7.9559616616486328e+03,3.9006926816702761e+00
704669,7.9559616616486328e+03,3.9006926816702761e+00
704741,7.9559616616486328e+03,3.9006926816702761e+00
704817,7.9559616616486328e+03,3.9006926816702761e+00
704889,7.9559616616486328e+03,3.9006926816702761e+00
704961,7.9559616616486328e+03,3.9006926816702761e+00
705033,7.9559616616486328e+03,3.9006926816702761e+00
705109,7.9237036163725552e+03,3.8989282225225899e+00
705181,7.9237036163725552e+03,3.8989282225225899e+00
705252,7.9237036163725552e+03,3.8989282225225899e+00
705323,7.9237036163725552e+03,3.8989282225225899e+00
705398,7.9003031080350675e+03,3.8976437540273734e+00
705469,7.9003031080350675e+03,3.8976437540273734e+00
705540,7.9003031080350675e+03,3.8976437540273734e+00
705611,7.9003031080350675e+03,3.8976437540273734e+00
705686,7.8813508661204796e+03,3.8966006620861302e+00
705757,7.8813508661204796e+03,3.8966006620861302e+00
705828,7.8813508661204796e+03,3.8966006620861302e+00
705899,7.8813508661204796e+03,3.8966006620861302e+00
705974,7.8813508661204796e+03,3.8966006620861302e+00
706045,7.8813508661204796e+03,3.8966006620861302e+00
706116,7.8813508661204796e+03,3.8966006620861302e+00
706187,7.8813508661204796e+03,3.8966006620861302e+00
706262,7.8615270616275666e+03,3.8955069137268294e+00
706333,7.8615270616275666e+03,3.8955069137268294e+00
706404,7.8615270616275666e+03,3.8955069137268294e+00
706475,7.8615270616275666e+03,3.8955069137268294e+00
706550,7.8175681436031546e+03,3.8930716755576755e+00
706621,7.8175681436031546e+03,3.8930716755576755e+00
706692,7.8175681436031546e+03,3.8930716755576755e+00
706763,7.8175681436031546e+03,3.8930716755576755e+00
706838,7.8171745192438366e+03,3.8930498077353626e+00
706909,7.8171745192438366e+03,3.8930498077353626e+00
706980,7.8171745192438366e+03,3.8930498077353626e+00
707051,7.8171745192438366e+03,3.8930498077353626e+00
707126,7.7794914742949477e+03,3.8909512091843350e+00
707197,7.7794914742949477e+03,3.8909512091843350e+00
707268,7.7794914742949477e+03,3.8909512091843350e+00
707339,7.7794914742949477e+03,3.8909512091843350e+00
707414,7.7794914742949477e+03,3.8909512091843350e+00
707485,7.7794914742949477e+03,3.8909512091843350e+00
707556,7.7794914742949477e+03,3.8909512091843350e+00
707627,7.7794914742949477e+03,3.8909512091843350e+00
707702,7.7727249135620896e+03,3.8905732977535927e+00
707773,7.7727249135620896e+03,3.8905732977535927e+00
707844,7.7727249135620896e+03,3.8905732977535927e+00
707915,7.7727249135620896e+03,3.8905732977535927e+00
707990,7.7727249135620896e+03,3.8905732977535927e+00
708061,7.7727249135620896e+03,3.8905732977535927e+00
708132,7.7727249135620896e+03,3.8905732977535927e+00
708203,7.7727249135620896e+03,3.8905732977535927e+00
708277,7.7449522082377262e+03,3.8890187422033367e+00
708347,7.7449522082377262e+03,3.8890187422033367e+00
708417,7.7449522082377262e+03,3.8890187422033367e+00
708487,7.7449522082377262e+03,3.8890187422033367e+00
708561,7.7448610792431682e+03,3.8890136321585937e+00
708631,7.7448610792431682e+03,3.8890136321585937e+00
708701,7.7448610792431682e+03,3.8890136321585937e+00
708771,7.7448610792431682e+03,3.8890136321585937e+00
708845,7.7330866581360860e+03,3.8883528769748215e+00
708915,7.7330866581360860e+03,3.8883528769748215e+00
708985,7.7330866581360860e+03,3.8883528769748215e+00
709055,7.7330866581360860e+03,3.8883528769748215e+00
709129,7.7273162557545438e+03,3.8880286869724014e+00
709199,7.7273162557545438e+03,3.8880286869724014e+00
709269,7.7273162557545438e+03,3.8880286869724014e+00
709339,7.7273162557545438e+03,3.8880286869724014e+00
709413,7.6988268341813236e+03,3.8864245513726359e+00
709483,7.6988268341813236e+03,3.8864245513726359e+00
709553,7.6988268341813236e+03,3.8864245513726359e+00
709623,7.6988268341813236e+03,3.8864245513726359e+00
709697,7.6988268341813236e+03,3.8864245513726359e+00
709767,7.6988268341813236e+03,3.8864245513726359e+00
709837,7.6988268341813236e+03,3.8864245513726359e+00
709907,7.6988268341813236e+03,3.8864245513726359e+00
709981,7.6956013796113366e+03,3.8862425638220208e+00
710051,7.6956013796113366e+03,3.8862425638220208e+00
710121,7.6956013796113366e+03,3.8862425638220208e+00
710191,7.6956013796113366e+03,3.8862425638220208e+00
710265,7.6867267201760151e+03,3.8857414412319731e+00
710335,7.6867267201760151e+03,3.8857414412319731e+00
710405,7.6867267201760151e+03,3.8857414412319731e+00
710475,7.6867267201760151e+03,3.8857414412319731e+00
710549,7.6529308556083433e+03,3.8838277894873765e+00
710619,7.6529308556083433e+03,3.8838277894873765e+00
710689,7.6529308556083433e+03,3.8838277894873765e+00
710759,7.6529308556083433e+03,3.8838277894873765e+00
710833,7.6246827087550137e+03,3.8822217757953541e+00
710903,7.6246827087550137e+03,3.8822217757953541e+00
710973,7.6246827087550137e+03,3.8822217757953541e+00
711043,7.6246827087550137e+03,3.8822217757953541e+00
711117,7.5875212167792579e+03,3.8800999184908624e+00
711187,7.5875212167792579e+03,3.8800999184908624e+00
711257,7.5875212167792579e+03,3.8800999184908624e+00
711327,7.5875212167792579e+03,3.8800999184908624e+00
711400,7.5644152217490282e+03,3.8787753598828161e+00
711469,7.5644152217490282e+03,3.8787753598828161e+00
711538,7.5644152217490282e+03,3.8787753598828161e+00
711607,7.5644152217490282e+03,3.8787753598828161e+00
711680,7.5644152217490282e+03,3.8787753598828161e+00
711749,7.5644152217490282e+03,3.8787753598828161e+00
711818,7.5644152217490282e+03,3.8787753598828161e+00
711887,7.5644152217490282e+03,3.8787753598828161e+00
711960,7.5524289162441946e+03,3.8780866463679358e+00
712029,7.5524289162441946e+03,3.8780866463679358e+00
712098,7.5524289162441946e+03,3.8780866463679358e+00
712167,7.5524289162441946e+03,3.8780866463679358e+00
712240,7.5519881259516042e+03,3.8780612984460308e+00
712309,7.5519881259516042e+03,3.8780612984460308e+00
712378,7.5519881259516042e+03,3.8780612984460308e+00
712447,7.5519881259516042e+03,3.8780612984460308e+00
712520,7.5283717361111831e+03,3.8767010555514902e+00
712589,7.5283717361111831e+03,3.8767010555514902e+00
712658,7.4471129389758862e+03,3.8719879401737161e+00
712727,7.4471129389758862e+03,3.8719879401737161e+00
712800,7.4300521020066590e+03,3.8709918591891959e+00
712869,7.4300521020066590e+03,3.8709918591891959e+00
712938,7.4300521020066590e+03,3.8709918591891959e+00
713007,7.4300521020066590e+03,3.8709918591891959e+00
713080,7.4263024884547158e+03,3.8707726349509026e+00
713149,7.4263024884547158e+03,3.8707726349509026e+00
713218,7.4263024884547158e+03,3.8707726349509026e+00
713287,7.4263024884547158e+03,3.8707726349509026e+00
713360,7.4204608724043210e+03,3.8704308794200384e+00
713429,7.4204608724043210e+03,3.8704308794200384e+00
713498,7.4204608724043210e+03,3.8704308794200384e+00
713567,7.4204608724043210e+03,3.8704308794200384e+00
713640,7.4003127085806700e+03,3.8692500717230893e+00
713709,7.4003127085806700e+03,3.8692500717230893e+00
713778,7.4003127085806700e+03,3.8692500717230893e+00
713847,7.4003127085806700e+03,3.8692500717230893e+00
713920,7.3683877466046624e+03,3.8673724716648983e+00
713989,7.3683877466046624e+03,3.8673724716648983e+00
714058,7.3683877466046624e+03,3.8673724716648983e+00
714127,7.3683877466046624e+03,3.8673724716648983e+00
714200,7.3586547267709320e+03,3.8667984260031014e+00
714269,7.3586547267709320e+03,3.8667984260031014e+00
714338,7.3586547267709320e+03,3.8667984260031014e+00
714407,7.3586547267709320e+03,3.8667984260031014e+00
714479,7.3586547267709320e+03,3.8667984260031014e+00
714547,7.3586547267709320e+03,3.8667984260031014e+00
714615,7.3586547267709320e+03,3.8667984260031014e+00
714683,7.3586547267709320e+03,3.8667984260031014e+00
714755,7.3485437409041460e+03,3.8662012835806339e+00
714823,7.3485437409041460e+03,3.8662012835806339e+00
714891,7.3485437409041460e+03,3.8662012835806339e+00
714959,7.3485437409041460e+03,3.8662012835806339e+00
715031,7.3180500417720759e+03,3.8643953749225441e+00
715099,7.3180500417720759e+03,3.8643953749225441e+00
715167,7.3180500417720759e+03,3.8643953749225441e+00
715235,7.3180500417720759e+03,3.8643953749225441e+00
715307,7.3180500417720759e+03,3.8643953749225441e+00
715375,7.3180500417720759e+03,3.8643953749225441e+00
715443,7.3180500417720759e+03,3.8643953749225441e+00
715511,7.3180500417720759e+03,3.8643953749225441e+00
715583,7.2957111401099164e+03,3.8630676305917748e+00
715651,7.2957111401099164e+03,3.8630676305917748e+00
715719,7.2957111401099164e+03,3.8630676305917748e+00
715787,7.2957111401099164e+03,3.8630676305917748e+00
715859,7.2792218137318850e+03,3.8620849534797363e+00
715927,7.2792218137318850e+03,3.8620849534797363e+00
715995,7.2792218137318850e+03,3.8620849534797363e+00
716063,7.2792218137318850e+03,3.8620849534797363e+00
716135,7.2659321225053081e+03,3.8612913364169956e+00
716203,7.2659321225053081e+03,3.8612913364169956e+00
716271,7.2659321225053081e+03,3.8612913364169956e+00
716339,7.2659321225053081e+03,3.8612913364169956e+00
716411,7.2559477427528300e+03,3.8606941462797386e+00
716479,7.2559477427528300e+03,3.8606941462797386e+00
716547,7.2559477427528300e+03,3.8606941462797386e+00
716615,7.2559477427528300e+03,3.8606941462797386e+00
716687,7.2415877358295311e+03,3.8598337967650691e+00
716755,7.2415877358295311e+03,3.8598337967650691e+00
716823,7.2415877358295311e+03,3.8598337967650691e+00
716891,7.2415877358295311e+03,3.8598337967650691e+00
716963,7.2386848621832432e+03,3.8596596699294587e+00
717031,7.2386848621832432e+03,3.8596596699294587e+00
717099,7.2386848621832432e+03,3.8596596699294587e+00
717167,7.2386848621832432e+03,3.8596596699294587e+00
717239,7.2273170955647547e+03,3.8589771096277770e+00
717307,7.2273170955647547e+03,3.8589771096277770e+00
717375,7.2273170955647547e+03,3.8589771096277770e+00
717443,7.2273170955647547e+03,3.8589771096277770e+00
717515,7.2178106404274677e+03,3.8584054841385349e+00
717583,7.2178106404274677e+03,3.8584054841385349e+00
717650,7.2178106404274677e+03,3.8584054841385349e+00
717717,7.2178106404274677e+03,3.8584054841385349e+00
717788,7.2178106404274677e+03,3.8584054841385349e+00
717855,7.2178106404274677e+03,3.8584054841385349e+00
717922,7.2178106404274677e+03,3.8584054841385349e+00
717989,7.2178106404274677e+03,3.8584054841385349e+00
718060,7.2178106404274677e+03,3.8584054841385349e+00
718127,7.2178106404274677e+03,3.8584054841385349e+00
718194,7.2178106404274677e+03,3.8584054841385349e+00
718261,7.2178106404274677e+03,3.8584054841385349e+00
718332,7.2175152971189127e+03,3.8583877130165325e+00
718399,7.2175152971189127e+03,3.8583877130165325e+00
718466,7.2175152971189127e+03,3.8583877130165325e+00
718533,7.2175152971189127e+03,3.8583877130165325e+00
718604,7.2175152971189127e+03,3.8583877130165325e+00
718671,7.2175152971189127e+03,3.8583877130165325e+00
718738,7.2175152971189127e+03,3.8583877130165325e+00
718805,7.2175152971189127e+03,3.8583877130165325e+00
718876,7.1988993974697041e+03,3.8572661044670755e+00
718943,7.1988993974697041e+03,3.8572661044670755e+00
719010,7.1988993974697041e+03,3.8572661044670755e+00
719077,7.1988993974697041e+03,3.8572661044670755e+00
719148,7.1862308631732030e+03,3.8565011651357715e+00
719215,7.1862308631732030e+03,3.8565011651357715e+00
719282,7.1862308631732030e+03,3.8565011651357715e+00
719349,7.1862308631732030e+03,3.8565011651357715e+00
719420,7.1523999295401554e+03,3.8544517902308773e+00
719487,7.1523999295401554e+03,3.8544517902308773e+00
719554,7.1523999295401554e+03,3.8544517902308773e+00
719621,7.1523999295401554e+03,3.8544517902308773e+00
719692,7.1230017004077527e+03,3.8526630480196520e+00
719759,7.1230017004077527e+03,3.8526630480196520e+00
719826,7.1230017004077527e+03,3.8526630480196520e+00
719893,7.1230017004077527e+03,3.8526630480196520e+00
719964,7.1057375087345063e+03,3.8516091602861939e+00
720031,7.1057375087345063e+03,3.8516091602861939e+00
720098,7.1057375087345063e+03,3.8516091602861939e+00
720165,7.1057375087345063e+03,3.8516091602861939e+00
720236,7.0943924594860564e+03,3.8509152098301236e+00
720303,7.0943924594860564e+03,3.8509152098301236e+00
720370,7.0943924594860564e+03,3.8509152098301236e+00
720437,7.0943924594860564e+03,3.8509152098301236e+00
720508,7.0663185512415730e+03,3.8491932116337910e+00
720575,7.0663185512415730e+03,3.8491932116337910e+00
720642,7.0663185512415730e+03,3.8491932116337910e+00
720709,7.0663185512415730e+03,3.8491932116337910e+00
720780,7.0542615135758306e+03,3.8484515556713785e+00
720846,7.0542615135758306e+03,3.8484515556713785e+00
720912,7.0542615135758306e+03,3.8484515556713785e+00
720978,7.0542615135758306e+03,3.8484515556713785e+00
721048,7.0527853916706799e+03,3.8483606689528940e+00
721114,7.0527853916706799e+03,3.8483606689528940e+00
721180,7.0527853916706799e+03,3.8483606689528940e+00
721246,7.0527853916706799e+03,3.8483606689528940e+00
721316,7.0527853916706799e+03,3.8483606689528940e+00
721382,7.0527853916706799e+03,3.8483606689528940e+00
721448,7.0527853916706799e+03,3.8483606689528940e+00
721514,7.0527853916706799e+03,3.8483606689528940e+00
721584,7.0512566230632528e+03,3.8482665206552333e+00
721650,7.0512566230632528e+03,3.8482665206552333e+00
721716,7.0512566230632528e+03,3.8482665206552333e+00
721782,7.0512566230632528e+03,3.8482665206552333e+00
721852,7.0338359117225373e+03,3.8471922326950745e+00
721918,7.0338359117225373e+03,3.8471922326950745e+00
721984,7.0338359117225373e+03,3.8471922326950745e+00
722050,7.0338359117225373e+03,3.8471922326950745e+00
722120,7.0316591838470304e+03,3.8470578128390991e+00
722186,7.0316591838470304e+03,3.8470578128390991e+00
722252,7.0316591838470304e+03,3.8470578128390991e+00
722318,7.0316591838470304e+03,3.8470578128390991e+00
722388,7.0316591838470304e+03,3.8470578128390991e+00
722454,7.0316591838470304e+03,3.8470578128390991e+00
722520,7.0316591838470304e+03,3.8470578128390991e+00
722586,7.0316591838470304e+03,3.8470578128390991e+00
722656,7.0316591838470304e+03,3.8470578128390991e+00
722722,7.0316591838470304e+03,3.8470578128390991e+00
722788,7.0316591838470304e+03,3.8470578128390991e+00
722854,7.0316591838470304e+03,3.8470578128390991e+00
722924,7.0316591838470304e+03,3.8470578128390991e+00
722990,7.0316591838470304e+03,3.8470578128390991e+00
723056,7.0316591838470304e+03,3.8470578128390991e+00
723122,7.0316591838470304e+03,3.8470578128390991e+00
723192,7.0316591838470304e+03,3.8470578128390991e+00
723258,7.0316591838470304e+03,3.8470578128390991e+00
723324,7.0316591838470304e+03,3.8470578128390991e+00
723390,7.0316591838470304e+03,3.8470578128390991e+00
723460,7.0220101972863667e+03,3.8464614558074843e+00
723526,7.0220101972863667e+03,3.8464614558074843e+00
723592,7.0220101972863667e+03,3.8464614558074843e+00
723658,7.0220101972863667e+03,3.8464614558074843e+00
723728,7.0220101972863667e+03,3.8464614558074843e+00
723794,7.0220101972863667e+03,3.8464614558074843e+00
723860,7.0220101972863667e+03,3.8464614558074843e+00
723926,7.0220101972863667e+03,3.8464614558074843e+00
723996,6.9781606523778810e+03,3.8437409636271505e+00
724062,6.9781606523778810e+03,3.8437409636271505e+00
724127,6.9781606523778810e+03,3.8437409636271505e+00
724192,6.9781606523778810e+03,3.8437409636271505e+00
724261,6.9609663967119777e+03,3.8426695372577306e+00
724326,6.9609663967119777e+03,3.8426695372577306e+00
724391,6.9609663967119777e+03,3.8426695372577306e+00
724456,6.9609663967119777e+03,3.8426695372577306e+00
724525,6.9597406183724361e+03,3.8425930542501221e+00
724590,6.9597406183724361e+03,3.8425930542501221e+00
724655,6.9597406183724361e+03,3.8425930542501221e+00
724720,6.9597406183724361e+03,3.8425930542501221e+00
724789,6.9386052802158429e+03,3.8412721822733884e+00
724854,6.9386052802158429e+03,3.8412721822733884e+00
724919,6.9386052802158429e+03,3.8412721822733884e+00
724984,6.9386052802158429e+03,3.8412721822733884e+00
725053,6.9246321459411247e+03,3.8403967075225962e+00
725118,6.9246321459411247e+03,3.8403967075225962e+00
725183,6.9246321459411247e+03,3.8403967075225962e+00
725248,6.9246321459411247e+03,3.8403967075225962e+00
725317,6.9246321459411247e+03,3.8403967075225962e+00
725382,6.9246321459411247e+03,3.8403967075225962e+00
725447,6.9246321459411247e+03,3.8403967075225962e+00
725512,6.9246321459411247e+03,3.8403967075225962e+00
725581,6.8966546157474677e+03,3.8386384770791389e+00
725646,6.8966546157474677e+03,3.8386384770791389e+00
725711,6.8966546157474677e+03,3.8386384770791389e+00
725776,6.8966546157474677e+03,3.8386384770791389e+00
725845,6.8826694111191700e+03,3.8377569099903566e+00
725910,6.8826694111191700e+03,3.8377569099903566e+00
725975,6.8826694111191700e+03,3.8377569099903566e+00
726040,6.8826694111191700e+03,3.8377569099903566e+00
726109,6.8781987192957131e+03,3.8374747189484650e+00
726174,6.8781987192957131e+03,3.8374747189484650e+00
726239,6.8781987192957131e+03,3.8374747189484650e+00
726304,6.8781987192957131e+03,3.8374747189484650e+00
726373,6.8556863950464358e+03,3.8360509431018595e+00
726438,6.8556863950464358e+03,3.8360509431018595e+00
726503,6.8556863950464358e+03,3.8360509431018595e+00
726568,6.8556863950464358e+03,3.8360509431018595e+00
726637,6.8556863950464358e+03,3.8360509431018595e+00
726702,6.8556863950464358e+03,3.8360509431018595e+00
726767,6.8556863950464358e+03,3.8360509431018595e+00
726832,6.8556863950464358e+03,3.8360509431018595e+00
726901,6.8556863950464358e+03,3.8360509431018595e+00
726966,6.8556863950464358e+03,3.8360509431018595e+00
727031,6.8556863950464358e+03,3.8360509431018595e+00
727096,6.8556863950464358e+03,3.8360509431018595e+00
727165,6.8396406033710809e+03,3.8350332818263317e+00
727230,6.8396406033710809e+03,3.8350332818263317e+00
727295,6.8396406033710809e+03,3.8350332818263317e+00
727360,6.8396406033710809e+03,3.8350332818263317e+00
727428,6.8113684311272809e+03,3.8332343721748430e+00
727492,6.8113684311272809e+03,3.8332343721748430e+00
727556,6.8113684311272809e+03,3.8332343721748430e+00
727620,6.8113684311272809e+03,3.8332343721748430e+00
727688,6.8106320150516949e+03,3.8331874155711358e+00
727752,6.8106320150516949e+03,3.8331874155711358e+00
727816,6.8106320150516949e+03,3.8331874155711358e+00
727880,6.8106320150516949e+03,3.8331874155711358e+00
727948,6.8106320150516949e+03,3.8331874155711358e+00
728012,6.8106320150516949e+03,3.8331874155711358e+00
728076,6.8106320150516949e+03,3.8331874155711358e+00
728140,6.8106320150516949e+03,3.8331874155711358e+00
728208,6.8106320150516949e+03,3.8331874155711358e+00
728272,6.8106320150516949e+03,3.8331874155711358e+00
728336,6.8106320150516949e+03,3.8331874155711358e+00
728400,6.8106320150516949e+03,3.8331874155711358e+00
728468,6.7884974211231302e+03,3.8317736573542653e+00
728532,6.7884974211231302e+03,3.8317736573542653e+00
728596,6.7884974211231302e+03,3.8317736573542653e+00
728660,6.7884974211231302e+03,3.8317736573542653e+00
728728,6.7884974211231302e+03,3.8317736573542653e+00
728792,6.7884974211231302e+03,3.8317736573542653e+00
728856,6.7884974211231302e+03,3.8317736573542653e+00
728920,6.7884974211231302e+03,3.8317736573542653e+00
728988,6.7828414821584802e+03,3.8314116675399892e+00
729052,6.7828414821584802e+03,3.8314116675399892e+00
729116,6.7828414821584802e+03,3.8314116675399892e+00
729180,6.7828414821584802e+03,3.8314116675399892e+00
729248,6.7160164959080203e+03,3.8271117541832580e+00
729312,6.7160164959080203e+03,3.8271117541832580e+00
729376,6.7160164959080203e+03,3.8271117541832580e+00
729440,6.7160164959080203e+03,3.8271117541832580e+00
729508,6.7160164959080203e+03,3.8271117541832580e+00
729572,6.7160164959080203e+03,3.8271117541832580e+00
729636,6.7160164959080203e+03,3.8271117541832580e+00
729700,6.7160164959080203e+03,3.8271117541832580e+00
729768,6.7115691433982802e+03,3.8268240687010620e+00
729832,6.7115691433982802e+03,3.8268240687010620e+00
729896,6.7115691433982802e+03,3.8268240687010620e+00
729960,6.7115691433982802e+03,3.8268240687010620e+00
730028,6.6748629542763156e+03,3.8244423533605736e+00
730092,6.6748629542763156e+03,3.8244423533605736e+00
730156,6.6748629542763156e+03,3.8244423533605736e+00
730220,6.6748629542763156e+03,3.8244423533605736e+00
730288,6.6620649212965964e+03,3.8236088605412117e+00
730352,6.6620649212965964e+03,3.8236088605412117e+00
730416,6.6620649212965964e+03,3.8236088605412117e+00
730480,6.6620649212965964e+03,3.8236088605412117e+00
730548,6.6620649212965964e+03,3.8236088605412117e+00
730612,6.6620649212965964e+03,3.8236088605412117e+00
730676,6.6620649212965964e+03,3.8236088605412117e+00
730739,6.6620649212965964e+03,3.8236088605412117e+00
730806,6.6620649212965964e+03,3.8236088605412117e+00
730869,6.6620649212965964e+03,3.8236088605412117e+00
730932,6.6620649212965964e+03,3.8236088605412117e+00
730995,6.6620649212965964e+03,3.8236088605412117e+00
731062,6.6390434221190699e+03,3.8221055091236540e+00
731125,6.6390434221190699e+03,3.8221055091236540e+00
731188,6.6390434221190699e+03,3.8221055091236540e+00
731251,6.6390434221190699e+03,3.8221055091236540e+00
731318,6.6390434221190699e+03,3.8221055091236540e+00
731381,6.6390434221190699e+03,3.8221055091236540e+00
731444,6.6390434221190699e+03,3.8221055091236540e+00
731507,6.6390434221190699e+03,3.8221055091236540e+00
731574,6.6103023759807656e+03,3.8202213259328963e+00
731637,6.6103023759807656e+03,3.8202213259328963e+00
731700,6.6103023759807656e+03,3.8202213259328963e+00
731763,6.6103023759807656e+03,3.8202213259328963e+00
731830,6.5909892188980757e+03,3.8189506012507168e+00
731893,6.5909892188980757e+03,3.8189506012507168e+00
731956,6.5909892188980757e+03,3.8189506012507168e+00
732019,6.5909892188980757e+03,3.8189506012507168e+00
732086,6.5859236039299503e+03,3.8186166886315687e+00
732149,6.5859236039299503e+03,3.8186166886315687e+00
732212,6.5859236039299503e+03,3.8186166886315687e+00
732275,6.5859236039299503e+03,3.8186166886315687e+00
732342,6.5853119652356454e+03,3.8185763535682935e+00
732405,6.5853119652356454e+03,3.8185763535682935e+00
732468,6.5853119652356454e+03,3.8185763535682935e+00
732531,6.5853119652356454e+03,3.8185763535682935e+00
732598,6.5766805664840685e+03,3.8180067484150859e+00
732661,6.5766805664840685e+03,3.8180067484150859e+00
732724,6.5766805664840685e+03,3.8180067484150859e+00
732787,6.5766805664840685e+03,3.8180067484150859e+00
732854,6.5766805664840685e+03,3.8180067484150859e+00
732917,6.5766805664840685e+03,3.8180067484150859e+00
732980,6.5766805664840685e+03,3.8180067484150859e+00
733043,6.5766805664840685e+03,3.8180067484150859e+00
733110,6.5460972533935001e+03,3.8159824532021096e+00
733173,6.5460972533935001e+03,3.8159824532021096e+00
733236,6.5460972533935001e+03,3.8159824532021096e+00
733299,6.5460972533935001e+03,3.8159824532021096e+00
733366,6.5460972533935001e+03,3.8159824532021096e+00
733429,6.5460972533935001e+03,3.8159824532021096e+00
733492,6.5460972533935001e+03,3.8159824532021096e+00
733555,6.5460972533935001e+03,3.8159824532021096e+00
733622,6.5266171746053906e+03,3.8146881394567611e+00
733685,6.5266171746053906e+03,3.8146881394567611e+00
733748,6.5266171746053906e+03,3.8146881394567611e+00
733811,6.5266171746053906e+03,3.8146881394567611e+00
733878,6.5023194928807397e+03,3.8130683048380845e+00
733941,6.5023194928807397e+03,3.8130683048380845e+00
734004,6.5023194928807397e+03,3.8130683048380845e+00
734067,6.5023194928807397e+03,3.8130683048380845e+00
734133,6.5023194928807397e+03,3.8130683048380845e+00
734195,6.5023194928807397e+03,3.8130683048380845e+00
734257,6.5023194928807397e+03,3.8130683048380845e+00
734319,6.5023194928807397e+03,3.8130683048380845e+00
734385,6.4889963823489252e+03,3.8121775320372655e+00
734447,6.4889963823489252e+03,3.8121775320372655e+00
734509,6.4889963823489252e+03,3.8121775320372655e+00
734571,6.4889963823489252e+03,3.8121775320372655e+00
734637,6.4889963823489252e+03,3.8121775320372655e+00
734699,6.4889963823489252e+03,3.8121775320372655e+00
734761,6.4889963823489252e+03,3.8121775320372655e+00
734823,6.4889963823489252e+03,3.8121775320372655e+00
734889,6.4431347660628899e+03,3.8090972152428795e+00
734951,6.4431347660628899e+03,3.8090972152428795e+00
735013,6.4431347660628899e+03,3.8090972152428795e+00
735075,6.4431347660628899e+03,3.8090972152428795e+00
735141,6.4431347660628899e+03,3.8090972152428795e+00
735203,6.4431347660628899e+03,3.8090972152428795e+00
735265,6.4431347660628899e+03,3.8090972152428795e+00
735327,6.4431347660628899e+03,3.8090972152428795e+00
735393,6.4302521911014164e+03,3.8082280060588940e+00
735455,6.4302521911014164e+03,3.8082280060588940e+00
735517,6.4302521911014164e+03,3.8082280060588940e+00
735579,6.4302521911014164e+03,3.8082280060588940e+00
735645,6.4302521911014164e+03,3.8082280060588940e+00
735707,6.4302521911014164e+03,3.8082280060588940e+00
735769,6.4302521911014164e+03,3.8082280060588940e+00
735831,6.4302521911014164e+03,3.8082280060588940e+00
735897,6.4302521911014164e+03,3.8082280060588940e+00
735959,6.4302521911014164e+03,3.8082280060588940e+00
736021,6.4302521911014164e+03,3.8082280060588940e+00
736083,6.4302521911014164e+03,3.8082280060588940e+00
736149,6.4302521911014164e+03,3.8082280060588940e+00
736211,6.4302521911014164e+03,3.8082280060588940e+00
736273,6.4302521911014164e+03,3.8082280060588940e+00
736335,6.4302521911014164e+03,3.8082280060588940e+00
736401,6.4126292567004421e+03,3.8070361321013149e+00
736463,6.4126292567004421e+03,3.8070361321013149e+00
736525,6.4126292567004421e+03,3.8070361321013149e+00
736587,6.4126292567004421e+03,3.8070361321013149e+00
736653,6.4126292567004421e+03,3.8070361321013149e+00
736715,6.4126292567004421e+03,3.8070361321013149e+00
736777,6.4126292567004421e+03,3.8070361321013149e+00
736839,6.4126292567004421e+03,3.8070361321013149e+00
736905,6.3998721416975259e+03,3.8061712976229645e+00
736967,6.3998721416975259e+03,3.8061712976229645e+00
737029,6.3998721416975259e+03,3.8061712976229645e+00
737091,6.3998721416975259e+03,3.8061712976229645e+00
737157,6.3781352683528148e+03,3.8046937255805449e+00
737219,6.3781352683528148e+03,3.8046937255805449e+00
737281,6.3781352683528148e+03,3.8046937255805449e+00
737343,6.3781352683528148e+03,3.8046937255805449e+00
737409,6.3781352683528148e+03,3.8046937255805449e+00
737471,6.3781352683528148e+03,3.8046937255805449e+00
737532,6.3781352683528148e+03,3.8046937255805449e+00
737593,6.3781352683528148e+03,3.8046937255805449e+00
737658,6.3596303282223435e+03,3.8034318717680411e+00
737719,6.3596303282223435e+03,3.8034318717680411e+00
737780,6.3596303282223435e+03,3.8034318717680411e+00
737841,6.3596303282223435e+03,3.8034318717680411e+00
737906,6.3596303282223435e+03,3.8034318717680411e+00
737967,6.3596303282223435e+03,3.8034318717680411e+00
738028,6.3596303282223435e+03,3.8034318717680411e+00
738089,6.3596303282223435e+03,3.8034318717680411e+00
738154,6.3552494255573101e+03,3.8031326000540631e+00
738215,6.3552494255573101e+03,3.8031326000540631e+00
738276,6.3552494255573101e+03,3.8031326000540631e+00
738337,6.3552494255573101e+03,3.8031326000540631e+00
738402,6.3454905586184250e+03,3.8024652022645582e+00
738463,6.3454905586184250e+03,3.8024652022645582e+00
738524,6.3454905586184250e+03,3.8024652022645582e+00
738585,6.3454905586184250e+03,3.8024652022645582e+00
738650,6.3362948072755280e+03,3.8018353753671783e+00
738711,6.3362948072755280e+03,3.8018353753671783e+00
738772,6.3362948072755280e+03,3.8018353753671783e+00
738833,6.3362948072755280e+03,3.8018353753671783e+00
738898,6.3362948072755280e+03,3.8018353753671783e+00
738959,6.3362948072755280e+03,3.8018353753671783e+00
739020,6.3362948072755280e+03,3.8018353753671783e+00
739081,6.3362948072755280e+03,3.8018353753671783e+00
739146,6.3362948072755280e+03,3.8018353753671783e+00
739207,6.3362948072755280e+03,3.8018353753671783e+00
739268,6.3362948072755280e+03,3.8018353753671783e+00
739329,6.3362948072755280e+03,3.8018353753671783e+00
739394,6.3192555659682148e+03,3.8006659196376638e+00
739455,6.3192555659682148e+03,3.8006659196376638e+00
739516,6.3192555659682148e+03,3.8006659196376638e+00
739577,6.3192555659682148e+03,3.8006659196376638e+00
739642,6.2942144152814690e+03,3.7989415332685716e+00
739703,6.2942144152814690e+03,3.7989415332685716e+00
739764,6.2942144152814690e+03,3.7989415332685716e+00
739825,6.2942144152814690e+03,3.7989415332685716e+00
739890,6.2919039133963779e+03,3.7987820816879982e+00
739951,6.2919039133963779e+03,3.7987820816879982e+00
740012,6.2919039133963779e+03,3.7987820816879982e+00
740073,6.2919039133963779e+03,3.7987820816879982e+00
740138,6.2898506396630473e+03,3.7986403327043603e+00
740199,6.2898506396630473e+03,3.7986403327043603e+00
740260,6.2898506396630473e+03,3.7986403327043603e+00
740321,6.2898506396630473e+03,3.7986403327043603e+00
740386,6.2880049869957929e+03,3.7985128774689940e+00
740447,6.2880049869957929e+03,3.7985128774689940e+00
740508,6.2880049869957929e+03,3.7985128774689940e+00
740569,6.2880049869957929e+03,3.7985128774689940e+00
740634,6.2880049869957929e+03,3.7985128774689940e+00
740695,6.2880049869957929e+03,3.7985128774689940e+00
740756,6.2880049869957929e+03,3.7985128774689940e+00
740817,6.2880049869957929e+03,3.7985128774689940e+00
740882,6.2880049869957929e+03,3.7985128774689940e+00
740943,6.2880049869957929e+03,3.7985128774689940e+00
741003,6.2880049869957929e+03,3.7985128774689940e+00
741063,6.2880049869957929e+03,3.7985128774689940e+00
741127,6.2880049869957929e+03,3.7985128774689940e+00
741187,6.2880049869957929e+03,3.7985128774689940e+00
741247,6.2880049869957929e+03,3.7985128774689940e+00
741307,6.2880049869957929e+03,3.7985128774689940e+00
741371,6.2722737950437440e+03,3.7974250077569582e+00
741431,6.2722737950437440e+03,3.7974250077569582e+00
741491,6.2722737950437440e+03,3.7974250077569582e+00
741551,6.2722737950437440e+03,3.7974250077569582e+00
741615,6.2464896692787797e+03,3.7956360260565494e+00
741675,6.2464896692787797e+03,3.7956360260565494e+00
741735,6.2464896692787797e+03,3.7956360260565494e+00
741795,6.2464896692787797e+03,3.7956360260565494e+00
741859,6.2354834103804133e+03,3.7948701281148867e+00
741919,6.2354834103804133e+03,3.7948701281148867e+00
741979,6.2354834103804133e+03,3.7948701281148867e+00
742039,6.2354834103804133e+03,3.7948701281148867e+00
742103,6.2354834103804133e+03,3.7948701281148867e+00
742163,6.2354834103804133e+03,3.7948701281148867e+00
742223,6.2354834103804133e+03,3.7948701281148867e+00
742283,6.2354834103804133e+03,3.7948701281148867e+00
742347,6.2354834103804133e+03,3.7948701281148867e+00
742407,6.2354834103804133e+03,3.7948701281148867e+00
742467,6.2354834103804133e+03,3.7948701281148867e+00
742527,6.2354834103804133e+03,3.7948701281148867e+00
742591,6.2312240479783504e+03,3.7945733668945247e+00
742651,6.2312240479783504e+03,3.7945733668945247e+00
742711,6.2312240479783504e+03,3.7945733668945247e+00
742771,6.2312240479783504e+03,3.7945733668945247e+00
742835,6.2312240479783504e+03,3.7945733668945247e+00
742895,6.2312240479783504e+03,3.7945733668945247e+00
742955,6.2312240479783504e+03,3.7945733668945247e+00
743015,6.2312240479783504e+03,3.7945733668945247e+00
743079,6.1809821589478961e+03,3.7910574900274083e+00
743139,6.1809821589478961e+03,3.7910574900274083e+00
743199,6.1809821589478961e+03,3.7910574900274083e+00
743259,6.1809821589478961e+03,3.7910574900274083e+00
743323,6.1706328311398029e+03,3.7903297055208616e+00
743383,6.1706328311398029e+03,3.7903297055208616e+00
743443,6.1706328311398029e+03,3.7903297055208616e+00
743503,6.1706328311398029e+03,3.7903297055208616e+00
743567,6.1571994071203389e+03,3.7893832188845891e+00
743627,6.1571994071203389e+03,3.7893832188845891e+00
743687,6.1571994071203389e+03,3.7893832188845891e+00
743747,6.1571994071203389e+03,3.7893832188845891e+00
743811,6.1475257327704512e+03,3.7887003553167036e+00
743871,6.1475257327704512e+03,3.7887003553167036e+00
743931,6.1475257327704512e+03,3.7887003553167036e+00
743991,6.1475257327704512e+03,3.7887003553167036e+00
744055,6.1475257327704512e+03,3.7887003553167036e+00
744115,6.1475257327704512e+03,3.7887003553167036e+00
744175,6.1475257327704512e+03,3.7887003553167036e+00
744235,6.1475257327704512e+03,3.7887003553167036e+00
744299,6.1475257327704512e+03,3.7887003553167036e+00
744359,6.1475257327704512e+03,3.7887003553167036e+00
744419,6.1475257327704512e+03,3.7887003553167036e+00
744479,6.1475257327704512e+03,3.7887003553167036e+00
744542,6.1361641579810712e+03,3.7878969695771203e+00
744601,6.1361641579810712e+03,3.7878969695771203e+00
744660,6.1361641579810712e+03,3.7878969695771203e+00
744719,6.1361641579810712e+03,3.7878969695771203e+00
744782,6.1127233950151904e+03,3.7862347441070603e+00
744841,6.1127233950151904e+03,3.7862347441070603e+00
744900,6.1127233950151904e+03,3.7862347441070603e+00
744959,6.1127233950151904e+03,3.7862347441070603e+00
745022,6.1029622313785367e+03,3.7855406823022189e+00
745081,6.1029622313785367e+03,3.7855406823022189e+00
745140,6.1029622313785367e+03,3.7855406823022189e+00
745199,6.1029622313785367e+03,3.7855406823022189e+00
745262,6.0965995297576164e+03,3.7850876682499734e+00
745321,6.0965995297576164e+03,3.7850876682499734e+00
745380,6.0965995297576164e+03,3.7850876682499734e+00
745439,6.0965995297576164e+03,3.7850876682499734e+00
745502,6.0965995297576164e+03,3.7850876682499734e+00
745561,6.0965995297576164e+03,3.7850876682499734e+00
745620,6.0965995297576164e+03,3.7850876682499734e+00
745679,6.0965995297576164e+03,3.7850876682499734e+00
745742,6.0965995297576164e+03,3.7850876682499734e+00
745801,6.0965995297576164e+03,3.7850876682499734e+00
745860,6.0965995297576164e+03,3.7850876682499734e+00
745919,6.0965995297576164e+03,3.7850876682499734e+00
745982,6.0965995297576164e+03,3.7850876682499734e+00
746041,6.0965995297576164e+03,3.7850876682499734e+00
746100,6.0965995297576164e+03,3.7850876682499734e+00
746159,6.0965995297576164e+03,3.7850876682499734e+00
746222,6.0791006214942117e+03,3.7838393319019668e+00
746281,6.0791006214942117e+03,3.7838393319019668e+00
746340,6.0791006214942117e+03,3.7838393319019668e+00
746399,6.0791006214942117e+03,3.7838393319019668e+00
746462,6.0777089522813903e+03,3.7837398988626094e+00
746521,6.0777089522813903e+03,3.7837398988626094e+00
746580,6.0777089522813903e+03,3.7837398988626094e+00
746639,6.0777089522813903e+03,3.7837398988626094e+00
746702,6.0769784836702502e+03,3.7836876986741514e+00
746761,6.0769784836702502e+03,3.7836876986741514e+00
746820,6.0769784836702502e+03,3.7836876986741514e+00
746879,6.0769784836702502e+03,3.7836876986741514e+00
746942,6.0769784836702502e+03,3.7836876986741514e+00
747001,6.0769784836702502e+03,3.7836876986741514e+00
747060,6.0769784836702502e+03,3.7836876986741514e+00
747119,6.0769784836702502e+03,3.7836876986741514e+00
747182,6.0688546248876200e+03,3.7831067343984763e+00
747241,6.0688546248876200e+03,3.7831067343984763e+00
747300,6.0688546248876200e+03,3.7831067343984763e+00
747359,6.0688546248876200e+03,3.7831067343984763e+00
747422,6.0545806527838213e+03,3.7820840687856330e+00
747481,6.0545806527838213e+03,3.7820840687856330e+00
747540,6.0545806527838213e+03,3.7820840687856330e+00
747599,6.0545806527838213e+03,3.7820840687856330e+00
747662,6.0429419177241653e+03,3.7812484200083247e+00
747721,6.0429419177241653e+03,3.7812484200083247e+00
747780,6.0429419177241653e+03,3.7812484200083247e+00
747839,6.0429419177241653e+03,3.7812484200083247e+00
747902,6.0429419177241653e+03,3.7812484200083247e+00
747961,6.0429419177241653e+03,3.7812484200083247e+00
748020,6.0429419177241653e+03,3.7812484200083247e+00
748079,6.0429419177241653e+03,3.7812484200083247e+00
748141,6.0405686272545827e+03,3.7810778227362305e+00
748199,6.0405686272545827e+03,3.7810778227362305e+00
748257,6.0405686272545827e+03,3.7810778227362305e+00
748315,6.0405686272545827e+03,3.7810778227362305e+00
748377,6.0347387883950323e+03,3.7806584765520461e+00
748435,6.0347387883950323e+03,3.7806584765520461e+00
748493,6.0347387883950323e+03,3.7806584765520461e+00
748551,6.0347387883950323e+03,3.7806584765520461e+00
748613,6.0297590220808997e+03,3.7802999560088475e+00
748671,6.0297590220808997e+03,3.7802999560088475e+00
748729,6.0297590220808997e+03,3.7802999560088475e+00
748787,6.0297590220808997e+03,3.7802999560088475e+00
748849,6.0147946261542002e+03,3.7792208030390100e+00
748907,6.0147946261542002e+03,3.7792208030390100e+00
748965,6.0147946261542002e+03,3.7792208030390100e+00
749023,6.0147946261542002e+03,3.7792208030390100e+00
749085,6.0129013642187356e+03,3.7790840797266121e+00
749143,6.0129013642187356e+03,3.7790840797266121e+00
749201,6.0129013642187356e+03,3.7790840797266121e+00
749259,6.0129013642187356e+03,3.7790840797266121e+00
749321,6.0065958580490824e+03,3.7786284122830134e+00
749379,6.0065958580490824e+03,3.7786284122830134e+00
749437,6.0065958580490824e+03,3.7786284122830134e+00
749495,6.0065958580490824e+03,3.7786284122830134e+00
749557,5.9968523451676283e+03,3.7779233557465051e+00
749615,5.9968523451676283e+03,3.7779233557465051e+00
749673,5.9968523451676283e+03,3.7779233557465051e+00
749731,5.9968523451676283e+03,3.7779233557465051e+00
749793,5.9968523451676283e+03,3.7779233557465051e+00
749851,5.9968523451676283e+03,3.7779233557465051e+00
749909,5.9968523451676283e+03,3.7779233557465051e+00
749967,5.9968523451676283e+03,3.7779233557465051e+00
750029,5.9968523451676283e+03,3.7779233557465051e+00
750087,5.9968523451676283e+03,3.7779233557465051e+00
750145,5.9968523451676283e+03,3.7779233557465051e+00
750203,5.9968523451676283e+03,3.7779233557465051e+00
750265,5.9835830384789988e+03,3.7769613224237606e+00
750323,5.9835830384789988e+03,3.7769613224237606e+00
750381,5.9835830384789988e+03,3.7769613224237606e+00
750439,5.9835830384789988e+03,3.7769613224237606e+00
750501,5.9821542239070241e+03,3.7768576052396683e+00
750559,5.9821542239070241e+03,3.7768576052396683e+00
750617,5.9821542239070241e+03,3.7768576052396683e+00
750675,5.9821542239070241e+03,3.7768576052396683e+00
750737,5.9821542239070241e+03,3.7768576052396683e+00
750795,5.9821542239070241e+03,3.7768576052396683e+00
750853,5.9821542239070241e+03,3.7768576052396683e+00
750911,5.9821542239070241e+03,3.7768576052396683e+00
750973,5.9821542239070241e+03,3.7768576052396683e+00
751031,5.9821542239070241e+03,3.7768576052396683e+00
751089,5.9821542239070241e+03,3.7768576052396683e+00
751147,5.9821542239070241e+03,3.7768576052396683e+00
751209,5.9649874197778663e+03,3.7756095320756291e+00
751267,5.9649874197778663e+03,3.7756095320756291e+00
751325,5.9649874197778663e+03,3.7756095320756291e+00
751383,5.9649874197778663e+03,3.7756095320756291e+00
751445,5.9251634795121463e+03,3.7727003373438417e+00
751503,5.9251634795121463e+03,3.7727003373438417e+00
751561,5.9251634795121463e+03,3.7727003373438417e+00
751619,5.9251634795121463e+03,3.7727003373438417e+00
751681,5.9087867518070234e+03,3.7714983165688256e+00
751739,5.9087867518070234e+03,3.7714983165688256e+00
751796,5.9087867518070234e+03,3.7714983165688256e+00
751853,5.9087867518070234e+03,3.7714983165688256e+00
751914,5.8948600941367513e+03,3.7704735022105114e+00
751971,5.8948600941367513e+03,3.7704735022105114e+00
752028,5.8948600941367513e+03,3.7704735022105114e+00
752085,5.8948600941367513e+03,3.7704735022105114e+00
752146,5.8926710435039477e+03,3.7703121974198366e+00
752203,5.8926710435039477e+03,3.7703121974198366e+00
752260,5.8926710435039477e+03,3.7703121974198366e+00
752317,5.8926710435039477e+03,3.7703121974198366e+00
752378,5.8926710435039477e+03,3.7703121974198366e+00
752435,5.8926710435039477e+03,3.7703121974198366e+00
752492,5.8926710435039477e+03,3.7703121974198366e+00
752549,5.8926710435039477e+03,3.7703121974198366e+00
752610,5.8926710435039477e+03,3.7703121974198366e+00
752667,5.8926710435039477e+03,3.7703121974198366e+00
752724,5.8926710435039477e+03,3.7703121974198366e+00
752781,5.8926710435039477e+03,3.7703121974198366e+00
752842,5.8926710435039477e+03,3.7703121974198366e+00
752899,5.8926710435039477e+03,3.7703121974198366e+00
752956,5.8926710435039477e+03,3.7703121974198366e+00
753013,5.8926710435039477e+03,3.7703121974198366e+00
753074,5.8803080472493784e+03,3.7694000777285721e+00
753131,5.8803080472493784e+03,3.7694000777285721e+00
753188,5.8803080472493784e+03,3.7694000777285721e+00
753245,5.8803080472493784e+03,3.7694000777285721e+00
753306,5.8199449879689382e+03,3.7649188795752417e+00
753363,5.8199449879689382e+03,3.7649188795752417e+00
753420,5.8199449879689382e+03,3.7649188795752417e+00
753477,5.8199449879689382e+03,3.7649188795752417e+00
753538,5.8001211815425013e+03,3.7634370673431841e+00
753595,5.8001211815425013e+03,3.7634370673431841e+00
753652,5.8001211815425013e+03,3.7634370673431841e+00
753709,5.8001211815425013e+03,3.7634370673431841e+00
753770,5.7913833056049461e+03,3.7627823098824540e+00
753827,5.7913833056049461e+03,3.7627823098824540e+00
753884,5.7913833056049461e+03,3.7627823098824540e+00
753941,5.7913833056049461e+03,3.7627823098824540e+00
754002,5.7904216507028814e+03,3.7627101896179531e+00
754059,5.7904216507028814e+03,3.7627101896179531e+00
754116,5.7904216507028814e+03,3.7627101896179531e+00
754173,5.7904216507028814e+03,3.7627101896179531e+00
754234,5.7901411701761117e+03,3.7626891524461050e+00
754291,5.7901411701761117e+03,3.7626891524461050e+00
754348,5.7901411701761117e+03,3.7626891524461050e+00
754405,5.7901411701761117e+03,3.7626891524461050e+00
754466,5.7901411701761117e+03,3.7626891524461050e+00
754523,5.7901411701761117e+03,3.7626891524461050e+00
754580,5.7901411701761117e+03,3.7626891524461050e+00
754637,5.7901411701761117e+03,3.7626891524461050e+00
754698,5.7744266985333052e+03,3.7615088727160702e+00
754755,5.7744266985333052e+03,3.7615088727160702e+00
754812,5.7744266985333052e+03,3.7615088727160702e+00
754869,5.7744266985333052e+03,3.7615088727160702e+00
754930,5.7350962698256371e+03,3.7585407124034829e+00
754987,5.7350962698256371e+03,3.7585407124034829e+00
755044,5.7350962698256371e+03,3.7585407124034829e+00
755101,5.7350962698256371e+03,3.7585407124034829e+00
755162,5.7321916153876082e+03,3.7583206995401315e+00
755219,5.7321916153876082e+03,3.7583206995401315e+00
755276,5.7321916153876082e+03,3.7583206995401315e+00
755333,5.7321916153876082e+03,3.7583206995401315e+00
755394,5.7321916153876082e+03,3.7583206995401315e+00
755450,5.7321916153876082e+03,3.7583206995401315e+00
755506,5.7321916153876082e+03,3.7583206995401315e+00
755562,5.7321916153876082e+03,3.7583206995401315e+00
755622,5.7291249863695066e+03,3.7580882969046119e+00
755678,5.7291249863695066e+03,3.7580882969046119e+00
755734,5.7291249863695066e+03,3.7580882969046119e+00
755790,5.7291249863695066e+03,3.7580882969046119e+00
755850,5.7291249863695066e+03,3.7580882969046119e+00
755906,5.7291249863695066e+03,3.7580882969046119e+00
755962,5.7291249863695066e+03,3.7580882969046119e+00
756018,5.7291249863695066e+03,3.7580882969046119e+00
756078,5.7289828478878881e+03,3.7580775220089433e+00
756134,5.7289828478878881e+03,3.7580775220089433e+00
756190,5.7289828478878881e+03,3.7580775220089433e+00
756246,5.7289828478878881e+03,3.7580775220089433e+00
756306,5.7289828478878881e+03,3.7580775220089433e+00
756362,5.7289828478878881e+03,3.7580775220089433e+00
756418,5.7289828478878881e+03,3.7580775220089433e+00
756474,5.7289828478878881e+03,3.7580775220089433e+00
756534,5.7263679197510282e+03,3.7578792480489098e+00
756590,5.7263679197510282e+03,3.7578792480489098e+00
756646,5.7263679197510282e+03,3.7578792480489098e+00
756702,5.7263679197510282e+03,3.7578792480489098e+00
756762,5.7061631076655431e+03,3.7563441815773975e+00
756818,5.7061631076655431e+03,3.7563441815773975e+00
756874,5.7061631076655431e+03,3.7563441815773975e+00
756930,5.7061631076655431e+03,3.7563441815773975e+00
756990,5.6916406644359358e+03,3.7552374735663614e+00
757046,5.6916406644359358e+03,3.7552374735663614e+00
757102,5.6916406644359358e+03,3.7552374735663614e+00
757158,5.6916406644359358e+03,3.7552374735663614e+00
757218,5.6915383054762042e+03,3.7552296631064706e+00
757274,5.6915383054762042e+03,3.7552296631064706e+00
757330,5.6915383054762042e+03,3.7552296631064706e+00
757386,5.6915383054762042e+03,3.7552296631064706e+00
757446,5.6915383054762042e+03,3.7552296631064706e+00
757502,5.6915383054762042e+03,3.7552296631064706e+00
757558,5.6915383054762042e+03,3.7552296631064706e+00
757614,5.6915383054762042e+03,3.7552296631064706e+00
757674,5.6915383054762042e+03,3.7552296631064706e+00
757730,5.6915383054762042e+03,3.7552296631064706e+00
757786,5.6915383054762042e+03,3.7552296631064706e+00
757842,5.6915383054762042e+03,3.7552296631064706e+00
757902,5.6915383054762042e+03,3.7552296631064706e+00
757958,5.6915383054762042e+03,3.7552296631064706e+00
758014,5.6915383054762042e+03,3.7552296631064706e+00
758070,5.6915383054762042e+03,3.7552296631064706e+00
758130,5.6591649388958758e+03,3.7527523518269073e+00
758186,5.6591649388958758e+03,3.7527523518269073e+00
758242,5.6591649388958758e+03,3.7527523518269073e+00
758298,5.6591649388958758e+03,3.7527523518269073e+00
758358,5.6476439015269170e+03,3.7518673055229681e+00
758414,5.6476439015269170e+03,3.7518673055229681e+00
758470,5.6476439015269170e+03,3.7518673055229681e+00
758526,5.6476439015269170e+03,3.7518673055229681e+00
758586,5.6408996805475781e+03,3.7513483761707000e+00
758642,5.6408996805475781e+03,3.7513483761707000e+00
758698,5.6408996805475781e+03,3.7513483761707000e+00
758754,5.6408996805475781e+03,3.7513483761707000e+00
758814,5.6408996805475781e+03,3.7513483761707000e+00
758870,5.6408996805475781e+03,3.7513483761707000e+00
758926,5.6408996805475781e+03,3.7513483761707000e+00
758982,5.6408996805475781e+03,3.7513483761707000e+00
759042,5.6408996805475781e+03,3.7513483761707000e+00
759098,5.6408996805475781e+03,3.7513483761707000e+00
759154,5.6408996805475781e+03,3.7513483761707000e+00
759210,5.6408996805475781e+03,3.7513483761707000e+00
759269,5.6400467127111224e+03,3.7512827009671477e+00
759324,5.6400467127111224e+03,3.7512827009671477e+00
759379,5.6400467127111224e+03,3.7512827009671477e+00
759434,5.6400467127111224e+03,3.7512827009671477e+00
759493,5.6110603084641934e+03,3.7490449365866252e+00
759548,5.6110603084641934e+03,3.7490449365866252e+00
759603,5.6110603084641934e+03,3.7490449365866252e+00
759658,5.6110603084641934e+03,3.7490449365866252e+00
759717,5.6110603084641934e+03,3.7490449365866252e+00
759772,5.6110603084641934e+03,3.7490449365866252e+00
759827,5.6110603084641934e+03,3.7490449365866252e+00
759882,5.6110603084641934e+03,3.7490449365866252e+00
759941,5.6110603084641934e+03,3.7490449365866252e+00
759996,5.6110603084641934e+03,3.7490449365866252e+00
760051,5.6110603084641934e+03,3.7490449365866252e+00
760106,5.6110603084641934e+03,3.7490449365866252e+00
760165,5.5883047536221184e+03,3.7472800819817800e+00
760220,5.5883047536221184e+03,3.7472800819817800e+00
760275,5.5883047536221184e+03,3.7472800819817800e+00
760330,5.5883047536221184e+03,3.7472800819817800e+00
760389,5.5880725886704186e+03,3.7472620389336004e+00
760444,5.5880725886704186e+03,3.7472620389336004e+00
760499,5.5880725886704186e+03,3.7472620389336004e+00
760554,5.5880725886704186e+03,3.7472620389336004e+00
760613,5.5880725886704186e+03,3.7472620389336004e+00
760668,5.5880725886704186e+03,3.7472620389336004e+00
760723,5.5880725886704186e+03,3.7472620389336004e+00
760778,5.5880725886704186e+03,3.7472620389336004e+00
760837,5.5880725886704186e+03,3.7472620389336004e+00
760892,5.5880725886704186e+03,3.7472620389336004e+00
760947,5.5880725886704186e+03,3.7472620389336004e+00
761002,5.5880725886704186e+03,3.7472620389336004e+00
761061,5.5844646265377396e+03,3.7469815443477379e+00
761116,5.5844646265377396e+03,3.7469815443477379e+00
761171,5.5844646265377396e+03,3.7469815443477379e+00
761226,5.5844646265377396e+03,3.7469815443477379e+00
761285,5.5838348240028499e+03,3.7469325628949943e+00
761340,5.5838348240028499e+03,3.7469325628949943e+00
761395,5.5838348240028499e+03,3.7469325628949943e+00
761450,5.5838348240028499e+03,3.7469325628949943e+00
761509,5.5827652214510672e+03,3.7468493643411644e+00
761564,5.5827652214510672e+03,3.7468493643411644e+00
761619,5.5827652214510672e+03,3.7468493643411644e+00
761674,5.5827652214510672e+03,3.7468493643411644e+00
761733,5.5827652214510672e+03,3.7468493643411644e+00
761788,5.5827652214510672e+03,3.7468493643411644e+00
761843,5.5827652214510672e+03,3.7468493643411644e+00
761898,5.5827652214510672e+03,3.7468493643411644e+00
761957,5.5815071519853955e+03,3.7467514855702371e+00
762012,5.5815071519853955e+03,3.7467514855702371e+00
762067,5.5815071519853955e+03,3.7467514855702371e+00
762122,5.5815071519853955e+03,3.7467514855702371e+00
762181,5.5815071519853955e+03,3.7467514855702371e+00
762236,5.5815071519853955e+03,3.7467514855702371e+00
762291,5.5815071519853955e+03,3.7467514855702371e+00
762346,5.5815071519853955e+03,3.7467514855702371e+00
762405,5.5815071519853955e+03,3.7467514855702371e+00
762460,5.5815071519853955e+03,3.7467514855702371e+00
762515,5.5815071519853955e+03,3.7467514855702371e+00
762570,5.5815071519853955e+03,3.7467514855702371e+00
762629,5.5504128500339912e+03,3.7443252879556805e+00
762684,5.5504128500339912e+03,3.7443252879556805e+00
762739,5.5504128500339912e+03,3.7443252879556805e+00
762794,5.5504128500339912e+03,3.7443252879556805e+00
762853,5.5450298571692147e+03,3.7439038889466620e+00
762908,5.5450298571692147e+03,3.7439038889466620e+00
762963,5.5450298571692147e+03,3.7439038889466620e+00
763018,5.5450298571692147e+03,3.7439038889466620e+00
763076,5.5450298571692147e+03,3.7439038889466620e+00
763130,5.5450298571692147e+03,3.7439038889466620e+00
763184,5.5450298571692147e+03,3.7439038889466620e+00
763238,5.5450298571692147e+03,3.7439038889466620e+00
763296,5.5450298571692147e+03,3.7439038889466620e+00
763350,5.5450298571692147e+03,3.7439038889466620e+00
763404,5.5450298571692147e+03,3.7439038889466620e+00
763458,5.5450298571692147e+03,3.7439038889466620e+00
763516,5.5148693874247838e+03,3.7415352311928189e+00
763570,5.5148693874247838e+03,3.7415352311928189e+00
763624,5.5148693874247838e+03,3.7415352311928189e+00
763678,5.5148693874247838e+03,3.7415352311928189e+00
763736,5.5143206906973264e+03,3.7414920193233194e+00
763790,5.5143206906973264e+03,3.7414920193233194e+00
763844,5.5143206906973264e+03,3.7414920193233194e+00
763898,5.5143206906973264e+03,3.7414920193233194e+00
763956,5.5143206906973264e+03,3.7414920193233194e+00
764010,5.5143206906973264e+03,3.7414920193233194e+00
764064,5.5143206906973264e+03,3.7414920193233194e+00
764118,5.5143206906973264e+03,3.7414920193233194e+00
764176,5.5124920541391457e+03,3.7413479764720834e+00
764230,5.5124920541391457e+03,3.7413479764720834e+00
764284,5.5124920541391457e+03,3.7413479764720834e+00
764338,5.5124920541391457e+03,3.7413479764720834e+00
764396,5.5124920541391457e+03,3.7413479764720834e+00
764450,5.5124920541391457e+03,3.7413479764720834e+00
764504,5.5124920541391457e+03,3.7413479764720834e+00
764558,5.5124920541391457e+03,3.7413479764720834e+00
764616,5.5124920541391457e+03,3.7413479764720834e+00
764670,5.5124920541391457e+03,3.7413479764720834e+00
764724,5.5124920541391457e+03,3.7413479764720834e+00
764778,5.5124920541391457e+03,3.7413479764720834e+00
764836,5.5116585074996347e+03,3.7412823016240098e+00
764890,5.5116585074996347e+03,3.7412823016240098e+00
764944,5.5116585074996347e+03,3.7412823016240098e+00
764998,5.5116585074996347e+03,3.7412823016240098e+00
765056,5.5116585074996347e+03,3.7412823016240098e+00
765110,5.5116585074996347e+03,3.7412823016240098e+00
765164,5.5116585074996347e+03,3.7412823016240098e+00
765218,5.5116585074996347e+03,3.7412823016240098e+00
765276,5.5116585074996347e+03,3.7412823016240098e+00
765330,5.5116585074996347e+03,3.7412823016240098e+00
765384,5.5116585074996347e+03,3.7412823016240098e+00
765438,5.5116585074996347e+03,3.7412823016240098e+00
765496,5.5116585074996347e+03,3.7412823016240098e+00
765550,5.5116585074996347e+03,3.7412823016240098e+00
765604,5.5116585074996347e+03,3.7412823016240098e+00
765658,5.5116585074996347e+03,3.7412823016240098e+00
765716,5.5116585074996347e+03,3.7412823016240098e+00
765770,5.5116585074996347e+03,3.7412823016240098e+00
765824,5.5116585074996347e+03,3.7412823016240098e+00
765878,5.5116585074996347e+03,3.7412823016240098e+00
765936,5.5116585074996347e+03,3.7412823016240098e+00
765990,5.5116585074996347e+03,3.7412823016240098e+00
766044,5.5116585074996347e+03,3.7412823016240098e+00
766098,5.5116585074996347e+03,3.7412823016240098e+00
766156,5.4947426610541643e+03,3.7399473576328122e+00
766210,5.4947426610541643e+03,3.7399473576328122e+00
766264,5.4947426610541643e+03,3.7399473576328122e+00
766318,5.4947426610541643e+03,3.7399473576328122e+00
766376,5.4667006841399816e+03,3.7377252958076057e+00
766430,5.4667006841399816e+03,3.7377252958076057e+00
766484,5.4667006841399816e+03,3.7377252958076057e+00
766538,5.4667006841399816e+03,3.7377252958076057e+00
766596,5.4602644066184221e+03,3.7372136733924761e+00
766650,5.4602644066184221e+03,3.7372136733924761e+00
766704,5.4602644066184221e+03,3.7372136733924761e+00
766758,5.4602644066184221e+03,3.7372136733924761e+00
766816,5.4602644066184221e+03,3.7372136733924761e+00
766870,5.4602644066184221e+03,3.7372136733924761e+00
766924,5.4602644066184221e+03,3.7372136733924761e+00
766977,5.4602644066184221e+03,3.7372136733924761e+00
767034,5.4602644066184221e+03,3.7372136733924761e+00
767087,5.4602644066184221e+03,3.7372136733924761e+00
767140,5.4602644066184221e+03,3.7372136733924761e+00
767193,5.4602644066184221e+03,3.7372136733924761e+00
767250,5.4602644066184221e+03,3.7372136733924761e+00
767303,5.4602644066184221e+03,3.7372136733924761e+00
767356,5.4602644066184221e+03,3.7372136733924761e+00
767409,5.4602644066184221e+03,3.7372136733924761e+00
767466,5.4602644066184221e+03,3.7372136733924761e+00
767519,5.4602644066184221e+03,3.7372136733924761e+00
767572,5.4602644066184221e+03,3.7372136733924761e+00
767625,5.4602644066184221e+03,3.7372136733924761e+00
767682,5.4602644066184221e+03,3.7372136733924761e+00
767735,5.4602644066184221e+03,3.7372136733924761e+00
767788,5.4602644066184221e+03,3.7372136733924761e+00
767841,5.4602644066184221e+03,3.7372136733924761e+00
767898,5.4420038195199886e+03,3.7357588422573871e+00
767951,5.4420038195199886e+03,3.7357588422573871e+00
768004,5.4420038195199886e+03,3.7357588422573871e+00
768057,5.4420038195199886e+03,3.7357588422573871e+00
768114,5.4420038195199886e+03,3.7357588422573871e+00
768167,5.4420038195199886e+03,3.7357588422573871e+00
768220,5.4420038195199886e+03,3.7357588422573871e+00
768273,5.4420038195199886e+03,3.7357588422573871e+00
768330,5.4420038195199886e+03,3.7357588422573871e+00
768383,5.4420038195199886e+03,3.7357588422573871e+00
768436,5.4420038195199886e+03,3.7357588422573871e+00
768489,5.4420038195199886e+03,3.7357588422573871e+00
768546,5.4420038195199886e+03,3.7357588422573871e+00
768599,5.4420038195199886e+03,3.7357588422573871e+00
768652,5.4420038195199886e+03,3.7357588422573871e+00
768705,5.4420038195199886e+03,3.7357588422573871e+00
768762,5.4420038195199886e+03,3.7357588422573871e+00
768815,5.4420038195199886e+03,3.7357588422573871e+00
768868,5.4420038195199886e+03,3.7357588422573871e+00
768921,5.4420038195199886e+03,3.7357588422573871e+00
768978,5.4262956484063052e+03,3.7345034523399749e+00
769031,5.4262956484063052e+03,3.7345034523399749e+00
769084,5.4262956484063052e+03,3.7345034523399749e+00
769137,5.4262956484063052e+03,3.7345034523399749e+00
769194,5.4262956484063052e+03,3.7345034523399749e+00
769247,5.4262956484063052e+03,3.7345034523399749e+00
769300,5.4262956484063052e+03,3.7345034523399749e+00
769353,5.4262956484063052e+03,3.7345034523399749e+00
769410,5.4223805607786217e+03,3.7341899945514121e+00
769463,5.4223805607786217e+03,3.7341899945514121e+00
769516,5.4223805607786217e+03,3.7341899945514121e+00
769569,5.4223805607786217e+03,3.7341899945514121e+00
769626,5.4223805607786217e+03,3.7341899945514121e+00
769679,5.4223805607786217e+03,3.7341899945514121e+00
769732,5.4223805607786217e+03,3.7341899945514121e+00
769785,5.4223805607786217e+03,3.7341899945514121e+00
769842,5.4137765685278446e+03,3.7335003280769374e+00
769895,5.4137765685278446e+03,3.7335003280769374e+00
769948,5.4137765685278446e+03,3.7335003280769374e+00
770001,5.4137765685278446e+03,3.7335003280769374e+00
770058,5.3933655359608420e+03,3.7318598556434286e+00
770111,5.3933655359608420e+03,3.7318598556434286e+00
770164,5.3933655359608420e+03,3.7318598556434286e+00
770217,5.3933655359608420e+03,3.7318598556434286e+00
770274,5.3933655359608420e+03,3.7318598556434286e+00
770327,5.3933655359608420e+03,3.7318598556434286e+00
770380,5.3933655359608420e+03,3.7318598556434286e+00
770433,5.3933655359608420e+03,3.7318598556434286e+00
770490,5.3933655359608420e+03,3.7318598556434286e+00
770543,5.3933655359608420e+03,3.7318598556434286e+00
770596,5.3933655359608420e+03,3.7318598556434286e+00
770649,5.3933655359608420e+03,3.7318598556434286e+00
770706,5.3933655359608420e+03,3.7318598556434286e+00
770759,5.3933655359608420e+03,3.7318598556434286e+00
770812,5.3933655359608420e+03,3.7318598556434286e+00
770865,5.3933655359608420e+03,3.7318598556434286e+00
770921,5.3933655359608420e+03,3.7318598556434286e+00
770973,5.3933655359608420e+03,3.7318598556434286e+00
771025,5.3933655359608420e+03,3.7318598556434286e+00
771077,5.3933655359608420e+03,3.7318598556434286e+00
771133,5.3933655359608420e+03,3.7318598556434286e+00
771185,5.3933655359608420e+03,3.7318598556434286e+00
771237,5.3933655359608420e+03,3.7318598556434286e+00
771289,5.3933655359608420e+03,3.7318598556434286e+00
771345,5.3765792132721781e+03,3.7305060486577299e+00
771397,5.3765792132721781e+03,3.7305060486577299e+00
771449,5.3765792132721781e+03,3.7305060486577299e+00
771501,5.3765792132721781e+03,3.7305060486577299e+00
771557,5.3675152348097727e+03,3.7297732857835406e+00
771609,5.3675152348097727e+03,3.7297732857835406e+00
771661,5.3675152348097727e+03,3.7297732857835406e+00
771713,5.3675152348097727e+03,3.7297732857835406e+00
771769,5.3675152348097727e+03,3.7297732857835406e+00
771821,5.3675152348097727e+03,3.7297732857835406e+00
771873,5.3675152348097727e+03,3.7297732857835406e+00
771925,5.3675152348097727e+03,3.7297732857835406e+00
771981,5.3675152348097727e+03,3.7297732857835406e+00
772033,5.3675152348097727e+03,3.7297732857835406e+00
772085,5.3675152348097727e+03,3.7297732857835406e+00
772137,5.3675152348097727e+03,3.7297732857835406e+00
772193,5.3675152348097727e+03,3.7297732857835406e+00
772245,5.3675152348097727e+03,3.7297732857835406e+00
772297,5.3675152348097727e+03,3.7297732857835406e+00
772349,5.3675152348097727e+03,3.7297732857835406e+00
772405,5.3675152348097727e+03,3.7297732857835406e+00
772457,5.3675152348097727e+03,3.7297732857835406e+00
772509,5.3675152348097727e+03,3.7297732857835406e+00
772561,5.3675152348097727e+03,3.7297732857835406e+00
772617,5.3675152348097727e+03,3.7297732857835406e+00
772669,5.3675152348097727e+03,3.7297732857835406e+00
772721,5.3675152348097727e+03,3.7297732857835406e+00
772773,5.3675152348097727e+03,3.7297732857835406e+00
772829,5.3675152348097727e+03,3.7297732857835406e+00
772881,5.3675152348097727e+03,3.7297732857835406e+00
772933,5.3675152348097727e+03,3.7297732857835406e+00
772985,5.3675152348097727e+03,3.7297732857835406e+00
773041,5.3452020289099237e+03,3.7279641245836403e+00
773093,5.3452020289099237e+03,3.7279641245836403e+00
773145,5.3452020289099237e+03,3.7279641245836403e+00
773197,5.3452020289099237e+03,3.7279641245836403e+00
773253,5.3448748901531744e+03,3.7279375439410516e+00
773305,5.3448748901531744e+03,3.7279375439410516e+00
773357,5.3448748901531744e+03,3.7279375439410516e+00
773409,5.3448748901531744e+03,3.7279375439410516e+00
773465,5.3448748901531744e+03,3.7279375439410516e+00
773517,5.3448748901531744e+03,3.7279375439410516e+00
773569,5.3448748901531744e+03,3.7279375439410516e+00
773621,5.3448748901531744e+03,3.7279375439410516e+00
773677,5.3274923668661877e+03,3.7265228361374794e+00
773729,5.3274923668661877e+03,3.7265228361374794e+00
773781,5.3274923668661877e+03,3.7265228361374794e+00
773833,5.3274923668661877e+03,3.7265228361374794e+00
773889,5.3274923668661877e+03,3.7265228361374794e+00
773941,5.3274923668661877e+03,3.7265228361374794e+00
773993,5.3274923668661877e+03,3.7265228361374794e+00
774045,5.3274923668661877e+03,3.7265228361374794e+00
774101,5.3274923668661877e+03,3.7265228361374794e+00
774153,5.3274923668661877e+03,3.7265228361374794e+00
774205,5.3274923668661877e+03,3.7265228361374794e+00
774257,5.3274923668661877e+03,3.7265228361374794e+00
774313,5.3030654104798568e+03,3.7245269839421087e+00
774365,5.3030654104798568e+03,3.7245269839421087e+00
774417,5.3030654104798568e+03,3.7245269839421087e+00
774469,5.3030654104798568e+03,3.7245269839421087e+00
774525,5.3030654104798568e+03,3.7245269839421087e+00
774577,5.3030654104798568e+03,3.7245269839421087e+00
774629,5.3030654104798568e+03,3.7245269839421087e+00
774681,5.3030654104798568e+03,3.7245269839421087e+00
774737,5.3030654104798568e+03,3.7245269839421087e+00
774789,5.3030654104798568e+03,3.7245269839421087e+00
774841,5.3030654104798568e+03,3.7245269839421087e+00
774893,5.3030654104798568e+03,3.7245269839421087e+00
774949,5.3030654104798568e+03,3.7245269839421087e+00
775000,5.3030654104798568e+03,3.7245269839421087e+00
775051,5.3030654104798568e+03,3.7245269839421087e+00
775102,5.3030654104798568e+03,3.7245269839421087e+00
775157,5.2561099430482082e+03,3.7206644408667517e+00
775208,5.2561099430482082e+03,3.7206644408667517e+00
775259,5.2561099430482082e+03,3.7206644408667517e+00
775310,5.2561099430482082e+03,3.7206644408667517e+00
775365,5.2561099430482082e+03,3.7206644408667517e+00
775416,5.2561099430482082e+03,3.7206644408667517e+00
775467,5.2561099430482082e+03,3.7206644408667517e+00
775518,5.2561099430482082e+03,3.7206644408667517e+00
775573,5.2561099430482082e+03,3.7206644408667517e+00
775624,5.2561099430482082e+03,3.7206644408667517e+00
775675,5.2561099430482082e+03,3.7206644408667517e+00
775726,5.2561099430482082e+03,3.7206644408667517e+00
775781,5.2531816080261797e+03,3.7204224150807197e+00
775832,5.2531816080261797e+03,3.7204224150807197e+00
775883,5.2531816080261797e+03,3.7204224150807197e+00
775934,5.2531816080261797e+03,3.7204224150807197e+00
775989,5.2531816080261797e+03,3.7204224150807197e+00
776040,5.2531816080261797e+03,3.7204224150807197e+00
776091,5.2531816080261797e+03,3.7204224150807197e+00
776142,5.2531816080261797e+03,3.7204224150807197e+00
776197,5.2531816080261797e+03,3.7204224150807197e+00
776248,5.2531816080261797e+03,3.7204224150807197e+00
776299,5.2531816080261797e+03,3.7204224150807197e+00
776350,5.2531816080261797e+03,3.7204224150807197e+00
776405,5.2531816080261797e+03,3.7204224150807197e+00
776456,5.2531816080261797e+03,3.7204224150807197e+00
776507,5.2531816080261797e+03,3.7204224150807197e+00
776558,5.2531816080261797e+03,3.7204224150807197e+00
776613,5.2347034516868825e+03,3.7188920837333099e+00
776664,5.2347034516868825e+03,3.7188920837333099e+00
776715,5.2347034516868825e+03,3.7188920837333099e+00
776766,5.2347034516868825e+03,3.7188920837333099e+00
776821,5.2347034516868825e+03,3.7188920837333099e+00
776872,5.2347034516868825e+03,3.7188920837333099e+00
776923,5.2347034516868825e+03,3.7188920837333099e+00
776974,5.2347034516868825e+03,3.7188920837333099e+00
777029,5.2277109848663185e+03,3.7183115695077191e+00
777080,5.2277109848663185e+03,3.7183115695077191e+00
777131,5.2277109848663185e+03,3.7183115695077191e+00
777182,5.2277109848663185e+03,3.7183115695077191e+00
777237,5.2277109848663185e+03,3.7183115695077191e+00
777288,5.2277109848663185e+03,3.7183115695077191e+00
777339,5.2277109848663185e+03,3.7183115695077191e+00
777390,5.2277109848663185e+03,3.7183115695077191e+00
777445,5.2277109848663185e+03,3.7183115695077191e+00
777496,5.2277109848663185e+03,3.7183115695077191e+00
777547,5.2277109848663185e+03,3.7183115695077191e+00
777598,5.2277109848663185e+03,3.7183115695077191e+00
777653,5.2277109848663185e+03,3.7183115695077191e+00
777704,5.2277109848663185e+03,3.7183115695077191e+00
777755,5.2277109848663185e+03,3.7183115695077191e+00
777806,5.2277109848663185e+03,3.7183115695077191e+00
777861,5.2146449009761236e+03,3.7172247398388074e+00
777912,5.2146449009761236e+03,3.7172247398388074e+00
777963,5.2146449009761236e+03,3.7172247398388074e+00
778014,5.2146449009761236e+03,3.7172247398388074e+00
778069,5.2146449009761236e+03,3.7172247398388074e+00
778120,5.2146449009761236e+03,3.7172247398388074e+00
778171,5.2146449009761236e+03,3.7172247398388074e+00
778222,5.2146449009761236e+03,3.7172247398388074e+00
778277,5.2146449009761236e+03,3.7172247398388074e+00
778328,5.2146449009761236e+03,3.7172247398388074e+00
778379,5.2146449009761236e+03,3.7172247398388074e+00
778430,5.2146449009761236e+03,3.7172247398388074e+00
778485,5.2146449009761236e+03,3.7172247398388074e+00
778536,5.2146449009761236e+03,3.7172247398388074e+00
778587,5.2146449009761236e+03,3.7172247398388074e+00
778638,5.2146449009761236e+03,3.7172247398388074e+00
778693,5.2145973910611365e+03,3.7172207830232811e+00
778744,5.2145973910611365e+03,3.7172207830232811e+00
778795,5.2145973910611365e+03,3.7172207830232811e+00
778846,5.2145973910611365e+03,3.7172207830232811e+00
778901,5.2145973910611365e+03,3.7172207830232811e+00
778952,5.2145973910611365e+03,3.7172207830232811e+00
779003,5.2145973910611365e+03,3.7172207830232811e+00
779054,5.2145973910611365e+03,3.7172207830232811e+00
779108,5.2032818485936141e+03,3.7162773511648597e+00
779158,5.2032818485936141e+03,3.7162773511648597e+00
779208,5.2032818485936141e+03,3.7162773511648597e+00
779258,5.2032818485936141e+03,3.7162773511648597e+00
779312,5.2027832636330550e+03,3.7162357345316828e+00
779362,5.2027832636330550e+03,3.7162357345316828e+00
779412,5.2027832636330550e+03,3.7162357345316828e+00
779462,5.2027832636330550e+03,3.7162357345316828e+00
779516,5.1936346639570129e+03,3.7154713967742596e+00
779566,5.1936346639570129e+03,3.7154713967742596e+00
779616,5.1936346639570129e+03,3.7154713967742596e+00
779666,5.1936346639570129e+03,3.7154713967742596e+00
779720,5.1723932628579059e+03,3.7136915373599830e+00
779770,5.1723932628579059e+03,3.7136915373599830e+00
779820,5.1723932628579059e+03,3.7136915373599830e+00
779870,5.1723932628579059e+03,3.7136915373599830e+00
779924,5.1723932628579059e+03,3.7136915373599830e+00
779974,5.1723932628579059e+03,3.7136915373599830e+00
780024,5.1723932628579059e+03,3.7136915373599830e+00
780074,5.1723932628579059e+03,3.7136915373599830e+00
780128,5.1587851391537151e+03,3.7125474400998812e+00
780178,5.1587851391537151e+03,3.7125474400998812e+00
780228,5.1587851391537151e+03,3.7125474400998812e+00
780278,5.1587851391537151e+03,3.7125474400998812e+00
780332,5.1538985554988367e+03,3.7121358660541062e+00
780382,5.1538985554988367e+03,3.7121358660541062e+00
780432,5.1538985554988367e+03,3.7121358660541062e+00
780482,5.1538985554988367e+03,3.7121358660541062e+00
780536,5.1502618237712413e+03,3.7118293078234688e+00
780586,5.1502618237712413e+03,3.7118293078234688e+00
780636,5.1502618237712413e+03,3.7118293078234688e+00
780686,5.1502618237712413e+03,3.7118293078234688e+00
780740,5.1427426893511893e+03,3.7111947954876334e+00
780790,5.1427426893511893e+03,3.7111947954876334e+00
780840,5.1427426893511893e+03,3.7111947954876334e+00
780890,5.1427426893511893e+03,3.7111947954876334e+00
780944,5.1347562073210374e+03,3.7105198285898413e+00
780994,5.1347562073210374e+03,3.7105198285898413e+00
781044,5.1347562073210374e+03,3.7105198285898413e+00
781094,5.1347562073210374e+03,3.7105198285898413e+00
781148,5.1344259319618814e+03,3.7104918932072386e+00
781198,5.1344259319618814e+03,3.7104918932072386e+00
781248,5.1344259319618814e+03,3.7104918932072386e+00
781298,5.1344259319618814e+03,3.7104918932072386e+00
781352,5.1344259319618814e+03,3.7104918932072386e+00
781402,5.1344259319618814e+03,3.7104918932072386e+00
781452,5.1344259319618814e+03,3.7104918932072386e+00
781502,5.1344259319618814e+03,3.7104918932072386e+00
781556,5.1230903396999183e+03,3.7095320142185715e+00
781606,5.1230903396999183e+03,3.7095320142185715e+00
781656,5.1230903396999183e+03,3.7095320142185715e+00
781706,5.1230903396999183e+03,3.7095320142185715e+00
781760,5.1230903396999183e+03,3.7095320142185715e+00
781810,5.1230903396999183e+03,3.7095320142185715e+00
781860,5.1230903396999183e+03,3.7095320142185715e+00
781910,5.1230903396999183e+03,3.7095320142185715e+00
781964,5.1230760964352003e+03,3.7095308067872246e+00
782014,5.1230760964352003e+03,3.7095308067872246e+00
782064,5.1230760964352003e+03,3.7095308067872246e+00
782114,5.1230760964352003e+03,3.7095308067872246e+00
782168,5.1182259721066330e+03,3.7091194562820213e+00
782218,5.1182259721066330e+03,3.7091194562820213e+00
782268,5.1182259721066330e+03,3.7091194562820213e+00
782318,5.1182259721066330e+03,3.7091194562820213e+00
782372,5.1182259721066330e+03,3.7091194562820213e+00
782422,5.1182259721066330e+03,3.7091194562820213e+00
782472,5.1182259721066330e+03,3.7091194562820213e+00
782522,5.1182259721066330e+03,3.7091194562820213e+00
782576,5.1170170891644975e+03,3.7090168673761528e+00
782626,5.1170170891644975e+03,3.7090168673761528e+00
782676,5.1170170891644975e+03,3.7090168673761528e+00
782726,5.1170170891644975e+03,3.7090168673761528e+00
782780,5.1170170891644975e+03,3.7090168673761528e+00
782830,5.1170170891644975e+03,3.7090168673761528e+00
782880,5.1170170891644975e+03,3.7090168673761528e+00
782930,5.1170170891644975e+03,3.7090168673761528e+00
782984,5.1170170891644975e+03,3.7090168673761528e+00
783034,5.1170170891644975e+03,3.7090168673761528e+00
783084,5.1170170891644975e+03,3.7090168673761528e+00
783134,5.1170170891644975e+03,3.7090168673761528e+00
783188,5.1033346108277638e+03,3.7078540446935651e+00
783238,5.1033346108277638e+03,3.7078540446935651e+00
783288,5.1033346108277638e+03,3.7078540446935651e+00
783337,5.1033346108277638e+03,3.7078540446935651e+00
783390,5.1033346108277638e+03,3.7078540446935651e+00
783439,5.1033346108277638e+03,3.7078540446935651e+00
783488,5.1033346108277638e+03,3.7078540446935651e+00
783537,5.1033346108277638e+03,3.7078540446935651e+00
783590,5.0820219776308204e+03,3.7060365388613699e+00
783639,5.0820219776308204e+03,3.7060365388613699e+00
783688,5.0820219776308204e+03,3.7060365388613699e+00
783737,5.0820219776308204e+03,3.7060365388613699e+00
783790,5.0659720078768360e+03,3.7046627857588694e+00
783839,5.0659720078768360e+03,3.7046627857588694e+00
783888,5.0659720078768360e+03,3.7046627857588694e+00
783937,5.0659720078768360e+03,3.7046627857588694e+00
783990,5.0526318304085125e+03,3.7035176537008594e+00
784039,5.0526318304085125e+03,3.7035176537008594e+00
784088,5.0526318304085125e+03,3.7035176537008594e+00
784137,5.0526318304085125e+03,3.7035176537008594e+00
784190,5.0526318304085125e+03,3.7035176537008594e+00
784239,5.0526318304085125e+03,3.7035176537008594e+00
784288,5.0526318304085125e+03,3.7035176537008594e+00
784337,5.0526318304085125e+03,3.7035176537008594e+00
784390,5.0317217660646302e+03,3.7017166183665440e+00
784439,5.0317217660646302e+03,3.7017166183665440e+00
784488,5.0317217660646302e+03,3.7017166183665440e+00
784537,5.0317217660646302e+03,3.7017166183665440e+00
784590,5.0100286971437927e+03,3.6998402134871062e+00
784639,5.0100286971437927e+03,3.6998402134871062e+00
784688,5.0100286971437927e+03,3.6998402134871062e+00
784737,5.0100286971437927e+03,3.6998402134871062e+00
784790,5.0100286971437927e+03,3.6998402134871062e+00
784839,5.0100286971437927e+03,3.6998402134871062e+00
784888,5.0100286971437927e+03,3.6998402134871062e+00
784937,5.0100286971437927e+03,3.6998402134871062e+00
784990,5.0100286971437927e+03,3.6998402134871062e+00
785039,5.0100286971437927e+03,3.6998402134871062e+00
785088,5.0100286971437927e+03,3.6998402134871062e+00
785137,5.0100286971437927e+03,3.6998402134871062e+00
785190,5.0100286971437927e+03,3.6998402134871062e+00
785239,5.0100286971437927e+03,3.6998402134871062e+00
785288,5.0100286971437927e+03,3.6998402134871062e+00
785337,5.0100286971437927e+03,3.6998402134871062e+00
785390,5.0100286971437927e+03,3.6998402134871062e+00
785439,5.0100286971437927e+03,3.6998402134871062e+00
785488,5.0100286971437927e+03,3.6998402134871062e+00
785537,5.0100286971437927e+03,3.6998402134871062e+00
785590,5.0100286971437927e+03,3.6998402134871062e+00
785639,5.0100286971437927e+03,3.6998402134871062e+00
785688,5.0100286971437927e+03,3.6998402134871062e+00
785737,5.0100286971437927e+03,3.6998402134871062e+00
785790,5.0100286971437927e+03,3.6998402134871062e+00
785839,5.0100286971437927e+03,3.6998402134871062e+00
785888,5.0100286971437927e+03,3.6998402134871062e+00
785937,5.0100286971437927e+03,3.6998402134871062e+00
785990,5.0100286971437927e+03,3.6998402134871062e+00
786039,5.0100286971437927e+03,3.6998402134871062e+00
786088,5.0100286971437927e+03,3.6998402134871062e+00
786137,5.0100286971437927e+03,3.6998402134871062e+00
786190,5.0100286971437927e+03,3.6998402134871062e+00
786239,5.0100286971437927e+03,3.6998402134871062e+00
786288,5.0100286971437927e+03,3.6998402134871062e+00
786337,5.0100286971437927e+03,3.6998402134871062e+00
786390,5.0100286971437927e+03,3.6998402134871062e+00
786439,5.0100286971437927e+03,3.6998402134871062e+00
786488,5.0100286971437927e+03,3.6998402134871062e+00
786537,5.0100286971437927e+03,3.6998402134871062e+00
786590,5.0100286971437927e+03,3.6998402134871062e+00
786639,5.0100286971437927e+03,3.6998402134871062e+00
786688,5.0100286971437927e+03,3.6998402134871062e+00
786737,5.0100286971437927e+03,3.6998402134871062e+00
786790,5.0100286971437927e+03,3.6998402134871062e+00
786839,5.0100286971437927e+03,3.6998402134871062e+00
786888,5.0100286971437927e+03,3.6998402134871062e+00
786937,5.0100286971437927e+03,3.6998402134871062e+00
786990,5.0100286971437927e+03,3.6998402134871062e+00
787039,5.0100286971437927e+03,3.6998402134871062e+00
787088,5.0100286971437927e+03,3.6998402134871062e+00
787137,5.0100286971437927e+03,3.6998402134871062e+00
787190,5.0040792761386365e+03,3.6993241813005264e+00
787239,5.0040792761386365e+03,3.6993241813005264e+00
787288,5.0040792761386365e+03,3.6993241813005264e+00
787337,5.0040792761386365e+03,3.6993241813005264e+00
787390,5.0040792761386365e+03,3.6993241813005264e+00
787439,5.0040792761386365e+03,3.6993241813005264e+00
787488,5.0040792761386365e+03,3.6993241813005264e+00
787537,5.0040792761386365e+03,3.6993241813005264e+00
787590,5.0040792761386365e+03,3.6993241813005264e+00
787638,5.0040792761386365e+03,3.6993241813005264e+00
787686,5.0040792761386365e+03,3.6993241813005264e+00
787734,5.0040792761386365e+03,3.6993241813005264e+00
787786,5.0040792761386365e+03,3.6993241813005264e+00
787834,5.0040792761386365e+03,3.6993241813005264e+00
787882,5.0040792761386365e+03,3.6993241813005264e+00
787930,5.0040792761386365e+03,3.6993241813005264e+00
787982,5.0040792761386365e+03,3.6993241813005264e+00
788030,5.0040792761386365e+03,3.6993241813005264e+00
788078,5.0040792761386365e+03,3.6993241813005264e+00
788126,5.0040792761386365e+03,3.6993241813005264e+00
788178,4.9864048906724838e+03,3.6977875398407507e+00
788226,4.9864048906724838e+03,3.6977875398407507e+00
788274,4.9864048906724838e+03,3.6977875398407507e+00
788322,4.9864048906724838e+03,3.6977875398407507e+00
788374,4.9864048906724838e+03,3.6977875398407507e+00
788422,4.9864048906724838e+03,3.6977875398407507e+00
788470,4.9864048906724838e+03,3.6977875398407507e+00
788518,4.9864048906724838e+03,3.6977875398407507e+00
788570,4.9862076991066924e+03,3.6977703649614218e+00
788618,4.9862076991066924e+03,3.6977703649614218e+00
788666,4.9862076991066924e+03,3.6977703649614218e+00
788714,4.9862076991066924e+03,3.6977703649614218e+00
788766,4.9862076991066924e+03,3.6977703649614218e+00
788814,4.9862076991066924e+03,3.6977703649614218e+00
788862,4.9862076991066924e+03,3.6977703649614218e+00
788910,4.9862076991066924e+03,3.6977703649614218e+00
788962,4.9862076991066924e+03,3.6977703649614218e+00
789010,4.9862076991066924e+03,3.6977703649614218e+00
789058,4.9862076991066924e+03,3.6977703649614218e+00
789106,4.9862076991066924e+03,3.6977703649614218e+00
789158,4.9672344976615186e+03,3.6961146630426316e+00
789206,4.9672344976615186e+03,3.6961146630426316e+00
789254,4.9672344976615186e+03,3.6961146630426316e+00
789302,4.9672344976615186e+03,3.6961146630426316e+00
789354,4.9664936949767016e+03,3.6960498884660473e+00
789402,4.9664936949767016e+03,3.6960498884660473e+00
789450,4.9664936949767016e+03,3.6960498884660473e+00
789498,4.9664936949767016e+03,3.6960498884660473e+00
789550,4.9664936949767016e+03,3.6960498884660473e+00
789598,4.9664936949767016e+03,3.6960498884660473e+00
789646,4.9664936949767016e+03,3.6960498884660473e+00
789694,4.9664936949767016e+03,3.6960498884660473e+00
789746,4.9664936949767016e+03,3.6960498884660473e+00
789794,4.9664936949767016e+03,3.6960498884660473e+00
789842,4.9664936949767016e+03,3.6960498884660473e+00
789890,4.9664936949767016e+03,3.6960498884660473e+00
789942,4.9624536711506735e+03,3.6956964652709123e+00
789990,4.9624536711506735e+03,3.6956964652709123e+00
790038,4.9624536711506735e+03,3.6956964652709123e+00
790086,4.9624536711506735e+03,3.6956964652709123e+00
790138,4.9624536711506735e+03,3.6956964652709123e+00
790186,4.9624536711506735e+03,3.6956964652709123e+00
790234,4.9624536711506735e+03,3.6956964652709123e+00
790282,4.9624536711506735e+03,3.6956964652709123e+00
790334,4.9624536711506735e+03,3.6956964652709123e+00
790382,4.9624536711506735e+03,3.6956964652709123e+00
790430,4.9624536711506735e+03,3.6956964652709123e+00
790478,4.9624536711506735e+03,3.6956964652709123e+00
790530,4.9420418339450980e+03,3.6939064173458291e+00
790578,4.9420418339450980e+03,3.6939064173458291e+00
790626,4.9420418339450980e+03,3.6939064173458291e+00
790674,4.9420418339450980e+03,3.6939064173458291e+00
790726,4.9420418339450980e+03,3.6939064173458291e+00
790774,4.9420418339450980e+03,3.6939064173458291e+00
790822,4.9420418339450980e+03,3.6939064173458291e+00
790870,4.9420418339450980e+03,3.6939064173458291e+00
790922,4.9420418339450980e+03,3.6939064173458291e+00
790970,4.9420418339450980e+03,3.6939064173458291e+00
791018,4.9420418339450980e+03,3.6939064173458291e+00
791066,4.9420418339450980e+03,3.6939064173458291e+00
791118,4.9420418339450980e+03,3.6939064173458291e+00
791166,4.9420418339450980e+03,3.6939064173458291e+00
791214,4.9420418339450980e+03,3.6939064173458291e+00
791262,4.9420418339450980e+03,3.6939064173458291e+00
791314,4.9420418339450980e+03,3.6939064173458291e+00
791362,4.9420418339450980e+03,3.6939064173458291e+00
791410,4.9420418339450980e+03,3.6939064173458291e+00
791458,4.9420418339450980e+03,3.6939064173458291e+00
791510,4.9357779239760175e+03,3.6933556112031720e+00
791558,4.9357779239760175e+03,3.6933556112031720e+00
791606,4.9357779239760175e+03,3.6933556112031720e+00
791654,4.9357779239760175e+03,3.6933556112031720e+00
791706,4.9357779239760175e+03,3.6933556112031720e+00
791754,4.9357779239760175e+03,3.6933556112031720e+00
791802,4.9357779239760175e+03,3.6933556112031720e+00
791850,4.9357779239760175e+03,3.6933556112031720e+00
791902,4.9357779239760175e+03,3.6933556112031720e+00
791950,4.9357779239760175e+03,3.6933556112031720e+00
791998,4.9357779239760175e+03,3.6933556112031720e+00
792045,4.9357779239760175e+03,3.6933556112031720e+00
792096,4.9308333473107323e+03,3.6929203244604785e+00
792143,4.9308333473107323e+03,3.6929203244604785e+00
792190,4.9308333473107323e+03,3.6929203244604785e+00
792237,4.9308333473107323e+03,3.6929203244604785e+00
792288,4.9308333473107323e+03,3.6929203244604785e+00
792335,4.9308333473107323e+03,3.6929203244604785e+00
792382,4.9308333473107323e+03,3.6929203244604785e+00
792429,4.9308333473107323e+03,3.6929203244604785e+00
792480,4.9262668643949855e+03,3.6925179346234480e+00
792527,4.9262668643949855e+03,3.6925179346234480e+00
792574,4.9262668643949855e+03,3.6925179346234480e+00
792621,4.9262668643949855e+03,3.6925179346234480e+00
792672,4.9229174212178004e+03,3.6922225508224766e+00
792719,4.9229174212178004e+03,3.6922225508224766e+00
792766,4.9229174212178004e+03,3.6922225508224766e+00
792813,4.9229174212178004e+03,3.6922225508224766e+00
792864,4.9229174212178004e+03,3.6922225508224766e+00
792911,4.9229174212178004e+03,3.6922225508224766e+00
792958,4.9229174212178004e+03,3.6922225508224766e+00
793005,4.9229174212178004e+03,3.6922225508224766e+00
793056,4.9206890625867691e+03,3.6920259229147514e+00
793103,4.9206890625867691e+03,3.6920259229147514e+00
793150,4.9206890625867691e+03,3.6920259229147514e+00
793197,4.9206890625867691e+03,3.6920259229147514e+00
793248,4.9079360033126877e+03,3.6908988911394482e+00
793295,4.9079360033126877e+03,3.6908988911394482e+00
793342,4.9079360033126877e+03,3.6908988911394482e+00
793389,4.9079360033126877e+03,3.6908988911394482e+00
793440,4.9079360033126877e+03,3.6908988911394482e+00
793487,4.9079360033126877e+03,3.6908988911394482e+00
793534,4.9079360033126877e+03,3.6908988911394482e+00
793581,4.9079360033126877e+03,3.6908988911394482e+00
793632,4.9058049807886073e+03,3.6907102798159857e+00
793679,4.9058049807886073e+03,3.6907102798159857e+00
793726,4.9058049807886073e+03,3.6907102798159857e+00
793773,4.9058049807886073e+03,3.6907102798159857e+00
793824,4.8831968485909692e+03,3.6887042316635394e+00
793871,4.8831968485909692e+03,3.6887042316635394e+00
793918,4.8831968485909692e+03,3.6887042316635394e+00
793965,4.8831968485909692e+03,3.6887042316635394e+00
794016,4.8818698554866669e+03,3.6885861974905567e+00
794063,4.8818698554866669e+03,3.6885861974905567e+00
794110,4.8818698554866669e+03,3.6885861974905567e+00
794157,4.8818698554866669e+03,3.6885861974905567e+00
794208,4.8818698554866669e+03,3.6885861974905567e+00
794255,4.8818698554866669e+03,3.6885861974905567e+00
794302,4.8818698554866669e+03,3.6885861974905567e+00
794349,4.8818698554866669e+03,3.6885861974905567e+00
794400,4.8672879293028118e+03,3.6872870381294121e+00
794447,4.8672879293028118e+03,3.6872870381294121e+00
794494,4.8672879293028118e+03,3.6872870381294121e+00
794541,4.8672879293028118e+03,3.6872870381294121e+00
794592,4.8666061478372731e+03,3.6872262004160601e+00
794639,4.8666061478372731e+03,3.6872262004160601e+00
794686,4.8666061478372731e+03,3.6872262004160601e+00
794733,4.8666061478372731e+03,3.6872262004160601e+00
794784,4.8666061478372731e+03,3.6872262004160601e+00
794831,4.8666061478372731e+03,3.6872262004160601e+00
794878,4.8666061478372731e+03,3.6872262004160601e+00
794925,4.8666061478372731e+03,3.6872262004160601e+00
794976,4.8666061478372731e+03,3.6872262004160601e+00
795023,4.8666061478372731e+03,3.6872262004160601e+00
795070,4.8666061478372731e+03,3.6872262004160601e+00
795117,4.8666061478372731e+03,3.6872262004160601e+00
795168,4.8666061478372731e+03,3.6872262004160601e+00
795215,4.8666061478372731e+03,3.6872262004160601e+00
795262,4.8666061478372731e+03,3.6872262004160601e+00
795309,4.8666061478372731e+03,3.6872262004160601e+00
795360,4.8666061478372731e+03,3.6872262004160601e+00
795407,4.8666061478372731e+03,3.6872262004160601e+00
795454,4.8666061478372731e+03,3.6872262004160601e+00
795501,4.8666061478372731e+03,3.6872262004160601e+00
795552,4.8448616036437706e+03,3.6852813756835268e+00
795599,4.8448616036437706e+03,3.6852813756835268e+00
795646,4.8448616036437706e+03,3.6852813756835268e+00
795693,4.8448616036437706e+03,3.6852813756835268e+00
795744,4.8447037569210579e+03,3.6852672260373627e+00
795791,4.8447037569210579e+03,3.6852672260373627e+00
795838,4.8447037569210579e+03,3.6852672260373627e+00
795885,4.8447037569210579e+03,3.6852672260373627e+00
795936,4.8447037569210579e+03,3.6852672260373627e+00
795983,4.8447037569210579e+03,3.6852672260373627e+00
796030,4.8447037569210579e+03,3.6852672260373627e+00
796077,4.8447037569210579e+03,3.6852672260373627e+00
796128,4.8446719092954982e+03,3.6852643711066597e+00
796175,4.8446719092954982e+03,3.6852643711066597e+00
796222,4.8446719092954982e+03,3.6852643711066597e+00
796269,4.8446719092954982e+03,3.6852643711066597e+00
796320,4.8446719092954982e+03,3.6852643711066597e+00
796367,4.8446719092954982e+03,3.6852643711066597e+00
796414,4.8446719092954982e+03,3.6852643711066597e+00
796461,4.8446719092954982e+03,3.6852643711066597e+00
796512,4.8446719092954982e+03,3.6852643711066597e+00
796558,4.8446719092954982e+03,3.6852643711066597e+00
796604,4.8446719092954982e+03,3.6852643711066597e+00
796650,4.8446719092954982e+03,3.6852643711066597e+00
796700,4.8446719092954982e+03,3.6852643711066597e+00
796746,4.8446719092954982e+03,3.6852643711066597e+00
796792,4.8446719092954982e+03,3.6852643711066597e+00
796838,4.8446719092954982e+03,3.6852643711066597e+00
796888,4.8390343268067245e+03,3.6847587028876827e+00
796934,4.8390343268067245e+03,3.6847587028876827e+00
796980,4.8390343268067245e+03,3.6847587028876827e+00
797026,4.8390343268067245e+03,3.6847587028876827e+00
797076,4.8390343268067245e+03,3.6847587028876827e+00
797122,4.8390343268067245e+03,3.6847587028876827e+00
797168,4.8390343268067245e+03,3.6847587028876827e+00
797214,4.8390343268067245e+03,3.6847587028876827e+00
797264,4.8307951245833674e+03,3.6840186193226514e+00
797310,4.8307951245833674e+03,3.6840186193226514e+00
797356,4.8307951245833674e+03,3.6840186193226514e+00
797402,4.8307951245833674e+03,3.6840186193226514e+00
797452,4.8304237257841214e+03,3.6839852288257222e+00
797498,4.8304237257841214e+03,3.6839852288257222e+00
797544,4.8304237257841214e+03,3.6839852288257222e+00
797590,4.8304237257841214e+03,3.6839852288257222e+00
797640,4.8292350163796855e+03,3.6838783410046676e+00
797686,4.8292350163796855e+03,3.6838783410046676e+00
797732,4.8292350163796855e+03,3.6838783410046676e+00
797778,4.8292350163796855e+03,3.6838783410046676e+00
797828,4.8292350163796855e+03,3.6838783410046676e+00
797874,4.8292350163796855e+03,3.6838783410046676e+00
797920,4.8292350163796855e+03,3.6838783410046676e+00
797966,4.8292350163796855e+03,3.6838783410046676e+00
798016,4.8292350163796855e+03,3.6838783410046676e+00
798062,4.8292350163796855e+03,3.6838783410046676e+00
798108,4.8292350163796855e+03,3.6838783410046676e+00
798154,4.8292350163796855e+03,3.6838783410046676e+00
798204,4.8240263477344079e+03,3.6834096711562276e+00
798250,4.8240263477344079e+03,3.6834096711562276e+00
798296,4.8240263477344079e+03,3.6834096711562276e+00
798342,4.8240263477344079e+03,3.6834096711562276e+00
798392,4.8240263477344079e+03,3.6834096711562276e+00
798438,4.8240263477344079e+03,3.6834096711562276e+00
798484,4.8240263477344079e+03,3.6834096711562276e+00
798530,4.8240263477344079e+03,3.6834096711562276e+00
798580,4.8240263477344079e+03,3.6834096711562276e+00
798626,4.8240263477344079e+03,3.6834096711562276e+00
798672,4.8240263477344079e+03,3.6834096711562276e+00
798718,4.8240263477344079e+03,3.6834096711562276e+00
798768,4.8115522996117870e+03,3.6822852107597428e+00
798814,4.8115522996117870e+03,3.6822852107597428e+00
798860,4.8115522996117870e+03,3.6822852107597428e+00
798906,4.8115522996117870e+03,3.6822852107597428e+00
798956,4.8115522996117870e+03,3.6822852107597428e+00
799002,4.8115522996117870e+03,3.6822852107597428e+00
799048,4.8115522996117870e+03,3.6822852107597428e+00
799094,4.8115522996117870e+03,3.6822852107597428e+00
799144,4.7963022240231030e+03,3.6809065410010726e+00
799190,4.7963022240231030e+03,3.6809065410010726e+00
799236,4.7963022240231030e+03,3.6809065410010726e+00
799282,4.7963022240231030e+03,3.6809065410010726e+00
799332,4.7963022240231030e+03,3.6809065410010726e+00
799378,4.7963022240231030e+03,3.6809065410010726e+00
799424,4.7963022240231030e+03,3.6809065410010726e+00
799470,4.7963022240231030e+03,3.6809065410010726e+00
799520,4.7963022240231030e+03,3.6809065410010726e+00
799566,4.7963022240231030e+03,3.6809065410010726e+00
799612,4.7963022240231030e+03,3.6809065410010726e+00
799658,4.7963022240231030e+03,3.6809065410010726e+00
799708,4.7963022240231030e+03,3.6809065410010726e+00
799754,4.7963022240231030e+03,3.6809065410010726e+00
799800,4.7963022240231030e+03,3.6809065410010726e+00
799846,4.7963022240231030e+03,3.6809065410010726e+00
799896,4.7862885878610596e+03,3.6799988807247850e+00
799942,4.7862885878610596e+03,3.6799988807247850e+00
799988,4.7862885878610596e+03,3.6799988807247850e+00
800034,4.7862885878610596e+03,3.6799988807247850e+00
800084,4.7862885878610596e+03,3.6799988807247850e+00
800130,4.7862885878610596e+03,3.6799988807247850e+00
800176,4.7862885878610596e+03,3.6799988807247850e+00
800222,4.7862885878610596e+03,3.6799988807247850e+00
800272,4.7862885878610596e+03,3.6799988807247850e+00
800318,4.7862885878610596e+03,3.6799988807247850e+00
800364,4.7862885878610596e+03,3.6799988807247850e+00
800410,4.7862885878610596e+03,3.6799988807247850e+00
800460,4.7862500060887050e+03,3.6799953799082208e+00
800506,4.7862500060887050e+03,3.6799953799082208e+00
800552,4.7862500060887050e+03,3.6799953799082208e+00
800598,4.7862500060887050e+03,3.6799953799082208e+00
800648,4.7862500060887050e+03,3.6799953799082208e+00
800694,4.7862500060887050e+03,3.6799953799082208e+00
800740,4.7862500060887050e+03,3.6799953799082208e+00
800786,4.7862500060887050e+03,3.6799953799082208e+00
800836,4.7862500060887050e+03,3.6799953799082208e+00
800882,4.7862500060887050e+03,3.6799953799082208e+00
800928,4.7862500060887050e+03,3.6799953799082208e+00
800974,4.7862500060887050e+03,3.6799953799082208e+00
801024,4.7838798409352203e+03,3.6797802627290688e+00
801070,4.7838798409352203e+03,3.6797802627290688e+00
801116,4.7838798409352203e+03,3.6797802627290688e+00
801161,4.7838798409352203e+03,3.6797802627290688e+00
801210,4.7774032589701110e+03,3.6791919014788372e+00
801255,4.7774032589701110e+03,3.6791919014788372e+00
801300,4.7774032589701110e+03,3.6791919014788372e+00
801345,4.7774032589701110e+03,3.6791919014788372e+00
801394,4.7774032589701110e+03,3.6791919014788372e+00
801439,4.7774032589701110e+03,3.6791919014788372e+00
801484,4.7774032589701110e+03,3.6791919014788372e+00
801529,4.7774032589701110e+03,3.6791919014788372e+00
801578,4.7774032589701110e+03,3.6791919014788372e+00
801623,4.7774032589701110e+03,3.6791919014788372e+00
801668,4.7774032589701110e+03,3.6791919014788372e+00
801713,4.7774032589701110e+03,3.6791919014788372e+00
801762,4.7710387915110887e+03,3.6786129476573799e+00
801807,4.7710387915110887e+03,3.6786129476573799e+00
801852,4.7710387915110887e+03,3.6786129476573799e+00
801897,4.7710387915110887e+03,3.6786129476573799e+00
801946,4.7670668126627406e+03,3.6782512388092341e+00
801991,4.7670668126627406e+03,3.6782512388092341e+00
802036,4.7670668126627406e+03,3.6782512388092341e+00
802081,4.7670668126627406e+03,3.6782512388092341e+00
802130,4.7670668126627406e+03,3.6782512388092341e+00
802175,4.7670668126627406e+03,3.6782512388092341e+00
802220,4.7670668126627406e+03,3.6782512388092341e+00
802265,4.7670668126627406e+03,3.6782512388092341e+00
802314,4.7670668126627406e+03,3.6782512388092341e+00
802359,4.7670668126627406e+03,3.6782512388092341e+00
802404,4.7670668126627406e+03,3.6782512388092341e+00
802449,4.7670668126627406e+03,3.6782512388092341e+00
802498,4.7622109919637678e+03,3.6778086331133060e+00
802543,4.7622109919637678e+03,3.6778086331133060e+00
802588,4.7622109919637678e+03,3.6778086331133060e+00
802633,4.7622109919637678e+03,3.6778086331133060e+00
802682,4.7610041614772672e+03,3.6776985610808590e+00
802727,4.7610041614772672e+03,3.6776985610808590e+00
802772,4.7610041614772672e+03,3.6776985610808590e+00
802817,4.7610041614772672e+03,3.6776985610808590e+00
802866,4.7610041614772672e+03,3.6776985610808590e+00
802911,4.7610041614772672e+03,3.6776985610808590e+00
802956,4.7610041614772672e+03,3.6776985610808590e+00
803001,4.7610041614772672e+03,3.6776985610808590e+00
803050,4.7291113789783103e+03,3.6747795425428236e+00
803095,4.7291113789783103e+03,3.6747795425428236e+00
803140,4.7291113789783103e+03,3.6747795425428236e+00
803185,4.7291113789783103e+03,3.6747795425428236e+00
803234,4.7291113789783103e+03,3.6747795425428236e+00
803279,4.7291113789783103e+03,3.6747795425428236e+00
803324,4.7291113789783103e+03,3.6747795425428236e+00
803369,4.7291113789783103e+03,3.6747795425428236e+00
803418,4.7269092363203335e+03,3.6745772632837310e+00
803463,4.7269092363203335e+03,3.6745772632837310e+00
803508,4.7269092363203335e+03,3.6745772632837310e+00
803553,4.7269092363203335e+03,3.6745772632837310e+00
803602,4.7269092363203335e+03,3.6745772632837310e+00
803647,4.7269092363203335e+03,3.6745772632837310e+00
803692,4.7269092363203335e+03,3.6745772632837310e+00
803737,4.7269092363203335e+03,3.6745772632837310e+00
803786,4.7188581273895979e+03,3.6738369204626693e+00
803831,4.7188581273895979e+03,3.6738369204626693e+00
803876,4.7188581273895979e+03,3.6738369204626693e+00
803921,4.7188581273895979e+03,3.6738369204626693e+00
803970,4.7188496347694036e+03,3.6738361388537912e+00
804015,4.7188496347694036e+03,3.6738361388537912e+00
804060,4.7188496347694036e+03,3.6738361388537912e+00
804105,4.7188496347694036e+03,3.6738361388537912e+00
804154,4.6986672120175645e+03,3.6719746867547105e+00
804199,4.6986672120175645e+03,3.6719746867547105e+00
804244,4.6986672120175645e+03,3.6719746867547105e+00
804289,4.6986672120175645e+03,3.6719746867547105e+00
804338,4.6986672120175645e+03,3.6719746867547105e+00
804383,4.6986672120175645e+03,3.6719746867547105e+00
804428,4.6986672120175645e+03,3.6719746867547105e+00
804473,4.6986672120175645e+03,3.6719746867547105e+00
804522,4.6852612506007899e+03,3.6707338121994635e+00
804567,4.6852612506007899e+03,3.6707338121994635e+00
804612,4.6852612506007899e+03,3.6707338121994635e+00
804657,4.6852612506007899e+03,3.6707338121994635e+00
804706,4.6852612506007899e+03,3.6707338121994635e+00
804751,4.6852612506007899e+03,3.6707338121994635e+00
804796,4.6852612506007899e+03,3.6707338121994635e+00
804841,4.6852612506007899e+03,3.6707338121994635e+00
804890,4.6852612506007899e+03,3.6707338121994635e+00
804935,4.6852612506007899e+03,3.6707338121994635e+00
804980,4.6852612506007899e+03,3.6707338121994635e+00
805025,4.6852612506007899e+03,3.6707338121994635e+00
805074,4.6852612506007899e+03,3.6707338121994635e+00
805119,4.6852612506007899e+03,3.6707338121994635e+00
805164,4.6852612506007899e+03,3.6707338121994635e+00
805209,4.6852612506007899e+03,3.6707338121994635e+00
805258,4.6852612506007899e+03,3.6707338121994635e+00
805303,4.6852612506007899e+03,3.6707338121994635e+00
805348,4.6852612506007899e+03,3.6707338121994635e+00
805393,4.6852612506007899e+03,3.6707338121994635e+00
805442,4.6818380548885980e+03,3.6704163873433839e+00
805487,4.6818380548885980e+03,3.6704163873433839e+00
805532,4.6818380548885980e+03,3.6704163873433839e+00
805577,4.6818380548885980e+03,3.6704163873433839e+00
805626,4.6818380548885980e+03,3.6704163873433839e+00
805671,4.6818380548885980e+03,3.6704163873433839e+00
805716,4.6818380548885980e+03,3.6704163873433839e+00
805761,4.6818380548885980e+03,3.6704163873433839e+00
805810,4.6818380548885980e+03,3.6704163873433839e+00
805855,4.6818380548885980e+03,3.6704163873433839e+00
805899,4.6818380548885980e+03,3.6704163873433839e+00
805943,4.6818380548885980e+03,3.6704163873433839e+00
805991,4.6676597138911029e+03,3.6690991871834893e+00
806035,4.6676597138911029e+03,3.6690991871834893e+00
806079,4.6676597138911029e+03,3.6690991871834893e+00
806123,4.6676597138911029e+03,3.6690991871834893e+00
806171,4.6676597138911029e+03,3.6690991871834893e+00
806215,4.6676597138911029e+03,3.6690991871834893e+00
806259,4.6676597138911029e+03,3.6690991871834893e+00
806303,4.6676597138911029e+03,3.6690991871834893e+00
806351,4.6672635816376223e+03,3.6690623281657024e+00
806395,4.6672635816376223e+03,3.6690623281657024e+00
806439,4.6672635816376223e+03,3.6690623281657024e+00
806483,4.6672635816376223e+03,3.6690623281657024e+00
806531,4.6672635816376223e+03,3.6690623281657024e+00
806575,4.6672635816376223e+03,3.6690623281657024e+00
806619,4.6672635816376223e+03,3.6690623281657024e+00
806663,4.6672635816376223e+03,3.6690623281657024e+00
806711,4.6672635816376223e+03,3.6690623281657024e+00
806755,4.6672635816376223e+03,3.6690623281657024e+00
806799,4.6672635816376223e+03,3.6690623281657024e+00
806843,4.6672635816376223e+03,3.6690623281657024e+00
806891,4.6616762615255084e+03,3.6685421098720368e+00
806935,4.6616762615255084e+03,3.6685421098720368e+00
806979,4.6616762615255084e+03,3.6685421098720368e+00
807023,4.6616762615255084e+03,3.6685421098720368e+00
807071,4.6616762615255084e+03,3.6685421098720368e+00
807115,4.6616762615255084e+03,3.6685421098720368e+00
807159,4.6616762615255084e+03,3.6685421098720368e+00
807203,4.6616762615255084e+03,3.6685421098720368e+00
807251,4.6616762615255084e+03,3.6685421098720368e+00
807295,4.6616762615255084e+03,3.6685421098720368e+00
807339,4.6616762615255084e+03,3.6685421098720368e+00
807383,4.6616762615255084e+03,3.6685421098720368e+00
807431,4.6377908415689471e+03,3.6663111586183290e+00
807475,4.6377908415689471e+03,3.6663111586183290e+00
807519,4.6377908415689471e+03,3.6663111586183290e+00
807563,4.6377908415689471e+03,3.6663111586183290e+00
807611,4.6377908415689471e+03,3.6663111586183290e+00
807655,4.6377908415689471e+03,3.6663111586183290e+00
807699,4.6377908415689471e+03,3.6663111586183290e+00
807743,4.6377908415689471e+03,3.6663111586183290e+00
807791,4.6358858315840425e+03,3.6661327320103694e+00
807835,4.6358858315840425e+03,3.6661327320103694e+00
807879,4.6358858315840425e+03,3.6661327320103694e+00
807923,4.6358858315840425e+03,3.6661327320103694e+00
807971,4.6358858315840425e+03,3.6661327320103694e+00
808015,4.6358858315840425e+03,3.6661327320103694e+00
808059,4.6358858315840425e+03,3.6661327320103694e+00
808103,4.6358858315840425e+03,3.6661327320103694e+00
808151,4.6358858315840425e+03,3.6661327320103694e+00
808195,4.6358858315840425e+03,3.6661327320103694e+00
808239,4.6358858315840425e+03,3.6661327320103694e+00
808283,4.6358858315840425e+03,3.6661327320103694e+00
808331,4.6358858315840425e+03,3.6661327320103694e+00
808375,4.6358858315840425e+03,3.6661327320103694e+00
808419,4.6358858315840425e+03,3.6661327320103694e+00
808463,4.6358858315840425e+03,3.6661327320103694e+00
808511,4.6358858315840425e+03,3.6661327320103694e+00
808555,4.6358858315840425e+03,3.6661327320103694e+00
808599,4.6358858315840425e+03,3.6661327320103694e+00
808643,4.6358858315840425e+03,3.6661327320103694e+00
808691,4.6358858315840425e+03,3.6661327320103694e+00
808735,4.6358858315840425e+03,3.6661327320103694e+00
808779,4.6358858315840425e+03,3.6661327320103694e+00
808823,4.6358858315840425e+03,3.6661327320103694e+00
808871,4.6358858315840425e+03,3.6661327320103694e+00
808915,4.6358858315840425e+03,3.6661327320103694e+00
808959,4.6358858315840425e+03,3.6661327320103694e+00
809003,4.6358858315840425e+03,3.6661327320103694e+00
809051,4.6237299459058704e+03,3.6649924607005673e+00
809095,4.6237299459058704e+03,3.6649924607005673e+00
809139,4.6237299459058704e+03,3.6649924607005673e+00
809183,4.6237299459058704e+03,3.6649924607005673e+00
809231,4.6237299459058704e+03,3.6649924607005673e+00
809275,4.6237299459058704e+03,3.6649924607005673e+00
809319,4.6237299459058704e+03,3.6649924607005673e+00
809363,4.6237299459058704e+03,3.6649924607005673e+00
809411,4.6173266724253799e+03,3.6643906016494614e+00
809455,4.6173266724253799e+03,3.6643906016494614e+00
809499,4.6173266724253799e+03,3.6643906016494614e+00
809543,4.6173266724253799e+03,3.6643906016494614e+00
809591,4.6172945107943578e+03,3.6643875765943767e+00
809635,4.6172945107943578e+03,3.6643875765943767e+00
809679,4.6172945107943578e+03,3.6643875765943767e+00
809723,4.6172945107943578e+03,3.6643875765943767e+00
809771,4.6172945107943578e+03,3.6643875765943767e+00
809815,4.6172945107943578e+03,3.6643875765943767e+00
809859,4.6172945107943578e+03,3.6643875765943767e+00
809903,4.6172945107943578e+03,3.6643875765943767e+00
809951,4.6172945107943578e+03,3.6643875765943767e+00
809995,4.6172945107943578e+03,3.6643875765943767e+00
810039,4.6172945107943578e+03,3.6643875765943767e+00
810083,4.6172945107943578e+03,3.6643875765943767e+00
810131,4.6155125621290272e+03,3.6642199373323656e+00
810175,4.6155125621290272e+03,3.6642199373323656e+00
810219,4.6155125621290272e+03,3.6642199373323656e+00
810263,4.6155125621290272e+03,3.6642199373323656e+00
810311,4.6150947469465100e+03,3.6641806214298969e+00
810355,4.6150947469465100e+03,3.6641806214298969e+00
810399,4.6150947469465100e+03,3.6641806214298969e+00
810443,4.6150947469465100e+03,3.6641806214298969e+00
810491,4.6150947469465100e+03,3.6641806214298969e+00
810535,4.6150947469465100e+03,3.6641806214298969e+00
810579,4.6150947469465100e+03,3.6641806214298969e+00
810623,4.6150947469465100e+03,3.6641806214298969e+00
810671,4.6129836161670082e+03,3.6639819121367956e+00
810715,4.6129836161670082e+03,3.6639819121367956e+00
810758,4.6129836161670082e+03,3.6639819121367956e+00
810801,4.6129836161670082e+03,3.6639819121367956e+00
810848,4.6129836161670082e+03,3.6639819121367956e+00
810891,4.6129836161670082e+03,3.6639819121367956e+00
810934,4.6129836161670082e+03,3.6639819121367956e+00
810977,4.6129836161670082e+03,3.6639819121367956e+00
811024,4.6129836161670082e+03,3.6639819121367956e+00
811067,4.6129836161670082e+03,3.6639819121367956e+00
811110,4.6129836161670082e+03,3.6639819121367956e+00
811153,4.6129836161670082e+03,3.6639819121367956e+00
811200,4.6129836161670082e+03,3.6639819121367956e+00
811243,4.6129836161670082e+03,3.6639819121367956e+00
811286,4.6129836161670082e+03,3.6639819121367956e+00
811329,4.6129836161670082e+03,3.6639819121367956e+00
811376,4.6129836161670082e+03,3.6639819121367956e+00
811419,4.6129836161670082e+03,3.6639819121367956e+00
811462,4.6129836161670082e+03,3.6639819121367956e+00
811505,4.6129836161670082e+03,3.6639819121367956e+00
811552,4.6040607465370631e+03,3.6631410451297346e+00
811595,4.6040607465370631e+03,3.6631410451297346e+00
811638,4.6040607465370631e+03,3.6631410451297346e+00
811681,4.6040607465370631e+03,3.6631410451297346e+00
811728,4.5989336658223237e+03,3.6626571454350749e+00
811771,4.5989336658223237e+03,3.6626571454350749e+00
811814,4.5989336658223237e+03,3.6626571454350749e+00
811857,4.5989336658223237e+03,3.6626571454350749e+00
811904,4.5966048350680385e+03,3.6624371695484208e+00
811947,4.5966048350680385e+03,3.6624371695484208e+00
811990,4.5966048350680385e+03,3.6624371695484208e+00
812033,4.5966048350680385e+03,3.6624371695484208e+00
812080,4.5767445055855696e+03,3.6605566688373008e+00
812123,4.5767445055855696e+03,3.6605566688373008e+00
812166,4.5767445055855696e+03,3.6605566688373008e+00
812209,4.5767445055855696e+03,3.6605566688373008e+00
812256,4.5731789871025285e+03,3.6602181993228999e+00
812299,4.5731789871025285e+03,3.6602181993228999e+00
812342,4.5731789871025285e+03,3.6602181993228999e+00
812385,4.5731789871025285e+03,3.6602181993228999e+00
812432,4.5731789871025285e+03,3.6602181993228999e+00
812475,4.5731789871025285e+03,3.6602181993228999e+00
812518,4.5731789871025285e+03,3.6602181993228999e+00
812561,4.5731789871025285e+03,3.6602181993228999e+00
812608,4.5546996465596039e+03,3.6584597432974704e+00
812651,4.5546996465596039e+03,3.6584597432974704e+00
812694,4.5546996465596039e+03,3.6584597432974704e+00
812737,4.5546996465596039e+03,3.6584597432974704e+00
812784,4.5467785329037188e+03,3.6577038008555935e+00
812827,4.5467785329037188e+03,3.6577038008555935e+00
812870,4.5467785329037188e+03,3.6577038008555935e+00
812913,4.5467785329037188e+03,3.6577038008555935e+00
812960,4.5442722194959515e+03,3.6574643394027571e+00
813003,4.5442722194959515e+03,3.6574643394027571e+00
813046,4.5442722194959515e+03,3.6574643394027571e+00
813089,4.5442722194959515e+03,3.6574643394027571e+00
813136,4.5442722194959515e+03,3.6574643394027571e+00
813179,4.5442722194959515e+03,3.6574643394027571e+00
813222,4.5442722194959515e+03,3.6574643394027571e+00
813265,4.5442722194959515e+03,3.6574643394027571e+00
813312,4.5442722194959515e+03,3.6574643394027571e+00
813355,4.5442722194959515e+03,3.6574643394027571e+00
813398,4.5442722194959515e+03,3.6574643394027571e+00
813441,4.5442722194959515e+03,3.6574643394027571e+00
813488,4.5442722194959515e+03,3.6574643394027571e+00
813531,4.5442722194959515e+03,3.6574643394027571e+00
813574,4.5442722194959515e+03,3.6574643394027571e+00
813617,4.5442722194959515e+03,3.6574643394027571e+00
813664,4.5442722194959515e+03,3.6574643394027571e+00
813707,4.5442722194959515e+03,3.6574643394027571e+00
813750,4.5442722194959515e+03,3.6574643394027571e+00
813793,4.5442722194959515e+03,3.6574643394027571e+00
813840,4.5441058054881169e+03,3.6574484349839218e+00
813883,4.5441058054881169e+03,3.6574484349839218e+00
813926,4.5441058054881169e+03,3.6574484349839218e+00
813969,4.5441058054881169e+03,3.6574484349839218e+00
814016,4.5441058054881169e+03,3.6574484349839218e+00
814059,4.5441058054881169e+03,3.6574484349839218e+00
814102,4.5441058054881169e+03,3.6574484349839218e+00
814145,4.5441058054881169e+03,3.6574484349839218e+00
814192,4.5233645522696534e+03,3.6554615903236383e+00
814235,4.5233645522696534e+03,3.6554615903236383e+00
814278,4.5233645522696534e+03,3.6554615903236383e+00
814321,4.5233645522696534e+03,3.6554615903236383e+00
814368,4.5168736517205434e+03,3.6548379424259023e+00
814411,4.5168736517205434e+03,3.6548379424259023e+00
814454,4.5168736517205434e+03,3.6548379424259023e+00
814497,4.5168736517205434e+03,3.6548379424259023e+00
814544,4.5168736517205434e+03,3.6548379424259023e+00
814587,4.5168736517205434e+03,3.6548379424259023e+00
814630,4.5168736517205434e+03,3.6548379424259023e+00
814673,4.5168736517205434e+03,3.6548379424259023e+00
814720,4.5168361397795770e+03,3.6548343356620490e+00
814763,4.5168361397795770e+03,3.6548343356620490e+00
814806,4.5168361397795770e+03,3.6548343356620490e+00
814849,4.5168361397795770e+03,3.6548343356620490e+00
814896,4.5098921689664539e+03,3.6541661580680498e+00
814939,4.5098921689664539e+03,3.6541661580680498e+00
814982,4.5098921689664539e+03,3.6541661580680498e+00
815025,4.5098921689664539e+03,3.6541661580680498e+00
815072,4.5098921689664539e+03,3.6541661580680498e+00
815115,4.5098921689664539e+03,3.6541661580680498e+00
815158,4.5098921689664539e+03,3.6541661580680498e+00
815201,4.5098921689664539e+03,3.6541661580680498e+00
815248,4.5096565106995095e+03,3.6541434640090436e+00
815291,4.5096565106995095e+03,3.6541434640090436e+00
815334,4.5096565106995095e+03,3.6541434640090436e+00
815377,4.5096565106995095e+03,3.6541434640090436e+00
815424,4.5096565106995095e+03,3.6541434640090436e+00
815467,4.5096565106995095e+03,3.6541434640090436e+00
815510,4.5096565106995095e+03,3.6541434640090436e+00
815553,4.5096565106995095e+03,3.6541434640090436e+00
815600,4.5096565106995095e+03,3.6541434640090436e+00
815643,4.5096565106995095e+03,3.6541434640090436e+00
815686,4.5096565106995095e+03,3.6541434640090436e+00
815729,4.5096565106995095e+03,3.6541434640090436e+00
815775,4.5096565106995095e+03,3.6541434640090436e+00
815817,4.5096565106995095e+03,3.6541434640090436e+00
815859,4.5096565106995095e+03,3.6541434640090436e+00
815901,4.5096565106995095e+03,3.6541434640090436e+00
815947,4.5096565106995095e+03,3.6541434640090436e+00
815989,4.5096565106995095e+03,3.6541434640090436e+00
816031,4.5096565106995095e+03,3.6541434640090436e+00
816073,4.5096565106995095e+03,3.6541434640090436e+00
816119,4.5096565106995095e+03,3.6541434640090436e+00
816161,4.5096565106995095e+03,3.6541434640090436e+00
816203,4.5096565106995095e+03,3.6541434640090436e+00
816245,4.5096565106995095e+03,3.6541434640090436e+00
816291,4.5041691040893829e+03,3.6536146872594175e+00
816333,4.5041691040893829e+03,3.6536146872594175e+00
816375,4.5041691040893829e+03,3.6536146872594175e+00
816417,4.5041691040893829e+03,3.6536146872594175e+00
816463,4.4933840369498048e+03,3.6525735381124145e+00
816505,4.4933840369498048e+03,3.6525735381124145e+00
816547,4.4933840369498048e+03,3.6525735381124145e+00
816589,4.4933840369498048e+03,3.6525735381124145e+00
816635,4.4933840369498048e+03,3.6525735381124145e+00
816677,4.4933840369498048e+03,3.6525735381124145e+00
816719,4.4933840369498048e+03,3.6525735381124145e+00
816761,4.4933840369498048e+03,3.6525735381124145e+00
816807,4.4933840369498048e+03,3.6525735381124145e+00
816849,4.4933840369498048e+03,3.6525735381124145e+00
816891,4.4933840369498048e+03,3.6525735381124145e+00
816933,4.4933840369498048e+03,3.6525735381124145e+00
816979,4.4933840369498048e+03,3.6525735381124145e+00
817021,4.4933840369498048e+03,3.6525735381124145e+00
817063,4.4933840369498048e+03,3.6525735381124145e+00
817105,4.4933840369498048e+03,3.6525735381124145e+00
817151,4.4933840369498048e+03,3.6525735381124145e+00
817193,4.4933840369498048e+03,3.6525735381124145e+00
817235,4.4933840369498048e+03,3.6525735381124145e+00
817277,4.4933840369498048e+03,3.6525735381124145e+00
817323,4.4821285554572241e+03,3.6514843087195730e+00
817365,4.4821285554572241e+03,3.6514843087195730e+00
817407,4.4821285554572241e+03,3.6514843087195730e+00
817449,4.4821285554572241e+03,3.6514843087195730e+00
817495,4.4821285554572241e+03,3.6514843087195730e+00
817537,4.4821285554572241e+03,3.6514843087195730e+00
817579,4.4821285554572241e+03,3.6514843087195730e+00
817621,4.4821285554572241e+03,3.6514843087195730e+00
817667,4.4821285554572241e+03,3.6514843087195730e+00
817709,4.4821285554572241e+03,3.6514843087195730e+00
817751,4.4821285554572241e+03,3.6514843087195730e+00
817793,4.4821285554572241e+03,3.6514843087195730e+00
817839,4.4816094963426049e+03,3.6514340117322646e+00
817881,4.4816094963426049e+03,3.6514340117322646e+00
817923,4.4816094963426049e+03,3.6514340117322646e+00
817965,4.4816094963426049e+03,3.6514340117322646e+00
818011,4.4816094963426049e+03,3.6514340117322646e+00
818053,4.4816094963426049e+03,3.6514340117322646e+00
818095,4.4816094963426049e+03,3.6514340117322646e+00
818137,4.4816094963426049e+03,3.6514340117322646e+00
818183,4.4816094963426049e+03,3.6514340117322646e+00
818225,4.4816094963426049e+03,3.6514340117322646e+00
818267,4.4816094963426049e+03,3.6514340117322646e+00
818309,4.4816094963426049e+03,3.6514340117322646e+00
818355,4.4816094963426049e+03,3.6514340117322646e+00
818397,4.4816094963426049e+03,3.6514340117322646e+00
818439,4.4816094963426049e+03,3.6514340117322646e+00
818481,4.4816094963426049e+03,3.6514340117322646e+00
818527,4.4816094963426049e+03,3.6514340117322646e+00
818569,4.4816094963426049e+03,3.6514340117322646e+00
818611,4.4816094963426049e+03,3.6514340117322646e+00
818653,4.4816094963426049e+03,3.6514340117322646e+00
818699,4.4732730795813077e+03,3.6506254113260703e+00
818741,4.4732730795813077e+03,3.6506254113260703e+00
818783,4.4732730795813077e+03,3.6506254113260703e+00
818825,4.4732730795813077e+03,3.6506254113260703e+00
818871,4.4732730795813077e+03,3.6506254113260703e+00
818913,4.4732730795813077e+03,3.6506254113260703e+00
818955,4.4732730795813077e+03,3.6506254113260703e+00
818997,4.4732730795813077e+03,3.6506254113260703e+00
819043,4.4732730795813077e+03,3.6506254113260703e+00
819085,4.4732730795813077e+03,3.6506254113260703e+00
819127,4.4732730795813077e+03,3.6506254113260703e+00
819169,4.4732730795813077e+03,3.6506254113260703e+00
819215,4.4732730795813077e+03,3.6506254113260703e+00
819257,4.4732730795813077e+03,3.6506254113260703e+00
819299,4.4732730795813077e+03,3.6506254113260703e+00
819341,4.4732730795813077e+03,3.6506254113260703e+00
819387,4.4732730795813077e+03,3.6506254113260703e+00
819429,4.4732730795813077e+03,3.6506254113260703e+00
819471,4.4732730795813077e+03,3.6506254113260703e+00
819513,4.4732730795813077e+03,3.6506254113260703e+00
819559,4.4732730795813077e+03,3.6506254113260703e+00
819601,4.4732730795813077e+03,3.6506254113260703e+00
819643,4.4732730795813077e+03,3.6506254113260703e+00
819685,4.4732730795813077e+03,3.6506254113260703e+00
819731,4.4732730795813077e+03,3.6506254113260703e+00
819773,4.4732730795813077e+03,3.6506254113260703e+00
819815,4.4732730795813077e+03,3.6506254113260703e+00
819857,4.4732730795813077e+03,3.6506254113260703e+00
819903,4.4732730795813077e+03,3.6506254113260703e+00
819945,4.4732730795813077e+03,3.6506254113260703e+00
819987,4.4732730795813077e+03,3.6506254113260703e+00
820029,4.4732730795813077e+03,3.6506254113260703e+00
820075,4.4717567126258418e+03,3.6504781675889548e+00
820117,4.4717567126258418e+03,3.6504781675889548e+00
820159,4.4717567126258418e+03,3.6504781675889548e+00
820201,4.4717567126258418e+03,3.6504781675889548e+00
820247,4.4717567126258418e+03,3.6504781675889548e+00
820289,4.4717567126258418e+03,3.6504781675889548e+00
820331,4.4717567126258418e+03,3.6504781675889548e+00
820373,4.4717567126258418e+03,3.6504781675889548e+00
820419,4.4619306615563819e+03,3.6495228170600047e+00
820461,4.4619306615563819e+03,3.6495228170600047e+00
820503,4.4619306615563819e+03,3.6495228170600047e+00
820545,4.4619306615563819e+03,3.6495228170600047e+00
820591,4.4573749416889195e+03,3.6490791672380114e+00
820633,4.4573749416889195e+03,3.6490791672380114e+00
820675,4.4573749416889195e+03,3.6490791672380114e+00
820717,4.4573749416889195e+03,3.6490791672380114e+00
820763,4.4399849989292361e+03,3.6473815027963177e+00
820805,4.4399849989292361e+03,3.6473815027963177e+00
820847,4.4399849989292361e+03,3.6473815027963177e+00
820889,4.4399849989292361e+03,3.6473815027963177e+00
820934,4.4399543422844581e+03,3.6473785041245592e+00
820975,4.4399543422844581e+03,3.6473785041245592e+00
821016,4.4399543422844581e+03,3.6473785041245592e+00
821057,4.4399543422844581e+03,3.6473785041245592e+00
821102,4.4232608647344223e+03,3.6457425529291512e+00
821143,4.4232608647344223e+03,3.6457425529291512e+00
821184,4.4232608647344223e+03,3.6457425529291512e+00
821225,4.4232608647344223e+03,3.6457425529291512e+00
821270,4.4227703047897103e+03,3.6456943850054424e+00
821311,4.4227703047897103e+03,3.6456943850054424e+00
821352,4.4227703047897103e+03,3.6456943850054424e+00
821393,4.4227703047897103e+03,3.6456943850054424e+00
821438,4.4221960615389708e+03,3.6456379934568286e+00
821479,4.4221960615389708e+03,3.6456379934568286e+00
821520,4.4221960615389708e+03,3.6456379934568286e+00
821561,4.4221960615389708e+03,3.6456379934568286e+00
821606,4.4221960615389708e+03,3.6456379934568286e+00
821647,4.4221960615389708e+03,3.6456379934568286e+00
821688,4.4221960615389708e+03,3.6456379934568286e+00
821729,4.4221960615389708e+03,3.6456379934568286e+00
821774,4.4221960615389708e+03,3.6456379934568286e+00
821815,4.4221960615389708e+03,3.6456379934568286e+00
821856,4.4221960615389708e+03,3.6456379934568286e+00
821897,4.4221960615389708e+03,3.6456379934568286e+00
821942,4.4221960615389708e+03,3.6456379934568286e+00
821983,4.4221960615389708e+03,3.6456379934568286e+00
822024,4.4221960615389708e+03,3.6456379934568286e+00
822065,4.4221960615389708e+03,3.6456379934568286e+00
822110,4.4221960615389708e+03,3.6456379934568286e+00
822151,4.4221960615389708e+03,3.6456379934568286e+00
822192,4.4221960615389708e+03,3.6456379934568286e+00
822233,4.4221960615389708e+03,3.6456379934568286e+00
822278,4.4221960615389708e+03,3.6456379934568286e+00
822319,4.4221960615389708e+03,3.6456379934568286e+00
822360,4.4221960615389708e+03,3.6456379934568286e+00
822401,4.4221960615389708e+03,3.6456379934568286e+00
822446,4.4221960615389708e+03,3.6456379934568286e+00
822487,4.4221960615389708e+03,3.6456379934568286e+00
822528,4.4221960615389708e+03,3.6456379934568286e+00
822569,4.4221960615389708e+03,3.6456379934568286e+00
822614,4.4221960615389708e+03,3.6456379934568286e+00
822655,4.4221960615389708e+03,3.6456379934568286e+00
822696,4.4221960615389708e+03,3.6456379934568286e+00
822737,4.4221960615389708e+03,3.6456379934568286e+00
822782,4.4221960615389708e+03,3.6456379934568286e+00
822823,4.4221960615389708e+03,3.6456379934568286e+00
822864,4.4221960615389708e+03,3.6456379934568286e+00
822905,4.4221960615389708e+03,3.6456379934568286e+00
822950,4.4211416328799633e+03,3.6455344279103890e+00
822991,4.4211416328799633e+03,3.6455344279103890e+00
823032,4.4211416328799633e+03,3.6455344279103890e+00
823073,4.4211416328799633e+03,3.6455344279103890e+00
823118,4.4141568478848167e+03,3.6448477608511554e+00
823159,4.4141568478848167e+03,3.6448477608511554e+00
823200,4.4141568478848167e+03,3.6448477608511554e+00
823241,4.4141568478848167e+03,3.6448477608511554e+00
823286,4.4141568478848167e+03,3.6448477608511554e+00
823327,4.4141568478848167e+03,3.6448477608511554e+00
823368,4.4141568478848167e+03,3.6448477608511554e+00
823409,4.4141568478848167e+03,3.6448477608511554e+00
823454,4.4141568478848167e+03,3.6448477608511554e+00
823495,4.4141568478848167e+03,3.6448477608511554e+00
823536,4.4141568478848167e+03,3.6448477608511554e+00
823577,4.4141568478848167e+03,3.6448477608511554e+00
823622,4.4141568478848167e+03,3.6448477608511554e+00
823663,4.4141568478848167e+03,3.6448477608511554e+00
823704,4.4141568478848167e+03,3.6448477608511554e+00
823745,4.4141568478848167e+03,3.6448477608511554e+00
823790,4.4141568478848167e+03,3.6448477608511554e+00
823831,4.4141568478848167e+03,3.6448477608511554e+00
823872,4.4141568478848167e+03,3.6448477608511554e+00
823913,4.4141568478848167e+03,3.6448477608511554e+00
823958,4.4141568478848167e+03,3.6448477608511554e+00
823999,4.4141568478848167e+03,3.6448477608511554e+00
824040,4.4141568478848167e+03,3.6448477608511554e+00
824081,4.4141568478848167e+03,3.6448477608511554e+00
824126,4.4141568478848167e+03,3.6448477608511554e+00
824167,4.4141568478848167e+03,3.6448477608511554e+00
824208,4.4141568478848167e+03,3.6448477608511554e+00
824249,4.4141568478848167e+03,3.6448477608511554e+00
824294,4.4141568478848167e+03,3.6448477608511554e+00
824335,4.4141568478848167e+03,3.6448477608511554e+00
824376,4.4141568478848167e+03,3.6448477608511554e+00
824417,4.4141568478848167e+03,3.6448477608511554e+00
824462,4.4141568478848167e+03,3.6448477608511554e+00
824503,4.4141568478848167e+03,3.6448477608511554e+00
824544,4.4141568478848167e+03,3.6448477608511554e+00
824585,4.4141568478848167e+03,3.6448477608511554e+00
824630,4.4141568478848167e+03,3.6448477608511554e+00
824671,4.4141568478848167e+03,3.6448477608511554e+00
824712,4.4141568478848167e+03,3.6448477608511554e+00
824753,4.4141568478848167e+03,3.6448477608511554e+00
824798,4.4141568478848167e+03,3.6448477608511554e+00
824839,4.4141568478848167e+03,3.6448477608511554e+00
824880,4.4141568478848167e+03,3.6448477608511554e+00
824921,4.4141568478848167e+03,3.6448477608511554e+00
824966,4.4141568478848167e+03,3.6448477608511554e+00
825007,4.4141568478848167e+03,3.6448477608511554e+00
825048,4.4141568478848167e+03,3.6448477608511554e+00
825089,4.4141568478848167e+03,3.6448477608511554e+00
825134,4.4141568478848167e+03,3.6448477608511554e+00
825175,4.4141568478848167e+03,3.6448477608511554e+00
825216,4.4141568478848167e+03,3.6448477608511554e+00
825257,4.4141568478848167e+03,3.6448477608511554e+00
825302,4.3993242807066599e+03,3.6433859756460709e+00
825343,4.3993242807066599e+03,3.6433859756460709e+00
825384,4.3993242807066599e+03,3.6433859756460709e+00
825425,4.3993242807066599e+03,3.6433859756460709e+00
825470,4.3993242807066599e+03,3.6433859756460709e+00
825511,4.3993242807066599e+03,3.6433859756460709e+00
825552,4.3993242807066599e+03,3.6433859756460709e+00
825593,4.3993242807066599e+03,3.6433859756460709e+00
825638,4.3993242807066599e+03,3.6433859756460709e+00
825679,4.3993242807066599e+03,3.6433859756460709e+00
825720,4.3993242807066599e+03,3.6433859756460709e+00
825761,4.3993242807066599e+03,3.6433859756460709e+00
825806,4.3993242807066599e+03,3.6433859756460709e+00
825847,4.3993242807066599e+03,3.6433859756460709e+00
825888,4.3993242807066599e+03,3.6433859756460709e+00
825929,4.3993242807066599e+03,3.6433859756460709e+00
825974,4.3993242807066599e+03,3.6433859756460709e+00
826015,4.3993242807066599e+03,3.6433859756460709e+00
826056,4.3993242807066599e+03,3.6433859756460709e+00
826097,4.3993242807066599e+03,3.6433859756460709e+00
826142,4.3964249943745199e+03,3.6430996682351320e+00
826183,4.3964249943745199e+03,3.6430996682351320e+00
826224,4.3964249943745199e+03,3.6430996682351320e+00
826264,4.3964249943745199e+03,3.6430996682351320e+00
826308,4.3964249943745199e+03,3.6430996682351320e+00
826348,4.3964249943745199e+03,3.6430996682351320e+00
826388,4.3964249943745199e+03,3.6430996682351320e+00
826428,4.3964249943745199e+03,3.6430996682351320e+00
826472,4.3964249943745199e+03,3.6430996682351320e+00
826512,4.3964249943745199e+03,3.6430996682351320e+00
826552,4.3964249943745199e+03,3.6430996682351320e+00
826592,4.3964249943745199e+03,3.6430996682351320e+00
826636,4.3947307529915524e+03,3.6429322727950124e+00
826676,4.3947307529915524e+03,3.6429322727950124e+00
826716,4.3947307529915524e+03,3.6429322727950124e+00
826756,4.3947307529915524e+03,3.6429322727950124e+00
826800,4.3873763494559735e+03,3.6422048898144666e+00
826840,4.3873763494559735e+03,3.6422048898144666e+00
826880,4.3873763494559735e+03,3.6422048898144666e+00
826920,4.3873763494559735e+03,3.6422048898144666e+00
826964,4.3873763494559735e+03,3.6422048898144666e+00
827004,4.3873763494559735e+03,3.6422048898144666e+00
827044,4.3873763494559735e+03,3.6422048898144666e+00
827084,4.3873763494559735e+03,3.6422048898144666e+00
827128,4.3873763494559735e+03,3.6422048898144666e+00
827168,4.3873763494559735e+03,3.6422048898144666e+00
827208,4.3873763494559735e+03,3.6422048898144666e+00
827248,4.3873763494559735e+03,3.6422048898144666e+00
827292,4.3805790141127036e+03,3.6415315182699679e+00
827332,4.3805790141127036e+03,3.6415315182699679e+00
827372,4.3805790141127036e+03,3.6415315182699679e+00
827412,4.3805790141127036e+03,3.6415315182699679e+00
827456,4.3805790141127036e+03,3.6415315182699679e+00
827496,4.3805790141127036e+03,3.6415315182699679e+00
827536,4.3805790141127036e+03,3.6415315182699679e+00
827576,4.3805790141127036e+03,3.6415315182699679e+00
827620,4.3805790141127036e+03,3.6415315182699679e+00
827660,4.3805790141127036e+03,3.6415315182699679e+00
827700,4.3805790141127036e+03,3.6415315182699679e+00
827740,4.3805790141127036e+03,3.6415315182699679e+00
827784,4.3805790141127036e+03,3.6415315182699679e+00
827824,4.3805790141127036e+03,3.6415315182699679e+00
827864,4.3805790141127036e+03,3.6415315182699679e+00
827904,4.3805790141127036e+03,3.6415315182699679e+00
827948,4.3805790141127036e+03,3.6415315182699679e+00
827988,4.3805790141127036e+03,3.6415315182699679e+00
828028,4.3805790141127036e+03,3.6415315182699679e+00
828068,4.3805790141127036e+03,3.6415315182699679e+00
828112,4.3805790141127036e+03,3.6415315182699679e+00
828152,4.3805790141127036e+03,3.6415315182699679e+00
828192,4.3805790141127036e+03,3.6415315182699679e+00
828232,4.3805790141127036e+03,3.6415315182699679e+00
828276,4.3805790141127036e+03,3.6415315182699679e+00
828316,4.3805790141127036e+03,3.6415315182699679e+00
828356,4.3805790141127036e+03,3.6415315182699679e+00
828396,4.3805790141127036e+03,3.6415315182699679e+00
828440,4.3805790141127036e+03,3.6415315182699679e+00
828480,4.3805790141127036e+03,3.6415315182699679e+00
828520,4.3805790141127036e+03,3.6415315182699679e+00
828560,4.3805790141127036e+03,3.6415315182699679e+00
828604,4.3805790141127036e+03,3.6415315182699679e+00
828644,4.3805790141127036e+03,3.6415315182699679e+00
828684,4.3805790141127036e+03,3.6415315182699679e+00
828724,4.3805790141127036e+03,3.6415315182699679e+00
828768,4.3730530002781343e+03,3.6407847409142255e+00
828808,4.3730530002781343e+03,3.6407847409142255e+00
828848,4.3730530002781343e+03,3.6407847409142255e+00
828888,4.3730530002781343e+03,3.6407847409142255e+00
828932,4.3730530002781343e+03,3.6407847409142255e+00
828972,4.3730530002781343e+03,3.6407847409142255e+00
829012,4.3730530002781343e+03,3.6407847409142255e+00
829052,4.3730530002781343e+03,3.6407847409142255e+00
829096,4.3730530002781343e+03,3.6407847409142255e+00
829136,4.3730530002781343e+03,3.6407847409142255e+00
829176,4.3730530002781343e+03,3.6407847409142255e+00
829216,4.3730530002781343e+03,3.6407847409142255e+00
829260,4.3720982759673079e+03,3.6406899154530112e+00
829300,4.3720982759673079e+03,3.6406899154530112e+00
829340,4.3720982759673079e+03,3.6406899154530112e+00
829380,4.3720982759673079e+03,3.6406899154530112e+00
829424,4.3692523208181619e+03,3.6404071255918788e+00
829464,4.3692523208181619e+03,3.6404071255918788e+00
829504,4.3692523208181619e+03,3.6404071255918788e+00
829544,4.3692523208181619e+03,3.6404071255918788e+00
829588,4.3499469796988396e+03,3.6384839634915216e+00
829628,4.3499469796988396e+03,3.6384839634915216e+00
829668,4.3499469796988396e+03,3.6384839634915216e+00
829708,4.3499469796988396e+03,3.6384839634915216e+00
829752,4.3499469796988396e+03,3.6384839634915216e+00
829792,4.3499469796988396e+03,3.6384839634915216e+00
829832,4.3499469796988396e+03,3.6384839634915216e+00
829872,4.3499469796988396e+03,3.6384839634915216e+00
829916,4.3493518991588817e+03,3.6384245471641155e+00
829956,4.3493518991588817e+03,3.6384245471641155e+00
829996,4.3493518991588817e+03,3.6384245471641155e+00
830036,4.3493518991588817e+03,3.6384245471641155e+00
830080,4.3493518991588817e+03,3.6384245471641155e+00
830120,4.3493518991588817e+03,3.6384245471641155e+00
830160,4.3493518991588817e+03,3.6384245471641155e+00
830200,4.3493518991588817e+03,3.6384245471641155e+00
830244,4.3493518991588817e+03,3.6384245471641155e+00
830284,4.3493518991588817e+03,3.6384245471641155e+00
830324,4.3493518991588817e+03,3.6384245471641155e+00
830364,4.3493518991588817e+03,3.6384245471641155e+00
830408,4.3493518991588817e+03,3.6384245471641155e+00
830448,4.3493518991588817e+03,3.6384245471641155e+00
830488,4.3493518991588817e+03,3.6384245471641155e+00
830528,4.3493518991588817e+03,3.6384245471641155e+00
830572,4.3493518991588817e+03,3.6384245471641155e+00
830612,4.3493518991588817e+03,3.6384245471641155e+00
830652,4.3493518991588817e+03,3.6384245471641155e+00
830692,4.3493518991588817e+03,3.6384245471641155e+00
830736,4.3493518991588817e+03,3.6384245471641155e+00
830776,4.3493518991588817e+03,3.6384245471641155e+00
830816,4.3493518991588817e+03,3.6384245471641155e+00
830856,4.3493518991588817e+03,3.6384245471641155e+00
830900,4.3493518991588817e+03,3.6384245471641155e+00
830940,4.3493518991588817e+03,3.6384245471641155e+00
830980,4.3493518991588817e+03,3.6384245471641155e+00
831020,4.3493518991588817e+03,3.6384245471641155e+00
831064,4.3493518991588817e+03,3.6384245471641155e+00
831104,4.3493518991588817e+03,3.6384245471641155e+00
831144,4.3493518991588817e+03,3.6384245471641155e+00
831184,4.3493518991588817e+03,3.6384245471641155e+00
831228,4.3491748246325342e+03,3.6384068654365929e+00
831268,4.3491748246325342e+03,3.6384068654365929e+00
831308,4.3491748246325342e+03,3.6384068654365929e+00
831348,4.3491748246325342e+03,3.6384068654365929e+00
831392,4.3490628522218303e+03,3.6383956840911518e+00
831432,4.3490628522218303e+03,3.6383956840911518e+00
831472,4.3490628522218303e+03,3.6383956840911518e+00
831512,4.3490628522218303e+03,3.6383956840911518e+00
831556,4.3490628522218303e+03,3.6383956840911518e+00
831596,4.3490628522218303e+03,3.6383956840911518e+00
831636,4.3490628522218303e+03,3.6383956840911518e+00
831676,4.3490628522218303e+03,3.6383956840911518e+00
831720,4.3490628522218303e+03,3.6383956840911518e+00
831760,4.3490628522218303e+03,3.6383956840911518e+00
831799,4.3490628522218303e+03,3.6383956840911518e+00
831838,4.3490628522218303e+03,3.6383956840911518e+00
831881,4.3485835089596430e+03,3.6383478145583448e+00
831920,4.3485835089596430e+03,3.6383478145583448e+00
831959,4.3485835089596430e+03,3.6383478145583448e+00
831998,4.3485835089596430e+03,3.6383478145583448e+00
832041,4.3450229673598888e+03,3.6379920764282527e+00
832080,4.3450229673598888e+03,3.6379920764282527e+00
832119,4.3450229673598888e+03,3.6379920764282527e+00
832158,4.3450229673598888e+03,3.6379920764282527e+00
832201,4.3450229673598888e+03,3.6379920764282527e+00
832240,4.3450229673598888e+03,3.6379920764282527e+00
832279,4.3450229673598888e+03,3.6379920764282527e+00
832318,4.3450229673598888e+03,3.6379920764282527e+00
832361,4.3450229673598888e+03,3.6379920764282527e+00
832400,4.3450229673598888e+03,3.6379920764282527e+00
832439,4.3450229673598888e+03,3.6379920764282527e+00
832478,4.3450229673598888e+03,3.6379920764282527e+00
832521,4.3450229673598888e+03,3.6379920764282527e+00
832560,4.3450229673598888e+03,3.6379920764282527e+00
832599,4.3450229673598888e+03,3.6379920764282527e+00
832638,4.3450229673598888e+03,3.6379920764282527e+00
832681,4.3449359265928233e+03,3.6379833764274130e+00
832720,4.3449359265928233e+03,3.6379833764274130e+00
832759,4.3449359265928233e+03,3.6379833764274130e+00
832798,4.3449359265928233e+03,3.6379833764274130e+00
832841,4.3449359265928233e+03,3.6379833764274130e+00
832880,4.3449359265928233e+03,3.6379833764274130e+00
832919,4.3449359265928233e+03,3.6379833764274130e+00
832958,4.3449359265928233e+03,3.6379833764274130e+00
833001,4.3449359265928233e+03,3.6379833764274130e+00
833040,4.3449359265928233e+03,3.6379833764274130e+00
833079,4.3449359265928233e+03,3.6379833764274130e+00
833118,4.3449359265928233e+03,3.6379833764274130e+00
833161,4.3449359265928233e+03,3.6379833764274130e+00
833200,4.3449359265928233e+03,3.6379833764274130e+00
833239,4.3449359265928233e+03,3.6379833764274130e+00
833278,4.3449359265928233e+03,3.6379833764274130e+00
833321,4.3368500441989354e+03,3.6371744057542874e+00
833360,4.3368500441989354e+03,3.6371744057542874e+00
833399,4.3368500441989354e+03,3.6371744057542874e+00
833438,4.3368500441989354e+03,3.6371744057542874e+00
833481,4.3368500441989354e+03,3.6371744057542874e+00
833520,4.3368500441989354e+03,3.6371744057542874e+00
833559,4.3368500441989354e+03,3.6371744057542874e+00
833598,4.3368500441989354e+03,3.6371744057542874e+00
833641,4.3306138538668638e+03,3.6365494608918656e+00
833680,4.3306138538668638e+03,3.6365494608918656e+00
833719,4.3306138538668638e+03,3.6365494608918656e+00
833758,4.3306138538668638e+03,3.6365494608918656e+00
833801,4.3306138538668638e+03,3.6365494608918656e+00
833840,4.3306138538668638e+03,3.6365494608918656e+00
833879,4.3306138538668638e+03,3.6365494608918656e+00
833918,4.3306138538668638e+03,3.6365494608918656e+00
833961,4.3305151659402436e+03,3.6365395638860907e+00
834000,4.3305151659402436e+03,3.6365395638860907e+00
834039,4.3305151659402436e+03,3.6365395638860907e+00
834078,4.3305151659402436e+03,3.6365395638860907e+00
834121,4.3282486120304511e+03,3.6363121984321567e+00
834160,4.3282486120304511e+03,3.6363121984321567e+00
834199,4.3282486120304511e+03,3.6363121984321567e+00
834238,4.3282486120304511e+03,3.6363121984321567e+00
834281,4.3282486120304511e+03,3.6363121984321567e+00
834320,4.3282486120304511e+03,3.6363121984321567e+00
834359,4.3282486120304511e+03,3.6363121984321567e+00
834398,4.3282486120304511e+03,3.6363121984321567e+00
834441,4.3282486120304511e+03,3.6363121984321567e+00
834480,4.3282486120304511e+03,3.6363121984321567e+00
834519,4.3282486120304511e+03,3.6363121984321567e+00
834558,4.3282486120304511e+03,3.6363121984321567e+00
834601,4.3282486120304511e+03,3.6363121984321567e+00
834640,4.3282486120304511e+03,3.6363121984321567e+00
834679,4.3282486120304511e+03,3.6363121984321567e+00
834718,4.3282486120304511e+03,3.6363121984321567e+00
834761,4.3282486120304511e+03,3.6363121984321567e+00
834800,4.3282486120304511e+03,3.6363121984321567e+00
834839,4.3282486120304511e+03,3.6363121984321567e+00
834878,4.3282486120304511e+03,3.6363121984321567e+00
834921,4.3269754583219810e+03,3.6361844319804284e+00
834960,4.3269754583219810e+03,3.6361844319804284e+00
834999,4.3269754583219810e+03,3.6361844319804284e+00
835038,4.3269754583219810e+03,3.6361844319804284e+00
835081,4.3269754583219810e+03,3.6361844319804284e+00
835120,4.3269754583219810e+03,3.6361844319804284e+00
835159,4.3269754583219810e+03,3.6361844319804284e+00
835198,4.3269754583219810e+03,3.6361844319804284e+00
835241,4.3220841941128201e+03,3.6356932226773617e+00
835280,4.3220841941128201e+03,3.6356932226773617e+00
835319,4.3220841941128201e+03,3.6356932226773617e+00
835358,4.3220841941128201e+03,3.6356932226773617e+00
835401,4.3189959957117362e+03,3.6353828013984817e+00
835440,4.3189959957117362e+03,3.6353828013984817e+00
835479,4.3189959957117362e+03,3.6353828013984817e+00
835518,4.3189959957117362e+03,3.6353828013984817e+00
835561,4.3189959957117362e+03,3.6353828013984817e+00
835600,4.3189959957117362e+03,3.6353828013984817e+00
835639,4.3189959957117362e+03,3.6353828013984817e+00
835678,4.3189959957117362e+03,3.6353828013984817e+00
835721,4.3087052917716783e+03,3.6343467900887418e+00
835760,4.3087052917716783e+03,3.6343467900887418e+00
835799,4.3087052917716783e+03,3.6343467900887418e+00
835838,4.3087052917716783e+03,3.6343467900887418e+00
835881,4.3087052917716783e+03,3.6343467900887418e+00
835920,4.3087052917716783e+03,3.6343467900887418e+00
835959,4.3087052917716783e+03,3.6343467900887418e+00
835998,4.3087052917716783e+03,3.6343467900887418e+00
836041,4.3060027809672083e+03,3.6340743059701257e+00
836080,4.3060027809672083e+03,3.6340743059701257e+00
836119,4.3060027809672083e+03,3.6340743059701257e+00
836158,4.3060027809672083e+03,3.6340743059701257e+00
836201,4.3060027809672083e+03,3.6340743059701257e+00
836240,4.3060027809672083e+03,3.6340743059701257e+00
836279,4.3060027809672083e+03,3.6340743059701257e+00
836318,4.3060027809672083e+03,3.6340743059701257e+00
836361,4.3060027809672083e+03,3.6340743059701257e+00
836400,4.3060027809672083e+03,3.6340743059701257e+00
836439,4.3060027809672083e+03,3.6340743059701257e+00
836478,4.3060027809672083e+03,3.6340743059701257e+00
836521,4.3060027809672083e+03,3.6340743059701257e+00
836560,4.3060027809672083e+03,3.6340743059701257e+00
836599,4.3060027809672083e+03,3.6340743059701257e+00
836638,4.3060027809672083e+03,3.6340743059701257e+00
836681,4.3060027809672083e+03,3.6340743059701257e+00
836720,4.3060027809672083e+03,3.6340743059701257e+00
836759,4.3060027809672083e+03,3.6340743059701257e+00
836798,4.3060027809672083e+03,3.6340743059701257e+00
836841,4.3060027809672083e+03,3.6340743059701257e+00
836880,4.3060027809672083e+03,3.6340743059701257e+00
836919,4.3060027809672083e+03,3.6340743059701257e+00
836958,4.3060027809672083e+03,3.6340743059701257e+00
837001,4.3038067734867100e+03,3.6338527647279770e+00
837040,4.3038067734867100e+03,3.6338527647279770e+00
837079,4.3038067734867100e+03,3.6338527647279770e+00
837118,4.3038067734867100e+03,3.6338527647279770e+00
837161,4.3038067734867100e+03,3.6338527647279770e+00
837200,4.3038067734867100e+03,3.6338527647279770e+00
837239,4.3038067734867100e+03,3.6338527647279770e+00
837278,4.3038067734867100e+03,3.6338527647279770e+00
837321,4.3038067734867100e+03,3.6338527647279770e+00
837360,4.3038067734867100e+03,3.6338527647279770e+00
837399,4.3038067734867100e+03,3.6338527647279770e+00
837438,4.3038067734867100e+03,3.6338527647279770e+00
837481,4.2942055345006775e+03,3.6328828273296794e+00
837519,4.2942055345006775e+03,3.6328828273296794e+00
837557,4.2942055345006775e+03,3.6328828273296794e+00
837595,4.2942055345006775e+03,3.6328828273296794e+00
837637,4.2793280009843238e+03,3.6313755754669219e+00
837675,4.2793280009843238e+03,3.6313755754669219e+00
837713,4.2793280009843238e+03,3.6313755754669219e+00
837751,4.2793280009843238e+03,3.6313755754669219e+00
837793,4.2793280009843238e+03,3.6313755754669219e+00
837831,4.2793280009843238e+03,3.6313755754669219e+00
837869,4.2793280009843238e+03,3.6313755754669219e+00
837907,4.2793280009843238e+03,3.6313755754669219e+00
837949,4.2791069750580627e+03,3.6313531437161584e+00
837987,4.2791069750580627e+03,3.6313531437161584e+00
838025,4.2791069750580627e+03,3.6313531437161584e+00
838063,4.2791069750580627e+03,3.6313531437161584e+00
838105,4.2791069750580627e+03,3.6313531437161584e+00
838143,4.2791069750580627e+03,3.6313531437161584e+00
838181,4.2791069750580627e+03,3.6313531437161584e+00
838219,4.2791069750580627e+03,3.6313531437161584e+00
838261,4.2791069750580627e+03,3.6313531437161584e+00
838299,4.2791069750580627e+03,3.6313531437161584e+00
838337,4.2791069750580627e+03,3.6313531437161584e+00
838375,4.2791069750580627e+03,3.6313531437161584e+00
838417,4.2791069750580627e+03,3.6313531437161584e+00
838455,4.2791069750580627e+03,3.6313531437161584e+00
838493,4.2791069750580627e+03,3.6313531437161584e+00
838531,4.2791069750580627e+03,3.6313531437161584e+00
838573,4.2566165795891347e+03,3.6290645322847004e+00
838611,4.2566165795891347e+03,3.6290645322847004e+00
838649,4.2566165795891347e+03,3.6290645322847004e+00
838687,4.2566165795891347e+03,3.6290645322847004e+00
838729,4.2463624400072440e+03,3.6280170597728549e+00
838767,4.2463624400072440e+03,3.6280170597728549e+00
838805,4.2463624400072440e+03,3.6280170597728549e+00
838843,4.2463624400072440e+03,3.6280170597728549e+00
838885,4.2463624400072440e+03,3.6280170597728549e+00
838923,4.2463624400072440e+03,3.6280170597728549e+00
838961,4.2463624400072440e+03,3.6280170597728549e+00
838999,4.2463624400072440e+03,3.6280170597728549e+00
839041,4.2463624400072440e+03,3.6280170597728549e+00
839079,4.2463624400072440e+03,3.6280170597728549e+00
839117,4.2463624400072440e+03,3.6280170597728549e+00
839155,4.2463624400072440e+03,3.6280170597728549e+00
839197,4.2463624400072440e+03,3.6280170597728549e+00
839235,4.2463624400072440e+03,3.6280170597728549e+00
839273,4.2463624400072440e+03,3.6280170597728549e+00
839311,4.2463624400072440e+03,3.6280170597728549e+00
839353,4.2463086616193777e+03,3.6280115595817333e+00
839391,4.2463086616193777e+03,3.6280115595817333e+00
839429,4.2463086616193777e+03,3.6280115595817333e+00
839467,4.2463086616193777e+03,3.6280115595817333e+00
839509,4.2463086616193777e+03,3.6280115595817333e+00
839547,4.2463086616193777e+03,3.6280115595817333e+00
839585,4.2463086616193777e+03,3.6280115595817333e+00
839623,4.2463086616193777e+03,3.6280115595817333e+00
839665,4.2463086616193777e+03,3.6280115595817333e+00
839703,4.2463086616193777e+03,3.6280115595817333e+00
839741,4.2463086616193777e+03,3.6280115595817333e+00
839779,4.2463086616193777e+03,3.6280115595817333e+00
839821,4.2463086616193777e+03,3.6280115595817333e+00
839859,4.2463086616193777e+03,3.6280115595817333e+00
839897,4.2463086616193777e+03,3.6280115595817333e+00
839935,4.2463086616193777e+03,3.6280115595817333e+00
839977,4.2463086616193777e+03,3.6280115595817333e+00
840015,4.2463086616193777e+03,3.6280115595817333e+00
840053,4.2463086616193777e+03,3.6280115595817333e+00
840091,4.2463086616193777e+03,3.6280115595817333e+00
840133,4.2463086616193777e+03,3.6280115595817333e+00
840171,4.2463086616193777e+03,3.6280115595817333e+00
840209,4.2463086616193777e+03,3.6280115595817333e+00
840247,4.2463086616193777e+03,3.6280115595817333e+00
840289,4.2463086616193777e+03,3.6280115595817333e+00
840327,4.2463086616193777e+03,3.6280115595817333e+00
840365,4.2463086616193777e+03,3.6280115595817333e+00
840403,4.2463086616193777e+03,3.6280115595817333e+00
840445,4.2463086616193777e+03,3.6280115595817333e+00
840483,4.2463086616193777e+03,3.6280115595817333e+00
840521,4.2463086616193777e+03,3.6280115595817333e+00
840559,4.2463086616193777e+03,3.6280115595817333e+00
840601,4.2463086616193777e+03,3.6280115595817333e+00
840639,4.2463086616193777e+03,3.6280115595817333e+00
840677,4.2463086616193777e+03,3.6280115595817333e+00
840715,4.2463086616193777e+03,3.6280115595817333e+00
840757,4.2463086616193777e+03,3.6280115595817333e+00
840795,4.2463086616193777e+03,3.6280115595817333e+00
840833,4.2463086616193777e+03,3.6280115595817333e+00
840871,4.2463086616193777e+03,3.6280115595817333e+00
840913,4.2463086616193777e+03,3.6280115595817333e+00
840951,4.2463086616193777e+03,3.6280115595817333e+00
840989,4.2463086616193777e+03,3.6280115595817333e+00
841027,4.2463086616193777e+03,3.6280115595817333e+00
841069,4.2360923802155903e+03,3.6269654225828498e+00
841107,4.2360923802155903e+03,3.6269654225828498e+00
841145,4.2360923802155903e+03,3.6269654225828498e+00
841183,4.2360923802155903e+03,3.6269654225828498e+00
841225,4.2360923802155903e+03,3.6269654225828498e+00
841263,4.2360923802155903e+03,3.6269654225828498e+00
841301,4.2360923802155903e+03,3.6269654225828498e+00
841339,4.2360923802155903e+03,3.6269654225828498e+00
841381,4.2324149033427138e+03,3.6265882349722989e+00
841419,4.2324149033427138e+03,3.6265882349722989e+00
841457,4.2324149033427138e+03,3.6265882349722989e+00
841495,4.2324149033427138e+03,3.6265882349722989e+00
841537,4.2324149033427138e+03,3.6265882349722989e+00
841575,4.2324149033427138e+03,3.6265882349722989e+00
841613,4.2324149033427138e+03,3.6265882349722989e+00
841651,4.2324149033427138e+03,3.6265882349722989e+00
841693,4.2324149033427138e+03,3.6265882349722989e+00
841731,4.2324149033427138e+03,3.6265882349722989e+00
841769,4.2324149033427138e+03,3.6265882349722989e+00
841807,4.2324149033427138e+03,3.6265882349722989e+00
841849,4.2324149033427138e+03,3.6265882349722989e+00
841887,4.2324149033427138e+03,3.6265882349722989e+00
841925,4.2324149033427138e+03,3.6265882349722989e+00
841963,4.2324149033427138e+03,3.6265882349722989e+00
842005,4.2324149033427138e+03,3.6265882349722989e+00
842043,4.2324149033427138e+03,3.6265882349722989e+00
842081,4.2324149033427138e+03,3.6265882349722989e+00
842119,4.2324149033427138e+03,3.6265882349722989e+00
842161,4.2324149033427138e+03,3.6265882349722989e+00
842199,4.2324149033427138e+03,3.6265882349722989e+00
842237,4.2324149033427138e+03,3.6265882349722989e+00
842275,4.2324149033427138e+03,3.6265882349722989e+00
842317,4.2324149033427138e+03,3.6265882349722989e+00
842355,4.2324149033427138e+03,3.6265882349722989e+00
842393,4.2324149033427138e+03,3.6265882349722989e+00
842431,4.2324149033427138e+03,3.6265882349722989e+00
842473,4.2324149033427138e+03,3.6265882349722989e+00
842511,4.2324149033427138e+03,3.6265882349722989e+00
842549,4.2324149033427138e+03,3.6265882349722989e+00
842587,4.2324149033427138e+03,3.6265882349722989e+00
842629,4.2324149033427138e+03,3.6265882349722989e+00
842667,4.2324149033427138e+03,3.6265882349722989e+00
842705,4.2324149033427138e+03,3.6265882349722989e+00
842743,4.2324149033427138e+03,3.6265882349722989e+00
842785,4.2324149033427138e+03,3.6265882349722989e+00
842823,4.2324149033427138e+03,3.6265882349722989e+00
842861,4.2324149033427138e+03,3.6265882349722989e+00
842899,4.2324149033427138e+03,3.6265882349722989e+00
842941,4.2324149033427138e+03,3.6265882349722989e+00
842979,4.2324149033427138e+03,3.6265882349722989e+00
843017,4.2324149033427138e+03,3.6265882349722989e+00
843055,4.2324149033427138e+03,3.6265882349722989e+00
843097,4.2324149033427138e+03,3.6265882349722989e+00
843135,4.2324149033427138e+03,3.6265882349722989e+00
843173,4.2324149033427138e+03,3.6265882349722989e+00
843211,4.2324149033427138e+03,3.6265882349722989e+00
843253,4.2324149033427138e+03,3.6265882349722989e+00
843291,4.2324149033427138e+03,3.6265882349722989e+00
843329,4.2324149033427138e+03,3.6265882349722989e+00
843367,4.2324149033427138e+03,3.6265882349722989e+00
843409,4.2324149033427138e+03,3.6265882349722989e+00
843446,4.2324149033427138e+03,3.6265882349722989e+00
843483,4.2324149033427138e+03,3.6265882349722989e+00
843520,4.2324149033427138e+03,3.6265882349722989e+00
843561,4.2298549252811099e+03,3.6263254722851288e+00
843598,4.2298549252811099e+03,3.6263254722851288e+00
843635,4.2298549252811099e+03,3.6263254722851288e+00
843672,4.2298549252811099e+03,3.6263254722851288e+00
843713,4.2298549252811099e+03,3.6263254722851288e+00
843750,4.2298549252811099e+03,3.6263254722851288e+00
843787,4.2298549252811099e+03,3.6263254722851288e+00
843824,4.2298549252811099e+03,3.6263254722851288e+00
843865,4.2298549252811099e+03,3.6263254722851288e+00
843902,4.2298549252811099e+03,3.6263254722851288e+00
843939,4.2298549252811099e+03,3.6263254722851288e+00
843976,4.2298549252811099e+03,3.6263254722851288e+00
844017,4.2298549252811099e+03,3.6263254722851288e+00
844054,4.2298549252811099e+03,3.6263254722851288e+00
844091,4.2298549252811099e+03,3.6263254722851288e+00
844128,4.2298549252811099e+03,3.6263254722851288e+00
844169,4.2298549252811099e+03,3.6263254722851288e+00
844206,4.2298549252811099e+03,3.6263254722851288e+00
844243,4.2298549252811099e+03,3.6263254722851288e+00
844280,4.2298549252811099e+03,3.6263254722851288e+00
844321,4.2298549252811099e+03,3.6263254722851288e+00
844358,4.2298549252811099e+03,3.6263254722851288e+00
844395,4.2298549252811099e+03,3.6263254722851288e+00
844432,4.2298549252811099e+03,3.6263254722851288e+00
844473,4.2184943343038267e+03,3.6251574701595373e+00
844510,4.2184943343038267e+03,3.6251574701595373e+00
844547,4.2184943343038267e+03,3.6251574701595373e+00
844584,4.2184943343038267e+03,3.6251574701595373e+00
844625,4.2184943343038267e+03,3.6251574701595373e+00
844662,4.2184943343038267e+03,3.6251574701595373e+00
844699,4.2184943343038267e+03,3.6251574701595373e+00
844736,4.2184943343038267e+03,3.6251574701595373e+00
844777,4.2184943343038267e+03,3.6251574701595373e+00
844814,4.2184943343038267e+03,3.6251574701595373e+00
844851,4.2184943343038267e+03,3.6251574701595373e+00
844888,4.2184943343038267e+03,3.6251574701595373e+00
844929,4.2184943343038267e+03,3.6251574701595373e+00
844966,4.2184943343038267e+03,3.6251574701595373e+00
845003,4.2184943343038267e+03,3.6251574701595373e+00
845040,4.2184943343038267e+03,3.6251574701595373e+00
845081,4.2184943343038267e+03,3.6251574701595373e+00
845118,4.2184943343038267e+03,3.6251574701595373e+00
845155,4.2184943343038267e+03,3.6251574701595373e+00
845192,4.2184943343038267e+03,3.6251574701595373e+00
845233,4.2074864635806034e+03,3.6240227274282049e+00
845270,4.2074864635806034e+03,3.6240227274282049e+00
845307,4.2074864635806034e+03,3.6240227274282049e+00
845344,4.2074864635806034e+03,3.6240227274282049e+00
845385,4.1972156237785821e+03,3.6229612808178207e+00
845422,4.1972156237785821e+03,3.6229612808178207e+00
845459,4.1972156237785821e+03,3.6229612808178207e+00
845496,4.1972156237785821e+03,3.6229612808178207e+00
845537,4.1896886933406413e+03,3.6221817547593607e+00
845574,4.1896886933406413e+03,3.6221817547593607e+00
845611,4.1896886933406413e+03,3.6221817547593607e+00
845648,4.1896886933406413e+03,3.6221817547593607e+00
845689,4.1882716059727027e+03,3.6220348375603884e+00
845726,4.1882716059727027e+03,3.6220348375603884e+00
845763,4.1882716059727027e+03,3.6220348375603884e+00
845800,4.1882716059727027e+03,3.6220348375603884e+00
845841,4.1882716059727027e+03,3.6220348375603884e+00
845878,4.1882716059727027e+03,3.6220348375603884e+00
845915,4.1882716059727027e+03,3.6220348375603884e+00
845952,4.1882716059727027e+03,3.6220348375603884e+00
845993,4.1882716059727027e+03,3.6220348375603884e+00
846030,4.1882716059727027e+03,3.6220348375603884e+00
846067,4.1882716059727027e+03,3.6220348375603884e+00
846104,4.1882716059727027e+03,3.6220348375603884e+00
846145,4.1882716059727027e+03,3.6220348375603884e+00
846182,4.1882716059727027e+03,3.6220348375603884e+00
846219,4.1882716059727027e+03,3.6220348375603884e+00
846256,4.1882716059727027e+03,3.6220348375603884e+00
846297,4.1818832999290971e+03,3.6213719091837104e+00
846334,4.1818832999290971e+03,3.6213719091837104e+00
846371,4.1818832999290971e+03,3.6213719091837104e+00
846408,4.1818832999290971e+03,3.6213719091837104e+00
846449,4.1818832999290971e+03,3.6213719091837104e+00
846486,4.1818832999290971e+03,3.6213719091837104e+00
846523,4.1818832999290971e+03,3.6213719091837104e+00
846560,4.1818832999290971e+03,3.6213719091837104e+00
846601,4.1818832999290971e+03,3.6213719091837104e+00
846638,4.1818832999290971e+03,3.6213719091837104e+00
846675,4.1818832999290971e+03,3.6213719091837104e+00
846712,4.1818832999290971e+03,3.6213719091837104e+00
846753,4.1818832999290971e+03,3.6213719091837104e+00
846790,4.1818832999290971e+03,3.6213719091837104e+00
846827,4.1818832999290971e+03,3.6213719091837104e+00
846864,4.1818832999290971e+03,3.6213719091837104e+00
846905,4.1817618401189739e+03,3.6213592952278506e+00
846942,4.1817618401189739e+03,3.6213592952278506e+00
846979,4.1817618401189739e+03,3.6213592952278506e+00
847016,4.1817618401189739e+03,3.6213592952278506e+00
847057,4.1817618401189739e+03,3.6213592952278506e+00
847094,4.1817618401189739e+03,3.6213592952278506e+00
847131,4.1817618401189739e+03,3.6213592952278506e+00
847168,4.1817618401189739e+03,3.6213592952278506e+00
847209,4.1817618401189739e+03,3.6213592952278506e+00
847246,4.1817618401189739e+03,3.6213592952278506e+00
847283,4.1817618401189739e+03,3.6213592952278506e+00
847320,4.1817618401189739e+03,3.6213592952278506e+00
847361,4.1817618401189739e+03,3.6213592952278506e+00
847398,4.1817618401189739e+03,3.6213592952278506e+00
847435,4.1817618401189739e+03,3.6213592952278506e+00
847472,4.1817618401189739e+03,3.6213592952278506e+00
847513,4.1817618401189739e+03,3.6213592952278506e+00
847550,4.1817618401189739e+03,3.6213592952278506e+00
847587,4.1817618401189739e+03,3.6213592952278506e+00
847624,4.1817618401189739e+03,3.6213592952278506e+00
847665,4.1811638093910533e+03,3.6212971826475235e+00
847702,4.1811638093910533e+03,3.6212971826475235e+00
847739,4.1811638093910533e+03,3.6212971826475235e+00
847776,4.1811638093910533e+03,3.6212971826475235e+00
847817,4.1811638093910533e+03,3.6212971826475235e+00
847854,4.1811638093910533e+03,3.6212971826475235e+00
847891,4.1811638093910533e+03,3.6212971826475235e+00
847928,4.1811638093910533e+03,3.6212971826475235e+00
847969,4.1811190956171795e+03,3.6212925382351111e+00
848006,4.1811190956171795e+03,3.6212925382351111e+00
848043,4.1811190956171795e+03,3.6212925382351111e+00
848080,4.1811190956171795e+03,3.6212925382351111e+00
848121,4.1811190956171795e+03,3.6212925382351111e+00
848158,4.1811190956171795e+03,3.6212925382351111e+00
848195,4.1811190956171795e+03,3.6212925382351111e+00
848232,4.1811190956171795e+03,3.6212925382351111e+00
848273,4.1811190956171795e+03,3.6212925382351111e+00
848310,4.1811190956171795e+03,3.6212925382351111e+00
848347,4.1811190956171795e+03,3.6212925382351111e+00
848384,4.1811190956171795e+03,3.6212925382351111e+00
848425,4.1811190956171795e+03,3.6212925382351111e+00
848462,4.1811190956171795e+03,3.6212925382351111e+00
848499,4.1811190956171795e+03,3.6212925382351111e+00
848536,4.1811190956171795e+03,3.6212925382351111e+00
848577,4.1811190956171795e+03,3.6212925382351111e+00
848614,4.1811190956171795e+03,3.6212925382351111e+00
848651,4.1811190956171795e+03,3.6212925382351111e+00
848688,4.1811190956171795e+03,3.6212925382351111e+00
848729,4.1811190956171795e+03,3.6212925382351111e+00
848766,4.1811190956171795e+03,3.6212925382351111e+00
848803,4.1811190956171795e+03,3.6212925382351111e+00
848840,4.1811190956171795e+03,3.6212925382351111e+00
848881,4.1811190956171795e+03,3.6212925382351111e+00
848918,4.1811190956171795e+03,3.6212925382351111e+00
848955,4.1811190956171795e+03,3.6212925382351111e+00
848992,4.1811190956171795e+03,3.6212925382351111e+00
849033,4.1811190956171795e+03,3.6212925382351111e+00
849070,4.1811190956171795e+03,3.6212925382351111e+00
849107,4.1811190956171795e+03,3.6212925382351111e+00
849144,4.1811190956171795e+03,3.6212925382351111e+00
849185,4.1811190956171795e+03,3.6212925382351111e+00
849222,4.1811190956171795e+03,3.6212925382351111e+00
849259,4.1811190956171795e+03,3.6212925382351111e+00
849296,4.1811190956171795e+03,3.6212925382351111e+00
849337,4.1793988035545826e+03,3.6211138140532837e+00
849374,4.1793988035545826e+03,3.6211138140532837e+00
849411,4.1793988035545826e+03,3.6211138140532837e+00
849448,4.1793988035545826e+03,3.6211138140532837e+00
849489,4.1793988035545826e+03,3.6211138140532837e+00
849526,4.1793988035545826e+03,3.6211138140532837e+00
849563,4.1793988035545826e+03,3.6211138140532837e+00
849600,4.1793988035545826e+03,3.6211138140532837e+00
849641,4.1793988035545826e+03,3.6211138140532837e+00
849677,4.1793988035545826e+03,3.6211138140532837e+00
849713,4.1793988035545826e+03,3.6211138140532837e+00
849749,4.1793988035545826e+03,3.6211138140532837e+00
849789,4.1793988035545826e+03,3.6211138140532837e+00
849825,4.1793988035545826e+03,3.6211138140532837e+00
849861,4.1793988035545826e+03,3.6211138140532837e+00
849897,4.1793988035545826e+03,3.6211138140532837e+00
849937,4.1787301096149749e+03,3.6210443224022959e+00
849973,4.1787301096149749e+03,3.6210443224022959e+00
850009,4.1787301096149749e+03,3.6210443224022959e+00
850045,4.1787301096149749e+03,3.6210443224022959e+00
850085,4.1755797609061019e+03,3.6207167838871124e+00
850121,4.1755797609061019e+03,3.6207167838871124e+00
850157,4.1755797609061019e+03,3.6207167838871124e+00
850193,4.1755797609061019e+03,3.6207167838871124e+00
850233,4.1755797609061019e+03,3.6207167838871124e+00
850269,4.1755797609061019e+03,3.6207167838871124e+00
850305,4.1755797609061019e+03,3.6207167838871124e+00
850341,4.1755797609061019e+03,3.6207167838871124e+00
850381,4.1755797609061019e+03,3.6207167838871124e+00
850417,4.1755797609061019e+03,3.6207167838871124e+00
850453,4.1755797609061019e+03,3.6207167838871124e+00
850489,4.1755797609061019e+03,3.6207167838871124e+00
850529,4.1755797609061019e+03,3.6207167838871124e+00
850565,4.1755797609061019e+03,3.6207167838871124e+00
850601,4.1755797609061019e+03,3.6207167838871124e+00
850637,4.1755797609061019e+03,3.6207167838871124e+00
850677,4.1755797609061019e+03,3.6207167838871124e+00
850713,4.1755797609061019e+03,3.6207167838871124e+00
850749,4.1755797609061019e+03,3.6207167838871124e+00
850785,4.1755797609061019e+03,3.6207167838871124e+00
850825,4.1755797609061019e+03,3.6207167838871124e+00
850861,4.1755797609061019e+03,3.6207167838871124e+00
850897,4.1755797609061019e+03,3.6207167838871124e+00
850933,4.1755797609061019e+03,3.6207167838871124e+00
850973,4.1755797609061019e+03,3.6207167838871124e+00
851009,4.1755797609061019e+03,3.6207167838871124e+00
851045,4.1755797609061019e+03,3.6207167838871124e+00
851081,4.1755797609061019e+03,3.6207167838871124e+00
851121,4.1755797609061019e+03,3.6207167838871124e+00
851157,4.1755797609061019e+03,3.6207167838871124e+00
851193,4.1755797609061019e+03,3.6207167838871124e+00
851229,4.1755797609061019e+03,3.6207167838871124e+00
851269,4.1755797609061019e+03,3.6207167838871124e+00
851305,4.1755797609061019e+03,3.6207167838871124e+00
851341,4.1755797609061019e+03,3.6207167838871124e+00
851377,4.1755797609061019e+03,3.6207167838871124e+00
851417,4.1755709254394978e+03,3.6207158649252746e+00
851453,4.1755709254394978e+03,3.6207158649252746e+00
851489,4.1755709254394978e+03,3.6207158649252746e+00
851525,4.1755709254394978e+03,3.6207158649252746e+00
851565,4.1755693494762272e+03,3.6207157010118141e+00
851601,4.1755693494762272e+03,3.6207157010118141e+00
851637,4.1755693494762272e+03,3.6207157010118141e+00
851673,4.1755693494762272e+03,3.6207157010118141e+00
851713,4.1755693494762272e+03,3.6207157010118141e+00
851749,4.1755693494762272e+03,3.6207157010118141e+00
851785,4.1755693494762272e+03,3.6207157010118141e+00
851821,4.1755693494762272e+03,3.6207157010118141e+00
851861,4.1669892561371744e+03,3.6198223807053331e+00
851897,4.1669892561371744e+03,3.6198223807053331e+00
851933,4.1669892561371744e+03,3.6198223807053331e+00
851969,4.1669892561371744e+03,3.6198223807053331e+00
852009,4.1669892561371744e+03,3.6198223807053331e+00
852045,4.1669892561371744e+03,3.6198223807053331e+00
852081,4.1669892561371744e+03,3.6198223807053331e+00
852117,4.1669892561371744e+03,3.6198223807053331e+00
852157,4.1669892561371744e+03,3.6198223807053331e+00
852193,4.1669892561371744e+03,3.6198223807053331e+00
852229,4.1669892561371744e+03,3.6198223807053331e+00
852265,4.1669892561371744e+03,3.6198223807053331e+00
852305,4.1669892561371744e+03,3.6198223807053331e+00
852341,4.1669892561371744e+03,3.6198223807053331e+00
852377,4.1669892561371744e+03,3.6198223807053331e+00
852413,4.1669892561371744e+03,3.6198223807053331e+00
852453,4.1669892561371744e+03,3.6198223807053331e+00
852489,4.1669892561371744e+03,3.6198223807053331e+00
852525,4.1669892561371744e+03,3.6198223807053331e+00
852561,4.1669892561371744e+03,3.6198223807053331e+00
852601,4.1657608047297199e+03,3.6196943294215402e+00
852637,4.1657608047297199e+03,3.6196943294215402e+00
852673,4.1657608047297199e+03,3.6196943294215402e+00
852709,4.1657608047297199e+03,3.6196943294215402e+00
852749,4.1571998422838305e+03,3.6188009021379246e+00
852785,4.1571998422838305e+03,3.6188009021379246e+00
852821,4.1571998422838305e+03,3.6188009021379246e+00
852857,4.1571998422838305e+03,3.6188009021379246e+00
852897,4.1507145101329825e+03,3.6181228632417466e+00
852933,4.1507145101329825e+03,3.6181228632417466e+00
852969,4.1507145101329825e+03,3.6181228632417466e+00
853005,4.1507145101329825e+03,3.6181228632417466e+00
853045,4.1482027439534286e+03,3.6178599744355271e+00
853081,4.1482027439534286e+03,3.6178599744355271e+00
853117,4.1482027439534286e+03,3.6178599744355271e+00
853153,4.1482027439534286e+03,3.6178599744355271e+00
853193,4.1482027439534286e+03,3.6178599744355271e+00
853229,4.1482027439534286e+03,3.6178599744355271e+00
853265,4.1482027439534286e+03,3.6178599744355271e+00
853301,4.1482027439534286e+03,3.6178599744355271e+00
853341,4.1482027439534286e+03,3.6178599744355271e+00
853377,4.1482027439534286e+03,3.6178599744355271e+00
853413,4.1482027439534286e+03,3.6178599744355271e+00
853449,4.1482027439534286e+03,3.6178599744355271e+00
853489,4.1482027439534286e+03,3.6178599744355271e+00
853525,4.1482027439534286e+03,3.6178599744355271e+00
853561,4.1482027439534286e+03,3.6178599744355271e+00
853597,4.1482027439534286e+03,3.6178599744355271e+00
853637,4.1482027439534286e+03,3.6178599744355271e+00
853673,4.1482027439534286e+03,3.6178599744355271e+00
853709,4.1482027439534286e+03,3.6178599744355271e+00
853745,4.1482027439534286e+03,3.6178599744355271e+00
853785,4.1482027439534286e+03,3.6178599744355271e+00
853821,4.1482027439534286e+03,3.6178599744355271e+00
853857,4.1482027439534286e+03,3.6178599744355271e+00
853893,4.1482027439534286e+03,3.6178599744355271e+00
853933,4.1482027439534286e+03,3.6178599744355271e+00
853969,4.1482027439534286e+03,3.6178599744355271e+00
854005,4.1482027439534286e+03,3.6178599744355271e+00
854041,4.1482027439534286e+03,3.6178599744355271e+00
854081,4.1482027439534286e+03,3.6178599744355271e+00
854117,4.1482027439534286e+03,3.6178599744355271e+00
854153,4.1482027439534286e+03,3.6178599744355271e+00
854189,4.1482027439534286e+03,3.6178599744355271e+00
854229,4.1481720554344829e+03,3.6178567615010206e+00
854265,4.1481720554344829e+03,3.6178567615010206e+00
854301,4.1481720554344829e+03,3.6178567615010206e+00
854337,4.1481720554344829e+03,3.6178567615010206e+00
854377,4.1481720554344829e+03,3.6178567615010206e+00
854413,4.1481720554344829e+03,3.6178567615010206e+00
854449,4.1481720554344829e+03,3.6178567615010206e+00
854485,4.1481720554344829e+03,3.6178567615010206e+00
854525,4.1481720554344829e+03,3.6178567615010206e+00
854561,4.1481720554344829e+03,3.6178567615010206e+00
854597,4.1481720554344829e+03,3.6178567615010206e+00
854633,4.1481720554344829e+03,3.6178567615010206e+00
854673,4.1470285611614381e+03,3.6177370264207083e+00
854709,4.1470285611614381e+03,3.6177370264207083e+00
854745,4.1470285611614381e+03,3.6177370264207083e+00
854781,4.1470285611614381e+03,3.6177370264207083e+00
854821,4.1468241720085643e+03,3.6177156213911936e+00
854857,4.1468241720085643e+03,3.6177156213911936e+00
854893,4.1468241720085643e+03,3.6177156213911936e+00
854929,4.1468241720085643e+03,3.6177156213911936e+00
854969,4.1468241720085643e+03,3.6177156213911936e+00
855005,4.1468241720085643e+03,3.6177156213911936e+00
855041,4.1468241720085643e+03,3.6177156213911936e+00
855077,4.1468241720085643e+03,3.6177156213911936e+00
855117,4.1468241720085643e+03,3.6177156213911936e+00
855153,4.1468241720085643e+03,3.6177156213911936e+00
855189,4.1468241720085643e+03,3.6177156213911936e+00
855225,4.1468241720085643e+03,3.6177156213911936e+00
855265,4.1468241720085643e+03,3.6177156213911936e+00
855301,4.1468241720085643e+03,3.6177156213911936e+00
855337,4.1468241720085643e+03,3.6177156213911936e+00
855373,4.1468241720085643e+03,3.6177156213911936e+00
855413,4.1459673793127968e+03,3.6176258807196890e+00
855449,4.1459673793127968e+03,3.6176258807196890e+00
855485,4.1459673793127968e+03,3.6176258807196890e+00
855521,4.1459673793127968e+03,3.6176258807196890e+00
855561,4.1459673793127968e+03,3.6176258807196890e+00
855597,4.1459673793127968e+03,3.6176258807196890e+00
855633,4.1459673793127968e+03,3.6176258807196890e+00
855669,4.1459673793127968e+03,3.6176258807196890e+00
855709,4.1459673793127968e+03,3.6176258807196890e+00
855745,4.1459673793127968e+03,3.6176258807196890e+00
855781,4.1459673793127968e+03,3.6176258807196890e+00
855817,4.1459673793127968e+03,3.6176258807196890e+00
855857,4.1459673793127968e+03,3.6176258807196890e+00
855893,4.1459673793127968e+03,3.6176258807196890e+00
855929,4.1459673793127968e+03,3.6176258807196890e+00
855965,4.1459673793127968e+03,3.6176258807196890e+00
856005,4.1459673793127968e+03,3.6176258807196890e+00
856041,4.1459673793127968e+03,3.6176258807196890e+00
856077,4.1459673793127968e+03,3.6176258807196890e+00
856113,4.1459673793127968e+03,3.6176258807196890e+00
856153,4.1459673793127968e+03,3.6176258807196890e+00
856188,4.1459673793127968e+03,3.6176258807196890e+00
856223,4.1459673793127968e+03,3.6176258807196890e+00
856258,4.1459673793127968e+03,3.6176258807196890e+00
856297,4.1459673793127968e+03,3.6176258807196890e+00
856332,4.1459673793127968e+03,3.6176258807196890e+00
856367,4.1459673793127968e+03,3.6176258807196890e+00
856402,4.1459673793127968e+03,3.6176258807196890e+00
856441,4.1459673793127968e+03,3.6176258807196890e+00
856476,4.1459673793127968e+03,3.6176258807196890e+00
856511,4.1459673793127968e+03,3.6176258807196890e+00
856546,4.1459673793127968e+03,3.6176258807196890e+00
856585,4.1459231851667928e+03,3.6176212513113311e+00
856620,4.1459231851667928e+03,3.6176212513113311e+00
856655,4.1459231851667928e+03,3.6176212513113311e+00
856690,4.1459231851667928e+03,3.6176212513113311e+00
856729,4.1459231851667928e+03,3.6176212513113311e+00
856764,4.1459231851667928e+03,3.6176212513113311e+00
856799,4.1459231851667928e+03,3.6176212513113311e+00
856834,4.1459231851667928e+03,3.6176212513113311e+00
856873,4.1437054287031124e+03,3.6173888743346958e+00
856908,4.1437054287031124e+03,3.6173888743346958e+00
856943,4.1437054287031124e+03,3.6173888743346958e+00
856978,4.1437054287031124e+03,3.6173888743346958e+00
857017,4.1437054287031124e+03,3.6173888743346958e+00
857052,4.1437054287031124e+03,3.6173888743346958e+00
857087,4.1437054287031124e+03,3.6173888743346958e+00
857122,4.1437054287031124e+03,3.6173888743346958e+00
857161,4.1437054287031124e+03,3.6173888743346958e+00
857196,4.1437054287031124e+03,3.6173888743346958e+00
857231,4.1437054287031124e+03,3.6173888743346958e+00
857266,4.1437054287031124e+03,3.6173888743346958e+00
857305,4.1437054287031124e+03,3.6173888743346958e+00
857340,4.1437054287031124e+03,3.6173888743346958e+00
857375,4.1437054287031124e+03,3.6173888743346958e+00
857410,4.1437054287031124e+03,3.6173888743346958e+00
857449,4.1437054287031124e+03,3.6173888743346958e+00
857484,4.1437054287031124e+03,3.6173888743346958e+00
857519,4.1437054287031124e+03,3.6173888743346958e+00
857554,4.1437054287031124e+03,3.6173888743346958e+00
857593,4.1409172717834526e+03,3.6170965541520195e+00
857628,4.1409172717834526e+03,3.6170965541520195e+00
857663,4.1409172717834526e+03,3.6170965541520195e+00
857698,4.1409172717834526e+03,3.6170965541520195e+00
857737,4.1409172717834526e+03,3.6170965541520195e+00
857772,4.1409172717834526e+03,3.6170965541520195e+00
857807,4.1409172717834526e+03,3.6170965541520195e+00
857842,4.1409172717834526e+03,3.6170965541520195e+00
857881,4.1409172717834526e+03,3.6170965541520195e+00
857916,4.1409172717834526e+03,3.6170965541520195e+00
857951,4.1409172717834526e+03,3.6170965541520195e+00
857986,4.1409172717834526e+03,3.6170965541520195e+00
858025,4.1409172717834526e+03,3.6170965541520195e+00
858060,4.1409172717834526e+03,3.6170965541520195e+00
858095,4.1409172717834526e+03,3.6170965541520195e+00
858130,4.1409172717834526e+03,3.6170965541520195e+00
858169,4.1409172717834526e+03,3.6170965541520195e+00
858204,4.1409172717834526e+03,3.6170965541520195e+00
858239,4.1409172717834526e+03,3.6170965541520195e+00
858274,4.1409172717834526e+03,3.6170965541520195e+00
858313,4.1409172717834526e+03,3.6170965541520195e+00
858348,4.1409172717834526e+03,3.6170965541520195e+00
858383,4.1409172717834526e+03,3.6170965541520195e+00
858418,4.1409172717834526e+03,3.6170965541520195e+00
858457,4.1409172717834526e+03,3.6170965541520195e+00
858492,4.1409172717834526e+03,3.6170965541520195e+00
858527,4.1409172717834526e+03,3.6170965541520195e+00
858562,4.1409172717834526e+03,3.6170965541520195e+00
858601,4.1409172717834526e+03,3.6170965541520195e+00
858636,4.1409172717834526e+03,3.6170965541520195e+00
858671,4.1409172717834526e+03,3.6170965541520195e+00
858706,4.1409172717834526e+03,3.6170965541520195e+00
858745,4.1409172717834526e+03,3.6170965541520195e+00
858780,4.1409172717834526e+03,3.6170965541520195e+00
858815,4.1409172717834526e+03,3.6170965541520195e+00
858850,4.1409172717834526e+03,3.6170965541520195e+00
858889,4.1409172717834526e+03,3.6170965541520195e+00
858924,4.1409172717834526e+03,3.6170965541520195e+00
858959,4.1409172717834526e+03,3.6170965541520195e+00
858994,4.1409172717834526e+03,3.6170965541520195e+00
859033,4.1398732777473442e+03,3.6169870474935157e+00
859068,4.1398732777473442e+03,3.6169870474935157e+00
859103,4.1398732777473442e+03,3.6169870474935157e+00
859138,4.1398732777473442e+03,3.6169870474935157e+00
859177,4.1398732777473442e+03,3.6169870474935157e+00
859212,4.1398732777473442e+03,3.6169870474935157e+00
859247,4.1398732777473442e+03,3.6169870474935157e+00
859282,4.1398732777473442e+03,3.6169870474935157e+00
859321,4.1398732777473442e+03,3.6169870474935157e+00
859356,4.1398732777473442e+03,3.6169870474935157e+00
859391,4.1398732777473442e+03,3.6169870474935157e+00
859426,4.1398732777473442e+03,3.6169870474935157e+00
859465,4.1368917853784533e+03,3.6166741605794188e+00
859500,4.1368917853784533e+03,3.6166741605794188e+00
859535,4.1368917853784533e+03,3.6166741605794188e+00
859570,4.1368917853784533e+03,3.6166741605794188e+00
859609,4.1368917853784533e+03,3.6166741605794188e+00
859644,4.1368917853784533e+03,3.6166741605794188e+00
859679,4.1368917853784533e+03,3.6166741605794188e+00
859714,4.1368917853784533e+03,3.6166741605794188e+00
859753,4.1313079637403789e+03,3.6160875701806385e+00
859788,4.1313079637403789e+03,3.6160875701806385e+00
859823,4.1313079637403789e+03,3.6160875701806385e+00
859858,4.1313079637403789e+03,3.6160875701806385e+00
859897,4.1251164479132167e+03,3.6154362127580226e+00
859932,4.1251164479132167e+03,3.6154362127580226e+00
859967,4.1251164479132167e+03,3.6154362127580226e+00
860002,4.1251164479132167e+03,3.6154362127580226e+00
860041,4.1251164479132167e+03,3.6154362127580226e+00
860076,4.1251164479132167e+03,3.6154362127580226e+00
860111,4.1251164479132167e+03,3.6154362127580226e+00
860146,4.1251164479132167e+03,3.6154362127580226e+00
860185,4.1251164479132167e+03,3.6154362127580226e+00
860220,4.1251164479132167e+03,3.6154362127580226e+00
860255,4.1251164479132167e+03,3.6154362127580226e+00
860290,4.1251164479132167e+03,3.6154362127580226e+00
860329,4.1251164479132167e+03,3.6154362127580226e+00
860364,4.1251164479132167e+03,3.6154362127580226e+00
860399,4.1251164479132167e+03,3.6154362127580226e+00
860434,4.1251164479132167e+03,3.6154362127580226e+00
860473,4.1251164479132167e+03,3.6154362127580226e+00
860508,4.1251164479132167e+03,3.6154362127580226e+00
860543,4.1251164479132167e+03,3.6154362127580226e+00
860578,4.1251164479132167e+03,3.6154362127580226e+00
860617,4.1251164479132167e+03,3.6154362127580226e+00
860652,4.1251164479132167e+03,3.6154362127580226e+00
860687,4.1251164479132167e+03,3.6154362127580226e+00
860722,4.1251164479132167e+03,3.6154362127580226e+00
860761,4.1251164479132167e+03,3.6154362127580226e+00
860796,4.1251164479132167e+03,3.6154362127580226e+00
860831,4.1251164479132167e+03,3.6154362127580226e+00
860866,4.1251164479132167e+03,3.6154362127580226e+00
860905,4.1251164479132167e+03,3.6154362127580226e+00
860940,4.1251164479132167e+03,3.6154362127580226e+00
860975,4.1251164479132167e+03,3.6154362127580226e+00
861010,4.1251164479132167e+03,3.6154362127580226e+00
861049,4.1251164479132167e+03,3.6154362127580226e+00
861084,4.1251164479132167e+03,3.6154362127580226e+00
861119,4.1251164479132167e+03,3.6154362127580226e+00
861154,4.1251164479132167e+03,3.6154362127580226e+00
861193,4.1251164479132167e+03,3.6154362127580226e+00
861228,4.1251164479132167e+03,3.6154362127580226e+00
861263,4.1251164479132167e+03,3.6154362127580226e+00
861298,4.1251164479132167e+03,3.6154362127580226e+00
861337,4.1251164479132167e+03,3.6154362127580226e+00
861372,4.1251164479132167e+03,3.6154362127580226e+00
861407,4.1251164479132167e+03,3.6154362127580226e+00
861442,4.1251164479132167e+03,3.6154362127580226e+00
861481,4.1250319439657042e+03,3.6154273160457788e+00
861516,4.1250319439657042e+03,3.6154273160457788e+00
861551,4.1250319439657042e+03,3.6154273160457788e+00
861586,4.1250319439657042e+03,3.6154273160457788e+00
861625,4.1249304802417200e+03,3.6154166335400468e+00
861660,4.1249304802417200e+03,3.6154166335400468e+00
861695,4.1249304802417200e+03,3.6154166335400468e+00
861730,4.1249304802417200e+03,3.6154166335400468e+00
861769,4.1249304802417200e+03,3.6154166335400468e+00
861804,4.1249304802417200e+03,3.6154166335400468e+00
861839,4.1249304802417200e+03,3.6154166335400468e+00
861874,4.1249304802417200e+03,3.6154166335400468e+00
861913,4.1245916941022897e+03,3.6153809628798870e+00
861948,4.1245916941022897e+03,3.6153809628798870e+00
861983,4.1245916941022897e+03,3.6153809628798870e+00
862018,4.1245916941022897e+03,3.6153809628798870e+00
862057,4.1245916941022897e+03,3.6153809628798870e+00
862092,4.1245916941022897e+03,3.6153809628798870e+00
862127,4.1245916941022897e+03,3.6153809628798870e+00
862162,4.1245916941022897e+03,3.6153809628798870e+00
862201,4.1245916941022897e+03,3.6153809628798870e+00
862236,4.1245916941022897e+03,3.6153809628798870e+00
862271,4.1245916941022897e+03,3.6153809628798870e+00
862306,4.1245916941022897e+03,3.6153809628798870e+00
862345,4.1245635110787753e+03,3.6153779953683558e+00
862380,4.1245635110787753e+03,3.6153779953683558e+00
862415,4.1245635110787753e+03,3.6153779953683558e+00
862450,4.1245635110787753e+03,3.6153779953683558e+00
862489,4.1245635110787753e+03,3.6153779953683558e+00
862524,4.1245635110787753e+03,3.6153779953683558e+00
862559,4.1245635110787753e+03,3.6153779953683558e+00
862594,4.1245635110787753e+03,3.6153779953683558e+00
862633,4.1245635110787753e+03,3.6153779953683558e+00
862668,4.1245635110787753e+03,3.6153779953683558e+00
862703,4.1245635110787753e+03,3.6153779953683558e+00
862738,4.1245635110787753e+03,3.6153779953683558e+00
862777,4.1245635110787753e+03,3.6153779953683558e+00
862812,4.1245635110787753e+03,3.6153779953683558e+00
862847,4.1245635110787753e+03,3.6153779953683558e+00
862882,4.1245635110787753e+03,3.6153779953683558e+00
862921,4.1240933517670610e+03,3.6153284872852076e+00
862956,4.1240933517670610e+03,3.6153284872852076e+00
862990,4.1240933517670610e+03,3.6153284872852076e+00
863024,4.1240933517670610e+03,3.6153284872852076e+00
863062,4.1240933517670610e+03,3.6153284872852076e+00
863096,4.1240933517670610e+03,3.6153284872852076e+00
863130,4.1240933517670610e+03,3.6153284872852076e+00
863164,4.1240933517670610e+03,3.6153284872852076e+00
863202,4.1234729843566829e+03,3.6152631535533870e+00
863236,4.1234729843566829e+03,3.6152631535533870e+00
863270,4.1234729843566829e+03,3.6152631535533870e+00
863304,4.1234729843566829e+03,3.6152631535533870e+00
863342,4.1234729843566829e+03,3.6152631535533870e+00
863376,4.1234729843566829e+03,3.6152631535533870e+00
863410,4.1234729843566829e+03,3.6152631535533870e+00
863444,4.1234729843566829e+03,3.6152631535533870e+00
863482,4.1234729843566829e+03,3.6152631535533870e+00
863516,4.1234729843566829e+03,3.6152631535533870e+00
863550,4.1234729843566829e+03,3.6152631535533870e+00
863584,4.1234729843566829e+03,3.6152631535533870e+00
863622,4.1234729843566829e+03,3.6152631535533870e+00
863656,4.1234729843566829e+03,3.6152631535533870e+00
863690,4.1234729843566829e+03,3.6152631535533870e+00
863724,4.1234729843566829e+03,3.6152631535533870e+00
863762,4.1234729843566829e+03,3.6152631535533870e+00
863796,4.1234729843566829e+03,3.6152631535533870e+00
863830,4.1234729843566829e+03,3.6152631535533870e+00
863864,4.1234729843566829e+03,3.6152631535533870e+00
863902,4.1234729843566829e+03,3.6152631535533870e+00
863936,4.1234729843566829e+03,3.6152631535533870e+00
863970,4.1234729843566829e+03,3.6152631535533870e+00
864004,4.1234729843566829e+03,3.6152631535533870e+00
864042,4.1234729843566829e+03,3.6152631535533870e+00
864076,4.1234729843566829e+03,3.6152631535533870e+00
864110,4.1234729843566829e+03,3.6152631535533870e+00
864144,4.1234729843566829e+03,3.6152631535533870e+00
864182,4.1234729843566829e+03,3.6152631535533870e+00
864216,4.1234729843566829e+03,3.6152631535533870e+00
864250,4.1234729843566829e+03,3.6152631535533870e+00
864284,4.1234729843566829e+03,3.6152631535533870e+00
864322,4.1234729843566829e+03,3.6152631535533870e+00
864356,4.1234729843566829e+03,3.6152631535533870e+00
864390,4.1234729843566829e+03,3.6152631535533870e+00
864424,4.1234729843566829e+03,3.6152631535533870e+00
864462,4.1234729843566829e+03,3.6152631535533870e+00
864496,4.1234729843566829e+03,3.6152631535533870e+00
864530,4.1234729843566829e+03,3.6152631535533870e+00
864564,4.1234729843566829e+03,3.6152631535533870e+00
864602,4.1232908421513193e+03,3.6152439694573251e+00
864636,4.1232908421513193e+03,3.6152439694573251e+00
864670,4.1232908421513193e+03,3.6152439694573251e+00
864704,4.1232908421513193e+03,3.6152439694573251e+00
864742,4.1232020550891002e+03,3.6152346176682268e+00
864776,4.1232020550891002e+03,3.6152346176682268e+00
864810,4.1232020550891002e+03,3.6152346176682268e+00
864844,4.1232020550891002e+03,3.6152346176682268e+00
864882,4.1232020550891002e+03,3.6152346176682268e+00
864916,4.1232020550891002e+03,3.6152346176682268e+00
864950,4.1232020550891002e+03,3.6152346176682268e+00
864984,4.1232020550891002e+03,3.6152346176682268e+00
865022,4.1232020550891002e+03,3.6152346176682268e+00
865056,4.1232020550891002e+03,3.6152346176682268e+00
865090,4.1232020550891002e+03,3.6152346176682268e+00
865124,4.1232020550891002e+03,3.6152346176682268e+00
865162,4.1232020550891002e+03,3.6152346176682268e+00
865196,4.1232020550891002e+03,3.6152346176682268e+00
865230,4.1232020550891002e+03,3.6152346176682268e+00
865264,4.1232020550891002e+03,3.6152346176682268e+00
865302,4.1232020550891002e+03,3.6152346176682268e+00
865336,4.1232020550891002e+03,3.6152346176682268e+00
865370,4.1232020550891002e+03,3.6152346176682268e+00
865404,4.1232020550891002e+03,3.6152346176682268e+00
865442,4.1232020550891002e+03,3.6152346176682268e+00
865476,4.1232020550891002e+03,3.6152346176682268e+00
865510,4.1232020550891002e+03,3.6152346176682268e+00
865544,4.1232020550891002e+03,3.6152346176682268e+00
865582,4.1205116455020834e+03,3.6149511458928543e+00
865616,4.1205116455020834e+03,3.6149511458928543e+00
865650,4.1205116455020834e+03,3.6149511458928543e+00
865684,4.1205116455020834e+03,3.6149511458928543e+00
865722,4.1205116455020834e+03,3.6149511458928543e+00
865756,4.1205116455020834e+03,3.6149511458928543e+00
865790,4.1205116455020834e+03,3.6149511458928543e+00
865824,4.1205116455020834e+03,3.6149511458928543e+00
865862,4.1205116455020834e+03,3.6149511458928543e+00
865896,4.1205116455020834e+03,3.6149511458928543e+00
865930,4.1205116455020834e+03,3.6149511458928543e+00
865964,4.1205116455020834e+03,3.6149511458928543e+00
866002,4.1205116455020834e+03,3.6149511458928543e+00
866036,4.1205116455020834e+03,3.6149511458928543e+00
866070,4.1205116455020834e+03,3.6149511458928543e+00
866104,4.1205116455020834e+03,3.6149511458928543e+00
866142,4.1205116455020834e+03,3.6149511458928543e+00
866176,4.1205116455020834e+03,3.6149511458928543e+00
866210,4.1205116455020834e+03,3.6149511458928543e+00
866244,4.1205116455020834e+03,3.6149511458928543e+00
866282,4.1203407937791426e+03,3.6149331380566374e+00
866316,4.1203407937791426e+03,3.6149331380566374e+00
866350,4.1203407937791426e+03,3.6149331380566374e+00
866384,4.1203407937791426e+03,3.6149331380566374e+00
866422,4.1203407937791426e+03,3.6149331380566374e+00
866456,4.1203407937791426e+03,3.6149331380566374e+00
866490,4.1203407937791426e+03,3.6149331380566374e+00
866524,4.1203407937791426e+03,3.6149331380566374e+00
866562,4.1203407937791426e+03,3.6149331380566374e+00
866596,4.1203407937791426e+03,3.6149331380566374e+00
866630,4.1203407937791426e+03,3.6149331380566374e+00
866664,4.1203407937791426e+03,3.6149331380566374e+00
866702,4.1188720057398659e+03,3.6147782964321227e+00
866736,4.1188720057398659e+03,3.6147782964321227e+00
866770,4.1188720057398659e+03,3.6147782964321227e+00
866804,4.1188720057398659e+03,3.6147782964321227e+00
866842,4.1155828526263813e+03,3.6144313490876141e+00
866876,4.1155828526263813e+03,3.6144313490876141e+00
866910,4.1155828526263813e+03,3.6144313490876141e+00
866944,4.1155828526263813e+03,3.6144313490876141e+00
866982,4.1154707656067267e+03,3.6144195210091228e+00
867016,4.1154707656067267e+03,3.6144195210091228e+00
867050,4.1154707656067267e+03,3.6144195210091228e+00
867084,4.1154707656067267e+03,3.6144195210091228e+00
867122,4.1154707656067267e+03,3.6144195210091228e+00
867156,4.1154707656067267e+03,3.6144195210091228e+00
867190,4.1154707656067267e+03,3.6144195210091228e+00
867224,4.1154707656067267e+03,3.6144195210091228e+00
867262,4.1154707656067267e+03,3.6144195210091228e+00
867296,4.1154707656067267e+03,3.6144195210091228e+00
867330,4.1154707656067267e+03,3.6144195210091228e+00
867364,4.1154707656067267e+03,3.6144195210091228e+00
867402,4.1144552949188264e+03,3.6143123479153951e+00
867436,4.1144552949188264e+03,3.6143123479153951e+00
867470,4.1144552949188264e+03,3.6143123479153951e+00
867504,4.1144552949188264e+03,3.6143123479153951e+00
867542,4.1144552949188264e+03,3.6143123479153951e+00
867576,4.1144552949188264e+03,3.6143123479153951e+00
867610,4.1144552949188264e+03,3.6143123479153951e+00
867644,4.1144552949188264e+03,3.6143123479153951e+00
867682,4.1144552949188264e+03,3.6143123479153951e+00
867716,4.1144552949188264e+03,3.6143123479153951e+00
867750,4.1144552949188264e+03,3.6143123479153951e+00
867784,4.1144552949188264e+03,3.6143123479153951e+00
867822,4.1144552949188264e+03,3.6143123479153951e+00
867856,4.1144552949188264e+03,3.6143123479153951e+00
867890,4.1144552949188264e+03,3.6143123479153951e+00
867924,4.1144552949188264e+03,3.6143123479153951e+00
867962,4.1144552949188264e+03,3.6143123479153951e+00
867996,4.1144552949188264e+03,3.6143123479153951e+00
868030,4.1144552949188264e+03,3.6143123479153951e+00
868064,4.1144552949188264e+03,3.6143123479153951e+00
868102,4.1144552949188264e+03,3.6143123479153951e+00
868136,4.1144552949188264e+03,3.6143123479153951e+00
868170,4.1144552949188264e+03,3.6143123479153951e+00
868204,4.1144552949188264e+03,3.6143123479153951e+00
868242,4.1144552949188264e+03,3.6143123479153951e+00
868276,4.1144552949188264e+03,3.6143123479153951e+00
868310,4.1144552949188264e+03,3.6143123479153951e+00
868344,4.1144552949188264e+03,3.6143123479153951e+00
868382,4.1144552949188264e+03,3.6143123479153951e+00
868416,4.1144552949188264e+03,3.6143123479153951e+00
868450,4.1144552949188264e+03,3.6143123479153951e+00
868484,4.1144552949188264e+03,3.6143123479153951e+00
868522,4.1144552949188264e+03,3.6143123479153951e+00
868556,4.1144552949188264e+03,3.6143123479153951e+00
868590,4.1144552949188264e+03,3.6143123479153951e+00
868624,4.1144552949188264e+03,3.6143123479153951e+00
868662,4.1144113923162840e+03,3.6143077138245174e+00
868696,4.1144113923162840e+03,3.6143077138245174e+00
868730,4.1144113923162840e+03,3.6143077138245174e+00
868764,4.1144113923162840e+03,3.6143077138245174e+00
868802,4.1142576038494381e+03,3.6142914804622155e+00
868836,4.1142576038494381e+03,3.6142914804622155e+00
868870,4.1142576038494381e+03,3.6142914804622155e+00
868904,4.1142576038494381e+03,3.6142914804622155e+00
868942,4.1142576038494381e+03,3.6142914804622155e+00
868976,4.1142576038494381e+03,3.6142914804622155e+00
869010,4.1142576038494381e+03,3.6142914804622155e+00
869044,4.1142576038494381e+03,3.6142914804622155e+00
869082,4.1142576038494381e+03,3.6142914804622155e+00
869116,4.1142576038494381e+03,3.6142914804622155e+00
869150,4.1142576038494381e+03,3.6142914804622155e+00
869184,4.1142576038494381e+03,3.6142914804622155e+00
869222,4.1142576038494381e+03,3.6142914804622155e+00
869256,4.1142576038494381e+03,3.6142914804622155e+00
869290,4.1142576038494381e+03,3.6142914804622155e+00
869324,4.1142576038494381e+03,3.6142914804622155e+00
869362,4.1142576038494381e+03,3.6142914804622155e+00
869396,4.1142576038494381e+03,3.6142914804622155e+00
869430,4.1142576038494381e+03,3.6142914804622155e+00
869464,4.1142576038494381e+03,3.6142914804622155e+00
869502,4.1141509834595599e+03,3.6142802256377875e+00
869536,4.1141509834595599e+03,3.6142802256377875e+00
869570,4.1141509834595599e+03,3.6142802256377875e+00
869604,4.1141509834595599e+03,3.6142802256377875e+00
869642,4.1141509834595599e+03,3.6142802256377875e+00
869676,4.1141509834595599e+03,3.6142802256377875e+00
869710,4.1141509834595599e+03,3.6142802256377875e+00
869744,4.1141509834595599e+03,3.6142802256377875e+00
869782,4.1129286824463697e+03,3.6141511789746419e+00
869816,4.1129286824463697e+03,3.6141511789746419e+00
869850,4.1129286824463697e+03,3.6141511789746419e+00
869884,4.1129286824463697e+03,3.6141511789746419e+00
869922,4.1129286824463697e+03,3.6141511789746419e+00
869956,4.1129286824463697e+03,3.6141511789746419e+00
869990,4.1129286824463697e+03,3.6141511789746419e+00
870024,4.1129286824463697e+03,3.6141511789746419e+00
870062,4.1120474039820547e+03,3.6140581125945053e+00
870096,4.1120474039820547e+03,3.6140581125945053e+00
870130,4.1120474039820547e+03,3.6140581125945053e+00
870164,4.1120474039820547e+03,3.6140581125945053e+00
870201,4.1120474039820547e+03,3.6140581125945053e+00
870234,4.1120474039820547e+03,3.6140581125945053e+00
870267,4.1120474039820547e+03,3.6140581125945053e+00
870300,4.1120474039820547e+03,3.6140581125945053e+00
870337,4.1120474039820547e+03,3.6140581125945053e+00
870370,4.1120474039820547e+03,3.6140581125945053e+00
870403,4.1120474039820547e+03,3.6140581125945053e+00
870436,4.1120474039820547e+03,3.6140581125945053e+00
870473,4.1120474039820547e+03,3.6140581125945053e+00
870506,4.1120474039820547e+03,3.6140581125945053e+00
870539,4.1120474039820547e+03,3.6140581125945053e+00
870572,4.1120474039820547e+03,3.6140581125945053e+00
870609,4.1120474039820547e+03,3.6140581125945053e+00
870642,4.1120474039820547e+03,3.6140581125945053e+00
870675,4.1120474039820547e+03,3.6140581125945053e+00
870708,4.1120474039820547e+03,3.6140581125945053e+00
870745,4.1120474039820547e+03,3.6140581125945053e+00
870778,4.1120474039820547e+03,3.6140581125945053e+00
870811,4.1120474039820547e+03,3.6140581125945053e+00
870844,4.1120474039820547e+03,3.6140581125945053e+00
870881,4.1120474039820547e+03,3.6140581125945053e+00
870914,4.1120474039820547e+03,3.6140581125945053e+00
870947,4.1120474039820547e+03,3.6140581125945053e+00
870980,4.1120474039820547e+03,3.6140581125945053e+00
871017,4.1120474039820547e+03,3.6140581125945053e+00
871050,4.1120474039820547e+03,3.6140581125945053e+00
871083,4.1120474039820547e+03,3.6140581125945053e+00
871116,4.1120474039820547e+03,3.6140581125945053e+00
871153,4.1120474039820547e+03,3.6140581125945053e+00
871186,4.1120474039820547e+03,3.6140581125945053e+00
871219,4.1120474039820547e+03,3.6140581125945053e+00
871252,4.1120474039820547e+03,3.6140581125945053e+00
871289,4.1120474039820547e+03,3.6140581125945053e+00
871322,4.1120474039820547e+03,3.6140581125945053e+00
871355,4.1120474039820547e+03,3.6140581125945053e+00
871388,4.1120474039820547e+03,3.6140581125945053e+00
871425,4.1120474039820547e+03,3.6140581125945053e+00
871458,4.1120474039820547e+03,3.6140581125945053e+00
871491,4.1120474039820547e+03,3.6140581125945053e+00
871524,4.1120474039820547e+03,3.6140581125945053e+00
871561,4.1120474039820547e+03,3.6140581125945053e+00
871594,4.1120474039820547e+03,3.6140581125945053e+00
871627,4.1120474039820547e+03,3.6140581125945053e+00
871660,4.1120474039820547e+03,3.6140581125945053e+00
871697,4.1120474039820547e+03,3.6140581125945053e+00
871730,4.1120474039820547e+03,3.6140581125945053e+00
871763,4.1120474039820547e+03,3.6140581125945053e+00
871796,4.1120474039820547e+03,3.6140581125945053e+00
871833,4.1120474039820547e+03,3.6140581125945053e+00
871866,4.1120474039820547e+03,3.6140581125945053e+00
871899,4.1120474039820547e+03,3.6140581125945053e+00
871932,4.1120474039820547e+03,3.6140581125945053e+00
871969,4.1120474039820547e+03,3.6140581125945053e+00
872002,4.1120474039820547e+03,3.6140581125945053e+00
872035,4.1120474039820547e+03,3.6140581125945053e+00
872068,4.1120474039820547e+03,3.6140581125945053e+00
872105,4.1120474039820547e+03,3.6140581125945053e+00
872138,4.1120474039820547e+03,3.6140581125945053e+00
872171,4.1120474039820547e+03,3.6140581125945053e+00
872204,4.1120474039820547e+03,3.6140581125945053e+00
872241,4.1120474039820547e+03,3.6140581125945053e+00
872274,4.1120474039820547e+03,3.6140581125945053e+00
872307,4.1120474039820547e+03,3.6140581125945053e+00
872340,4.1120474039820547e+03,3.6140581125945053e+00
872377,4.1120474039820547e+03,3.6140581125945053e+00
872410,4.1120474039820547e+03,3.6140581125945053e+00
872443,4.1120474039820547e+03,3.6140581125945053e+00
872476,4.1120474039820547e+03,3.6140581125945053e+00
872513,4.1120474039820547e+03,3.6140581125945053e+00
872546,4.1120474039820547e+03,3.6140581125945053e+00
872579,4.1120474039820547e+03,3.6140581125945053e+00
872612,4.1120474039820547e+03,3.6140581125945053e+00
872649,4.1118424099616595e+03,3.6140364615816845e+00
872682,4.1118424099616595e+03,3.6140364615816845e+00
872715,4.1118424099616595e+03,3.6140364615816845e+00
872748,4.1118424099616595e+03,3.6140364615816845e+00
872785,4.1118424099616595e+03,3.6140364615816845e+00
872818,4.1118424099616595e+03,3.6140364615816845e+00
872851,4.1118424099616595e+03,3.6140364615816845e+00
872884,4.1118424099616595e+03,3.6140364615816845e+00
872921,4.1118424099616595e+03,3.6140364615816845e+00
872954,4.1118424099616595e+03,3.6140364615816845e+00
872987,4.1118424099616595e+03,3.6140364615816845e+00
873020,4.1118424099616595e+03,3.6140364615816845e+00
873057,4.1118424099616595e+03,3.6140364615816845e+00
873090,4.1118424099616595e+03,3.6140364615816845e+00
873123,4.1118424099616595e+03,3.6140364615816845e+00
873156,4.1118424099616595e+03,3.6140364615816845e+00
873193,4.1118424099616595e+03,3.6140364615816845e+00
873226,4.1118424099616595e+03,3.6140364615816845e+00
873259,4.1118424099616595e+03,3.6140364615816845e+00
873292,4.1118424099616595e+03,3.6140364615816845e+00
873329,4.1118424099616595e+03,3.6140364615816845e+00
873362,4.1118424099616595e+03,3.6140364615816845e+00
873395,4.1118424099616595e+03,3.6140364615816845e+00
873428,4.1118424099616595e+03,3.6140364615816845e+00
873465,4.1118424099616595e+03,3.6140364615816845e+00
873498,4.1118424099616595e+03,3.6140364615816845e+00
873531,4.1118424099616595e+03,3.6140364615816845e+00
873564,4.1118424099616595e+03,3.6140364615816845e+00
873601,4.1108784833893824e+03,3.6139346393263394e+00
873634,4.1108784833893824e+03,3.6139346393263394e+00
873667,4.1108784833893824e+03,3.6139346393263394e+00
873700,4.1108784833893824e+03,3.6139346393263394e+00
873737,4.1092892942636863e+03,3.6137667167010945e+00
873770,4.1092892942636863e+03,3.6137667167010945e+00
873803,4.1092892942636863e+03,3.6137667167010945e+00
873836,4.1092892942636863e+03,3.6137667167010945e+00
873873,4.1092892942636863e+03,3.6137667167010945e+00
873906,4.1092892942636863e+03,3.6137667167010945e+00
873939,4.1092892942636863e+03,3.6137667167010945e+00
873972,4.1092892942636863e+03,3.6137667167010945e+00
874009,4.1092892942636863e+03,3.6137667167010945e+00
874042,4.1092892942636863e+03,3.6137667167010945e+00
874075,4.1092892942636863e+03,3.6137667167010945e+00
874108,4.1092892942636863e+03,3.6137667167010945e+00
874145,4.1092892942636863e+03,3.6137667167010945e+00
874178,4.1092892942636863e+03,3.6137667167010945e+00
874211,4.1092892942636863e+03,3.6137667167010945e+00
874244,4.1092892942636863e+03,3.6137667167010945e+00
874281,4.1092892942636863e+03,3.6137667167010945e+00
874314,4.1092892942636863e+03,3.6137667167010945e+00
874347,4.1092892942636863e+03,3.6137667167010945e+00
874380,4.1092892942636863e+03,3.6137667167010945e+00
874417,4.1052292858769597e+03,3.6133374184128968e+00
874450,4.1052292858769597e+03,3.6133374184128968e+00
874483,4.1052292858769597e+03,3.6133374184128968e+00
874516,4.1052292858769597e+03,3.6133374184128968e+00
874553,4.1052292858769597e+03,3.6133374184128968e+00
874586,4.1052292858769597e+03,3.6133374184128968e+00
874619,4.1052292858769597e+03,3.6133374184128968e+00
874652,4.1052292858769597e+03,3.6133374184128968e+00
874689,4.1052292858769597e+03,3.6133374184128968e+00
874722,4.1052292858769597e+03,3.6133374184128968e+00
874755,4.1052292858769597e+03,3.6133374184128968e+00
874788,4.1052292858769597e+03,3.6133374184128968e+00
874825,4.1052292858769597e+03,3.6133374184128968e+00
874858,4.1052292858769597e+03,3.6133374184128968e+00
874891,4.1052292858769597e+03,3.6133374184128968e+00
874924,4.1052292858769597e+03,3.6133374184128968e+00
874961,4.1052292858769597e+03,3.6133374184128968e+00
874994,4.1052292858769597e+03,3.6133374184128968e+00
875027,4.1052292858769597e+03,3.6133374184128968e+00
875060,4.1052292858769597e+03,3.6133374184128968e+00
875097,4.1024385399027742e+03,3.6130420834530965e+00
875130,4.1024385399027742e+03,3.6130420834530965e+00
875163,4.1024385399027742e+03,3.6130420834530965e+00
875196,4.1024385399027742e+03,3.6130420834530965e+00
875233,4.1024385399027742e+03,3.6130420834530965e+00
875266,4.1024385399027742e+03,3.6130420834530965e+00
875299,4.1024385399027742e+03,3.6130420834530965e+00
875332,4.1024385399027742e+03,3.6130420834530965e+00
875369,4.1024385399027742e+03,3.6130420834530965e+00
875402,4.1024385399027742e+03,3.6130420834530965e+00
875435,4.1024385399027742e+03,3.6130420834530965e+00
875468,4.1024385399027742e+03,3.6130420834530965e+00
875505,4.1024182935325052e+03,3.6130399401160305e+00
875538,4.1024182935325052e+03,3.6130399401160305e+00
875571,4.1024182935325052e+03,3.6130399401160305e+00
875604,4.1024182935325052e+03,3.6130399401160305e+00
875641,4.1024182935325052e+03,3.6130399401160305e+00
875674,4.1024182935325052e+03,3.6130399401160305e+00
875707,4.1024182935325052e+03,3.6130399401160305e+00
875740,4.1024182935325052e+03,3.6130399401160305e+00
875777,4.1024182935325052e+03,3.6130399401160305e+00
875810,4.1024182935325052e+03,3.6130399401160305e+00
875843,4.1024182935325052e+03,3.6130399401160305e+00
875876,4.1024182935325052e+03,3.6130399401160305e+00
875913,4.1024182935325052e+03,3.6130399401160305e+00
875946,4.1024182935325052e+03,3.6130399401160305e+00
875979,4.1024182935325052e+03,3.6130399401160305e+00
876012,4.1024182935325052e+03,3.6130399401160305e+00
876049,4.1024182935325052e+03,3.6130399401160305e+00
876082,4.1024182935325052e+03,3.6130399401160305e+00
876115,4.1024182935325052e+03,3.6130399401160305e+00
876148,4.1024182935325052e+03,3.6130399401160305e+00
876185,4.1024182935325052e+03,3.6130399401160305e+00
876218,4.1024182935325052e+03,3.6130399401160305e+00
876251,4.1024182935325052e+03,3.6130399401160305e+00
876284,4.1024182935325052e+03,3.6130399401160305e+00
876321,4.1024182935325052e+03,3.6130399401160305e+00
876354,4.1024182935325052e+03,3.6130399401160305e+00
876387,4.1024182935325052e+03,3.6130399401160305e+00
876420,4.1024182935325052e+03,3.6130399401160305e+00
876457,4.1024182935325052e+03,3.6130399401160305e+00
876490,4.1024182935325052e+03,3.6130399401160305e+00
876523,4.1024182935325052e+03,3.6130399401160305e+00
876556,4.1024182935325052e+03,3.6130399401160305e+00
876593,4.1024182935325052e+03,3.6130399401160305e+00
876626,4.1024182935325052e+03,3.6130399401160305e+00
876659,4.1024182935325052e+03,3.6130399401160305e+00
876692,4.1024182935325052e+03,3.6130399401160305e+00
876729,4.1021838489814263e+03,3.6130151203933663e+00
876762,4.1021838489814263e+03,3.6130151203933663e+00
876795,4.1021838489814263e+03,3.6130151203933663e+00
876828,4.1021838489814263e+03,3.6130151203933663e+00
876865,4.1021838489814263e+03,3.6130151203933663e+00
876898,4.1021838489814263e+03,3.6130151203933663e+00
876931,4.1021838489814263e+03,3.6130151203933663e+00
876964,4.1021838489814263e+03,3.6130151203933663e+00
877001,4.1021838489814263e+03,3.6130151203933663e+00
877034,4.1021838489814263e+03,3.6130151203933663e+00
877067,4.1021838489814263e+03,3.6130151203933663e+00
877100,4.1021838489814263e+03,3.6130151203933663e+00
877137,4.1021838489814263e+03,3.6130151203933663e+00
877170,4.1021838489814263e+03,3.6130151203933663e+00
877203,4.1021838489814263e+03,3.6130151203933663e+00
877236,4.1021838489814263e+03,3.6130151203933663e+00
877273,4.1021838489814263e+03,3.6130151203933663e+00
877306,4.1021838489814263e+03,3.6130151203933663e+00
877339,4.1021838489814263e+03,3.6130151203933663e+00
877372,4.1021838489814263e+03,3.6130151203933663e+00
877409,4.1021838489814263e+03,3.6130151203933663e+00
877442,4.1021838489814263e+03,3.6130151203933663e+00
877475,4.1021838489814263e+03,3.6130151203933663e+00
877508,4.1021838489814263e+03,3.6130151203933663e+00
877545,4.1021838489814263e+03,3.6130151203933663e+00
877578,4.1021838489814263e+03,3.6130151203933663e+00
877611,4.1021838489814263e+03,3.6130151203933663e+00
877644,4.1021838489814263e+03,3.6130151203933663e+00
877681,4.1021838489814263e+03,3.6130151203933663e+00
877714,4.1021838489814263e+03,3.6130151203933663e+00
877747,4.1021838489814263e+03,3.6130151203933663e+00
877780,4.1021838489814263e+03,3.6130151203933663e+00
877817,4.1021838489814263e+03,3.6130151203933663e+00
877850,4.1021838489814263e+03,3.6130151203933663e+00
877882,4.1021838489814263e+03,3.6130151203933663e+00
877914,4.1021838489814263e+03,3.6130151203933663e+00
877950,4.1021838489814263e+03,3.6130151203933663e+00
877982,4.1021838489814263e+03,3.6130151203933663e+00
878014,4.1021838489814263e+03,3.6130151203933663e+00
878046,4.1021838489814263e+03,3.6130151203933663e+00
878082,4.1021838489814263e+03,3.6130151203933663e+00
878114,4.1021838489814263e+03,3.6130151203933663e+00
878146,4.1021838489814263e+03,3.6130151203933663e+00
878178,4.1021838489814263e+03,3.6130151203933663e+00
878214,4.1021838489814263e+03,3.6130151203933663e+00
878246,4.1021838489814263e+03,3.6130151203933663e+00
878278,4.1021838489814263e+03,3.6130151203933663e+00
878310,4.1021838489814263e+03,3.6130151203933663e+00
878346,4.1021838489814263e+03,3.6130151203933663e+00
878378,4.1021838489814263e+03,3.6130151203933663e+00
878410,4.1021838489814263e+03,3.6130151203933663e+00
878442,4.1021838489814263e+03,3.6130151203933663e+00
878478,4.1021838489814263e+03,3.6130151203933663e+00
878510,4.1021838489814263e+03,3.6130151203933663e+00
878542,4.1021838489814263e+03,3.6130151203933663e+00
878574,4.1021838489814263e+03,3.6130151203933663e+00
878610,4.1021838489814263e+03,3.6130151203933663e+00
878642,4.1021838489814263e+03,3.6130151203933663e+00
878674,4.1021838489814263e+03,3.6130151203933663e+00
878706,4.1021838489814263e+03,3.6130151203933663e+00
878742,4.1019945444279901e+03,3.6129950784296181e+00
878774,4.1019945444279901e+03,3.6129950784296181e+00
878806,4.1019945444279901e+03,3.6129950784296181e+00
878838,4.1019945444279901e+03,3.6129950784296181e+00
878874,4.1019945444279901e+03,3.6129950784296181e+00
878906,4.1019945444279901e+03,3.6129950784296181e+00
878938,4.1019945444279901e+03,3.6129950784296181e+00
878970,4.1019945444279901e+03,3.6129950784296181e+00
879006,4.1019945444279901e+03,3.6129950784296181e+00
879038,4.1019945444279901e+03,3.6129950784296181e+00
879070,4.1019945444279901e+03,3.6129950784296181e+00
879102,4.1019945444279901e+03,3.6129950784296181e+00
879138,4.1019945444279901e+03,3.6129950784296181e+00
879170,4.1019945444279901e+03,3.6129950784296181e+00
879202,4.1019945444279901e+03,3.6129950784296181e+00
879234,4.1019945444279901e+03,3.6129950784296181e+00
879270,4.1019945444279901e+03,3.6129950784296181e+00
879302,4.1019945444279901e+03,3.6129950784296181e+00
879334,4.1019945444279901e+03,3.6129950784296181e+00
879366,4.1019945444279901e+03,3.6129950784296181e+00
879402,4.1019945444279901e+03,3.6129950784296181e+00
879434,4.1019945444279901e+03,3.6129950784296181e+00
879466,4.1019945444279901e+03,3.6129950784296181e+00
879498,4.1019945444279901e+03,3.6129950784296181e+00
879534,4.1019945444279901e+03,3.6129950784296181e+00
879566,4.1019945444279901e+03,3.6129950784296181e+00
879598,4.1019945444279901e+03,3.6129950784296181e+00
879630,4.1019945444279901e+03,3.6129950784296181e+00
879666,4.1019945444279901e+03,3.6129950784296181e+00
879698,4.1019945444279901e+03,3.6129950784296181e+00
879730,4.1019945444279901e+03,3.6129950784296181e+00
879762,4.1019945444279901e+03,3.6129950784296181e+00
879798,4.1019945444279901e+03,3.6129950784296181e+00
879830,4.1019945444279901e+03,3.6129950784296181e+00
879862,4.1019945444279901e+03,3.6129950784296181e+00
879894,4.1019945444279901e+03,3.6129950784296181e+00
879930,4.1019945444279901e+03,3.6129950784296181e+00
879962,4.1019945444279901e+03,3.6129950784296181e+00
879994,4.1019945444279901e+03,3.6129950784296181e+00
880026,4.1019945444279901e+03,3.6129950784296181e+00
880062,4.1008431994224702e+03,3.6128731638430907e+00
880094,4.1008431994224702e+03,3.6128731638430907e+00
880126,4.1008431994224702e+03,3.6128731638430907e+00
880158,4.1008431994224702e+03,3.6128731638430907e+00
880194,4.0970095313794427e+03,3.6124669743072264e+00
880226,4.0970095313794427e+03,3.6124669743072264e+00
880258,4.0970095313794427e+03,3.6124669743072264e+00
880290,4.0970095313794427e+03,3.6124669743072264e+00
880326,4.0970095313794427e+03,3.6124669743072264e+00
880358,4.0970095313794427e+03,3.6124669743072264e+00
880390,4.0970095313794427e+03,3.6124669743072264e+00
880422,4.0970095313794427e+03,3.6124669743072264e+00
880458,4.0970095313794427e+03,3.6124669743072264e+00
880490,4.0970095313794427e+03,3.6124669743072264e+00
880522,4.0970095313794427e+03,3.6124669743072264e+00
880554,4.0970095313794427e+03,3.6124669743072264e+00
880590,4.0967203494805635e+03,3.6124363191343494e+00
880622,4.0967203494805635e+03,3.6124363191343494e+00
880654,4.0967203494805635e+03,3.6124363191343494e+00
880686,4.0967203494805635e+03,3.6124363191343494e+00
880722,4.0932805961962181e+03,3.6120715167446438e+00
880754,4.0932805961962181e+03,3.6120715167446438e+00
880786,4.0932805961962181e+03,3.6120715167446438e+00
880818,4.0932805961962181e+03,3.6120715167446438e+00
880854,4.0932805961962181e+03,3.6120715167446438e+00
880886,4.0932805961962181e+03,3.6120715167446438e+00
880918,4.0932805961962181e+03,3.6120715167446438e+00
880950,4.0932805961962181e+03,3.6120715167446438e+00
880986,4.0932805961962181e+03,3.6120715167446438e+00
881018,4.0932805961962181e+03,3.6120715167446438e+00
881050,4.0932805961962181e+03,3.6120715167446438e+00
881082,4.0932805961962181e+03,3.6120715167446438e+00
881118,4.0905230705922459e+03,3.6117788464295693e+00
881150,4.0905230705922459e+03,3.6117788464295693e+00
881182,4.0905230705922459e+03,3.6117788464295693e+00
881214,4.0905230705922459e+03,3.6117788464295693e+00
881250,4.0905230705922459e+03,3.6117788464295693e+00
881282,4.0905230705922459e+03,3.6117788464295693e+00
881314,4.0905230705922459e+03,3.6117788464295693e+00
881346,4.0905230705922459e+03,3.6117788464295693e+00
881382,4.0905230705922459e+03,3.6117788464295693e+00
881414,4.0905230705922459e+03,3.6117788464295693e+00
881446,4.0905230705922459e+03,3.6117788464295693e+00
881478,4.0905230705922459e+03,3.6117788464295693e+00
881514,4.0905230705922459e+03,3.6117788464295693e+00
881546,4.0905230705922459e+03,3.6117788464295693e+00
881578,4.0905230705922459e+03,3.6117788464295693e+00
881610,4.0905230705922459e+03,3.6117788464295693e+00
881646,4.0905230705922459e+03,3.6117788464295693e+00
881678,4.0905230705922459e+03,3.6117788464295693e+00
881710,4.0905230705922459e+03,3.6117788464295693e+00
881742,4.0905230705922459e+03,3.6117788464295693e+00
881778,4.0905230705922459e+03,3.6117788464295693e+00
881810,4.0905230705922459e+03,3.6117788464295693e+00
881842,4.0905230705922459e+03,3.6117788464295693e+00
881874,4.0905230705922459e+03,3.6117788464295693e+00
881910,4.0905230705922459e+03,3.6117788464295693e+00
881942,4.0905230705922459e+03,3.6117788464295693e+00
881974,4.0905230705922459e+03,3.6117788464295693e+00
882006,4.0905230705922459e+03,3.6117788464295693e+00
882042,4.0905230705922459e+03,3.6117788464295693e+00
882074,4.0905230705922459e+03,3.6117788464295693e+00
882106,4.0905230705922459e+03,3.6117788464295693e+00
882138,4.0905230705922459e+03,3.6117788464295693e+00
882174,4.0905230705922459e+03,3.6117788464295693e+00
882206,4.0905230705922459e+03,3.6117788464295693e+00
882238,4.0905230705922459e+03,3.6117788464295693e+00
882270,4.0905230705922459e+03,3.6117788464295693e+00
882306,4.0905230705922459e+03,3.6117788464295693e+00
882338,4.0905230705922459e+03,3.6117788464295693e+00
882370,4.0905230705922459e+03,3.6117788464295693e+00
882402,4.0905230705922459e+03,3.6117788464295693e+00
882438,4.0905230705922459e+03,3.6117788464295693e+00
882470,4.0905230705922459e+03,3.6117788464295693e+00
882502,4.0905230705922459e+03,3.6117788464295693e+00
882534,4.0905230705922459e+03,3.6117788464295693e+00
882570,4.0905230705922459e+03,3.6117788464295693e+00
882602,4.0905230705922459e+03,3.6117788464295693e+00
882634,4.0905230705922459e+03,3.6117788464295693e+00
882666,4.0905230705922459e+03,3.6117788464295693e+00
882702,4.0905230705922459e+03,3.6117788464295693e+00
882734,4.0905230705922459e+03,3.6117788464295693e+00
882766,4.0905230705922459e+03,3.6117788464295693e+00
882798,4.0905230705922459e+03,3.6117788464295693e+00
882834,4.0905230705922459e+03,3.6117788464295693e+00
882866,4.0905230705922459e+03,3.6117788464295693e+00
882898,4.0905230705922459e+03,3.6117788464295693e+00
882930,4.0905230705922459e+03,3.6117788464295693e+00
882966,4.0905230705922459e+03,3.6117788464295693e+00
882998,4.0905230705922459e+03,3.6117788464295693e+00
883030,4.0905230705922459e+03,3.6117788464295693e+00
883062,4.0905230705922459e+03,3.6117788464295693e+00
883098,4.0905230705922459e+03,3.6117788464295693e+00
883130,4.0905230705922459e+03,3.6117788464295693e+00
883162,4.0905230705922459e+03,3.6117788464295693e+00
883194,4.0905230705922459e+03,3.6117788464295693e+00
883230,4.0905230705922459e+03,3.6117788464295693e+00
883262,4.0905230705922459e+03,3.6117788464295693e+00
883294,4.0905230705922459e+03,3.6117788464295693e+00
883326,4.0905230705922459e+03,3.6117788464295693e+00
883362,4.0905230705922459e+03,3.6117788464295693e+00
883394,4.0905230705922459e+03,3.6117788464295693e+00
883426,4.0905230705922459e+03,3.6117788464295693e+00
883458,4.0905230705922459e+03,3.6117788464295693e+00
883494,4.0905230705922459e+03,3.6117788464295693e+00
883526,4.0905230705922459e+03,3.6117788464295693e+00
883558,4.0905230705922459e+03,3.6117788464295693e+00
883590,4.0905230705922459e+03,3.6117788464295693e+00
883626,4.0905230705922459e+03,3.6117788464295693e+00
883658,4.0905230705922459e+03,3.6117788464295693e+00
883690,4.0905230705922459e+03,3.6117788464295693e+00
883722,4.0905230705922459e+03,3.6117788464295693e+00
883758,4.0905230705922459e+03,3.6117788464295693e+00
883790,4.0905230705922459e+03,3.6117788464295693e+00
883822,4.0905230705922459e+03,3.6117788464295693e+00
883854,4.0905230705922459e+03,3.6117788464295693e+00
883890,4.0905230705922459e+03,3.6117788464295693e+00
883922,4.0905230705922459e+03,3.6117788464295693e+00
883954,4.0905230705922459e+03,3.6117788464295693e+00
883986,4.0905230705922459e+03,3.6117788464295693e+00
884022,4.0905230705922459e+03,3.6117788464295693e+00
884054,4.0905230705922459e+03,3.6117788464295693e+00
884086,4.0905230705922459e+03,3.6117788464295693e+00
884118,4.0905230705922459e+03,3.6117788464295693e+00
884154,4.0905230705922459e+03,3.6117788464295693e+00
884186,4.0905230705922459e+03,3.6117788464295693e+00
884218,4.0905230705922459e+03,3.6117788464295693e+00
884250,4.0905230705922459e+03,3.6117788464295693e+00
884286,4.0905230705922459e+03,3.6117788464295693e+00
884318,4.0905230705922459e+03,3.6117788464295693e+00
884350,4.0905230705922459e+03,3.6117788464295693e+00
884382,4.0905230705922459e+03,3.6117788464295693e+00
884418,4.0905230705922459e+03,3.6117788464295693e+00
884450,4.0905230705922459e+03,3.6117788464295693e+00
884482,4.0905230705922459e+03,3.6117788464295693e+00
884514,4.0905230705922459e+03,3.6117788464295693e+00
884550,4.0905230705922459e+03,3.6117788464295693e+00
884582,4.0905230705922459e+03,3.6117788464295693e+00
884614,4.0905230705922459e+03,3.6117788464295693e+00
884646,4.0905230705922459e+03,3.6117788464295693e+00
884682,4.0905123562561730e+03,3.6117777088774647e+00
884714,4.0905123562561730e+03,3.6117777088774647e+00
884746,4.0905123562561730e+03,3.6117777088774647e+00
884778,4.0905123562561730e+03,3.6117777088774647e+00
884814,4.0905123562561730e+03,3.6117777088774647e+00
884846,4.0905123562561730e+03,3.6117777088774647e+00
884878,4.0905123562561730e+03,3.6117777088774647e+00
884910,4.0905123562561730e+03,3.6117777088774647e+00
884946,4.0905123562561730e+03,3.6117777088774647e+00
884978,4.0905123562561730e+03,3.6117777088774647e+00
885010,4.0905123562561730e+03,3.6117777088774647e+00
885042,4.0905123562561730e+03,3.6117777088774647e+00
885078,4.0905123562561730e+03,3.6117777088774647e+00
885110,4.0905123562561730e+03,3.6117777088774647e+00
885142,4.0905123562561730e+03,3.6117777088774647e+00
885174,4.0905123562561730e+03,3.6117777088774647e+00
885210,4.0905123562561730e+03,3.6117777088774647e+00
885242,4.0905123562561730e+03,3.6117777088774647e+00
885274,4.0905123562561730e+03,3.6117777088774647e+00
885306,4.0905123562561730e+03,3.6117777088774647e+00
885342,4.0905123562561730e+03,3.6117777088774647e+00
885374,4.0905123562561730e+03,3.6117777088774647e+00
885406,4.0905123562561730e+03,3.6117777088774647e+00
885438,4.0905123562561730e+03,3.6117777088774647e+00
885474,4.0904826268240540e+03,3.6117745524574092e+00
885506,4.0904826268240540e+03,3.6117745524574092e+00
885538,4.0904826268240540e+03,3.6117745524574092e+00
885570,4.0904826268240540e+03,3.6117745524574092e+00
885606,4.0904826268240540e+03,3.6117745524574092e+00
885638,4.0904826268240540e+03,3.6117745524574092e+00
885670,4.0904826268240540e+03,3.6117745524574092e+00
885702,4.0904826268240540e+03,3.6117745524574092e+00
885738,4.0904826268240540e+03,3.6117745524574092e+00
885770,4.0904826268240540e+03,3.6117745524574092e+00
885802,4.0904826268240540e+03,3.6117745524574092e+00
885834,4.0904826268240540e+03,3.6117745524574092e+00
885870,4.0904826268240540e+03,3.6117745524574092e+00
885902,4.0904826268240540e+03,3.6117745524574092e+00
885934,4.0904826268240540e+03,3.6117745524574092e+00
885966,4.0904826268240540e+03,3.6117745524574092e+00
886002,4.0904826268240540e+03,3.6117745524574092e+00
886034,4.0904826268240540e+03,3.6117745524574092e+00
886066,4.0904826268240540e+03,3.6117745524574092e+00
886098,4.0904826268240540e+03,3.6117745524574092e+00
886133,4.0904826268240540e+03,3.6117745524574092e+00
886164,4.0904826268240540e+03,3.6117745524574092e+00
886195,4.0904826268240540e+03,3.6117745524574092e+00
886226,4.0904826268240540e+03,3.6117745524574092e+00
886261,4.0904826268240540e+03,3.6117745524574092e+00
886292,4.0904826268240540e+03,3.6117745524574092e+00
886323,4.0904826268240540e+03,3.6117745524574092e+00
886354,4.0904826268240540e+03,3.6117745524574092e+00
886389,4.0904826268240540e+03,3.6117745524574092e+00
886420,4.0904826268240540e+03,3.6117745524574092e+00
886451,4.0904826268240540e+03,3.6117745524574092e+00
886482,4.0904826268240540e+03,3.6117745524574092e+00
886517,4.0886642650163772e+03,3.6115814505306112e+00
886548,4.0886642650163772e+03,3.6115814505306112e+00
886579,4.0886642650163772e+03,3.6115814505306112e+00
886610,4.0886642650163772e+03,3.6115814505306112e+00
886645,4.0886642650163772e+03,3.6115814505306112e+00
886676,4.0886642650163772e+03,3.6115814505306112e+00
886707,4.0886642650163772e+03,3.6115814505306112e+00
886738,4.0886642650163772e+03,3.6115814505306112e+00
886773,4.0886642650163772e+03,3.6115814505306112e+00
886804,4.0886642650163772e+03,3.6115814505306112e+00
886835,4.0886642650163772e+03,3.6115814505306112e+00
886866,4.0886642650163772e+03,3.6115814505306112e+00
886901,4.0886642650163772e+03,3.6115814505306112e+00
886932,4.0886642650163772e+03,3.6115814505306112e+00
886963,4.0886642650163772e+03,3.6115814505306112e+00
886994,4.0886642650163772e+03,3.6115814505306112e+00
887029,4.0886642650163772e+03,3.6115814505306112e+00
887060,4.0886642650163772e+03,3.6115814505306112e+00
887091,4.0886642650163772e+03,3.6115814505306112e+00
887122,4.0886642650163772e+03,3.6115814505306112e+00
887157,4.0886642650163772e+03,3.6115814505306112e+00
887188,4.0886642650163772e+03,3.6115814505306112e+00
887219,4.0886642650163772e+03,3.6115814505306112e+00
887250,4.0886642650163772e+03,3.6115814505306112e+00
887285,4.0881961703910611e+03,3.6115317270665481e+00
887316,4.0881961703910611e+03,3.6115317270665481e+00
887347,4.0881961703910611e+03,3.6115317270665481e+00
887378,4.0881961703910611e+03,3.6115317270665481e+00
887413,4.0881961703910611e+03,3.6115317270665481e+00
887444,4.0881961703910611e+03,3.6115317270665481e+00
887475,4.0881961703910611e+03,3.6115317270665481e+00
887506,4.0881961703910611e+03,3.6115317270665481e+00
887541,4.0875976448816250e+03,3.6114681402559303e+00
887572,4.0875976448816250e+03,3.6114681402559303e+00
887603,4.0875976448816250e+03,3.6114681402559303e+00
887634,4.0875976448816250e+03,3.6114681402559303e+00
887669,4.0875976448816250e+03,3.6114681402559303e+00
887700,4.0875976448816250e+03,3.6114681402559303e+00
887731,4.0875976448816250e+03,3.6114681402559303e+00
887762,4.0875976448816250e+03,3.6114681402559303e+00
887797,4.0875976448816250e+03,3.6114681402559303e+00
887828,4.0875976448816250e+03,3.6114681402559303e+00
887859,4.0875976448816250e+03,3.6114681402559303e+00
887890,4.0875976448816250e+03,3.6114681402559303e+00
887925,4.0875976448816250e+03,3.6114681402559303e+00
887956,4.0875976448816250e+03,3.6114681402559303e+00
887987,4.0875976448816250e+03,3.6114681402559303e+00
888018,4.0875976448816250e+03,3.6114681402559303e+00
888053,4.0875976448816250e+03,3.6114681402559303e+00
888084,4.0875976448816250e+03,3.6114681402559303e+00
888115,4.0875976448816250e+03,3.6114681402559303e+00
888146,4.0875976448816250e+03,3.6114681402559303e+00
888181,4.0875976448816250e+03,3.6114681402559303e+00
888212,4.0875976448816250e+03,3.6114681402559303e+00
888243,4.0875976448816250e+03,3.6114681402559303e+00
888274,4.0875976448816250e+03,3.6114681402559303e+00
888309,4.0875976448816250e+03,3.6114681402559303e+00
888340,4.0875976448816250e+03,3.6114681402559303e+00
888371,4.0875976448816250e+03,3.6114681402559303e+00
888402,4.0875976448816250e+03,3.6114681402559303e+00
888437,4.0875976448816250e+03,3.6114681402559303e+00
888468,4.0875976448816250e+03,3.6114681402559303e+00
888499,4.0875976448816250e+03,3.6114681402559303e+00
888530,4.0875976448816250e+03,3.6114681402559303e+00
888565,4.0875436327197049e+03,3.6114624015945220e+00
888596,4.0875436327197049e+03,3.6114624015945220e+00
888627,4.0875436327197049e+03,3.6114624015945220e+00
888658,4.0875436327197049e+03,3.6114624015945220e+00
888693,4.0875436327197049e+03,3.6114624015945220e+00
888724,4.0875436327197049e+03,3.6114624015945220e+00
888755,4.0875436327197049e+03,3.6114624015945220e+00
888786,4.0875436327197049e+03,3.6114624015945220e+00
888821,4.0874509228897605e+03,3.6114525512228086e+00
888852,4.0874509228897605e+03,3.6114525512228086e+00
888883,4.0874509228897605e+03,3.6114525512228086e+00
888914,4.0874509228897605e+03,3.6114525512228086e+00
888949,4.0874509228897605e+03,3.6114525512228086e+00
888980,4.0874509228897605e+03,3.6114525512228086e+00
889011,4.0874509228897605e+03,3.6114525512228086e+00
889042,4.0874509228897605e+03,3.6114525512228086e+00
889077,4.0874509228897605e+03,3.6114525512228086e+00
889108,4.0874509228897605e+03,3.6114525512228086e+00
889139,4.0874509228897605e+03,3.6114525512228086e+00
889170,4.0874509228897605e+03,3.6114525512228086e+00
889205,4.0868475490590081e+03,3.6113884376045950e+00
889236,4.0868475490590081e+03,3.6113884376045950e+00
889267,4.0868475490590081e+03,3.6113884376045950e+00
889298,4.0868475490590081e+03,3.6113884376045950e+00
889333,4.0867937677542068e+03,3.6113827224225852e+00
889364,4.0867937677542068e+03,3.6113827224225852e+00
889395,4.0867937677542068e+03,3.6113827224225852e+00
889426,4.0867937677542068e+03,3.6113827224225852e+00
889461,4.0867937677542068e+03,3.6113827224225852e+00
889492,4.0867937677542068e+03,3.6113827224225852e+00
889523,4.0867937677542068e+03,3.6113827224225852e+00
889554,4.0867937677542068e+03,3.6113827224225852e+00
889589,4.0867937677542068e+03,3.6113827224225852e+00
889620,4.0867937677542068e+03,3.6113827224225852e+00
889651,4.0867937677542068e+03,3.6113827224225852e+00
889682,4.0867937677542068e+03,3.6113827224225852e+00
889717,4.0867937677542068e+03,3.6113827224225852e+00
889748,4.0867937677542068e+03,3.6113827224225852e+00
889779,4.0867937677542068e+03,3.6113827224225852e+00
889810,4.0867937677542068e+03,3.6113827224225852e+00
889845,4.0867937677542068e+03,3.6113827224225852e+00
889876,4.0867937677542068e+03,3.6113827224225852e+00
889907,4.0867937677542068e+03,3.6113827224225852e+00
889938,4.0867937677542068e+03,3.6113827224225852e+00
889973,4.0867937677542068e+03,3.6113827224225852e+00
890004,4.0867937677542068e+03,3.6113827224225852e+00
890035,4.0867937677542068e+03,3.6113827224225852e+00
890066,4.0867937677542068e+03,3.6113827224225852e+00
890101,4.0867937677542068e+03,3.6113827224225852e+00
890132,4.0867937677542068e+03,3.6113827224225852e+00
890163,4.0867937677542068e+03,3.6113827224225852e+00
890194,4.0867937677542068e+03,3.6113827224225852e+00
890229,4.0865215836484840e+03,3.6113537970599534e+00
890260,4.0865215836484840e+03,3.6113537970599534e+00
890291,4.0865215836484840e+03,3.6113537970599534e+00
890322,4.0865215836484840e+03,3.6113537970599534e+00
890357,4.0865215836484840e+03,3.6113537970599534e+00
890388,4.0865215836484840e+03,3.6113537970599534e+00
890419,4.0865215836484840e+03,3.6113537970599534e+00
890450,4.0865215836484840e+03,3.6113537970599534e+00
890485,4.0865215836484840e+03,3.6113537970599534e+00
890516,4.0865215836484840e+03,3.6113537970599534e+00
890547,4.0865215836484840e+03,3.6113537970599534e+00
890578,4.0865215836484840e+03,3.6113537970599534e+00
890613,4.0865215836484840e+03,3.6113537970599534e+00
890644,4.0865215836484840e+03,3.6113537970599534e+00
890675,4.0865215836484840e+03,3.6113537970599534e+00
890706,4.0865215836484840e+03,3.6113537970599534e+00
890741,4.0865215836484840e+03,3.6113537970599534e+00
890772,4.0865215836484840e+03,3.6113537970599534e+00
890803,4.0865215836484840e+03,3.6113537970599534e+00
890834,4.0865215836484840e+03,3.6113537970599534e+00
890869,4.0865215836484840e+03,3.6113537970599534e+00
890900,4.0865215836484840e+03,3.6113537970599534e+00
890931,4.0865215836484840e+03,3.6113537970599534e+00
890962,4.0865215836484840e+03,3.6113537970599534e+00
890997,4.0864840155989195e+03,3.6113498045026442e+00
891028,4.0864840155989195e+03,3.6113498045026442e+00
891059,4.0864840155989195e+03,3.6113498045026442e+00
891090,4.0864840155989195e+03,3.6113498045026442e+00
891125,4.0864840155989195e+03,3.6113498045026442e+00
891156,4.0864840155989195e+03,3.6113498045026442e+00
891187,4.0864840155989195e+03,3.6113498045026442e+00
891218,4.0864840155989195e+03,3.6113498045026442e+00
891253,4.0864840155989195e+03,3.6113498045026442e+00
891284,4.0864840155989195e+03,3.6113498045026442e+00
891315,4.0864840155989195e+03,3.6113498045026442e+00
891346,4.0864840155989195e+03,3.6113498045026442e+00
891381,4.0864840155989195e+03,3.6113498045026442e+00
891412,4.0864840155989195e+03,3.6113498045026442e+00
891443,4.0864840155989195e+03,3.6113498045026442e+00
891474,4.0864840155989195e+03,3.6113498045026442e+00
891509,4.0864840155989195e+03,3.6113498045026442e+00
891540,4.0864840155989195e+03,3.6113498045026442e+00
891571,4.0864840155989195e+03,3.6113498045026442e+00
891602,4.0864840155989195e+03,3.6113498045026442e+00
891637,4.0864840155989195e+03,3.6113498045026442e+00
891668,4.0864840155989195e+03,3.6113498045026442e+00
891699,4.0864840155989195e+03,3.6113498045026442e+00
891730,4.0864840155989195e+03,3.6113498045026442e+00
891765,4.0864840155989195e+03,3.6113498045026442e+00
891796,4.0864840155989195e+03,3.6113498045026442e+00
891827,4.0864840155989195e+03,3.6113498045026442e+00
891858,4.0864840155989195e+03,3.6113498045026442e+00
891893,4.0864840155989195e+03,3.6113498045026442e+00
891924,4.0864840155989195e+03,3.6113498045026442e+00
891955,4.0864840155989195e+03,3.6113498045026442e+00
891986,4.0864840155989195e+03,3.6113498045026442e+00
892021,4.0864840155989195e+03,3.6113498045026442e+00
892052,4.0864840155989195e+03,3.6113498045026442e+00
892083,4.0864840155989195e+03,3.6113498045026442e+00
892114,4.0864840155989195e+03,3.6113498045026442e+00
892149,4.0864840155989195e+03,3.6113498045026442e+00
892180,4.0864840155989195e+03,3.6113498045026442e+00
892211,4.0864840155989195e+03,3.6113498045026442e+00
892242,4.0864840155989195e+03,3.6113498045026442e+00
892277,4.0864840155989195e+03,3.6113498045026442e+00
892308,4.0864840155989195e+03,3.6113498045026442e+00
892339,4.0864840155989195e+03,3.6113498045026442e+00
892370,4.0864840155989195e+03,3.6113498045026442e+00
892405,4.0864840155989195e+03,3.6113498045026442e+00
892436,4.0864840155989195e+03,3.6113498045026442e+00
892467,4.0864840155989195e+03,3.6113498045026442e+00
892498,4.0864840155989195e+03,3.6113498045026442e+00
892533,4.0860856158607921e+03,3.6113074621756160e+00
892564,4.0860856158607921e+03,3.6113074621756160e+00
892595,4.0860856158607921e+03,3.6113074621756160e+00
892626,4.0860856158607921e+03,3.6113074621756160e+00
892661,4.0860856158607921e+03,3.6113074621756160e+00
892692,4.0860856158607921e+03,3.6113074621756160e+00
892723,4.0860856158607921e+03,3.6113074621756160e+00
892754,4.0860856158607921e+03,3.6113074621756160e+00
892789,4.0860856158607921e+03,3.6113074621756160e+00
892820,4.0860856158607921e+03,3.6113074621756160e+00
892851,4.0860856158607921e+03,3.6113074621756160e+00
892882,4.0860856158607921e+03,3.6113074621756160e+00
892917,4.0859834745259091e+03,3.6112966058263551e+00
892948,4.0859834745259091e+03,3.6112966058263551e+00
892979,4.0859834745259091e+03,3.6112966058263551e+00
893010,4.0859834745259091e+03,3.6112966058263551e+00
893045,4.0859834745259091e+03,3.6112966058263551e+00
893076,4.0859834745259091e+03,3.6112966058263551e+00
893107,4.0859834745259091e+03,3.6112966058263551e+00
893138,4.0859834745259091e+03,3.6112966058263551e+00
893173,4.0859834745259091e+03,3.6112966058263551e+00
893204,4.0859834745259091e+03,3.6112966058263551e+00
893235,4.0859834745259091e+03,3.6112966058263551e+00
893266,4.0859834745259091e+03,3.6112966058263551e+00
893301,4.0859834745259091e+03,3.6112966058263551e+00
893332,4.0859834745259091e+03,3.6112966058263551e+00
893363,4.0859834745259091e+03,3.6112966058263551e+00
893394,4.0859834745259091e+03,3.6112966058263551e+00
893429,4.0859834745259091e+03,3.6112966058263551e+00
893460,4.0859834745259091e+03,3.6112966058263551e+00
893491,4.0859834745259091e+03,3.6112966058263551e+00
893522,4.0859834745259091e+03,3.6112966058263551e+00
893557,4.0859834745259091e+03,3.6112966058263551e+00
893588,4.0859834745259091e+03,3.6112966058263551e+00
893619,4.0859834745259091e+03,3.6112966058263551e+00
893650,4.0859834745259091e+03,3.6112966058263551e+00
893685,4.0859834745259091e+03,3.6112966058263551e+00
893716,4.0859834745259091e+03,3.6112966058263551e+00
893747,4.0859834745259091e+03,3.6112966058263551e+00
893778,4.0859834745259091e+03,3.6112966058263551e+00
893813,4.0859834745259091e+03,3.6112966058263551e+00
893844,4.0859834745259091e+03,3.6112966058263551e+00
893875,4.0859834745259091e+03,3.6112966058263551e+00
893906,4.0859834745259091e+03,3.6112966058263551e+00
893941,4.0859834745259091e+03,3.6112966058263551e+00
893972,4.0859834745259091e+03,3.6112966058263551e+00
894003,4.0859834745259091e+03,3.6112966058263551e+00
894034,4.0859834745259091e+03,3.6112966058263551e+00
894069,4.0859834745259091e+03,3.6112966058263551e+00
894100,4.0859834745259091e+03,3.6112966058263551e+00
894131,4.0859834745259091e+03,3.6112966058263551e+00
894162,4.0859834745259091e+03,3.6112966058263551e+00
894197,4.0859382761338475e+03,3.6112918017147000e+00
894228,4.0859382761338475e+03,3.6112918017147000e+00
894259,4.0859382761338475e+03,3.6112918017147000e+00
894290,4.0859382761338475e+03,3.6112918017147000e+00
894325,4.0859382761338475e+03,3.6112918017147000e+00
894356,4.0859382761338475e+03,3.6112918017147000e+00
894387,4.0859382761338475e+03,3.6112918017147000e+00
894418,4.0859382761338475e+03,3.6112918017147000e+00
894453,4.0859382761338475e+03,3.6112918017147000e+00
894484,4.0859382761338475e+03,3.6112918017147000e+00
894515,4.0859382761338475e+03,3.6112918017147000e+00
894546,4.0859382761338475e+03,3.6112918017147000e+00
894581,4.0859382761338475e+03,3.6112918017147000e+00
894612,4.0859382761338475e+03,3.6112918017147000e+00
894643,4.0859382761338475e+03,3.6112918017147000e+00
894674,4.0859382761338475e+03,3.6112918017147000e+00
894709,4.0859382761338475e+03,3.6112918017147000e+00
894740,4.0859382761338475e+03,3.6112918017147000e+00
894771,4.0859382761338475e+03,3.6112918017147000e+00
894802,4.0859382761338475e+03,3.6112918017147000e+00
894837,4.0859382761338475e+03,3.6112918017147000e+00
894868,4.0859382761338475e+03,3.6112918017147000e+00
894899,4.0859382761338475e+03,3.6112918017147000e+00
894930,4.0859382761338475e+03,3.6112918017147000e+00
894965,4.0858750141537721e+03,3.6112850775451952e+00
894996,4.0858750141537721e+03,3.6112850775451952e+00
895027,4.0858750141537721e+03,3.6112850775451952e+00
895057,4.0858750141537721e+03,3.6112850775451952e+00
895091,4.0858750141537721e+03,3.6112850775451952e+00
895121,4.0858750141537721e+03,3.6112850775451952e+00
895151,4.0858750141537721e+03,3.6112850775451952e+00
895181,4.0858750141537721e+03,3.6112850775451952e+00
895215,4.0858750141537721e+03,3.6112850775451952e+00
895245,4.0858750141537721e+03,3.6112850775451952e+00
895275,4.0858750141537721e+03,3.6112850775451952e+00
895305,4.0858750141537721e+03,3.6112850775451952e+00
895339,4.0858750141537721e+03,3.6112850775451952e+00
895369,4.0858750141537721e+03,3.6112850775451952e+00
895399,4.0858750141537721e+03,3.6112850775451952e+00
895429,4.0858750141537721e+03,3.6112850775451952e+00
895463,4.0858750141537721e+03,3.6112850775451952e+00
895493,4.0858750141537721e+03,3.6112850775451952e+00
895523,4.0858750141537721e+03,3.6112850775451952e+00
895553,4.0858750141537721e+03,3.6112850775451952e+00
895587,4.0858750141537721e+03,3.6112850775451952e+00
895617,4.0858750141537721e+03,3.6112850775451952e+00
895647,4.0858750141537721e+03,3.6112850775451952e+00
895677,4.0858750141537721e+03,3.6112850775451952e+00
895711,4.0858750141537721e+03,3.6112850775451952e+00
895741,4.0858750141537721e+03,3.6112850775451952e+00
895771,4.0858750141537721e+03,3.6112850775451952e+00
895801,4.0858750141537721e+03,3.6112850775451952e+00
895835,4.0858750141537721e+03,3.6112850775451952e+00
895865,4.0858750141537721e+03,3.6112850775451952e+00
895895,4.0858750141537721e+03,3.6112850775451952e+00
895925,4.0858750141537721e+03,3.6112850775451952e+00
895959,4.0858750141537721e+03,3.6112850775451952e+00
895989,4.0858750141537721e+03,3.6112850775451952e+00
896019,4.0858750141537721e+03,3.6112850775451952e+00
896049,4.0858750141537721e+03,3.6112850775451952e+00
896083,4.0839871138244525e+03,3.6110843630907388e+00
896113,4.0839871138244525e+03,3.6110843630907388e+00
896143,4.0839871138244525e+03,3.6110843630907388e+00
896173,4.0839871138244525e+03,3.6110843630907388e+00
896207,4.0839871138244525e+03,3.6110843630907388e+00
896237,4.0839871138244525e+03,3.6110843630907388e+00
896267,4.0839871138244525e+03,3.6110843630907388e+00
896297,4.0839871138244525e+03,3.6110843630907388e+00
896331,4.0820807032897701e+03,3.6108815865258026e+00
896361,4.0820807032897701e+03,3.6108815865258026e+00
896391,4.0820807032897701e+03,3.6108815865258026e+00
896421,4.0820807032897701e+03,3.6108815865258026e+00
896455,4.0820807032897701e+03,3.6108815865258026e+00
896485,4.0820807032897701e+03,3.6108815865258026e+00
896515,4.0820807032897701e+03,3.6108815865258026e+00
896545,4.0820807032897701e+03,3.6108815865258026e+00
896579,4.0820807032897701e+03,3.6108815865258026e+00
896609,4.0820807032897701e+03,3.6108815865258026e+00
896639,4.0820807032897701e+03,3.6108815865258026e+00
896669,4.0820807032897701e+03,3.6108815865258026e+00
896703,4.0809640797926550e+03,3.6107627721767277e+00
896733,4.0809640797926550e+03,3.6107627721767277e+00
896763,4.0809640797926550e+03,3.6107627721767277e+00
896793,4.0809640797926550e+03,3.6107627721767277e+00
896827,4.0809640797926550e+03,3.6107627721767277e+00
896857,4.0809640797926550e+03,3.6107627721767277e+00
896887,4.0809640797926550e+03,3.6107627721767277e+00
896917,4.0809640797926550e+03,3.6107627721767277e+00
896951,4.0809640797926550e+03,3.6107627721767277e+00
896981,4.0809640797926550e+03,3.6107627721767277e+00
897011,4.0809640797926550e+03,3.6107627721767277e+00
897041,4.0809640797926550e+03,3.6107627721767277e+00
897075,4.0809640797926550e+03,3.6107627721767277e+00
897105,4.0809640797926550e+03,3.6107627721767277e+00
897135,4.0809640797926550e+03,3.6107627721767277e+00
897165,4.0809640797926550e+03,3.6107627721767277e+00
897199,4.0809640797926550e+03,3.6107627721767277e+00
897229,4.0809640797926550e+03,3.6107627721767277e+00
897259,4.0809640797926550e+03,3.6107627721767277e+00
897289,4.0809640797926550e+03,3.6107627721767277e+00
897323,4.0809640797926550e+03,3.6107627721767277e+00
897353,4.0809640797926550e+03,3.6107627721767277e+00
897383,4.0809640797926550e+03,3.6107627721767277e+00
897413,4.0809640797926550e+03,3.6107627721767277e+00
897447,4.0809640797926550e+03,3.6107627721767277e+00
897477,4.0809640797926550e+03,3.6107627721767277e+00
897507,4.0809640797926550e+03,3.6107627721767277e+00
897537,4.0809640797926550e+03,3.6107627721767277e+00
897571,4.0809640797926550e+03,3.6107627721767277e+00
897601,4.0809640797926550e+03,3.6107627721767277e+00
897631,4.0809640797926550e+03,3.6107627721767277e+00
897661,4.0809640797926550e+03,3.6107627721767277e+00
897695,4.0809640797926550e+03,3.6107627721767277e+00
897725,4.0809640797926550e+03,3.6107627721767277e+00
897755,4.0809640797926550e+03,3.6107627721767277e+00
897785,4.0809640797926550e+03,3.6107627721767277e+00
897819,4.0809640797926550e+03,3.6107627721767277e+00
897849,4.0809640797926550e+03,3.6107627721767277e+00
897879,4.0809640797926550e+03,3.6107627721767277e+00
897909,4.0809640797926550e+03,3.6107627721767277e+00
897943,4.0809074693348998e+03,3.6107567476738245e+00
897973,4.0809074693348998e+03,3.6107567476738245e+00
898003,4.0809074693348998e+03,3.6107567476738245e+00
898033,4.0809074693348998e+03,3.6107567476738245e+00
898067,4.0809074693348998e+03,3.6107567476738245e+00
898097,4.0809074693348998e+03,3.6107567476738245e+00
898127,4.0809074693348998e+03,3.6107567476738245e+00
898157,4.0809074693348998e+03,3.6107567476738245e+00
898191,4.0807917406770421e+03,3.6107444315332229e+00
898221,4.0807917406770421e+03,3.6107444315332229e+00
898251,4.0807917406770421e+03,3.6107444315332229e+00
898281,4.0807917406770421e+03,3.6107444315332229e+00
898315,4.0807917406770421e+03,3.6107444315332229e+00
898345,4.0807917406770421e+03,3.6107444315332229e+00
898375,4.0807917406770421e+03,3.6107444315332229e+00
898405,4.0807917406770421e+03,3.6107444315332229e+00
898439,4.0807917406770421e+03,3.6107444315332229e+00
898469,4.0807917406770421e+03,3.6107444315332229e+00
898499,4.0807917406770421e+03,3.6107444315332229e+00
898529,4.0807917406770421e+03,3.6107444315332229e+00
898563,4.0807917406770421e+03,3.6107444315332229e+00
898593,4.0807917406770421e+03,3.6107444315332229e+00
898623,4.0807917406770421e+03,3.6107444315332229e+00
898653,4.0807917406770421e+03,3.6107444315332229e+00
898687,4.0807917406770421e+03,3.6107444315332229e+00
898717,4.0807917406770421e+03,3.6107444315332229e+00
898747,4.0807917406770421e+03,3.6107444315332229e+00
898777,4.0807917406770421e+03,3.6107444315332229e+00
898811,4.0807917406770421e+03,3.6107444315332229e+00
898841,4.0807917406770421e+03,3.6107444315332229e+00
898871,4.0807917406770421e+03,3.6107444315332229e+00
898901,4.0807917406770421e+03,3.6107444315332229e+00
898935,4.0807917406770421e+03,3.6107444315332229e+00
898965,4.0807917406770421e+03,3.6107444315332229e+00
898995,4.0807917406770421e+03,3.6107444315332229e+00
899025,4.0807917406770421e+03,3.6107444315332229e+00
899059,4.0807917406770421e+03,3.6107444315332229e+00
899089,4.0807917406770421e+03,3.6107444315332229e+00
899119,4.0807917406770421e+03,3.6107444315332229e+00
899149,4.0807917406770421e+03,3.6107444315332229e+00
899183,4.0807917406770421e+03,3.6107444315332229e+00
899213,4.0807917406770421e+03,3.6107444315332229e+00
899243,4.0807917406770421e+03,3.6107444315332229e+00
899273,4.0807917406770421e+03,3.6107444315332229e+00
899307,4.0807917406770421e+03,3.6107444315332229e+00
899337,4.0807917406770421e+03,3.6107444315332229e+00
899367,4.0807917406770421e+03,3.6107444315332229e+00
899397,4.0807917406770421e+03,3.6107444315332229e+00
899431,4.0807917406770421e+03,3.6107444315332229e+00
899461,4.0807917406770421e+03,3.6107444315332229e+00
899491,4.0807917406770421e+03,3.6107444315332229e+00
899521,4.0807917406770421e+03,3.6107444315332229e+00
899555,4.0807917406770421e+03,3.6107444315332229e+00
899585,4.0807917406770421e+03,3.6107444315332229e+00
899615,4.0807917406770421e+03,3.6107444315332229e+00
899645,4.0807917406770421e+03,3.6107444315332229e+00
899679,4.0807917406770421e+03,3.6107444315332229e+00
899709,4.0807917406770421e+03,3.6107444315332229e+00
899739,4.0807917406770421e+03,3.6107444315332229e+00
899769,4.0807917406770421e+03,3.6107444315332229e+00
899803,4.0807917406770421e+03,3.6107444315332229e+00
899833,4.0807917406770421e+03,3.6107444315332229e+00
899863,4.0807917406770421e+03,3.6107444315332229e+00
899893,4.0807917406770421e+03,3.6107444315332229e+00
899927,4.0807917406770421e+03,3.6107444315332229e+00
899957,4.0807917406770421e+03,3.6107444315332229e+00
899987,4.0807917406770421e+03,3.6107444315332229e+00
900017,4.0807917406770421e+03,3.6107444315332229e+00
900051,4.0807917406770421e+03,3.6107444315332229e+00
900081,4.0807917406770421e+03,3.6107444315332229e+00
900111,4.0807917406770421e+03,3.6107444315332229e+00
900141,4.0807917406770421e+03,3.6107444315332229e+00
900175,4.0803724897939342e+03,3.6106998108540931e+00
900205,4.0803724897939342e+03,3.6106998108540931e+00
900235,4.0803724897939342e+03,3.6106998108540931e+00
900265,4.0803724897939342e+03,3.6106998108540931e+00
900299,4.0789296905448732e+03,3.6105462193471127e+00
900329,4.0789296905448732e+03,3.6105462193471127e+00
900359,4.0789296905448732e+03,3.6105462193471127e+00
900389,4.0789296905448732e+03,3.6105462193471127e+00
900423,4.0789001130409215e+03,3.6105430701402614e+00
900453,4.0789001130409215e+03,3.6105430701402614e+00
900483,4.0789001130409215e+03,3.6105430701402614e+00
900513,4.0789001130409215e+03,3.6105430701402614e+00
900547,4.0789001130409215e+03,3.6105430701402614e+00
900577,4.0789001130409215e+03,3.6105430701402614e+00
900607,4.0789001130409215e+03,3.6105430701402614e+00
900637,4.0789001130409215e+03,3.6105430701402614e+00
900671,4.0789001130409215e+03,3.6105430701402614e+00
900701,4.0789001130409215e+03,3.6105430701402614e+00
900731,4.0789001130409215e+03,3.6105430701402614e+00
900761,4.0789001130409215e+03,3.6105430701402614e+00
900795,4.0789001130409215e+03,3.6105430701402614e+00
900825,4.0789001130409215e+03,3.6105430701402614e+00
900855,4.0789001130409215e+03,3.6105430701402614e+00
900885,4.0789001130409215e+03,3.6105430701402614e+00
900919,4.0789001130409215e+03,3.6105430701402614e+00
900949,4.0789001130409215e+03,3.6105430701402614e+00
900979,4.0789001130409215e+03,3.6105430701402614e+00
901009,4.0789001130409215e+03,3.6105430701402614e+00
901043,4.0789001130409215e+03,3.6105430701402614e+00
901073,4.0789001130409215e+03,3.6105430701402614e+00
901103,4.0789001130409215e+03,3.6105430701402614e+00
901133,4.0789001130409215e+03,3.6105430701402614e+00
901167,4.0789001130409215e+03,3.6105430701402614e+00
901197,4.0789001130409215e+03,3.6105430701402614e+00
901227,4.0789001130409215e+03,3.6105430701402614e+00
901257,4.0789001130409215e+03,3.6105430701402614e+00
901291,4.0788398547336919e+03,3.6105366541842683e+00
901321,4.0788398547336919e+03,3.6105366541842683e+00
901351,4.0788398547336919e+03,3.6105366541842683e+00
901381,4.0788398547336919e+03,3.6105366541842683e+00
901415,4.0788141089267810e+03,3.6105339128907730e+00
901445,4.0788141089267810e+03,3.6105339128907730e+00
901475,4.0788141089267810e+03,3.6105339128907730e+00
901505,4.0788141089267810e+03,3.6105339128907730e+00
901539,4.0788141089267810e+03,3.6105339128907730e+00
901569,4.0788141089267810e+03,3.6105339128907730e+00
901599,4.0788141089267810e+03,3.6105339128907730e+00
901629,4.0788141089267810e+03,3.6105339128907730e+00
901663,4.0788141089267810e+03,3.6105339128907730e+00
901693,4.0788141089267810e+03,3.6105339128907730e+00
901723,4.0788141089267810e+03,3.6105339128907730e+00
901753,4.0788141089267810e+03,3.6105339128907730e+00
901787,4.0788141089267810e+03,3.6105339128907730e+00
901817,4.0788141089267810e+03,3.6105339128907730e+00
901847,4.0788141089267810e+03,3.6105339128907730e+00
901877,4.0788141089267810e+03,3.6105339128907730e+00
901911,4.0788141089267810e+03,3.6105339128907730e+00
901941,4.0788141089267810e+03,3.6105339128907730e+00
901971,4.0788141089267810e+03,3.6105339128907730e+00
902001,4.0788141089267810e+03,3.6105339128907730e+00
902035,4.0788141089267810e+03,3.6105339128907730e+00
902065,4.0788141089267810e+03,3.6105339128907730e+00
902095,4.0788141089267810e+03,3.6105339128907730e+00
902125,4.0788141089267810e+03,3.6105339128907730e+00
902159,4.0788141089267810e+03,3.6105339128907730e+00
902189,4.0788141089267810e+03,3.6105339128907730e+00
902219,4.0788141089267810e+03,3.6105339128907730e+00
902249,4.0788141089267810e+03,3.6105339128907730e+00
902283,4.0788141089267810e+03,3.6105339128907730e+00
902313,4.0788141089267810e+03,3.6105339128907730e+00
902343,4.0788141089267810e+03,3.6105339128907730e+00
902373,4.0788141089267810e+03,3.6105339128907730e+00
902407,4.0788141089267810e+03,3.6105339128907730e+00
902437,4.0788141089267810e+03,3.6105339128907730e+00
902467,4.0788141089267810e+03,3.6105339128907730e+00
902497,4.0788141089267810e+03,3.6105339128907730e+00
902531,4.0788141089267810e+03,3.6105339128907730e+00
902561,4.0788141089267810e+03,3.6105339128907730e+00
902591,4.0788141089267810e+03,3.6105339128907730e+00
902621,4.0788141089267810e+03,3.6105339128907730e+00
902655,4.0788141089267810e+03,3.6105339128907730e+00
902685,4.0788141089267810e+03,3.6105339128907730e+00
902715,4.0788141089267810e+03,3.6105339128907730e+00
902745,4.0788141089267810e+03,3.6105339128907730e+00
902779,4.0788141089267810e+03,3.6105339128907730e+00
902809,4.0788141089267810e+03,3.6105339128907730e+00
902839,4.0788141089267810e+03,3.6105339128907730e+00
902869,4.0788141089267810e+03,3.6105339128907730e+00
902903,4.0788141089267810e+03,3.6105339128907730e+00
902933,4.0788141089267810e+03,3.6105339128907730e+00
902963,4.0788141089267810e+03,3.6105339128907730e+00
902993,4.0788141089267810e+03,3.6105339128907730e+00
903027,4.0788141089267810e+03,3.6105339128907730e+00
903057,4.0788141089267810e+03,3.6105339128907730e+00
903087,4.0788141089267810e+03,3.6105339128907730e+00
903117,4.0788141089267810e+03,3.6105339128907730e+00
903151,4.0788141089267810e+03,3.6105339128907730e+00
903181,4.0788141089267810e+03,3.6105339128907730e+00
903211,4.0788141089267810e+03,3.6105339128907730e+00
903241,4.0788141089267810e+03,3.6105339128907730e+00
903275,4.0788141089267810e+03,3.6105339128907730e+00
903305,4.0788141089267810e+03,3.6105339128907730e+00
903335,4.0788141089267810e+03,3.6105339128907730e+00
903365,4.0788141089267810e+03,3.6105339128907730e+00
903399,4.0788141089267810e+03,3.6105339128907730e+00
903429,4.0788141089267810e+03,3.6105339128907730e+00
903459,4.0788141089267810e+03,3.6105339128907730e+00
903489,4.0788141089267810e+03,3.6105339128907730e+00
903523,4.0788141089267810e+03,3.6105339128907730e+00
903553,4.0788141089267810e+03,3.6105339128907730e+00
903583,4.0788141089267810e+03,3.6105339128907730e+00
903613,4.0788141089267810e+03,3.6105339128907730e+00
903647,4.0788141089267810e+03,3.6105339128907730e+00
903677,4.0788141089267810e+03,3.6105339128907730e+00
903707,4.0788141089267810e+03,3.6105339128907730e+00
903737,4.0788141089267810e+03,3.6105339128907730e+00
903771,4.0786447349827322e+03,3.6105158783114519e+00
903801,4.0786447349827322e+03,3.6105158783114519e+00
903831,4.0786447349827322e+03,3.6105158783114519e+00
903861,4.0786447349827322e+03,3.6105158783114519e+00
903895,4.0784642094741198e+03,3.6104966555125952e+00
903925,4.0784642094741198e+03,3.6104966555125952e+00
903955,4.0784642094741198e+03,3.6104966555125952e+00
903985,4.0784642094741198e+03,3.6104966555125952e+00
904019,4.0784642094741198e+03,3.6104966555125952e+00
904049,4.0784642094741198e+03,3.6104966555125952e+00
904079,4.0784642094741198e+03,3.6104966555125952e+00
904109,4.0784642094741198e+03,3.6104966555125952e+00
904143,4.0784642094741198e+03,3.6104966555125952e+00
904173,4.0784642094741198e+03,3.6104966555125952e+00
904203,4.0784642094741198e+03,3.6104966555125952e+00
904233,4.0784642094741198e+03,3.6104966555125952e+00
904267,4.0784528926370772e+03,3.6104954504396938e+00
904297,4.0784528926370772e+03,3.6104954504396938e+00
904327,4.0784528926370772e+03,3.6104954504396938e+00
904357,4.0784528926370772e+03,3.6104954504396938e+00
904391,4.0784528926370772e+03,3.6104954504396938e+00
904421,4.0784528926370772e+03,3.6104954504396938e+00
904451,4.0784528926370772e+03,3.6104954504396938e+00
904481,4.0784528926370772e+03,3.6104954504396938e+00
904515,4.0782526173361171e+03,3.6104741235797304e+00
904545,4.0782526173361171e+03,3.6104741235797304e+00
904575,4.0782526173361171e+03,3.6104741235797304e+00
904605,4.0782526173361171e+03,3.6104741235797304e+00
904639,4.0782526173361171e+03,3.6104741235797304e+00
904669,4.0782526173361171e+03,3.6104741235797304e+00
904699,4.0782526173361171e+03,3.6104741235797304e+00
904729,4.0782526173361171e+03,3.6104741235797304e+00
904763,4.0782526173361171e+03,3.6104741235797304e+00
904793,4.0782526173361171e+03,3.6104741235797304e+00
904823,4.0782526173361171e+03,3.6104741235797304e+00
904853,4.0782526173361171e+03,3.6104741235797304e+00
904886,4.0782526173361171e+03,3.6104741235797304e+00
904915,4.0782526173361171e+03,3.6104741235797304e+00
904944,4.0782526173361171e+03,3.6104741235797304e+00
904973,4.0782526173361171e+03,3.6104741235797304e+00
905006,4.0782526173361171e+03,3.6104741235797304e+00
905035,4.0782526173361171e+03,3.6104741235797304e+00
905064,4.0782526173361171e+03,3.6104741235797304e+00
905093,4.0782526173361171e+03,3.6104741235797304e+00
905126,4.0782526173361171e+03,3.6104741235797304e+00
905155,4.0782526173361171e+03,3.6104741235797304e+00
905184,4.0782526173361171e+03,3.6104741235797304e+00
905213,4.0782526173361171e+03,3.6104741235797304e+00
905246,4.0782396894920998e+03,3.6104727468871256e+00
905275,4.0782396894920998e+03,3.6104727468871256e+00
905304,4.0782396894920998e+03,3.6104727468871256e+00
905333,4.0782396894920998e+03,3.6104727468871256e+00
905366,4.0782396894920998e+03,3.6104727468871256e+00
905395,4.0782396894920998e+03,3.6104727468871256e+00
905424,4.0782396894920998e+03,3.6104727468871256e+00
905453,4.0782396894920998e+03,3.6104727468871256e+00
905486,4.0782396894920998e+03,3.6104727468871256e+00
905515,4.0782396894920998e+03,3.6104727468871256e+00
905544,4.0782396894920998e+03,3.6104727468871256e+00
905573,4.0782396894920998e+03,3.6104727468871256e+00
905606,4.0782396894920998e+03,3.6104727468871256e+00
905635,4.0782396894920998e+03,3.6104727468871256e+00
905664,4.0782396894920998e+03,3.6104727468871256e+00
905693,4.0782396894920998e+03,3.6104727468871256e+00
905726,4.0782396894920998e+03,3.6104727468871256e+00
905755,4.0782396894920998e+03,3.6104727468871256e+00
905784,4.0782396894920998e+03,3.6104727468871256e+00
905813,4.0782396894920998e+03,3.6104727468871256e+00
905846,4.0781161098097045e+03,3.6104595866044051e+00
905875,4.0781161098097045e+03,3.6104595866044051e+00
905904,4.0781161098097045e+03,3.6104595866044051e+00
905933,4.0781161098097045e+03,3.6104595866044051e+00
905966,4.0781161098097045e+03,3.6104595866044051e+00
905995,4.0781161098097045e+03,3.6104595866044051e+00
906024,4.0781161098097045e+03,3.6104595866044051e+00
906053,4.0781161098097045e+03,3.6104595866044051e+00
906086,4.0781161098097045e+03,3.6104595866044051e+00
906115,4.0781161098097045e+03,3.6104595866044051e+00
906144,4.0781161098097045e+03,3.6104595866044051e+00
906173,4.0781161098097045e+03,3.6104595866044051e+00
906206,4.0781161098097045e+03,3.6104595866044051e+00
906235,4.0781161098097045e+03,3.6104595866044051e+00
906264,4.0781161098097045e+03,3.6104595866044051e+00
906293,4.0781161098097045e+03,3.6104595866044051e+00
906326,4.0779842000579301e+03,3.6104455387935315e+00
906355,4.0779842000579301e+03,3.6104455387935315e+00
906384,4.0779842000579301e+03,3.6104455387935315e+00
906413,4.0779842000579301e+03,3.6104455387935315e+00
906446,4.0774582880779949e+03,3.6103895269532171e+00
906475,4.0774582880779949e+03,3.6103895269532171e+00
906504,4.0774582880779949e+03,3.6103895269532171e+00
906533,4.0774582880779949e+03,3.6103895269532171e+00
906566,4.0774582880779949e+03,3.6103895269532171e+00
906595,4.0774582880779949e+03,3.6103895269532171e+00
906624,4.0774582880779949e+03,3.6103895269532171e+00
906653,4.0774582880779949e+03,3.6103895269532171e+00
906686,4.0774582880779949e+03,3.6103895269532171e+00
906715,4.0774582880779949e+03,3.6103895269532171e+00
906744,4.0774582880779949e+03,3.6103895269532171e+00
906773,4.0774582880779949e+03,3.6103895269532171e+00
906806,4.0774582880779949e+03,3.6103895269532171e+00
906835,4.0774582880779949e+03,3.6103895269532171e+00
906864,4.0774582880779949e+03,3.6103895269532171e+00
906893,4.0774582880779949e+03,3.6103895269532171e+00
906926,4.0774582880779949e+03,3.6103895269532171e+00
906955,4.0774582880779949e+03,3.6103895269532171e+00
906984,4.0774582880779949e+03,3.6103895269532171e+00
907013,4.0774582880779949e+03,3.6103895269532171e+00
907046,4.0774582880779949e+03,3.6103895269532171e+00
907075,4.0774582880779949e+03,3.6103895269532171e+00
907104,4.0774582880779949e+03,3.6103895269532171e+00
907133,4.0774582880779949e+03,3.6103895269532171e+00
907166,4.0774582880779949e+03,3.6103895269532171e+00
907195,4.0774582880779949e+03,3.6103895269532171e+00
907224,4.0774582880779949e+03,3.6103895269532171e+00
907253,4.0774582880779949e+03,3.6103895269532171e+00
907286,4.0773806312967645e+03,3.6103812555668893e+00
907315,4.0773806312967645e+03,3.6103812555668893e+00
907344,4.0773806312967645e+03,3.6103812555668893e+00
907373,4.0773806312967645e+03,3.6103812555668893e+00
907406,4.0773806312967645e+03,3.6103812555668893e+00
907435,4.0773806312967645e+03,3.6103812555668893e+00
907464,4.0773806312967645e+03,3.6103812555668893e+00
907493,4.0773806312967645e+03,3.6103812555668893e+00
907526,4.0773381936074770e+03,3.6103767353732006e+00
907555,4.0773381936074770e+03,3.6103767353732006e+00
907584,4.0773381936074770e+03,3.6103767353732006e+00
907613,4.0773381936074770e+03,3.6103767353732006e+00
907646,4.0773381936074770e+03,3.6103767353732006e+00
907675,4.0773381936074770e+03,3.6103767353732006e+00
907704,4.0773381936074770e+03,3.6103767353732006e+00
907733,4.0773381936074770e+03,3.6103767353732006e+00
907766,4.0773381936074770e+03,3.6103767353732006e+00
907795,4.0773381936074770e+03,3.6103767353732006e+00
907824,4.0773381936074770e+03,3.6103767353732006e+00
907853,4.0773381936074770e+03,3.6103767353732006e+00
907886,4.0773381936074770e+03,3.6103767353732006e+00
907915,4.0773381936074770e+03,3.6103767353732006e+00
907944,4.0773381936074770e+03,3.6103767353732006e+00
907973,4.0773381936074770e+03,3.6103767353732006e+00
908006,4.0773381936074770e+03,3.6103767353732006e+00
908035,4.0773381936074770e+03,3.6103767353732006e+00
908064,4.0773381936074770e+03,3.6103767353732006e+00
908093,4.0773381936074770e+03,3.6103767353732006e+00
908126,4.0772530511959098e+03,3.6103676664012778e+00
908155,4.0772530511959098e+03,3.6103676664012778e+00
908184,4.0772530511959098e+03,3.6103676664012778e+00
908213,4.0772530511959098e+03,3.6103676664012778e+00
908246,4.0772530511959098e+03,3.6103676664012778e+00
908275,4.0772530511959098e+03,3.6103676664012778e+00
908304,4.0772530511959098e+03,3.6103676664012778e+00
908333,4.0772530511959098e+03,3.6103676664012778e+00
908366,4.0771095012187529e+03,3.6103523756995064e+00
908395,4.0771095012187529e+03,3.6103523756995064e+00
908424,4.0771095012187529e+03,3.6103523756995064e+00
908453,4.0771095012187529e+03,3.6103523756995064e+00
908486,4.0771095012187529e+03,3.6103523756995064e+00
908515,4.0771095012187529e+03,3.6103523756995064e+00
908544,4.0771095012187529e+03,3.6103523756995064e+00
908573,4.0771095012187529e+03,3.6103523756995064e+00
908606,4.0771095012187529e+03,3.6103523756995064e+00
908635,4.0771095012187529e+03,3.6103523756995064e+00
908664,4.0771095012187529e+03,3.6103523756995064e+00
908693,4.0771095012187529e+03,3.6103523756995064e+00
908726,4.0771095012187529e+03,3.6103523756995064e+00
908755,4.0771095012187529e+03,3.6103523756995064e+00
908784,4.0771095012187529e+03,3.6103523756995064e+00
908813,4.0771095012187529e+03,3.6103523756995064e+00
908846,4.0771095012187529e+03,3.6103523756995064e+00
908875,4.0771095012187529e+03,3.6103523756995064e+00
908904,4.0771095012187529e+03,3.6103523756995064e+00
908933,4.0771095012187529e+03,3.6103523756995064e+00
908966,4.0771095012187529e+03,3.6103523756995064e+00
908995,4.0771095012187529e+03,3.6103523756995064e+00
909024,4.0771095012187529e+03,3.6103523756995064e+00
909053,4.0771095012187529e+03,3.6103523756995064e+00
909086,4.0771095012187529e+03,3.6103523756995064e+00
909115,4.0771095012187529e+03,3.6103523756995064e+00
909144,4.0771095012187529e+03,3.6103523756995064e+00
909173,4.0771095012187529e+03,3.6103523756995064e+00
909206,4.0771095012187529e+03,3.6103523756995064e+00
909235,4.0771095012187529e+03,3.6103523756995064e+00
909264,4.0771095012187529e+03,3.6103523756995064e+00
909293,4.0771095012187529e+03,3.6103523756995064e+00
909326,4.0771095012187529e+03,3.6103523756995064e+00
909355,4.0771095012187529e+03,3.6103523756995064e+00
909384,4.0771095012187529e+03,3.6103523756995064e+00
909413,4.0771095012187529e+03,3.6103523756995064e+00
909446,4.0771095012187529e+03,3.6103523756995064e+00
909475,4.0771095012187529e+03,3.6103523756995064e+00
909504,4.0771095012187529e+03,3.6103523756995064e+00
909533,4.0771095012187529e+03,3.6103523756995064e+00
909566,4.0771095012187529e+03,3.6103523756995064e+00
909595,4.0771095012187529e+03,3.6103523756995064e+00
909624,4.0771095012187529e+03,3.6103523756995064e+00
909653,4.0771095012187529e+03,3.6103523756995064e+00
909686,4.0771095012187529e+03,3.6103523756995064e+00
909715,4.0771095012187529e+03,3.6103523756995064e+00
909744,4.0771095012187529e+03,3.6103523756995064e+00
909773,4.0771095012187529e+03,3.6103523756995064e+00
909806,4.0769991086291020e+03,3.6103406165005980e+00
909835,4.0769991086291020e+03,3.6103406165005980e+00
909864,4.0769991086291020e+03,3.6103406165005980e+00
909893,4.0769991086291020e+03,3.6103406165005980e+00
909926,4.0769991086291020e+03,3.6103406165005980e+00
909955,4.0769991086291020e+03,3.6103406165005980e+00
909984,4.0769991086291020e+03,3.6103406165005980e+00
910013,4.0769991086291020e+03,3.6103406165005980e+00
910046,4.0769991086291020e+03,3.6103406165005980e+00
910075,4.0769991086291020e+03,3.6103406165005980e+00
910104,4.0769991086291020e+03,3.6103406165005980e+00
910133,4.0769991086291020e+03,3.6103406165005980e+00
910166,4.0769991086291020e+03,3.6103406165005980e+00
910195,4.0769991086291020e+03,3.6103406165005980e+00
910224,4.0769991086291020e+03,3.6103406165005980e+00
910253,4.0769991086291020e+03,3.6103406165005980e+00
910286,4.0769774168982622e+03,3.6103383058245795e+00
910315,4.0769774168982622e+03,3.6103383058245795e+00
910344,4.0769774168982622e+03,3.6103383058245795e+00
910373,4.0769774168982622e+03,3.6103383058245795e+00
910406,4.0769774168982622e+03,3.6103383058245795e+00
910435,4.0769774168982622e+03,3.6103383058245795e+00
910464,4.0769774168982622e+03,3.6103383058245795e+00
910493,4.0769774168982622e+03,3.6103383058245795e+00
910526,4.0769774168982622e+03,3.6103383058245795e+00
910555,4.0769774168982622e+03,3.6103383058245795e+00
910584,4.0769774168982622e+03,3.6103383058245795e+00
910613,4.0769774168982622e+03,3.6103383058245795e+00
910646,4.0769774168982622e+03,3.6103383058245795e+00
910675,4.0769774168982622e+03,3.6103383058245795e+00
910704,4.0769774168982622e+03,3.6103383058245795e+00
910733,4.0769774168982622e+03,3.6103383058245795e+00
910766,4.0769774168982622e+03,3.6103383058245795e+00
910795,4.0769774168982622e+03,3.6103383058245795e+00
910824,4.0769774168982622e+03,3.6103383058245795e+00
910853,4.0769774168982622e+03,3.6103383058245795e+00
910886,4.0769774168982622e+03,3.6103383058245795e+00
910915,4.0769774168982622e+03,3.6103383058245795e+00
910944,4.0769774168982622e+03,3.6103383058245795e+00
910973,4.0769774168982622e+03,3.6103383058245795e+00
911006,4.0769774168982622e+03,3.6103383058245795e+00
911035,4.0769774168982622e+03,3.6103383058245795e+00
911064,4.0769774168982622e+03,3.6103383058245795e+00
911093,4.0769774168982622e+03,3.6103383058245795e+00
911126,4.0769774168982622e+03,3.6103383058245795e+00
911155,4.0769774168982622e+03,3.6103383058245795e+00
911184,4.0769774168982622e+03,3.6103383058245795e+00
911213,4.0769774168982622e+03,3.6103383058245795e+00
911246,4.0769774168982622e+03,3.6103383058245795e+00
911275,4.0769774168982622e+03,3.6103383058245795e+00
911304,4.0769774168982622e+03,3.6103383058245795e+00
911333,4.0769774168982622e+03,3.6103383058245795e+00
911366,4.0769774168982622e+03,3.6103383058245795e+00
911395,4.0769774168982622e+03,3.6103383058245795e+00
911424,4.0769774168982622e+03,3.6103383058245795e+00
911453,4.0769774168982622e+03,3.6103383058245795e+00
911486,4.0769774168982622e+03,3.6103383058245795e+00
911515,4.0769774168982622e+03,3.6103383058245795e+00
911544,4.0769774168982622e+03,3.6103383058245795e+00
911573,4.0769774168982622e+03,3.6103383058245795e+00
911606,4.0769774168982622e+03,3.6103383058245795e+00
911635,4.0769774168982622e+03,3.6103383058245795e+00
911664,4.0769774168982622e+03,3.6103383058245795e+00
911693,4.0769774168982622e+03,3.6103383058245795e+00
911726,4.0769774168982622e+03,3.6103383058245795e+00
911755,4.0769774168982622e+03,3.6103383058245795e+00
911784,4.0769774168982622e+03,3.6103383058245795e+00
911813,4.0769774168982622e+03,3.6103383058245795e+00
911846,4.0769774168982622e+03,3.6103383058245795e+00
911875,4.0769774168982622e+03,3.6103383058245795e+00
911904,4.0769774168982622e+03,3.6103383058245795e+00
911933,4.0769774168982622e+03,3.6103383058245795e+00
911966,4.0769774168982622e+03,3.6103383058245795e+00
911995,4.0769774168982622e+03,3.6103383058245795e+00
912024,4.0769774168982622e+03,3.6103383058245795e+00
912053,4.0769774168982622e+03,3.6103383058245795e+00
912086,4.0769774168982622e+03,3.6103383058245795e+00
912115,4.0769774168982622e+03,3.6103383058245795e+00
912144,4.0769774168982622e+03,3.6103383058245795e+00
912173,4.0769774168982622e+03,3.6103383058245795e+00
912206,4.0769774168982622e+03,3.6103383058245795e+00
912235,4.0769774168982622e+03,3.6103383058245795e+00
912264,4.0769774168982622e+03,3.6103383058245795e+00
912293,4.0769774168982622e+03,3.6103383058245795e+00
912326,4.0769774168982622e+03,3.6103383058245795e+00
912355,4.0769774168982622e+03,3.6103383058245795e+00
912384,4.0769774168982622e+03,3.6103383058245795e+00
912413,4.0769774168982622e+03,3.6103383058245795e+00
912446,4.0769774168982622e+03,3.6103383058245795e+00
912475,4.0769774168982622e+03,3.6103383058245795e+00
912504,4.0769774168982622e+03,3.6103383058245795e+00
912533,4.0769774168982622e+03,3.6103383058245795e+00
912566,4.0769774168982622e+03,3.6103383058245795e+00
912595,4.0769774168982622e+03,3.6103383058245795e+00
912624,4.0769774168982622e+03,3.6103383058245795e+00
912653,4.0769774168982622e+03,3.6103383058245795e+00
912686,4.0769774168982622e+03,3.6103383058245795e+00
912715,4.0769774168982622e+03,3.6103383058245795e+00
912744,4.0769774168982622e+03,3.6103383058245795e+00
912773,4.0769774168982622e+03,3.6103383058245795e+00
912806,4.0769774168982622e+03,3.6103383058245795e+00
912835,4.0769774168982622e+03,3.6103383058245795e+00
912864,4.0769774168982622e+03,3.6103383058245795e+00
912893,4.0769774168982622e+03,3.6103383058245795e+00
912926,4.0769774168982622e+03,3.6103383058245795e+00
912955,4.0769774168982622e+03,3.6103383058245795e+00
912984,4.0769774168982622e+03,3.6103383058245795e+00
913013,4.0769774168982622e+03,3.6103383058245795e+00
913046,4.0769774168982622e+03,3.6103383058245795e+00
913075,4.0769774168982622e+03,3.6103383058245795e+00
913104,4.0769774168982622e+03,3.6103383058245795e+00
913133,4.0769774168982622e+03,3.6103383058245795e+00
913166,4.0769774168982622e+03,3.6103383058245795e+00
913195,4.0769774168982622e+03,3.6103383058245795e+00
913224,4.0769774168982622e+03,3.6103383058245795e+00
913253,4.0769774168982622e+03,3.6103383058245795e+00
913286,4.0769774168982622e+03,3.6103383058245795e+00
913315,4.0769774168982622e+03,3.6103383058245795e+00
913344,4.0769774168982622e+03,3.6103383058245795e+00
913373,4.0769774168982622e+03,3.6103383058245795e+00
913406,4.0769774168982622e+03,3.6103383058245795e+00
913435,4.0769774168982622e+03,3.6103383058245795e+00
913464,4.0769774168982622e+03,3.6103383058245795e+00
913493,4.0769774168982622e+03,3.6103383058245795e+00
913526,4.0768654299890368e+03,3.6103263764073370e+00
913555,4.0768654299890368e+03,3.6103263764073370e+00
913584,4.0768654299890368e+03,3.6103263764073370e+00
913613,4.0768654299890368e+03,3.6103263764073370e+00
913646,4.0768654299890368e+03,3.6103263764073370e+00
913675,4.0768654299890368e+03,3.6103263764073370e+00
913704,4.0768654299890368e+03,3.6103263764073370e+00
913733,4.0768654299890368e+03,3.6103263764073370e+00
913766,4.0768654299890368e+03,3.6103263764073370e+00
913795,4.0768654299890368e+03,3.6103263764073370e+00
913824,4.0768654299890368e+03,3.6103263764073370e+00
913853,4.0768654299890368e+03,3.6103263764073370e+00
913886,4.0768654299890368e+03,3.6103263764073370e+00
913915,4.0768654299890368e+03,3.6103263764073370e+00
913944,4.0768654299890368e+03,3.6103263764073370e+00
913973,4.0768654299890368e+03,3.6103263764073370e+00
914006,4.0767857732519979e+03,3.6103178907656335e+00
914035,4.0767857732519979e+03,3.6103178907656335e+00
914064,4.0767857732519979e+03,3.6103178907656335e+00
914093,4.0767857732519979e+03,3.6103178907656335e+00
914126,4.0767542845553648e+03,3.6103145363043581e+00
914155,4.0767542845553648e+03,3.6103145363043581e+00
914184,4.0767542845553648e+03,3.6103145363043581e+00
914213,4.0767542845553648e+03,3.6103145363043581e+00
914246,4.0767542845553648e+03,3.6103145363043581e+00
914275,4.0767542845553648e+03,3.6103145363043581e+00
914304,4.0767542845553648e+03,3.6103145363043581e+00
914333,4.0767542845553648e+03,3.6103145363043581e+00
914366,4.0767542845553648e+03,3.6103145363043581e+00
914395,4.0767542845553648e+03,3.6103145363043581e+00
914424,4.0767542845553648e+03,3.6103145363043581e+00
914453,4.0767542845553648e+03,3.6103145363043581e+00
914486,4.0767542845553648e+03,3.6103145363043581e+00
914515,4.0767542845553648e+03,3.6103145363043581e+00
914544,4.0767542845553648e+03,3.6103145363043581e+00
914573,4.0767542845553648e+03,3.6103145363043581e+00
914606,4.0767542845553648e+03,3.6103145363043581e+00
914635,4.0767542845553648e+03,3.6103145363043581e+00
914664,4.0767542845553648e+03,3.6103145363043581e+00
914693,4.0767542845553648e+03,3.6103145363043581e+00
914726,4.0767542845553648e+03,3.6103145363043581e+00
914755,4.0767542845553648e+03,3.6103145363043581e+00
914784,4.0767542845553648e+03,3.6103145363043581e+00
914813,4.0767542845553648e+03,3.6103145363043581e+00
914846,4.0767542845553648e+03,3.6103145363043581e+00
914875,4.0767542845553648e+03,3.6103145363043581e+00
914904,4.0767542845553648e+03,3.6103145363043581e+00
914933,4.0767542845553648e+03,3.6103145363043581e+00
914966,4.0767542845553648e+03,3.6103145363043581e+00
914995,4.0767542845553648e+03,3.6103145363043581e+00
915024,4.0767542845553648e+03,3.6103145363043581e+00
915053,4.0767542845553648e+03,3.6103145363043581e+00
915086,4.0767542845553648e+03,3.6103145363043581e+00
915115,4.0767542845553648e+03,3.6103145363043581e+00
915144,4.0767542845553648e+03,3.6103145363043581e+00
915173,4.0767542845553648e+03,3.6103145363043581e+00
915206,4.0767542845553648e+03,3.6103145363043581e+00
915235,4.0767542845553648e+03,3.6103145363043581e+00
915264,4.0767542845553648e+03,3.6103145363043581e+00
915293,4.0767542845553648e+03,3.6103145363043581e+00
915326,4.0767542845553648e+03,3.6103145363043581e+00
915355,4.0767542845553648e+03,3.6103145363043581e+00
915384,4.0767542845553648e+03,3.6103145363043581e+00
915413,4.0767542845553648e+03,3.6103145363043581e+00
915446,4.0767542845553648e+03,3.6103145363043581e+00
915475,4.0767542845553648e+03,3.6103145363043581e+00
915504,4.0767542845553648e+03,3.6103145363043581e+00
915533,4.0767542845553648e+03,3.6103145363043581e+00
915566,4.0767542845553648e+03,3.6103145363043581e+00
915595,4.0767542845553648e+03,3.6103145363043581e+00
915624,4.0767542845553648e+03,3.6103145363043581e+00
915653,4.0767542845553648e+03,3.6103145363043581e+00
915686,4.0767542845553648e+03,3.6103145363043581e+00
915715,4.0767542845553648e+03,3.6103145363043581e+00
915744,4.0767542845553648e+03,3.6103145363043581e+00
915773,4.0767542845553648e+03,3.6103145363043581e+00
915806,4.0767542845553648e+03,3.6103145363043581e+00
915835,4.0767542845553648e+03,3.6103145363043581e+00
915864,4.0767542845553648e+03,3.6103145363043581e+00
915892,4.0767542845553648e+03,3.6103145363043581e+00
915924,4.0767542845553648e+03,3.6103145363043581e+00
915952,4.0767542845553648e+03,3.6103145363043581e+00
915980,4.0767542845553648e+03,3.6103145363043581e+00
916008,4.0767542845553648e+03,3.6103145363043581e+00
916040,4.0766890475441551e+03,3.6103075865843857e+00
916068,4.0766890475441551e+03,3.6103075865843857e+00
916096,4.0766890475441551e+03,3.6103075865843857e+00
916124,4.0766890475441551e+03,3.6103075865843857e+00
916156,4.0766890475441551e+03,3.6103075865843857e+00
916184,4.0766890475441551e+03,3.6103075865843857e+00
916212,4.0766890475441551e+03,3.6103075865843857e+00
916240,4.0766890475441551e+03,3.6103075865843857e+00
916272,4.0766890475441551e+03,3.6103075865843857e+00
916300,4.0766890475441551e+03,3.6103075865843857e+00
916328,4.0766890475441551e+03,3.6103075865843857e+00
916356,4.0766890475441551e+03,3.6103075865843857e+00
916388,4.0766890475441551e+03,3.6103075865843857e+00
916416,4.0766890475441551e+03,3.6103075865843857e+00
916444,4.0766890475441551e+03,3.6103075865843857e+00
916472,4.0766890475441551e+03,3.6103075865843857e+00
916504,4.0766890475441551e+03,3.6103075865843857e+00
916532,4.0766890475441551e+03,3.6103075865843857e+00
916560,4.0766890475441551e+03,3.6103075865843857e+00
916588,4.0766890475441551e+03,3.6103075865843857e+00
916620,4.0766890475441551e+03,3.6103075865843857e+00
916648,4.0766890475441551e+03,3.6103075865843857e+00
916676,4.0766890475441551e+03,3.6103075865843857e+00
916704,4.0766890475441551e+03,3.6103075865843857e+00
916736,4.0765887880389200e+03,3.6102969056899621e+00
916764,4.0765887880389200e+03,3.6102969056899621e+00
916792,4.0765887880389200e+03,3.6102969056899621e+00
916820,4.0765887880389200e+03,3.6102969056899621e+00
916852,4.0765887880389200e+03,3.6102969056899621e+00
916880,4.0765887880389200e+03,3.6102969056899621e+00
916908,4.0765887880389200e+03,3.6102969056899621e+00
916936,4.0765887880389200e+03,3.6102969056899621e+00
916968,4.0765887880389200e+03,3.6102969056899621e+00
916996,4.0765887880389200e+03,3.6102969056899621e+00
917024,4.0765887880389200e+03,3.6102969056899621e+00
917052,4.0765887880389200e+03,3.6102969056899621e+00
917084,4.0765887880389200e+03,3.6102969056899621e+00
917112,4.0765887880389200e+03,3.6102969056899621e+00
917140,4.0765887880389200e+03,3.6102969056899621e+00
917168,4.0765887880389200e+03,3.6102969056899621e+00
917200,4.0765510739895199e+03,3.6102928878504983e+00
917228,4.0765510739895199e+03,3.6102928878504983e+00
917256,4.0765510739895199e+03,3.6102928878504983e+00
917284,4.0765510739895199e+03,3.6102928878504983e+00
917316,4.0765510739895199e+03,3.6102928878504983e+00
917344,4.0765510739895199e+03,3.6102928878504983e+00
917372,4.0765510739895199e+03,3.6102928878504983e+00
917400,4.0765510739895199e+03,3.6102928878504983e+00
917432,4.0765510739895199e+03,3.6102928878504983e+00
917460,4.0765510739895199e+03,3.6102928878504983e+00
917488,4.0765510739895199e+03,3.6102928878504983e+00
917516,4.0765510739895199e+03,3.6102928878504983e+00
917548,4.0765510739895199e+03,3.6102928878504983e+00
917576,4.0765510739895199e+03,3.6102928878504983e+00
917604,4.0765510739895199e+03,3.6102928878504983e+00
917632,4.0765510739895199e+03,3.6102928878504983e+00
917664,4.0765510739895199e+03,3.6102928878504983e+00
917692,4.0765510739895199e+03,3.6102928878504983e+00
917720,4.0765510739895199e+03,3.6102928878504983e+00
917748,4.0765510739895199e+03,3.6102928878504983e+00
917780,4.0765510739895199e+03,3.6102928878504983e+00
917808,4.0765510739895199e+03,3.6102928878504983e+00
917836,4.0765510739895199e+03,3.6102928878504983e+00
917864,4.0765510739895199e+03,3.6102928878504983e+00
917896,4.0765510739895199e+03,3.6102928878504983e+00
917924,4.0765510739895199e+03,3.6102928878504983e+00
917952,4.0765510739895199e+03,3.6102928878504983e+00
917980,4.0765510739895199e+03,3.6102928878504983e+00
918012,4.0765510739895199e+03,3.6102928878504983e+00
918040,4.0765510739895199e+03,3.6102928878504983e+00
918068,4.0765510739895199e+03,3.6102928878504983e+00
918096,4.0765510739895199e+03,3.6102928878504983e+00
918128,4.0765510739895199e+03,3.6102928878504983e+00
918156,4.0765510739895199e+03,3.6102928878504983e+00
918184,4.0765510739895199e+03,3.6102928878504983e+00
918212,4.0765510739895199e+03,3.6102928878504983e+00
918244,4.0765510739895199e+03,3.6102928878504983e+00
918272,4.0765510739895199e+03,3.6102928878504983e+00
918300,4.0765510739895199e+03,3.6102928878504983e+00
918328,4.0765510739895199e+03,3.6102928878504983e+00
918360,4.0765510739895199e+03,3.6102928878504983e+00
918388,4.0765510739895199e+03,3.6102928878504983e+00
918416,4.0765510739895199e+03,3.6102928878504983e+00
918444,4.0765510739895199e+03,3.6102928878504983e+00
918476,4.0765510739895199e+03,3.6102928878504983e+00
918504,4.0765510739895199e+03,3.6102928878504983e+00
918532,4.0765510739895199e+03,3.6102928878504983e+00
918560,4.0765510739895199e+03,3.6102928878504983e+00
918592,4.0765510739895199e+03,3.6102928878504983e+00
918620,4.0765510739895199e+03,3.6102928878504983e+00
918648,4.0765510739895199e+03,3.6102928878504983e+00
918676,4.0765510739895199e+03,3.6102928878504983e+00
918708,4.0765510739895199e+03,3.6102928878504983e+00
918736,4.0765510739895199e+03,3.6102928878504983e+00
918764,4.0765510739895199e+03,3.6102928878504983e+00
918792,4.0765510739895199e+03,3.6102928878504983e+00
918824,4.0765510739895199e+03,3.6102928878504983e+00
918852,4.0765510739895199e+03,3.6102928878504983e+00
918880,4.0765510739895199e+03,3.6102928878504983e+00
918908,4.0765510739895199e+03,3.6102928878504983e+00
918940,4.0765510739895199e+03,3.6102928878504983e+00
918968,4.0765510739895199e+03,3.6102928878504983e+00
918996,4.0765510739895199e+03,3.6102928878504983e+00
919024,4.0765510739895199e+03,3.6102928878504983e+00
919056,4.0765451866871122e+03,3.6102922606475643e+00
919084,4.0765451866871122e+03,3.6102922606475643e+00
919112,4.0765451866871122e+03,3.6102922606475643e+00
919140,4.0765451866871122e+03,3.6102922606475643e+00
919172,4.0765451866871122e+03,3.6102922606475643e+00
919200,4.0765451866871122e+03,3.6102922606475643e+00
919228,4.0765451866871122e+03,3.6102922606475643e+00
919256,4.0765451866871122e+03,3.6102922606475643e+00
919288,4.0764290064534998e+03,3.6102798832173963e+00
919316,4.0764290064534998e+03,3.6102798832173963e+00
919344,4.0764290064534998e+03,3.6102798832173963e+00
919372,4.0764290064534998e+03,3.6102798832173963e+00
919404,4.0764290064534998e+03,3.6102798832173963e+00
919432,4.0764290064534998e+03,3.6102798832173963e+00
919460,4.0764290064534998e+03,3.6102798832173963e+00
919488,4.0764290064534998e+03,3.6102798832173963e+00
919520,4.0764290064534998e+03,3.6102798832173963e+00
919548,4.0764290064534998e+03,3.6102798832173963e+00
919576,4.0764290064534998e+03,3.6102798832173963e+00
919604,4.0764290064534998e+03,3.6102798832173963e+00
919636,4.0764290064534998e+03,3.6102798832173963e+00
919664,4.0764290064534998e+03,3.6102798832173963e+00
919692,4.0764290064534998e+03,3.6102798832173963e+00
919720,4.0764290064534998e+03,3.6102798832173963e+00
919752,4.0764290064534998e+03,3.6102798832173963e+00
919780,4.0764290064534998e+03,3.6102798832173963e+00
919808,4.0764290064534998e+03,3.6102798832173963e+00
919836,4.0764290064534998e+03,3.6102798832173963e+00
919868,4.0764290064534998e+03,3.6102798832173963e+00
919896,4.0764290064534998e+03,3.6102798832173963e+00
919924,4.0764290064534998e+03,3.6102798832173963e+00
919952,4.0764290064534998e+03,3.6102798832173963e+00
919984,4.0764290064534998e+03,3.6102798832173963e+00
920012,4.0764290064534998e+03,3.6102798832173963e+00
920040,4.0764290064534998e+03,3.6102798832173963e+00
920068,4.0764290064534998e+03,3.6102798832173963e+00
920100,4.0764290064534998e+03,3.6102798832173963e+00
920128,4.0764290064534998e+03,3.6102798832173963e+00
920156,4.0764290064534998e+03,3.6102798832173963e+00
920184,4.0764290064534998e+03,3.6102798832173963e+00
920216,4.0764290064534998e+03,3.6102798832173963e+00
920244,4.0764290064534998e+03,3.6102798832173963e+00
920272,4.0764290064534998e+03,3.6102798832173963e+00
920300,4.0764290064534998e+03,3.6102798832173963e+00
920332,4.0764290064534998e+03,3.6102798832173963e+00
920360,4.0764290064534998e+03,3.6102798832173963e+00
920388,4.0764290064534998e+03,3.6102798832173963e+00
920416,4.0764290064534998e+03,3.6102798832173963e+00
920448,4.0764290064534998e+03,3.6102798832173963e+00
920476,4.0764290064534998e+03,3.6102798832173963e+00
920504,4.0764290064534998e+03,3.6102798832173963e+00
920532,4.0764290064534998e+03,3.6102798832173963e+00
920564,4.0764290064534998e+03,3.6102798832173963e+00
920592,4.0764290064534998e+03,3.6102798832173963e+00
920620,4.0764290064534998e+03,3.6102798832173963e+00
920648,4.0764290064534998e+03,3.6102798832173963e+00
920680,4.0764290064534998e+03,3.6102798832173963e+00
920708,4.0764290064534998e+03,3.6102798832173963e+00
920736,4.0764290064534998e+03,3.6102798832173963e+00
920764,4.0764290064534998e+03,3.6102798832173963e+00
920796,4.0764290064534998e+03,3.6102798832173963e+00
920824,4.0764290064534998e+03,3.6102798832173963e+00
920852,4.0764290064534998e+03,3.6102798832173963e+00
920880,4.0764290064534998e+03,3.6102798832173963e+00
920912,4.0764290064534998e+03,3.6102798832173963e+00
920940,4.0764290064534998e+03,3.6102798832173963e+00
920968,4.0764290064534998e+03,3.6102798832173963e+00
920996,4.0764290064534998e+03,3.6102798832173963e+00
921028,4.0762496840811768e+03,3.6102607781551832e+00
921056,4.0762496840811768e+03,3.6102607781551832e+00
921084,4.0762496840811768e+03,3.6102607781551832e+00
921112,4.0762496840811768e+03,3.6102607781551832e+00
921144,4.0762496840811768e+03,3.6102607781551832e+00
921172,4.0762496840811768e+03,3.6102607781551832e+00
921200,4.0762496840811768e+03,3.6102607781551832e+00
921228,4.0762496840811768e+03,3.6102607781551832e+00
921260,4.0762496840811768e+03,3.6102607781551832e+00
921288,4.0762496840811768e+03,3.6102607781551832e+00
921316,4.0762496840811768e+03,3.6102607781551832e+00
921344,4.0762496840811768e+03,3.6102607781551832e+00
921376,4.0762496840811768e+03,3.6102607781551832e+00
921404,4.0762496840811768e+03,3.6102607781551832e+00
921432,4.0762496840811768e+03,3.6102607781551832e+00
921460,4.0762496840811768e+03,3.6102607781551832e+00
921492,4.0762496840811768e+03,3.6102607781551832e+00
921520,4.0762496840811768e+03,3.6102607781551832e+00
921548,4.0762496840811768e+03,3.6102607781551832e+00
921576,4.0762496840811768e+03,3.6102607781551832e+00
921608,4.0762496840811768e+03,3.6102607781551832e+00
921636,4.0762496840811768e+03,3.6102607781551832e+00
921664,4.0762496840811768e+03,3.6102607781551832e+00
921692,4.0762496840811768e+03,3.6102607781551832e+00
921724,4.0762496840811768e+03,3.6102607781551832e+00
921752,4.0762496840811768e+03,3.6102607781551832e+00
921780,4.0762496840811768e+03,3.6102607781551832e+00
921808,4.0762496840811768e+03,3.6102607781551832e+00
921840,4.0762496840811768e+03,3.6102607781551832e+00
921868,4.0762496840811768e+03,3.6102607781551832e+00
921896,4.0762496840811768e+03,3.6102607781551832e+00
921924,4.0762496840811768e+03,3.6102607781551832e+00
921956,4.0761637655999330e+03,3.6102516240752216e+00
921984,4.0761637655999330e+03,3.6102516240752216e+00
922012,4.0761637655999330e+03,3.6102516240752216e+00
922040,4.0761637655999330e+03,3.6102516240752216e+00
922072,4.0761637655999330e+03,3.6102516240752216e+00
922100,4.0761637655999330e+03,3.6102516240752216e+00
922128,4.0761637655999330e+03,3.6102516240752216e+00
922156,4.0761637655999330e+03,3.6102516240752216e+00
922188,4.0761637655999330e+03,3.6102516240752216e+00
922216,4.0761637655999330e+03,3.6102516240752216e+00
922244,4.0761637655999330e+03,3.6102516240752216e+00
922272,4.0761637655999330e+03,3.6102516240752216e+00
922304,4.0761637655999330e+03,3.6102516240752216e+00
922332,4.0761637655999330e+03,3.6102516240752216e+00
922360,4.0761637655999330e+03,3.6102516240752216e+00
922388,4.0761637655999330e+03,3.6102516240752216e+00
922420,4.0761637655999330e+03,3.6102516240752216e+00
922448,4.0761637655999330e+03,3.6102516240752216e+00
922476,4.0761637655999330e+03,3.6102516240752216e+00
922504,4.0761637655999330e+03,3.6102516240752216e+00
922536,4.0761637655999330e+03,3.6102516240752216e+00
922564,4.0761637655999330e+03,3.6102516240752216e+00
922592,4.0761637655999330e+03,3.6102516240752216e+00
922620,4.0761637655999330e+03,3.6102516240752216e+00
922652,4.0761637655999330e+03,3.6102516240752216e+00
922680,4.0761637655999330e+03,3.6102516240752216e+00
922708,4.0761637655999330e+03,3.6102516240752216e+00
922736,4.0761637655999330e+03,3.6102516240752216e+00
922768,4.0761637655999330e+03,3.6102516240752216e+00
922796,4.0761637655999330e+03,3.6102516240752216e+00
922824,4.0761637655999330e+03,3.6102516240752216e+00
922852,4.0761637655999330e+03,3.6102516240752216e+00
922884,4.0761637655999330e+03,3.6102516240752216e+00
922912,4.0761637655999330e+03,3.6102516240752216e+00
922940,4.0761637655999330e+03,3.6102516240752216e+00
922968,4.0761637655999330e+03,3.6102516240752216e+00
923000,4.0761637655999330e+03,3.6102516240752216e+00
923028,4.0761637655999330e+03,3.6102516240752216e+00
923056,4.0761637655999330e+03,3.6102516240752216e+00
923084,4.0761637655999330e+03,3.6102516240752216e+00
923116,4.0761637655999330e+03,3.6102516240752216e+00
923144,4.0761637655999330e+03,3.6102516240752216e+00
923172,4.0761637655999330e+03,3.6102516240752216e+00
923200,4.0761637655999330e+03,3.6102516240752216e+00
923232,4.0761637655999330e+03,3.6102516240752216e+00
923260,4.0761637655999330e+03,3.6102516240752216e+00
923288,4.0761637655999330e+03,3.6102516240752216e+00
923316,4.0761637655999330e+03,3.6102516240752216e+00
923348,4.0761637655999330e+03,3.6102516240752216e+00
923376,4.0761637655999330e+03,3.6102516240752216e+00
923404,4.0761637655999330e+03,3.6102516240752216e+00
923432,4.0761637655999330e+03,3.6102516240752216e+00
923464,4.0761637655999330e+03,3.6102516240752216e+00
923492,4.0761637655999330e+03,3.6102516240752216e+00
923520,4.0761637655999330e+03,3.6102516240752216e+00
923548,4.0761637655999330e+03,3.6102516240752216e+00
923580,4.0761637655999330e+03,3.6102516240752216e+00
923608,4.0761637655999330e+03,3.6102516240752216e+00
923636,4.0761637655999330e+03,3.6102516240752216e+00
923664,4.0761637655999330e+03,3.6102516240752216e+00
923696,4.0761637655999330e+03,3.6102516240752216e+00
923724,4.0761637655999330e+03,3.6102516240752216e+00
923752,4.0761637655999330e+03,3.6102516240752216e+00
923780,4.0761637655999330e+03,3.6102516240752216e+00
923812,4.0761637655999330e+03,3.6102516240752216e+00
923840,4.0761637655999330e+03,3.6102516240752216e+00
923868,4.0761637655999330e+03,3.6102516240752216e+00
923896,4.0761637655999330e+03,3.6102516240752216e+00
923928,4.0761637655999330e+03,3.6102516240752216e+00
923956,4.0761637655999330e+03,3.6102516240752216e+00
923984,4.0761637655999330e+03,3.6102516240752216e+00
924012,4.0761637655999330e+03,3.6102516240752216e+00
924044,4.0761637655999330e+03,3.6102516240752216e+00
924072,4.0761637655999330e+03,3.6102516240752216e+00
924100,4.0761637655999330e+03,3.6102516240752216e+00
924128,4.0761637655999330e+03,3.6102516240752216e+00
924160,4.0761637655999330e+03,3.6102516240752216e+00
924188,4.0761637655999330e+03,3.6102516240752216e+00
924216,4.0761637655999330e+03,3.6102516240752216e+00
924244,4.0761637655999330e+03,3.6102516240752216e+00
924276,4.0761637655999330e+03,3.6102516240752216e+00
924304,4.0761637655999330e+03,3.6102516240752216e+00
924332,4.0761637655999330e+03,3.6102516240752216e+00
924360,4.0761637655999330e+03,3.6102516240752216e+00
924392,4.0761637655999330e+03,3.6102516240752216e+00
924420,4.0761637655999330e+03,3.6102516240752216e+00
924448,4.0761637655999330e+03,3.6102516240752216e+00
924476,4.0761637655999330e+03,3.6102516240752216e+00
924508,4.0761637655999330e+03,3.6102516240752216e+00
924536,4.0761637655999330e+03,3.6102516240752216e+00
924564,4.0761637655999330e+03,3.6102516240752216e+00
924592,4.0761637655999330e+03,3.6102516240752216e+00
924624,4.0761637655999330e+03,3.6102516240752216e+00
924652,4.0761637655999330e+03,3.6102516240752216e+00
924680,4.0761637655999330e+03,3.6102516240752216e+00
924708,4.0761637655999330e+03,3.6102516240752216e+00
924740,4.0761459998578775e+03,3.6102497312217938e+00
924768,4.0761459998578775e+03,3.6102497312217938e+00
924796,4.0761459998578775e+03,3.6102497312217938e+00
924824,4.0761459998578775e+03,3.6102497312217938e+00
924856,4.0760945200116130e+03,3.6102442462479125e+00
924884,4.0760945200116130e+03,3.6102442462479125e+00
924912,4.0760945200116130e+03,3.6102442462479125e+00
924940,4.0760945200116130e+03,3.6102442462479125e+00
924972,4.0760945200116130e+03,3.6102442462479125e+00
925000,4.0760945200116130e+03,3.6102442462479125e+00
925028,4.0760945200116130e+03,3.6102442462479125e+00
925056,4.0760945200116130e+03,3.6102442462479125e+00
925088,4.0760945200116130e+03,3.6102442462479125e+00
925116,4.0760945200116130e+03,3.6102442462479125e+00
925144,4.0760945200116130e+03,3.6102442462479125e+00
925172,4.0760945200116130e+03,3.6102442462479125e+00
925204,4.0760945200116130e+03,3.6102442462479125e+00
925232,4.0760945200116130e+03,3.6102442462479125e+00
925260,4.0760945200116130e+03,3.6102442462479125e+00
925288,4.0760945200116130e+03,3.6102442462479125e+00
925320,4.0760945200116130e+03,3.6102442462479125e+00
925348,4.0760945200116130e+03,3.6102442462479125e+00
925376,4.0760945200116130e+03,3.6102442462479125e+00
925404,4.0760945200116130e+03,3.6102442462479125e+00
925436,4.0760945200116130e+03,3.6102442462479125e+00
925464,4.0760945200116130e+03,3.6102442462479125e+00
925492,4.0760945200116130e+03,3.6102442462479125e+00
925520,4.0760945200116130e+03,3.6102442462479125e+00
925552,4.0760653515868521e+03,3.6102411384369475e+00
925580,4.0760653515868521e+03,3.6102411384369475e+00
925608,4.0760653515868521e+03,3.6102411384369475e+00
925636,4.0760653515868521e+03,3.6102411384369475e+00
925668,4.0759224242312212e+03,3.6102259096207185e+00
925696,4.0759224242312212e+03,3.6102259096207185e+00
925724,4.0759224242312212e+03,3.6102259096207185e+00
925752,4.0759224242312212e+03,3.6102259096207185e+00
925784,4.0759224242312212e+03,3.6102259096207185e+00
925812,4.0759224242312212e+03,3.6102259096207185e+00
925840,4.0759224242312212e+03,3.6102259096207185e+00
925868,4.0759224242312212e+03,3.6102259096207185e+00
925900,4.0759224242312212e+03,3.6102259096207185e+00
925928,4.0759224242312212e+03,3.6102259096207185e+00
925956,4.0759224242312212e+03,3.6102259096207185e+00
925984,4.0759224242312212e+03,3.6102259096207185e+00
926016,4.0759224242312212e+03,3.6102259096207185e+00
926044,4.0759224242312212e+03,3.6102259096207185e+00
926072,4.0759224242312212e+03,3.6102259096207185e+00
926100,4.0759224242312212e+03,3.6102259096207185e+00
926132,4.0759224242312212e+03,3.6102259096207185e+00
926160,4.0759224242312212e+03,3.6102259096207185e+00
926188,4.0759224242312212e+03,3.6102259096207185e+00
926216,4.0759224242312212e+03,3.6102259096207185e+00
926248,4.0759224242312212e+03,3.6102259096207185e+00
926276,4.0759224242312212e+03,3.6102259096207185e+00
926304,4.0759224242312212e+03,3.6102259096207185e+00
926332,4.0759224242312212e+03,3.6102259096207185e+00
926364,4.0759224242312212e+03,3.6102259096207185e+00
926392,4.0759224242312212e+03,3.6102259096207185e+00
926420,4.0759224242312212e+03,3.6102259096207185e+00
926448,4.0759224242312212e+03,3.6102259096207185e+00
926480,4.0759224242312212e+03,3.6102259096207185e+00
926508,4.0759224242312212e+03,3.6102259096207185e+00
926536,4.0759224242312212e+03,3.6102259096207185e+00
926564,4.0759224242312212e+03,3.6102259096207185e+00
926596,4.0759224242312212e+03,3.6102259096207185e+00
926624,4.0759224242312212e+03,3.6102259096207185e+00
926652,4.0759224242312212e+03,3.6102259096207185e+00
926680,4.0759224242312212e+03,3.6102259096207185e+00
926712,4.0759224242312212e+03,3.6102259096207185e+00
926740,4.0759224242312212e+03,3.6102259096207185e+00
926768,4.0759224242312212e+03,3.6102259096207185e+00
926796,4.0759224242312212e+03,3.6102259096207185e+00
926828,4.0759224242312212e+03,3.6102259096207185e+00
926856,4.0759224242312212e+03,3.6102259096207185e+00
926884,4.0759224242312212e+03,3.6102259096207185e+00
926912,4.0759224242312212e+03,3.6102259096207185e+00
926944,4.0759224242312212e+03,3.6102259096207185e+00
926972,4.0759224242312212e+03,3.6102259096207185e+00
927000,4.0759224242312212e+03,3.6102259096207185e+00
927028,4.0759224242312212e+03,3.6102259096207185e+00
927060,4.0759224242312212e+03,3.6102259096207185e+00
927088,4.0759224242312212e+03,3.6102259096207185e+00
927116,4.0759224242312212e+03,3.6102259096207185e+00
927144,4.0759224242312212e+03,3.6102259096207185e+00
927176,4.0759224242312212e+03,3.6102259096207185e+00
927204,4.0759224242312212e+03,3.6102259096207185e+00
927232,4.0759224242312212e+03,3.6102259096207185e+00
927260,4.0759224242312212e+03,3.6102259096207185e+00
927292,4.0758351703565008e+03,3.6102166125149404e+00
927320,4.0758351703565008e+03,3.6102166125149404e+00
927348,4.0758351703565008e+03,3.6102166125149404e+00
927376,4.0758351703565008e+03,3.6102166125149404e+00
927408,4.0756338993656741e+03,3.6101951658579137e+00
927436,4.0756338993656741e+03,3.6101951658579137e+00
927464,4.0756338993656741e+03,3.6101951658579137e+00
927492,4.0756338993656741e+03,3.6101951658579137e+00
927524,4.0755909367489421e+03,3.6101905877907519e+00
927552,4.0755909367489421e+03,3.6101905877907519e+00
927580,4.0755909367489421e+03,3.6101905877907519e+00
927608,4.0755909367489421e+03,3.6101905877907519e+00
927640,4.0755909367489421e+03,3.6101905877907519e+00
927668,4.0755909367489421e+03,3.6101905877907519e+00
927696,4.0755909367489421e+03,3.6101905877907519e+00
927724,4.0755909367489421e+03,3.6101905877907519e+00
927756,4.0755909367489421e+03,3.6101905877907519e+00
927784,4.0755909367489421e+03,3.6101905877907519e+00
927812,4.0755909367489421e+03,3.6101905877907519e+00
927840,4.0755909367489421e+03,3.6101905877907519e+00
927872,4.0755598047176459e+03,3.6101872703525566e+00
927900,4.0755598047176459e+03,3.6101872703525566e+00
927928,4.0755598047176459e+03,3.6101872703525566e+00
927956,4.0755598047176459e+03,3.6101872703525566e+00
927988,4.0755598047176459e+03,3.6101872703525566e+00
928016,4.0755598047176459e+03,3.6101872703525566e+00
928044,4.0755598047176459e+03,3.6101872703525566e+00
928072,4.0755598047176459e+03,3.6101872703525566e+00
928104,4.0755598047176459e+03,3.6101872703525566e+00
928132,4.0755598047176459e+03,3.6101872703525566e+00
928160,4.0755598047176459e+03,3.6101872703525566e+00
928188,4.0755598047176459e+03,3.6101872703525566e+00
928220,4.0755598047176459e+03,3.6101872703525566e+00
928248,4.0755598047176459e+03,3.6101872703525566e+00
928276,4.0755598047176459e+03,3.6101872703525566e+00
928304,4.0755598047176459e+03,3.6101872703525566e+00
928336,4.0755598047176459e+03,3.6101872703525566e+00
928364,4.0755598047176459e+03,3.6101872703525566e+00
928392,4.0755598047176459e+03,3.6101872703525566e+00
928420,4.0755598047176459e+03,3.6101872703525566e+00
928452,4.0755598047176459e+03,3.6101872703525566e+00
928480,4.0755598047176459e+03,3.6101872703525566e+00
928508,4.0755598047176459e+03,3.6101872703525566e+00
928536,4.0755598047176459e+03,3.6101872703525566e+00
928568,4.0755598047176459e+03,3.6101872703525566e+00
928596,4.0755598047176459e+03,3.6101872703525566e+00
928624,4.0755598047176459e+03,3.6101872703525566e+00
928652,4.0755598047176459e+03,3.6101872703525566e+00
928684,4.0755488970985689e+03,3.6101861080275408e+00
928711,4.0755488970985689e+03,3.6101861080275408e+00
928738,4.0755488970985689e+03,3.6101861080275408e+00
928765,4.0755488970985689e+03,3.6101861080275408e+00
928796,4.0755488970985689e+03,3.6101861080275408e+00
928823,4.0755488970985689e+03,3.6101861080275408e+00
928850,4.0755488970985689e+03,3.6101861080275408e+00
928877,4.0755488970985689e+03,3.6101861080275408e+00
928908,4.0755488970985689e+03,3.6101861080275408e+00
928935,4.0755488970985689e+03,3.6101861080275408e+00
928962,4.0755488970985689e+03,3.6101861080275408e+00
928989,4.0755488970985689e+03,3.6101861080275408e+00
929020,4.0755488970985689e+03,3.6101861080275408e+00
929047,4.0755488970985689e+03,3.6101861080275408e+00
929074,4.0755488970985689e+03,3.6101861080275408e+00
929101,4.0755488970985689e+03,3.6101861080275408e+00
929132,4.0755488970985689e+03,3.6101861080275408e+00
929159,4.0755488970985689e+03,3.6101861080275408e+00
929186,4.0755488970985689e+03,3.6101861080275408e+00
929213,4.0755488970985689e+03,3.6101861080275408e+00
929244,4.0754020340092188e+03,3.6101704578709279e+00
929271,4.0754020340092188e+03,3.6101704578709279e+00
929298,4.0754020340092188e+03,3.6101704578709279e+00
929325,4.0754020340092188e+03,3.6101704578709279e+00
929356,4.0751392245738589e+03,3.6101424507278472e+00
929383,4.0751392245738589e+03,3.6101424507278472e+00
929410,4.0751392245738589e+03,3.6101424507278472e+00
929437,4.0751392245738589e+03,3.6101424507278472e+00
929468,4.0751392245738589e+03,3.6101424507278472e+00
929495,4.0751392245738589e+03,3.6101424507278472e+00
929522,4.0751392245738589e+03,3.6101424507278472e+00
929549,4.0751392245738589e+03,3.6101424507278472e+00
929580,4.0751392245738589e+03,3.6101424507278472e+00
929607,4.0751392245738589e+03,3.6101424507278472e+00
929634,4.0751392245738589e+03,3.6101424507278472e+00
929661,4.0751392245738589e+03,3.6101424507278472e+00
929692,4.0751392245738589e+03,3.6101424507278472e+00
929719,4.0751392245738589e+03,3.6101424507278472e+00
929746,4.0751392245738589e+03,3.6101424507278472e+00
929773,4.0751392245738589e+03,3.6101424507278472e+00
929804,4.0751392245738589e+03,3.6101424507278472e+00
929831,4.0751392245738589e+03,3.6101424507278472e+00
929858,4.0751392245738589e+03,3.6101424507278472e+00
929885,4.0751392245738589e+03,3.6101424507278472e+00
929916,4.0751392245738589e+03,3.6101424507278472e+00
929943,4.0751392245738589e+03,3.6101424507278472e+00
929970,4.0751392245738589e+03,3.6101424507278472e+00
929997,4.0751392245738589e+03,3.6101424507278472e+00
930028,4.0751392245738589e+03,3.6101424507278472e+00
930055,4.0751392245738589e+03,3.6101424507278472e+00
930082,4.0751392245738589e+03,3.6101424507278472e+00
930109,4.0751392245738589e+03,3.6101424507278472e+00
930140,4.0751392245738589e+03,3.6101424507278472e+00
930167,4.0751392245738589e+03,3.6101424507278472e+00
930194,4.0751392245738589e+03,3.6101424507278472e+00
930221,4.0751392245738589e+03,3.6101424507278472e+00
930252,4.0750609857119248e+03,3.6101341125999156e+00
930279,4.0750609857119248e+03,3.6101341125999156e+00
930306,4.0750609857119248e+03,3.6101341125999156e+00
930333,4.0750609857119248e+03,3.6101341125999156e+00
930364,4.0750609857119248e+03,3.6101341125999156e+00
930391,4.0750609857119248e+03,3.6101341125999156e+00
930418,4.0750609857119248e+03,3.6101341125999156e+00
930445,4.0750609857119248e+03,3.6101341125999156e+00
930476,4.0750030186874560e+03,3.6101279347934971e+00
930503,4.0750030186874560e+03,3.6101279347934971e+00
930530,4.0750030186874560e+03,3.6101279347934971e+00
930557,4.0750030186874560e+03,3.6101279347934971e+00
930588,4.0750030186874560e+03,3.6101279347934971e+00
930615,4.0750030186874560e+03,3.6101279347934971e+00
930642,4.0750030186874560e+03,3.6101279347934971e+00
930669,4.0750030186874560e+03,3.6101279347934971e+00
930700,4.0747958988368109e+03,3.6101058603818075e+00
930727,4.0747958988368109e+03,3.6101058603818075e+00
930754,4.0747958988368109e+03,3.6101058603818075e+00
930781,4.0747958988368109e+03,3.6101058603818075e+00
930812,4.0747958988368109e+03,3.6101058603818075e+00
930839,4.0747958988368109e+03,3.6101058603818075e+00
930866,4.0747958988368109e+03,3.6101058603818075e+00
930893,4.0747958988368109e+03,3.6101058603818075e+00
930924,4.0747958988368109e+03,3.6101058603818075e+00
930951,4.0747958988368109e+03,3.6101058603818075e+00
930978,4.0747958988368109e+03,3.6101058603818075e+00
931005,4.0747958988368109e+03,3.6101058603818075e+00
931036,4.0747958988368109e+03,3.6101058603818075e+00
931063,4.0747958988368109e+03,3.6101058603818075e+00
931090,4.0747958988368109e+03,3.6101058603818075e+00
931117,4.0747958988368109e+03,3.6101058603818075e+00
931148,4.0747958988368109e+03,3.6101058603818075e+00
931175,4.0747958988368109e+03,3.6101058603818075e+00
931202,4.0747958988368109e+03,3.6101058603818075e+00
931229,4.0747958988368109e+03,3.6101058603818075e+00
931260,4.0747958988368109e+03,3.6101058603818075e+00
931287,4.0747958988368109e+03,3.6101058603818075e+00
931314,4.0747958988368109e+03,3.6101058603818075e+00
931341,4.0747958988368109e+03,3.6101058603818075e+00
931372,4.0747958988368109e+03,3.6101058603818075e+00
931399,4.0747958988368109e+03,3.6101058603818075e+00
931426,4.0747958988368109e+03,3.6101058603818075e+00
931453,4.0747958988368109e+03,3.6101058603818075e+00
931484,4.0747868974645949e+03,3.6101049010084552e+00
931511,4.0747868974645949e+03,3.6101049010084552e+00
931538,4.0747868974645949e+03,3.6101049010084552e+00
931565,4.0747868974645949e+03,3.6101049010084552e+00
931596,4.0747868974645949e+03,3.6101049010084552e+00
931623,4.0747868974645949e+03,3.6101049010084552e+00
931650,4.0747868974645949e+03,3.6101049010084552e+00
931677,4.0747868974645949e+03,3.6101049010084552e+00
931708,4.0746502067064962e+03,3.6100903321391660e+00
931735,4.0746502067064962e+03,3.6100903321391660e+00
931762,4.0746502067064962e+03,3.6100903321391660e+00
931789,4.0746502067064962e+03,3.6100903321391660e+00
931820,4.0746502067064962e+03,3.6100903321391660e+00
931847,4.0746502067064962e+03,3.6100903321391660e+00
931874,4.0746502067064962e+03,3.6100903321391660e+00
931901,4.0746502067064962e+03,3.6100903321391660e+00
931932,4.0746502067064962e+03,3.6100903321391660e+00
931959,4.0746502067064962e+03,3.6100903321391660e+00
931986,4.0746502067064962e+03,3.6100903321391660e+00
932013,4.0746502067064962e+03,3.6100903321391660e+00
932044,4.0746502067064962e+03,3.6100903321391660e+00
932071,4.0746502067064962e+03,3.6100903321391660e+00
932098,4.0746502067064962e+03,3.6100903321391660e+00
932125,4.0746502067064962e+03,3.6100903321391660e+00
932156,4.0746502067064962e+03,3.6100903321391660e+00
932183,4.0746502067064962e+03,3.6100903321391660e+00
932210,4.0746502067064962e+03,3.6100903321391660e+00
932237,4.0746502067064962e+03,3.6100903321391660e+00
932268,4.0746502067064962e+03,3.6100903321391660e+00
932295,4.0746502067064962e+03,3.6100903321391660e+00
932322,4.0746502067064962e+03,3.6100903321391660e+00
932349,4.0746502067064962e+03,3.6100903321391660e+00
932380,4.0746502067064962e+03,3.6100903321391660e+00
932407,4.0746502067064962e+03,3.6100903321391660e+00
932434,4.0746502067064962e+03,3.6100903321391660e+00
932461,4.0746502067064962e+03,3.6100903321391660e+00
932492,4.0746502067064962e+03,3.6100903321391660e+00
932519,4.0746502067064962e+03,3.6100903321391660e+00
932546,4.0746502067064962e+03,3.6100903321391660e+00
932573,4.0746502067064962e+03,3.6100903321391660e+00
932604,4.0746502067064962e+03,3.6100903321391660e+00
932631,4.0746502067064962e+03,3.6100903321391660e+00
932658,4.0746502067064962e+03,3.6100903321391660e+00
932685,4.0746502067064962e+03,3.6100903321391660e+00
932716,4.0746502067064962e+03,3.6100903321391660e+00
932743,4.0746502067064962e+03,3.6100903321391660e+00
932770,4.0746502067064962e+03,3.6100903321391660e+00
932797,4.0746502067064962e+03,3.6100903321391660e+00
932828,4.0746502067064962e+03,3.6100903321391660e+00
932855,4.0746502067064962e+03,3.6100903321391660e+00
932882,4.0746502067064962e+03,3.6100903321391660e+00
932909,4.0746502067064962e+03,3.6100903321391660e+00
932940,4.0746502067064962e+03,3.6100903321391660e+00
932967,4.0746502067064962e+03,3.6100903321391660e+00
932994,4.0746502067064962e+03,3.6100903321391660e+00
933021,4.0746502067064962e+03,3.6100903321391660e+00
933052,4.0746502067064962e+03,3.6100903321391660e+00
933079,4.0746502067064962e+03,3.6100903321391660e+00
933106,4.0746502067064962e+03,3.6100903321391660e+00
933133,4.0746502067064962e+03,3.6100903321391660e+00
933164,4.0746502067064962e+03,3.6100903321391660e+00
933191,4.0746502067064962e+03,3.6100903321391660e+00
933218,4.0746502067064962e+03,3.6100903321391660e+00
933245,4.0746502067064962e+03,3.6100903321391660e+00
933276,4.0746502067064962e+03,3.6100903321391660e+00
933303,4.0746502067064962e+03,3.6100903321391660e+00
933330,4.0746502067064962e+03,3.6100903321391660e+00
933357,4.0746502067064962e+03,3.6100903321391660e+00
933388,4.0746502067064962e+03,3.6100903321391660e+00
933415,4.0746502067064962e+03,3.6100903321391660e+00
933442,4.0746502067064962e+03,3.6100903321391660e+00
933469,4.0746502067064962e+03,3.6100903321391660e+00
933500,4.0746502067064962e+03,3.6100903321391660e+00
933527,4.0746502067064962e+03,3.6100903321391660e+00
933554,4.0746502067064962e+03,3.6100903321391660e+00
933581,4.0746502067064962e+03,3.6100903321391660e+00
933612,4.0745251955170311e+03,3.6100770076818840e+00
933639,4.0745251955170311e+03,3.6100770076818840e+00
933666,4.0745251955170311e+03,3.6100770076818840e+00
933693,4.0745251955170311e+03,3.6100770076818840e+00
933724,4.0745251955170311e+03,3.6100770076818840e+00
933751,4.0745251955170311e+03,3.6100770076818840e+00
933778,4.0745251955170311e+03,3.6100770076818840e+00
933805,4.0745251955170311e+03,3.6100770076818840e+00
933836,4.0745251955170311e+03,3.6100770076818840e+00
933863,4.0745251955170311e+03,3.6100770076818840e+00
933890,4.0745251955170311e+03,3.6100770076818840e+00
933917,4.0745251955170311e+03,3.6100770076818840e+00
933948,4.0745251955170311e+03,3.6100770076818840e+00
933975,4.0745251955170311e+03,3.6100770076818840e+00
934002,4.0745251955170311e+03,3.6100770076818840e+00
934029,4.0745251955170311e+03,3.6100770076818840e+00
934060,4.0744901888382401e+03,3.6100732763826504e+00
934087,4.0744901888382401e+03,3.6100732763826504e+00
934114,4.0744901888382401e+03,3.6100732763826504e+00
934141,4.0744901888382401e+03,3.6100732763826504e+00
934172,4.0744901888382401e+03,3.6100732763826504e+00
934199,4.0744901888382401e+03,3.6100732763826504e+00
934226,4.0744901888382401e+03,3.6100732763826504e+00
934253,4.0744901888382401e+03,3.6100732763826504e+00
934284,4.0744901888382401e+03,3.6100732763826504e+00
934311,4.0744901888382401e+03,3.6100732763826504e+00
934338,4.0744901888382401e+03,3.6100732763826504e+00
934365,4.0744901888382401e+03,3.6100732763826504e+00
934396,4.0744901888382401e+03,3.6100732763826504e+00
934423,4.0744901888382401e+03,3.6100732763826504e+00
934450,4.0744901888382401e+03,3.6100732763826504e+00
934477,4.0744901888382401e+03,3.6100732763826504e+00
934508,4.0744901888382401e+03,3.6100732763826504e+00
934535,4.0744901888382401e+03,3.6100732763826504e+00
934562,4.0744901888382401e+03,3.6100732763826504e+00
934589,4.0744901888382401e+03,3.6100732763826504e+00
934620,4.0744901888382401e+03,3.6100732763826504e+00
934647,4.0744901888382401e+03,3.6100732763826504e+00
934674,4.0744901888382401e+03,3.6100732763826504e+00
934701,4.0744901888382401e+03,3.6100732763826504e+00
934732,4.0744901888382401e+03,3.6100732763826504e+00
934759,4.0744901888382401e+03,3.6100732763826504e+00
934786,4.0744901888382401e+03,3.6100732763826504e+00
934813,4.0744901888382401e+03,3.6100732763826504e+00
934844,4.0744901888382401e+03,3.6100732763826504e+00
934871,4.0744901888382401e+03,3.6100732763826504e+00
934898,4.0744901888382401e+03,3.6100732763826504e+00
934925,4.0744901888382401e+03,3.6100732763826504e+00
934956,4.0744901888382401e+03,3.6100732763826504e+00
934983,4.0744901888382401e+03,3.6100732763826504e+00
935010,4.0744901888382401e+03,3.6100732763826504e+00
935037,4.0744901888382401e+03,3.6100732763826504e+00
935068,4.0744786129773811e+03,3.6100720425253083e+00
935095,4.0744786129773811e+03,3.6100720425253083e+00
935122,4.0744786129773811e+03,3.6100720425253083e+00
935149,4.0744786129773811e+03,3.6100720425253083e+00
935180,4.0744786129773811e+03,3.6100720425253083e+00
935207,4.0744786129773811e+03,3.6100720425253083e+00
935234,4.0744786129773811e+03,3.6100720425253083e+00
935261,4.0744786129773811e+03,3.6100720425253083e+00
935292,4.0744786129773811e+03,3.6100720425253083e+00
935319,4.0744786129773811e+03,3.6100720425253083e+00
935346,4.0744786129773811e+03,3.6100720425253083e+00
935373,4.0744786129773811e+03,3.6100720425253083e+00
935404,4.0744786129773811e+03,3.6100720425253083e+00
935431,4.0744786129773811e+03,3.6100720425253083e+00
935458,4.0744786129773811e+03,3.6100720425253083e+00
935485,4.0744786129773811e+03,3.6100720425253083e+00
935516,4.0744786129773811e+03,3.6100720425253083e+00
935543,4.0744786129773811e+03,3.6100720425253083e+00
935570,4.0744786129773811e+03,3.6100720425253083e+00
935597,4.0744786129773811e+03,3.6100720425253083e+00
935628,4.0744786129773811e+03,3.6100720425253083e+00
935655,4.0744786129773811e+03,3.6100720425253083e+00
935682,4.0744786129773811e+03,3.6100720425253083e+00
935709,4.0744786129773811e+03,3.6100720425253083e+00
935740,4.0744786129773811e+03,3.6100720425253083e+00
935767,4.0744786129773811e+03,3.6100720425253083e+00
935794,4.0744786129773811e+03,3.6100720425253083e+00
935821,4.0744786129773811e+03,3.6100720425253083e+00
935852,4.0744786129773811e+03,3.6100720425253083e+00
935879,4.0744786129773811e+03,3.6100720425253083e+00
935906,4.0744786129773811e+03,3.6100720425253083e+00
935933,4.0744786129773811e+03,3.6100720425253083e+00
935964,4.0744786129773811e+03,3.6100720425253083e+00
935991,4.0744786129773811e+03,3.6100720425253083e+00
936018,4.0744786129773811e+03,3.6100720425253083e+00
936045,4.0744786129773811e+03,3.6100720425253083e+00
936076,4.0744786129773811e+03,3.6100720425253083e+00
936103,4.0744786129773811e+03,3.6100720425253083e+00
936130,4.0744786129773811e+03,3.6100720425253083e+00
936157,4.0744786129773811e+03,3.6100720425253083e+00
936188,4.0744525122924751e+03,3.6100692604712563e+00
936215,4.0744525122924751e+03,3.6100692604712563e+00
936242,4.0744525122924751e+03,3.6100692604712563e+00
936269,4.0744525122924751e+03,3.6100692604712563e+00
936300,4.0744525122924751e+03,3.6100692604712563e+00
936327,4.0744525122924751e+03,3.6100692604712563e+00
936354,4.0744525122924751e+03,3.6100692604712563e+00
936381,4.0744525122924751e+03,3.6100692604712563e+00
936412,4.0744525122924751e+03,3.6100692604712563e+00
936439,4.0744525122924751e+03,3.6100692604712563e+00
936466,4.0744525122924751e+03,3.6100692604712563e+00
936493,4.0744525122924751e+03,3.6100692604712563e+00
936524,4.0744525122924751e+03,3.6100692604712563e+00
936551,4.0744525122924751e+03,3.6100692604712563e+00
936578,4.0744525122924751e+03,3.6100692604712563e+00
936605,4.0744525122924751e+03,3.6100692604712563e+00
936636,4.0744525122924751e+03,3.6100692604712563e+00
936663,4.0744525122924751e+03,3.6100692604712563e+00
936690,4.0744525122924751e+03,3.6100692604712563e+00
936717,4.0744525122924751e+03,3.6100692604712563e+00
936748,4.0744236908153712e+03,3.6100661883891298e+00
936775,4.0744236908153712e+03,3.6100661883891298e+00
936802,4.0744236908153712e+03,3.6100661883891298e+00
936829,4.0744236908153712e+03,3.6100661883891298e+00
936860,4.0744236908153712e+03,3.6100661883891298e+00
936887,4.0744236908153712e+03,3.6100661883891298e+00
936914,4.0744236908153712e+03,3.6100661883891298e+00
936941,4.0744236908153712e+03,3.6100661883891298e+00
936972,4.0744236908153712e+03,3.6100661883891298e+00
936999,4.0744236908153712e+03,3.6100661883891298e+00
937026,4.0744236908153712e+03,3.6100661883891298e+00
937053,4.0744236908153712e+03,3.6100661883891298e+00
937084,4.0744236908153712e+03,3.6100661883891298e+00
937111,4.0744236908153712e+03,3.6100661883891298e+00
937138,4.0744236908153712e+03,3.6100661883891298e+00
937165,4.0744236908153712e+03,3.6100661883891298e+00
937196,4.0744236908153712e+03,3.6100661883891298e+00
937223,4.0744236908153712e+03,3.6100661883891298e+00
937250,4.0744236908153712e+03,3.6100661883891298e+00
937277,4.0744236908153712e+03,3.6100661883891298e+00
937308,4.0744236908153712e+03,3.6100661883891298e+00
937335,4.0744236908153712e+03,3.6100661883891298e+00
937362,4.0744236908153712e+03,3.6100661883891298e+00
937389,4.0744236908153712e+03,3.6100661883891298e+00
937420,4.0744236908153712e+03,3.6100661883891298e+00
937447,4.0744236908153712e+03,3.6100661883891298e+00
937474,4.0744236908153712e+03,3.6100661883891298e+00
937501,4.0744236908153712e+03,3.6100661883891298e+00
937532,4.0744236908153712e+03,3.6100661883891298e+00
937559,4.0744236908153712e+03,3.6100661883891298e+00
937586,4.0744236908153712e+03,3.6100661883891298e+00
937613,4.0744236908153712e+03,3.6100661883891298e+00
937644,4.0744236908153712e+03,3.6100661883891298e+00
937671,4.0744236908153712e+03,3.6100661883891298e+00
937698,4.0744236908153712e+03,3.6100661883891298e+00
937725,4.0744236908153712e+03,3.6100661883891298e+00
937756,4.0744236908153712e+03,3.6100661883891298e+00
937783,4.0744236908153712e+03,3.6100661883891298e+00
937810,4.0744236908153712e+03,3.6100661883891298e+00
937837,4.0744236908153712e+03,3.6100661883891298e+00
937868,4.0744236908153712e+03,3.6100661883891298e+00
937895,4.0744236908153712e+03,3.6100661883891298e+00
937922,4.0744236908153712e+03,3.6100661883891298e+00
937949,4.0744236908153712e+03,3.6100661883891298e+00
937980,4.0744236908153712e+03,3.6100661883891298e+00
938007,4.0744236908153712e+03,3.6100661883891298e+00
938034,4.0744236908153712e+03,3.6100661883891298e+00
938061,4.0744236908153712e+03,3.6100661883891298e+00
938092,4.0744236908153712e+03,3.6100661883891298e+00
938119,4.0744236908153712e+03,3.6100661883891298e+00
938146,4.0744236908153712e+03,3.6100661883891298e+00
938173,4.0744236908153712e+03,3.6100661883891298e+00
938204,4.0744236908153712e+03,3.6100661883891298e+00
938231,4.0744236908153712e+03,3.6100661883891298e+00
938258,4.0744236908153712e+03,3.6100661883891298e+00
938285,4.0744236908153712e+03,3.6100661883891298e+00
938316,4.0744236908153712e+03,3.6100661883891298e+00
938343,4.0744236908153712e+03,3.6100661883891298e+00
938370,4.0744236908153712e+03,3.6100661883891298e+00
938397,4.0744236908153712e+03,3.6100661883891298e+00
938428,4.0744236908153712e+03,3.6100661883891298e+00
938455,4.0744236908153712e+03,3.6100661883891298e+00
938482,4.0744236908153712e+03,3.6100661883891298e+00
938509,4.0744236908153712e+03,3.6100661883891298e+00
938540,4.0744236908153712e+03,3.6100661883891298e+00
938567,4.0744236908153712e+03,3.6100661883891298e+00
938594,4.0744236908153712e+03,3.6100661883891298e+00
938621,4.0744236908153712e+03,3.6100661883891298e+00
938652,4.0744236908153712e+03,3.6100661883891298e+00
938679,4.0744236908153712e+03,3.6100661883891298e+00
938706,4.0744236908153712e+03,3.6100661883891298e+00
938733,4.0744236908153712e+03,3.6100661883891298e+00
938764,4.0744236908153712e+03,3.6100661883891298e+00
938791,4.0744236908153712e+03,3.6100661883891298e+00
938818,4.0744236908153712e+03,3.6100661883891298e+00
938845,4.0744236908153712e+03,3.6100661883891298e+00
938876,4.0743792008088571e+03,3.6100614461553109e+00
938903,4.0743792008088571e+03,3.6100614461553109e+00
938930,4.0743792008088571e+03,3.6100614461553109e+00
938957,4.0743792008088571e+03,3.6100614461553109e+00
938988,4.0743792008088571e+03,3.6100614461553109e+00
939015,4.0743792008088571e+03,3.6100614461553109e+00
939042,4.0743792008088571e+03,3.6100614461553109e+00
939069,4.0743792008088571e+03,3.6100614461553109e+00
939100,4.0743792008088571e+03,3.6100614461553109e+00
939127,4.0743792008088571e+03,3.6100614461553109e+00
939154,4.0743792008088571e+03,3.6100614461553109e+00
939181,4.0743792008088571e+03,3.6100614461553109e+00
939212,4.0743792008088571e+03,3.6100614461553109e+00
939239,4.0743792008088571e+03,3.6100614461553109e+00
939266,4.0743792008088571e+03,3.6100614461553109e+00
939293,4.0743792008088571e+03,3.6100614461553109e+00
939324,4.0743792008088571e+03,3.6100614461553109e+00
939351,4.0743792008088571e+03,3.6100614461553109e+00
939378,4.0743792008088571e+03,3.6100614461553109e+00
939405,4.0743792008088571e+03,3.6100614461553109e+00
939436,4.0743792008088571e+03,3.6100614461553109e+00
939463,4.0743792008088571e+03,3.6100614461553109e+00
939490,4.0743792008088571e+03,3.6100614461553109e+00
939517,4.0743792008088571e+03,3.6100614461553109e+00
939548,4.0743792008088571e+03,3.6100614461553109e+00
939575,4.0743792008088571e+03,3.6100614461553109e+00
939602,4.0743792008088571e+03,3.6100614461553109e+00
939629,4.0743792008088571e+03,3.6100614461553109e+00
939660,4.0743792008088571e+03,3.6100614461553109e+00
939687,4.0743792008088571e+03,3.6100614461553109e+00
939714,4.0743792008088571e+03,3.6100614461553109e+00
939741,4.0743792008088571e+03,3.6100614461553109e+00
939772,4.0743792008088571e+03,3.6100614461553109e+00
939799,4.0743792008088571e+03,3.6100614461553109e+00
939826,4.0743792008088571e+03,3.6100614461553109e+00
939853,4.0743792008088571e+03,3.6100614461553109e+00
939884,4.0743792008088571e+03,3.6100614461553109e+00
939911,4.0743792008088571e+03,3.6100614461553109e+00
939938,4.0743792008088571e+03,3.6100614461553109e+00
939965,4.0743792008088571e+03,3.6100614461553109e+00
939996,4.0743792008088571e+03,3.6100614461553109e+00
940023,4.0743792008088571e+03,3.6100614461553109e+00
940050,4.0743792008088571e+03,3.6100614461553109e+00
940077,4.0743792008088571e+03,3.6100614461553109e+00
940108,4.0743792008088571e+03,3.6100614461553109e+00
940135,4.0743792008088571e+03,3.6100614461553109e+00
940162,4.0743792008088571e+03,3.6100614461553109e+00
940189,4.0743792008088571e+03,3.6100614461553109e+00
940220,4.0743792008088571e+03,3.6100614461553109e+00
940247,4.0743792008088571e+03,3.6100614461553109e+00
940274,4.0743792008088571e+03,3.6100614461553109e+00
940301,4.0743792008088571e+03,3.6100614461553109e+00
940332,4.0743792008088571e+03,3.6100614461553109e+00
940359,4.0743792008088571e+03,3.6100614461553109e+00
940386,4.0743792008088571e+03,3.6100614461553109e+00
940413,4.0743792008088571e+03,3.6100614461553109e+00
940444,4.0743792008088571e+03,3.6100614461553109e+00
940471,4.0743792008088571e+03,3.6100614461553109e+00
940498,4.0743792008088571e+03,3.6100614461553109e+00
940525,4.0743792008088571e+03,3.6100614461553109e+00
940556,4.0743792008088571e+03,3.6100614461553109e+00
940583,4.0743792008088571e+03,3.6100614461553109e+00
940610,4.0743792008088571e+03,3.6100614461553109e+00
940637,4.0743792008088571e+03,3.6100614461553109e+00
940668,4.0743792008088571e+03,3.6100614461553109e+00
940695,4.0743792008088571e+03,3.6100614461553109e+00
940722,4.0743792008088571e+03,3.6100614461553109e+00
940749,4.0743792008088571e+03,3.6100614461553109e+00
940780,4.0743792008088571e+03,3.6100614461553109e+00
940807,4.0743792008088571e+03,3.6100614461553109e+00
940834,4.0743792008088571e+03,3.6100614461553109e+00
940861,4.0743792008088571e+03,3.6100614461553109e+00
940892,4.0743792008088571e+03,3.6100614461553109e+00
940919,4.0743792008088571e+03,3.6100614461553109e+00
940946,4.0743792008088571e+03,3.6100614461553109e+00
940973,4.0743792008088571e+03,3.6100614461553109e+00
941004,4.0743792008088571e+03,3.6100614461553109e+00
941031,4.0743792008088571e+03,3.6100614461553109e+00
941058,4.0743792008088571e+03,3.6100614461553109e+00
941085,4.0743792008088571e+03,3.6100614461553109e+00
941116,4.0743792008088571e+03,3.6100614461553109e+00
941143,4.0743792008088571e+03,3.6100614461553109e+00
941170,4.0743792008088571e+03,3.6100614461553109e+00
941197,4.0743792008088571e+03,3.6100614461553109e+00
941228,4.0743792008088571e+03,3.6100614461553109e+00
941255,4.0743792008088571e+03,3.6100614461553109e+00
941282,4.0743792008088571e+03,3.6100614461553109e+00
941309,4.0743792008088571e+03,3.6100614461553109e+00
941340,4.0743792008088571e+03,3.6100614461553109e+00
941367,4.0743792008088571e+03,3.6100614461553109e+00
941394,4.0743792008088571e+03,3.6100614461553109e+00
941421,4.0743792008088571e+03,3.6100614461553109e+00
941452,4.0743283584205401e+03,3.6100560267514279e+00
941479,4.0743283584205401e+03,3.6100560267514279e+00
941506,4.0743283584205401e+03,3.6100560267514279e+00
941533,4.0743283584205401e+03,3.6100560267514279e+00
941564,4.0743283584205401e+03,3.6100560267514279e+00
941591,4.0743283584205401e+03,3.6100560267514279e+00
941618,4.0743283584205401e+03,3.6100560267514279e+00
941645,4.0743283584205401e+03,3.6100560267514279e+00
941676,4.0742756318015031e+03,3.6100504064317449e+00
941703,4.0742756318015031e+03,3.6100504064317449e+00
941730,4.0742756318015031e+03,3.6100504064317449e+00
941757,4.0742756318015031e+03,3.6100504064317449e+00
941788,4.0742522150803625e+03,3.6100479103360166e+00
941815,4.0742522150803625e+03,3.6100479103360166e+00
941842,4.0742522150803625e+03,3.6100479103360166e+00
941869,4.0742522150803625e+03,3.6100479103360166e+00
941900,4.0742522150803625e+03,3.6100479103360166e+00
941927,4.0742522150803625e+03,3.6100479103360166e+00
941954,4.0742522150803625e+03,3.6100479103360166e+00
941981,4.0742522150803625e+03,3.6100479103360166e+00
942012,4.0742522150803625e+03,3.6100479103360166e+00
942039,4.0742522150803625e+03,3.6100479103360166e+00
942066,4.0742522150803625e+03,3.6100479103360166e+00
942093,4.0742522150803625e+03,3.6100479103360166e+00
942124,4.0742522150803625e+03,3.6100479103360166e+00
942151,4.0742522150803625e+03,3.6100479103360166e+00
942178,4.0742522150803625e+03,3.6100479103360166e+00
942205,4.0742522150803625e+03,3.6100479103360166e+00
942236,4.0742522150803625e+03,3.6100479103360166e+00
942263,4.0742522150803625e+03,3.6100479103360166e+00
942290,4.0742522150803625e+03,3.6100479103360166e+00
942317,4.0742522150803625e+03,3.6100479103360166e+00
942348,4.0742435659814810e+03,3.6100469883852617e+00
942375,4.0742435659814810e+03,3.6100469883852617e+00
942402,4.0742435659814810e+03,3.6100469883852617e+00
942429,4.0742435659814810e+03,3.6100469883852617e+00
942460,4.0742435659814810e+03,3.6100469883852617e+00
942487,4.0742435659814810e+03,3.6100469883852617e+00
942514,4.0742435659814810e+03,3.6100469883852617e+00
942541,4.0742435659814810e+03,3.6100469883852617e+00
942572,4.0742435659814810e+03,3.6100469883852617e+00
942599,4.0742435659814810e+03,3.6100469883852617e+00
942626,4.0742435659814810e+03,3.6100469883852617e+00
942653,4.0742435659814810e+03,3.6100469883852617e+00
942684,4.0742435659814810e+03,3.6100469883852617e+00
942711,4.0742435659814810e+03,3.6100469883852617e+00
942738,4.0742435659814810e+03,3.6100469883852617e+00
942765,4.0742435659814810e+03,3.6100469883852617e+00
942796,4.0741831505855030e+03,3.6100405483511278e+00
942823,4.0741831505855030e+03,3.6100405483511278e+00
942850,4.0741831505855030e+03,3.6100405483511278e+00
942877,4.0741831505855030e+03,3.6100405483511278e+00
942908,4.0741831505855030e+03,3.6100405483511278e+00
942935,4.0741831505855030e+03,3.6100405483511278e+00
942962,4.0741831505855030e+03,3.6100405483511278e+00
942989,4.0741831505855030e+03,3.6100405483511278e+00
943020,4.0740927783367702e+03,3.6100309148607344e+00
943047,4.0740927783367702e+03,3.6100309148607344e+00
943074,4.0740927783367702e+03,3.6100309148607344e+00
943101,4.0740927783367702e+03,3.6100309148607344e+00
943132,4.0740927783367702e+03,3.6100309148607344e+00
943159,4.0740927783367702e+03,3.6100309148607344e+00
943186,4.0740927783367702e+03,3.6100309148607344e+00
943213,4.0740927783367702e+03,3.6100309148607344e+00
943244,4.0740927783367702e+03,3.6100309148607344e+00
943271,4.0740927783367702e+03,3.6100309148607344e+00
943298,4.0740927783367702e+03,3.6100309148607344e+00
943325,4.0740927783367702e+03,3.6100309148607344e+00
943356,4.0740927783367702e+03,3.6100309148607344e+00
943383,4.0740927783367702e+03,3.6100309148607344e+00
943410,4.0740927783367702e+03,3.6100309148607344e+00
943437,4.0740927783367702e+03,3.6100309148607344e+00
943468,4.0740711673652991e+03,3.6100286111452662e+00
943495,4.0740711673652991e+03,3.6100286111452662e+00
943522,4.0740711673652991e+03,3.6100286111452662e+00
943549,4.0740711673652991e+03,3.6100286111452662e+00
943580,4.0740711673652991e+03,3.6100286111452662e+00
943607,4.0740711673652991e+03,3.6100286111452662e+00
943634,4.0740711673652991e+03,3.6100286111452662e+00
943661,4.0740711673652991e+03,3.6100286111452662e+00
943692,4.0740711673652991e+03,3.6100286111452662e+00
943719,4.0740711673652991e+03,3.6100286111452662e+00
943746,4.0740711673652991e+03,3.6100286111452662e+00
943773,4.0740711673652991e+03,3.6100286111452662e+00
943804,4.0740711673652991e+03,3.6100286111452662e+00
943831,4.0740711673652991e+03,3.6100286111452662e+00
943858,4.0740711673652991e+03,3.6100286111452662e+00
943885,4.0740711673652991e+03,3.6100286111452662e+00
943916,4.0740150324652000e+03,3.6100226271444207e+00
943943,4.0740150324652000e+03,3.6100226271444207e+00
943970,4.0740150324652000e+03,3.6100226271444207e+00
943997,4.0740150324652000e+03,3.6100226271444207e+00
944028,4.0740150324652000e+03,3.6100226271444207e+00
944055,4.0740150324652000e+03,3.6100226271444207e+00
944082,4.0740150324652000e+03,3.6100226271444207e+00
944109,4.0740150324652000e+03,3.6100226271444207e+00
944140,4.0740150324652000e+03,3.6100226271444207e+00
944167,4.0740150324652000e+03,3.6100226271444207e+00
944194,4.0740150324652000e+03,3.6100226271444207e+00
944221,4.0740150324652000e+03,3.6100226271444207e+00
944252,4.0739950139100738e+03,3.6100204931391904e+00
944279,4.0739950139100738e+03,3.6100204931391904e+00
944306,4.0739950139100738e+03,3.6100204931391904e+00
944333,4.0739950139100738e+03,3.6100204931391904e+00
944364,4.0739950139100738e+03,3.6100204931391904e+00
944391,4.0739950139100738e+03,3.6100204931391904e+00
944418,4.0739950139100738e+03,3.6100204931391904e+00
944445,4.0739950139100738e+03,3.6100204931391904e+00
944476,4.0739950139100738e+03,3.6100204931391904e+00
944503,4.0739950139100738e+03,3.6100204931391904e+00
944530,4.0739950139100738e+03,3.6100204931391904e+00
944557,4.0739950139100738e+03,3.6100204931391904e+00
944587,4.0739950139100738e+03,3.6100204931391904e+00
944613,4.0739950139100738e+03,3.6100204931391904e+00
944639,4.0739950139100738e+03,3.6100204931391904e+00
944665,4.0739950139100738e+03,3.6100204931391904e+00
944695,4.0739950139100738e+03,3.6100204931391904e+00
944721,4.0739950139100738e+03,3.6100204931391904e+00
944747,4.0739950139100738e+03,3.6100204931391904e+00
944773,4.0739950139100738e+03,3.6100204931391904e+00
944803,4.0739950139100738e+03,3.6100204931391904e+00
944829,4.0739950139100738e+03,3.6100204931391904e+00
944855,4.0739950139100738e+03,3.6100204931391904e+00
944881,4.0739950139100738e+03,3.6100204931391904e+00
944911,4.0739950139100738e+03,3.6100204931391904e+00
944937,4.0739950139100738e+03,3.6100204931391904e+00
944963,4.0739950139100738e+03,3.6100204931391904e+00
944989,4.0739950139100738e+03,3.6100204931391904e+00
945019,4.0739950139100738e+03,3.6100204931391904e+00
945045,4.0739950139100738e+03,3.6100204931391904e+00
945071,4.0739950139100738e+03,3.6100204931391904e+00
945097,4.0739950139100738e+03,3.6100204931391904e+00
945127,4.0739950139100738e+03,3.6100204931391904e+00
945153,4.0739950139100738e+03,3.6100204931391904e+00
945179,4.0739950139100738e+03,3.6100204931391904e+00
945205,4.0739950139100738e+03,3.6100204931391904e+00
945235,4.0739407571618890e+03,3.6100147092432429e+00
945261,4.0739407571618890e+03,3.6100147092432429e+00
945287,4.0739407571618890e+03,3.6100147092432429e+00
945313,4.0739407571618890e+03,3.6100147092432429e+00
945343,4.0739407571618890e+03,3.6100147092432429e+00
945369,4.0739407571618890e+03,3.6100147092432429e+00
945395,4.0739407571618890e+03,3.6100147092432429e+00
945421,4.0739407571618890e+03,3.6100147092432429e+00
945451,4.0739407571618890e+03,3.6100147092432429e+00
945477,4.0739407571618890e+03,3.6100147092432429e+00
945503,4.0739407571618890e+03,3.6100147092432429e+00
945529,4.0739407571618890e+03,3.6100147092432429e+00
945559,4.0739407571618890e+03,3.6100147092432429e+00
945585,4.0739407571618890e+03,3.6100147092432429e+00
945611,4.0739407571618890e+03,3.6100147092432429e+00
945637,4.0739407571618890e+03,3.6100147092432429e+00
945667,4.0735329762159572e+03,3.6099712363777665e+00
945693,4.0735329762159572e+03,3.6099712363777665e+00
945719,4.0735329762159572e+03,3.6099712363777665e+00
945745,4.0735329762159572e+03,3.6099712363777665e+00
945775,4.0735329762159572e+03,3.6099712363777665e+00
945801,4.0735329762159572e+03,3.6099712363777665e+00
945827,4.0735329762159572e+03,3.6099712363777665e+00
945853,4.0735329762159572e+03,3.6099712363777665e+00
945883,4.0734388652301782e+03,3.6099612027400894e+00
945909,4.0734388652301782e+03,3.6099612027400894e+00
945935,4.0734388652301782e+03,3.6099612027400894e+00
945961,4.0734388652301782e+03,3.6099612027400894e+00
945991,4.0734388652301782e+03,3.6099612027400894e+00
946017,4.0734388652301782e+03,3.6099612027400894e+00
946043,4.0734388652301782e+03,3.6099612027400894e+00
946069,4.0734388652301782e+03,3.6099612027400894e+00
946099,4.0732355551553778e+03,3.6099395260560678e+00
946125,4.0732355551553778e+03,3.6099395260560678e+00
946151,4.0732355551553778e+03,3.6099395260560678e+00
946177,4.0732355551553778e+03,3.6099395260560678e+00
946207,4.0732355551553778e+03,3.6099395260560678e+00
946233,4.0732355551553778e+03,3.6099395260560678e+00
946259,4.0732355551553778e+03,3.6099395260560678e+00
946285,4.0732355551553778e+03,3.6099395260560678e+00
946315,4.0732203960617808e+03,3.6099379097677726e+00
946341,4.0732203960617808e+03,3.6099379097677726e+00
946367,4.0732203960617808e+03,3.6099379097677726e+00
946393,4.0732203960617808e+03,3.6099379097677726e+00
946423,4.0732203960617808e+03,3.6099379097677726e+00
946449,4.0732203960617808e+03,3.6099379097677726e+00
946475,4.0732203960617808e+03,3.6099379097677726e+00
946501,4.0732203960617808e+03,3.6099379097677726e+00
946531,4.0732203960617808e+03,3.6099379097677726e+00
946557,4.0732203960617808e+03,3.6099379097677726e+00
946583,4.0732203960617808e+03,3.6099379097677726e+00
946609,4.0732203960617808e+03,3.6099379097677726e+00
946639,4.0732203960617808e+03,3.6099379097677726e+00
946665,4.0732203960617808e+03,3.6099379097677726e+00
946691,4.0732203960617808e+03,3.6099379097677726e+00
946717,4.0732203960617808e+03,3.6099379097677726e+00
946747,4.0726462533611739e+03,3.6098766892696124e+00
946773,4.0726462533611739e+03,3.6098766892696124e+00
946799,4.0726462533611739e+03,3.6098766892696124e+00
946825,4.0726462533611739e+03,3.6098766892696124e+00
946855,4.0726462533611739e+03,3.6098766892696124e+00
946881,4.0726462533611739e+03,3.6098766892696124e+00
946907,4.0726462533611739e+03,3.6098766892696124e+00
946933,4.0726462533611739e+03,3.6098766892696124e+00
946963,4.0726462533611739e+03,3.6098766892696124e+00
946989,4.0726462533611739e+03,3.6098766892696124e+00
947015,4.0726462533611739e+03,3.6098766892696124e+00
947041,4.0726462533611739e+03,3.6098766892696124e+00
947071,4.0726462533611739e+03,3.6098766892696124e+00
947097,4.0726462533611739e+03,3.6098766892696124e+00
947123,4.0726462533611739e+03,3.6098766892696124e+00
947149,4.0726462533611739e+03,3.6098766892696124e+00
947179,4.0726462533611739e+03,3.6098766892696124e+00
947205,4.0726462533611739e+03,3.6098766892696124e+00
947231,4.0726462533611739e+03,3.6098766892696124e+00
947257,4.0726462533611739e+03,3.6098766892696124e+00
947287,4.0726462533611739e+03,3.6098766892696124e+00
947313,4.0726462533611739e+03,3.6098766892696124e+00
947339,4.0726462533611739e+03,3.6098766892696124e+00
947365,4.0726462533611739e+03,3.6098766892696124e+00
947395,4.0726462533611739e+03,3.6098766892696124e+00
947421,4.0726462533611739e+03,3.6098766892696124e+00
947447,4.0726462533611739e+03,3.6098766892696124e+00
947473,4.0726462533611739e+03,3.6098766892696124e+00
947503,4.0725430483067339e+03,3.6098656836602916e+00
947529,4.0725430483067339e+03,3.6098656836602916e+00
947555,4.0725430483067339e+03,3.6098656836602916e+00
947581,4.0725430483067339e+03,3.6098656836602916e+00
947611,4.0725430483067339e+03,3.6098656836602916e+00
947637,4.0725430483067339e+03,3.6098656836602916e+00
947663,4.0725430483067339e+03,3.6098656836602916e+00
947689,4.0725430483067339e+03,3.6098656836602916e+00
947719,4.0725205796278942e+03,3.6098632876020944e+00
947745,4.0725205796278942e+03,3.6098632876020944e+00
947771,4.0725205796278942e+03,3.6098632876020944e+00
947797,4.0725205796278942e+03,3.6098632876020944e+00
947827,4.0725205796278942e+03,3.6098632876020944e+00
947853,4.0725205796278942e+03,3.6098632876020944e+00
947879,4.0725205796278942e+03,3.6098632876020944e+00
947905,4.0725205796278942e+03,3.6098632876020944e+00
947935,4.0725205796278942e+03,3.6098632876020944e+00
947961,4.0725205796278942e+03,3.6098632876020944e+00
947987,4.0725205796278942e+03,3.6098632876020944e+00
948013,4.0725205796278942e+03,3.6098632876020944e+00
948043,4.0725205796278942e+03,3.6098632876020944e+00
948069,4.0725205796278942e+03,3.6098632876020944e+00
948095,4.0725205796278942e+03,3.6098632876020944e+00
948121,4.0725205796278942e+03,3.6098632876020944e+00
948151,4.0725205796278942e+03,3.6098632876020944e+00
948177,4.0725205796278942e+03,3.6098632876020944e+00
948203,4.0725205796278942e+03,3.6098632876020944e+00
948229,4.0725205796278942e+03,3.6098632876020944e+00
948259,4.0725205796278942e+03,3.6098632876020944e+00
948285,4.0725205796278942e+03,3.6098632876020944e+00
948311,4.0725205796278942e+03,3.6098632876020944e+00
948337,4.0725205796278942e+03,3.6098632876020944e+00
948367,4.0725205796278942e+03,3.6098632876020944e+00
948393,4.0725205796278942e+03,3.6098632876020944e+00
948419,4.0725205796278942e+03,3.6098632876020944e+00
948445,4.0725205796278942e+03,3.6098632876020944e+00
948475,4.0725205796278942e+03,3.6098632876020944e+00
948501,4.0725205796278942e+03,3.6098632876020944e+00
948527,4.0725205796278942e+03,3.6098632876020944e+00
948553,4.0725205796278942e+03,3.6098632876020944e+00
948583,4.0725205796278942e+03,3.6098632876020944e+00
948609,4.0725205796278942e+03,3.6098632876020944e+00
948635,4.0725205796278942e+03,3.6098632876020944e+00
948661,4.0725205796278942e+03,3.6098632876020944e+00
948691,4.0725205796278942e+03,3.6098632876020944e+00
948717,4.0725205796278942e+03,3.6098632876020944e+00
948743,4.0725205796278942e+03,3.6098632876020944e+00
948769,4.0725205796278942e+03,3.6098632876020944e+00
948799,4.0725205796278942e+03,3.6098632876020944e+00
948825,4.0725205796278942e+03,3.6098632876020944e+00
948851,4.0725205796278942e+03,3.6098632876020944e+00
948877,4.0725205796278942e+03,3.6098632876020944e+00
948907,4.0725205796278942e+03,3.6098632876020944e+00
948933,4.0725205796278942e+03,3.6098632876020944e+00
948959,4.0725205796278942e+03,3.6098632876020944e+00
948985,4.0725205796278942e+03,3.6098632876020944e+00
949015,4.0725205796278942e+03,3.6098632876020944e+00
949041,4.0725205796278942e+03,3.6098632876020944e+00
949067,4.0725205796278942e+03,3.6098632876020944e+00
949093,4.0725205796278942e+03,3.6098632876020944e+00
949123,4.0725205796278942e+03,3.6098632876020944e+00
949149,4.0725205796278942e+03,3.6098632876020944e+00
949175,4.0725205796278942e+03,3.6098632876020944e+00
949201,4.0725205796278942e+03,3.6098632876020944e+00
949231,4.0725205796278942e+03,3.6098632876020944e+00
949257,4.0725205796278942e+03,3.6098632876020944e+00
949283,4.0725205796278942e+03,3.6098632876020944e+00
949309,4.0725205796278942e+03,3.6098632876020944e+00
949339,4.0725205796278942e+03,3.6098632876020944e+00
949365,4.0725205796278942e+03,3.6098632876020944e+00
949391,4.0725205796278942e+03,3.6098632876020944e+00
949417,4.0725205796278942e+03,3.6098632876020944e+00
949447,4.0725205796278942e+03,3.6098632876020944e+00
949473,4.0725205796278942e+03,3.6098632876020944e+00
949499,4.0725205796278942e+03,3.6098632876020944e+00
949525,4.0725205796278942e+03,3.6098632876020944e+00
949555,4.0725205796278942e+03,3.6098632876020944e+00
949581,4.0725205796278942e+03,3.6098632876020944e+00
949607,4.0725205796278942e+03,3.6098632876020944e+00
949633,4.0725205796278942e+03,3.6098632876020944e+00
949663,4.0725205796278942e+03,3.6098632876020944e+00
949689,4.0725205796278942e+03,3.6098632876020944e+00
949715,4.0725205796278942e+03,3.6098632876020944e+00
949741,4.0725205796278942e+03,3.6098632876020944e+00
949771,4.0725205796278942e+03,3.6098632876020944e+00
949797,4.0725205796278942e+03,3.6098632876020944e+00
949823,4.0725205796278942e+03,3.6098632876020944e+00
949849,4.0725205796278942e+03,3.6098632876020944e+00
949879,4.0725205796278942e+03,3.6098632876020944e+00
949905,4.0725205796278942e+03,3.6098632876020944e+00
949931,4.0725205796278942e+03,3.6098632876020944e+00
949957,4.0725205796278942e+03,3.6098632876020944e+00
949987,4.0725205796278942e+03,3.6098632876020944e+00
950013,4.0725205796278942e+03,3.6098632876020944e+00
950039,4.0725205796278942e+03,3.6098632876020944e+00
950065,4.0725205796278942e+03,3.6098632876020944e+00
950095,4.0725205796278942e+03,3.6098632876020944e+00
950121,4.0725205796278942e+03,3.6098632876020944e+00
950147,4.0725205796278942e+03,3.6098632876020944e+00
950173,4.0725205796278942e+03,3.6098632876020944e+00
950203,4.0725205796278942e+03,3.6098632876020944e+00
950229,4.0725205796278942e+03,3.6098632876020944e+00
950255,4.0725205796278942e+03,3.6098632876020944e+00
950281,4.0725205796278942e+03,3.6098632876020944e+00
950311,4.0725060379391580e+03,3.6098617368704708e+00
950337,4.0725060379391580e+03,3.6098617368704708e+00
950363,4.0725060379391580e+03,3.6098617368704708e+00
950389,4.0725060379391580e+03,3.6098617368704708e+00
950419,4.0725060379391580e+03,3.6098617368704708e+00
950445,4.0725060379391580e+03,3.6098617368704708e+00
950471,4.0725060379391580e+03,3.6098617368704708e+00
950497,4.0725060379391580e+03,3.6098617368704708e+00
950527,4.0725060379391580e+03,3.6098617368704708e+00
950553,4.0725060379391580e+03,3.6098617368704708e+00
950579,4.0725060379391580e+03,3.6098617368704708e+00
950605,4.0725060379391580e+03,3.6098617368704708e+00
950635,4.0724516246487565e+03,3.6098559341658421e+00
950661,4.0724516246487565e+03,3.6098559341658421e+00
950687,4.0724516246487565e+03,3.6098559341658421e+00
950713,4.0724516246487565e+03,3.6098559341658421e+00
950743,4.0724516246487565e+03,3.6098559341658421e+00
950769,4.0724516246487565e+03,3.6098559341658421e+00
950795,4.0724516246487565e+03,3.6098559341658421e+00
950821,4.0724516246487565e+03,3.6098559341658421e+00
950851,4.0724516246487565e+03,3.6098559341658421e+00
950877,4.0724516246487565e+03,3.6098559341658421e+00
950903,4.0724516246487565e+03,3.6098559341658421e+00
950929,4.0724516246487565e+03,3.6098559341658421e+00
950959,4.0724516246487565e+03,3.6098559341658421e+00
950985,4.0724516246487565e+03,3.6098559341658421e+00
951011,4.0724516246487565e+03,3.6098559341658421e+00
951037,4.0724516246487565e+03,3.6098559341658421e+00
951067,4.0724516246487565e+03,3.6098559341658421e+00
951093,4.0724516246487565e+03,3.6098559341658421e+00
951119,4.0724516246487565e+03,3.6098559341658421e+00
951145,4.0724516246487565e+03,3.6098559341658421e+00
951175,4.0724516246487565e+03,3.6098559341658421e+00
951201,4.0724516246487565e+03,3.6098559341658421e+00
951227,4.0724516246487565e+03,3.6098559341658421e+00
951253,4.0724516246487565e+03,3.6098559341658421e+00
951283,4.0724516246487565e+03,3.6098559341658421e+00
951309,4.0724516246487565e+03,3.6098559341658421e+00
951335,4.0724516246487565e+03,3.6098559341658421e+00
951361,4.0724516246487565e+03,3.6098559341658421e+00
951391,4.0724516246487565e+03,3.6098559341658421e+00
951417,4.0724516246487565e+03,3.6098559341658421e+00
951443,4.0724516246487565e+03,3.6098559341658421e+00
951469,4.0724516246487565e+03,3.6098559341658421e+00
951499,4.0724516246487565e+03,3.6098559341658421e+00
951525,4.0724516246487565e+03,3.6098559341658421e+00
951551,4.0724516246487565e+03,3.6098559341658421e+00
951577,4.0724516246487565e+03,3.6098559341658421e+00
951607,4.0724516246487565e+03,3.6098559341658421e+00
951633,4.0724516246487565e+03,3.6098559341658421e+00
951659,4.0724516246487565e+03,3.6098559341658421e+00
951685,4.0724516246487565e+03,3.6098559341658421e+00
951715,4.0724516246487565e+03,3.6098559341658421e+00
951741,4.0724516246487565e+03,3.6098559341658421e+00
951767,4.0724516246487565e+03,3.6098559341658421e+00
951793,4.0724516246487565e+03,3.6098559341658421e+00
951823,4.0724516246487565e+03,3.6098559341658421e+00
951849,4.0724516246487565e+03,3.6098559341658421e+00
951875,4.0724516246487565e+03,3.6098559341658421e+00
951901,4.0724516246487565e+03,3.6098559341658421e+00
951931,4.0724516246487565e+03,3.6098559341658421e+00
951957,4.0724516246487565e+03,3.6098559341658421e+00
951983,4.0724516246487565e+03,3.6098559341658421e+00
952009,4.0724516246487565e+03,3.6098559341658421e+00
952039,4.0724516246487565e+03,3.6098559341658421e+00
952065,4.0724516246487565e+03,3.6098559341658421e+00
952091,4.0724516246487565e+03,3.6098559341658421e+00
952117,4.0724516246487565e+03,3.6098559341658421e+00
952147,4.0724516246487565e+03,3.6098559341658421e+00
952173,4.0724516246487565e+03,3.6098559341658421e+00
952199,4.0724516246487565e+03,3.6098559341658421e+00
952225,4.0724516246487565e+03,3.6098559341658421e+00
952255,4.0724516246487565e+03,3.6098559341658421e+00
952281,4.0724516246487565e+03,3.6098559341658421e+00
952307,4.0724516246487565e+03,3.6098559341658421e+00
952333,4.0724516246487565e+03,3.6098559341658421e+00
952363,4.0724516246487565e+03,3.6098559341658421e+00
952389,4.0724516246487565e+03,3.6098559341658421e+00
952415,4.0724516246487565e+03,3.6098559341658421e+00
952441,4.0724516246487565e+03,3.6098559341658421e+00
952471,4.0724516246487565e+03,3.6098559341658421e+00
952497,4.0724516246487565e+03,3.6098559341658421e+00
952523,4.0724516246487565e+03,3.6098559341658421e+00
952549,4.0724516246487565e+03,3.6098559341658421e+00
952579,4.0724516246487565e+03,3.6098559341658421e+00
952605,4.0724516246487565e+03,3.6098559341658421e+00
952631,4.0724516246487565e+03,3.6098559341658421e+00
952657,4.0724516246487565e+03,3.6098559341658421e+00
952687,4.0724516246487565e+03,3.6098559341658421e+00
952713,4.0724516246487565e+03,3.6098559341658421e+00
952739,4.0724516246487565e+03,3.6098559341658421e+00
952765,4.0724516246487565e+03,3.6098559341658421e+00
952795,4.0724516246487565e+03,3.6098559341658421e+00
952821,4.0724516246487565e+03,3.6098559341658421e+00
952847,4.0724516246487565e+03,3.6098559341658421e+00
952873,4.0724516246487565e+03,3.6098559341658421e+00
952903,4.0724516246487565e+03,3.6098559341658421e+00
952929,4.0724516246487565e+03,3.6098559341658421e+00
952955,4.0724516246487565e+03,3.6098559341658421e+00
952981,4.0724516246487565e+03,3.6098559341658421e+00
953011,4.0724516246487565e+03,3.6098559341658421e+00
953037,4.0724516246487565e+03,3.6098559341658421e+00
953063,4.0724516246487565e+03,3.6098559341658421e+00
953089,4.0724516246487565e+03,3.6098559341658421e+00
953119,4.0724384095959549e+03,3.6098545248835840e+00
953145,4.0724384095959549e+03,3.6098545248835840e+00
953171,4.0724384095959549e+03,3.6098545248835840e+00
953197,4.0724384095959549e+03,3.6098545248835840e+00
953227,4.0724384095959549e+03,3.6098545248835840e+00
953253,4.0724384095959549e+03,3.6098545248835840e+00
953279,4.0724384095959549e+03,3.6098545248835840e+00
953305,4.0724384095959549e+03,3.6098545248835840e+00
953335,4.0724384095959549e+03,3.6098545248835840e+00
953361,4.0724384095959549e+03,3.6098545248835840e+00
953387,4.0724384095959549e+03,3.6098545248835840e+00
953413,4.0724384095959549e+03,3.6098545248835840e+00
953443,4.0724384095959549e+03,3.6098545248835840e+00
953469,4.0724384095959549e+03,3.6098545248835840e+00
953495,4.0724384095959549e+03,3.6098545248835840e+00
953521,4.0724384095959549e+03,3.6098545248835840e+00
953551,4.0724384095959549e+03,3.6098545248835840e+00
953577,4.0724384095959549e+03,3.6098545248835840e+00
953603,4.0724384095959549e+03,3.6098545248835840e+00
953629,4.0724384095959549e+03,3.6098545248835840e+00
953659,4.0724384095959549e+03,3.6098545248835840e+00
953685,4.0724384095959549e+03,3.6098545248835840e+00
953711,4.0724384095959549e+03,3.6098545248835840e+00
953737,4.0724384095959549e+03,3.6098545248835840e+00
953767,4.0724384095959549e+03,3.6098545248835840e+00
953793,4.0724384095959549e+03,3.6098545248835840e+00
953819,4.0724384095959549e+03,3.6098545248835840e+00
953845,4.0724384095959549e+03,3.6098545248835840e+00
953875,4.0724384095959549e+03,3.6098545248835840e+00
953901,4.0724384095959549e+03,3.6098545248835840e+00
953927,4.0724384095959549e+03,3.6098545248835840e+00
953953,4.0724384095959549e+03,3.6098545248835840e+00
953983,4.0724182326799032e+03,3.6098523731641157e+00
954009,4.0724182326799032e+03,3.6098523731641157e+00
954035,4.0724182326799032e+03,3.6098523731641157e+00
954061,4.0724182326799032e+03,3.6098523731641157e+00
954091,4.0724182326799032e+03,3.6098523731641157e+00
954117,4.0724182326799032e+03,3.6098523731641157e+00
954143,4.0724182326799032e+03,3.6098523731641157e+00
954169,4.0724182326799032e+03,3.6098523731641157e+00
954199,4.0724182326799032e+03,3.6098523731641157e+00
954225,4.0724182326799032e+03,3.6098523731641157e+00
954251,4.0724182326799032e+03,3.6098523731641157e+00
954277,4.0724182326799032e+03,3.6098523731641157e+00
954307,4.0724182326799032e+03,3.6098523731641157e+00
954333,4.0724182326799032e+03,3.6098523731641157e+00
954359,4.0724182326799032e+03,3.6098523731641157e+00
954385,4.0724182326799032e+03,3.6098523731641157e+00
954415,4.0724182326799032e+03,3.6098523731641157e+00
954441,4.0724182326799032e+03,3.6098523731641157e+00
954467,4.0724182326799032e+03,3.6098523731641157e+00
954493,4.0724182326799032e+03,3.6098523731641157e+00
954523,4.0724182326799032e+03,3.6098523731641157e+00
954549,4.0724182326799032e+03,3.6098523731641157e+00
954575,4.0724182326799032e+03,3.6098523731641157e+00
954601,4.0724182326799032e+03,3.6098523731641157e+00
954631,4.0724182326799032e+03,3.6098523731641157e+00
954657,4.0724182326799032e+03,3.6098523731641157e+00
954683,4.0724182326799032e+03,3.6098523731641157e+00
954709,4.0724182326799032e+03,3.6098523731641157e+00
954739,4.0724182326799032e+03,3.6098523731641157e+00
954765,4.0724182326799032e+03,3.6098523731641157e+00
954791,4.0724182326799032e+03,3.6098523731641157e+00
954817,4.0724182326799032e+03,3.6098523731641157e+00
954847,4.0724182326799032e+03,3.6098523731641157e+00
954873,4.0724182326799032e+03,3.6098523731641157e+00
954899,4.0724182326799032e+03,3.6098523731641157e+00
954925,4.0724182326799032e+03,3.6098523731641157e+00
954955,4.0723958110964159e+03,3.6098499820548939e+00
954981,4.0723958110964159e+03,3.6098499820548939e+00
955007,4.0723958110964159e+03,3.6098499820548939e+00
955033,4.0723958110964159e+03,3.6098499820548939e+00
955063,4.0723958110964159e+03,3.6098499820548939e+00
955089,4.0723958110964159e+03,3.6098499820548939e+00
955115,4.0723958110964159e+03,3.6098499820548939e+00
955141,4.0723958110964159e+03,3.6098499820548939e+00
955171,4.0723958110964159e+03,3.6098499820548939e+00
955197,4.0723958110964159e+03,3.6098499820548939e+00
955223,4.0723958110964159e+03,3.6098499820548939e+00
955249,4.0723958110964159e+03,3.6098499820548939e+00
955279,4.0723958110964159e+03,3.6098499820548939e+00
955305,4.0723958110964159e+03,3.6098499820548939e+00
955331,4.0723958110964159e+03,3.6098499820548939e+00
955357,4.0723958110964159e+03,3.6098499820548939e+00
955387,4.0723958110964159e+03,3.6098499820548939e+00
955413,4.0723958110964159e+03,3.6098499820548939e+00
955439,4.0723958110964159e+03,3.6098499820548939e+00
955465,4.0723958110964159e+03,3.6098499820548939e+00
955495,4.0723683814281922e+03,3.6098470568496288e+00
955521,4.0723683814281922e+03,3.6098470568496288e+00
955547,4.0723683814281922e+03,3.6098470568496288e+00
955573,4.0723683814281922e+03,3.6098470568496288e+00
955603,4.0723683814281922e+03,3.6098470568496288e+00
955629,4.0723683814281922e+03,3.6098470568496288e+00
955655,4.0723683814281922e+03,3.6098470568496288e+00
955681,4.0723683814281922e+03,3.6098470568496288e+00
955711,4.0723683814281922e+03,3.6098470568496288e+00
955737,4.0723683814281922e+03,3.6098470568496288e+00
955763,4.0723683814281922e+03,3.6098470568496288e+00
955789,4.0723683814281922e+03,3.6098470568496288e+00
955819,4.0723683814281922e+03,3.6098470568496288e+00
955845,4.0723683814281922e+03,3.6098470568496288e+00
955871,4.0723683814281922e+03,3.6098470568496288e+00
955897,4.0723683814281922e+03,3.6098470568496288e+00
955927,4.0723683814281922e+03,3.6098470568496288e+00
955953,4.0723683814281922e+03,3.6098470568496288e+00
955979,4.0723683814281922e+03,3.6098470568496288e+00
956005,4.0723683814281922e+03,3.6098470568496288e+00
956035,4.0723683814281922e+03,3.6098470568496288e+00
956061,4.0723683814281922e+03,3.6098470568496288e+00
956087,4.0723683814281922e+03,3.6098470568496288e+00
956113,4.0723683814281922e+03,3.6098470568496288e+00
956143,4.0723683814281922e+03,3.6098470568496288e+00
956169,4.0723683814281922e+03,3.6098470568496288e+00
956195,4.0723683814281922e+03,3.6098470568496288e+00
956221,4.0723683814281922e+03,3.6098470568496288e+00
956251,4.0723683814281922e+03,3.6098470568496288e+00
956277,4.0723683814281922e+03,3.6098470568496288e+00
956303,4.0723683814281922e+03,3.6098470568496288e+00
956329,4.0723683814281922e+03,3.6098470568496288e+00
956359,4.0723683814281922e+03,3.6098470568496288e+00
956385,4.0723683814281922e+03,3.6098470568496288e+00
956411,4.0723683814281922e+03,3.6098470568496288e+00
956437,4.0723683814281922e+03,3.6098470568496288e+00
956467,4.0723683814281922e+03,3.6098470568496288e+00
956493,4.0723683814281922e+03,3.6098470568496288e+00
956519,4.0723683814281922e+03,3.6098470568496288e+00
956545,4.0723683814281922e+03,3.6098470568496288e+00
956575,4.0720849035309839e+03,3.6098168245228557e+00
956601,4.0720849035309839e+03,3.6098168245228557e+00
956627,4.0720849035309839e+03,3.6098168245228557e+00
956653,4.0720849035309839e+03,3.6098168245228557e+00
956683,4.0720849035309839e+03,3.6098168245228557e+00
956709,4.0720849035309839e+03,3.6098168245228557e+00
956735,4.0720849035309839e+03,3.6098168245228557e+00
956761,4.0720849035309839e+03,3.6098168245228557e+00
956791,4.0720849035309839e+03,3.6098168245228557e+00
956817,4.0720849035309839e+03,3.6098168245228557e+00
956843,4.0720849035309839e+03,3.6098168245228557e+00
956869,4.0720849035309839e+03,3.6098168245228557e+00
956899,4.0720849035309839e+03,3.6098168245228557e+00
956925,4.0720849035309839e+03,3.6098168245228557e+00
956951,4.0720849035309839e+03,3.6098168245228557e+00
956977,4.0720849035309839e+03,3.6098168245228557e+00
957007,4.0720849035309839e+03,3.6098168245228557e+00
957033,4.0720849035309839e+03,3.6098168245228557e+00
957059,4.0720849035309839e+03,3.6098168245228557e+00
957085,4.0720849035309839e+03,3.6098168245228557e+00
957115,4.0720849035309839e+03,3.6098168245228557e+00
957141,4.0720849035309839e+03,3.6098168245228557e+00
957167,4.0720849035309839e+03,3.6098168245228557e+00
957193,4.0720849035309839e+03,3.6098168245228557e+00
957223,4.0720849035309839e+03,3.6098168245228557e+00
957249,4.0720849035309839e+03,3.6098168245228557e+00
957275,4.0720849035309839e+03,3.6098168245228557e+00
957301,4.0720849035309839e+03,3.6098168245228557e+00
957331,4.0720849035309839e+03,3.6098168245228557e+00
957357,4.0720849035309839e+03,3.6098168245228557e+00
957383,4.0720849035309839e+03,3.6098168245228557e+00
957409,4.0720849035309839e+03,3.6098168245228557e+00
957439,4.0720760285875440e+03,3.6098158779946634e+00
957465,4.0720760285875440e+03,3.6098158779946634e+00
957491,4.0720760285875440e+03,3.6098158779946634e+00
957517,4.0720760285875440e+03,3.6098158779946634e+00
957547,4.0720760285875440e+03,3.6098158779946634e+00
957573,4.0720760285875440e+03,3.6098158779946634e+00
957599,4.0720760285875440e+03,3.6098158779946634e+00
957625,4.0720760285875440e+03,3.6098158779946634e+00
957655,4.0720760285875440e+03,3.6098158779946634e+00
957681,4.0720760285875440e+03,3.6098158779946634e+00
957707,4.0720760285875440e+03,3.6098158779946634e+00
957733,4.0720760285875440e+03,3.6098158779946634e+00
957763,4.0720760285875440e+03,3.6098158779946634e+00
957789,4.0720760285875440e+03,3.6098158779946634e+00
957815,4.0720760285875440e+03,3.6098158779946634e+00
957841,4.0720760285875440e+03,3.6098158779946634e+00
957871,4.0720760285875440e+03,3.6098158779946634e+00
957897,4.0720760285875440e+03,3.6098158779946634e+00
957923,4.0720760285875440e+03,3.6098158779946634e+00
957949,4.0720760285875440e+03,3.6098158779946634e+00
957979,4.0720037753480628e+03,3.6098081719839259e+00
958005,4.0720037753480628e+03,3.6098081719839259e+00
958031,4.0720037753480628e+03,3.6098081719839259e+00
958057,4.0720037753480628e+03,3.6098081719839259e+00
958087,4.0720037753480628e+03,3.6098081719839259e+00
958113,4.0720037753480628e+03,3.6098081719839259e+00
958139,4.0720037753480628e+03,3.6098081719839259e+00
958165,4.0720037753480628e+03,3.6098081719839259e+00
958195,4.0718568985238362e+03,3.6097925067369769e+00
958221,4.0718568985238362e+03,3.6097925067369769e+00
958247,4.0718568985238362e+03,3.6097925067369769e+00
958273,4.0718568985238362e+03,3.6097925067369769e+00
958303,4.0718568985238362e+03,3.6097925067369769e+00
958329,4.0718568985238362e+03,3.6097925067369769e+00
958355,4.0718568985238362e+03,3.6097925067369769e+00
958381,4.0718568985238362e+03,3.6097925067369769e+00
958411,4.0718568985238362e+03,3.6097925067369769e+00
958437,4.0718568985238362e+03,3.6097925067369769e+00
958463,4.0718568985238362e+03,3.6097925067369769e+00
958489,4.0718568985238362e+03,3.6097925067369769e+00
958519,4.0718198917581872e+03,3.6097885596662547e+00
958545,4.0718198917581872e+03,3.6097885596662547e+00
958571,4.0718198917581872e+03,3.6097885596662547e+00
958597,4.0718198917581872e+03,3.6097885596662547e+00
958627,4.0718198917581872e+03,3.6097885596662547e+00
958653,4.0718198917581872e+03,3.6097885596662547e+00
958679,4.0718198917581872e+03,3.6097885596662547e+00
958705,4.0718198917581872e+03,3.6097885596662547e+00
958735,4.0718198917581872e+03,3.6097885596662547e+00
958761,4.0718198917581872e+03,3.6097885596662547e+00
958787,4.0718198917581872e+03,3.6097885596662547e+00
958813,4.0718198917581872e+03,3.6097885596662547e+00
958843,4.0718198917581872e+03,3.6097885596662547e+00
958869,4.0718198917581872e+03,3.6097885596662547e+00
958895,4.0718198917581872e+03,3.6097885596662547e+00
958921,4.0718198917581872e+03,3.6097885596662547e+00
958951,4.0717963543148480e+03,3.6097860491889797e+00
958977,4.0717963543148480e+03,3.6097860491889797e+00
959003,4.0717963543148480e+03,3.6097860491889797e+00
959029,4.0717963543148480e+03,3.6097860491889797e+00
959059,4.0717963543148480e+03,3.6097860491889797e+00
959085,4.0717963543148480e+03,3.6097860491889797e+00
959111,4.0717963543148480e+03,3.6097860491889797e+00
959137,4.0717963543148480e+03,3.6097860491889797e+00
959167,4.0717963543148480e+03,3.6097860491889797e+00
959193,4.0717963543148480e+03,3.6097860491889797e+00
959219,4.0717963543148480e+03,3.6097860491889797e+00
959245,4.0717963543148480e+03,3.6097860491889797e+00
959275,4.0717963543148480e+03,3.6097860491889797e+00
959301,4.0717963543148480e+03,3.6097860491889797e+00
959327,4.0717963543148480e+03,3.6097860491889797e+00
959353,4.0717963543148480e+03,3.6097860491889797e+00
959383,4.0717963543148480e+03,3.6097860491889797e+00
959409,4.0717963543148480e+03,3.6097860491889797e+00
959435,4.0717963543148480e+03,3.6097860491889797e+00
959461,4.0717963543148480e+03,3.6097860491889797e+00
959491,4.0717902466960800e+03,3.6097853977548495e+00
959517,4.0717902466960800e+03,3.6097853977548495e+00
959543,4.0717902466960800e+03,3.6097853977548495e+00
959569,4.0717902466960800e+03,3.6097853977548495e+00
959599,4.0717560198343481e+03,3.6097817471248419e+00
959625,4.0717560198343481e+03,3.6097817471248419e+00
959651,4.0717560198343481e+03,3.6097817471248419e+00
959677,4.0717560198343481e+03,3.6097817471248419e+00
959707,4.0717560198343481e+03,3.6097817471248419e+00
959733,4.0717560198343481e+03,3.6097817471248419e+00
959759,4.0717560198343481e+03,3.6097817471248419e+00
959785,4.0717560198343481e+03,3.6097817471248419e+00
959815,4.0717360542627580e+03,3.6097796175869261e+00
959841,4.0717360542627580e+03,3.6097796175869261e+00
959867,4.0717360542627580e+03,3.6097796175869261e+00
959893,4.0717360542627580e+03,3.6097796175869261e+00
959923,4.0717360542627580e+03,3.6097796175869261e+00
959949,4.0717360542627580e+03,3.6097796175869261e+00
959975,4.0717360542627580e+03,3.6097796175869261e+00
980001,4.0596574540933152e+03,3.6084893902094164e+00
980030,4.0596574540933152e+03,3.6084893902094164e+00
980055,4.0596574540933152e+03,3.6084893902094164e+00
980080,4.0596574540933152e+03,3.6084893902094164e+00
980105,4.0596574540933152e+03,3.6084893902094164e+00
980134,4.0596574540933152e+03,3.6084893902094164e+00
980159,4.0596574540933152e+03,3.6084893902094164e+00
980184,4.0596574540933152e+03,3.6084893902094164e+00
980209,4.0596574540933152e+03,3.6084893902094164e+00
980238,4.0596574540933152e+03,3.6084893902094164e+00
980263,4.0596574540933152e+03,3.6084893902094164e+00
980288,4.0596574540933152e+03,3.6084893902094164e+00
980313,4.0596574540933152e+03,3.6084893902094164e+00
980342,4.0596574540933152e+03,3.6084893902094164e+00
980367,4.0596574540933152e+03,3.6084893902094164e+00
980392,4.0596574540933152e+03,3.6084893902094164e+00
980417,4.0596574540933152e+03,3.6084893902094164e+00
980446,4.0596574540933152e+03,3.6084893902094164e+00
980471,4.0596574540933152e+03,3.6084893902094164e+00
980496,4.0596574540933152e+03,3.6084893902094164e+00
980521,4.0596574540933152e+03,3.6084893902094164e+00
980550,4.0596574540933152e+03,3.6084893902094164e+00
980575,4.0596574540933152e+03,3.6084893902094164e+00
980600,4.0596574540933152e+03,3.6084893902094164e+00
980625,4.0596574540933152e+03,3.6084893902094164e+00
980654,4.0596574540933152e+03,3.6084893902094164e+00
980679,4.0596574540933152e+03,3.6084893902094164e+00
980704,4.0596574540933152e+03,3.6084893902094164e+00
980729,4.0596574540933152e+03,3.6084893902094164e+00
980758,4.0596574540933152e+03,3.6084893902094164e+00
980783,4.0596574540933152e+03,3.6084893902094164e+00
980808,4.0596574540933152e+03,3.6084893902094164e+00
980833,4.0596574540933152e+03,3.6084893902094164e+00
980862,4.0596574540933152e+03,3.6084893902094164e+00
980887,4.0596574540933152e+03,3.6084893902094164e+00
980912,4.0596574540933152e+03,3.6084893902094164e+00
980937,4.0596574540933152e+03,3.6084893902094164e+00
980966,4.0596574540933152e+03,3.6084893902094164e+00
980991,4.0596574540933152e+03,3.6084893902094164e+00
981016,4.0596574540933152e+03,3.6084893902094164e+00
981041,4.0596574540933152e+03,3.6084893902094164e+00
981070,4.0596574540933152e+03,3.6084893902094164e+00
981095,4.0596574540933152e+03,3.6084893902094164e+00
981120,4.0596574540933152e+03,3.6084893902094164e+00
981145,4.0596574540933152e+03,3.6084893902094164e+00
981174,4.0596574540933152e+03,3.6084893902094164e+00
981199,4.0596574540933152e+03,3.6084893902094164e+00
981224,4.0596574540933152e+03,3.6084893902094164e+00
981249,4.0596574540933152e+03,3.6084893902094164e+00
981278,4.0596574540933152e+03,3.6084893902094164e+00
981303,4.0596574540933152e+03,3.6084893902094164e+00
981328,4.0596574540933152e+03,3.6084893902094164e+00
981353,4.0596574540933152e+03,3.6084893902094164e+00
981382,4.0596574540933152e+03,3.6084893902094164e+00
981407,4.0596574540933152e+03,3.6084893902094164e+00
981432,4.0596574540933152e+03,3.6084893902094164e+00
981457,4.0596574540933152e+03,3.6084893902094164e+00
981486,4.0596574540933152e+03,3.6084893902094164e+00
981511,4.0596574540933152e+03,3.6084893902094164e+00
981536,4.0596574540933152e+03,3.6084893902094164e+00
981561,4.0596574540933152e+03,3.6084893902094164e+00
981590,4.0596574540933152e+03,3.6084893902094164e+00
981615,4.0596574540933152e+03,3.6084893902094164e+00
981640,4.0596574540933152e+03,3.6084893902094164e+00
981665,4.0596574540933152e+03,3.6084893902094164e+00
981694,4.0596574540933152e+03,3.6084893902094164e+00
981719,4.0596574540933152e+03,3.6084893902094164e+00
981744,4.0596574540933152e+03,3.6084893902094164e+00
981769,4.0596574540933152e+03,3.6084893902094164e+00
981798,4.0596574540933152e+03,3.6084893902094164e+00
981823,4.0596574540933152e+03,3.6084893902094164e+00
981848,4.0596574540933152e+03,3.6084893902094164e+00
981873,4.0596574540933152e+03,3.6084893902094164e+00
981902,4.0596574540933152e+03,3.6084893902094164e+00
981927,4.0596574540933152e+03,3.6084893902094164e+00
981952,4.0596574540933152e+03,3.6084893902094164e+00
981977,4.0596574540933152e+03,3.6084893902094164e+00
982006,4.0596574540933152e+03,3.6084893902094164e+00
982031,4.0596574540933152e+03,3.6084893902094164e+00
982056,4.0596574540933152e+03,3.6084893902094164e+00
982081,4.0596574540933152e+03,3.6084893902094164e+00
982110,4.0596574540933152e+03,3.6084893902094164e+00
982135,4.0596574540933152e+03,3.6084893902094164e+00
982160,4.0596574540933152e+03,3.6084893902094164e+00
982185,4.0596574540933152e+03,3.6084893902094164e+00
982214,4.0596574540933152e+03,3.6084893902094164e+00
982239,4.0596574540933152e+03,3.6084893902094164e+00
982264,4.0596574540933152e+03,3.6084893902094164e+00
982289,4.0596574540933152e+03,3.6084893902094164e+00
982318,4.0596574540933152e+03,3.6084893902094164e+00
982343,4.0596574540933152e+03,3.6084893902094164e+00
982368,4.0596574540933152e+03,3.6084893902094164e+00
982393,4.0596574540933152e+03,3.6084893902094164e+00
982422,4.0596574540933152e+03,3.6084893902094164e+00
982447,4.0596574540933152e+03,3.6084893902094164e+00
982472,4.0596574540933152e+03,3.6084893902094164e+00
982497,4.0596574540933152e+03,3.6084893902094164e+00
982526,4.0596574540933152e+03,3.6084893902094164e+00
982551,4.0596574540933152e+03,3.6084893902094164e+00
982576,4.0596574540933152e+03,3.6084893902094164e+00
982601,4.0596574540933152e+03,3.6084893902094164e+00
982630,4.0596574540933152e+03,3.6084893902094164e+00
982655,4.0596574540933152e+03,3.6084893902094164e+00
982680,4.0596574540933152e+03,3.6084893902094164e+00
982705,4.0596574540933152e+03,3.6084893902094164e+00
982734,4.0596574540933152e+03,3.6084893902094164e+00
982759,4.0596574540933152e+03,3.6084893902094164e+00
982784,4.0596574540933152e+03,3.6084893902094164e+00
982809,4.0596574540933152e+03,3.6084893902094164e+00
982838,4.0596574540933152e+03,3.6084893902094164e+00
982863,4.0596574540933152e+03,3.6084893902094164e+00
982888,4.0596574540933152e+03,3.6084893902094164e+00
982913,4.0596574540933152e+03,3.6084893902094164e+00
982942,4.0596574540933152e+03,3.6084893902094164e+00
982967,4.0596574540933152e+03,3.6084893902094164e+00
982992,4.0596574540933152e+03,3.6084893902094164e+00
983017,4.0596574540933152e+03,3.6084893902094164e+00
983046,4.0596574540933152e+03,3.6084893902094164e+00
983071,4.0596574540933152e+03,3.6084893902094164e+00
983096,4.0596574540933152e+03,3.6084893902094164e+00
983121,4.0596574540933152e+03,3.6084893902094164e+00
983150,4.0596574540933152e+03,3.6084893902094164e+00
983175,4.0596574540933152e+03,3.6084893902094164e+00
983200,4.0596574540933152e+03,3.6084893902094164e+00
983225,4.0596574540933152e+03,3.6084893902094164e+00
983254,4.0596574540933152e+03,3.6084893902094164e+00
983279,4.0596574540933152e+03,3.6084893902094164e+00
983304,4.0596574540933152e+03,3.6084893902094164e+00
983329,4.0596574540933152e+03,3.6084893902094164e+00
983358,4.0596574540933152e+03,3.6084893902094164e+00
983383,4.0596574540933152e+03,3.6084893902094164e+00
983408,4.0596574540933152e+03,3.6084893902094164e+00
983433,4.0596574540933152e+03,3.6084893902094164e+00
983462,4.0596574540933152e+03,3.6084893902094164e+00
983487,4.0596574540933152e+03,3.6084893902094164e+00
983512,4.0596574540933152e+03,3.6084893902094164e+00
983537,4.0596574540933152e+03,3.6084893902094164e+00
983566,4.0596574540933152e+03,3.6084893902094164e+00
983591,4.0596574540933152e+03,3.6084893902094164e+00
983616,4.0596574540933152e+03,3.6084893902094164e+00
983641,4.0596574540933152e+03,3.6084893902094164e+00
983670,4.0596574540933152e+03,3.6084893902094164e+00
983695,4.0596574540933152e+03,3.6084893902094164e+00
983720,4.0596574540933152e+03,3.6084893902094164e+00
983745,4.0596574540933152e+03,3.6084893902094164e+00
983774,4.0596574540933152e+03,3.6084893902094164e+00
983799,4.0596574540933152e+03,3.6084893902094164e+00
983824,4.0596574540933152e+03,3.6084893902094164e+00
983849,4.0596574540933152e+03,3.6084893902094164e+00
983878,4.0596574540933152e+03,3.6084893902094164e+00
983903,4.0596574540933152e+03,3.6084893902094164e+00
983928,4.0596574540933152e+03,3.6084893902094164e+00
983953,4.0596574540933152e+03,3.6084893902094164e+00
983982,4.0596574540933152e+03,3.6084893902094164e+00
984007,4.0596574540933152e+03,3.6084893902094164e+00
984032,4.0596574540933152e+03,3.6084893902094164e+00
984057,4.0596574540933152e+03,3.6084893902094164e+00
984086,4.0596574540933152e+03,3.6084893902094164e+00
984111,4.0596574540933152e+03,3.6084893902094164e+00
984136,4.0596574540933152e+03,3.6084893902094164e+00
984161,4.0596574540933152e+03,3.6084893902094164e+00
984190,4.0596574540933152e+03,3.6084893902094164e+00
984215,4.0596574540933152e+03,3.6084893902094164e+00
984240,4.0596574540933152e+03,3.6084893902094164e+00
984265,4.0596574540933152e+03,3.6084893902094164e+00
984294,4.0596574540933152e+03,3.6084893902094164e+00
984319,4.0596574540933152e+03,3.6084893902094164e+00
984344,4.0596574540933152e+03,3.6084893902094164e+00
984369,4.0596574540933152e+03,3.6084893902094164e+00
984398,4.0596574540933152e+03,3.6084893902094164e+00
984423,4.0596574540933152e+03,3.6084893902094164e+00
984448,4.0596574540933152e+03,3.6084893902094164e+00
984473,4.0596574540933152e+03,3.6084893902094164e+00
984502,4.0596574540933152e+03,3.6084893902094164e+00
984527,4.0596574540933152e+03,3.6084893902094164e+00
984552,4.0596574540933152e+03,3.6084893902094164e+00
984577,4.0596574540933152e+03,3.6084893902094164e+00
984606,4.0596574540933152e+03,3.6084893902094164e+00
984631,4.0596574540933152e+03,3.6084893902094164e+00
984656,4.0596574540933152e+03,3.6084893902094164e+00
984681,4.0596574540933152e+03,3.6084893902094164e+00
984710,4.0596574540933152e+03,3.6084893902094164e+00
984735,4.0596574540933152e+03,3.6084893902094164e+00
984760,4.0596574540933152e+03,3.6084893902094164e+00
984785,4.0596574540933152e+03,3.6084893902094164e+00
984814,4.0596574540933152e+03,3.6084893902094164e+00
984839,4.0596574540933152e+03,3.6084893902094164e+00
984864,4.0596574540933152e+03,3.6084893902094164e+00
984889,4.0596574540933152e+03,3.6084893902094164e+00
984918,4.0596574540933152e+03,3.6084893902094164e+00
984943,4.0596574540933152e+03,3.6084893902094164e+00
984968,4.0596574540933152e+03,3.6084893902094164e+00
984993,4.0596574540933152e+03,3.6084893902094164e+00
985022,4.0596574540933152e+03,3.6084893902094164e+00
985047,4.0596574540933152e+03,3.6084893902094164e+00
985072,4.0596574540933152e+03,3.6084893902094164e+00
985097,4.0596574540933152e+03,3.6084893902094164e+00
985126,4.0596574540933152e+03,3.6084893902094164e+00
985151,4.0596574540933152e+03,3.6084893902094164e+00
985176,4.0596574540933152e+03,3.6084893902094164e+00
985201,4.0596574540933152e+03,3.6084893902094164e+00
985230,4.0596574540933152e+03,3.6084893902094164e+00
985255,4.0596574540933152e+03,3.6084893902094164e+00
985280,4.0596574540933152e+03,3.6084893902094164e+00
985305,4.0596574540933152e+03,3.6084893902094164e+00
985334,4.0596574540933152e+03,3.6084893902094164e+00
985359,4.0596574540933152e+03,3.6084893902094164e+00
985384,4.0596574540933152e+03,3.6084893902094164e+00
985409,4.0596574540933152e+03,3.6084893902094164e+00
985438,4.0596574540933152e+03,3.6084893902094164e+00
985463,4.0596574540933152e+03,3.6084893902094164e+00
985488,4.0596574540933152e+03,3.6084893902094164e+00
985513,4.0596574540933152e+03,3.6084893902094164e+00
985542,4.0596574540933152e+03,3.6084893902094164e+00
985567,4.0596574540933152e+03,3.6084893902094164e+00
985592,4.0596574540933152e+03,3.6084893902094164e+00
985617,4.0596574540933152e+03,3.6084893902094164e+00
985646,4.0596574540933152e+03,3.6084893902094164e+00
985671,4.0596574540933152e+03,3.6084893902094164e+00
985696,4.0596574540933152e+03,3.6084893902094164e+00
985721,4.0596574540933152e+03,3.6084893902094164e+00
985750,4.0596574540933152e+03,3.6084893902094164e+00
985775,4.0596574540933152e+03,3.6084893902094164e+00
985800,4.0596574540933152e+03,3.6084893902094164e+00
985825,4.0596574540933152e+03,3.6084893902094164e+00
985854,4.0596574540933152e+03,3.6084893902094164e+00
985879,4.0596574540933152e+03,3.6084893902094164e+00
985904,4.0596574540933152e+03,3.6084893902094164e+00
985929,4.0596574540933152e+03,3.6084893902094164e+00
985958,4.0596574540933152e+03,3.6084893902094164e+00
985983,4.0596574540933152e+03,3.6084893902094164e+00
986008,4.0596574540933152e+03,3.6084893902094164e+00
986033,4.0596574540933152e+03,3.6084893902094164e+00
986062,4.0596574540933152e+03,3.6084893902094164e+00
986087,4.0596574540933152e+03,3.6084893902094164e+00
986112,4.0596574540933152e+03,3.6084893902094164e+00
986137,4.0596574540933152e+03,3.6084893902094164e+00
986166,4.0596574540933152e+03,3.6084893902094164e+00
986191,4.0596574540933152e+03,3.6084893902094164e+00
986216,4.0596574540933152e+03,3.6084893902094164e+00
986241,4.0596574540933152e+03,3.6084893902094164e+00
986270,4.0596574540933152e+03,3.6084893902094164e+00
986295,4.0596574540933152e+03,3.6084893902094164e+00
986320,4.0596574540933152e+03,3.6084893902094164e+00
986345,4.0596574540933152e+03,3.6084893902094164e+00
986374,4.0596574540933152e+03,3.6084893902094164e+00
986399,4.0596574540933152e+03,3.6084893902094164e+00
986424,4.0596574540933152e+03,3.6084893902094164e+00
986449,4.0596574540933152e+03,3.6084893902094164e+00
986478,4.0596574540933152e+03,3.6084893902094164e+00
986503,4.0596574540933152e+03,3.6084893902094164e+00
986528,4.0596574540933152e+03,3.6084893902094164e+00
986553,4.0596574540933152e+03,3.6084893902094164e+00
986582,4.0596574540933152e+03,3.6084893902094164e+00
986607,4.0596574540933152e+03,3.6084893902094164e+00
986632,4.0596574540933152e+03,3.6084893902094164e+00
986657,4.0596574540933152e+03,3.6084893902094164e+00
986686,4.0596574540933152e+03,3.6084893902094164e+00
986711,4.0596574540933152e+03,3.6084893902094164e+00
986736,4.0596574540933152e+03,3.6084893902094164e+00
986761,4.0596574540933152e+03,3.6084893902094164e+00
986790,4.0596574540933152e+03,3.6084893902094164e+00
986815,4.0596574540933152e+03,3.6084893902094164e+00
986840,4.0596574540933152e+03,3.6084893902094164e+00
986865,4.0596574540933152e+03,3.6084893902094164e+00
986894,4.0596574540933152e+03,3.6084893902094164e+00
986919,4.0596574540933152e+03,3.6084893902094164e+00
986944,4.0596574540933152e+03,3.6084893902094164e+00
986969,4.0596574540933152e+03,3.6084893902094164e+00
986998,4.0596574540933152e+03,3.6084893902094164e+00
987023,4.0596574540933152e+03,3.6084893902094164e+00
987048,4.0596574540933152e+03,3.6084893902094164e+00
987073,4.0596574540933152e+03,3.6084893902094164e+00
987102,4.0596574540933152e+03,3.6084893902094164e+00
987127,4.0596574540933152e+03,3.6084893902094164e+00
987152,4.0596574540933152e+03,3.6084893902094164e+00
987177,4.0596574540933152e+03,3.6084893902094164e+00
987206,4.0596574540933152e+03,3.6084893902094164e+00
987231,4.0596574540933152e+03,3.6084893902094164e+00
987256,4.0596574540933152e+03,3.6084893902094164e+00
987281,4.0596574540933152e+03,3.6084893902094164e+00
987310,4.0596574540933152e+03,3.6084893902094164e+00
987335,4.0596574540933152e+03,3.6084893902094164e+00
987360,4.0596574540933152e+03,3.6084893902094164e+00
987385,4.0596574540933152e+03,3.6084893902094164e+00
987414,4.0596574540933152e+03,3.6084893902094164e+00
987439,4.0596574540933152e+03,3.6084893902094164e+00
987464,4.0596574540933152e+03,3.6084893902094164e+00
987489,4.0596574540933152e+03,3.6084893902094164e+00
987518,4.0596574540933152e+03,3.6084893902094164e+00
987543,4.0596574540933152e+03,3.6084893902094164e+00
987568,4.0596574540933152e+03,3.6084893902094164e+00
987593,4.0596574540933152e+03,3.6084893902094164e+00
987622,4.0596574540933152e+03,3.6084893902094164e+00
987647,4.0596574540933152e+03,3.6084893902094164e+00
987672,4.0596574540933152e+03,3.6084893902094164e+00
987697,4.0596574540933152e+03,3.6084893902094164e+00
987726,4.0596574540933152e+03,3.6084893902094164e+00
987751,4.0596574540933152e+03,3.6084893902094164e+00
987776,4.0596574540933152e+03,3.6084893902094164e+00
987801,4.0596574540933152e+03,3.6084893902094164e+00
987830,4.0596574540933152e+03,3.6084893902094164e+00
987855,4.0596574540933152e+03,3.6084893902094164e+00
987880,4.0596574540933152e+03,3.6084893902094164e+00
987905,4.0596574540933152e+03,3.6084893902094164e+00
987934,4.0596574540933152e+03,3.6084893902094164e+00
987959,4.0596574540933152e+03,3.6084893902094164e+00
987984,4.0596574540933152e+03,3.6084893902094164e+00
988009,4.0596574540933152e+03,3.6084893902094164e+00
988038,4.0596574540933152e+03,3.6084893902094164e+00
988063,4.0596574540933152e+03,3.6084893902094164e+00
988088,4.0596574540933152e+03,3.6084893902094164e+00
988113,4.0596574540933152e+03,3.6084893902094164e+00
988142,4.0596574540933152e+03,3.6084893902094164e+00
988167,4.0596574540933152e+03,3.6084893902094164e+00
988192,4.0596574540933152e+03,3.6084893902094164e+00
988217,4.0596574540933152e+03,3.6084893902094164e+00
988246,4.0596574540933152e+03,3.6084893902094164e+00
988271,4.0596574540933152e+03,3.6084893902094164e+00
988296,4.0596574540933152e+03,3.6084893902094164e+00
988321,4.0596574540933152e+03,3.6084893902094164e+00
988350,4.0596574540933152e+03,3.6084893902094164e+00
988375,4.0596574540933152e+03,3.6084893902094164e+00
988400,4.0596574540933152e+03,3.6084893902094164e+00
988425,4.0596574540933152e+03,3.6084893902094164e+00
988454,4.0596574540933152e+03,3.6084893902094164e+00
988479,4.0596574540933152e+03,3.6084893902094164e+00
988504,4.0596574540933152e+03,3.6084893902094164e+00
988529,4.0596574540933152e+03,3.6084893902094164e+00
988558,4.0596574540933152e+03,3.6084893902094164e+00
988583,4.0596574540933152e+03,3.6084893902094164e+00
988608,4.0596574540933152e+03,3.6084893902094164e+00
988633,4.0596574540933152e+03,3.6084893902094164e+00
988662,4.0596574540933152e+03,3.6084893902094164e+00
988687,4.0596574540933152e+03,3.6084893902094164e+00
988712,4.0596574540933152e+03,3.6084893902094164e+00
988737,4.0596574540933152e+03,3.6084893902094164e+00
988766,4.0596574540933152e+03,3.6084893902094164e+00
988791,4.0596574540933152e+03,3.6084893902094164e+00
988816,4.0596574540933152e+03,3.6084893902094164e+00
988841,4.0596574540933152e+03,3.6084893902094164e+00
988870,4.0596574540933152e+03,3.6084893902094164e+00
988895,4.0596574540933152e+03,3.6084893902094164e+00
988920,4.0596574540933152e+03,3.6084893902094164e+00
988945,4.0596574540933152e+03,3.6084893902094164e+00
988974,4.0596574540933152e+03,3.6084893902094164e+00
988999,4.0596574540933152e+03,3.6084893902094164e+00
989024,4.0596574540933152e+03,3.6084893902094164e+00
989049,4.0596574540933152e+03,3.6084893902094164e+00
989078,4.0596574540933152e+03,3.6084893902094164e+00
989103,4.0596574540933152e+03,3.6084893902094164e+00
989128,4.0596574540933152e+03,3.6084893902094164e+00
989153,4.0596574540933152e+03,3.6084893902094164e+00
989182,4.0596574540933152e+03,3.6084893902094164e+00
989207,4.0596574540933152e+03,3.6084893902094164e+00
989232,4.0596574540933152e+03,3.6084893902094164e+00
989257,4.0596574540933152e+03,3.6084893902094164e+00
989286,4.0596574540933152e+03,3.6084893902094164e+00
989311,4.0596574540933152e+03,3.6084893902094164e+00
989336,4.0596574540933152e+03,3.6084893902094164e+00
989361,4.0596574540933152e+03,3.6084893902094164e+00
989390,4.0596574540933152e+03,3.6084893902094164e+00
989415,4.0596574540933152e+03,3.6084893902094164e+00
989440,4.0596574540933152e+03,3.6084893902094164e+00
989465,4.0596574540933152e+03,3.6084893902094164e+00
989494,4.0596574540933152e+03,3.6084893902094164e+00
989519,4.0596574540933152e+03,3.6084893902094164e+00
989544,4.0596574540933152e+03,3.6084893902094164e+00
989569,4.0596574540933152e+03,3.6084893902094164e+00
989598,4.0596574540933152e+03,3.6084893902094164e+00
989623,4.0596574540933152e+03,3.6084893902094164e+00
989648,4.0596574540933152e+03,3.6084893902094164e+00
989673,4.0596574540933152e+03,3.6084893902094164e+00
989702,4.0596574540933152e+03,3.6084893902094164e+00
989727,4.0596574540933152e+03,3.6084893902094164e+00
989752,4.0596574540933152e+03,3.6084893902094164e+00
989777,4.0596574540933152e+03,3.6084893902094164e+00
989806,4.0596574540933152e+03,3.6084893902094164e+00
989831,4.0596574540933152e+03,3.6084893902094164e+00
989856,4.0596574540933152e+03,3.6084893902094164e+00
989881,4.0596574540933152e+03,3.6084893902094164e+00
989910,4.0596574540933152e+03,3.6084893902094164e+00
989935,4.0596574540933152e+03,3.6084893902094164e+00
989960,4.0596574540933152e+03,3.6084893902094164e+00
989985,4.0596574540933152e+03,3.6084893902094164e+00
990014,4.0596574540933152e+03,3.6084893902094164e+00
990039,4.0596574540933152e+03,3.6084893902094164e+00
990064,4.0596574540933152e+03,3.6084893902094164e+00
990089,4.0596574540933152e+03,3.6084893902094164e+00
990118,4.0596574540933152e+03,3.6084893902094164e+00
990143,4.0596574540933152e+03,3.6084893902094164e+00
990168,4.0596574540933152e+03,3.6084893902094164e+00
990193,4.0596574540933152e+03,3.6084893902094164e+00
990222,4.0596574540933152e+03,3.6084893902094164e+00
990247,4.0596574540933152e+03,3.6084893902094164e+00
990272,4.0596574540933152e+03,3.6084893902094164e+00
990297,4.0596574540933152e+03,3.6084893902094164e+00
990326,4.0596574540933152e+03,3.6084893902094164e+00
990351,4.0596574540933152e+03,3.6084893902094164e+00
990376,4.0596574540933152e+03,3.6084893902094164e+00
990401,4.0596574540933152e+03,3.6084893902094164e+00
990430,4.0596574540933152e+03,3.6084893902094164e+00
990455,4.0596574540933152e+03,3.6084893902094164e+00
990480,4.0596574540933152e+03,3.6084893902094164e+00
990505,4.0596574540933152e+03,3.6084893902094164e+00
990534,4.0596574540933152e+03,3.6084893902094164e+00
990559,4.0596574540933152e+03,3.6084893902094164e+00
990584,4.0596574540933152e+03,3.6084893902094164e+00
990609,4.0596574540933152e+03,3.6084893902094164e+00
990638,4.0596574540933152e+03,3.6084893902094164e+00
990663,4.0596574540933152e+03,3.6084893902094164e+00
990688,4.0596574540933152e+03,3.6084893902094164e+00
990713,4.0596574540933152e+03,3.6084893902094164e+00
990742,4.0596574540933152e+03,3.6084893902094164e+00
990767,4.0596574540933152e+03,3.6084893902094164e+00
990792,4.0596574540933152e+03,3.6084893902094164e+00
990817,4.0596574540933152e+03,3.6084893902094164e+00
990846,4.0596574540933152e+03,3.6084893902094164e+00
990871,4.0596574540933152e+03,3.6084893902094164e+00
990896,4.0596574540933152e+03,3.6084893902094164e+00
990921,4.0596574540933152e+03,3.6084893902094164e+00
990950,4.0596574540933152e+03,3.6084893902094164e+00
990975,4.0596574540933152e+03,3.6084893902094164e+00
991000,4.0596574540933152e+03,3.6084893902094164e+00
991025,4.0596574540933152e+03,3.6084893902094164e+00
991054,4.0596574540933152e+03,3.6084893902094164e+00
991079,4.0596574540933152e+03,3.6084893902094164e+00
991104,4.0596574540933152e+03,3.6084893902094164e+00
991129,4.0596574540933152e+03,3.6084893902094164e+00
991158,4.0596574540933152e+03,3.6084893902094164e+00
991183,4.0596574540933152e+03,3.6084893902094164e+00
991208,4.0596574540933152e+03,3.6084893902094164e+00
991233,4.0596574540933152e+03,3.6084893902094164e+00
991262,4.0596574540933152e+03,3.6084893902094164e+00
991287,4.0596574540933152e+03,3.6084893902094164e+00
991312,4.0596574540933152e+03,3.6084893902094164e+00
991337,4.0596574540933152e+03,3.6084893902094164e+00
991366,4.0596574540933152e+03,3.6084893902094164e+00
991391,4.0596574540933152e+03,3.6084893902094164e+00
991416,4.0596574540933152e+03,3.6084893902094164e+00
991441,4.0596574540933152e+03,3.6084893902094164e+00
991470,4.0596574540933152e+03,3.6084893902094164e+00
991495,4.0596574540933152e+03,3.6084893902094164e+00
991520,4.0596574540933152e+03,3.6084893902094164e+00
991545,4.0596574540933152e+03,3.6084893902094164e+00
991574,4.0596574540933152e+03,3.6084893902094164e+00
991599,4.0596574540933152e+03,3.6084893902094164e+00
991624,4.0596574540933152e+03,3.6084893902094164e+00
991649,4.0596574540933152e+03,3.6084893902094164e+00
991678,4.0596574540933152e+03,3.6084893902094164e+00
991703,4.0596574540933152e+03,3.6084893902094164e+00
991728,4.0596574540933152e+03,3.6084893902094164e+00
991753,4.0596574540933152e+03,3.6084893902094164e+00
991782,4.0596574540933152e+03,3.6084893902094164e+00
991807,4.0596574540933152e+03,3.6084893902094164e+00
991832,4.0596574540933152e+03,3.6084893902094164e+00
991857,4.0596574540933152e+03,3.6084893902094164e+00
991886,4.0596574540933152e+03,3.6084893902094164e+00
991911,4.0596574540933152e+03,3.6084893902094164e+00
991936,4.0596574540933152e+03,3.6084893902094164e+00
991961,4.0596574540933152e+03,3.6084893902094164e+00
991990,4.0596574540933152e+03,3.6084893902094164e+00
992015,4.0596574540933152e+03,3.6084893902094164e+00
992040,4.0596574540933152e+03,3.6084893902094164e+00
992065,4.0596574540933152e+03,3.6084893902094164e+00
992094,4.0596574540933152e+03,3.6084893902094164e+00
992119,4.0596574540933152e+03,3.6084893902094164e+00
992144,4.0596574540933152e+03,3.6084893902094164e+00
992169,4.0596574540933152e+03,3.6084893902094164e+00
992198,4.0596574540933152e+03,3.6084893902094164e+00
992223,4.0596574540933152e+03,3.6084893902094164e+00
992248,4.0596574540933152e+03,3.6084893902094164e+00
992273,4.0596574540933152e+03,3.6084893902094164e+00
992302,4.0596574540933152e+03,3.6084893902094164e+00
992327,4.0596574540933152e+03,3.6084893902094164e+00
992352,4.0596574540933152e+03,3.6084893902094164e+00
992377,4.0596574540933152e+03,3.6084893902094164e+00
992406,4.0596574540933152e+03,3.6084893902094164e+00
992431,4.0596574540933152e+03,3.6084893902094164e+00
992456,4.0596574540933152e+03,3.6084893902094164e+00
992481,4.0596574540933152e+03,3.6084893902094164e+00
992510,4.0596574540933152e+03,3.6084893902094164e+00
992535,4.0596574540933152e+03,3.6084893902094164e+00
992560,4.0596574540933152e+03,3.6084893902094164e+00
992585,4.0596574540933152e+03,3.6084893902094164e+00
992614,4.0596574540933152e+03,3.6084893902094164e+00
992639,4.0596574540933152e+03,3.6084893902094164e+00
992664,4.0596574540933152e+03,3.6084893902094164e+00
992689,4.0596574540933152e+03,3.6084893902094164e+00
992718,4.0596574540933152e+03,3.6084893902094164e+00
992743,4.0596574540933152e+03,3.6084893902094164e+00
992768,4.0596574540933152e+03,3.6084893902094164e+00
992793,4.0596574540933152e+03,3.6084893902094164e+00
992822,4.0596574540933152e+03,3.6084893902094164e+00
992847,4.0596574540933152e+03,3.6084893902094164e+00
992872,4.0596574540933152e+03,3.6084893902094164e+00
992897,4.0596574540933152e+03,3.6084893902094164e+00
992926,4.0596574540933152e+03,3.6084893902094164e+00
992951,4.0596574540933152e+03,3.6084893902094164e+00
992976,4.0596574540933152e+03,3.6084893902094164e+00
993001,4.0596574540933152e+03,3.6084893902094164e+00
993030,4.0596574540933152e+03,3.6084893902094164e+00
993055,4.0596574540933152e+03,3.6084893902094164e+00
993080,4.0596574540933152e+03,3.6084893902094164e+00
993105,4.0596574540933152e+03,3.6084893902094164e+00
993134,4.0596574540933152e+03,3.6084893902094164e+00
993159,4.0596574540933152e+03,3.6084893902094164e+00
993184,4.0596574540933152e+03,3.6084893902094164e+00
993209,4.0596574540933152e+03,3.6084893902094164e+00
993238,4.0596574540933152e+03,3.6084893902094164e+00
993263,4.0596574540933152e+03,3.6084893902094164e+00
993288,4.0596574540933152e+03,3.6084893902094164e+00
993313,4.0596574540933152e+03,3.6084893902094164e+00
993342,4.0596574540933152e+03,3.6084893902094164e+00
993367,4.0596574540933152e+03,3.6084893902094164e+00
993392,4.0596574540933152e+03,3.6084893902094164e+00
993417,4.0596574540933152e+03,3.6084893902094164e+00
993446,4.0596574540933152e+03,3.6084893902094164e+00
993471,4.0596574540933152e+03,3.6084893902094164e+00
993496,4.0596574540933152e+03,3.6084893902094164e+00
993521,4.0596574540933152e+03,3.6084893902094164e+00
993550,4.0596574540933152e+03,3.6084893902094164e+00
993575,4.0596574540933152e+03,3.6084893902094164e+00
993600,4.0596574540933152e+03,3.6084893902094164e+00
993625,4.0596574540933152e+03,3.6084893902094164e+00
993654,4.0596574540933152e+03,3.6084893902094164e+00
993679,4.0596574540933152e+03,3.6084893902094164e+00
993704,4.0596574540933152e+03,3.6084893902094164e+00
993729,4.0596574540933152e+03,3.6084893902094164e+00
993758,4.0596574540933152e+03,3.6084893902094164e+00
993783,4.0596574540933152e+03,3.6084893902094164e+00
993808,4.0596574540933152e+03,3.6084893902094164e+00
993833,4.0596574540933152e+03,3.6084893902094164e+00
993862,4.0596574540933152e+03,3.6084893902094164e+00
993887,4.0596574540933152e+03,3.6084893902094164e+00
993912,4.0596574540933152e+03,3.6084893902094164e+00
993937,4.0596574540933152e+03,3.6084893902094164e+00
993966,4.0596574540933152e+03,3.6084893902094164e+00
993991,4.0596574540933152e+03,3.6084893902094164e+00
994016,4.0596574540933152e+03,3.6084893902094164e+00
994041,4.0596574540933152e+03,3.6084893902094164e+00
994070,4.0596574540933152e+03,3.6084893902094164e+00
994095,4.0596574540933152e+03,3.6084893902094164e+00
994120,4.0596574540933152e+03,3.6084893902094164e+00
994145,4.0596574540933152e+03,3.6084893902094164e+00
994174,4.0596574540933152e+03,3.6084893902094164e+00
994199,4.0596574540933152e+03,3.6084893902094164e+00
994224,4.0596574540933152e+03,3.6084893902094164e+00
994249,4.0596574540933152e+03,3.6084893902094164e+00
994278,4.0596574540933152e+03,3.6084893902094164e+00
994303,4.0596574540933152e+03,3.6084893902094164e+00
994328,4.0596574540933152e+03,3.6084893902094164e+00
994353,4.0596574540933152e+03,3.6084893902094164e+00
994382,4.0596574540933152e+03,3.6084893902094164e+00
994407,4.0596574540933152e+03,3.6084893902094164e+00
994432,4.0596574540933152e+03,3.6084893902094164e+00
994457,4.0596574540933152e+03,3.6084893902094164e+00
994486,4.0596574540933152e+03,3.6084893902094164e+00
994511,4.0596574540933152e+03,3.6084893902094164e+00
994536,4.0596574540933152e+03,3.6084893902094164e+00
994561,4.0596574540933152e+03,3.6084893902094164e+00
994590,4.0596574540933152e+03,3.6084893902094164e+00
994615,4.0596574540933152e+03,3.6084893902094164e+00
994640,4.0596574540933152e+03,3.6084893902094164e+00
994665,4.0596574540933152e+03,3.6084893902094164e+00
994694,4.0596574540933152e+03,3.6084893902094164e+00
994719,4.0596574540933152e+03,3.6084893902094164e+00
994744,4.0596574540933152e+03,3.6084893902094164e+00
994769,4.0596574540933152e+03,3.6084893902094164e+00
994798,4.0596574540933152e+03,3.6084893902094164e+00
994823,4.0596574540933152e+03,3.6084893902094164e+00
994848,4.0596574540933152e+03,3.6084893902094164e+00
994873,4.0596574540933152e+03,3.6084893902094164e+00
994902,4.0596574540933152e+03,3.6084893902094164e+00
994927,4.0596574540933152e+03,3.6084893902094164e+00
994952,4.0596574540933152e+03,3.6084893902094164e+00
994977,4.0596574540933152e+03,3.6084893902094164e+00
995006,4.0596574540933152e+03,3.6084893902094164e+00
995031,4.0596574540933152e+03,3.6084893902094164e+00
995056,4.0596574540933152e+03,3.6084893902094164e+00
995081,4.0596574540933152e+03,3.6084893902094164e+00
995110,4.0596574540933152e+03,3.6084893902094164e+00
995135,4.0596574540933152e+03,3.6084893902094164e+00
995160,4.0596574540933152e+03,3.6084893902094164e+00
995185,4.0596574540933152e+03,3.6084893902094164e+00
995214,4.0596574540933152e+03,3.6084893902094164e+00
995239,4.0596574540933152e+03,3.6084893902094164e+00
995264,4.0596574540933152e+03,3.6084893902094164e+00
995289,4.0596574540933152e+03,3.6084893902094164e+00
995318,4.0596574540933152e+03,3.6084893902094164e+00
995343,4.0596574540933152e+03,3.6084893902094164e+00
995368,4.0596574540933152e+03,3.6084893902094164e+00
995393,4.0596574540933152e+03,3.6084893902094164e+00
995422,4.0596574540933152e+03,3.6084893902094164e+00
995447,4.0596574540933152e+03,3.6084893902094164e+00
995472,4.0596574540933152e+03,3.6084893902094164e+00
995497,4.0596574540933152e+03,3.6084893902094164e+00
995526,4.0596574540933152e+03,3.6084893902094164e+00
995551,4.0596574540933152e+03,3.6084893902094164e+00
995576,4.0596574540933152e+03,3.6084893902094164e+00
995601,4.0596574540933152e+03,3.6084893902094164e+00
995630,4.0596574540933152e+03,3.6084893902094164e+00
995655,4.0596574540933152e+03,3.6084893902094164e+00
995680,4.0596574540933152e+03,3.6084893902094164e+00
995705,4.0596574540933152e+03,3.6084893902094164e+00
995734,4.0596574540933152e+03,3.6084893902094164e+00
995759,4.0596574540933152e+03,3.6084893902094164e+00
995784,4.0596574540933152e+03,3.6084893902094164e+00
995809,4.0596574540933152e+03,3.6084893902094164e+00
995838,4.0596574540933152e+03,3.6084893902094164e+00
995863,4.0596574540933152e+03,3.6084893902094164e+00
995888,4.0596574540933152e+03,3.6084893902094164e+00
995913,4.0596574540933152e+03,3.6084893902094164e+00
995942,4.0596574540933152e+03,3.6084893902094164e+00
995967,4.0596574540933152e+03,3.6084893902094164e+00
995992,4.0596574540933152e+03,3.6084893902094164e+00
996017,4.0596574540933152e+03,3.6084893902094164e+00
996046,4.0596574540933152e+03,3.6084893902094164e+00
996071,4.0596574540933152e+03,3.6084893902094164e+00
996096,4.0596574540933152e+03,3.6084893902094164e+00
996121,4.0596574540933152e+03,3.6084893902094164e+00
996150,4.0596574540933152e+03,3.6084893902094164e+00
996175,4.0596574540933152e+03,3.6084893902094164e+00
996200,4.0596574540933152e+03,3.6084893902094164e+00
996225,4.0596574540933152e+03,3.6084893902094164e+00
996254,4.0596574540933152e+03,3.6084893902094164e+00
996279,4.0596574540933152e+03,3.6084893902094164e+00
996304,4.0596574540933152e+03,3.6084893902094164e+00
996329,4.0596574540933152e+03,3.6084893902094164e+00
996358,4.0596574540933152e+03,3.6084893902094164e+00
996383,4.0596574540933152e+03,3.6084893902094164e+00
996408,4.0596574540933152e+03,3.6084893902094164e+00
996433,4.0596574540933152e+03,3.6084893902094164e+00
996462,4.0596574540933152e+03,3.6084893902094164e+00
996487,4.0596574540933152e+03,3.6084893902094164e+00
996512,4.0596574540933152e+03,3.6084893902094164e+00
996537,4.0596574540933152e+03,3.6084893902094164e+00
996566,4.0596574540933152e+03,3.6084893902094164e+00
996591,4.0596574540933152e+03,3.6084893902094164e+00
996616,4.0596574540933152e+03,3.6084893902094164e+00
996641,4.0596574540933152e+03,3.6084893902094164e+00
996670,4.0596574540933152e+03,3.6084893902094164e+00
996695,4.0596574540933152e+03,3.6084893902094164e+00
996720,4.0596574540933152e+03,3.6084893902094164e+00
996745,4.0596574540933152e+03,3.6084893902094164e+00
996774,4.0596574540933152e+03,3.6084893902094164e+00
996799,4.0596574540933152e+03,3.6084893902094164e+00
996824,4.0596574540933152e+03,3.6084893902094164e+00
996849,4.0596574540933152e+03,3.6084893902094164e+00
996878,4.0596574540933152e+03,3.6084893902094164e+00
996903,4.0596574540933152e+03,3.6084893902094164e+00
996928,4.0596574540933152e+03,3.6084893902094164e+00
996953,4.0596574540933152e+03,3.6084893902094164e+00
996982,4.0596574540933152e+03,3.6084893902094164e+00
997007,4.0596574540933152e+03,3.6084893902094164e+00
997032,4.0596574540933152e+03,3.6084893902094164e+00
997057,4.0596574540933152e+03,3.6084893902094164e+00
997086,4.0596574540933152e+03,3.6084893902094164e+00
997111,4.0596574540933152e+03,3.6084893902094164e+00
997136,4.0596574540933152e+03,3.6084893902094164e+00
997161,4.0596574540933152e+03,3.6084893902094164e+00
997190,4.0596574540933152e+03,3.6084893902094164e+00
997215,4.0596574540933152e+03,3.6084893902094164e+00
997240,4.0596574540933152e+03,3.6084893902094164e+00
997265,4.0596574540933152e+03,3.6084893902094164e+00
997294,4.0596574540933152e+03,3.6084893902094164e+00
997319,4.0596574540933152e+03,3.6084893902094164e+00
997344,4.0596574540933152e+03,3.6084893902094164e+00
997369,4.0596574540933152e+03,3.6084893902094164e+00
997398,4.0596574540933152e+03,3.6084893902094164e+00
997423,4.0596574540933152e+03,3.6084893902094164e+00
997448,4.0596574540933152e+03,3.6084893902094164e+00
997473,4.0596574540933152e+03,3.6084893902094164e+00
997502,4.0596574540933152e+03,3.6084893902094164e+00
997527,4.0596574540933152e+03,3.6084893902094164e+00
997552,4.0596574540933152e+03,3.6084893902094164e+00
997577,4.0596574540933152e+03,3.6084893902094164e+00
997606,4.0596574540933152e+03,3.6084893902094164e+00
997631,4.0596574540933152e+03,3.6084893902094164e+00
997656,4.0596574540933152e+03,3.6084893902094164e+00
997681,4.0596574540933152e+03,3.6084893902094164e+00
997710,4.0596574540933152e+03,3.6084893902094164e+00
997735,4.0596574540933152e+03,3.6084893902094164e+00
997760,4.0596574540933152e+03,3.6084893902094164e+00
997785,4.0596574540933152e+03,3.6084893902094164e+00
997814,4.0596574540933152e+03,3.6084893902094164e+00
997839,4.0596574540933152e+03,3.6084893902094164e+00
997864,4.0596574540933152e+03,3.6084893902094164e+00
997889,4.0596574540933152e+03,3.6084893902094164e+00
997918,4.0596574540933152e+03,3.6084893902094164e+00
997943,4.0596574540933152e+03,3.6084893902094164e+00
997968,4.0596574540933152e+03,3.6084893902094164e+00
997993,4.0596574540933152e+03,3.6084893902094164e+00
998022,4.0596574540933152e+03,3.6084893902094164e+00
998047,4.0596574540933152e+03,3.6084893902094164e+00
998072,4.0596574540933152e+03,3.6084893902094164e+00
998097,4.0596574540933152e+03,3.6084893902094164e+00
998126,4.0596574540933152e+03,3.6084893902094164e+00
998151,4.0596574540933152e+03,3.6084893902094164e+00
998176,4.0596574540933152e+03,3.6084893902094164e+00
998201,4.0596574540933152e+03,3.6084893902094164e+00
998230,4.0596574540933152e+03,3.6084893902094164e+00
998255,4.0596574540933152e+03,3.6084893902094164e+00
998280,4.0596574540933152e+03,3.6084893902094164e+00
998305,4.0596574540933152e+03,3.6084893902094164e+00
998334,4.0596574540933152e+03,3.6084893902094164e+00
998359,4.0596574540933152e+03,3.6084893902094164e+00
998384,4.0596574540933152e+03,3.6084893902094164e+00
998409,4.0596574540933152e+03,3.6084893902094164e+00
998438,4.0596574540933152e+03,3.6084893902094164e+00
998463,4.0596574540933152e+03,3.6084893902094164e+00
998488,4.0596574540933152e+03,3.6084893902094164e+00
998513,4.0596574540933152e+03,3.6084893902094164e+00
998542,4.0596574540933152e+03,3.6084893902094164e+00
998567,4.0596574540933152e+03,3.6084893902094164e+00
998592,4.0596574540933152e+03,3.6084893902094164e+00
998617,4.0596574540933152e+03,3.6084893902094164e+00
998646,4.0596574540933152e+03,3.6084893902094164e+00
998671,4.0596574540933152e+03,3.6084893902094164e+00
998696,4.0596574540933152e+03,3.6084893902094164e+00
998721,4.0596574540933152e+03,3.6084893902094164e+00
998750,4.0596574540933152e+03,3.6084893902094164e+00
998775,4.0596574540933152e+03,3.6084893902094164e+00
998800,4.0596574540933152e+03,3.6084893902094164e+00
998825,4.0596574540933152e+03,3.6084893902094164e+00
998854,4.0596574540933152e+03,3.6084893902094164e+00
998879,4.0596574540933152e+03,3.6084893902094164e+00
998904,4.0596574540933152e+03,3.6084893902094164e+00
998929,4.0596574540933152e+03,3.6084893902094164e+00
998958,4.0596574540933152e+03,3.6084893902094164e+00
998983,4.0596574540933152e+03,3.6084893902094164e+00
999008,4.0596574540933152e+03,3.6084893902094164e+00
999033,4.0596574540933152e+03,3.6084893902094164e+00
999062,4.0596574540933152e+03,3.6084893902094164e+00
999087,4.0596574540933152e+03,3.6084893902094164e+00
999112,4.0596574540933152e+03,3.6084893902094164e+00
999137,4.0596574540933152e+03,3.6084893902094164e+00
999166,4.0596574540933152e+03,3.6084893902094164e+00
999191,4.0596574540933152e+03,3.6084893902094164e+00
999216,4.0596574540933152e+03,3.6084893902094164e+00
999241,4.0596574540933152e+03,3.6084893902094164e+00
999270,4.0596574540933152e+03,3.6084893902094164e+00
999295,4.0596574540933152e+03,3.6084893902094164e+00
999320,4.0596574540933152e+03,3.6084893902094164e+00
999345,4.0596574540933152e+03,3.6084893902094164e+00
999374,4.0596574540933152e+03,3.6084893902094164e+00
999399,4.0596574540933152e+03,3.6084893902094164e+00
999424,4.0596574540933152e+03,3.6084893902094164e+00
999449,4.0596574540933152e+03,3.6084893902094164e+00
999478,4.0596574540933152e+03,3.6084893902094164e+00
999503,4.0596574540933152e+03,3.6084893902094164e+00
999528,4.0596574540933152e+03,3.6084893902094164e+00
999553,4.0596574540933152e+03,3.6084893902094164e+00
999582,4.0596574540933152e+03,3.6084893902094164e+00
999607,4.0596574540933152e+03,3.6084893902094164e+00
999632,4.0596574540933152e+03,3.6084893902094164e+00
999657,4.0596574540933152e+03,3.6084893902094164e+00
999686,4.0596574540933152e+03,3.6084893902094164e+00
999711,4.0596574540933152e+03,3.6084893902094164e+00
999736,4.0596574540933152e+03,3.6084893902094164e+00
999761,4.0596574540933152e+03,3.6084893902094164e+00
999790,4.0596574540933152e+03,3.6084893902094164e+00
999815,4.0596574540933152e+03,3.6084893902094164e+00
999840,4.0596574540933152e+03,3.6084893902094164e+00
999865,4.0596574540933152e+03,3.6084893902094164e+00
999894,4.0596574540933152e+03,3.6084893902094164e+00
999919,4.0596574540933152e+03,3.6084893902094164e+00
999944,4.0596574540933152e+03,3.6084893902094164e+00
999969,4.0596574540933152e+03,3.6084893902094164e+00
999998,4.0596574540933152e+03,3.6084893902094164e+00
1000000,4.0596574540933152e+03,3.6084893902094164e+00
