Eval,BestError,Log10Error
1000,9.3833135507486368e+03,3.9723562288574259e+00
1500,9.2514017821201342e+03,3.9662075424812282e+00
1999,9.2514017821201342e+03,3.9662075424812282e+00
2498,8.5383748003193323e+03,3.9313752146677281e+00
2997,8.5383748003193323e+03,3.9313752146677281e+00
3496,8.5383748003193323e+03,3.9313752146677281e+00
3994,8.5383748003193323e+03,3.9313752146677281e+00
4492,8.5383748003193323e+03,3.9313752146677281e+00
4990,8.5383748003193323e+03,3.9313752146677281e+00
5488,8.1512203381389299e+03,3.9112226328436681e+00
5985,8.1512203381389299e+03,3.9112226328436681e+00
6482,8.1512203381389299e+03,3.9112226328436681e+00
6979,8.1512203381389299e+03,3.9112226328436681e+00
7476,8.1512203381389299e+03,3.9112226328436681e+00
7972,8.1512203381389299e+03,3.9112226328436681e+00
8468,8.1512203381389299e+03,3.9112226328436681e+00
8964,7.8439130390191949e+03,3.8945327702477286e+00
9460,7.8439130390191949e+03,3.8945327702477286e+00
9955,7.8439130390191949e+03,3.8945327702477286e+00
10450,7.1257794705022798e+03,3.8528323776240390e+00
10945,7.1257794705022798e+03,3.8528323776240390e+00
11440,7.1257794705022798e+03,3.8528323776240390e+00
11934,7.1257794705022798e+03,3.8528323776240390e+00
12428,6.5630214551422578e+03,3.8171038240092714e+00
12922,6.5630214551422578e+03,3.8171038240092714e+00
13416,6.5630214551422578e+03,3.8171038240092714e+00
13909,6.5630214551422578e+03,3.8171038240092714e+00
14402,6.3956193999530587e+03,3.8058826112001607e+00
14895,6.3956193999530587e+03,3.8058826112001607e+00
15388,6.3527595911442731e+03,3.8029624205461876e+00
15880,6.3527595911442731e+03,3.8029624205461876e+00
16372,6.3527595911442731e+03,3.8029624205461876e+00
16864,6.3527595911442731e+03,3.8029624205461876e+00
17356,6.1952129598893916e+03,3.7920562398025086e+00
17847,6.1952129598893916e+03,3.7920562398025086e+00
18338,6.1952129598893916e+03,3.7920562398025086e+00
18829,6.0961470153367663e+03,3.7850554319502487e+00
19320,6.0645287432025762e+03,3.7827970587593267e+00
19810,6.0645287432025762e+03,3.7827970587593267e+00
20300,5.4856532190423632e+03,3.7392283497839038e+00
20790,5.4856532190423632e+03,3.7392283497839038e+00
21279,5.4856532190423632e+03,3.7392283497839038e+00
21768,5.4856532190423632e+03,3.7392283497839038e+00
22257,5.4856532190423632e+03,3.7392283497839038e+00
22746,5.4856532190423632e+03,3.7392283497839038e+00
23234,5.3803286812160131e+03,3.7308088072794456e+00
23722,5.3803286812160131e+03,3.7308088072794456e+00
24210,5.1921511661579061e+03,3.7153473281822458e+00
24698,5.1921511661579061e+03,3.7153473281822458e+00
25185,5.1687014054153005e+03,3.7133814438089909e+00
25672,5.1488109127865318e+03,3.7117069428970955e+00
26159,5.1488109127865318e+03,3.7117069428970955e+00
26646,5.1449203060060863e+03,3.7113786519983831e+00
27132,5.0873351320390448e+03,3.7064903480503020e+00
27618,4.6786830417439442e+03,3.6701236248279647e+00
28104,4.6786830417439442e+03,3.6701236248279647e+00
28589,4.5374697576946346e+03,3.6568137434744479e+00
29074,4.4143889023800148e+03,3.6448705913352777e+00
29559,4.1564852751782764e+03,3.6187262463030523e+00
30044,4.1564852751782764e+03,3.6187262463030523e+00
30528,4.1564852751782764e+03,3.6187262463030523e+00
31012,4.1564852751782764e+03,3.6187262463030523e+00
31496,4.1564852751782764e+03,3.6187262463030523e+00
31980,4.1564852751782764e+03,3.6187262463030523e+00
32463,4.1564852751782764e+03,3.6187262463030523e+00
32946,4.1564852751782764e+03,3.6187262463030523e+00
33429,3.7041888686193602e+03,3.5686931223155200e+00
33911,3.7041888686193602e+03,3.5686931223155200e+00
34393,3.7041888686193602e+03,3.5686931223155200e+00
34875,3.7041888686193602e+03,3.5686931223155200e+00
35357,3.6473556423009049e+03,3.5619781120822021e+00
35838,3.6473556423009049e+03,3.5619781120822021e+00
36319,3.6473556423009049e+03,3.5619781120822021e+00
36800,3.6473556423009049e+03,3.5619781120822021e+00
37281,3.5934921851075178e+03,3.5555167047184737e+00
37761,3.5934921851075178e+03,3.5555167047184737e+00
38241,3.5226322317231302e+03,3.5468673045293926e+00
38721,3.4463577215305381e+03,3.5373603539082152e+00
39200,3.4463577215305381e+03,3.5373603539082152e+00
39679,3.4043298399787491e+03,3.5320316315367983e+00
40158,3.4043298399787491e+03,3.5320316315367983e+00
40637,3.2074608987588281e+03,3.5061613707190520e+00
41115,3.2074608987588281e+03,3.5061613707190520e+00
41593,3.1774245030476040e+03,3.5020752403277453e+00
42071,3.0921806674353470e+03,3.4902648605949302e+00
42549,3.0921806674353470e+03,3.4902648605949302e+00
43026,3.0599562188772629e+03,3.4857152127443123e+00
43503,3.0599562188772629e+03,3.4857152127443123e+00
43980,3.0599562188772629e+03,3.4857152127443123e+00
44456,3.0506728644559039e+03,3.4843956390488664e+00
44932,2.8713861985812732e+03,3.4580916085999229e+00
45408,2.8602345283230861e+03,3.4564016450803079e+00
45884,2.8375347880985055e+03,3.4529411946722286e+00
46359,2.7908971335165211e+03,3.4457438296203264e+00
46834,2.7908971335165211e+03,3.4457438296203264e+00
47309,2.7908971335165211e+03,3.4457438296203264e+00
47783,2.7431748063648452e+03,3.4382534835143788e+00
48257,2.7245891371032480e+03,3.4353010207623607e+00
48731,2.6764863621838140e+03,3.4275650348132651e+00
49205,2.6764863621838140e+03,3.4275650348132651e+00
49678,2.6653978385258720e+03,3.4257620411979719e+00
50151,2.6653978385258720e+03,3.4257620411979719e+00
50624,2.6469530868764691e+03,3.4227462441758374e+00
51096,2.6247902533837369e+03,3.4190946047181621e+00
51568,2.6247902533837369e+03,3.4190946047181621e+00
52040,2.6025612324832991e+03,3.4154009562870007e+00
52512,2.5356691478135331e+03,3.4040925864917915e+00
52983,2.5356691478135331e+03,3.4040925864917915e+00
53454,2.5356691478135331e+03,3.4040925864917915e+00
53925,2.5301015268538699e+03,3.4031379487124682e+00
54395,2.5301015268538699e+03,3.4031379487124682e+00
54865,2.4650947876816608e+03,3.3918336234005251e+00
55335,2.4303235957621750e+03,3.3856641034326098e+00
55805,2.4303235957621750e+03,3.3856641034326098e+00
56274,2.3956735730185001e+03,3.3794276421418861e+00
56743,2.3956735730185001e+03,3.3794276421418861e+00
57212,2.3956735730185001e+03,3.3794276421418861e+00
57680,2.3956735730185001e+03,3.3794276421418861e+00
58148,2.3684253608198451e+03,3.3744597028090282e+00
58616,2.2749598160401338e+03,3.3569737298607532e+00
59084,2.2749598160401338e+03,3.3569737298607532e+00
59551,2.2749598160401338e+03,3.3569737298607532e+00
60018,2.2749598160401338e+03,3.3569737298607532e+00
60485,2.2749598160401338e+03,3.3569737298607532e+00
60951,2.2749598160401338e+03,3.3569737298607532e+00
61417,2.2749598160401338e+03,3.3569737298607532e+00
61883,2.2749598160401338e+03,3.3569737298607532e+00
62349,2.2423361955516311e+03,3.3507007273164113e+00
62814,2.2423361955516311e+03,3.3507007273164113e+00
63279,2.1991678495138322e+03,3.3422583777626600e+00
63744,2.1978591829294660e+03,3.3419998636853849e+00
64208,2.1978591829294660e+03,3.3419998636853849e+00
64672,2.1978591829294660e+03,3.3419998636853849e+00
65136,2.1978591829294660e+03,3.3419998636853849e+00
65600,2.1415398553970299e+03,3.3307261612999182e+00
66063,2.1415398553970299e+03,3.3307261612999182e+00
66526,2.1415398553970299e+03,3.3307261612999182e+00
66989,2.1415398553970299e+03,3.3307261612999182e+00
67451,2.1415398553970299e+03,3.3307261612999182e+00
67913,2.1415398553970299e+03,3.3307261612999182e+00
68375,2.1415398553970299e+03,3.3307261612999182e+00
68837,2.1415398553970299e+03,3.3307261612999182e+00
69298,2.1256727996742411e+03,3.3274964152991928e+00
69759,2.1256727996742411e+03,3.3274964152991928e+00
70220,2.1256727996742411e+03,3.3274964152991928e+00
70680,2.1256727996742411e+03,3.3274964152991928e+00
71140,2.1256727996742411e+03,3.3274964152991928e+00
71600,2.1167793310702455e+03,3.3256755862699361e+00
72060,2.1164849091436458e+03,3.3256151762359649e+00
72519,2.1115780243813751e+03,3.3246071335621243e+00
72978,2.1115780243813751e+03,3.3246071335621243e+00
73437,2.1115780243813751e+03,3.3246071335621243e+00
73895,2.0770856028980238e+03,3.3174543954759521e+00
74353,2.0175168915874340e+03,3.3048171795242212e+00
74811,2.0175168915874340e+03,3.3048171795242212e+00
75268,2.0175168915874340e+03,3.3048171795242212e+00
75725,2.0161370571917230e+03,3.3045200521578275e+00
76182,2.0161370571917230e+03,3.3045200521578275e+00
76639,2.0161370571917230e+03,3.3045200521578275e+00
77095,2.0161370571917230e+03,3.3045200521578275e+00
77551,2.0161370571917230e+03,3.3045200521578275e+00
78007,2.0161370571917230e+03,3.3045200521578275e+00
78462,2.0161370571917230e+03,3.3045200521578275e+00
78917,2.0161370571917230e+03,3.3045200521578275e+00
79372,2.0161370571917230e+03,3.3045200521578275e+00
79827,2.0161370571917230e+03,3.3045200521578275e+00
80281,2.0161370571917230e+03,3.3045200521578275e+00
80735,2.0022290840152059e+03,3.3015137655668436e+00
81189,2.0022290840152059e+03,3.3015137655668436e+00
81642,2.0006293786340641e+03,3.3011666419984387e+00
82095,2.0006293786340641e+03,3.3011666419984387e+00
82548,1.9363589349322961e+03,3.2869858638255907e+00
83001,1.9363589349322961e+03,3.2869858638255907e+00
83453,1.9265412369014541e+03,3.2847783093610019e+00
83905,1.9265412369014541e+03,3.2847783093610019e+00
84357,1.9265412369014541e+03,3.2847783093610019e+00
84808,1.9265412369014541e+03,3.2847783093610019e+00
85259,1.9265412369014541e+03,3.2847783093610019e+00
85710,1.9130866209954729e+03,3.2817346345169343e+00
86160,1.9130866209954729e+03,3.2817346345169343e+00
86610,1.9130866209954729e+03,3.2817346345169343e+00
87060,1.9130866209954729e+03,3.2817346345169343e+00
87510,1.9130866209954729e+03,3.2817346345169343e+00
87959,1.9130866209954729e+03,3.2817346345169343e+00
88408,1.9130866209954729e+03,3.2817346345169343e+00
88857,1.9130866209954729e+03,3.2817346345169343e+00
89305,1.9130866209954729e+03,3.2817346345169343e+00
89753,1.9130866209954729e+03,3.2817346345169343e+00
90201,1.9130866209954729e+03,3.2817346345169343e+00
90649,1.9130866209954729e+03,3.2817346345169343e+00
91096,1.9130866209954729e+03,3.2817346345169343e+00
91543,1.9130866209954729e+03,3.2817346345169343e+00
91990,1.9130866209954729e+03,3.2817346345169343e+00
92436,1.9130866209954729e+03,3.2817346345169343e+00
92882,1.9130866209954729e+03,3.2817346345169343e+00
93328,1.9130866209954729e+03,3.2817346345169343e+00
93774,1.9130866209954729e+03,3.2817346345169343e+00
94219,1.9130866209954729e+03,3.2817346345169343e+00
94664,1.8937516243944519e+03,3.2773230183692816e+00
95109,1.8937516243944519e+03,3.2773230183692816e+00
95553,1.8937516243944519e+03,3.2773230183692816e+00
95997,1.8937516243944519e+03,3.2773230183692816e+00
96441,1.8937516243944519e+03,3.2773230183692816e+00
96884,1.8937516243944519e+03,3.2773230183692816e+00
97327,1.8937516243944519e+03,3.2773230183692816e+00
97770,1.8937516243944519e+03,3.2773230183692816e+00
98213,1.8937516243944519e+03,3.2773230183692816e+00
98655,1.8937516243944519e+03,3.2773230183692816e+00
99097,1.8937516243944519e+03,3.2773230183692816e+00
99539,1.8937516243944519e+03,3.2773230183692816e+00
99980,1.8827961094232130e+03,3.2748032922170047e+00
100421,1.8827961094232130e+03,3.2748032922170047e+00
100862,1.8827961094232130e+03,3.2748032922170047e+00
101303,1.8827961094232130e+03,3.2748032922170047e+00
101743,1.8827961094232130e+03,3.2748032922170047e+00
102183,1.8827961094232130e+03,3.2748032922170047e+00
102623,1.8697549533370091e+03,3.2717846924258014e+00
103062,1.8697549533370091e+03,3.2717846924258014e+00
103501,1.8697549533370091e+03,3.2717846924258014e+00
103940,1.8697549533370091e+03,3.2717846924258014e+00
104378,1.8697549533370091e+03,3.2717846924258014e+00
104816,1.8697549533370091e+03,3.2717846924258014e+00
105254,1.8697549533370091e+03,3.2717846924258014e+00
105692,1.8697549533370091e+03,3.2717846924258014e+00
106129,1.8697549533370091e+03,3.2717846924258014e+00
106566,1.8697549533370091e+03,3.2717846924258014e+00
107003,1.8697549533370091e+03,3.2717846924258014e+00
107439,1.8697549533370091e+03,3.2717846924258014e+00
107875,1.8697549533370091e+03,3.2717846924258014e+00
108311,1.8697549533370091e+03,3.2717846924258014e+00
108747,1.8697549533370091e+03,3.2717846924258014e+00
109182,1.8697549533370091e+03,3.2717846924258014e+00
109617,1.8361062512260539e+03,3.2638978092105462e+00
110052,1.8361062512260539e+03,3.2638978092105462e+00
110486,1.8361062512260539e+03,3.2638978092105462e+00
110920,1.8361062512260539e+03,3.2638978092105462e+00
111354,1.8361062512260539e+03,3.2638978092105462e+00
111787,1.8361062512260539e+03,3.2638978092105462e+00
112220,1.8361062512260539e+03,3.2638978092105462e+00
112653,1.8361062512260539e+03,3.2638978092105462e+00
113086,1.8361062512260539e+03,3.2638978092105462e+00
113518,1.8361062512260539e+03,3.2638978092105462e+00
113950,1.8361062512260539e+03,3.2638978092105462e+00
114382,1.8361062512260539e+03,3.2638978092105462e+00
114813,1.8361062512260539e+03,3.2638978092105462e+00
115244,1.8361062512260539e+03,3.2638978092105462e+00
115675,1.8361062512260539e+03,3.2638978092105462e+00
116106,1.8361062512260539e+03,3.2638978092105462e+00
116536,1.8361062512260539e+03,3.2638978092105462e+00
116966,1.8361062512260539e+03,3.2638978092105462e+00
117396,1.8361062512260539e+03,3.2638978092105462e+00
117825,1.8361062512260539e+03,3.2638978092105462e+00
118254,1.8361062512260539e+03,3.2638978092105462e+00
118683,1.8361062512260539e+03,3.2638978092105462e+00
119111,1.8361062512260539e+03,3.2638978092105462e+00
119539,1.8361062512260539e+03,3.2638978092105462e+00
119967,1.8361062512260539e+03,3.2638978092105462e+00
120395,1.8322202455026145e+03,3.2629776776600194e+00
120822,1.8209940286742019e+03,3.2603085216773495e+00
121249,1.8209940286742019e+03,3.2603085216773495e+00
121676,1.8209940286742019e+03,3.2603085216773495e+00
122102,1.8209940286742019e+03,3.2603085216773495e+00
122528,1.8209940286742019e+03,3.2603085216773495e+00
122954,1.8209940286742019e+03,3.2603085216773495e+00
123380,1.8209940286742019e+03,3.2603085216773495e+00
123805,1.8178252296067531e+03,3.2595521267044480e+00
124230,1.8178252296067531e+03,3.2595521267044480e+00
124655,1.8178252296067531e+03,3.2595521267044480e+00
125079,1.8178252296067531e+03,3.2595521267044480e+00
125503,1.8178252296067531e+03,3.2595521267044480e+00
125927,1.8178252296067531e+03,3.2595521267044480e+00
126350,1.8178252296067531e+03,3.2595521267044480e+00
126773,1.8178252296067531e+03,3.2595521267044480e+00
127196,1.8178252296067531e+03,3.2595521267044480e+00
127619,1.8178252296067531e+03,3.2595521267044480e+00
128041,1.8178252296067531e+03,3.2595521267044480e+00
128463,1.8178252296067531e+03,3.2595521267044480e+00
128885,1.8178252296067531e+03,3.2595521267044480e+00
129306,1.8178252296067531e+03,3.2595521267044480e+00
129727,1.8178252296067531e+03,3.2595521267044480e+00
130148,1.8178252296067531e+03,3.2595521267044480e+00
130569,1.8178252296067531e+03,3.2595521267044480e+00
130989,1.8178252296067531e+03,3.2595521267044480e+00
131409,1.8178252296067531e+03,3.2595521267044480e+00
131829,1.8178252296067531e+03,3.2595521267044480e+00
132248,1.8178252296067531e+03,3.2595521267044480e+00
132667,1.8178252296067531e+03,3.2595521267044480e+00
133086,1.8178252296067531e+03,3.2595521267044480e+00
133505,1.8178252296067531e+03,3.2595521267044480e+00
133923,1.8178252296067531e+03,3.2595521267044480e+00
134341,1.7904567366828780e+03,3.2529638314931910e+00
134759,1.7904567366828780e+03,3.2529638314931910e+00
135176,1.7904567366828780e+03,3.2529638314931910e+00
135593,1.7904567366828780e+03,3.2529638314931910e+00
136010,1.7904567366828780e+03,3.2529638314931910e+00
136427,1.7904567366828780e+03,3.2529638314931910e+00
136843,1.7904567366828780e+03,3.2529638314931910e+00
137259,1.7904567366828780e+03,3.2529638314931910e+00
137675,1.7904567366828780e+03,3.2529638314931910e+00
138090,1.7904567366828780e+03,3.2529638314931910e+00
138505,1.7904567366828780e+03,3.2529638314931910e+00
138920,1.7904567366828780e+03,3.2529638314931910e+00
139334,1.7904567366828780e+03,3.2529638314931910e+00
139748,1.7904567366828780e+03,3.2529638314931910e+00
140162,1.7904567366828780e+03,3.2529638314931910e+00
140576,1.7904567366828780e+03,3.2529638314931910e+00
140989,1.7904567366828780e+03,3.2529638314931910e+00
141402,1.7904567366828780e+03,3.2529638314931910e+00
141815,1.7904567366828780e+03,3.2529638314931910e+00
142227,1.7904567366828780e+03,3.2529638314931910e+00
142639,1.7904567366828780e+03,3.2529638314931910e+00
143051,1.7582385346025130e+03,3.2450777940791329e+00
143463,1.7582385346025130e+03,3.2450777940791329e+00
143874,1.7582385346025130e+03,3.2450777940791329e+00
144285,1.7582385346025130e+03,3.2450777940791329e+00
144696,1.7582385346025130e+03,3.2450777940791329e+00
145106,1.7582385346025130e+03,3.2450777940791329e+00
145516,1.7582385346025130e+03,3.2450777940791329e+00
145926,1.7582385346025130e+03,3.2450777940791329e+00
146336,1.7582385346025130e+03,3.2450777940791329e+00
146745,1.7582385346025130e+03,3.2450777940791329e+00
147154,1.7582385346025130e+03,3.2450777940791329e+00
147563,1.7582385346025130e+03,3.2450777940791329e+00
147971,1.7582385346025130e+03,3.2450777940791329e+00
148379,1.7582385346025130e+03,3.2450777940791329e+00
148787,1.7582385346025130e+03,3.2450777940791329e+00
149195,1.7582385346025130e+03,3.2450777940791329e+00
149602,1.7582385346025130e+03,3.2450777940791329e+00
150009,1.7582385346025130e+03,3.2450777940791329e+00
150416,1.7478473406033629e+03,3.2425034980759500e+00
150822,1.7478473406033629e+03,3.2425034980759500e+00
151228,1.7478473406033629e+03,3.2425034980759500e+00
151634,1.7478473406033629e+03,3.2425034980759500e+00
152040,1.7478473406033629e+03,3.2425034980759500e+00
152445,1.7478473406033629e+03,3.2425034980759500e+00
152850,1.7478473406033629e+03,3.2425034980759500e+00
153255,1.7478473406033629e+03,3.2425034980759500e+00
153659,1.7478473406033629e+03,3.2425034980759500e+00
154063,1.7478473406033629e+03,3.2425034980759500e+00
154467,1.7419981397628101e+03,3.2410476868994413e+00
154871,1.7419981397628101e+03,3.2410476868994413e+00
155274,1.7419981397628101e+03,3.2410476868994413e+00
155677,1.7419981397628101e+03,3.2410476868994413e+00
156080,1.7419981397628101e+03,3.2410476868994413e+00
156482,1.7419981397628101e+03,3.2410476868994413e+00
156884,1.7419981397628101e+03,3.2410476868994413e+00
157286,1.7419981397628101e+03,3.2410476868994413e+00
157688,1.7419981397628101e+03,3.2410476868994413e+00
158089,1.7419981397628101e+03,3.2410476868994413e+00
158490,1.7419981397628101e+03,3.2410476868994413e+00
158891,1.7419981397628101e+03,3.2410476868994413e+00
159291,1.7419981397628101e+03,3.2410476868994413e+00
159691,1.7419981397628101e+03,3.2410476868994413e+00
160091,1.7419981397628101e+03,3.2410476868994413e+00
160491,1.7419981397628101e+03,3.2410476868994413e+00
160890,1.7419981397628101e+03,3.2410476868994413e+00
161289,1.7419981397628101e+03,3.2410476868994413e+00
161688,1.7419981397628101e+03,3.2410476868994413e+00
162086,1.7419981397628101e+03,3.2410476868994413e+00
162484,1.7419981397628101e+03,3.2410476868994413e+00
162882,1.7419981397628101e+03,3.2410476868994413e+00
163280,1.7419981397628101e+03,3.2410476868994413e+00
163677,1.7419981397628101e+03,3.2410476868994413e+00
164074,1.7419981397628101e+03,3.2410476868994413e+00
164471,1.7419981397628101e+03,3.2410476868994413e+00
164867,1.7419981397628101e+03,3.2410476868994413e+00
165263,1.7419981397628101e+03,3.2410476868994413e+00
165659,1.7263309110412270e+03,3.2371240469206488e+00
166055,1.7263309110412270e+03,3.2371240469206488e+00
166450,1.7263309110412270e+03,3.2371240469206488e+00
166845,1.7263309110412270e+03,3.2371240469206488e+00
167240,1.7263309110412270e+03,3.2371240469206488e+00
167634,1.7263309110412270e+03,3.2371240469206488e+00
168028,1.7263309110412270e+03,3.2371240469206488e+00
168422,1.7263309110412270e+03,3.2371240469206488e+00
168816,1.7263309110412270e+03,3.2371240469206488e+00
169209,1.7263309110412270e+03,3.2371240469206488e+00
169602,1.7263309110412270e+03,3.2371240469206488e+00
169995,1.7263309110412270e+03,3.2371240469206488e+00
170387,1.6955153478023376e+03,3.2293017253648846e+00
170779,1.6955153478023376e+03,3.2293017253648846e+00
171171,1.6955153478023376e+03,3.2293017253648846e+00
171563,1.6955153478023376e+03,3.2293017253648846e+00
171954,1.6955153478023376e+03,3.2293017253648846e+00
172345,1.6955153478023376e+03,3.2293017253648846e+00
172736,1.6955153478023376e+03,3.2293017253648846e+00
173127,1.6955153478023376e+03,3.2293017253648846e+00
173517,1.6955153478023376e+03,3.2293017253648846e+00
173907,1.6955153478023376e+03,3.2293017253648846e+00
174297,1.6955153478023376e+03,3.2293017253648846e+00
174686,1.6955153478023376e+03,3.2293017253648846e+00
175075,1.6955153478023376e+03,3.2293017253648846e+00
175464,1.6955153478023376e+03,3.2293017253648846e+00
175853,1.6955153478023376e+03,3.2293017253648846e+00
176241,1.6955153478023376e+03,3.2293017253648846e+00
176629,1.6955153478023376e+03,3.2293017253648846e+00
177017,1.6955153478023376e+03,3.2293017253648846e+00
177404,1.6955153478023376e+03,3.2293017253648846e+00
177791,1.6955153478023376e+03,3.2293017253648846e+00
178178,1.6955153478023376e+03,3.2293017253648846e+00
178565,1.6955153478023376e+03,3.2293017253648846e+00
178951,1.6955153478023376e+03,3.2293017253648846e+00
179337,1.6955153478023376e+03,3.2293017253648846e+00
179723,1.6955153478023376e+03,3.2293017253648846e+00
180108,1.6955153478023376e+03,3.2293017253648846e+00
180493,1.6955153478023376e+03,3.2293017253648846e+00
180878,1.6955153478023376e+03,3.2293017253648846e+00
181263,1.6955153478023376e+03,3.2293017253648846e+00
181647,1.6955153478023376e+03,3.2293017253648846e+00
182031,1.6955153478023376e+03,3.2293017253648846e+00
182415,1.6955153478023376e+03,3.2293017253648846e+00
182799,1.6955153478023376e+03,3.2293017253648846e+00
183182,1.6955153478023376e+03,3.2293017253648846e+00
183565,1.6955153478023376e+03,3.2293017253648846e+00
183948,1.6955153478023376e+03,3.2293017253648846e+00
184330,1.6955153478023376e+03,3.2293017253648846e+00
184712,1.6955153478023376e+03,3.2293017253648846e+00
185094,1.6955153478023376e+03,3.2293017253648846e+00
185476,1.6955153478023376e+03,3.2293017253648846e+00
185857,1.6955153478023376e+03,3.2293017253648846e+00
186238,1.6955153478023376e+03,3.2293017253648846e+00
186619,1.6955153478023376e+03,3.2293017253648846e+00
187000,1.6955153478023376e+03,3.2293017253648846e+00
187380,1.6955153478023376e+03,3.2293017253648846e+00
187760,1.6955153478023376e+03,3.2293017253648846e+00
188140,1.6955153478023376e+03,3.2293017253648846e+00
188519,1.6955153478023376e+03,3.2293017253648846e+00
188898,1.6955153478023376e+03,3.2293017253648846e+00
189277,1.6955153478023376e+03,3.2293017253648846e+00
189656,1.6943823884476956e+03,3.2290114286936897e+00
190034,1.6943823884476956e+03,3.2290114286936897e+00
190412,1.6860595162940031e+03,3.2268729007406010e+00
190790,1.6860595162940031e+03,3.2268729007406010e+00
191168,1.6860595162940031e+03,3.2268729007406010e+00
191545,1.6860595162940031e+03,3.2268729007406010e+00
191922,1.6860595162940031e+03,3.2268729007406010e+00
192299,1.6860595162940031e+03,3.2268729007406010e+00
192675,1.6860595162940031e+03,3.2268729007406010e+00
193051,1.6860595162940031e+03,3.2268729007406010e+00
193427,1.6860595162940031e+03,3.2268729007406010e+00
193803,1.6860595162940031e+03,3.2268729007406010e+00
194178,1.6840809020834431e+03,3.2263629508717435e+00
194553,1.6840809020834431e+03,3.2263629508717435e+00
194928,1.6840809020834431e+03,3.2263629508717435e+00
195303,1.6840809020834431e+03,3.2263629508717435e+00
195677,1.6840809020834431e+03,3.2263629508717435e+00
196051,1.6840809020834431e+03,3.2263629508717435e+00
196425,1.6840809020834431e+03,3.2263629508717435e+00
196798,1.6840809020834431e+03,3.2263629508717435e+00
197171,1.6772776952060549e+03,3.2246049716767562e+00
197544,1.6772776952060549e+03,3.2246049716767562e+00
197917,1.6772776952060549e+03,3.2246049716767562e+00
198289,1.6772776952060549e+03,3.2246049716767562e+00
198661,1.6772776952060549e+03,3.2246049716767562e+00
199033,1.6772776952060549e+03,3.2246049716767562e+00
199405,1.6772776952060549e+03,3.2246049716767562e+00
199776,1.6772776952060549e+03,3.2246049716767562e+00
200147,1.6772776952060549e+03,3.2246049716767562e+00
200518,1.6772776952060549e+03,3.2246049716767562e+00
200888,1.6772776952060549e+03,3.2246049716767562e+00
201258,1.6772776952060549e+03,3.2246049716767562e+00
201628,1.6772776952060549e+03,3.2246049716767562e+00
201998,1.6772776952060549e+03,3.2246049716767562e+00
202367,1.6772776952060549e+03,3.2246049716767562e+00
202736,1.6772776952060549e+03,3.2246049716767562e+00
203105,1.6772776952060549e+03,3.2246049716767562e+00
203474,1.6772776952060549e+03,3.2246049716767562e+00
203842,1.6772776952060549e+03,3.2246049716767562e+00
204210,1.6772776952060549e+03,3.2246049716767562e+00
204578,1.6772776952060549e+03,3.2246049716767562e+00
204946,1.6772776952060549e+03,3.2246049716767562e+00
205313,1.6772776952060549e+03,3.2246049716767562e+00
205680,1.6772776952060549e+03,3.2246049716767562e+00
206047,1.6772776952060549e+03,3.2246049716767562e+00
206413,1.6772776952060549e+03,3.2246049716767562e+00
206779,1.6772776952060549e+03,3.2246049716767562e+00
207145,1.6772776952060549e+03,3.2246049716767562e+00
207511,1.6772776952060549e+03,3.2246049716767562e+00
207876,1.6772776952060549e+03,3.2246049716767562e+00
208241,1.6772776952060549e+03,3.2246049716767562e+00
208606,1.6772776952060549e+03,3.2246049716767562e+00
208971,1.6772776952060549e+03,3.2246049716767562e+00
209335,1.6772776952060549e+03,3.2246049716767562e+00
209699,1.6772776952060549e+03,3.2246049716767562e+00
210063,1.6772776952060549e+03,3.2246049716767562e+00
210427,1.6772776952060549e+03,3.2246049716767562e+00
210790,1.6634120154284569e+03,3.2209998342252990e+00
211153,1.6634120154284569e+03,3.2209998342252990e+00
211516,1.6634120154284569e+03,3.2209998342252990e+00
211879,1.6634120154284569e+03,3.2209998342252990e+00
212241,1.6634120154284569e+03,3.2209998342252990e+00
212603,1.6634120154284569e+03,3.2209998342252990e+00
212965,1.6634120154284569e+03,3.2209998342252990e+00
213326,1.6634120154284569e+03,3.2209998342252990e+00
213687,1.6634120154284569e+03,3.2209998342252990e+00
214048,1.6634120154284569e+03,3.2209998342252990e+00
214409,1.6634120154284569e+03,3.2209998342252990e+00
214769,1.6634120154284569e+03,3.2209998342252990e+00
215129,1.6634120154284569e+03,3.2209998342252990e+00
215489,1.6634120154284569e+03,3.2209998342252990e+00
215849,1.6634120154284569e+03,3.2209998342252990e+00
216208,1.6634120154284569e+03,3.2209998342252990e+00
216567,1.6634120154284569e+03,3.2209998342252990e+00
216926,1.6634120154284569e+03,3.2209998342252990e+00
217285,1.6361637808641835e+03,3.2138267746197822e+00
217643,1.6361637808641835e+03,3.2138267746197822e+00
218001,1.6361637808641835e+03,3.2138267746197822e+00
218359,1.6361637808641835e+03,3.2138267746197822e+00
218717,1.6361637808641835e+03,3.2138267746197822e+00
219074,1.6361637808641835e+03,3.2138267746197822e+00
219431,1.6361637808641835e+03,3.2138267746197822e+00
219788,1.6361637808641835e+03,3.2138267746197822e+00
220144,1.6361637808641835e+03,3.2138267746197822e+00
220500,1.6361637808641835e+03,3.2138267746197822e+00
220856,1.6361637808641835e+03,3.2138267746197822e+00
221212,1.6361637808641835e+03,3.2138267746197822e+00
221567,1.6361637808641835e+03,3.2138267746197822e+00
221922,1.6361637808641835e+03,3.2138267746197822e+00
222277,1.6361637808641835e+03,3.2138267746197822e+00
222632,1.6361637808641835e+03,3.2138267746197822e+00
222986,1.6361637808641835e+03,3.2138267746197822e+00
223340,1.6361637808641835e+03,3.2138267746197822e+00
223694,1.6361637808641835e+03,3.2138267746197822e+00
224048,1.6361637808641835e+03,3.2138267746197822e+00
224401,1.6361637808641835e+03,3.2138267746197822e+00
224754,1.6361637808641835e+03,3.2138267746197822e+00
225107,1.6361637808641835e+03,3.2138267746197822e+00
225460,1.6361637808641835e+03,3.2138267746197822e+00
225812,1.6361637808641835e+03,3.2138267746197822e+00
226164,1.6361637808641835e+03,3.2138267746197822e+00
226516,1.6361637808641835e+03,3.2138267746197822e+00
226868,1.6361637808641835e+03,3.2138267746197822e+00
227219,1.6361637808641835e+03,3.2138267746197822e+00
227570,1.6361637808641835e+03,3.2138267746197822e+00
227921,1.6361637808641835e+03,3.2138267746197822e+00
228272,1.6361637808641835e+03,3.2138267746197822e+00
228622,1.6361637808641835e+03,3.2138267746197822e+00
228972,1.6361637808641835e+03,3.2138267746197822e+00
229322,1.6361637808641835e+03,3.2138267746197822e+00
229672,1.6361637808641835e+03,3.2138267746197822e+00
230021,1.6361637808641835e+03,3.2138267746197822e+00
230370,1.6361637808641835e+03,3.2138267746197822e+00
230719,1.6361637808641835e+03,3.2138267746197822e+00
231068,1.6361637808641835e+03,3.2138267746197822e+00
231416,1.6361637808641835e+03,3.2138267746197822e+00
231764,1.6361637808641835e+03,3.2138267746197822e+00
232112,1.6361637808641835e+03,3.2138267746197822e+00
232460,1.6361637808641835e+03,3.2138267746197822e+00
232807,1.6361637808641835e+03,3.2138267746197822e+00
233154,1.6361637808641835e+03,3.2138267746197822e+00
233501,1.6361637808641835e+03,3.2138267746197822e+00
233848,1.6361637808641835e+03,3.2138267746197822e+00
234194,1.6361637808641835e+03,3.2138267746197822e+00
234540,1.6361637808641835e+03,3.2138267746197822e+00
234956,1.6361637808641835e+03,3.2138267746197822e+00
235301,1.6361637808641835e+03,3.2138267746197822e+00
235646,1.6361637808641835e+03,3.2138267746197822e+00
235991,1.6361637808641835e+03,3.2138267746197822e+00
236336,1.6361637808641835e+03,3.2138267746197822e+00
236680,1.6361637808641835e+03,3.2138267746197822e+00
237024,1.6361637808641835e+03,3.2138267746197822e+00
237368,1.6361637808641835e+03,3.2138267746197822e+00
237712,1.6361637808641835e+03,3.2138267746197822e+00
238055,1.6361637808641835e+03,3.2138267746197822e+00
238398,1.6361637808641835e+03,3.2138267746197822e+00
238741,1.6361637808641835e+03,3.2138267746197822e+00
239084,1.6361637808641835e+03,3.2138267746197822e+00
239426,1.6361637808641835e+03,3.2138267746197822e+00
239768,1.6361637808641835e+03,3.2138267746197822e+00
240110,1.6361637808641835e+03,3.2138267746197822e+00
240452,1.6361637808641835e+03,3.2138267746197822e+00
240793,1.6361637808641835e+03,3.2138267746197822e+00
241134,1.6361637808641835e+03,3.2138267746197822e+00
241475,1.6361637808641835e+03,3.2138267746197822e+00
241816,1.6361637808641835e+03,3.2138267746197822e+00
242156,1.6361637808641835e+03,3.2138267746197822e+00
242496,1.6361637808641835e+03,3.2138267746197822e+00
242836,1.6361637808641835e+03,3.2138267746197822e+00
243176,1.6361637808641835e+03,3.2138267746197822e+00
243515,1.6361637808641835e+03,3.2138267746197822e+00
243854,1.6361637808641835e+03,3.2138267746197822e+00
244193,1.6361637808641835e+03,3.2138267746197822e+00
244532,1.6361637808641835e+03,3.2138267746197822e+00
244871,1.6361637808641835e+03,3.2138267746197822e+00
245209,1.6361637808641835e+03,3.2138267746197822e+00
245547,1.6361637808641835e+03,3.2138267746197822e+00
245885,1.6361637808641835e+03,3.2138267746197822e+00
246223,1.6361637808641835e+03,3.2138267746197822e+00
246560,1.6361637808641835e+03,3.2138267746197822e+00
246897,1.6361637808641835e+03,3.2138267746197822e+00
247234,1.6361637808641835e+03,3.2138267746197822e+00
247571,1.6361637808641835e+03,3.2138267746197822e+00
247907,1.6361637808641835e+03,3.2138267746197822e+00
248243,1.6281234520374330e+03,3.2116873320678820e+00
248579,1.6281234520374330e+03,3.2116873320678820e+00
248915,1.6281234520374330e+03,3.2116873320678820e+00
249250,1.6281234520374330e+03,3.2116873320678820e+00
249585,1.6281234520374330e+03,3.2116873320678820e+00
249920,1.6281234520374330e+03,3.2116873320678820e+00
250255,1.6281234520374330e+03,3.2116873320678820e+00
250589,1.6281234520374330e+03,3.2116873320678820e+00
250923,1.6281234520374330e+03,3.2116873320678820e+00
251257,1.6281234520374330e+03,3.2116873320678820e+00
251591,1.6281234520374330e+03,3.2116873320678820e+00
251924,1.6281234520374330e+03,3.2116873320678820e+00
252257,1.6281234520374330e+03,3.2116873320678820e+00
252590,1.6281234520374330e+03,3.2116873320678820e+00
252923,1.6281234520374330e+03,3.2116873320678820e+00
253255,1.6281234520374330e+03,3.2116873320678820e+00
253587,1.6281234520374330e+03,3.2116873320678820e+00
253919,1.6281234520374330e+03,3.2116873320678820e+00
254251,1.6281234520374330e+03,3.2116873320678820e+00
254582,1.6281234520374330e+03,3.2116873320678820e+00
254913,1.6281234520374330e+03,3.2116873320678820e+00
255244,1.6281234520374330e+03,3.2116873320678820e+00
255575,1.6281234520374330e+03,3.2116873320678820e+00
255905,1.6281234520374330e+03,3.2116873320678820e+00
256235,1.6281234520374330e+03,3.2116873320678820e+00
256565,1.6281234520374330e+03,3.2116873320678820e+00
256895,1.6281234520374330e+03,3.2116873320678820e+00
257225,1.6281234520374330e+03,3.2116873320678820e+00
257554,1.6281234520374330e+03,3.2116873320678820e+00
257883,1.6098508104589737e+03,3.2067856305681399e+00
258212,1.6098508104589737e+03,3.2067856305681399e+00
258541,1.6098508104589737e+03,3.2067856305681399e+00
258869,1.6098508104589737e+03,3.2067856305681399e+00
259197,1.6098508104589737e+03,3.2067856305681399e+00
259525,1.6098508104589737e+03,3.2067856305681399e+00
259853,1.6098508104589737e+03,3.2067856305681399e+00
260180,1.6098508104589737e+03,3.2067856305681399e+00
260507,1.6098508104589737e+03,3.2067856305681399e+00
260834,1.6098508104589737e+03,3.2067856305681399e+00
261161,1.6098508104589737e+03,3.2067856305681399e+00
261487,1.6098508104589737e+03,3.2067856305681399e+00
261813,1.6098508104589737e+03,3.2067856305681399e+00
262139,1.6098508104589737e+03,3.2067856305681399e+00
262465,1.6098508104589737e+03,3.2067856305681399e+00
262791,1.6098508104589737e+03,3.2067856305681399e+00
263116,1.6098508104589737e+03,3.2067856305681399e+00
263441,1.6098508104589737e+03,3.2067856305681399e+00
263766,1.6098508104589737e+03,3.2067856305681399e+00
264091,1.6098508104589737e+03,3.2067856305681399e+00
264415,1.6098508104589737e+03,3.2067856305681399e+00
264739,1.6098508104589737e+03,3.2067856305681399e+00
265063,1.6098508104589737e+03,3.2067856305681399e+00
265387,1.6098508104589737e+03,3.2067856305681399e+00
265710,1.6098508104589737e+03,3.2067856305681399e+00
266033,1.6098508104589737e+03,3.2067856305681399e+00
266356,1.6098508104589737e+03,3.2067856305681399e+00
266679,1.6098508104589737e+03,3.2067856305681399e+00
267001,1.6098508104589737e+03,3.2067856305681399e+00
267323,1.6098508104589737e+03,3.2067856305681399e+00
267645,1.6098508104589737e+03,3.2067856305681399e+00
267967,1.6098508104589737e+03,3.2067856305681399e+00
268289,1.6098508104589737e+03,3.2067856305681399e+00
268610,1.6098508104589737e+03,3.2067856305681399e+00
268931,1.6098508104589737e+03,3.2067856305681399e+00
269252,1.6098508104589737e+03,3.2067856305681399e+00
269573,1.6098508104589737e+03,3.2067856305681399e+00
269893,1.6098508104589737e+03,3.2067856305681399e+00
270213,1.6098508104589737e+03,3.2067856305681399e+00
270533,1.6098508104589737e+03,3.2067856305681399e+00
270853,1.6098508104589737e+03,3.2067856305681399e+00
271172,1.6098508104589737e+03,3.2067856305681399e+00
271491,1.6098508104589737e+03,3.2067856305681399e+00
271810,1.6098508104589737e+03,3.2067856305681399e+00
272129,1.6098508104589737e+03,3.2067856305681399e+00
272448,1.6098508104589737e+03,3.2067856305681399e+00
272766,1.6098508104589737e+03,3.2067856305681399e+00
273084,1.6098508104589737e+03,3.2067856305681399e+00
273402,1.6098508104589737e+03,3.2067856305681399e+00
273720,1.6098508104589737e+03,3.2067856305681399e+00
274037,1.6098508104589737e+03,3.2067856305681399e+00
274354,1.6098508104589737e+03,3.2067856305681399e+00
274671,1.6098508104589737e+03,3.2067856305681399e+00
274988,1.6098508104589737e+03,3.2067856305681399e+00
275304,1.6098508104589737e+03,3.2067856305681399e+00
275620,1.6098508104589737e+03,3.2067856305681399e+00
275936,1.6098508104589737e+03,3.2067856305681399e+00
276252,1.6098508104589737e+03,3.2067856305681399e+00
276568,1.6098508104589737e+03,3.2067856305681399e+00
276883,1.6098508104589737e+03,3.2067856305681399e+00
277198,1.6020128726501935e+03,3.2046660014476482e+00
277513,1.6020128726501935e+03,3.2046660014476482e+00
277828,1.6020128726501935e+03,3.2046660014476482e+00
278142,1.6020128726501935e+03,3.2046660014476482e+00
278456,1.6020128726501935e+03,3.2046660014476482e+00
278770,1.5888334660846276e+03,3.2010783789249810e+00
279084,1.5888334660846276e+03,3.2010783789249810e+00
279398,1.5888334660846276e+03,3.2010783789249810e+00
279711,1.5888334660846276e+03,3.2010783789249810e+00
280024,1.5888334660846276e+03,3.2010783789249810e+00
280337,1.5888334660846276e+03,3.2010783789249810e+00
280650,1.5888334660846276e+03,3.2010783789249810e+00
280962,1.5888334660846276e+03,3.2010783789249810e+00
281274,1.5888334660846276e+03,3.2010783789249810e+00
281586,1.5888334660846276e+03,3.2010783789249810e+00
281898,1.5888334660846276e+03,3.2010783789249810e+00
282209,1.5888334660846276e+03,3.2010783789249810e+00
282520,1.5888334660846276e+03,3.2010783789249810e+00
282831,1.5888334660846276e+03,3.2010783789249810e+00
283142,1.5888334660846276e+03,3.2010783789249810e+00
283453,1.5888334660846276e+03,3.2010783789249810e+00
283763,1.5888334660846276e+03,3.2010783789249810e+00
284073,1.5888334660846276e+03,3.2010783789249810e+00
284383,1.5888334660846276e+03,3.2010783789249810e+00
284693,1.5888334660846276e+03,3.2010783789249810e+00
285002,1.5888334660846276e+03,3.2010783789249810e+00
285311,1.5888334660846276e+03,3.2010783789249810e+00
285620,1.5888334660846276e+03,3.2010783789249810e+00
285929,1.5888334660846276e+03,3.2010783789249810e+00
286238,1.5888334660846276e+03,3.2010783789249810e+00
286546,1.5888334660846276e+03,3.2010783789249810e+00
286854,1.5888334660846276e+03,3.2010783789249810e+00
287162,1.5888334660846276e+03,3.2010783789249810e+00
287470,1.5888334660846276e+03,3.2010783789249810e+00
287777,1.5888334660846276e+03,3.2010783789249810e+00
288084,1.5888334660846276e+03,3.2010783789249810e+00
288391,1.5888334660846276e+03,3.2010783789249810e+00
288698,1.5888334660846276e+03,3.2010783789249810e+00
289005,1.5888334660846276e+03,3.2010783789249810e+00
289311,1.5888334660846276e+03,3.2010783789249810e+00
289617,1.5888334660846276e+03,3.2010783789249810e+00
289923,1.5888334660846276e+03,3.2010783789249810e+00
290229,1.5888334660846276e+03,3.2010783789249810e+00
290535,1.5888334660846276e+03,3.2010783789249810e+00
290840,1.5888334660846276e+03,3.2010783789249810e+00
291145,1.5888334660846276e+03,3.2010783789249810e+00
291450,1.5888334660846276e+03,3.2010783789249810e+00
291755,1.5888334660846276e+03,3.2010783789249810e+00
292059,1.5888334660846276e+03,3.2010783789249810e+00
292363,1.5888334660846276e+03,3.2010783789249810e+00
292667,1.5888334660846276e+03,3.2010783789249810e+00
292971,1.5888334660846276e+03,3.2010783789249810e+00
293275,1.5888334660846276e+03,3.2010783789249810e+00
293578,1.5888334660846276e+03,3.2010783789249810e+00
293881,1.5888334660846276e+03,3.2010783789249810e+00
294244,1.5888334660846276e+03,3.2010783789249810e+00
294547,1.5888334660846276e+03,3.2010783789249810e+00
294849,1.5888334660846276e+03,3.2010783789249810e+00
295151,1.5888334660846276e+03,3.2010783789249810e+00
295453,1.5888334660846276e+03,3.2010783789249810e+00
295755,1.5888334660846276e+03,3.2010783789249810e+00
296057,1.5888334660846276e+03,3.2010783789249810e+00
296358,1.5888334660846276e+03,3.2010783789249810e+00
296659,1.5888334660846276e+03,3.2010783789249810e+00
296960,1.5888334660846276e+03,3.2010783789249810e+00
297261,1.5888334660846276e+03,3.2010783789249810e+00
297561,1.5888334660846276e+03,3.2010783789249810e+00
297861,1.5888334660846276e+03,3.2010783789249810e+00
298161,1.5888334660846276e+03,3.2010783789249810e+00
298461,1.5888334660846276e+03,3.2010783789249810e+00
298761,1.5888334660846276e+03,3.2010783789249810e+00
299060,1.5888334660846276e+03,3.2010783789249810e+00
299359,1.5841808910200357e+03,3.1998047703635999e+00
299658,1.5841808910200357e+03,3.1998047703635999e+00
299957,1.5841808910200357e+03,3.1998047703635999e+00
300256,1.5841808910200357e+03,3.1998047703635999e+00
300554,1.5841808910200357e+03,3.1998047703635999e+00
300852,1.5841808910200357e+03,3.1998047703635999e+00
301150,1.5841808910200357e+03,3.1998047703635999e+00
301448,1.5841808910200357e+03,3.1998047703635999e+00
301745,1.5841808910200357e+03,3.1998047703635999e+00
302042,1.5841808910200357e+03,3.1998047703635999e+00
302339,1.5841808910200357e+03,3.1998047703635999e+00
302636,1.5841808910200357e+03,3.1998047703635999e+00
302933,1.5841808910200357e+03,3.1998047703635999e+00
303229,1.5841808910200357e+03,3.1998047703635999e+00
303525,1.5841808910200357e+03,3.1998047703635999e+00
303821,1.5841808910200357e+03,3.1998047703635999e+00
304117,1.5841808910200357e+03,3.1998047703635999e+00
304413,1.5841808910200357e+03,3.1998047703635999e+00
304708,1.5841808910200357e+03,3.1998047703635999e+00
305003,1.5841808910200357e+03,3.1998047703635999e+00
305298,1.5841808910200357e+03,3.1998047703635999e+00
305593,1.5841808910200357e+03,3.1998047703635999e+00
305888,1.5841808910200357e+03,3.1998047703635999e+00
306182,1.5841808910200357e+03,3.1998047703635999e+00
306476,1.5841808910200357e+03,3.1998047703635999e+00
306770,1.5841808910200357e+03,3.1998047703635999e+00
307064,1.5841808910200357e+03,3.1998047703635999e+00
307357,1.5841808910200357e+03,3.1998047703635999e+00
307650,1.5841808910200357e+03,3.1998047703635999e+00
307943,1.5841808910200357e+03,3.1998047703635999e+00
308236,1.5841808910200357e+03,3.1998047703635999e+00
308529,1.5841808910200357e+03,3.1998047703635999e+00
308821,1.5841808910200357e+03,3.1998047703635999e+00
309113,1.5841808910200357e+03,3.1998047703635999e+00
309405,1.5841808910200357e+03,3.1998047703635999e+00
309697,1.5841808910200357e+03,3.1998047703635999e+00
309989,1.5841808910200357e+03,3.1998047703635999e+00
310280,1.5841808910200357e+03,3.1998047703635999e+00
310571,1.5841808910200357e+03,3.1998047703635999e+00
310862,1.5841808910200357e+03,3.1998047703635999e+00
311153,1.5841808910200357e+03,3.1998047703635999e+00
311444,1.5841808910200357e+03,3.1998047703635999e+00
311734,1.5841808910200357e+03,3.1998047703635999e+00
312024,1.5841808910200357e+03,3.1998047703635999e+00
312314,1.5841808910200357e+03,3.1998047703635999e+00
312604,1.5841808910200357e+03,3.1998047703635999e+00
312894,1.5841808910200357e+03,3.1998047703635999e+00
313183,1.5841808910200357e+03,3.1998047703635999e+00
313472,1.5841808910200357e+03,3.1998047703635999e+00
313761,1.5841808910200357e+03,3.1998047703635999e+00
314050,1.5841808910200357e+03,3.1998047703635999e+00
314339,1.5841808910200357e+03,3.1998047703635999e+00
314627,1.5841808910200357e+03,3.1998047703635999e+00
314915,1.5841808910200357e+03,3.1998047703635999e+00
315203,1.5841808910200357e+03,3.1998047703635999e+00
315491,1.5841808910200357e+03,3.1998047703635999e+00
315779,1.5841808910200357e+03,3.1998047703635999e+00
316066,1.5841808910200357e+03,3.1998047703635999e+00
316353,1.5841808910200357e+03,3.1998047703635999e+00
316640,1.5841808910200357e+03,3.1998047703635999e+00
316927,1.5841808910200357e+03,3.1998047703635999e+00
317214,1.5841808910200357e+03,3.1998047703635999e+00
317500,1.5841808910200357e+03,3.1998047703635999e+00
317786,1.5841808910200357e+03,3.1998047703635999e+00
318072,1.5841808910200357e+03,3.1998047703635999e+00
318358,1.5841808910200357e+03,3.1998047703635999e+00
318644,1.5841808910200357e+03,3.1998047703635999e+00
318929,1.5841808910200357e+03,3.1998047703635999e+00
319214,1.5841808910200357e+03,3.1998047703635999e+00
319499,1.5841808910200357e+03,3.1998047703635999e+00
319784,1.5841808910200357e+03,3.1998047703635999e+00
320069,1.5841808910200357e+03,3.1998047703635999e+00
320353,1.5841808910200357e+03,3.1998047703635999e+00
320637,1.5841808910200357e+03,3.1998047703635999e+00
320921,1.5841808910200357e+03,3.1998047703635999e+00
321205,1.5841808910200357e+03,3.1998047703635999e+00
321489,1.5841808910200357e+03,3.1998047703635999e+00
321772,1.5841808910200357e+03,3.1998047703635999e+00
322055,1.5841808910200357e+03,3.1998047703635999e+00
322338,1.5841808910200357e+03,3.1998047703635999e+00
322621,1.5841808910200357e+03,3.1998047703635999e+00
322904,1.5841808910200357e+03,3.1998047703635999e+00
323186,1.5841808910200357e+03,3.1998047703635999e+00
323468,1.5841808910200357e+03,3.1998047703635999e+00
323750,1.5841808910200357e+03,3.1998047703635999e+00
324032,1.5841808910200357e+03,3.1998047703635999e+00
324314,1.5841808910200357e+03,3.1998047703635999e+00
324595,1.5841808910200357e+03,3.1998047703635999e+00
324876,1.5841808910200357e+03,3.1998047703635999e+00
325157,1.5841808910200357e+03,3.1998047703635999e+00
325438,1.5841808910200357e+03,3.1998047703635999e+00
325719,1.5841808910200357e+03,3.1998047703635999e+00
325999,1.5841808910200357e+03,3.1998047703635999e+00
326279,1.5841808910200357e+03,3.1998047703635999e+00
326559,1.5841808910200357e+03,3.1998047703635999e+00
326839,1.5841808910200357e+03,3.1998047703635999e+00
327119,1.5841808910200357e+03,3.1998047703635999e+00
327398,1.5841808910200357e+03,3.1998047703635999e+00
327677,1.5841808910200357e+03,3.1998047703635999e+00
327956,1.5841808910200357e+03,3.1998047703635999e+00
328235,1.5841808910200357e+03,3.1998047703635999e+00
328514,1.5841808910200357e+03,3.1998047703635999e+00
328792,1.5841808910200357e+03,3.1998047703635999e+00
329070,1.5841808910200357e+03,3.1998047703635999e+00
329348,1.5841808910200357e+03,3.1998047703635999e+00
329626,1.5841808910200357e+03,3.1998047703635999e+00
329904,1.5841808910200357e+03,3.1998047703635999e+00
330181,1.5841808910200357e+03,3.1998047703635999e+00
330458,1.5841808910200357e+03,3.1998047703635999e+00
330735,1.5841808910200357e+03,3.1998047703635999e+00
331012,1.5841808910200357e+03,3.1998047703635999e+00
331289,1.5841808910200357e+03,3.1998047703635999e+00
331565,1.5841808910200357e+03,3.1998047703635999e+00
331841,1.5841808910200357e+03,3.1998047703635999e+00
332117,1.5841808910200357e+03,3.1998047703635999e+00
332393,1.5841808910200357e+03,3.1998047703635999e+00
332669,1.5841808910200357e+03,3.1998047703635999e+00
332944,1.5841808910200357e+03,3.1998047703635999e+00
333219,1.5841808910200357e+03,3.1998047703635999e+00
333494,1.5841808910200357e+03,3.1998047703635999e+00
333769,1.5841808910200357e+03,3.1998047703635999e+00
334044,1.5841808910200357e+03,3.1998047703635999e+00
334319,1.5841808910200357e+03,3.1998047703635999e+00
334593,1.5841808910200357e+03,3.1998047703635999e+00
334867,1.5805449445532086e+03,3.1988068499977578e+00
335141,1.5805449445532086e+03,3.1988068499977578e+00
335415,1.5805449445532086e+03,3.1988068499977578e+00
335689,1.5805449445532086e+03,3.1988068499977578e+00
335962,1.5805449445532086e+03,3.1988068499977578e+00
336235,1.5805449445532086e+03,3.1988068499977578e+00
336508,1.5805449445532086e+03,3.1988068499977578e+00
336781,1.5805449445532086e+03,3.1988068499977578e+00
337054,1.5805449445532086e+03,3.1988068499977578e+00
337326,1.5805449445532086e+03,3.1988068499977578e+00
337598,1.5805449445532086e+03,3.1988068499977578e+00
337870,1.5788216659754200e+03,3.1983330775340981e+00
338142,1.5788216659754200e+03,3.1983330775340981e+00
338414,1.5788216659754200e+03,3.1983330775340981e+00
338685,1.5788216659754200e+03,3.1983330775340981e+00
338956,1.5788216659754200e+03,3.1983330775340981e+00
339227,1.5788216659754200e+03,3.1983330775340981e+00
339498,1.5788216659754200e+03,3.1983330775340981e+00
339769,1.5788216659754200e+03,3.1983330775340981e+00
340040,1.5765069791623323e+03,3.1976958977004664e+00
340310,1.5765069791623323e+03,3.1976958977004664e+00
340580,1.5765069791623323e+03,3.1976958977004664e+00
340850,1.5765069791623323e+03,3.1976958977004664e+00
341120,1.5765069791623323e+03,3.1976958977004664e+00
341390,1.5765069791623323e+03,3.1976958977004664e+00
341659,1.5765069791623323e+03,3.1976958977004664e+00
341928,1.5765069791623323e+03,3.1976958977004664e+00
342197,1.5765069791623323e+03,3.1976958977004664e+00
342466,1.5765069791623323e+03,3.1976958977004664e+00
342735,1.5765069791623323e+03,3.1976958977004664e+00
343003,1.5765069791623323e+03,3.1976958977004664e+00
343271,1.5765069791623323e+03,3.1976958977004664e+00
343539,1.5765069791623323e+03,3.1976958977004664e+00
343807,1.5765069791623323e+03,3.1976958977004664e+00
344075,1.5765069791623323e+03,3.1976958977004664e+00
344343,1.5765069791623323e+03,3.1976958977004664e+00
344610,1.5765069791623323e+03,3.1976958977004664e+00
344877,1.5765069791623323e+03,3.1976958977004664e+00
345144,1.5765069791623323e+03,3.1976958977004664e+00
345411,1.5765069791623323e+03,3.1976958977004664e+00
345678,1.5765069791623323e+03,3.1976958977004664e+00
345944,1.5765069791623323e+03,3.1976958977004664e+00
346210,1.5765069791623323e+03,3.1976958977004664e+00
346476,1.5765069791623323e+03,3.1976958977004664e+00
346742,1.5765069791623323e+03,3.1976958977004664e+00
347008,1.5765069791623323e+03,3.1976958977004664e+00
347274,1.5765069791623323e+03,3.1976958977004664e+00
347539,1.5765069791623323e+03,3.1976958977004664e+00
347804,1.5765069791623323e+03,3.1976958977004664e+00
348069,1.5765069791623323e+03,3.1976958977004664e+00
348334,1.5765069791623323e+03,3.1976958977004664e+00
348599,1.5741911934930486e+03,3.1970574784908576e+00
348863,1.5741911934930486e+03,3.1970574784908576e+00
349127,1.5741911934930486e+03,3.1970574784908576e+00
349391,1.5741911934930486e+03,3.1970574784908576e+00
349655,1.5741911934930486e+03,3.1970574784908576e+00
349919,1.5741911934930486e+03,3.1970574784908576e+00
350183,1.5741911934930486e+03,3.1970574784908576e+00
350446,1.5741911934930486e+03,3.1970574784908576e+00
350709,1.5741911934930486e+03,3.1970574784908576e+00
350972,1.5741911934930486e+03,3.1970574784908576e+00
351235,1.5741911934930486e+03,3.1970574784908576e+00
351498,1.5741911934930486e+03,3.1970574784908576e+00
351760,1.5741911934930486e+03,3.1970574784908576e+00
352022,1.5741911934930486e+03,3.1970574784908576e+00
352284,1.5741911934930486e+03,3.1970574784908576e+00
352546,1.5741911934930486e+03,3.1970574784908576e+00
352808,1.5741911934930486e+03,3.1970574784908576e+00
353070,1.5741911934930486e+03,3.1970574784908576e+00
353331,1.5741911934930486e+03,3.1970574784908576e+00
353592,1.5741911934930486e+03,3.1970574784908576e+00
353853,1.5741911934930486e+03,3.1970574784908576e+00
354114,1.5741911934930486e+03,3.1970574784908576e+00
354375,1.5741911934930486e+03,3.1970574784908576e+00
354635,1.5741911934930486e+03,3.1970574784908576e+00
354895,1.5741911934930486e+03,3.1970574784908576e+00
355155,1.5741911934930486e+03,3.1970574784908576e+00
355415,1.5741911934930486e+03,3.1970574784908576e+00
355675,1.5741911934930486e+03,3.1970574784908576e+00
355935,1.5741911934930486e+03,3.1970574784908576e+00
356194,1.5718829300863990e+03,3.1964201977398079e+00
356453,1.5718829300863990e+03,3.1964201977398079e+00
356712,1.5718829300863990e+03,3.1964201977398079e+00
356971,1.5695769241553526e+03,3.1957826051061686e+00
357230,1.5695769241553526e+03,3.1957826051061686e+00
357489,1.5695769241553526e+03,3.1957826051061686e+00
357747,1.5695769241553526e+03,3.1957826051061686e+00
358005,1.5695769241553526e+03,3.1957826051061686e+00
358263,1.5695769241553526e+03,3.1957826051061686e+00
358521,1.5695769241553526e+03,3.1957826051061686e+00
358779,1.5695769241553526e+03,3.1957826051061686e+00
359036,1.5695769241553526e+03,3.1957826051061686e+00
359293,1.5695769241553526e+03,3.1957826051061686e+00
359550,1.5695769241553526e+03,3.1957826051061686e+00
359807,1.5695769241553526e+03,3.1957826051061686e+00
360064,1.5695769241553526e+03,3.1957826051061686e+00
360321,1.5695769241553526e+03,3.1957826051061686e+00
360577,1.5695769241553526e+03,3.1957826051061686e+00
360833,1.5695769241553526e+03,3.1957826051061686e+00
361089,1.5695769241553526e+03,3.1957826051061686e+00
361345,1.5695769241553526e+03,3.1957826051061686e+00
361601,1.5695769241553526e+03,3.1957826051061686e+00
361857,1.5695769241553526e+03,3.1957826051061686e+00
362112,1.5695769241553526e+03,3.1957826051061686e+00
362367,1.5499227414966076e+03,3.1903100505716200e+00
362622,1.5499227414966076e+03,3.1903100505716200e+00
362877,1.5499227414966076e+03,3.1903100505716200e+00
363132,1.5499227414966076e+03,3.1903100505716200e+00
363386,1.5499227414966076e+03,3.1903100505716200e+00
363640,1.5499227414966076e+03,3.1903100505716200e+00
363894,1.5499227414966076e+03,3.1903100505716200e+00
364148,1.5499227414966076e+03,3.1903100505716200e+00
364402,1.5499227414966076e+03,3.1903100505716200e+00
364656,1.5499227414966076e+03,3.1903100505716200e+00
364909,1.5499227414966076e+03,3.1903100505716200e+00
365162,1.5499227414966076e+03,3.1903100505716200e+00
365415,1.5499227414966076e+03,3.1903100505716200e+00
365668,1.5499227414966076e+03,3.1903100505716200e+00
365921,1.5499227414966076e+03,3.1903100505716200e+00
366174,1.5499227414966076e+03,3.1903100505716200e+00
366426,1.5499227414966076e+03,3.1903100505716200e+00
366678,1.5499227414966076e+03,3.1903100505716200e+00
366930,1.5499227414966076e+03,3.1903100505716200e+00
367182,1.5499227414966076e+03,3.1903100505716200e+00
367434,1.5499227414966076e+03,3.1903100505716200e+00
367686,1.5499227414966076e+03,3.1903100505716200e+00
367937,1.5499227414966076e+03,3.1903100505716200e+00
368188,1.5499227414966076e+03,3.1903100505716200e+00
368439,1.5499227414966076e+03,3.1903100505716200e+00
368690,1.5499227414966076e+03,3.1903100505716200e+00
368941,1.5499227414966076e+03,3.1903100505716200e+00
369192,1.5499227414966076e+03,3.1903100505716200e+00
369442,1.5499227414966076e+03,3.1903100505716200e+00
369692,1.5499227414966076e+03,3.1903100505716200e+00
369942,1.5499227414966076e+03,3.1903100505716200e+00
370192,1.5499227414966076e+03,3.1903100505716200e+00
370442,1.5499227414966076e+03,3.1903100505716200e+00
370692,1.5499227414966076e+03,3.1903100505716200e+00
370941,1.5499227414966076e+03,3.1903100505716200e+00
371190,1.5499227414966076e+03,3.1903100505716200e+00
371439,1.5493394806870856e+03,3.1901465878273170e+00
371688,1.5493394806870856e+03,3.1901465878273170e+00
371937,1.5493394806870856e+03,3.1901465878273170e+00
372186,1.5493394806870856e+03,3.1901465878273170e+00
372434,1.5493394806870856e+03,3.1901465878273170e+00
372682,1.5493394806870856e+03,3.1901465878273170e+00
372930,1.5493394806870856e+03,3.1901465878273170e+00
373178,1.5493394806870856e+03,3.1901465878273170e+00
373426,1.5493394806870856e+03,3.1901465878273170e+00
373674,1.5493394806870856e+03,3.1901465878273170e+00
373921,1.5493394806870856e+03,3.1901465878273170e+00
374168,1.5493394806870856e+03,3.1901465878273170e+00
374415,1.5493394806870856e+03,3.1901465878273170e+00
374662,1.5493394806870856e+03,3.1901465878273170e+00
374909,1.5493394806870856e+03,3.1901465878273170e+00
375156,1.5493394806870856e+03,3.1901465878273170e+00
375402,1.5493394806870856e+03,3.1901465878273170e+00
375648,1.5493394806870856e+03,3.1901465878273170e+00
375894,1.5493394806870856e+03,3.1901465878273170e+00
376140,1.5493394806870856e+03,3.1901465878273170e+00
376386,1.5493394806870856e+03,3.1901465878273170e+00
376632,1.5493394806870856e+03,3.1901465878273170e+00
376877,1.5493394806870856e+03,3.1901465878273170e+00
377122,1.5493394806870856e+03,3.1901465878273170e+00
377367,1.5493394806870856e+03,3.1901465878273170e+00
377612,1.5493394806870856e+03,3.1901465878273170e+00
377857,1.5493394806870856e+03,3.1901465878273170e+00
378102,1.5493394806870856e+03,3.1901465878273170e+00
378346,1.5493394806870856e+03,3.1901465878273170e+00
378590,1.5493394806870856e+03,3.1901465878273170e+00
378834,1.5493394806870856e+03,3.1901465878273170e+00
379078,1.5493394806870856e+03,3.1901465878273170e+00
379322,1.5493394806870856e+03,3.1901465878273170e+00
379566,1.5493394806870856e+03,3.1901465878273170e+00
379809,1.5493394806870856e+03,3.1901465878273170e+00
380052,1.5428216895638125e+03,3.1883157357110292e+00
380295,1.5428216895638125e+03,3.1883157357110292e+00
380538,1.5428216895638125e+03,3.1883157357110292e+00
380781,1.5428216895638125e+03,3.1883157357110292e+00
381024,1.5428216895638125e+03,3.1883157357110292e+00
381266,1.5428216895638125e+03,3.1883157357110292e+00
381508,1.5428216895638125e+03,3.1883157357110292e+00
381750,1.5428216895638125e+03,3.1883157357110292e+00
381992,1.5428216895638125e+03,3.1883157357110292e+00
382234,1.5428216895638125e+03,3.1883157357110292e+00
382476,1.5428216895638125e+03,3.1883157357110292e+00
382717,1.5428216895638125e+03,3.1883157357110292e+00
382958,1.5428216895638125e+03,3.1883157357110292e+00
383199,1.5400938707297773e+03,3.1875471924582239e+00
383440,1.5400938707297773e+03,3.1875471924582239e+00
383681,1.5400938707297773e+03,3.1875471924582239e+00
383922,1.5400938707297773e+03,3.1875471924582239e+00
384163,1.5400938707297773e+03,3.1875471924582239e+00
384403,1.5400938707297773e+03,3.1875471924582239e+00
384643,1.5400938707297773e+03,3.1875471924582239e+00
384883,1.5400938707297773e+03,3.1875471924582239e+00
385123,1.5400938707297773e+03,3.1875471924582239e+00
385363,1.5400938707297773e+03,3.1875471924582239e+00
385603,1.5400938707297773e+03,3.1875471924582239e+00
385842,1.5400938707297773e+03,3.1875471924582239e+00
386081,1.5400938707297773e+03,3.1875471924582239e+00
386320,1.5400938707297773e+03,3.1875471924582239e+00
386559,1.5400938707297773e+03,3.1875471924582239e+00
386798,1.5400938707297773e+03,3.1875471924582239e+00
387037,1.5400938707297773e+03,3.1875471924582239e+00
387275,1.5400938707297773e+03,3.1875471924582239e+00
387513,1.5400938707297773e+03,3.1875471924582239e+00
387751,1.5400938707297773e+03,3.1875471924582239e+00
387989,1.5400938707297773e+03,3.1875471924582239e+00
388227,1.5400938707297773e+03,3.1875471924582239e+00
388465,1.5400938707297773e+03,3.1875471924582239e+00
388703,1.5400938707297773e+03,3.1875471924582239e+00
388940,1.5400938707297773e+03,3.1875471924582239e+00
389177,1.5400938707297773e+03,3.1875471924582239e+00
389414,1.5400938707297773e+03,3.1875471924582239e+00
389651,1.5400938707297773e+03,3.1875471924582239e+00
389888,1.5400938707297773e+03,3.1875471924582239e+00
390125,1.5400938707297773e+03,3.1875471924582239e+00
390361,1.5400938707297773e+03,3.1875471924582239e+00
390597,1.5400938707297773e+03,3.1875471924582239e+00
390833,1.5400938707297773e+03,3.1875471924582239e+00
391069,1.5400938707297773e+03,3.1875471924582239e+00
391305,1.5400938707297773e+03,3.1875471924582239e+00
391541,1.5400938707297773e+03,3.1875471924582239e+00
391776,1.5400938707297773e+03,3.1875471924582239e+00
392011,1.5400938707297773e+03,3.1875471924582239e+00
392246,1.5400938707297773e+03,3.1875471924582239e+00
392481,1.5400938707297773e+03,3.1875471924582239e+00
392716,1.5400938707297773e+03,3.1875471924582239e+00
392951,1.5400938707297773e+03,3.1875471924582239e+00
393186,1.5400938707297773e+03,3.1875471924582239e+00
393420,1.5400938707297773e+03,3.1875471924582239e+00
393654,1.5400938707297773e+03,3.1875471924582239e+00
393888,1.5400938707297773e+03,3.1875471924582239e+00
394122,1.5400938707297773e+03,3.1875471924582239e+00
394356,1.5400938707297773e+03,3.1875471924582239e+00
394590,1.5400938707297773e+03,3.1875471924582239e+00
394823,1.5354207443627706e+03,3.1862274038632625e+00
395056,1.5354207443627706e+03,3.1862274038632625e+00
395289,1.5354207443627706e+03,3.1862274038632625e+00
395522,1.5354207443627706e+03,3.1862274038632625e+00
395755,1.5354207443627706e+03,3.1862274038632625e+00
395988,1.5354207443627706e+03,3.1862274038632625e+00
396221,1.5354207443627706e+03,3.1862274038632625e+00
396453,1.5354207443627706e+03,3.1862274038632625e+00
396685,1.5354207443627706e+03,3.1862274038632625e+00
396917,1.5354207443627706e+03,3.1862274038632625e+00
397149,1.5354207443627706e+03,3.1862274038632625e+00
397381,1.5354207443627706e+03,3.1862274038632625e+00
397613,1.5354207443627706e+03,3.1862274038632625e+00
397844,1.5354207443627706e+03,3.1862274038632625e+00
398075,1.5354207443627706e+03,3.1862274038632625e+00
398306,1.5354207443627706e+03,3.1862274038632625e+00
398537,1.5354207443627706e+03,3.1862274038632625e+00
398768,1.5354207443627706e+03,3.1862274038632625e+00
398999,1.5354207443627706e+03,3.1862274038632625e+00
399230,1.5354207443627706e+03,3.1862274038632625e+00
399460,1.5354207443627706e+03,3.1862274038632625e+00
399690,1.5354207443627706e+03,3.1862274038632625e+00
399920,1.5354207443627706e+03,3.1862274038632625e+00
400150,1.5354207443627706e+03,3.1862274038632625e+00
400380,1.5354207443627706e+03,3.1862274038632625e+00
400610,1.5354207443627706e+03,3.1862274038632625e+00
400840,1.5354207443627706e+03,3.1862274038632625e+00
401069,1.5292412835693813e+03,3.1844760137678403e+00
401298,1.5292412835693813e+03,3.1844760137678403e+00
401527,1.5292412835693813e+03,3.1844760137678403e+00
401756,1.5292412835693813e+03,3.1844760137678403e+00
401985,1.5292412835693813e+03,3.1844760137678403e+00
402214,1.5254809142244303e+03,3.1834067784164035e+00
402442,1.5254809142244303e+03,3.1834067784164035e+00
402670,1.5254809142244303e+03,3.1834067784164035e+00
402898,1.5254809142244303e+03,3.1834067784164035e+00
403126,1.5243887163359000e+03,3.1830957254247223e+00
403354,1.5243887163359000e+03,3.1830957254247223e+00
403582,1.5243887163359000e+03,3.1830957254247223e+00
403810,1.5243887163359000e+03,3.1830957254247223e+00
404037,1.5243887163359000e+03,3.1830957254247223e+00
404264,1.5243887163359000e+03,3.1830957254247223e+00
404491,1.5243887163359000e+03,3.1830957254247223e+00
404718,1.5243887163359000e+03,3.1830957254247223e+00
404945,1.5243887163359000e+03,3.1830957254247223e+00
405172,1.5243887163359000e+03,3.1830957254247223e+00
405399,1.5243887163359000e+03,3.1830957254247223e+00
405625,1.5243887163359000e+03,3.1830957254247223e+00
405851,1.5243887163359000e+03,3.1830957254247223e+00
406077,1.5243887163359000e+03,3.1830957254247223e+00
406303,1.5243887163359000e+03,3.1830957254247223e+00
406529,1.5243887163359000e+03,3.1830957254247223e+00
406755,1.5243887163359000e+03,3.1830957254247223e+00
406981,1.5243887163359000e+03,3.1830957254247223e+00
407206,1.5243887163359000e+03,3.1830957254247223e+00
407431,1.5243887163359000e+03,3.1830957254247223e+00
407656,1.5243887163359000e+03,3.1830957254247223e+00
407881,1.5243887163359000e+03,3.1830957254247223e+00
408106,1.5243887163359000e+03,3.1830957254247223e+00
408331,1.5243887163359000e+03,3.1830957254247223e+00
408556,1.5243887163359000e+03,3.1830957254247223e+00
408780,1.5243887163359000e+03,3.1830957254247223e+00
409004,1.5243887163359000e+03,3.1830957254247223e+00
409228,1.5243887163359000e+03,3.1830957254247223e+00
409452,1.5243887163359000e+03,3.1830957254247223e+00
409676,1.5243887163359000e+03,3.1830957254247223e+00
409900,1.5243887163359000e+03,3.1830957254247223e+00
410124,1.5243887163359000e+03,3.1830957254247223e+00
410347,1.5243887163359000e+03,3.1830957254247223e+00
410570,1.5243887163359000e+03,3.1830957254247223e+00
410793,1.5243887163359000e+03,3.1830957254247223e+00
411016,1.5243887163359000e+03,3.1830957254247223e+00
411239,1.5243887163359000e+03,3.1830957254247223e+00
411462,1.5243887163359000e+03,3.1830957254247223e+00
411684,1.5243887163359000e+03,3.1830957254247223e+00
411906,1.5104421059919580e+03,3.1791040837767417e+00
412128,1.5104421059919580e+03,3.1791040837767417e+00
412350,1.5104421059919580e+03,3.1791040837767417e+00
412572,1.5104421059919580e+03,3.1791040837767417e+00
412794,1.5104421059919580e+03,3.1791040837767417e+00
413016,1.5104421059919580e+03,3.1791040837767417e+00
413238,1.5104421059919580e+03,3.1791040837767417e+00
413459,1.5104421059919580e+03,3.1791040837767417e+00
413680,1.5104421059919580e+03,3.1791040837767417e+00
413901,1.5104421059919580e+03,3.1791040837767417e+00
414122,1.5104421059919580e+03,3.1791040837767417e+00
414343,1.5104421059919580e+03,3.1791040837767417e+00
414564,1.5104421059919580e+03,3.1791040837767417e+00
414785,1.5104421059919580e+03,3.1791040837767417e+00
415005,1.5104421059919580e+03,3.1791040837767417e+00
415225,1.5104421059919580e+03,3.1791040837767417e+00
415445,1.5104421059919580e+03,3.1791040837767417e+00
415665,1.5017321210267830e+03,3.1765924701278783e+00
415885,1.5017321210267830e+03,3.1765924701278783e+00
416105,1.5017321210267830e+03,3.1765924701278783e+00
416325,1.5017321210267830e+03,3.1765924701278783e+00
416544,1.5017321210267830e+03,3.1765924701278783e+00
416763,1.5017321210267830e+03,3.1765924701278783e+00
416982,1.5017321210267830e+03,3.1765924701278783e+00
417201,1.5017321210267830e+03,3.1765924701278783e+00
417420,1.5017321210267830e+03,3.1765924701278783e+00
417639,1.5017321210267830e+03,3.1765924701278783e+00
417858,1.5017321210267830e+03,3.1765924701278783e+00
418076,1.5017321210267830e+03,3.1765924701278783e+00
418294,1.5017321210267830e+03,3.1765924701278783e+00
418512,1.5017321210267830e+03,3.1765924701278783e+00
418730,1.5017321210267830e+03,3.1765924701278783e+00
418948,1.5017321210267830e+03,3.1765924701278783e+00
419166,1.5017321210267830e+03,3.1765924701278783e+00
419384,1.5017321210267830e+03,3.1765924701278783e+00
419601,1.5017321210267830e+03,3.1765924701278783e+00
419818,1.5017321210267830e+03,3.1765924701278783e+00
420035,1.5017321210267830e+03,3.1765924701278783e+00
420252,1.5017321210267830e+03,3.1765924701278783e+00
420469,1.5017321210267830e+03,3.1765924701278783e+00
420686,1.5017321210267830e+03,3.1765924701278783e+00
420903,1.5017321210267830e+03,3.1765924701278783e+00
421119,1.5017321210267830e+03,3.1765924701278783e+00
421335,1.5017321210267830e+03,3.1765924701278783e+00
421551,1.5017321210267830e+03,3.1765924701278783e+00
421767,1.5017321210267830e+03,3.1765924701278783e+00
421983,1.5017321210267830e+03,3.1765924701278783e+00
422199,1.5017321210267830e+03,3.1765924701278783e+00
422415,1.5017321210267830e+03,3.1765924701278783e+00
422631,1.5017321210267830e+03,3.1765924701278783e+00
422846,1.5017321210267830e+03,3.1765924701278783e+00
423061,1.5017321210267830e+03,3.1765924701278783e+00
423276,1.5017321210267830e+03,3.1765924701278783e+00
423491,1.5017321210267830e+03,3.1765924701278783e+00
423706,1.5017321210267830e+03,3.1765924701278783e+00
423921,1.5017321210267830e+03,3.1765924701278783e+00
424136,1.5017321210267830e+03,3.1765924701278783e+00
424350,1.5017321210267830e+03,3.1765924701278783e+00
424564,1.5017321210267830e+03,3.1765924701278783e+00
424778,1.5017321210267830e+03,3.1765924701278783e+00
424992,1.5017321210267830e+03,3.1765924701278783e+00
425206,1.5017321210267830e+03,3.1765924701278783e+00
425420,1.5017321210267830e+03,3.1765924701278783e+00
425634,1.5017321210267830e+03,3.1765924701278783e+00
425847,1.5017321210267830e+03,3.1765924701278783e+00
426060,1.5017321210267830e+03,3.1765924701278783e+00
426273,1.5017321210267830e+03,3.1765924701278783e+00
426486,1.5017321210267830e+03,3.1765924701278783e+00
426699,1.5017321210267830e+03,3.1765924701278783e+00
426912,1.5017321210267830e+03,3.1765924701278783e+00
427125,1.5017321210267830e+03,3.1765924701278783e+00
427338,1.4846476105703196e+03,3.1716233836559931e+00
427550,1.4846476105703196e+03,3.1716233836559931e+00
427762,1.4846476105703196e+03,3.1716233836559931e+00
427974,1.4846476105703196e+03,3.1716233836559931e+00
428186,1.4846476105703196e+03,3.1716233836559931e+00
428398,1.4846476105703196e+03,3.1716233836559931e+00
428610,1.4846476105703196e+03,3.1716233836559931e+00
428822,1.4846476105703196e+03,3.1716233836559931e+00
429033,1.4846476105703196e+03,3.1716233836559931e+00
429244,1.4846476105703196e+03,3.1716233836559931e+00
429455,1.4846476105703196e+03,3.1716233836559931e+00
429666,1.4846476105703196e+03,3.1716233836559931e+00
429877,1.4846476105703196e+03,3.1716233836559931e+00
430088,1.4846476105703196e+03,3.1716233836559931e+00
430299,1.4846476105703196e+03,3.1716233836559931e+00
430510,1.4846476105703196e+03,3.1716233836559931e+00
430720,1.4846476105703196e+03,3.1716233836559931e+00
430930,1.4846476105703196e+03,3.1716233836559931e+00
431140,1.4846476105703196e+03,3.1716233836559931e+00
431350,1.4846476105703196e+03,3.1716233836559931e+00
431560,1.4846476105703196e+03,3.1716233836559931e+00
431770,1.4846476105703196e+03,3.1716233836559931e+00
431980,1.4846476105703196e+03,3.1716233836559931e+00
432189,1.4846476105703196e+03,3.1716233836559931e+00
432398,1.4846476105703196e+03,3.1716233836559931e+00
432607,1.4846476105703196e+03,3.1716233836559931e+00
432816,1.4846476105703196e+03,3.1716233836559931e+00
433025,1.4846476105703196e+03,3.1716233836559931e+00
433234,1.4846476105703196e+03,3.1716233836559931e+00
433443,1.4846476105703196e+03,3.1716233836559931e+00
433652,1.4846476105703196e+03,3.1716233836559931e+00
433860,1.4846476105703196e+03,3.1716233836559931e+00
434068,1.4846476105703196e+03,3.1716233836559931e+00
434276,1.4846476105703196e+03,3.1716233836559931e+00
434484,1.4846476105703196e+03,3.1716233836559931e+00
434692,1.4846476105703196e+03,3.1716233836559931e+00
434900,1.4846476105703196e+03,3.1716233836559931e+00
435108,1.4846476105703196e+03,3.1716233836559931e+00
435316,1.4846476105703196e+03,3.1716233836559931e+00
435523,1.4846476105703196e+03,3.1716233836559931e+00
435730,1.4846476105703196e+03,3.1716233836559931e+00
435937,1.4846476105703196e+03,3.1716233836559931e+00
436144,1.4846476105703196e+03,3.1716233836559931e+00
436351,1.4846476105703196e+03,3.1716233836559931e+00
436558,1.4846476105703196e+03,3.1716233836559931e+00
436765,1.4846476105703196e+03,3.1716233836559931e+00
436971,1.4846476105703196e+03,3.1716233836559931e+00
437177,1.4846476105703196e+03,3.1716233836559931e+00
437383,1.4846476105703196e+03,3.1716233836559931e+00
437589,1.4846476105703196e+03,3.1716233836559931e+00
437795,1.4846476105703196e+03,3.1716233836559931e+00
438001,1.4846476105703196e+03,3.1716233836559931e+00
438207,1.4846476105703196e+03,3.1716233836559931e+00
438413,1.4846476105703196e+03,3.1716233836559931e+00
438618,1.4846476105703196e+03,3.1716233836559931e+00
438823,1.4846476105703196e+03,3.1716233836559931e+00
439028,1.4846476105703196e+03,3.1716233836559931e+00
439233,1.4846476105703196e+03,3.1716233836559931e+00
439438,1.4846476105703196e+03,3.1716233836559931e+00
439643,1.4846476105703196e+03,3.1716233836559931e+00
439848,1.4846476105703196e+03,3.1716233836559931e+00
440053,1.4846476105703196e+03,3.1716233836559931e+00
440257,1.4846476105703196e+03,3.1716233836559931e+00
440461,1.4846476105703196e+03,3.1716233836559931e+00
440665,1.4846476105703196e+03,3.1716233836559931e+00
440869,1.4846476105703196e+03,3.1716233836559931e+00
441073,1.4817730066890840e+03,3.1707816790192371e+00
441277,1.4817730066890840e+03,3.1707816790192371e+00
441481,1.4817730066890840e+03,3.1707816790192371e+00
441685,1.4817730066890840e+03,3.1707816790192371e+00
441888,1.4817730066890840e+03,3.1707816790192371e+00
442091,1.4817730066890840e+03,3.1707816790192371e+00
442294,1.4817730066890840e+03,3.1707816790192371e+00
442497,1.4817730066890840e+03,3.1707816790192371e+00
442700,1.4817730066890840e+03,3.1707816790192371e+00
442903,1.4817730066890840e+03,3.1707816790192371e+00
443106,1.4817730066890840e+03,3.1707816790192371e+00
443309,1.4817730066890840e+03,3.1707816790192371e+00
443511,1.4817730066890840e+03,3.1707816790192371e+00
443713,1.4817730066890840e+03,3.1707816790192371e+00
443915,1.4817730066890840e+03,3.1707816790192371e+00
444117,1.4817730066890840e+03,3.1707816790192371e+00
444319,1.4817730066890840e+03,3.1707816790192371e+00
444521,1.4817730066890840e+03,3.1707816790192371e+00
444723,1.4817730066890840e+03,3.1707816790192371e+00
444925,1.4817730066890840e+03,3.1707816790192371e+00
445126,1.4817730066890840e+03,3.1707816790192371e+00
445327,1.4817730066890840e+03,3.1707816790192371e+00
445528,1.4817730066890840e+03,3.1707816790192371e+00
445729,1.4817730066890840e+03,3.1707816790192371e+00
445930,1.4817730066890840e+03,3.1707816790192371e+00
446131,1.4817730066890840e+03,3.1707816790192371e+00
446332,1.4817730066890840e+03,3.1707816790192371e+00
446533,1.4817730066890840e+03,3.1707816790192371e+00
446733,1.4817730066890840e+03,3.1707816790192371e+00
446933,1.4817730066890840e+03,3.1707816790192371e+00
447133,1.4817730066890840e+03,3.1707816790192371e+00
447333,1.4817730066890840e+03,3.1707816790192371e+00
447533,1.4768515059143660e+03,3.1693368301771847e+00
447733,1.4768515059143660e+03,3.1693368301771847e+00
447933,1.4768515059143660e+03,3.1693368301771847e+00
448133,1.4768515059143660e+03,3.1693368301771847e+00
448332,1.4768515059143660e+03,3.1693368301771847e+00
448531,1.4768515059143660e+03,3.1693368301771847e+00
448730,1.4768515059143660e+03,3.1693368301771847e+00
448929,1.4768515059143660e+03,3.1693368301771847e+00
449128,1.4768515059143660e+03,3.1693368301771847e+00
449327,1.4768515059143660e+03,3.1693368301771847e+00
449526,1.4768515059143660e+03,3.1693368301771847e+00
449725,1.4768515059143660e+03,3.1693368301771847e+00
449924,1.4768515059143660e+03,3.1693368301771847e+00
450122,1.4768515059143660e+03,3.1693368301771847e+00
450320,1.4768515059143660e+03,3.1693368301771847e+00
450518,1.4768515059143660e+03,3.1693368301771847e+00
450716,1.4768515059143660e+03,3.1693368301771847e+00
450914,1.4768515059143660e+03,3.1693368301771847e+00
451112,1.4768515059143660e+03,3.1693368301771847e+00
451310,1.4768515059143660e+03,3.1693368301771847e+00
451508,1.4768515059143660e+03,3.1693368301771847e+00
451705,1.4768515059143660e+03,3.1693368301771847e+00
451902,1.4768515059143660e+03,3.1693368301771847e+00
452099,1.4768515059143660e+03,3.1693368301771847e+00
452296,1.4768515059143660e+03,3.1693368301771847e+00
452493,1.4766025382604516e+03,3.1692636106336223e+00
452690,1.4766025382604516e+03,3.1692636106336223e+00
452887,1.4766025382604516e+03,3.1692636106336223e+00
453084,1.4766025382604516e+03,3.1692636106336223e+00
453280,1.4766025382604516e+03,3.1692636106336223e+00
453476,1.4766025382604516e+03,3.1692636106336223e+00
453672,1.4766025382604516e+03,3.1692636106336223e+00
453868,1.4766025382604516e+03,3.1692636106336223e+00
454064,1.4766025382604516e+03,3.1692636106336223e+00
454260,1.4766025382604516e+03,3.1692636106336223e+00
454456,1.4766025382604516e+03,3.1692636106336223e+00
454652,1.4766025382604516e+03,3.1692636106336223e+00
454848,1.4766025382604516e+03,3.1692636106336223e+00
455043,1.4766025382604516e+03,3.1692636106336223e+00
455238,1.4766025382604516e+03,3.1692636106336223e+00
455433,1.4766025382604516e+03,3.1692636106336223e+00
455628,1.4766025382604516e+03,3.1692636106336223e+00
455823,1.4766025382604516e+03,3.1692636106336223e+00
456018,1.4766025382604516e+03,3.1692636106336223e+00
456213,1.4766025382604516e+03,3.1692636106336223e+00
456408,1.4766025382604516e+03,3.1692636106336223e+00
456602,1.4766025382604516e+03,3.1692636106336223e+00
456796,1.4766025382604516e+03,3.1692636106336223e+00
456990,1.4766025382604516e+03,3.1692636106336223e+00
457184,1.4766025382604516e+03,3.1692636106336223e+00
457378,1.4766025382604516e+03,3.1692636106336223e+00
457572,1.4766025382604516e+03,3.1692636106336223e+00
457766,1.4766025382604516e+03,3.1692636106336223e+00
457960,1.4766025382604516e+03,3.1692636106336223e+00
458154,1.4766025382604516e+03,3.1692636106336223e+00
458347,1.4766025382604516e+03,3.1692636106336223e+00
458540,1.4766025382604516e+03,3.1692636106336223e+00
458733,1.4766025382604516e+03,3.1692636106336223e+00
458926,1.4766025382604516e+03,3.1692636106336223e+00
459119,1.4766025382604516e+03,3.1692636106336223e+00
459312,1.4766025382604516e+03,3.1692636106336223e+00
459505,1.4766025382604516e+03,3.1692636106336223e+00
459698,1.4766025382604516e+03,3.1692636106336223e+00
459890,1.4766025382604516e+03,3.1692636106336223e+00
460082,1.4766025382604516e+03,3.1692636106336223e+00
460274,1.4766025382604516e+03,3.1692636106336223e+00
460466,1.4766025382604516e+03,3.1692636106336223e+00
460658,1.4766025382604516e+03,3.1692636106336223e+00
460850,1.4766025382604516e+03,3.1692636106336223e+00
461042,1.4766025382604516e+03,3.1692636106336223e+00
461234,1.4766025382604516e+03,3.1692636106336223e+00
461426,1.4766025382604516e+03,3.1692636106336223e+00
461617,1.4766025382604516e+03,3.1692636106336223e+00
461808,1.4766025382604516e+03,3.1692636106336223e+00
461999,1.4766025382604516e+03,3.1692636106336223e+00
462190,1.4766025382604516e+03,3.1692636106336223e+00
462381,1.4766025382604516e+03,3.1692636106336223e+00
462572,1.4766025382604516e+03,3.1692636106336223e+00
462763,1.4766025382604516e+03,3.1692636106336223e+00
462954,1.4766025382604516e+03,3.1692636106336223e+00
463145,1.4766025382604516e+03,3.1692636106336223e+00
463335,1.4766025382604516e+03,3.1692636106336223e+00
463525,1.4766025382604516e+03,3.1692636106336223e+00
463715,1.4766025382604516e+03,3.1692636106336223e+00
463905,1.4766025382604516e+03,3.1692636106336223e+00
464095,1.4766025382604516e+03,3.1692636106336223e+00
464285,1.4766025382604516e+03,3.1692636106336223e+00
464475,1.4766025382604516e+03,3.1692636106336223e+00
464665,1.4766025382604516e+03,3.1692636106336223e+00
464855,1.4766025382604516e+03,3.1692636106336223e+00
465044,1.4766025382604516e+03,3.1692636106336223e+00
465233,1.4766025382604516e+03,3.1692636106336223e+00
465422,1.4766025382604516e+03,3.1692636106336223e+00
465611,1.4766025382604516e+03,3.1692636106336223e+00
465800,1.4766025382604516e+03,3.1692636106336223e+00
465989,1.4766025382604516e+03,3.1692636106336223e+00
466178,1.4766025382604516e+03,3.1692636106336223e+00
466367,1.4766025382604516e+03,3.1692636106336223e+00
466555,1.4766025382604516e+03,3.1692636106336223e+00
466743,1.4766025382604516e+03,3.1692636106336223e+00
466931,1.4766025382604516e+03,3.1692636106336223e+00
467119,1.4766025382604516e+03,3.1692636106336223e+00
467307,1.4766025382604516e+03,3.1692636106336223e+00
467495,1.4766025382604516e+03,3.1692636106336223e+00
467683,1.4766025382604516e+03,3.1692636106336223e+00
467871,1.4766025382604516e+03,3.1692636106336223e+00
468059,1.4766025382604516e+03,3.1692636106336223e+00
468246,1.4766025382604516e+03,3.1692636106336223e+00
468433,1.4766025382604516e+03,3.1692636106336223e+00
468620,1.4766025382604516e+03,3.1692636106336223e+00
468807,1.4766025382604516e+03,3.1692636106336223e+00
468994,1.4766025382604516e+03,3.1692636106336223e+00
469181,1.4766025382604516e+03,3.1692636106336223e+00
469368,1.4766025382604516e+03,3.1692636106336223e+00
469555,1.4766025382604516e+03,3.1692636106336223e+00
469742,1.4766025382604516e+03,3.1692636106336223e+00
469928,1.4766025382604516e+03,3.1692636106336223e+00
470114,1.4766025382604516e+03,3.1692636106336223e+00
470300,1.4766025382604516e+03,3.1692636106336223e+00
470486,1.4766025382604516e+03,3.1692636106336223e+00
470672,1.4766025382604516e+03,3.1692636106336223e+00
470858,1.4766025382604516e+03,3.1692636106336223e+00
471044,1.4766025382604516e+03,3.1692636106336223e+00
471230,1.4766025382604516e+03,3.1692636106336223e+00
471416,1.4766025382604516e+03,3.1692636106336223e+00
471602,1.4766025382604516e+03,3.1692636106336223e+00
471787,1.4766025382604516e+03,3.1692636106336223e+00
471972,1.4766025382604516e+03,3.1692636106336223e+00
472157,1.4766025382604516e+03,3.1692636106336223e+00
472342,1.4766025382604516e+03,3.1692636106336223e+00
472527,1.4766025382604516e+03,3.1692636106336223e+00
472712,1.4766025382604516e+03,3.1692636106336223e+00
472897,1.4766025382604516e+03,3.1692636106336223e+00
473082,1.4766025382604516e+03,3.1692636106336223e+00
473267,1.4766025382604516e+03,3.1692636106336223e+00
473451,1.4766025382604516e+03,3.1692636106336223e+00
473635,1.4766025382604516e+03,3.1692636106336223e+00
473819,1.4766025382604516e+03,3.1692636106336223e+00
474003,1.4766025382604516e+03,3.1692636106336223e+00
474187,1.4766025382604516e+03,3.1692636106336223e+00
474371,1.4766025382604516e+03,3.1692636106336223e+00
474555,1.4766025382604516e+03,3.1692636106336223e+00
474739,1.4766025382604516e+03,3.1692636106336223e+00
474923,1.4766025382604516e+03,3.1692636106336223e+00
475106,1.4766025382604516e+03,3.1692636106336223e+00
475289,1.4766025382604516e+03,3.1692636106336223e+00
475472,1.4766025382604516e+03,3.1692636106336223e+00
475655,1.4766025382604516e+03,3.1692636106336223e+00
475838,1.4766025382604516e+03,3.1692636106336223e+00
476021,1.4766025382604516e+03,3.1692636106336223e+00
476204,1.4766025382604516e+03,3.1692636106336223e+00
476387,1.4766025382604516e+03,3.1692636106336223e+00
476570,1.4766025382604516e+03,3.1692636106336223e+00
476752,1.4766025382604516e+03,3.1692636106336223e+00
476934,1.4766025382604516e+03,3.1692636106336223e+00
477116,1.4766025382604516e+03,3.1692636106336223e+00
477298,1.4766025382604516e+03,3.1692636106336223e+00
477480,1.4766025382604516e+03,3.1692636106336223e+00
477662,1.4766025382604516e+03,3.1692636106336223e+00
477844,1.4766025382604516e+03,3.1692636106336223e+00
478026,1.4766025382604516e+03,3.1692636106336223e+00
478208,1.4766025382604516e+03,3.1692636106336223e+00
478390,1.4766025382604516e+03,3.1692636106336223e+00
478571,1.4766025382604516e+03,3.1692636106336223e+00
478752,1.4766025382604516e+03,3.1692636106336223e+00
478933,1.4766025382604516e+03,3.1692636106336223e+00
479114,1.4766025382604516e+03,3.1692636106336223e+00
479295,1.4766025382604516e+03,3.1692636106336223e+00
479476,1.4766025382604516e+03,3.1692636106336223e+00
479657,1.4766025382604516e+03,3.1692636106336223e+00
479838,1.4766025382604516e+03,3.1692636106336223e+00
480019,1.4766025382604516e+03,3.1692636106336223e+00
480199,1.4766025382604516e+03,3.1692636106336223e+00
480379,1.4766025382604516e+03,3.1692636106336223e+00
480559,1.4766025382604516e+03,3.1692636106336223e+00
480739,1.4766025382604516e+03,3.1692636106336223e+00
480919,1.4766025382604516e+03,3.1692636106336223e+00
481099,1.4766025382604516e+03,3.1692636106336223e+00
481279,1.4766025382604516e+03,3.1692636106336223e+00
481459,1.4766025382604516e+03,3.1692636106336223e+00
481639,1.4766025382604516e+03,3.1692636106336223e+00
481819,1.4766025382604516e+03,3.1692636106336223e+00
481998,1.4766025382604516e+03,3.1692636106336223e+00
482177,1.4766025382604516e+03,3.1692636106336223e+00
482356,1.4758261110738431e+03,3.1690351898380218e+00
482535,1.4758261110738431e+03,3.1690351898380218e+00
482714,1.4758261110738431e+03,3.1690351898380218e+00
482893,1.4758261110738431e+03,3.1690351898380218e+00
483072,1.4758261110738431e+03,3.1690351898380218e+00
483251,1.4758261110738431e+03,3.1690351898380218e+00
483430,1.4758261110738431e+03,3.1690351898380218e+00
483608,1.4758261110738431e+03,3.1690351898380218e+00
483786,1.4758261110738431e+03,3.1690351898380218e+00
483964,1.4758261110738431e+03,3.1690351898380218e+00
484142,1.4758261110738431e+03,3.1690351898380218e+00
484320,1.4758261110738431e+03,3.1690351898380218e+00
484498,1.4758261110738431e+03,3.1690351898380218e+00
484676,1.4758261110738431e+03,3.1690351898380218e+00
484854,1.4758261110738431e+03,3.1690351898380218e+00
485032,1.4758261110738431e+03,3.1690351898380218e+00
485210,1.4758261110738431e+03,3.1690351898380218e+00
485387,1.4758261110738431e+03,3.1690351898380218e+00
485564,1.4758261110738431e+03,3.1690351898380218e+00
485741,1.4758261110738431e+03,3.1690351898380218e+00
485918,1.4758261110738431e+03,3.1690351898380218e+00
486095,1.4758261110738431e+03,3.1690351898380218e+00
486272,1.4758261110738431e+03,3.1690351898380218e+00
486449,1.4758261110738431e+03,3.1690351898380218e+00
486626,1.4758261110738431e+03,3.1690351898380218e+00
486803,1.4758261110738431e+03,3.1690351898380218e+00
486980,1.4758261110738431e+03,3.1690351898380218e+00
487156,1.4758261110738431e+03,3.1690351898380218e+00
487332,1.4758261110738431e+03,3.1690351898380218e+00
487508,1.4758261110738431e+03,3.1690351898380218e+00
487684,1.4758261110738431e+03,3.1690351898380218e+00
487860,1.4758261110738431e+03,3.1690351898380218e+00
488036,1.4758261110738431e+03,3.1690351898380218e+00
488212,1.4758261110738431e+03,3.1690351898380218e+00
488388,1.4758261110738431e+03,3.1690351898380218e+00
488564,1.4758261110738431e+03,3.1690351898380218e+00
488740,1.4758261110738431e+03,3.1690351898380218e+00
488915,1.4758261110738431e+03,3.1690351898380218e+00
489090,1.4758261110738431e+03,3.1690351898380218e+00
489265,1.4758261110738431e+03,3.1690351898380218e+00
489440,1.4758261110738431e+03,3.1690351898380218e+00
489615,1.4758261110738431e+03,3.1690351898380218e+00
489790,1.4758261110738431e+03,3.1690351898380218e+00
489965,1.4758261110738431e+03,3.1690351898380218e+00
490140,1.4758261110738431e+03,3.1690351898380218e+00
490315,1.4758261110738431e+03,3.1690351898380218e+00
490490,1.4758261110738431e+03,3.1690351898380218e+00
490664,1.4758261110738431e+03,3.1690351898380218e+00
490838,1.4758261110738431e+03,3.1690351898380218e+00
491012,1.4758261110738431e+03,3.1690351898380218e+00
491186,1.4758261110738431e+03,3.1690351898380218e+00
491360,1.4758261110738431e+03,3.1690351898380218e+00
491534,1.4758261110738431e+03,3.1690351898380218e+00
491708,1.4758261110738431e+03,3.1690351898380218e+00
491882,1.4758261110738431e+03,3.1690351898380218e+00
492056,1.4758261110738431e+03,3.1690351898380218e+00
492230,1.4758261110738431e+03,3.1690351898380218e+00
492403,1.4758261110738431e+03,3.1690351898380218e+00
492576,1.4758261110738431e+03,3.1690351898380218e+00
492749,1.4758261110738431e+03,3.1690351898380218e+00
492922,1.4758261110738431e+03,3.1690351898380218e+00
493095,1.4758261110738431e+03,3.1690351898380218e+00
493268,1.4758261110738431e+03,3.1690351898380218e+00
493441,1.4758261110738431e+03,3.1690351898380218e+00
493614,1.4758261110738431e+03,3.1690351898380218e+00
493787,1.4758261110738431e+03,3.1690351898380218e+00
493960,1.4758261110738431e+03,3.1690351898380218e+00
494132,1.4758261110738431e+03,3.1690351898380218e+00
494304,1.4758261110738431e+03,3.1690351898380218e+00
494476,1.4758261110738431e+03,3.1690351898380218e+00
494648,1.4758261110738431e+03,3.1690351898380218e+00
494820,1.4758261110738431e+03,3.1690351898380218e+00
494992,1.4758261110738431e+03,3.1690351898380218e+00
495164,1.4758261110738431e+03,3.1690351898380218e+00
495336,1.4758261110738431e+03,3.1690351898380218e+00
495508,1.4758261110738431e+03,3.1690351898380218e+00
495680,1.4758261110738431e+03,3.1690351898380218e+00
495852,1.4758261110738431e+03,3.1690351898380218e+00
496023,1.4758261110738431e+03,3.1690351898380218e+00
496194,1.4758261110738431e+03,3.1690351898380218e+00
496365,1.4758261110738431e+03,3.1690351898380218e+00
496536,1.4758261110738431e+03,3.1690351898380218e+00
496707,1.4758261110738431e+03,3.1690351898380218e+00
496878,1.4758261110738431e+03,3.1690351898380218e+00
497049,1.4758261110738431e+03,3.1690351898380218e+00
497220,1.4758261110738431e+03,3.1690351898380218e+00
497391,1.4758261110738431e+03,3.1690351898380218e+00
497562,1.4758261110738431e+03,3.1690351898380218e+00
497732,1.4758261110738431e+03,3.1690351898380218e+00
497902,1.4758261110738431e+03,3.1690351898380218e+00
498072,1.4758261110738431e+03,3.1690351898380218e+00
498242,1.4758261110738431e+03,3.1690351898380218e+00
498412,1.4758261110738431e+03,3.1690351898380218e+00
498582,1.4758261110738431e+03,3.1690351898380218e+00
498752,1.4758261110738431e+03,3.1690351898380218e+00
498922,1.4758261110738431e+03,3.1690351898380218e+00
499092,1.4758261110738431e+03,3.1690351898380218e+00
499262,1.4758261110738431e+03,3.1690351898380218e+00
499431,1.4758261110738431e+03,3.1690351898380218e+00
499600,1.4758261110738431e+03,3.1690351898380218e+00
499769,1.4758261110738431e+03,3.1690351898380218e+00
499938,1.4758261110738431e+03,3.1690351898380218e+00
500107,1.4758261110738431e+03,3.1690351898380218e+00
500276,1.4758261110738431e+03,3.1690351898380218e+00
500445,1.4758261110738431e+03,3.1690351898380218e+00
500614,1.4758261110738431e+03,3.1690351898380218e+00
500783,1.4758261110738431e+03,3.1690351898380218e+00
500952,1.4758261110738431e+03,3.1690351898380218e+00
501121,1.4758261110738431e+03,3.1690351898380218e+00
501289,1.4758261110738431e+03,3.1690351898380218e+00
501457,1.4758261110738431e+03,3.1690351898380218e+00
501625,1.4758261110738431e+03,3.1690351898380218e+00
501793,1.4758261110738431e+03,3.1690351898380218e+00
501961,1.4758261110738431e+03,3.1690351898380218e+00
502129,1.4758261110738431e+03,3.1690351898380218e+00
502297,1.4758261110738431e+03,3.1690351898380218e+00
502465,1.4758261110738431e+03,3.1690351898380218e+00
502633,1.4758261110738431e+03,3.1690351898380218e+00
502801,1.4758261110738431e+03,3.1690351898380218e+00
502969,1.4758261110738431e+03,3.1690351898380218e+00
503136,1.4758261110738431e+03,3.1690351898380218e+00
503303,1.4758261110738431e+03,3.1690351898380218e+00
503470,1.4758261110738431e+03,3.1690351898380218e+00
503637,1.4758261110738431e+03,3.1690351898380218e+00
503804,1.4758261110738431e+03,3.1690351898380218e+00
503971,1.4758261110738431e+03,3.1690351898380218e+00
504138,1.4758261110738431e+03,3.1690351898380218e+00
504305,1.4758261110738431e+03,3.1690351898380218e+00
504472,1.4758261110738431e+03,3.1690351898380218e+00
504639,1.4758261110738431e+03,3.1690351898380218e+00
504805,1.4758261110738431e+03,3.1690351898380218e+00
504971,1.4758261110738431e+03,3.1690351898380218e+00
505137,1.4758261110738431e+03,3.1690351898380218e+00
505303,1.4758261110738431e+03,3.1690351898380218e+00
505469,1.4758261110738431e+03,3.1690351898380218e+00
505635,1.4758261110738431e+03,3.1690351898380218e+00
505801,1.4758261110738431e+03,3.1690351898380218e+00
505967,1.4758261110738431e+03,3.1690351898380218e+00
506133,1.4758261110738431e+03,3.1690351898380218e+00
506299,1.4758261110738431e+03,3.1690351898380218e+00
506465,1.4758261110738431e+03,3.1690351898380218e+00
506630,1.4758261110738431e+03,3.1690351898380218e+00
506795,1.4758261110738431e+03,3.1690351898380218e+00
506960,1.4758261110738431e+03,3.1690351898380218e+00
507125,1.4758261110738431e+03,3.1690351898380218e+00
507290,1.4758261110738431e+03,3.1690351898380218e+00
507455,1.4758261110738431e+03,3.1690351898380218e+00
507620,1.4758261110738431e+03,3.1690351898380218e+00
507785,1.4758261110738431e+03,3.1690351898380218e+00
507950,1.4758261110738431e+03,3.1690351898380218e+00
508115,1.4758261110738431e+03,3.1690351898380218e+00
508280,1.4758261110738431e+03,3.1690351898380218e+00
508444,1.4758261110738431e+03,3.1690351898380218e+00
508608,1.4758261110738431e+03,3.1690351898380218e+00
508772,1.4758261110738431e+03,3.1690351898380218e+00
508936,1.4758261110738431e+03,3.1690351898380218e+00
509100,1.4758261110738431e+03,3.1690351898380218e+00
509264,1.4758261110738431e+03,3.1690351898380218e+00
509428,1.4758261110738431e+03,3.1690351898380218e+00
509592,1.4758261110738431e+03,3.1690351898380218e+00
509756,1.4758261110738431e+03,3.1690351898380218e+00
509920,1.4758261110738431e+03,3.1690351898380218e+00
510084,1.4411552250911323e+03,3.1587107606681832e+00
510247,1.4411552250911323e+03,3.1587107606681832e+00
510410,1.4411552250911323e+03,3.1587107606681832e+00
510573,1.4411552250911323e+03,3.1587107606681832e+00
510736,1.4411552250911323e+03,3.1587107606681832e+00
510899,1.4411552250911323e+03,3.1587107606681832e+00
511062,1.4411552250911323e+03,3.1587107606681832e+00
511225,1.4411552250911323e+03,3.1587107606681832e+00
511388,1.4411552250911323e+03,3.1587107606681832e+00
511551,1.4411552250911323e+03,3.1587107606681832e+00
511714,1.4411552250911323e+03,3.1587107606681832e+00
511877,1.4411552250911323e+03,3.1587107606681832e+00
512039,1.4411552250911323e+03,3.1587107606681832e+00
512201,1.4411552250911323e+03,3.1587107606681832e+00
512363,1.4411552250911323e+03,3.1587107606681832e+00
512525,1.4411552250911323e+03,3.1587107606681832e+00
512687,1.4411552250911323e+03,3.1587107606681832e+00
512849,1.4411552250911323e+03,3.1587107606681832e+00
513011,1.4411552250911323e+03,3.1587107606681832e+00
513173,1.4411552250911323e+03,3.1587107606681832e+00
513335,1.4411552250911323e+03,3.1587107606681832e+00
513497,1.4411552250911323e+03,3.1587107606681832e+00
513659,1.4411552250911323e+03,3.1587107606681832e+00
513821,1.4411552250911323e+03,3.1587107606681832e+00
513982,1.4411552250911323e+03,3.1587107606681832e+00
514143,1.4411552250911323e+03,3.1587107606681832e+00
514304,1.4411552250911323e+03,3.1587107606681832e+00
514465,1.4411552250911323e+03,3.1587107606681832e+00
514626,1.4411552250911323e+03,3.1587107606681832e+00
514787,1.4411552250911323e+03,3.1587107606681832e+00
514948,1.4411552250911323e+03,3.1587107606681832e+00
515109,1.4411552250911323e+03,3.1587107606681832e+00
515270,1.4411552250911323e+03,3.1587107606681832e+00
515431,1.4411552250911323e+03,3.1587107606681832e+00
515592,1.4411552250911323e+03,3.1587107606681832e+00
515752,1.4411552250911323e+03,3.1587107606681832e+00
515912,1.4411552250911323e+03,3.1587107606681832e+00
516072,1.4411552250911323e+03,3.1587107606681832e+00
516232,1.4411552250911323e+03,3.1587107606681832e+00
516392,1.4411552250911323e+03,3.1587107606681832e+00
516552,1.4411552250911323e+03,3.1587107606681832e+00
516712,1.4411552250911323e+03,3.1587107606681832e+00
516872,1.4411552250911323e+03,3.1587107606681832e+00
517032,1.4411552250911323e+03,3.1587107606681832e+00
517192,1.4411552250911323e+03,3.1587107606681832e+00
517352,1.4411552250911323e+03,3.1587107606681832e+00
517512,1.4411552250911323e+03,3.1587107606681832e+00
517671,1.4411552250911323e+03,3.1587107606681832e+00
517830,1.4411552250911323e+03,3.1587107606681832e+00
517989,1.4411552250911323e+03,3.1587107606681832e+00
518148,1.4411552250911323e+03,3.1587107606681832e+00
518307,1.4411552250911323e+03,3.1587107606681832e+00
518466,1.4411552250911323e+03,3.1587107606681832e+00
518625,1.4411552250911323e+03,3.1587107606681832e+00
518784,1.4411552250911323e+03,3.1587107606681832e+00
518943,1.4411552250911323e+03,3.1587107606681832e+00
519102,1.4411552250911323e+03,3.1587107606681832e+00
519261,1.4411552250911323e+03,3.1587107606681832e+00
519419,1.4411552250911323e+03,3.1587107606681832e+00
519577,1.4411552250911323e+03,3.1587107606681832e+00
519735,1.4411552250911323e+03,3.1587107606681832e+00
519893,1.4411552250911323e+03,3.1587107606681832e+00
520051,1.4411552250911323e+03,3.1587107606681832e+00
520209,1.4411552250911323e+03,3.1587107606681832e+00
520367,1.4411552250911323e+03,3.1587107606681832e+00
520525,1.4411552250911323e+03,3.1587107606681832e+00
520683,1.4411552250911323e+03,3.1587107606681832e+00
520841,1.4411552250911323e+03,3.1587107606681832e+00
520999,1.4411552250911323e+03,3.1587107606681832e+00
521157,1.4411552250911323e+03,3.1587107606681832e+00
521314,1.4411552250911323e+03,3.1587107606681832e+00
521471,1.4411552250911323e+03,3.1587107606681832e+00
521628,1.4411552250911323e+03,3.1587107606681832e+00
521785,1.4411552250911323e+03,3.1587107606681832e+00
521942,1.4411552250911323e+03,3.1587107606681832e+00
522099,1.4411552250911323e+03,3.1587107606681832e+00
522256,1.4411552250911323e+03,3.1587107606681832e+00
522413,1.4411552250911323e+03,3.1587107606681832e+00
522570,1.4411552250911323e+03,3.1587107606681832e+00
522727,1.4411552250911323e+03,3.1587107606681832e+00
522884,1.4411552250911323e+03,3.1587107606681832e+00
523041,1.4411552250911323e+03,3.1587107606681832e+00
523197,1.4411552250911323e+03,3.1587107606681832e+00
523353,1.4411552250911323e+03,3.1587107606681832e+00
523509,1.4411552250911323e+03,3.1587107606681832e+00
523665,1.4411552250911323e+03,3.1587107606681832e+00
523821,1.4411552250911323e+03,3.1587107606681832e+00
523977,1.4411552250911323e+03,3.1587107606681832e+00
524133,1.4411552250911323e+03,3.1587107606681832e+00
524289,1.4411552250911323e+03,3.1587107606681832e+00
524445,1.4411552250911323e+03,3.1587107606681832e+00
524601,1.4411552250911323e+03,3.1587107606681832e+00
524757,1.4411552250911323e+03,3.1587107606681832e+00
524913,1.4411552250911323e+03,3.1587107606681832e+00
525068,1.4411552250911323e+03,3.1587107606681832e+00
525223,1.4411552250911323e+03,3.1587107606681832e+00
525378,1.4411552250911323e+03,3.1587107606681832e+00
525533,1.4411552250911323e+03,3.1587107606681832e+00
525688,1.4411552250911323e+03,3.1587107606681832e+00
525843,1.4411552250911323e+03,3.1587107606681832e+00
525998,1.4411552250911323e+03,3.1587107606681832e+00
526153,1.4411552250911323e+03,3.1587107606681832e+00
526308,1.4411552250911323e+03,3.1587107606681832e+00
526463,1.4411552250911323e+03,3.1587107606681832e+00
526618,1.4411552250911323e+03,3.1587107606681832e+00
526773,1.4411552250911323e+03,3.1587107606681832e+00
526927,1.4411552250911323e+03,3.1587107606681832e+00
527081,1.4411552250911323e+03,3.1587107606681832e+00
527235,1.4411552250911323e+03,3.1587107606681832e+00
527389,1.4411552250911323e+03,3.1587107606681832e+00
527543,1.4411552250911323e+03,3.1587107606681832e+00
527697,1.4411552250911323e+03,3.1587107606681832e+00
527851,1.4411552250911323e+03,3.1587107606681832e+00
528005,1.4411552250911323e+03,3.1587107606681832e+00
528159,1.4411552250911323e+03,3.1587107606681832e+00
528313,1.4411552250911323e+03,3.1587107606681832e+00
528467,1.4411552250911323e+03,3.1587107606681832e+00
528621,1.4411552250911323e+03,3.1587107606681832e+00
528774,1.4411552250911323e+03,3.1587107606681832e+00
528927,1.4411552250911323e+03,3.1587107606681832e+00
529080,1.4411552250911323e+03,3.1587107606681832e+00
529233,1.4411552250911323e+03,3.1587107606681832e+00
529386,1.4411552250911323e+03,3.1587107606681832e+00
529539,1.4411552250911323e+03,3.1587107606681832e+00
529692,1.4411552250911323e+03,3.1587107606681832e+00
529845,1.4411552250911323e+03,3.1587107606681832e+00
529998,1.4411552250911323e+03,3.1587107606681832e+00
530151,1.4411552250911323e+03,3.1587107606681832e+00
530304,1.4411552250911323e+03,3.1587107606681832e+00
530457,1.4411552250911323e+03,3.1587107606681832e+00
530609,1.4411552250911323e+03,3.1587107606681832e+00
530761,1.4411552250911323e+03,3.1587107606681832e+00
530913,1.4411552250911323e+03,3.1587107606681832e+00
531065,1.4411552250911323e+03,3.1587107606681832e+00
531217,1.4411552250911323e+03,3.1587107606681832e+00
531369,1.4411552250911323e+03,3.1587107606681832e+00
531521,1.4411552250911323e+03,3.1587107606681832e+00
531673,1.4411552250911323e+03,3.1587107606681832e+00
531825,1.4411552250911323e+03,3.1587107606681832e+00
531977,1.4411552250911323e+03,3.1587107606681832e+00
532129,1.4411552250911323e+03,3.1587107606681832e+00
532281,1.4411552250911323e+03,3.1587107606681832e+00
532433,1.4411552250911323e+03,3.1587107606681832e+00
532584,1.4411552250911323e+03,3.1587107606681832e+00
532735,1.4411552250911323e+03,3.1587107606681832e+00
532886,1.4411552250911323e+03,3.1587107606681832e+00
533037,1.4411552250911323e+03,3.1587107606681832e+00
533188,1.4411552250911323e+03,3.1587107606681832e+00
533339,1.4411552250911323e+03,3.1587107606681832e+00
533490,1.4411552250911323e+03,3.1587107606681832e+00
533641,1.4411552250911323e+03,3.1587107606681832e+00
533792,1.4411552250911323e+03,3.1587107606681832e+00
533943,1.4411552250911323e+03,3.1587107606681832e+00
534094,1.4411552250911323e+03,3.1587107606681832e+00
534245,1.4411552250911323e+03,3.1587107606681832e+00
534396,1.4411552250911323e+03,3.1587107606681832e+00
534546,1.4411552250911323e+03,3.1587107606681832e+00
534696,1.4411552250911323e+03,3.1587107606681832e+00
534846,1.4411552250911323e+03,3.1587107606681832e+00
534996,1.4411552250911323e+03,3.1587107606681832e+00
535146,1.4411552250911323e+03,3.1587107606681832e+00
535296,1.4411552250911323e+03,3.1587107606681832e+00
535446,1.4411552250911323e+03,3.1587107606681832e+00
535596,1.4411552250911323e+03,3.1587107606681832e+00
535746,1.4411552250911323e+03,3.1587107606681832e+00
535896,1.4411552250911323e+03,3.1587107606681832e+00
536046,1.4411552250911323e+03,3.1587107606681832e+00
536196,1.4411552250911323e+03,3.1587107606681832e+00
536345,1.4411552250911323e+03,3.1587107606681832e+00
536494,1.4411552250911323e+03,3.1587107606681832e+00
536643,1.4411552250911323e+03,3.1587107606681832e+00
536792,1.4411552250911323e+03,3.1587107606681832e+00
536941,1.4411552250911323e+03,3.1587107606681832e+00
537090,1.4411552250911323e+03,3.1587107606681832e+00
537239,1.4411552250911323e+03,3.1587107606681832e+00
537388,1.4411552250911323e+03,3.1587107606681832e+00
537537,1.4411552250911323e+03,3.1587107606681832e+00
537686,1.4411552250911323e+03,3.1587107606681832e+00
537835,1.4411552250911323e+03,3.1587107606681832e+00
537984,1.4411552250911323e+03,3.1587107606681832e+00
538133,1.4411552250911323e+03,3.1587107606681832e+00
538281,1.4411552250911323e+03,3.1587107606681832e+00
538429,1.4411552250911323e+03,3.1587107606681832e+00
538577,1.4411552250911323e+03,3.1587107606681832e+00
538725,1.4411552250911323e+03,3.1587107606681832e+00
538873,1.4411552250911323e+03,3.1587107606681832e+00
539021,1.4411552250911323e+03,3.1587107606681832e+00
539169,1.4411552250911323e+03,3.1587107606681832e+00
539317,1.4411552250911323e+03,3.1587107606681832e+00
539465,1.4411552250911323e+03,3.1587107606681832e+00
539613,1.4411552250911323e+03,3.1587107606681832e+00
539761,1.4411552250911323e+03,3.1587107606681832e+00
539909,1.4411552250911323e+03,3.1587107606681832e+00
540057,1.4411552250911323e+03,3.1587107606681832e+00
540204,1.4411552250911323e+03,3.1587107606681832e+00
540351,1.4411552250911323e+03,3.1587107606681832e+00
540498,1.4411552250911323e+03,3.1587107606681832e+00
540645,1.4411552250911323e+03,3.1587107606681832e+00
540792,1.4411552250911323e+03,3.1587107606681832e+00
540939,1.4411552250911323e+03,3.1587107606681832e+00
541086,1.4411552250911323e+03,3.1587107606681832e+00
541233,1.4411552250911323e+03,3.1587107606681832e+00
541380,1.4411552250911323e+03,3.1587107606681832e+00
541527,1.4411552250911323e+03,3.1587107606681832e+00
541674,1.4411552250911323e+03,3.1587107606681832e+00
541821,1.4411552250911323e+03,3.1587107606681832e+00
541968,1.4411552250911323e+03,3.1587107606681832e+00
542114,1.4411552250911323e+03,3.1587107606681832e+00
542260,1.4411552250911323e+03,3.1587107606681832e+00
542406,1.4411552250911323e+03,3.1587107606681832e+00
542552,1.4411552250911323e+03,3.1587107606681832e+00
542698,1.4411552250911323e+03,3.1587107606681832e+00
542844,1.4411552250911323e+03,3.1587107606681832e+00
542990,1.4411552250911323e+03,3.1587107606681832e+00
543136,1.4411552250911323e+03,3.1587107606681832e+00
543282,1.4411552250911323e+03,3.1587107606681832e+00
543428,1.4411552250911323e+03,3.1587107606681832e+00
543574,1.4411552250911323e+03,3.1587107606681832e+00
543720,1.4410354660780320e+03,3.1586746695943089e+00
543866,1.4410354660780320e+03,3.1586746695943089e+00
544012,1.4410354660780320e+03,3.1586746695943089e+00
544157,1.4410354660780320e+03,3.1586746695943089e+00
544302,1.4410354660780320e+03,3.1586746695943089e+00
544447,1.4410354660780320e+03,3.1586746695943089e+00
544592,1.4410354660780320e+03,3.1586746695943089e+00
544737,1.4410354660780320e+03,3.1586746695943089e+00
544882,1.4410354660780320e+03,3.1586746695943089e+00
545027,1.4410354660780320e+03,3.1586746695943089e+00
545172,1.4410354660780320e+03,3.1586746695943089e+00
545317,1.4410354660780320e+03,3.1586746695943089e+00
545462,1.4410354660780320e+03,3.1586746695943089e+00
545607,1.4410354660780320e+03,3.1586746695943089e+00
545752,1.4410354660780320e+03,3.1586746695943089e+00
545897,1.4410354660780320e+03,3.1586746695943089e+00
546041,1.4410354660780320e+03,3.1586746695943089e+00
546185,1.4410354660780320e+03,3.1586746695943089e+00
546329,1.4410354660780320e+03,3.1586746695943089e+00
546473,1.4410354660780320e+03,3.1586746695943089e+00
546617,1.4410354660780320e+03,3.1586746695943089e+00
546761,1.4410354660780320e+03,3.1586746695943089e+00
546905,1.4410354660780320e+03,3.1586746695943089e+00
547049,1.4410354660780320e+03,3.1586746695943089e+00
547193,1.4410354660780320e+03,3.1586746695943089e+00
547337,1.4410354660780320e+03,3.1586746695943089e+00
547481,1.4410354660780320e+03,3.1586746695943089e+00
547625,1.4410354660780320e+03,3.1586746695943089e+00
547769,1.4410354660780320e+03,3.1586746695943089e+00
547913,1.4410354660780320e+03,3.1586746695943089e+00
548056,1.4410354660780320e+03,3.1586746695943089e+00
548199,1.4410354660780320e+03,3.1586746695943089e+00
548342,1.4410354660780320e+03,3.1586746695943089e+00
548485,1.4410354660780320e+03,3.1586746695943089e+00
548628,1.4410354660780320e+03,3.1586746695943089e+00
548771,1.4410354660780320e+03,3.1586746695943089e+00
548914,1.4410354660780320e+03,3.1586746695943089e+00
549057,1.4410354660780320e+03,3.1586746695943089e+00
549200,1.4410354660780320e+03,3.1586746695943089e+00
549343,1.4410354660780320e+03,3.1586746695943089e+00
549486,1.4410354660780320e+03,3.1586746695943089e+00
549629,1.4410354660780320e+03,3.1586746695943089e+00
549772,1.4410354660780320e+03,3.1586746695943089e+00
549915,1.4410354660780320e+03,3.1586746695943089e+00
550057,1.4410354660780320e+03,3.1586746695943089e+00
550199,1.4410354660780320e+03,3.1586746695943089e+00
550341,1.4410354660780320e+03,3.1586746695943089e+00
550483,1.4410354660780320e+03,3.1586746695943089e+00
550625,1.4410354660780320e+03,3.1586746695943089e+00
550767,1.4410354660780320e+03,3.1586746695943089e+00
550909,1.4410354660780320e+03,3.1586746695943089e+00
551051,1.4410354660780320e+03,3.1586746695943089e+00
551193,1.4410354660780320e+03,3.1586746695943089e+00
551335,1.4410354660780320e+03,3.1586746695943089e+00
551477,1.4410354660780320e+03,3.1586746695943089e+00
551619,1.4410354660780320e+03,3.1586746695943089e+00
551761,1.4410354660780320e+03,3.1586746695943089e+00
551903,1.4410354660780320e+03,3.1586746695943089e+00
552044,1.4410354660780320e+03,3.1586746695943089e+00
552185,1.4410354660780320e+03,3.1586746695943089e+00
552326,1.4410354660780320e+03,3.1586746695943089e+00
552467,1.4410354660780320e+03,3.1586746695943089e+00
552608,1.4410354660780320e+03,3.1586746695943089e+00
552749,1.4410354660780320e+03,3.1586746695943089e+00
552890,1.4410354660780320e+03,3.1586746695943089e+00
553031,1.4410354660780320e+03,3.1586746695943089e+00
553172,1.4410354660780320e+03,3.1586746695943089e+00
553313,1.4410354660780320e+03,3.1586746695943089e+00
553454,1.4410354660780320e+03,3.1586746695943089e+00
553595,1.4410354660780320e+03,3.1586746695943089e+00
553736,1.4410354660780320e+03,3.1586746695943089e+00
553877,1.4410354660780320e+03,3.1586746695943089e+00
554017,1.4410354660780320e+03,3.1586746695943089e+00
554157,1.4410354660780320e+03,3.1586746695943089e+00
554297,1.4410354660780320e+03,3.1586746695943089e+00
554437,1.4410354660780320e+03,3.1586746695943089e+00
554577,1.4410354660780320e+03,3.1586746695943089e+00
554717,1.4410354660780320e+03,3.1586746695943089e+00
554857,1.4410354660780320e+03,3.1586746695943089e+00
554997,1.4410354660780320e+03,3.1586746695943089e+00
555137,1.4410354660780320e+03,3.1586746695943089e+00
555277,1.4410354660780320e+03,3.1586746695943089e+00
555417,1.4410354660780320e+03,3.1586746695943089e+00
555557,1.4410354660780320e+03,3.1586746695943089e+00
555697,1.4410354660780320e+03,3.1586746695943089e+00
555837,1.4410354660780320e+03,3.1586746695943089e+00
555976,1.4410354660780320e+03,3.1586746695943089e+00
556115,1.4410354660780320e+03,3.1586746695943089e+00
556254,1.4410354660780320e+03,3.1586746695943089e+00
556393,1.4410354660780320e+03,3.1586746695943089e+00
556532,1.4410354660780320e+03,3.1586746695943089e+00
556671,1.4410354660780320e+03,3.1586746695943089e+00
556810,1.4410354660780320e+03,3.1586746695943089e+00
556949,1.4410354660780320e+03,3.1586746695943089e+00
557088,1.4410354660780320e+03,3.1586746695943089e+00
557227,1.4410354660780320e+03,3.1586746695943089e+00
557366,1.4410354660780320e+03,3.1586746695943089e+00
557505,1.4410354660780320e+03,3.1586746695943089e+00
557644,1.4410354660780320e+03,3.1586746695943089e+00
557783,1.4410354660780320e+03,3.1586746695943089e+00
557921,1.4410354660780320e+03,3.1586746695943089e+00
558059,1.4410354660780320e+03,3.1586746695943089e+00
558197,1.4410354660780320e+03,3.1586746695943089e+00
558335,1.4410354660780320e+03,3.1586746695943089e+00
558473,1.4410354660780320e+03,3.1586746695943089e+00
558611,1.4410354660780320e+03,3.1586746695943089e+00
558749,1.4410354660780320e+03,3.1586746695943089e+00
558887,1.4410354660780320e+03,3.1586746695943089e+00
559025,1.4410354660780320e+03,3.1586746695943089e+00
559163,1.4410354660780320e+03,3.1586746695943089e+00
559301,1.4410354660780320e+03,3.1586746695943089e+00
559439,1.4410354660780320e+03,3.1586746695943089e+00
559577,1.4410354660780320e+03,3.1586746695943089e+00
559715,1.4410354660780320e+03,3.1586746695943089e+00
559853,1.4410354660780320e+03,3.1586746695943089e+00
559990,1.4410354660780320e+03,3.1586746695943089e+00
560127,1.4410354660780320e+03,3.1586746695943089e+00
560264,1.4410354660780320e+03,3.1586746695943089e+00
560401,1.4410354660780320e+03,3.1586746695943089e+00
560538,1.4410354660780320e+03,3.1586746695943089e+00
560675,1.4410354660780320e+03,3.1586746695943089e+00
560812,1.4410354660780320e+03,3.1586746695943089e+00
560949,1.4410354660780320e+03,3.1586746695943089e+00
561086,1.4410354660780320e+03,3.1586746695943089e+00
561223,1.4410354660780320e+03,3.1586746695943089e+00
561360,1.4410354660780320e+03,3.1586746695943089e+00
561497,1.4410354660780320e+03,3.1586746695943089e+00
561634,1.4410354660780320e+03,3.1586746695943089e+00
561771,1.4410354660780320e+03,3.1586746695943089e+00
561908,1.4410354660780320e+03,3.1586746695943089e+00
562044,1.4410354660780320e+03,3.1586746695943089e+00
562180,1.4410354660780320e+03,3.1586746695943089e+00
562316,1.4410354660780320e+03,3.1586746695943089e+00
562452,1.4410354660780320e+03,3.1586746695943089e+00
562588,1.4410354660780320e+03,3.1586746695943089e+00
562724,1.4410354660780320e+03,3.1586746695943089e+00
562860,1.4410354660780320e+03,3.1586746695943089e+00
562996,1.4410354660780320e+03,3.1586746695943089e+00
563132,1.4410354660780320e+03,3.1586746695943089e+00
563268,1.4410354660780320e+03,3.1586746695943089e+00
563404,1.4410354660780320e+03,3.1586746695943089e+00
563540,1.4410354660780320e+03,3.1586746695943089e+00
563676,1.4410354660780320e+03,3.1586746695943089e+00
563812,1.4410354660780320e+03,3.1586746695943089e+00
563948,1.4410354660780320e+03,3.1586746695943089e+00
564083,1.4410354660780320e+03,3.1586746695943089e+00
564218,1.4410354660780320e+03,3.1586746695943089e+00
564353,1.4410354660780320e+03,3.1586746695943089e+00
564488,1.4410354660780320e+03,3.1586746695943089e+00
564623,1.4410354660780320e+03,3.1586746695943089e+00
564758,1.4410354660780320e+03,3.1586746695943089e+00
564893,1.4383651909347664e+03,3.1578691644003651e+00
565028,1.4383651909347664e+03,3.1578691644003651e+00
565163,1.4383651909347664e+03,3.1578691644003651e+00
565298,1.4383651909347664e+03,3.1578691644003651e+00
565433,1.4383651909347664e+03,3.1578691644003651e+00
565568,1.4298263291946489e+03,3.1552832900155021e+00
565703,1.4298263291946489e+03,3.1552832900155021e+00
565838,1.4298263291946489e+03,3.1552832900155021e+00
565973,1.4298263291946489e+03,3.1552832900155021e+00
566107,1.4298263291946489e+03,3.1552832900155021e+00
566241,1.4298263291946489e+03,3.1552832900155021e+00
566375,1.4298263291946489e+03,3.1552832900155021e+00
566509,1.4298263291946489e+03,3.1552832900155021e+00
566643,1.4298263291946489e+03,3.1552832900155021e+00
566777,1.4298263291946489e+03,3.1552832900155021e+00
566911,1.4298263291946489e+03,3.1552832900155021e+00
567045,1.4298263291946489e+03,3.1552832900155021e+00
567179,1.4298263291946489e+03,3.1552832900155021e+00
567313,1.4298263291946489e+03,3.1552832900155021e+00
567447,1.4298263291946489e+03,3.1552832900155021e+00
567581,1.4298263291946489e+03,3.1552832900155021e+00
567715,1.4298263291946489e+03,3.1552832900155021e+00
567849,1.4298263291946489e+03,3.1552832900155021e+00
567983,1.4298263291946489e+03,3.1552832900155021e+00
568116,1.4298263291946489e+03,3.1552832900155021e+00
568249,1.4298263291946489e+03,3.1552832900155021e+00
568382,1.4298263291946489e+03,3.1552832900155021e+00
568515,1.4298263291946489e+03,3.1552832900155021e+00
568648,1.4298263291946489e+03,3.1552832900155021e+00
568781,1.4298263291946489e+03,3.1552832900155021e+00
568914,1.4298263291946489e+03,3.1552832900155021e+00
569047,1.4298263291946489e+03,3.1552832900155021e+00
569180,1.4298263291946489e+03,3.1552832900155021e+00
569313,1.4298263291946489e+03,3.1552832900155021e+00
569446,1.4298263291946489e+03,3.1552832900155021e+00
569579,1.4298263291946489e+03,3.1552832900155021e+00
569712,1.4298263291946489e+03,3.1552832900155021e+00
569845,1.4298263291946489e+03,3.1552832900155021e+00
569978,1.4298263291946489e+03,3.1552832900155021e+00
570110,1.4298263291946489e+03,3.1552832900155021e+00
570242,1.4298263291946489e+03,3.1552832900155021e+00
570374,1.4298263291946489e+03,3.1552832900155021e+00
570506,1.4298263291946489e+03,3.1552832900155021e+00
570638,1.4298263291946489e+03,3.1552832900155021e+00
570770,1.4298263291946489e+03,3.1552832900155021e+00
570902,1.4298263291946489e+03,3.1552832900155021e+00
571034,1.4298263291946489e+03,3.1552832900155021e+00
571166,1.4298263291946489e+03,3.1552832900155021e+00
571298,1.4298263291946489e+03,3.1552832900155021e+00
571430,1.4298263291946489e+03,3.1552832900155021e+00
571562,1.4298263291946489e+03,3.1552832900155021e+00
571694,1.4298263291946489e+03,3.1552832900155021e+00
571826,1.4298263291946489e+03,3.1552832900155021e+00
571958,1.4298263291946489e+03,3.1552832900155021e+00
572090,1.4298263291946489e+03,3.1552832900155021e+00
572221,1.4298263291946489e+03,3.1552832900155021e+00
572352,1.4298263291946489e+03,3.1552832900155021e+00
572483,1.4298263291946489e+03,3.1552832900155021e+00
572614,1.4298263291946489e+03,3.1552832900155021e+00
572745,1.4298263291946489e+03,3.1552832900155021e+00
572876,1.4298263291946489e+03,3.1552832900155021e+00
573007,1.4298263291946489e+03,3.1552832900155021e+00
573138,1.4298263291946489e+03,3.1552832900155021e+00
573269,1.4298263291946489e+03,3.1552832900155021e+00
573400,1.4298263291946489e+03,3.1552832900155021e+00
573531,1.4298263291946489e+03,3.1552832900155021e+00
573662,1.4298263291946489e+03,3.1552832900155021e+00
573793,1.4298263291946489e+03,3.1552832900155021e+00
573924,1.4298263291946489e+03,3.1552832900155021e+00
574055,1.4298263291946489e+03,3.1552832900155021e+00
574186,1.4298263291946489e+03,3.1552832900155021e+00
574316,1.4298263291946489e+03,3.1552832900155021e+00
574446,1.4298263291946489e+03,3.1552832900155021e+00
574576,1.4298263291946489e+03,3.1552832900155021e+00
574706,1.4298263291946489e+03,3.1552832900155021e+00
574836,1.4298263291946489e+03,3.1552832900155021e+00
574966,1.4298263291946489e+03,3.1552832900155021e+00
575096,1.4298263291946489e+03,3.1552832900155021e+00
575226,1.4298263291946489e+03,3.1552832900155021e+00
575356,1.4298263291946489e+03,3.1552832900155021e+00
575486,1.4298263291946489e+03,3.1552832900155021e+00
575616,1.4298263291946489e+03,3.1552832900155021e+00
575746,1.4298263291946489e+03,3.1552832900155021e+00
575876,1.4298263291946489e+03,3.1552832900155021e+00
576006,1.4298263291946489e+03,3.1552832900155021e+00
576136,1.4298263291946489e+03,3.1552832900155021e+00
576266,1.4271277645184678e+03,3.1544628553441534e+00
576395,1.4271277645184678e+03,3.1544628553441534e+00
576524,1.4271277645184678e+03,3.1544628553441534e+00
576653,1.4271277645184678e+03,3.1544628553441534e+00
576782,1.4271277645184678e+03,3.1544628553441534e+00
576911,1.4271277645184678e+03,3.1544628553441534e+00
577040,1.4271277645184678e+03,3.1544628553441534e+00
577169,1.4271277645184678e+03,3.1544628553441534e+00
577298,1.4271277645184678e+03,3.1544628553441534e+00
577427,1.4271277645184678e+03,3.1544628553441534e+00
577556,1.4271277645184678e+03,3.1544628553441534e+00
577685,1.4271277645184678e+03,3.1544628553441534e+00
577814,1.4271277645184678e+03,3.1544628553441534e+00
577943,1.4271277645184678e+03,3.1544628553441534e+00
578072,1.4271277645184678e+03,3.1544628553441534e+00
578201,1.4271277645184678e+03,3.1544628553441534e+00
578330,1.4271277645184678e+03,3.1544628553441534e+00
578458,1.4271277645184678e+03,3.1544628553441534e+00
578586,1.4271277645184678e+03,3.1544628553441534e+00
578714,1.4271277645184678e+03,3.1544628553441534e+00
578842,1.4271277645184678e+03,3.1544628553441534e+00
578970,1.4271277645184678e+03,3.1544628553441534e+00
579098,1.4271277645184678e+03,3.1544628553441534e+00
579226,1.4271277645184678e+03,3.1544628553441534e+00
579354,1.4271277645184678e+03,3.1544628553441534e+00
579482,1.4271277645184678e+03,3.1544628553441534e+00
579610,1.4271277645184678e+03,3.1544628553441534e+00
579738,1.4271277645184678e+03,3.1544628553441534e+00
579866,1.4271277645184678e+03,3.1544628553441534e+00
579994,1.4271277645184678e+03,3.1544628553441534e+00
580122,1.4271277645184678e+03,3.1544628553441534e+00
580250,1.4271277645184678e+03,3.1544628553441534e+00
580378,1.4271277645184678e+03,3.1544628553441534e+00
580506,1.4271277645184678e+03,3.1544628553441534e+00
580633,1.4271277645184678e+03,3.1544628553441534e+00
580760,1.4271277645184678e+03,3.1544628553441534e+00
580887,1.4271277645184678e+03,3.1544628553441534e+00
581014,1.4271277645184678e+03,3.1544628553441534e+00
581141,1.4271277645184678e+03,3.1544628553441534e+00
581268,1.4271277645184678e+03,3.1544628553441534e+00
581395,1.4271277645184678e+03,3.1544628553441534e+00
581522,1.4271277645184678e+03,3.1544628553441534e+00
581649,1.4271277645184678e+03,3.1544628553441534e+00
581776,1.4271277645184678e+03,3.1544628553441534e+00
581903,1.4271277645184678e+03,3.1544628553441534e+00
582030,1.4271277645184678e+03,3.1544628553441534e+00
582157,1.4271277645184678e+03,3.1544628553441534e+00
582284,1.4271277645184678e+03,3.1544628553441534e+00
582411,1.4271277645184678e+03,3.1544628553441534e+00
582538,1.4271277645184678e+03,3.1544628553441534e+00
582665,1.4271277645184678e+03,3.1544628553441534e+00
582791,1.4271277645184678e+03,3.1544628553441534e+00
582917,1.4271277645184678e+03,3.1544628553441534e+00
583043,1.4271277645184678e+03,3.1544628553441534e+00
583169,1.4271277645184678e+03,3.1544628553441534e+00
583295,1.4271277645184678e+03,3.1544628553441534e+00
583421,1.4271277645184678e+03,3.1544628553441534e+00
583547,1.4271277645184678e+03,3.1544628553441534e+00
583673,1.4271277645184678e+03,3.1544628553441534e+00
583799,1.4271277645184678e+03,3.1544628553441534e+00
583925,1.4271277645184678e+03,3.1544628553441534e+00
584051,1.4271277645184678e+03,3.1544628553441534e+00
584177,1.4271277645184678e+03,3.1544628553441534e+00
584303,1.4271277645184678e+03,3.1544628553441534e+00
584429,1.4271277645184678e+03,3.1544628553441534e+00
584555,1.4271277645184678e+03,3.1544628553441534e+00
584681,1.4271277645184678e+03,3.1544628553441534e+00
584807,1.4271277645184678e+03,3.1544628553441534e+00
584932,1.4271277645184678e+03,3.1544628553441534e+00
585057,1.4271277645184678e+03,3.1544628553441534e+00
585182,1.4271277645184678e+03,3.1544628553441534e+00
585307,1.4271277645184678e+03,3.1544628553441534e+00
585432,1.4271277645184678e+03,3.1544628553441534e+00
585557,1.4271277645184678e+03,3.1544628553441534e+00
585682,1.4271277645184678e+03,3.1544628553441534e+00
585807,1.4271277645184678e+03,3.1544628553441534e+00
585932,1.4271277645184678e+03,3.1544628553441534e+00
586057,1.4271277645184678e+03,3.1544628553441534e+00
586182,1.4271277645184678e+03,3.1544628553441534e+00
586307,1.4271277645184678e+03,3.1544628553441534e+00
586432,1.4271277645184678e+03,3.1544628553441534e+00
586557,1.4271277645184678e+03,3.1544628553441534e+00
586682,1.4271277645184678e+03,3.1544628553441534e+00
586807,1.4271277645184678e+03,3.1544628553441534e+00
586932,1.4271277645184678e+03,3.1544628553441534e+00
587056,1.4271277645184678e+03,3.1544628553441534e+00
587180,1.4271277645184678e+03,3.1544628553441534e+00
587304,1.4271277645184678e+03,3.1544628553441534e+00
587428,1.4271277645184678e+03,3.1544628553441534e+00
587552,1.4271277645184678e+03,3.1544628553441534e+00
587676,1.4217716001375729e+03,3.1528298349543071e+00
587800,1.4217716001375729e+03,3.1528298349543071e+00
587924,1.4217716001375729e+03,3.1528298349543071e+00
588048,1.4161680536031263e+03,3.1511147931996959e+00
588172,1.4161680536031263e+03,3.1511147931996959e+00
588296,1.4161680536031263e+03,3.1511147931996959e+00
588420,1.4161680536031263e+03,3.1511147931996959e+00
588544,1.4161680536031263e+03,3.1511147931996959e+00
588668,1.4161680536031263e+03,3.1511147931996959e+00
588792,1.4161680536031263e+03,3.1511147931996959e+00
588916,1.4161680536031263e+03,3.1511147931996959e+00
589040,1.4161680536031263e+03,3.1511147931996959e+00
589163,1.4161680536031263e+03,3.1511147931996959e+00
589286,1.4161680536031263e+03,3.1511147931996959e+00
589409,1.4161680536031263e+03,3.1511147931996959e+00
589532,1.4161680536031263e+03,3.1511147931996959e+00
589655,1.4161680536031263e+03,3.1511147931996959e+00
589778,1.4161680536031263e+03,3.1511147931996959e+00
589901,1.4161680536031263e+03,3.1511147931996959e+00
590024,1.4161680536031263e+03,3.1511147931996959e+00
590147,1.4161680536031263e+03,3.1511147931996959e+00
590270,1.4161680536031263e+03,3.1511147931996959e+00
590393,1.4161680536031263e+03,3.1511147931996959e+00
590516,1.4161680536031263e+03,3.1511147931996959e+00
590639,1.4161680536031263e+03,3.1511147931996959e+00
590762,1.4161680536031263e+03,3.1511147931996959e+00
590885,1.4161680536031263e+03,3.1511147931996959e+00
591008,1.4161680536031263e+03,3.1511147931996959e+00
591131,1.4161680536031263e+03,3.1511147931996959e+00
591254,1.4161680536031263e+03,3.1511147931996959e+00
591376,1.4161680536031263e+03,3.1511147931996959e+00
591498,1.4161680536031263e+03,3.1511147931996959e+00
591620,1.4161680536031263e+03,3.1511147931996959e+00
591742,1.4161680536031263e+03,3.1511147931996959e+00
591864,1.4161680536031263e+03,3.1511147931996959e+00
591986,1.4161680536031263e+03,3.1511147931996959e+00
592108,1.4161680536031263e+03,3.1511147931996959e+00
592230,1.4161680536031263e+03,3.1511147931996959e+00
592352,1.4161680536031263e+03,3.1511147931996959e+00
592474,1.4161680536031263e+03,3.1511147931996959e+00
592596,1.4161680536031263e+03,3.1511147931996959e+00
592718,1.4161680536031263e+03,3.1511147931996959e+00
592840,1.4161680536031263e+03,3.1511147931996959e+00
592962,1.4161680536031263e+03,3.1511147931996959e+00
593084,1.4161680536031263e+03,3.1511147931996959e+00
593206,1.4161680536031263e+03,3.1511147931996959e+00
593328,1.4161680536031263e+03,3.1511147931996959e+00
593450,1.4161680536031263e+03,3.1511147931996959e+00
593571,1.4161680536031263e+03,3.1511147931996959e+00
593692,1.4161680536031263e+03,3.1511147931996959e+00
593813,1.4161680536031263e+03,3.1511147931996959e+00
593934,1.4161680536031263e+03,3.1511147931996959e+00
594055,1.4161680536031263e+03,3.1511147931996959e+00
594176,1.4161680536031263e+03,3.1511147931996959e+00
594297,1.4161680536031263e+03,3.1511147931996959e+00
594418,1.4161680536031263e+03,3.1511147931996959e+00
594539,1.4161680536031263e+03,3.1511147931996959e+00
594660,1.4161680536031263e+03,3.1511147931996959e+00
594781,1.4161680536031263e+03,3.1511147931996959e+00
594902,1.4161680536031263e+03,3.1511147931996959e+00
595023,1.4161680536031263e+03,3.1511147931996959e+00
595144,1.4161680536031263e+03,3.1511147931996959e+00
595265,1.4161680536031263e+03,3.1511147931996959e+00
595386,1.4161680536031263e+03,3.1511147931996959e+00
595507,1.4161680536031263e+03,3.1511147931996959e+00
595628,1.4161680536031263e+03,3.1511147931996959e+00
595748,1.4161680536031263e+03,3.1511147931996959e+00
595868,1.4161680536031263e+03,3.1511147931996959e+00
595988,1.4161680536031263e+03,3.1511147931996959e+00
596108,1.4161680536031263e+03,3.1511147931996959e+00
596228,1.4161680536031263e+03,3.1511147931996959e+00
596348,1.4161680536031263e+03,3.1511147931996959e+00
596468,1.4161680536031263e+03,3.1511147931996959e+00
596588,1.4161680536031263e+03,3.1511147931996959e+00
596708,1.4161680536031263e+03,3.1511147931996959e+00
596828,1.4161680536031263e+03,3.1511147931996959e+00
596948,1.4161680536031263e+03,3.1511147931996959e+00
597068,1.4161680536031263e+03,3.1511147931996959e+00
597188,1.4161680536031263e+03,3.1511147931996959e+00
597308,1.4161680536031263e+03,3.1511147931996959e+00
597428,1.4161680536031263e+03,3.1511147931996959e+00
597548,1.4161680536031263e+03,3.1511147931996959e+00
597668,1.4161680536031263e+03,3.1511147931996959e+00
597788,1.4161680536031263e+03,3.1511147931996959e+00
597907,1.4161680536031263e+03,3.1511147931996959e+00
598026,1.4161680536031263e+03,3.1511147931996959e+00
598145,1.4161680536031263e+03,3.1511147931996959e+00
598264,1.4161680536031263e+03,3.1511147931996959e+00
598383,1.4161680536031263e+03,3.1511147931996959e+00
598502,1.4161680536031263e+03,3.1511147931996959e+00
598621,1.4161680536031263e+03,3.1511147931996959e+00
598740,1.4161680536031263e+03,3.1511147931996959e+00
598859,1.4161680536031263e+03,3.1511147931996959e+00
598978,1.4161680536031263e+03,3.1511147931996959e+00
599097,1.4161680536031263e+03,3.1511147931996959e+00
599216,1.4161680536031263e+03,3.1511147931996959e+00
599335,1.4161680536031263e+03,3.1511147931996959e+00
599454,1.4161680536031263e+03,3.1511147931996959e+00
599573,1.4161680536031263e+03,3.1511147931996959e+00
599692,1.4161680536031263e+03,3.1511147931996959e+00
599811,1.4161680536031263e+03,3.1511147931996959e+00
599930,1.4161680536031263e+03,3.1511147931996959e+00
600049,1.4161680536031263e+03,3.1511147931996959e+00
600167,1.4161680536031263e+03,3.1511147931996959e+00
600285,1.4161680536031263e+03,3.1511147931996959e+00
600403,1.4161680536031263e+03,3.1511147931996959e+00
600521,1.4161680536031263e+03,3.1511147931996959e+00
600639,1.4161680536031263e+03,3.1511147931996959e+00
600757,1.4161680536031263e+03,3.1511147931996959e+00
600875,1.4161680536031263e+03,3.1511147931996959e+00
600993,1.4161680536031263e+03,3.1511147931996959e+00
601111,1.4161680536031263e+03,3.1511147931996959e+00
601229,1.4161680536031263e+03,3.1511147931996959e+00
601347,1.4161680536031263e+03,3.1511147931996959e+00
601465,1.4161680536031263e+03,3.1511147931996959e+00
601583,1.4161680536031263e+03,3.1511147931996959e+00
601701,1.4161680536031263e+03,3.1511147931996959e+00
601819,1.4161680536031263e+03,3.1511147931996959e+00
601937,1.4161680536031263e+03,3.1511147931996959e+00
602055,1.4161680536031263e+03,3.1511147931996959e+00
602173,1.4161680536031263e+03,3.1511147931996959e+00
602291,1.4161680536031263e+03,3.1511147931996959e+00
602408,1.4161680536031263e+03,3.1511147931996959e+00
602525,1.4161680536031263e+03,3.1511147931996959e+00
602642,1.4161680536031263e+03,3.1511147931996959e+00
602759,1.4161680536031263e+03,3.1511147931996959e+00
602876,1.4161680536031263e+03,3.1511147931996959e+00
602993,1.4161680536031263e+03,3.1511147931996959e+00
603110,1.4161680536031263e+03,3.1511147931996959e+00
603227,1.4161680536031263e+03,3.1511147931996959e+00
603344,1.4161680536031263e+03,3.1511147931996959e+00
603461,1.4161680536031263e+03,3.1511147931996959e+00
603578,1.4161680536031263e+03,3.1511147931996959e+00
603695,1.4161680536031263e+03,3.1511147931996959e+00
603812,1.4144385934589820e+03,3.1505840977097272e+00
603929,1.4144385934589820e+03,3.1505840977097272e+00
604046,1.4144385934589820e+03,3.1505840977097272e+00
604163,1.4144385934589820e+03,3.1505840977097272e+00
604280,1.4144385934589820e+03,3.1505840977097272e+00
604397,1.4144385934589820e+03,3.1505840977097272e+00
604514,1.4144385934589820e+03,3.1505840977097272e+00
604630,1.4144385934589820e+03,3.1505840977097272e+00
604746,1.4144385934589820e+03,3.1505840977097272e+00
604862,1.4144385934589820e+03,3.1505840977097272e+00
604978,1.4144385934589820e+03,3.1505840977097272e+00
605094,1.4144385934589820e+03,3.1505840977097272e+00
605210,1.4144385934589820e+03,3.1505840977097272e+00
605326,1.4144385934589820e+03,3.1505840977097272e+00
605442,1.4144385934589820e+03,3.1505840977097272e+00
605558,1.4144385934589820e+03,3.1505840977097272e+00
605674,1.4144385934589820e+03,3.1505840977097272e+00
605790,1.4144385934589820e+03,3.1505840977097272e+00
605906,1.4144385934589820e+03,3.1505840977097272e+00
606022,1.4133761956275634e+03,3.1502577725633563e+00
606138,1.4133761956275634e+03,3.1502577725633563e+00
606254,1.4133761956275634e+03,3.1502577725633563e+00
606370,1.4133761956275634e+03,3.1502577725633563e+00
606486,1.4133761956275634e+03,3.1502577725633563e+00
606602,1.4133761956275634e+03,3.1502577725633563e+00
606718,1.4133761956275634e+03,3.1502577725633563e+00
606833,1.4133761956275634e+03,3.1502577725633563e+00
606948,1.4133761956275634e+03,3.1502577725633563e+00
607063,1.4133761956275634e+03,3.1502577725633563e+00
607178,1.4133761956275634e+03,3.1502577725633563e+00
607293,1.4133761956275634e+03,3.1502577725633563e+00
607408,1.4133761956275634e+03,3.1502577725633563e+00
607523,1.4133761956275634e+03,3.1502577725633563e+00
607638,1.4133761956275634e+03,3.1502577725633563e+00
607753,1.4133761956275634e+03,3.1502577725633563e+00
607868,1.4133761956275634e+03,3.1502577725633563e+00
607983,1.4133761956275634e+03,3.1502577725633563e+00
608098,1.4133761956275634e+03,3.1502577725633563e+00
608213,1.4133761956275634e+03,3.1502577725633563e+00
608328,1.4133761956275634e+03,3.1502577725633563e+00
608443,1.4133761956275634e+03,3.1502577725633563e+00
608558,1.4133761956275634e+03,3.1502577725633563e+00
608673,1.4133761956275634e+03,3.1502577725633563e+00
608788,1.4133761956275634e+03,3.1502577725633563e+00
608903,1.4133761956275634e+03,3.1502577725633563e+00
609018,1.4133761956275634e+03,3.1502577725633563e+00
609132,1.4133761956275634e+03,3.1502577725633563e+00
609246,1.4133761956275634e+03,3.1502577725633563e+00
609360,1.4133761956275634e+03,3.1502577725633563e+00
609474,1.4133761956275634e+03,3.1502577725633563e+00
609588,1.4133761956275634e+03,3.1502577725633563e+00
609702,1.4133761956275634e+03,3.1502577725633563e+00
609816,1.4133761956275634e+03,3.1502577725633563e+00
609930,1.4133761956275634e+03,3.1502577725633563e+00
610044,1.4133761956275634e+03,3.1502577725633563e+00
610158,1.4133761956275634e+03,3.1502577725633563e+00
610272,1.4133761956275634e+03,3.1502577725633563e+00
610386,1.4133761956275634e+03,3.1502577725633563e+00
610500,1.4133761956275634e+03,3.1502577725633563e+00
610614,1.4133761956275634e+03,3.1502577725633563e+00
610728,1.4133761956275634e+03,3.1502577725633563e+00
610842,1.4133761956275634e+03,3.1502577725633563e+00
610956,1.4133761956275634e+03,3.1502577725633563e+00
611070,1.4133761956275634e+03,3.1502577725633563e+00
611184,1.4133761956275634e+03,3.1502577725633563e+00
611298,1.4133761956275634e+03,3.1502577725633563e+00
611411,1.4133761956275634e+03,3.1502577725633563e+00
611524,1.4133761956275634e+03,3.1502577725633563e+00
611637,1.4133761956275634e+03,3.1502577725633563e+00
611750,1.4133761956275634e+03,3.1502577725633563e+00
611863,1.4133761956275634e+03,3.1502577725633563e+00
611976,1.4133761956275634e+03,3.1502577725633563e+00
612089,1.4133761956275634e+03,3.1502577725633563e+00
612202,1.4133761956275634e+03,3.1502577725633563e+00
612315,1.4133761956275634e+03,3.1502577725633563e+00
612428,1.4133761956275634e+03,3.1502577725633563e+00
612541,1.4133761956275634e+03,3.1502577725633563e+00
612654,1.4133761956275634e+03,3.1502577725633563e+00
612767,1.4133761956275634e+03,3.1502577725633563e+00
612880,1.4133761956275634e+03,3.1502577725633563e+00
612993,1.4133761956275634e+03,3.1502577725633563e+00
613106,1.4133761956275634e+03,3.1502577725633563e+00
613219,1.4133761956275634e+03,3.1502577725633563e+00
613332,1.4133761956275634e+03,3.1502577725633563e+00
613445,1.4133761956275634e+03,3.1502577725633563e+00
613558,1.4133761956275634e+03,3.1502577725633563e+00
613671,1.4133761956275634e+03,3.1502577725633563e+00
613783,1.4133761956275634e+03,3.1502577725633563e+00
613895,1.4133761956275634e+03,3.1502577725633563e+00
614007,1.4133761956275634e+03,3.1502577725633563e+00
614119,1.4133761956275634e+03,3.1502577725633563e+00
614231,1.4133761956275634e+03,3.1502577725633563e+00
614343,1.4133761956275634e+03,3.1502577725633563e+00
614455,1.4133761956275634e+03,3.1502577725633563e+00
614567,1.4133761956275634e+03,3.1502577725633563e+00
614679,1.4133761956275634e+03,3.1502577725633563e+00
614791,1.4133761956275634e+03,3.1502577725633563e+00
614903,1.4133761956275634e+03,3.1502577725633563e+00
615015,1.4133761956275634e+03,3.1502577725633563e+00
615127,1.4133761956275634e+03,3.1502577725633563e+00
615239,1.4133761956275634e+03,3.1502577725633563e+00
615351,1.4133761956275634e+03,3.1502577725633563e+00
615463,1.4133761956275634e+03,3.1502577725633563e+00
615575,1.4133761956275634e+03,3.1502577725633563e+00
615687,1.4133761956275634e+03,3.1502577725633563e+00
615799,1.4133761956275634e+03,3.1502577725633563e+00
615911,1.4133761956275634e+03,3.1502577725633563e+00
616022,1.4074127225189040e+03,3.1484214725793844e+00
616133,1.4074127225189040e+03,3.1484214725793844e+00
616244,1.4074127225189040e+03,3.1484214725793844e+00
616355,1.4074127225189040e+03,3.1484214725793844e+00
616466,1.4074127225189040e+03,3.1484214725793844e+00
616577,1.4074127225189040e+03,3.1484214725793844e+00
616688,1.4074127225189040e+03,3.1484214725793844e+00
616799,1.4074127225189040e+03,3.1484214725793844e+00
616910,1.4074127225189040e+03,3.1484214725793844e+00
617021,1.4074127225189040e+03,3.1484214725793844e+00
617132,1.4074127225189040e+03,3.1484214725793844e+00
617243,1.4074127225189040e+03,3.1484214725793844e+00
617354,1.4074127225189040e+03,3.1484214725793844e+00
617465,1.4074127225189040e+03,3.1484214725793844e+00
617576,1.4074127225189040e+03,3.1484214725793844e+00
617687,1.4074127225189040e+03,3.1484214725793844e+00
617798,1.4074127225189040e+03,3.1484214725793844e+00
617909,1.4074127225189040e+03,3.1484214725793844e+00
618020,1.4074127225189040e+03,3.1484214725793844e+00
618131,1.4074127225189040e+03,3.1484214725793844e+00
618242,1.4074127225189040e+03,3.1484214725793844e+00
618352,1.4074127225189040e+03,3.1484214725793844e+00
618462,1.4074127225189040e+03,3.1484214725793844e+00
618572,1.4074127225189040e+03,3.1484214725793844e+00
618682,1.4074127225189040e+03,3.1484214725793844e+00
618792,1.4074127225189040e+03,3.1484214725793844e+00
618902,1.4074127225189040e+03,3.1484214725793844e+00
619012,1.4074127225189040e+03,3.1484214725793844e+00
619122,1.4074127225189040e+03,3.1484214725793844e+00
619232,1.4074127225189040e+03,3.1484214725793844e+00
619342,1.4074127225189040e+03,3.1484214725793844e+00
619452,1.4074127225189040e+03,3.1484214725793844e+00
619562,1.4074127225189040e+03,3.1484214725793844e+00
619672,1.4074127225189040e+03,3.1484214725793844e+00
619782,1.4074127225189040e+03,3.1484214725793844e+00
619892,1.4074127225189040e+03,3.1484214725793844e+00
620002,1.4074127225189040e+03,3.1484214725793844e+00
620112,1.4074127225189040e+03,3.1484214725793844e+00
620222,1.4074127225189040e+03,3.1484214725793844e+00
620332,1.4074127225189040e+03,3.1484214725793844e+00
620442,1.4074127225189040e+03,3.1484214725793844e+00
620552,1.4074127225189040e+03,3.1484214725793844e+00
620662,1.4074127225189040e+03,3.1484214725793844e+00
620771,1.4074127225189040e+03,3.1484214725793844e+00
620880,1.4074127225189040e+03,3.1484214725793844e+00
620989,1.4074127225189040e+03,3.1484214725793844e+00
621098,1.4074127225189040e+03,3.1484214725793844e+00
621207,1.4074127225189040e+03,3.1484214725793844e+00
621316,1.4074127225189040e+03,3.1484214725793844e+00
621425,1.4074127225189040e+03,3.1484214725793844e+00
621534,1.4074127225189040e+03,3.1484214725793844e+00
621643,1.4074127225189040e+03,3.1484214725793844e+00
621752,1.4074127225189040e+03,3.1484214725793844e+00
621861,1.4074127225189040e+03,3.1484214725793844e+00
621970,1.4074127225189040e+03,3.1484214725793844e+00
622079,1.4074127225189040e+03,3.1484214725793844e+00
622188,1.4074127225189040e+03,3.1484214725793844e+00
622297,1.4074127225189040e+03,3.1484214725793844e+00
622406,1.4074127225189040e+03,3.1484214725793844e+00
622515,1.4074127225189040e+03,3.1484214725793844e+00
622624,1.4074127225189040e+03,3.1484214725793844e+00
622733,1.4074127225189040e+03,3.1484214725793844e+00
622842,1.4074127225189040e+03,3.1484214725793844e+00
622951,1.4074127225189040e+03,3.1484214725793844e+00
623059,1.4074127225189040e+03,3.1484214725793844e+00
623167,1.4074127225189040e+03,3.1484214725793844e+00
623275,1.4074127225189040e+03,3.1484214725793844e+00
623383,1.4074127225189040e+03,3.1484214725793844e+00
623491,1.4074127225189040e+03,3.1484214725793844e+00
623599,1.4074127225189040e+03,3.1484214725793844e+00
623707,1.4074127225189040e+03,3.1484214725793844e+00
623815,1.4074127225189040e+03,3.1484214725793844e+00
623923,1.4074127225189040e+03,3.1484214725793844e+00
624031,1.4074127225189040e+03,3.1484214725793844e+00
624139,1.4074127225189040e+03,3.1484214725793844e+00
624247,1.4074127225189040e+03,3.1484214725793844e+00
624355,1.4074127225189040e+03,3.1484214725793844e+00
624463,1.4074127225189040e+03,3.1484214725793844e+00
624571,1.4074127225189040e+03,3.1484214725793844e+00
624679,1.4074127225189040e+03,3.1484214725793844e+00
624787,1.4074127225189040e+03,3.1484214725793844e+00
624895,1.4074127225189040e+03,3.1484214725793844e+00
625003,1.4074127225189040e+03,3.1484214725793844e+00
625111,1.4074127225189040e+03,3.1484214725793844e+00
625219,1.4074127225189040e+03,3.1484214725793844e+00
625327,1.4074127225189040e+03,3.1484214725793844e+00
625434,1.4074127225189040e+03,3.1484214725793844e+00
625541,1.4074127225189040e+03,3.1484214725793844e+00
625648,1.4074127225189040e+03,3.1484214725793844e+00
625755,1.4074127225189040e+03,3.1484214725793844e+00
625862,1.4074127225189040e+03,3.1484214725793844e+00
625969,1.4074127225189040e+03,3.1484214725793844e+00
626076,1.4074127225189040e+03,3.1484214725793844e+00
626183,1.4074127225189040e+03,3.1484214725793844e+00
626290,1.4074127225189040e+03,3.1484214725793844e+00
626397,1.4074127225189040e+03,3.1484214725793844e+00
626504,1.4074127225189040e+03,3.1484214725793844e+00
626611,1.4074127225189040e+03,3.1484214725793844e+00
626718,1.4074127225189040e+03,3.1484214725793844e+00
626825,1.4074127225189040e+03,3.1484214725793844e+00
626932,1.4074127225189040e+03,3.1484214725793844e+00
627039,1.4074127225189040e+03,3.1484214725793844e+00
627146,1.4074127225189040e+03,3.1484214725793844e+00
627253,1.4074127225189040e+03,3.1484214725793844e+00
627360,1.4074127225189040e+03,3.1484214725793844e+00
627467,1.4074127225189040e+03,3.1484214725793844e+00
627574,1.4056033351377489e+03,3.1478627789583560e+00
627681,1.4056033351377489e+03,3.1478627789583560e+00
627788,1.4056033351377489e+03,3.1478627789583560e+00
627894,1.4056033351377489e+03,3.1478627789583560e+00
628000,1.4056033351377489e+03,3.1478627789583560e+00
628106,1.4056033351377489e+03,3.1478627789583560e+00
628212,1.4056033351377489e+03,3.1478627789583560e+00
628318,1.4056033351377489e+03,3.1478627789583560e+00
628424,1.4056033351377489e+03,3.1478627789583560e+00
628530,1.4056033351377489e+03,3.1478627789583560e+00
628636,1.4056033351377489e+03,3.1478627789583560e+00
628742,1.4056033351377489e+03,3.1478627789583560e+00
628848,1.4056033351377489e+03,3.1478627789583560e+00
628954,1.4056033351377489e+03,3.1478627789583560e+00
629060,1.4056033351377489e+03,3.1478627789583560e+00
629166,1.4056033351377489e+03,3.1478627789583560e+00
629272,1.3993621169121479e+03,3.1459301126526498e+00
629378,1.3993621169121479e+03,3.1459301126526498e+00
629484,1.3993621169121479e+03,3.1459301126526498e+00
629590,1.3993621169121479e+03,3.1459301126526498e+00
629696,1.3993621169121479e+03,3.1459301126526498e+00
629802,1.3993621169121479e+03,3.1459301126526498e+00
629908,1.3993621169121479e+03,3.1459301126526498e+00
630014,1.3993621169121479e+03,3.1459301126526498e+00
630120,1.3993621169121479e+03,3.1459301126526498e+00
630225,1.3993621169121479e+03,3.1459301126526498e+00
630330,1.3993621169121479e+03,3.1459301126526498e+00
630435,1.3993621169121479e+03,3.1459301126526498e+00
630540,1.3993621169121479e+03,3.1459301126526498e+00
630645,1.3993621169121479e+03,3.1459301126526498e+00
630750,1.3993621169121479e+03,3.1459301126526498e+00
630855,1.3993621169121479e+03,3.1459301126526498e+00
630960,1.3993621169121479e+03,3.1459301126526498e+00
631065,1.3993621169121479e+03,3.1459301126526498e+00
631170,1.3993621169121479e+03,3.1459301126526498e+00
631275,1.3993621169121479e+03,3.1459301126526498e+00
631380,1.3993621169121479e+03,3.1459301126526498e+00
631485,1.3993621169121479e+03,3.1459301126526498e+00
631590,1.3993621169121479e+03,3.1459301126526498e+00
631695,1.3993621169121479e+03,3.1459301126526498e+00
631800,1.3993621169121479e+03,3.1459301126526498e+00
631905,1.3993621169121479e+03,3.1459301126526498e+00
632010,1.3993621169121479e+03,3.1459301126526498e+00
632115,1.3993621169121479e+03,3.1459301126526498e+00
632220,1.3993621169121479e+03,3.1459301126526498e+00
632325,1.3993621169121479e+03,3.1459301126526498e+00
632430,1.3993621169121479e+03,3.1459301126526498e+00
632535,1.3993621169121479e+03,3.1459301126526498e+00
632639,1.3993621169121479e+03,3.1459301126526498e+00
632743,1.3993621169121479e+03,3.1459301126526498e+00
632847,1.3993621169121479e+03,3.1459301126526498e+00
632951,1.3993621169121479e+03,3.1459301126526498e+00
633055,1.3964912592517489e+03,3.1450382217623276e+00
633159,1.3964912592517489e+03,3.1450382217623276e+00
633263,1.3964912592517489e+03,3.1450382217623276e+00
633367,1.3964912592517489e+03,3.1450382217623276e+00
633471,1.3964912592517489e+03,3.1450382217623276e+00
633575,1.3964912592517489e+03,3.1450382217623276e+00
633679,1.3964912592517489e+03,3.1450382217623276e+00
633783,1.3964912592517489e+03,3.1450382217623276e+00
633887,1.3964912592517489e+03,3.1450382217623276e+00
633991,1.3964912592517489e+03,3.1450382217623276e+00
634095,1.3964912592517489e+03,3.1450382217623276e+00
634199,1.3964912592517489e+03,3.1450382217623276e+00
634303,1.3964912592517489e+03,3.1450382217623276e+00
634407,1.3964912592517489e+03,3.1450382217623276e+00
634511,1.3964912592517489e+03,3.1450382217623276e+00
634615,1.3964912592517489e+03,3.1450382217623276e+00
634719,1.3964912592517489e+03,3.1450382217623276e+00
634823,1.3964912592517489e+03,3.1450382217623276e+00
634927,1.3964912592517489e+03,3.1450382217623276e+00
635031,1.3964912592517489e+03,3.1450382217623276e+00
635134,1.3964912592517489e+03,3.1450382217623276e+00
635237,1.3964912592517489e+03,3.1450382217623276e+00
635340,1.3964912592517489e+03,3.1450382217623276e+00
635443,1.3964912592517489e+03,3.1450382217623276e+00
635546,1.3964912592517489e+03,3.1450382217623276e+00
635649,1.3964912592517489e+03,3.1450382217623276e+00
635752,1.3964912592517489e+03,3.1450382217623276e+00
635855,1.3964912592517489e+03,3.1450382217623276e+00
635958,1.3964912592517489e+03,3.1450382217623276e+00
636061,1.3964912592517489e+03,3.1450382217623276e+00
636164,1.3964912592517489e+03,3.1450382217623276e+00
636267,1.3964912592517489e+03,3.1450382217623276e+00
636370,1.3964912592517489e+03,3.1450382217623276e+00
636473,1.3964912592517489e+03,3.1450382217623276e+00
636576,1.3964912592517489e+03,3.1450382217623276e+00
636679,1.3964912592517489e+03,3.1450382217623276e+00
636782,1.3964912592517489e+03,3.1450382217623276e+00
636885,1.3964912592517489e+03,3.1450382217623276e+00
636988,1.3964912592517489e+03,3.1450382217623276e+00
637091,1.3964912592517489e+03,3.1450382217623276e+00
637194,1.3964912592517489e+03,3.1450382217623276e+00
637297,1.3964912592517489e+03,3.1450382217623276e+00
637400,1.3964912592517489e+03,3.1450382217623276e+00
637503,1.3964912592517489e+03,3.1450382217623276e+00
637605,1.3964912592517489e+03,3.1450382217623276e+00
637707,1.3964912592517489e+03,3.1450382217623276e+00
637809,1.3964912592517489e+03,3.1450382217623276e+00
637911,1.3964912592517489e+03,3.1450382217623276e+00
638013,1.3964912592517489e+03,3.1450382217623276e+00
638115,1.3964912592517489e+03,3.1450382217623276e+00
638217,1.3964912592517489e+03,3.1450382217623276e+00
638319,1.3964912592517489e+03,3.1450382217623276e+00
638421,1.3964912592517489e+03,3.1450382217623276e+00
638523,1.3964912592517489e+03,3.1450382217623276e+00
638625,1.3964912592517489e+03,3.1450382217623276e+00
638727,1.3964912592517489e+03,3.1450382217623276e+00
638829,1.3964912592517489e+03,3.1450382217623276e+00
638931,1.3964912592517489e+03,3.1450382217623276e+00
639033,1.3964912592517489e+03,3.1450382217623276e+00
639135,1.3964912592517489e+03,3.1450382217623276e+00
639237,1.3964912592517489e+03,3.1450382217623276e+00
639339,1.3964912592517489e+03,3.1450382217623276e+00
639441,1.3964912592517489e+03,3.1450382217623276e+00
639543,1.3964912592517489e+03,3.1450382217623276e+00
639645,1.3964912592517489e+03,3.1450382217623276e+00
639747,1.3964912592517489e+03,3.1450382217623276e+00
639849,1.3964912592517489e+03,3.1450382217623276e+00
639951,1.3964912592517489e+03,3.1450382217623276e+00
640052,1.3964912592517489e+03,3.1450382217623276e+00
640153,1.3900868033616000e+03,3.1430419204295661e+00
640254,1.3900868033616000e+03,3.1430419204295661e+00
640355,1.3900868033616000e+03,3.1430419204295661e+00
640456,1.3900868033616000e+03,3.1430419204295661e+00
640557,1.3900868033616000e+03,3.1430419204295661e+00
640658,1.3900868033616000e+03,3.1430419204295661e+00
640759,1.3900868033616000e+03,3.1430419204295661e+00
640860,1.3900868033616000e+03,3.1430419204295661e+00
640961,1.3900868033616000e+03,3.1430419204295661e+00
641062,1.3900868033616000e+03,3.1430419204295661e+00
641163,1.3900868033616000e+03,3.1430419204295661e+00
641264,1.3900868033616000e+03,3.1430419204295661e+00
641365,1.3900868033616000e+03,3.1430419204295661e+00
641466,1.3900868033616000e+03,3.1430419204295661e+00
641567,1.3900868033616000e+03,3.1430419204295661e+00
641668,1.3900868033616000e+03,3.1430419204295661e+00
641769,1.3900868033616000e+03,3.1430419204295661e+00
641870,1.3900868033616000e+03,3.1430419204295661e+00
641971,1.3900868033616000e+03,3.1430419204295661e+00
642072,1.3900868033616000e+03,3.1430419204295661e+00
642173,1.3900868033616000e+03,3.1430419204295661e+00
642274,1.3900868033616000e+03,3.1430419204295661e+00
642375,1.3900868033616000e+03,3.1430419204295661e+00
642476,1.3900868033616000e+03,3.1430419204295661e+00
642576,1.3900868033616000e+03,3.1430419204295661e+00
642676,1.3900868033616000e+03,3.1430419204295661e+00
642776,1.3900868033616000e+03,3.1430419204295661e+00
642876,1.3900868033616000e+03,3.1430419204295661e+00
642976,1.3900868033616000e+03,3.1430419204295661e+00
643076,1.3900868033616000e+03,3.1430419204295661e+00
643176,1.3900868033616000e+03,3.1430419204295661e+00
643276,1.3900868033616000e+03,3.1430419204295661e+00
643376,1.3900868033616000e+03,3.1430419204295661e+00
643476,1.3900868033616000e+03,3.1430419204295661e+00
643576,1.3900868033616000e+03,3.1430419204295661e+00
643676,1.3900868033616000e+03,3.1430419204295661e+00
643776,1.3900868033616000e+03,3.1430419204295661e+00
643876,1.3900868033616000e+03,3.1430419204295661e+00
643976,1.3900868033616000e+03,3.1430419204295661e+00
644076,1.3900868033616000e+03,3.1430419204295661e+00
644176,1.3900868033616000e+03,3.1430419204295661e+00
644276,1.3900868033616000e+03,3.1430419204295661e+00
644376,1.3900868033616000e+03,3.1430419204295661e+00
644476,1.3900868033616000e+03,3.1430419204295661e+00
644576,1.3900868033616000e+03,3.1430419204295661e+00
644676,1.3900868033616000e+03,3.1430419204295661e+00
644776,1.3900868033616000e+03,3.1430419204295661e+00
644876,1.3900868033616000e+03,3.1430419204295661e+00
644976,1.3900868033616000e+03,3.1430419204295661e+00
645075,1.3900868033616000e+03,3.1430419204295661e+00
645174,1.3900868033616000e+03,3.1430419204295661e+00
645273,1.3900868033616000e+03,3.1430419204295661e+00
645372,1.3900868033616000e+03,3.1430419204295661e+00
645471,1.3900868033616000e+03,3.1430419204295661e+00
645570,1.3900868033616000e+03,3.1430419204295661e+00
645669,1.3900868033616000e+03,3.1430419204295661e+00
645768,1.3900868033616000e+03,3.1430419204295661e+00
645867,1.3900868033616000e+03,3.1430419204295661e+00
645966,1.3900868033616000e+03,3.1430419204295661e+00
646065,1.3900868033616000e+03,3.1430419204295661e+00
646164,1.3900868033616000e+03,3.1430419204295661e+00
646263,1.3900868033616000e+03,3.1430419204295661e+00
646362,1.3900868033616000e+03,3.1430419204295661e+00
646461,1.3900868033616000e+03,3.1430419204295661e+00
646560,1.3900868033616000e+03,3.1430419204295661e+00
646659,1.3900868033616000e+03,3.1430419204295661e+00
646758,1.3900868033616000e+03,3.1430419204295661e+00
646857,1.3900868033616000e+03,3.1430419204295661e+00
646956,1.3900868033616000e+03,3.1430419204295661e+00
647055,1.3900868033616000e+03,3.1430419204295661e+00
647154,1.3900868033616000e+03,3.1430419204295661e+00
647253,1.3895163642436387e+03,3.1428636658013098e+00
647352,1.3895163642436387e+03,3.1428636658013098e+00
647451,1.3895163642436387e+03,3.1428636658013098e+00
647549,1.3895163642436387e+03,3.1428636658013098e+00
647647,1.3895163642436387e+03,3.1428636658013098e+00
647745,1.3895163642436387e+03,3.1428636658013098e+00
647843,1.3895163642436387e+03,3.1428636658013098e+00
647941,1.3895163642436387e+03,3.1428636658013098e+00
648039,1.3895163642436387e+03,3.1428636658013098e+00
648137,1.3895163642436387e+03,3.1428636658013098e+00
648235,1.3895163642436387e+03,3.1428636658013098e+00
648333,1.3895163642436387e+03,3.1428636658013098e+00
648431,1.3895163642436387e+03,3.1428636658013098e+00
648529,1.3895163642436387e+03,3.1428636658013098e+00
648627,1.3895163642436387e+03,3.1428636658013098e+00
648725,1.3895163642436387e+03,3.1428636658013098e+00
648823,1.3895163642436387e+03,3.1428636658013098e+00
648921,1.3895163642436387e+03,3.1428636658013098e+00
649019,1.3895163642436387e+03,3.1428636658013098e+00
649117,1.3895163642436387e+03,3.1428636658013098e+00
649215,1.3895163642436387e+03,3.1428636658013098e+00
649313,1.3895163642436387e+03,3.1428636658013098e+00
649411,1.3895163642436387e+03,3.1428636658013098e+00
649509,1.3895163642436387e+03,3.1428636658013098e+00
649607,1.3895163642436387e+03,3.1428636658013098e+00
649705,1.3895163642436387e+03,3.1428636658013098e+00
649803,1.3895163642436387e+03,3.1428636658013098e+00
649901,1.3895163642436387e+03,3.1428636658013098e+00
649999,1.3895163642436387e+03,3.1428636658013098e+00
650097,1.3895163642436387e+03,3.1428636658013098e+00
650194,1.3895163642436387e+03,3.1428636658013098e+00
650291,1.3895163642436387e+03,3.1428636658013098e+00
650388,1.3895163642436387e+03,3.1428636658013098e+00
650485,1.3895163642436387e+03,3.1428636658013098e+00
650582,1.3895163642436387e+03,3.1428636658013098e+00
650679,1.3895163642436387e+03,3.1428636658013098e+00
650776,1.3895163642436387e+03,3.1428636658013098e+00
650873,1.3895163642436387e+03,3.1428636658013098e+00
650970,1.3895163642436387e+03,3.1428636658013098e+00
651067,1.3895163642436387e+03,3.1428636658013098e+00
651164,1.3895163642436387e+03,3.1428636658013098e+00
651261,1.3895163642436387e+03,3.1428636658013098e+00
651358,1.3895163642436387e+03,3.1428636658013098e+00
651455,1.3895163642436387e+03,3.1428636658013098e+00
651552,1.3895163642436387e+03,3.1428636658013098e+00
651649,1.3895163642436387e+03,3.1428636658013098e+00
651746,1.3895163642436387e+03,3.1428636658013098e+00
651843,1.3895163642436387e+03,3.1428636658013098e+00
651940,1.3895163642436387e+03,3.1428636658013098e+00
652037,1.3895163642436387e+03,3.1428636658013098e+00
652134,1.3895163642436387e+03,3.1428636658013098e+00
652231,1.3895163642436387e+03,3.1428636658013098e+00
652328,1.3895163642436387e+03,3.1428636658013098e+00
652425,1.3895163642436387e+03,3.1428636658013098e+00
652522,1.3895163642436387e+03,3.1428636658013098e+00
652619,1.3895163642436387e+03,3.1428636658013098e+00
652715,1.3895163642436387e+03,3.1428636658013098e+00
652811,1.3895163642436387e+03,3.1428636658013098e+00
652907,1.3895163642436387e+03,3.1428636658013098e+00
653003,1.3895163642436387e+03,3.1428636658013098e+00
653099,1.3895163642436387e+03,3.1428636658013098e+00
653195,1.3884686020278500e+03,3.1425360633299033e+00
653291,1.3884686020278500e+03,3.1425360633299033e+00
653387,1.3884686020278500e+03,3.1425360633299033e+00
653483,1.3884686020278500e+03,3.1425360633299033e+00
653579,1.3884686020278500e+03,3.1425360633299033e+00
653675,1.3884686020278500e+03,3.1425360633299033e+00
653771,1.3884686020278500e+03,3.1425360633299033e+00
653867,1.3884686020278500e+03,3.1425360633299033e+00
653963,1.3884686020278500e+03,3.1425360633299033e+00
654059,1.3884686020278500e+03,3.1425360633299033e+00
654155,1.3884686020278500e+03,3.1425360633299033e+00
654251,1.3884686020278500e+03,3.1425360633299033e+00
654347,1.3884686020278500e+03,3.1425360633299033e+00
654443,1.3884686020278500e+03,3.1425360633299033e+00
654539,1.3884686020278500e+03,3.1425360633299033e+00
654635,1.3884686020278500e+03,3.1425360633299033e+00
654731,1.3884686020278500e+03,3.1425360633299033e+00
654827,1.3884686020278500e+03,3.1425360633299033e+00
654923,1.3884686020278500e+03,3.1425360633299033e+00
655019,1.3884686020278500e+03,3.1425360633299033e+00
655115,1.3884686020278500e+03,3.1425360633299033e+00
655211,1.3884686020278500e+03,3.1425360633299033e+00
655306,1.3884686020278500e+03,3.1425360633299033e+00
655401,1.3884686020278500e+03,3.1425360633299033e+00
655496,1.3884686020278500e+03,3.1425360633299033e+00
655591,1.3884686020278500e+03,3.1425360633299033e+00
655686,1.3884686020278500e+03,3.1425360633299033e+00
655781,1.3884686020278500e+03,3.1425360633299033e+00
655876,1.3884686020278500e+03,3.1425360633299033e+00
655971,1.3884686020278500e+03,3.1425360633299033e+00
656066,1.3884686020278500e+03,3.1425360633299033e+00
656161,1.3884686020278500e+03,3.1425360633299033e+00
656256,1.3884686020278500e+03,3.1425360633299033e+00
656351,1.3884686020278500e+03,3.1425360633299033e+00
656446,1.3884686020278500e+03,3.1425360633299033e+00
656541,1.3884686020278500e+03,3.1425360633299033e+00
656636,1.3884686020278500e+03,3.1425360633299033e+00
656731,1.3884686020278500e+03,3.1425360633299033e+00
656826,1.3884686020278500e+03,3.1425360633299033e+00
656921,1.3884686020278500e+03,3.1425360633299033e+00
657016,1.3884686020278500e+03,3.1425360633299033e+00
657111,1.3884686020278500e+03,3.1425360633299033e+00
657206,1.3884686020278500e+03,3.1425360633299033e+00
657301,1.3884686020278500e+03,3.1425360633299033e+00
657396,1.3884686020278500e+03,3.1425360633299033e+00
657491,1.3884686020278500e+03,3.1425360633299033e+00
657586,1.3884686020278500e+03,3.1425360633299033e+00
657681,1.3884686020278500e+03,3.1425360633299033e+00
657776,1.3884686020278500e+03,3.1425360633299033e+00
657871,1.3884686020278500e+03,3.1425360633299033e+00
657965,1.3884686020278500e+03,3.1425360633299033e+00
658059,1.3884686020278500e+03,3.1425360633299033e+00
658153,1.3884686020278500e+03,3.1425360633299033e+00
658247,1.3884686020278500e+03,3.1425360633299033e+00
658341,1.3884686020278500e+03,3.1425360633299033e+00
658435,1.3884686020278500e+03,3.1425360633299033e+00
658529,1.3884686020278500e+03,3.1425360633299033e+00
658623,1.3884686020278500e+03,3.1425360633299033e+00
658717,1.3884686020278500e+03,3.1425360633299033e+00
658811,1.3884686020278500e+03,3.1425360633299033e+00
658905,1.3884686020278500e+03,3.1425360633299033e+00
658999,1.3884686020278500e+03,3.1425360633299033e+00
659093,1.3884686020278500e+03,3.1425360633299033e+00
659187,1.3884686020278500e+03,3.1425360633299033e+00
659281,1.3884686020278500e+03,3.1425360633299033e+00
659375,1.3884686020278500e+03,3.1425360633299033e+00
659469,1.3884686020278500e+03,3.1425360633299033e+00
659563,1.3884686020278500e+03,3.1425360633299033e+00
659657,1.3884686020278500e+03,3.1425360633299033e+00
659751,1.3884686020278500e+03,3.1425360633299033e+00
659845,1.3884686020278500e+03,3.1425360633299033e+00
659939,1.3884686020278500e+03,3.1425360633299033e+00
660033,1.3884686020278500e+03,3.1425360633299033e+00
660127,1.3884686020278500e+03,3.1425360633299033e+00
660221,1.3884686020278500e+03,3.1425360633299033e+00
660315,1.3884686020278500e+03,3.1425360633299033e+00
660409,1.3884686020278500e+03,3.1425360633299033e+00
660503,1.3884686020278500e+03,3.1425360633299033e+00
660596,1.3884686020278500e+03,3.1425360633299033e+00
660689,1.3884686020278500e+03,3.1425360633299033e+00
660782,1.3884686020278500e+03,3.1425360633299033e+00
660875,1.3884686020278500e+03,3.1425360633299033e+00
660968,1.3884686020278500e+03,3.1425360633299033e+00
661061,1.3884686020278500e+03,3.1425360633299033e+00
661154,1.3884686020278500e+03,3.1425360633299033e+00
661247,1.3884686020278500e+03,3.1425360633299033e+00
661340,1.3884686020278500e+03,3.1425360633299033e+00
661433,1.3884686020278500e+03,3.1425360633299033e+00
661526,1.3884686020278500e+03,3.1425360633299033e+00
661619,1.3884686020278500e+03,3.1425360633299033e+00
661712,1.3884686020278500e+03,3.1425360633299033e+00
661805,1.3884686020278500e+03,3.1425360633299033e+00
661898,1.3884686020278500e+03,3.1425360633299033e+00
661991,1.3884686020278500e+03,3.1425360633299033e+00
662084,1.3884686020278500e+03,3.1425360633299033e+00
662177,1.3884686020278500e+03,3.1425360633299033e+00
662270,1.3884686020278500e+03,3.1425360633299033e+00
662363,1.3884686020278500e+03,3.1425360633299033e+00
662456,1.3884686020278500e+03,3.1425360633299033e+00
662549,1.3884686020278500e+03,3.1425360633299033e+00
662642,1.3884686020278500e+03,3.1425360633299033e+00
662735,1.3884686020278500e+03,3.1425360633299033e+00
662828,1.3884686020278500e+03,3.1425360633299033e+00
662921,1.3884686020278500e+03,3.1425360633299033e+00
663014,1.3884686020278500e+03,3.1425360633299033e+00
663107,1.3884686020278500e+03,3.1425360633299033e+00
663199,1.3884686020278500e+03,3.1425360633299033e+00
663291,1.3884686020278500e+03,3.1425360633299033e+00
663383,1.3884686020278500e+03,3.1425360633299033e+00
663475,1.3884686020278500e+03,3.1425360633299033e+00
663567,1.3884686020278500e+03,3.1425360633299033e+00
663659,1.3884686020278500e+03,3.1425360633299033e+00
663751,1.3884686020278500e+03,3.1425360633299033e+00
663843,1.3884686020278500e+03,3.1425360633299033e+00
663935,1.3884686020278500e+03,3.1425360633299033e+00
664027,1.3884686020278500e+03,3.1425360633299033e+00
664119,1.3884686020278500e+03,3.1425360633299033e+00
664211,1.3884686020278500e+03,3.1425360633299033e+00
664303,1.3884686020278500e+03,3.1425360633299033e+00
664395,1.3884686020278500e+03,3.1425360633299033e+00
664487,1.3884686020278500e+03,3.1425360633299033e+00
664579,1.3884686020278500e+03,3.1425360633299033e+00
664671,1.3884686020278500e+03,3.1425360633299033e+00
664763,1.3884686020278500e+03,3.1425360633299033e+00
664855,1.3884686020278500e+03,3.1425360633299033e+00
664947,1.3884686020278500e+03,3.1425360633299033e+00
665039,1.3884686020278500e+03,3.1425360633299033e+00
665131,1.3884686020278500e+03,3.1425360633299033e+00
665223,1.3884686020278500e+03,3.1425360633299033e+00
665315,1.3884686020278500e+03,3.1425360633299033e+00
665407,1.3884686020278500e+03,3.1425360633299033e+00
665499,1.3884686020278500e+03,3.1425360633299033e+00
665591,1.3884686020278500e+03,3.1425360633299033e+00
665683,1.3884686020278500e+03,3.1425360633299033e+00
665775,1.3884686020278500e+03,3.1425360633299033e+00
665866,1.3884686020278500e+03,3.1425360633299033e+00
665957,1.3884686020278500e+03,3.1425360633299033e+00
666048,1.3884686020278500e+03,3.1425360633299033e+00
666139,1.3884686020278500e+03,3.1425360633299033e+00
666230,1.3884686020278500e+03,3.1425360633299033e+00
666321,1.3884686020278500e+03,3.1425360633299033e+00
666412,1.3884686020278500e+03,3.1425360633299033e+00
666503,1.3884686020278500e+03,3.1425360633299033e+00
666594,1.3884686020278500e+03,3.1425360633299033e+00
666685,1.3884686020278500e+03,3.1425360633299033e+00
666776,1.3884686020278500e+03,3.1425360633299033e+00
666867,1.3884686020278500e+03,3.1425360633299033e+00
666958,1.3884686020278500e+03,3.1425360633299033e+00
667049,1.3884686020278500e+03,3.1425360633299033e+00
667140,1.3884686020278500e+03,3.1425360633299033e+00
667231,1.3884686020278500e+03,3.1425360633299033e+00
667322,1.3884686020278500e+03,3.1425360633299033e+00
667413,1.3884686020278500e+03,3.1425360633299033e+00
667504,1.3884686020278500e+03,3.1425360633299033e+00
667595,1.3884686020278500e+03,3.1425360633299033e+00
667686,1.3884686020278500e+03,3.1425360633299033e+00
667777,1.3884686020278500e+03,3.1425360633299033e+00
667868,1.3884686020278500e+03,3.1425360633299033e+00
667959,1.3884686020278500e+03,3.1425360633299033e+00
668050,1.3884686020278500e+03,3.1425360633299033e+00
668141,1.3884686020278500e+03,3.1425360633299033e+00
668232,1.3884686020278500e+03,3.1425360633299033e+00
668323,1.3884686020278500e+03,3.1425360633299033e+00
668414,1.3884686020278500e+03,3.1425360633299033e+00
668505,1.3884686020278500e+03,3.1425360633299033e+00
668595,1.3884686020278500e+03,3.1425360633299033e+00
668685,1.3884686020278500e+03,3.1425360633299033e+00
668775,1.3884686020278500e+03,3.1425360633299033e+00
668865,1.3884686020278500e+03,3.1425360633299033e+00
668955,1.3884686020278500e+03,3.1425360633299033e+00
669045,1.3884686020278500e+03,3.1425360633299033e+00
669135,1.3884686020278500e+03,3.1425360633299033e+00
669225,1.3884686020278500e+03,3.1425360633299033e+00
669315,1.3884686020278500e+03,3.1425360633299033e+00
669405,1.3884686020278500e+03,3.1425360633299033e+00
669495,1.3884686020278500e+03,3.1425360633299033e+00
669585,1.3884686020278500e+03,3.1425360633299033e+00
669675,1.3884686020278500e+03,3.1425360633299033e+00
669765,1.3884686020278500e+03,3.1425360633299033e+00
669855,1.3884686020278500e+03,3.1425360633299033e+00
669945,1.3884686020278500e+03,3.1425360633299033e+00
670035,1.3884686020278500e+03,3.1425360633299033e+00
670125,1.3884686020278500e+03,3.1425360633299033e+00
670215,1.3884686020278500e+03,3.1425360633299033e+00
670305,1.3884686020278500e+03,3.1425360633299033e+00
670395,1.3884686020278500e+03,3.1425360633299033e+00
670485,1.3884686020278500e+03,3.1425360633299033e+00
670575,1.3869531716190377e+03,3.1420617980229792e+00
670665,1.3869531716190377e+03,3.1420617980229792e+00
670755,1.3869531716190377e+03,3.1420617980229792e+00
670845,1.3869531716190377e+03,3.1420617980229792e+00
670935,1.3869531716190377e+03,3.1420617980229792e+00
671025,1.3869531716190377e+03,3.1420617980229792e+00
671115,1.3869531716190377e+03,3.1420617980229792e+00
671205,1.3869531716190377e+03,3.1420617980229792e+00
671294,1.3869531716190377e+03,3.1420617980229792e+00
671383,1.3869531716190377e+03,3.1420617980229792e+00
671472,1.3869531716190377e+03,3.1420617980229792e+00
671561,1.3869531716190377e+03,3.1420617980229792e+00
671650,1.3869531716190377e+03,3.1420617980229792e+00
671739,1.3869531716190377e+03,3.1420617980229792e+00
671828,1.3869531716190377e+03,3.1420617980229792e+00
671917,1.3869531716190377e+03,3.1420617980229792e+00
672006,1.3869531716190377e+03,3.1420617980229792e+00
672095,1.3869531716190377e+03,3.1420617980229792e+00
672184,1.3869531716190377e+03,3.1420617980229792e+00
672273,1.3869531716190377e+03,3.1420617980229792e+00
672362,1.3869531716190377e+03,3.1420617980229792e+00
672451,1.3869531716190377e+03,3.1420617980229792e+00
672540,1.3869531716190377e+03,3.1420617980229792e+00
672629,1.3869531716190377e+03,3.1420617980229792e+00
672718,1.3869531716190377e+03,3.1420617980229792e+00
672807,1.3869531716190377e+03,3.1420617980229792e+00
672896,1.3869531716190377e+03,3.1420617980229792e+00
672985,1.3869531716190377e+03,3.1420617980229792e+00
673074,1.3869531716190377e+03,3.1420617980229792e+00
673163,1.3869531716190377e+03,3.1420617980229792e+00
673252,1.3869531716190377e+03,3.1420617980229792e+00
673341,1.3869531716190377e+03,3.1420617980229792e+00
673430,1.3869531716190377e+03,3.1420617980229792e+00
673519,1.3869531716190377e+03,3.1420617980229792e+00
673608,1.3869531716190377e+03,3.1420617980229792e+00
673697,1.3869531716190377e+03,3.1420617980229792e+00
673786,1.3869531716190377e+03,3.1420617980229792e+00
673875,1.3869531716190377e+03,3.1420617980229792e+00
673964,1.3869531716190377e+03,3.1420617980229792e+00
674052,1.3869531716190377e+03,3.1420617980229792e+00
674140,1.3869531716190377e+03,3.1420617980229792e+00
674228,1.3869531716190377e+03,3.1420617980229792e+00
674316,1.3869531716190377e+03,3.1420617980229792e+00
674404,1.3869531716190377e+03,3.1420617980229792e+00
674492,1.3869531716190377e+03,3.1420617980229792e+00
674580,1.3869531716190377e+03,3.1420617980229792e+00
674668,1.3869531716190377e+03,3.1420617980229792e+00
674756,1.3869531716190377e+03,3.1420617980229792e+00
674844,1.3869531716190377e+03,3.1420617980229792e+00
674932,1.3869531716190377e+03,3.1420617980229792e+00
675020,1.3869531716190377e+03,3.1420617980229792e+00
675108,1.3869531716190377e+03,3.1420617980229792e+00
675196,1.3869531716190377e+03,3.1420617980229792e+00
675284,1.3869531716190377e+03,3.1420617980229792e+00
675372,1.3869531716190377e+03,3.1420617980229792e+00
675460,1.3869531716190377e+03,3.1420617980229792e+00
675548,1.3869531716190377e+03,3.1420617980229792e+00
675636,1.3869531716190377e+03,3.1420617980229792e+00
675724,1.3869531716190377e+03,3.1420617980229792e+00
675812,1.3869531716190377e+03,3.1420617980229792e+00
675900,1.3869531716190377e+03,3.1420617980229792e+00
675988,1.3869531716190377e+03,3.1420617980229792e+00
676076,1.3869531716190377e+03,3.1420617980229792e+00
676164,1.3869531716190377e+03,3.1420617980229792e+00
676252,1.3869531716190377e+03,3.1420617980229792e+00
676340,1.3869531716190377e+03,3.1420617980229792e+00
676428,1.3869531716190377e+03,3.1420617980229792e+00
676516,1.3869531716190377e+03,3.1420617980229792e+00
676604,1.3869531716190377e+03,3.1420617980229792e+00
676692,1.3869531716190377e+03,3.1420617980229792e+00
676780,1.3869531716190377e+03,3.1420617980229792e+00
676867,1.3869531716190377e+03,3.1420617980229792e+00
676954,1.3869531716190377e+03,3.1420617980229792e+00
677041,1.3869531716190377e+03,3.1420617980229792e+00
677128,1.3869531716190377e+03,3.1420617980229792e+00
677215,1.3869531716190377e+03,3.1420617980229792e+00
677302,1.3869531716190377e+03,3.1420617980229792e+00
677389,1.3869531716190377e+03,3.1420617980229792e+00
677476,1.3869531716190377e+03,3.1420617980229792e+00
677563,1.3869531716190377e+03,3.1420617980229792e+00
677650,1.3869531716190377e+03,3.1420617980229792e+00
677737,1.3869531716190377e+03,3.1420617980229792e+00
677824,1.3869531716190377e+03,3.1420617980229792e+00
677911,1.3770121430857107e+03,3.1389377700694614e+00
677998,1.3770121430857107e+03,3.1389377700694614e+00
678085,1.3770121430857107e+03,3.1389377700694614e+00
678172,1.3770121430857107e+03,3.1389377700694614e+00
678259,1.3770121430857107e+03,3.1389377700694614e+00
678346,1.3770121430857107e+03,3.1389377700694614e+00
678433,1.3770121430857107e+03,3.1389377700694614e+00
678520,1.3770121430857107e+03,3.1389377700694614e+00
678607,1.3770121430857107e+03,3.1389377700694614e+00
678694,1.3770121430857107e+03,3.1389377700694614e+00
678781,1.3770121430857107e+03,3.1389377700694614e+00
678868,1.3770121430857107e+03,3.1389377700694614e+00
678955,1.3770121430857107e+03,3.1389377700694614e+00
679042,1.3770121430857107e+03,3.1389377700694614e+00
679129,1.3770121430857107e+03,3.1389377700694614e+00
679216,1.3770121430857107e+03,3.1389377700694614e+00
679303,1.3770121430857107e+03,3.1389377700694614e+00
679390,1.3616415567157010e+03,3.1340627974239039e+00
679477,1.3616415567157010e+03,3.1340627974239039e+00
679564,1.3616415567157010e+03,3.1340627974239039e+00
679650,1.3616415567157010e+03,3.1340627974239039e+00
679736,1.3616415567157010e+03,3.1340627974239039e+00
679822,1.3616415567157010e+03,3.1340627974239039e+00
679908,1.3616415567157010e+03,3.1340627974239039e+00
679994,1.3616415567157010e+03,3.1340627974239039e+00
680080,1.3616415567157010e+03,3.1340627974239039e+00
680166,1.3616415567157010e+03,3.1340627974239039e+00
680252,1.3616415567157010e+03,3.1340627974239039e+00
680338,1.3616415567157010e+03,3.1340627974239039e+00
680424,1.3616415567157010e+03,3.1340627974239039e+00
680510,1.3616415567157010e+03,3.1340627974239039e+00
680596,1.3616415567157010e+03,3.1340627974239039e+00
680682,1.3616415567157010e+03,3.1340627974239039e+00
680768,1.3616415567157010e+03,3.1340627974239039e+00
680854,1.3616415567157010e+03,3.1340627974239039e+00
680940,1.3616415567157010e+03,3.1340627974239039e+00
681026,1.3616415567157010e+03,3.1340627974239039e+00
681112,1.3616415567157010e+03,3.1340627974239039e+00
681198,1.3616415567157010e+03,3.1340627974239039e+00
681284,1.3616415567157010e+03,3.1340627974239039e+00
681370,1.3616415567157010e+03,3.1340627974239039e+00
681456,1.3616415567157010e+03,3.1340627974239039e+00
681542,1.3616415567157010e+03,3.1340627974239039e+00
681628,1.3616415567157010e+03,3.1340627974239039e+00
681714,1.3616415567157010e+03,3.1340627974239039e+00
681800,1.3616415567157010e+03,3.1340627974239039e+00
681886,1.3616415567157010e+03,3.1340627974239039e+00
681972,1.3616415567157010e+03,3.1340627974239039e+00
682058,1.3616415567157010e+03,3.1340627974239039e+00
682144,1.3616415567157010e+03,3.1340627974239039e+00
682230,1.3616415567157010e+03,3.1340627974239039e+00
682316,1.3616415567157010e+03,3.1340627974239039e+00
682402,1.3616415567157010e+03,3.1340627974239039e+00
682487,1.3616415567157010e+03,3.1340627974239039e+00
682572,1.3616415567157010e+03,3.1340627974239039e+00
682657,1.3616415567157010e+03,3.1340627974239039e+00
682742,1.3616415567157010e+03,3.1340627974239039e+00
682827,1.3616415567157010e+03,3.1340627974239039e+00
682912,1.3616415567157010e+03,3.1340627974239039e+00
682997,1.3616415567157010e+03,3.1340627974239039e+00
683082,1.3616415567157010e+03,3.1340627974239039e+00
683167,1.3616415567157010e+03,3.1340627974239039e+00
683252,1.3616415567157010e+03,3.1340627974239039e+00
683337,1.3616415567157010e+03,3.1340627974239039e+00
683422,1.3616415567157010e+03,3.1340627974239039e+00
683507,1.3616415567157010e+03,3.1340627974239039e+00
683592,1.3616415567157010e+03,3.1340627974239039e+00
683677,1.3616415567157010e+03,3.1340627974239039e+00
683762,1.3616415567157010e+03,3.1340627974239039e+00
683847,1.3616415567157010e+03,3.1340627974239039e+00
683932,1.3616415567157010e+03,3.1340627974239039e+00
684017,1.3616415567157010e+03,3.1340627974239039e+00
684102,1.3616415567157010e+03,3.1340627974239039e+00
684187,1.3616415567157010e+03,3.1340627974239039e+00
684272,1.3616415567157010e+03,3.1340627974239039e+00
684357,1.3616415567157010e+03,3.1340627974239039e+00
684442,1.3616415567157010e+03,3.1340627974239039e+00
684527,1.3616415567157010e+03,3.1340627974239039e+00
684612,1.3616415567157010e+03,3.1340627974239039e+00
684697,1.3616415567157010e+03,3.1340627974239039e+00
684782,1.3616415567157010e+03,3.1340627974239039e+00
684867,1.3616415567157010e+03,3.1340627974239039e+00
684952,1.3616415567157010e+03,3.1340627974239039e+00
685037,1.3616415567157010e+03,3.1340627974239039e+00
685122,1.3616415567157010e+03,3.1340627974239039e+00
685207,1.3616415567157010e+03,3.1340627974239039e+00
685292,1.3616415567157010e+03,3.1340627974239039e+00
685376,1.3616415567157010e+03,3.1340627974239039e+00
685460,1.3616415567157010e+03,3.1340627974239039e+00
685544,1.3616415567157010e+03,3.1340627974239039e+00
685628,1.3616415567157010e+03,3.1340627974239039e+00
685712,1.3616415567157010e+03,3.1340627974239039e+00
685796,1.3616415567157010e+03,3.1340627974239039e+00
685880,1.3616415567157010e+03,3.1340627974239039e+00
685964,1.3616415567157010e+03,3.1340627974239039e+00
686048,1.3616415567157010e+03,3.1340627974239039e+00
686132,1.3616415567157010e+03,3.1340627974239039e+00
686216,1.3616415567157010e+03,3.1340627974239039e+00
686300,1.3616415567157010e+03,3.1340627974239039e+00
686384,1.3616415567157010e+03,3.1340627974239039e+00
686468,1.3616415567157010e+03,3.1340627974239039e+00
686552,1.3616415567157010e+03,3.1340627974239039e+00
686636,1.3616415567157010e+03,3.1340627974239039e+00
686720,1.3616415567157010e+03,3.1340627974239039e+00
686804,1.3616415567157010e+03,3.1340627974239039e+00
686888,1.3616415567157010e+03,3.1340627974239039e+00
686972,1.3616415567157010e+03,3.1340627974239039e+00
687056,1.3616415567157010e+03,3.1340627974239039e+00
687140,1.3616415567157010e+03,3.1340627974239039e+00
687224,1.3616415567157010e+03,3.1340627974239039e+00
687308,1.3616415567157010e+03,3.1340627974239039e+00
687392,1.3616415567157010e+03,3.1340627974239039e+00
687476,1.3616415567157010e+03,3.1340627974239039e+00
687560,1.3616415567157010e+03,3.1340627974239039e+00
687644,1.3616415567157010e+03,3.1340627974239039e+00
687728,1.3616415567157010e+03,3.1340627974239039e+00
687812,1.3616415567157010e+03,3.1340627974239039e+00
687896,1.3616415567157010e+03,3.1340627974239039e+00
687980,1.3616415567157010e+03,3.1340627974239039e+00
688064,1.3616415567157010e+03,3.1340627974239039e+00
688148,1.3616415567157010e+03,3.1340627974239039e+00
688231,1.3616415567157010e+03,3.1340627974239039e+00
688314,1.3616415567157010e+03,3.1340627974239039e+00
688397,1.3616415567157010e+03,3.1340627974239039e+00
688480,1.3616415567157010e+03,3.1340627974239039e+00
688563,1.3616415567157010e+03,3.1340627974239039e+00
688646,1.3616415567157010e+03,3.1340627974239039e+00
688729,1.3616415567157010e+03,3.1340627974239039e+00
688812,1.3616415567157010e+03,3.1340627974239039e+00
688895,1.3616415567157010e+03,3.1340627974239039e+00
688978,1.3616415567157010e+03,3.1340627974239039e+00
689061,1.3616415567157010e+03,3.1340627974239039e+00
689144,1.3616415567157010e+03,3.1340627974239039e+00
689227,1.3616415567157010e+03,3.1340627974239039e+00
689310,1.3616415567157010e+03,3.1340627974239039e+00
689393,1.3616415567157010e+03,3.1340627974239039e+00
689476,1.3616415567157010e+03,3.1340627974239039e+00
689559,1.3616415567157010e+03,3.1340627974239039e+00
689642,1.3616415567157010e+03,3.1340627974239039e+00
689725,1.3616415567157010e+03,3.1340627974239039e+00
689808,1.3616415567157010e+03,3.1340627974239039e+00
689891,1.3616415567157010e+03,3.1340627974239039e+00
689974,1.3616415567157010e+03,3.1340627974239039e+00
690057,1.3616415567157010e+03,3.1340627974239039e+00
690140,1.3616415567157010e+03,3.1340627974239039e+00
690223,1.3616415567157010e+03,3.1340627974239039e+00
690306,1.3616415567157010e+03,3.1340627974239039e+00
690389,1.3616415567157010e+03,3.1340627974239039e+00
690472,1.3616415567157010e+03,3.1340627974239039e+00
690555,1.3616415567157010e+03,3.1340627974239039e+00
690638,1.3616415567157010e+03,3.1340627974239039e+00
690721,1.3616415567157010e+03,3.1340627974239039e+00
690804,1.3616415567157010e+03,3.1340627974239039e+00
690887,1.3616415567157010e+03,3.1340627974239039e+00
690970,1.3616415567157010e+03,3.1340627974239039e+00
691053,1.3616415567157010e+03,3.1340627974239039e+00
691135,1.3616415567157010e+03,3.1340627974239039e+00
691217,1.3616415567157010e+03,3.1340627974239039e+00
691299,1.3616415567157010e+03,3.1340627974239039e+00
691381,1.3616415567157010e+03,3.1340627974239039e+00
691463,1.3616415567157010e+03,3.1340627974239039e+00
691545,1.3616415567157010e+03,3.1340627974239039e+00
691627,1.3616415567157010e+03,3.1340627974239039e+00
691709,1.3616415567157010e+03,3.1340627974239039e+00
691791,1.3616415567157010e+03,3.1340627974239039e+00
691873,1.3616415567157010e+03,3.1340627974239039e+00
691955,1.3616415567157010e+03,3.1340627974239039e+00
692037,1.3616415567157010e+03,3.1340627974239039e+00
692119,1.3616415567157010e+03,3.1340627974239039e+00
692201,1.3616415567157010e+03,3.1340627974239039e+00
692283,1.3616415567157010e+03,3.1340627974239039e+00
692365,1.3616415567157010e+03,3.1340627974239039e+00
692447,1.3616415567157010e+03,3.1340627974239039e+00
692529,1.3616415567157010e+03,3.1340627974239039e+00
692611,1.3616415567157010e+03,3.1340627974239039e+00
692693,1.3616415567157010e+03,3.1340627974239039e+00
692775,1.3616415567157010e+03,3.1340627974239039e+00
692857,1.3616415567157010e+03,3.1340627974239039e+00
692939,1.3616415567157010e+03,3.1340627974239039e+00
693021,1.3616415567157010e+03,3.1340627974239039e+00
693103,1.3616415567157010e+03,3.1340627974239039e+00
693185,1.3616415567157010e+03,3.1340627974239039e+00
693267,1.3616415567157010e+03,3.1340627974239039e+00
693349,1.3616415567157010e+03,3.1340627974239039e+00
693431,1.3616415567157010e+03,3.1340627974239039e+00
693513,1.3616415567157010e+03,3.1340627974239039e+00
693595,1.3616415567157010e+03,3.1340627974239039e+00
693677,1.3616415567157010e+03,3.1340627974239039e+00
693759,1.3616415567157010e+03,3.1340627974239039e+00
693841,1.3616415567157010e+03,3.1340627974239039e+00
693923,1.3616415567157010e+03,3.1340627974239039e+00
694005,1.3616415567157010e+03,3.1340627974239039e+00
694086,1.3616415567157010e+03,3.1340627974239039e+00
694167,1.3616415567157010e+03,3.1340627974239039e+00
694248,1.3616415567157010e+03,3.1340627974239039e+00
694329,1.3616415567157010e+03,3.1340627974239039e+00
694410,1.3616415567157010e+03,3.1340627974239039e+00
694491,1.3616415567157010e+03,3.1340627974239039e+00
694572,1.3616415567157010e+03,3.1340627974239039e+00
694653,1.3616415567157010e+03,3.1340627974239039e+00
694734,1.3616415567157010e+03,3.1340627974239039e+00
694815,1.3616415567157010e+03,3.1340627974239039e+00
694896,1.3616415567157010e+03,3.1340627974239039e+00
694977,1.3616415567157010e+03,3.1340627974239039e+00
695058,1.3616415567157010e+03,3.1340627974239039e+00
695139,1.3616415567157010e+03,3.1340627974239039e+00
695220,1.3616415567157010e+03,3.1340627974239039e+00
695301,1.3616415567157010e+03,3.1340627974239039e+00
695382,1.3616415567157010e+03,3.1340627974239039e+00
695463,1.3616415567157010e+03,3.1340627974239039e+00
695544,1.3616415567157010e+03,3.1340627974239039e+00
695625,1.3616415567157010e+03,3.1340627974239039e+00
695706,1.3616415567157010e+03,3.1340627974239039e+00
695787,1.3616415567157010e+03,3.1340627974239039e+00
695868,1.3616415567157010e+03,3.1340627974239039e+00
695949,1.3616415567157010e+03,3.1340627974239039e+00
696030,1.3616415567157010e+03,3.1340627974239039e+00
696111,1.3616415567157010e+03,3.1340627974239039e+00
696192,1.3616415567157010e+03,3.1340627974239039e+00
696273,1.3616415567157010e+03,3.1340627974239039e+00
696354,1.3616415567157010e+03,3.1340627974239039e+00
696435,1.3616415567157010e+03,3.1340627974239039e+00
696516,1.3616415567157010e+03,3.1340627974239039e+00
696597,1.3616415567157010e+03,3.1340627974239039e+00
696678,1.3616415567157010e+03,3.1340627974239039e+00
696759,1.3616415567157010e+03,3.1340627974239039e+00
696840,1.3616415567157010e+03,3.1340627974239039e+00
696921,1.3616415567157010e+03,3.1340627974239039e+00
697002,1.3616415567157010e+03,3.1340627974239039e+00
697082,1.3616415567157010e+03,3.1340627974239039e+00
697162,1.3616415567157010e+03,3.1340627974239039e+00
697242,1.3616415567157010e+03,3.1340627974239039e+00
697322,1.3616415567157010e+03,3.1340627974239039e+00
697402,1.3616415567157010e+03,3.1340627974239039e+00
697482,1.3616415567157010e+03,3.1340627974239039e+00
697562,1.3616415567157010e+03,3.1340627974239039e+00
697642,1.3616415567157010e+03,3.1340627974239039e+00
697722,1.3616415567157010e+03,3.1340627974239039e+00
697802,1.3616415567157010e+03,3.1340627974239039e+00
697882,1.3616415567157010e+03,3.1340627974239039e+00
697962,1.3616415567157010e+03,3.1340627974239039e+00
698042,1.3616415567157010e+03,3.1340627974239039e+00
698122,1.3616415567157010e+03,3.1340627974239039e+00
698202,1.3616415567157010e+03,3.1340627974239039e+00
698282,1.3616415567157010e+03,3.1340627974239039e+00
698362,1.3616415567157010e+03,3.1340627974239039e+00
698442,1.3616415567157010e+03,3.1340627974239039e+00
698522,1.3616415567157010e+03,3.1340627974239039e+00
698602,1.3616415567157010e+03,3.1340627974239039e+00
698682,1.3616415567157010e+03,3.1340627974239039e+00
698762,1.3616415567157010e+03,3.1340627974239039e+00
698842,1.3616415567157010e+03,3.1340627974239039e+00
698922,1.3616415567157010e+03,3.1340627974239039e+00
699002,1.3616415567157010e+03,3.1340627974239039e+00
699082,1.3616415567157010e+03,3.1340627974239039e+00
699162,1.3616415567157010e+03,3.1340627974239039e+00
699242,1.3616415567157010e+03,3.1340627974239039e+00
699322,1.3616415567157010e+03,3.1340627974239039e+00
699402,1.3616415567157010e+03,3.1340627974239039e+00
699482,1.3616415567157010e+03,3.1340627974239039e+00
699562,1.3616415567157010e+03,3.1340627974239039e+00
699642,1.3616415567157010e+03,3.1340627974239039e+00
699722,1.3616415567157010e+03,3.1340627974239039e+00
699802,1.3616415567157010e+03,3.1340627974239039e+00
699882,1.3616415567157010e+03,3.1340627974239039e+00
699962,1.3616415567157010e+03,3.1340627974239039e+00
700042,1.3616415567157010e+03,3.1340627974239039e+00
700115,1.3616415567157010e+03,3.1340627974239039e+00
700188,1.3616415567157010e+03,3.1340627974239039e+00
700261,1.3616415567157010e+03,3.1340627974239039e+00
700334,1.3616415567157010e+03,3.1340627974239039e+00
700407,1.3616415567157010e+03,3.1340627974239039e+00
700480,1.3616415567157010e+03,3.1340627974239039e+00
700553,1.3616415567157010e+03,3.1340627974239039e+00
700626,1.3616415567157010e+03,3.1340627974239039e+00
700699,1.3616415567157010e+03,3.1340627974239039e+00
700772,1.3616415567157010e+03,3.1340627974239039e+00
700845,1.3616415567157010e+03,3.1340627974239039e+00
700918,1.3616415567157010e+03,3.1340627974239039e+00
700991,1.3616415567157010e+03,3.1340627974239039e+00
701064,1.3616415567157010e+03,3.1340627974239039e+00
701137,1.3616415567157010e+03,3.1340627974239039e+00
701210,1.3616415567157010e+03,3.1340627974239039e+00
701283,1.3616415567157010e+03,3.1340627974239039e+00
701356,1.3616415567157010e+03,3.1340627974239039e+00
701429,1.3616415567157010e+03,3.1340627974239039e+00
701502,1.3616415567157010e+03,3.1340627974239039e+00
701575,1.3616415567157010e+03,3.1340627974239039e+00
701648,1.3616415567157010e+03,3.1340627974239039e+00
701721,1.3616415567157010e+03,3.1340627974239039e+00
701794,1.3616415567157010e+03,3.1340627974239039e+00
701867,1.3616415567157010e+03,3.1340627974239039e+00
701940,1.3616415567157010e+03,3.1340627974239039e+00
702013,1.3616415567157010e+03,3.1340627974239039e+00
702086,1.3616415567157010e+03,3.1340627974239039e+00
702159,1.3616415567157010e+03,3.1340627974239039e+00
702231,1.3616415567157010e+03,3.1340627974239039e+00
702303,1.3616415567157010e+03,3.1340627974239039e+00
702375,1.3616415567157010e+03,3.1340627974239039e+00
702447,1.3616415567157010e+03,3.1340627974239039e+00
702519,1.3616415567157010e+03,3.1340627974239039e+00
702591,1.3616415567157010e+03,3.1340627974239039e+00
702663,1.3616415567157010e+03,3.1340627974239039e+00
702735,1.3616415567157010e+03,3.1340627974239039e+00
702807,1.3616415567157010e+03,3.1340627974239039e+00
702879,1.3616415567157010e+03,3.1340627974239039e+00
702951,1.3616415567157010e+03,3.1340627974239039e+00
703023,1.3616415567157010e+03,3.1340627974239039e+00
703095,1.3616415567157010e+03,3.1340627974239039e+00
703167,1.3616415567157010e+03,3.1340627974239039e+00
703239,1.3616415567157010e+03,3.1340627974239039e+00
703311,1.3616415567157010e+03,3.1340627974239039e+00
703383,1.3616415567157010e+03,3.1340627974239039e+00
703455,1.3616415567157010e+03,3.1340627974239039e+00
703527,1.3616415567157010e+03,3.1340627974239039e+00
703599,1.3616415567157010e+03,3.1340627974239039e+00
703671,1.3616415567157010e+03,3.1340627974239039e+00
703743,1.3616415567157010e+03,3.1340627974239039e+00
703815,1.3616415567157010e+03,3.1340627974239039e+00
703887,1.3616415567157010e+03,3.1340627974239039e+00
703959,1.3616415567157010e+03,3.1340627974239039e+00
704031,1.3616415567157010e+03,3.1340627974239039e+00
704103,1.3616415567157010e+03,3.1340627974239039e+00
704175,1.3616415567157010e+03,3.1340627974239039e+00
704247,1.3616415567157010e+03,3.1340627974239039e+00
704319,1.3616415567157010e+03,3.1340627974239039e+00
704391,1.3616415567157010e+03,3.1340627974239039e+00
704463,1.3616415567157010e+03,3.1340627974239039e+00
704535,1.3616415567157010e+03,3.1340627974239039e+00
704607,1.3616415567157010e+03,3.1340627974239039e+00
704679,1.3616415567157010e+03,3.1340627974239039e+00
704751,1.3616415567157010e+03,3.1340627974239039e+00
704823,1.3616415567157010e+03,3.1340627974239039e+00
704895,1.3616415567157010e+03,3.1340627974239039e+00
704967,1.3616415567157010e+03,3.1340627974239039e+00
705039,1.3616415567157010e+03,3.1340627974239039e+00
705111,1.3616415567157010e+03,3.1340627974239039e+00
705183,1.3616415567157010e+03,3.1340627974239039e+00
705254,1.3616415567157010e+03,3.1340627974239039e+00
705325,1.3616415567157010e+03,3.1340627974239039e+00
705396,1.3616415567157010e+03,3.1340627974239039e+00
705467,1.3616415567157010e+03,3.1340627974239039e+00
705538,1.3616415567157010e+03,3.1340627974239039e+00
705609,1.3616415567157010e+03,3.1340627974239039e+00
705680,1.3616415567157010e+03,3.1340627974239039e+00
705751,1.3616415567157010e+03,3.1340627974239039e+00
705822,1.3616415567157010e+03,3.1340627974239039e+00
705893,1.3616415567157010e+03,3.1340627974239039e+00
705964,1.3616415567157010e+03,3.1340627974239039e+00
706035,1.3616415567157010e+03,3.1340627974239039e+00
706106,1.3616415567157010e+03,3.1340627974239039e+00
706177,1.3616415567157010e+03,3.1340627974239039e+00
706248,1.3616415567157010e+03,3.1340627974239039e+00
706319,1.3616415567157010e+03,3.1340627974239039e+00
706390,1.3616415567157010e+03,3.1340627974239039e+00
706461,1.3616415567157010e+03,3.1340627974239039e+00
706532,1.3616415567157010e+03,3.1340627974239039e+00
706603,1.3616415567157010e+03,3.1340627974239039e+00
706674,1.3616415567157010e+03,3.1340627974239039e+00
706745,1.3616415567157010e+03,3.1340627974239039e+00
706816,1.3616415567157010e+03,3.1340627974239039e+00
706887,1.3616415567157010e+03,3.1340627974239039e+00
706958,1.3616415567157010e+03,3.1340627974239039e+00
707029,1.3616415567157010e+03,3.1340627974239039e+00
707100,1.3616415567157010e+03,3.1340627974239039e+00
707171,1.3616415567157010e+03,3.1340627974239039e+00
707242,1.3616415567157010e+03,3.1340627974239039e+00
707313,1.3616415567157010e+03,3.1340627974239039e+00
707384,1.3616415567157010e+03,3.1340627974239039e+00
707455,1.3616415567157010e+03,3.1340627974239039e+00
707526,1.3616415567157010e+03,3.1340627974239039e+00
707597,1.3616415567157010e+03,3.1340627974239039e+00
707668,1.3616415567157010e+03,3.1340627974239039e+00
707739,1.3616415567157010e+03,3.1340627974239039e+00
707810,1.3616415567157010e+03,3.1340627974239039e+00
707881,1.3616415567157010e+03,3.1340627974239039e+00
707952,1.3616415567157010e+03,3.1340627974239039e+00
708023,1.3616415567157010e+03,3.1340627974239039e+00
708094,1.3616415567157010e+03,3.1340627974239039e+00
708165,1.3616415567157010e+03,3.1340627974239039e+00
708236,1.3616415567157010e+03,3.1340627974239039e+00
708306,1.3616415567157010e+03,3.1340627974239039e+00
708376,1.3616415567157010e+03,3.1340627974239039e+00
708446,1.3616415567157010e+03,3.1340627974239039e+00
708516,1.3616415567157010e+03,3.1340627974239039e+00
708586,1.3616415567157010e+03,3.1340627974239039e+00
708656,1.3616415567157010e+03,3.1340627974239039e+00
708726,1.3616415567157010e+03,3.1340627974239039e+00
708796,1.3616415567157010e+03,3.1340627974239039e+00
708866,1.3616415567157010e+03,3.1340627974239039e+00
708936,1.3616415567157010e+03,3.1340627974239039e+00
709006,1.3616415567157010e+03,3.1340627974239039e+00
709076,1.3616415567157010e+03,3.1340627974239039e+00
709146,1.3616415567157010e+03,3.1340627974239039e+00
709216,1.3616415567157010e+03,3.1340627974239039e+00
709286,1.3616415567157010e+03,3.1340627974239039e+00
709356,1.3616415567157010e+03,3.1340627974239039e+00
709426,1.3616415567157010e+03,3.1340627974239039e+00
709496,1.3616415567157010e+03,3.1340627974239039e+00
709566,1.3616415567157010e+03,3.1340627974239039e+00
709636,1.3616415567157010e+03,3.1340627974239039e+00
709706,1.3616415567157010e+03,3.1340627974239039e+00
709776,1.3616415567157010e+03,3.1340627974239039e+00
709846,1.3616415567157010e+03,3.1340627974239039e+00
709916,1.3616415567157010e+03,3.1340627974239039e+00
709986,1.3616415567157010e+03,3.1340627974239039e+00
710056,1.3616415567157010e+03,3.1340627974239039e+00
710126,1.3616415567157010e+03,3.1340627974239039e+00
710196,1.3616415567157010e+03,3.1340627974239039e+00
710266,1.3616415567157010e+03,3.1340627974239039e+00
710336,1.3616415567157010e+03,3.1340627974239039e+00
710406,1.3616415567157010e+03,3.1340627974239039e+00
710476,1.3616415567157010e+03,3.1340627974239039e+00
710546,1.3616415567157010e+03,3.1340627974239039e+00
710616,1.3616415567157010e+03,3.1340627974239039e+00
710686,1.3616415567157010e+03,3.1340627974239039e+00
710756,1.3616415567157010e+03,3.1340627974239039e+00
710826,1.3616415567157010e+03,3.1340627974239039e+00
710896,1.3616415567157010e+03,3.1340627974239039e+00
710966,1.3616415567157010e+03,3.1340627974239039e+00
711036,1.3616415567157010e+03,3.1340627974239039e+00
711106,1.3616415567157010e+03,3.1340627974239039e+00
711176,1.3616415567157010e+03,3.1340627974239039e+00
711246,1.3616415567157010e+03,3.1340627974239039e+00
711316,1.3616415567157010e+03,3.1340627974239039e+00
711385,1.3616415567157010e+03,3.1340627974239039e+00
711454,1.3616415567157010e+03,3.1340627974239039e+00
711523,1.3616415567157010e+03,3.1340627974239039e+00
711592,1.3616415567157010e+03,3.1340627974239039e+00
711661,1.3616415567157010e+03,3.1340627974239039e+00
711730,1.3616415567157010e+03,3.1340627974239039e+00
711799,1.3616415567157010e+03,3.1340627974239039e+00
711868,1.3616415567157010e+03,3.1340627974239039e+00
711937,1.3616415567157010e+03,3.1340627974239039e+00
712006,1.3616415567157010e+03,3.1340627974239039e+00
712075,1.3616415567157010e+03,3.1340627974239039e+00
712144,1.3616415567157010e+03,3.1340627974239039e+00
712213,1.3616415567157010e+03,3.1340627974239039e+00
712282,1.3616415567157010e+03,3.1340627974239039e+00
712351,1.3616415567157010e+03,3.1340627974239039e+00
712420,1.3616415567157010e+03,3.1340627974239039e+00
712489,1.3616415567157010e+03,3.1340627974239039e+00
712558,1.3616415567157010e+03,3.1340627974239039e+00
712627,1.3616415567157010e+03,3.1340627974239039e+00
712696,1.3616415567157010e+03,3.1340627974239039e+00
712765,1.3616415567157010e+03,3.1340627974239039e+00
712834,1.3616415567157010e+03,3.1340627974239039e+00
712903,1.3616415567157010e+03,3.1340627974239039e+00
712972,1.3616415567157010e+03,3.1340627974239039e+00
713041,1.3616415567157010e+03,3.1340627974239039e+00
713110,1.3616415567157010e+03,3.1340627974239039e+00
713179,1.3592501903689526e+03,3.1332994024986003e+00
713248,1.3592501903689526e+03,3.1332994024986003e+00
713317,1.3592501903689526e+03,3.1332994024986003e+00
713386,1.3592501903689526e+03,3.1332994024986003e+00
713455,1.3592501903689526e+03,3.1332994024986003e+00
713524,1.3592501903689526e+03,3.1332994024986003e+00
713593,1.3592501903689526e+03,3.1332994024986003e+00
713662,1.3592501903689526e+03,3.1332994024986003e+00
713731,1.3592501903689526e+03,3.1332994024986003e+00
713800,1.3592501903689526e+03,3.1332994024986003e+00
713869,1.3592501903689526e+03,3.1332994024986003e+00
713938,1.3592501903689526e+03,3.1332994024986003e+00
714007,1.3592501903689526e+03,3.1332994024986003e+00
714076,1.3592501903689526e+03,3.1332994024986003e+00
714145,1.3592501903689526e+03,3.1332994024986003e+00
714214,1.3592501903689526e+03,3.1332994024986003e+00
714283,1.3592501903689526e+03,3.1332994024986003e+00
714352,1.3592501903689526e+03,3.1332994024986003e+00
714421,1.3592501903689526e+03,3.1332994024986003e+00
714489,1.3592501903689526e+03,3.1332994024986003e+00
714557,1.3592501903689526e+03,3.1332994024986003e+00
714625,1.3592501903689526e+03,3.1332994024986003e+00
714693,1.3592501903689526e+03,3.1332994024986003e+00
714761,1.3592501903689526e+03,3.1332994024986003e+00
714829,1.3592501903689526e+03,3.1332994024986003e+00
714897,1.3592501903689526e+03,3.1332994024986003e+00
714965,1.3592501903689526e+03,3.1332994024986003e+00
715033,1.3592501903689526e+03,3.1332994024986003e+00
715101,1.3592501903689526e+03,3.1332994024986003e+00
715169,1.3592501903689526e+03,3.1332994024986003e+00
715237,1.3592501903689526e+03,3.1332994024986003e+00
715305,1.3592501903689526e+03,3.1332994024986003e+00
715373,1.3592501903689526e+03,3.1332994024986003e+00
715441,1.3592501903689526e+03,3.1332994024986003e+00
715509,1.3592501903689526e+03,3.1332994024986003e+00
715577,1.3592501903689526e+03,3.1332994024986003e+00
715645,1.3592501903689526e+03,3.1332994024986003e+00
715713,1.3592501903689526e+03,3.1332994024986003e+00
715781,1.3592501903689526e+03,3.1332994024986003e+00
715849,1.3592501903689526e+03,3.1332994024986003e+00
715917,1.3592501903689526e+03,3.1332994024986003e+00
715985,1.3592501903689526e+03,3.1332994024986003e+00
716053,1.3592501903689526e+03,3.1332994024986003e+00
716121,1.3592501903689526e+03,3.1332994024986003e+00
716189,1.3592501903689526e+03,3.1332994024986003e+00
716257,1.3592501903689526e+03,3.1332994024986003e+00
716325,1.3592501903689526e+03,3.1332994024986003e+00
716393,1.3592501903689526e+03,3.1332994024986003e+00
716461,1.3592501903689526e+03,3.1332994024986003e+00
716529,1.3592501903689526e+03,3.1332994024986003e+00
716597,1.3592501903689526e+03,3.1332994024986003e+00
716665,1.3592501903689526e+03,3.1332994024986003e+00
716733,1.3592501903689526e+03,3.1332994024986003e+00
716801,1.3592501903689526e+03,3.1332994024986003e+00
716869,1.3592501903689526e+03,3.1332994024986003e+00
716937,1.3592501903689526e+03,3.1332994024986003e+00
717005,1.3592501903689526e+03,3.1332994024986003e+00
717073,1.3592501903689526e+03,3.1332994024986003e+00
717141,1.3592501903689526e+03,3.1332994024986003e+00
717209,1.3592501903689526e+03,3.1332994024986003e+00
717277,1.3592501903689526e+03,3.1332994024986003e+00
717345,1.3592501903689526e+03,3.1332994024986003e+00
717413,1.3592501903689526e+03,3.1332994024986003e+00
717481,1.3592501903689526e+03,3.1332994024986003e+00
717549,1.3592501903689526e+03,3.1332994024986003e+00
717617,1.3592501903689526e+03,3.1332994024986003e+00
717684,1.3592501903689526e+03,3.1332994024986003e+00
717751,1.3592501903689526e+03,3.1332994024986003e+00
717818,1.3592501903689526e+03,3.1332994024986003e+00
717885,1.3592501903689526e+03,3.1332994024986003e+00
717952,1.3592501903689526e+03,3.1332994024986003e+00
718019,1.3592501903689526e+03,3.1332994024986003e+00
718086,1.3592501903689526e+03,3.1332994024986003e+00
718153,1.3592501903689526e+03,3.1332994024986003e+00
718220,1.3592501903689526e+03,3.1332994024986003e+00
718287,1.3592501903689526e+03,3.1332994024986003e+00
718354,1.3592501903689526e+03,3.1332994024986003e+00
718421,1.3592501903689526e+03,3.1332994024986003e+00
718488,1.3592501903689526e+03,3.1332994024986003e+00
718555,1.3592501903689526e+03,3.1332994024986003e+00
718622,1.3592501903689526e+03,3.1332994024986003e+00
718689,1.3592501903689526e+03,3.1332994024986003e+00
718756,1.3592501903689526e+03,3.1332994024986003e+00
718823,1.3592501903689526e+03,3.1332994024986003e+00
718890,1.3592501903689526e+03,3.1332994024986003e+00
718957,1.3592501903689526e+03,3.1332994024986003e+00
719024,1.3592501903689526e+03,3.1332994024986003e+00
719091,1.3592501903689526e+03,3.1332994024986003e+00
719158,1.3592501903689526e+03,3.1332994024986003e+00
719225,1.3592501903689526e+03,3.1332994024986003e+00
719292,1.3592501903689526e+03,3.1332994024986003e+00
719359,1.3592501903689526e+03,3.1332994024986003e+00
719426,1.3592501903689526e+03,3.1332994024986003e+00
719493,1.3592501903689526e+03,3.1332994024986003e+00
719560,1.3592501903689526e+03,3.1332994024986003e+00
719627,1.3592501903689526e+03,3.1332994024986003e+00
719694,1.3592501903689526e+03,3.1332994024986003e+00
719761,1.3592501903689526e+03,3.1332994024986003e+00
719828,1.3592501903689526e+03,3.1332994024986003e+00
719895,1.3592501903689526e+03,3.1332994024986003e+00
719962,1.3592501903689526e+03,3.1332994024986003e+00
720029,1.3592501903689526e+03,3.1332994024986003e+00
720096,1.3592501903689526e+03,3.1332994024986003e+00
720163,1.3592501903689526e+03,3.1332994024986003e+00
720230,1.3592501903689526e+03,3.1332994024986003e+00
720297,1.3592501903689526e+03,3.1332994024986003e+00
720364,1.3592501903689526e+03,3.1332994024986003e+00
720431,1.3592501903689526e+03,3.1332994024986003e+00
720498,1.3592501903689526e+03,3.1332994024986003e+00
720565,1.3592501903689526e+03,3.1332994024986003e+00
720632,1.3592501903689526e+03,3.1332994024986003e+00
720699,1.3592501903689526e+03,3.1332994024986003e+00
720766,1.3592501903689526e+03,3.1332994024986003e+00
720833,1.3592501903689526e+03,3.1332994024986003e+00
720899,1.3592501903689526e+03,3.1332994024986003e+00
720965,1.3592501903689526e+03,3.1332994024986003e+00
721031,1.3592501903689526e+03,3.1332994024986003e+00
721097,1.3592501903689526e+03,3.1332994024986003e+00
721163,1.3592501903689526e+03,3.1332994024986003e+00
721229,1.3592501903689526e+03,3.1332994024986003e+00
721295,1.3592501903689526e+03,3.1332994024986003e+00
721361,1.3592501903689526e+03,3.1332994024986003e+00
721427,1.3592501903689526e+03,3.1332994024986003e+00
721493,1.3592501903689526e+03,3.1332994024986003e+00
721559,1.3592501903689526e+03,3.1332994024986003e+00
721625,1.3592501903689526e+03,3.1332994024986003e+00
721691,1.3592501903689526e+03,3.1332994024986003e+00
721757,1.3592501903689526e+03,3.1332994024986003e+00
721823,1.3592501903689526e+03,3.1332994024986003e+00
721889,1.3592501903689526e+03,3.1332994024986003e+00
721955,1.3592501903689526e+03,3.1332994024986003e+00
722021,1.3592501903689526e+03,3.1332994024986003e+00
722087,1.3592501903689526e+03,3.1332994024986003e+00
722153,1.3592501903689526e+03,3.1332994024986003e+00
722219,1.3592501903689526e+03,3.1332994024986003e+00
722285,1.3592501903689526e+03,3.1332994024986003e+00
722351,1.3592501903689526e+03,3.1332994024986003e+00
722417,1.3592501903689526e+03,3.1332994024986003e+00
722483,1.3592501903689526e+03,3.1332994024986003e+00
722549,1.3592501903689526e+03,3.1332994024986003e+00
722615,1.3592501903689526e+03,3.1332994024986003e+00
722681,1.3592501903689526e+03,3.1332994024986003e+00
722747,1.3592501903689526e+03,3.1332994024986003e+00
722813,1.3592501903689526e+03,3.1332994024986003e+00
722879,1.3592501903689526e+03,3.1332994024986003e+00
722945,1.3592501903689526e+03,3.1332994024986003e+00
723011,1.3592501903689526e+03,3.1332994024986003e+00
723077,1.3592501903689526e+03,3.1332994024986003e+00
723143,1.3592501903689526e+03,3.1332994024986003e+00
723209,1.3592501903689526e+03,3.1332994024986003e+00
723275,1.3592501903689526e+03,3.1332994024986003e+00
723341,1.3592501903689526e+03,3.1332994024986003e+00
723407,1.3592501903689526e+03,3.1332994024986003e+00
723473,1.3592501903689526e+03,3.1332994024986003e+00
723539,1.3592501903689526e+03,3.1332994024986003e+00
723605,1.3592501903689526e+03,3.1332994024986003e+00
723671,1.3592501903689526e+03,3.1332994024986003e+00
723737,1.3592501903689526e+03,3.1332994024986003e+00
723803,1.3592501903689526e+03,3.1332994024986003e+00
723869,1.3592501903689526e+03,3.1332994024986003e+00
723935,1.3592501903689526e+03,3.1332994024986003e+00
724001,1.3592501903689526e+03,3.1332994024986003e+00
724067,1.3592501903689526e+03,3.1332994024986003e+00
724132,1.3592501903689526e+03,3.1332994024986003e+00
724197,1.3592501903689526e+03,3.1332994024986003e+00
724262,1.3592501903689526e+03,3.1332994024986003e+00
724327,1.3592501903689526e+03,3.1332994024986003e+00
724392,1.3592501903689526e+03,3.1332994024986003e+00
724457,1.3592501903689526e+03,3.1332994024986003e+00
724522,1.3592501903689526e+03,3.1332994024986003e+00
724587,1.3592501903689526e+03,3.1332994024986003e+00
724652,1.3592501903689526e+03,3.1332994024986003e+00
724717,1.3592501903689526e+03,3.1332994024986003e+00
724782,1.3592501903689526e+03,3.1332994024986003e+00
724847,1.3592501903689526e+03,3.1332994024986003e+00
724912,1.3592501903689526e+03,3.1332994024986003e+00
724977,1.3592501903689526e+03,3.1332994024986003e+00
725042,1.3592501903689526e+03,3.1332994024986003e+00
725107,1.3592501903689526e+03,3.1332994024986003e+00
725172,1.3592501903689526e+03,3.1332994024986003e+00
725237,1.3592501903689526e+03,3.1332994024986003e+00
725302,1.3592501903689526e+03,3.1332994024986003e+00
725367,1.3592501903689526e+03,3.1332994024986003e+00
725432,1.3592501903689526e+03,3.1332994024986003e+00
725497,1.3592501903689526e+03,3.1332994024986003e+00
725562,1.3592501903689526e+03,3.1332994024986003e+00
725627,1.3592501903689526e+03,3.1332994024986003e+00
725692,1.3592501903689526e+03,3.1332994024986003e+00
725757,1.3592501903689526e+03,3.1332994024986003e+00
725822,1.3592501903689526e+03,3.1332994024986003e+00
725887,1.3592501903689526e+03,3.1332994024986003e+00
725952,1.3592501903689526e+03,3.1332994024986003e+00
726017,1.3592501903689526e+03,3.1332994024986003e+00
726082,1.3592501903689526e+03,3.1332994024986003e+00
726147,1.3592501903689526e+03,3.1332994024986003e+00
726212,1.3592501903689526e+03,3.1332994024986003e+00
726277,1.3592501903689526e+03,3.1332994024986003e+00
726342,1.3592501903689526e+03,3.1332994024986003e+00
726407,1.3592501903689526e+03,3.1332994024986003e+00
726472,1.3592501903689526e+03,3.1332994024986003e+00
726537,1.3592501903689526e+03,3.1332994024986003e+00
726602,1.3592501903689526e+03,3.1332994024986003e+00
726667,1.3592501903689526e+03,3.1332994024986003e+00
726732,1.3592501903689526e+03,3.1332994024986003e+00
726797,1.3592501903689526e+03,3.1332994024986003e+00
726862,1.3592501903689526e+03,3.1332994024986003e+00
726927,1.3592501903689526e+03,3.1332994024986003e+00
726992,1.3592501903689526e+03,3.1332994024986003e+00
727057,1.3592501903689526e+03,3.1332994024986003e+00
727122,1.3592501903689526e+03,3.1332994024986003e+00
727187,1.3592501903689526e+03,3.1332994024986003e+00
727252,1.3592501903689526e+03,3.1332994024986003e+00
727317,1.3592501903689526e+03,3.1332994024986003e+00
727382,1.3592501903689526e+03,3.1332994024986003e+00
727446,1.3592501903689526e+03,3.1332994024986003e+00
727510,1.3592501903689526e+03,3.1332994024986003e+00
727574,1.3592501903689526e+03,3.1332994024986003e+00
727638,1.3592501903689526e+03,3.1332994024986003e+00
727702,1.3592501903689526e+03,3.1332994024986003e+00
727766,1.3592501903689526e+03,3.1332994024986003e+00
727830,1.3592501903689526e+03,3.1332994024986003e+00
727894,1.3592501903689526e+03,3.1332994024986003e+00
727958,1.3592501903689526e+03,3.1332994024986003e+00
728022,1.3592501903689526e+03,3.1332994024986003e+00
728086,1.3592501903689526e+03,3.1332994024986003e+00
728150,1.3592501903689526e+03,3.1332994024986003e+00
728214,1.3592501903689526e+03,3.1332994024986003e+00
728278,1.3592501903689526e+03,3.1332994024986003e+00
728342,1.3592501903689526e+03,3.1332994024986003e+00
728406,1.3592501903689526e+03,3.1332994024986003e+00
728470,1.3592501903689526e+03,3.1332994024986003e+00
728534,1.3592501903689526e+03,3.1332994024986003e+00
728598,1.3592501903689526e+03,3.1332994024986003e+00
728662,1.3592501903689526e+03,3.1332994024986003e+00
728726,1.3592501903689526e+03,3.1332994024986003e+00
728790,1.3592501903689526e+03,3.1332994024986003e+00
728854,1.3591650522153400e+03,3.1332721991267634e+00
728918,1.3591650522153400e+03,3.1332721991267634e+00
728982,1.3591650522153400e+03,3.1332721991267634e+00
729046,1.3591650522153400e+03,3.1332721991267634e+00
729110,1.3591650522153400e+03,3.1332721991267634e+00
729174,1.3591650522153400e+03,3.1332721991267634e+00
729238,1.3591650522153400e+03,3.1332721991267634e+00
729302,1.3591650522153400e+03,3.1332721991267634e+00
729366,1.3591650522153400e+03,3.1332721991267634e+00
729430,1.3463202729540301e+03,3.1291483854682700e+00
729494,1.3463202729540301e+03,3.1291483854682700e+00
729558,1.3463202729540301e+03,3.1291483854682700e+00
729622,1.3463202729540301e+03,3.1291483854682700e+00
729686,1.3463202729540301e+03,3.1291483854682700e+00
729750,1.3463202729540301e+03,3.1291483854682700e+00
729814,1.3463202729540301e+03,3.1291483854682700e+00
729878,1.3463202729540301e+03,3.1291483854682700e+00
729942,1.3463202729540301e+03,3.1291483854682700e+00
730006,1.3463202729540301e+03,3.1291483854682700e+00
730070,1.3463202729540301e+03,3.1291483854682700e+00
730134,1.3463202729540301e+03,3.1291483854682700e+00
730198,1.3463202729540301e+03,3.1291483854682700e+00
730262,1.3463202729540301e+03,3.1291483854682700e+00
730326,1.3463202729540301e+03,3.1291483854682700e+00
730390,1.3463202729540301e+03,3.1291483854682700e+00
730454,1.3463202729540301e+03,3.1291483854682700e+00
730518,1.3463202729540301e+03,3.1291483854682700e+00
730582,1.3463202729540301e+03,3.1291483854682700e+00
730646,1.3463202729540301e+03,3.1291483854682700e+00
730710,1.3463202729540301e+03,3.1291483854682700e+00
730773,1.3463202729540301e+03,3.1291483854682700e+00
730836,1.3463202729540301e+03,3.1291483854682700e+00
730899,1.3463202729540301e+03,3.1291483854682700e+00
730962,1.3463202729540301e+03,3.1291483854682700e+00
731025,1.3463202729540301e+03,3.1291483854682700e+00
731088,1.3463202729540301e+03,3.1291483854682700e+00
731151,1.3463202729540301e+03,3.1291483854682700e+00
731214,1.3463202729540301e+03,3.1291483854682700e+00
731277,1.3463202729540301e+03,3.1291483854682700e+00
731340,1.3463202729540301e+03,3.1291483854682700e+00
731403,1.3463202729540301e+03,3.1291483854682700e+00
731466,1.3463202729540301e+03,3.1291483854682700e+00
731529,1.3463202729540301e+03,3.1291483854682700e+00
731592,1.3463202729540301e+03,3.1291483854682700e+00
731655,1.3463202729540301e+03,3.1291483854682700e+00
731718,1.3463202729540301e+03,3.1291483854682700e+00
731781,1.3463202729540301e+03,3.1291483854682700e+00
731844,1.3463202729540301e+03,3.1291483854682700e+00
731907,1.3463202729540301e+03,3.1291483854682700e+00
731970,1.3463202729540301e+03,3.1291483854682700e+00
732033,1.3463202729540301e+03,3.1291483854682700e+00
732096,1.3463202729540301e+03,3.1291483854682700e+00
732159,1.3463202729540301e+03,3.1291483854682700e+00
732222,1.3463202729540301e+03,3.1291483854682700e+00
732285,1.3463202729540301e+03,3.1291483854682700e+00
732348,1.3463202729540301e+03,3.1291483854682700e+00
732411,1.3463202729540301e+03,3.1291483854682700e+00
732474,1.3463202729540301e+03,3.1291483854682700e+00
732537,1.3463202729540301e+03,3.1291483854682700e+00
732600,1.3463202729540301e+03,3.1291483854682700e+00
732663,1.3463202729540301e+03,3.1291483854682700e+00
732726,1.3463202729540301e+03,3.1291483854682700e+00
732789,1.3463202729540301e+03,3.1291483854682700e+00
732852,1.3463202729540301e+03,3.1291483854682700e+00
732915,1.3463202729540301e+03,3.1291483854682700e+00
732978,1.3463202729540301e+03,3.1291483854682700e+00
733041,1.3463202729540301e+03,3.1291483854682700e+00
733104,1.3463202729540301e+03,3.1291483854682700e+00
733167,1.3463202729540301e+03,3.1291483854682700e+00
733230,1.3463202729540301e+03,3.1291483854682700e+00
733293,1.3463202729540301e+03,3.1291483854682700e+00
733356,1.3463202729540301e+03,3.1291483854682700e+00
733419,1.3463202729540301e+03,3.1291483854682700e+00
733482,1.3463202729540301e+03,3.1291483854682700e+00
733545,1.3463202729540301e+03,3.1291483854682700e+00
733608,1.3463202729540301e+03,3.1291483854682700e+00
733671,1.3463202729540301e+03,3.1291483854682700e+00
733734,1.3463202729540301e+03,3.1291483854682700e+00
733797,1.3463202729540301e+03,3.1291483854682700e+00
733860,1.3463202729540301e+03,3.1291483854682700e+00
733923,1.3463202729540301e+03,3.1291483854682700e+00
733986,1.3463202729540301e+03,3.1291483854682700e+00
734049,1.3463202729540301e+03,3.1291483854682700e+00
734111,1.3463202729540301e+03,3.1291483854682700e+00
734173,1.3463202729540301e+03,3.1291483854682700e+00
734235,1.3463202729540301e+03,3.1291483854682700e+00
734297,1.3463202729540301e+03,3.1291483854682700e+00
734359,1.3463202729540301e+03,3.1291483854682700e+00
734421,1.3463202729540301e+03,3.1291483854682700e+00
734483,1.3463202729540301e+03,3.1291483854682700e+00
734545,1.3463202729540301e+03,3.1291483854682700e+00
734607,1.3463202729540301e+03,3.1291483854682700e+00
734669,1.3463202729540301e+03,3.1291483854682700e+00
734731,1.3463202729540301e+03,3.1291483854682700e+00
734793,1.3463202729540301e+03,3.1291483854682700e+00
734855,1.3463202729540301e+03,3.1291483854682700e+00
734917,1.3463202729540301e+03,3.1291483854682700e+00
734979,1.3463202729540301e+03,3.1291483854682700e+00
735041,1.3463202729540301e+03,3.1291483854682700e+00
735103,1.3463202729540301e+03,3.1291483854682700e+00
735165,1.3463202729540301e+03,3.1291483854682700e+00
735227,1.3463202729540301e+03,3.1291483854682700e+00
735289,1.3456151777227180e+03,3.1289208770597003e+00
735351,1.3456151777227180e+03,3.1289208770597003e+00
735413,1.3456151777227180e+03,3.1289208770597003e+00
735475,1.3456151777227180e+03,3.1289208770597003e+00
735537,1.3456151777227180e+03,3.1289208770597003e+00
735599,1.3456151777227180e+03,3.1289208770597003e+00
735661,1.3456151777227180e+03,3.1289208770597003e+00
735723,1.3456151777227180e+03,3.1289208770597003e+00
735785,1.3456151777227180e+03,3.1289208770597003e+00
735847,1.3456151777227180e+03,3.1289208770597003e+00
735909,1.3456151777227180e+03,3.1289208770597003e+00
735971,1.3456151777227180e+03,3.1289208770597003e+00
736033,1.3456151777227180e+03,3.1289208770597003e+00
736095,1.3456151777227180e+03,3.1289208770597003e+00
736157,1.3456151777227180e+03,3.1289208770597003e+00
736219,1.3456151777227180e+03,3.1289208770597003e+00
736281,1.3456151777227180e+03,3.1289208770597003e+00
736343,1.3456151777227180e+03,3.1289208770597003e+00
736405,1.3456151777227180e+03,3.1289208770597003e+00
736467,1.3456151777227180e+03,3.1289208770597003e+00
736529,1.3456151777227180e+03,3.1289208770597003e+00
736591,1.3456151777227180e+03,3.1289208770597003e+00
736653,1.3456151777227180e+03,3.1289208770597003e+00
736715,1.3456151777227180e+03,3.1289208770597003e+00
736777,1.3456151777227180e+03,3.1289208770597003e+00
736839,1.3456151777227180e+03,3.1289208770597003e+00
736901,1.3456151777227180e+03,3.1289208770597003e+00
736963,1.3456151777227180e+03,3.1289208770597003e+00
737025,1.3456151777227180e+03,3.1289208770597003e+00
737087,1.3456151777227180e+03,3.1289208770597003e+00
737149,1.3456151777227180e+03,3.1289208770597003e+00
737211,1.3456151777227180e+03,3.1289208770597003e+00
737273,1.3456151777227180e+03,3.1289208770597003e+00
737335,1.3456151777227180e+03,3.1289208770597003e+00
737397,1.3456151777227180e+03,3.1289208770597003e+00
737459,1.3456151777227180e+03,3.1289208770597003e+00
737521,1.3456151777227180e+03,3.1289208770597003e+00
737582,1.3456151777227180e+03,3.1289208770597003e+00
737643,1.3456151777227180e+03,3.1289208770597003e+00
737704,1.3456151777227180e+03,3.1289208770597003e+00
737765,1.3456151777227180e+03,3.1289208770597003e+00
737826,1.3456151777227180e+03,3.1289208770597003e+00
737887,1.3456151777227180e+03,3.1289208770597003e+00
737948,1.3456151777227180e+03,3.1289208770597003e+00
738009,1.3456151777227180e+03,3.1289208770597003e+00
738070,1.3456151777227180e+03,3.1289208770597003e+00
738131,1.3456151777227180e+03,3.1289208770597003e+00
738192,1.3456151777227180e+03,3.1289208770597003e+00
738253,1.3456151777227180e+03,3.1289208770597003e+00
738314,1.3456151777227180e+03,3.1289208770597003e+00
738375,1.3456151777227180e+03,3.1289208770597003e+00
738436,1.3456151777227180e+03,3.1289208770597003e+00
738497,1.3456151777227180e+03,3.1289208770597003e+00
738558,1.3456151777227180e+03,3.1289208770597003e+00
738619,1.3456151777227180e+03,3.1289208770597003e+00
738680,1.3456151777227180e+03,3.1289208770597003e+00
738741,1.3456151777227180e+03,3.1289208770597003e+00
738802,1.3456151777227180e+03,3.1289208770597003e+00
738863,1.3456151777227180e+03,3.1289208770597003e+00
738924,1.3456151777227180e+03,3.1289208770597003e+00
738985,1.3456151777227180e+03,3.1289208770597003e+00
739046,1.3456151777227180e+03,3.1289208770597003e+00
739107,1.3456151777227180e+03,3.1289208770597003e+00
739168,1.3456151777227180e+03,3.1289208770597003e+00
739229,1.3456151777227180e+03,3.1289208770597003e+00
739290,1.3456151777227180e+03,3.1289208770597003e+00
739351,1.3456151777227180e+03,3.1289208770597003e+00
739412,1.3456151777227180e+03,3.1289208770597003e+00
739473,1.3456151777227180e+03,3.1289208770597003e+00
739534,1.3456151777227180e+03,3.1289208770597003e+00
739595,1.3456151777227180e+03,3.1289208770597003e+00
739656,1.3456151777227180e+03,3.1289208770597003e+00
739717,1.3456151777227180e+03,3.1289208770597003e+00
739778,1.3456151777227180e+03,3.1289208770597003e+00
739839,1.3456151777227180e+03,3.1289208770597003e+00
739900,1.3456151777227180e+03,3.1289208770597003e+00
739961,1.3456151777227180e+03,3.1289208770597003e+00
740022,1.3456151777227180e+03,3.1289208770597003e+00
740083,1.3456151777227180e+03,3.1289208770597003e+00
740144,1.3456151777227180e+03,3.1289208770597003e+00
740205,1.3456151777227180e+03,3.1289208770597003e+00
740266,1.3456151777227180e+03,3.1289208770597003e+00
740327,1.3456151777227180e+03,3.1289208770597003e+00
740388,1.3456151777227180e+03,3.1289208770597003e+00
740449,1.3456151777227180e+03,3.1289208770597003e+00
740510,1.3456151777227180e+03,3.1289208770597003e+00
740571,1.3456151777227180e+03,3.1289208770597003e+00
740632,1.3456151777227180e+03,3.1289208770597003e+00
740693,1.3456151777227180e+03,3.1289208770597003e+00
740754,1.3456151777227180e+03,3.1289208770597003e+00
740815,1.3456151777227180e+03,3.1289208770597003e+00
740876,1.3456151777227180e+03,3.1289208770597003e+00
740937,1.3456151777227180e+03,3.1289208770597003e+00
740998,1.3456151777227180e+03,3.1289208770597003e+00
741058,1.3456151777227180e+03,3.1289208770597003e+00
741118,1.3456151777227180e+03,3.1289208770597003e+00
741178,1.3456151777227180e+03,3.1289208770597003e+00
741238,1.3456151777227180e+03,3.1289208770597003e+00
741298,1.3456151777227180e+03,3.1289208770597003e+00
741358,1.3456151777227180e+03,3.1289208770597003e+00
741418,1.3456151777227180e+03,3.1289208770597003e+00
741478,1.3456151777227180e+03,3.1289208770597003e+00
741538,1.3456151777227180e+03,3.1289208770597003e+00
741598,1.3456151777227180e+03,3.1289208770597003e+00
741658,1.3456151777227180e+03,3.1289208770597003e+00
741718,1.3456151777227180e+03,3.1289208770597003e+00
741778,1.3456151777227180e+03,3.1289208770597003e+00
741838,1.3456151777227180e+03,3.1289208770597003e+00
741898,1.3456151777227180e+03,3.1289208770597003e+00
741958,1.3456151777227180e+03,3.1289208770597003e+00
742018,1.3456151777227180e+03,3.1289208770597003e+00
742078,1.3456151777227180e+03,3.1289208770597003e+00
742138,1.3456151777227180e+03,3.1289208770597003e+00
742198,1.3456151777227180e+03,3.1289208770597003e+00
742258,1.3456151777227180e+03,3.1289208770597003e+00
742318,1.3456151777227180e+03,3.1289208770597003e+00
742378,1.3456151777227180e+03,3.1289208770597003e+00
742438,1.3456151777227180e+03,3.1289208770597003e+00
742498,1.3456151777227180e+03,3.1289208770597003e+00
742558,1.3456151777227180e+03,3.1289208770597003e+00
742618,1.3456151777227180e+03,3.1289208770597003e+00
742678,1.3456151777227180e+03,3.1289208770597003e+00
742738,1.3456151777227180e+03,3.1289208770597003e+00
742798,1.3456151777227180e+03,3.1289208770597003e+00
742858,1.3456151777227180e+03,3.1289208770597003e+00
742918,1.3456151777227180e+03,3.1289208770597003e+00
742978,1.3456151777227180e+03,3.1289208770597003e+00
743038,1.3456151777227180e+03,3.1289208770597003e+00
743098,1.3456151777227180e+03,3.1289208770597003e+00
743158,1.3456151777227180e+03,3.1289208770597003e+00
743218,1.3456151777227180e+03,3.1289208770597003e+00
743278,1.3456151777227180e+03,3.1289208770597003e+00
743338,1.3456151777227180e+03,3.1289208770597003e+00
743398,1.3456151777227180e+03,3.1289208770597003e+00
743458,1.3456151777227180e+03,3.1289208770597003e+00
743518,1.3456151777227180e+03,3.1289208770597003e+00
743578,1.3456151777227180e+03,3.1289208770597003e+00
743638,1.3456151777227180e+03,3.1289208770597003e+00
743698,1.3456151777227180e+03,3.1289208770597003e+00
743758,1.3456151777227180e+03,3.1289208770597003e+00
743818,1.3456151777227180e+03,3.1289208770597003e+00
743878,1.3456151777227180e+03,3.1289208770597003e+00
743938,1.3456151777227180e+03,3.1289208770597003e+00
743998,1.3456151777227180e+03,3.1289208770597003e+00
744058,1.3456151777227180e+03,3.1289208770597003e+00
744118,1.3456151777227180e+03,3.1289208770597003e+00
744178,1.3456151777227180e+03,3.1289208770597003e+00
744238,1.3456151777227180e+03,3.1289208770597003e+00
744298,1.3456151777227180e+03,3.1289208770597003e+00
744358,1.3456151777227180e+03,3.1289208770597003e+00
744418,1.3456151777227180e+03,3.1289208770597003e+00
744478,1.3456151777227180e+03,3.1289208770597003e+00
744537,1.3456151777227180e+03,3.1289208770597003e+00
744596,1.3456151777227180e+03,3.1289208770597003e+00
744655,1.3456151777227180e+03,3.1289208770597003e+00
744714,1.3456151777227180e+03,3.1289208770597003e+00
744773,1.3456151777227180e+03,3.1289208770597003e+00
744832,1.3456151777227180e+03,3.1289208770597003e+00
744891,1.3456151777227180e+03,3.1289208770597003e+00
744950,1.3456151777227180e+03,3.1289208770597003e+00
745009,1.3456151777227180e+03,3.1289208770597003e+00
745068,1.3456151777227180e+03,3.1289208770597003e+00
745127,1.3456151777227180e+03,3.1289208770597003e+00
745186,1.3456151777227180e+03,3.1289208770597003e+00
745245,1.3456151777227180e+03,3.1289208770597003e+00
745304,1.3456151777227180e+03,3.1289208770597003e+00
745363,1.3456151777227180e+03,3.1289208770597003e+00
745422,1.3456151777227180e+03,3.1289208770597003e+00
745481,1.3456151777227180e+03,3.1289208770597003e+00
745540,1.3456151777227180e+03,3.1289208770597003e+00
745599,1.3456151777227180e+03,3.1289208770597003e+00
745658,1.3456151777227180e+03,3.1289208770597003e+00
745717,1.3456151777227180e+03,3.1289208770597003e+00
745776,1.3456151777227180e+03,3.1289208770597003e+00
745835,1.3456151777227180e+03,3.1289208770597003e+00
745894,1.3456151777227180e+03,3.1289208770597003e+00
745953,1.3456151777227180e+03,3.1289208770597003e+00
746012,1.3456151777227180e+03,3.1289208770597003e+00
746071,1.3456151777227180e+03,3.1289208770597003e+00
746130,1.3456151777227180e+03,3.1289208770597003e+00
746189,1.3456151777227180e+03,3.1289208770597003e+00
746248,1.3456151777227180e+03,3.1289208770597003e+00
746307,1.3456151777227180e+03,3.1289208770597003e+00
746366,1.3456151777227180e+03,3.1289208770597003e+00
746425,1.3456151777227180e+03,3.1289208770597003e+00
746484,1.3456151777227180e+03,3.1289208770597003e+00
746543,1.3456151777227180e+03,3.1289208770597003e+00
746602,1.3456151777227180e+03,3.1289208770597003e+00
746661,1.3456151777227180e+03,3.1289208770597003e+00
746720,1.3456151777227180e+03,3.1289208770597003e+00
746779,1.3456151777227180e+03,3.1289208770597003e+00
746838,1.3456151777227180e+03,3.1289208770597003e+00
746897,1.3456151777227180e+03,3.1289208770597003e+00
746956,1.3456151777227180e+03,3.1289208770597003e+00
747015,1.3456151777227180e+03,3.1289208770597003e+00
747074,1.3456151777227180e+03,3.1289208770597003e+00
747133,1.3456151777227180e+03,3.1289208770597003e+00
747192,1.3456151777227180e+03,3.1289208770597003e+00
747251,1.3456151777227180e+03,3.1289208770597003e+00
747310,1.3456151777227180e+03,3.1289208770597003e+00
747369,1.3456151777227180e+03,3.1289208770597003e+00
747428,1.3456151777227180e+03,3.1289208770597003e+00
747487,1.3456151777227180e+03,3.1289208770597003e+00
747546,1.3456151777227180e+03,3.1289208770597003e+00
747605,1.3456151777227180e+03,3.1289208770597003e+00
747664,1.3456151777227180e+03,3.1289208770597003e+00
747723,1.3456151777227180e+03,3.1289208770597003e+00
747782,1.3456151777227180e+03,3.1289208770597003e+00
747841,1.3456151777227180e+03,3.1289208770597003e+00
747900,1.3456151777227180e+03,3.1289208770597003e+00
747959,1.3456151777227180e+03,3.1289208770597003e+00
748018,1.3456151777227180e+03,3.1289208770597003e+00
748077,1.3456151777227180e+03,3.1289208770597003e+00
748135,1.3456151777227180e+03,3.1289208770597003e+00
748193,1.3456151777227180e+03,3.1289208770597003e+00
748251,1.3456151777227180e+03,3.1289208770597003e+00
748309,1.3456151777227180e+03,3.1289208770597003e+00
748367,1.3456151777227180e+03,3.1289208770597003e+00
748425,1.3456151777227180e+03,3.1289208770597003e+00
748483,1.3456151777227180e+03,3.1289208770597003e+00
748541,1.3456151777227180e+03,3.1289208770597003e+00
748599,1.3456151777227180e+03,3.1289208770597003e+00
748657,1.3456151777227180e+03,3.1289208770597003e+00
748715,1.3456151777227180e+03,3.1289208770597003e+00
748773,1.3456151777227180e+03,3.1289208770597003e+00
748831,1.3456151777227180e+03,3.1289208770597003e+00
748889,1.3456151777227180e+03,3.1289208770597003e+00
748947,1.3456151777227180e+03,3.1289208770597003e+00
749005,1.3456151777227180e+03,3.1289208770597003e+00
749063,1.3456151777227180e+03,3.1289208770597003e+00
749121,1.3456151777227180e+03,3.1289208770597003e+00
749179,1.3456151777227180e+03,3.1289208770597003e+00
749237,1.3456151777227180e+03,3.1289208770597003e+00
749295,1.3456151777227180e+03,3.1289208770597003e+00
749353,1.3456151777227180e+03,3.1289208770597003e+00
749411,1.3456151777227180e+03,3.1289208770597003e+00
749469,1.3456151777227180e+03,3.1289208770597003e+00
749527,1.3456151777227180e+03,3.1289208770597003e+00
749585,1.3456151777227180e+03,3.1289208770597003e+00
749643,1.3456151777227180e+03,3.1289208770597003e+00
749701,1.3456151777227180e+03,3.1289208770597003e+00
749759,1.3456151777227180e+03,3.1289208770597003e+00
749817,1.3456151777227180e+03,3.1289208770597003e+00
749875,1.3456151777227180e+03,3.1289208770597003e+00
749933,1.3456151777227180e+03,3.1289208770597003e+00
749991,1.3456151777227180e+03,3.1289208770597003e+00
750049,1.3456151777227180e+03,3.1289208770597003e+00
750107,1.3456151777227180e+03,3.1289208770597003e+00
750165,1.3456151777227180e+03,3.1289208770597003e+00
750223,1.3456151777227180e+03,3.1289208770597003e+00
750281,1.3456151777227180e+03,3.1289208770597003e+00
750339,1.3456151777227180e+03,3.1289208770597003e+00
750397,1.3456151777227180e+03,3.1289208770597003e+00
750455,1.3456151777227180e+03,3.1289208770597003e+00
750513,1.3456151777227180e+03,3.1289208770597003e+00
750571,1.3456151777227180e+03,3.1289208770597003e+00
750629,1.3456151777227180e+03,3.1289208770597003e+00
750687,1.3456151777227180e+03,3.1289208770597003e+00
750745,1.3456151777227180e+03,3.1289208770597003e+00
750803,1.3456151777227180e+03,3.1289208770597003e+00
750861,1.3456151777227180e+03,3.1289208770597003e+00
750919,1.3456151777227180e+03,3.1289208770597003e+00
750977,1.3456151777227180e+03,3.1289208770597003e+00
751035,1.3456151777227180e+03,3.1289208770597003e+00
751093,1.3456151777227180e+03,3.1289208770597003e+00
751151,1.3456151777227180e+03,3.1289208770597003e+00
751209,1.3456151777227180e+03,3.1289208770597003e+00
751267,1.3456151777227180e+03,3.1289208770597003e+00
751325,1.3456151777227180e+03,3.1289208770597003e+00
751383,1.3456151777227180e+03,3.1289208770597003e+00
751441,1.3456151777227180e+03,3.1289208770597003e+00
751499,1.3456151777227180e+03,3.1289208770597003e+00
751557,1.3456151777227180e+03,3.1289208770597003e+00
751615,1.3456151777227180e+03,3.1289208770597003e+00
751673,1.3456151777227180e+03,3.1289208770597003e+00
751731,1.3456151777227180e+03,3.1289208770597003e+00
751788,1.3456151777227180e+03,3.1289208770597003e+00
751845,1.3456151777227180e+03,3.1289208770597003e+00
751902,1.3456151777227180e+03,3.1289208770597003e+00
751959,1.3456151777227180e+03,3.1289208770597003e+00
752016,1.3456151777227180e+03,3.1289208770597003e+00
752073,1.3456151777227180e+03,3.1289208770597003e+00
752130,1.3456151777227180e+03,3.1289208770597003e+00
752187,1.3456151777227180e+03,3.1289208770597003e+00
752244,1.3456151777227180e+03,3.1289208770597003e+00
752301,1.3456151777227180e+03,3.1289208770597003e+00
752358,1.3456151777227180e+03,3.1289208770597003e+00
752415,1.3456151777227180e+03,3.1289208770597003e+00
752472,1.3456151777227180e+03,3.1289208770597003e+00
752529,1.3456151777227180e+03,3.1289208770597003e+00
752586,1.3456151777227180e+03,3.1289208770597003e+00
752643,1.3456151777227180e+03,3.1289208770597003e+00
752700,1.3456151777227180e+03,3.1289208770597003e+00
752757,1.3456151777227180e+03,3.1289208770597003e+00
752814,1.3456151777227180e+03,3.1289208770597003e+00
752871,1.3456151777227180e+03,3.1289208770597003e+00
752928,1.3456151777227180e+03,3.1289208770597003e+00
752985,1.3456151777227180e+03,3.1289208770597003e+00
753042,1.3456151777227180e+03,3.1289208770597003e+00
753099,1.3456151777227180e+03,3.1289208770597003e+00
753156,1.3456151777227180e+03,3.1289208770597003e+00
753213,1.3456151777227180e+03,3.1289208770597003e+00
753270,1.3456151777227180e+03,3.1289208770597003e+00
753327,1.3456151777227180e+03,3.1289208770597003e+00
753384,1.3456151777227180e+03,3.1289208770597003e+00
753441,1.3456151777227180e+03,3.1289208770597003e+00
753498,1.3456151777227180e+03,3.1289208770597003e+00
753555,1.3456151777227180e+03,3.1289208770597003e+00
753612,1.3456151777227180e+03,3.1289208770597003e+00
753669,1.3456151777227180e+03,3.1289208770597003e+00
753726,1.3456151777227180e+03,3.1289208770597003e+00
753783,1.3456151777227180e+03,3.1289208770597003e+00
753840,1.3456151777227180e+03,3.1289208770597003e+00
753897,1.3456151777227180e+03,3.1289208770597003e+00
753954,1.3456151777227180e+03,3.1289208770597003e+00
754011,1.3456151777227180e+03,3.1289208770597003e+00
754068,1.3456151777227180e+03,3.1289208770597003e+00
754125,1.3456151777227180e+03,3.1289208770597003e+00
754182,1.3456151777227180e+03,3.1289208770597003e+00
754239,1.3456151777227180e+03,3.1289208770597003e+00
754296,1.3456151777227180e+03,3.1289208770597003e+00
754353,1.3456151777227180e+03,3.1289208770597003e+00
754410,1.3456151777227180e+03,3.1289208770597003e+00
754467,1.3456151777227180e+03,3.1289208770597003e+00
754524,1.3456151777227180e+03,3.1289208770597003e+00
754581,1.3456151777227180e+03,3.1289208770597003e+00
754638,1.3456151777227180e+03,3.1289208770597003e+00
754695,1.3456151777227180e+03,3.1289208770597003e+00
754752,1.3456151777227180e+03,3.1289208770597003e+00
754809,1.3456151777227180e+03,3.1289208770597003e+00
754866,1.3456151777227180e+03,3.1289208770597003e+00
754923,1.3456151777227180e+03,3.1289208770597003e+00
754980,1.3456151777227180e+03,3.1289208770597003e+00
755037,1.3456151777227180e+03,3.1289208770597003e+00
755094,1.3456151777227180e+03,3.1289208770597003e+00
755151,1.3456151777227180e+03,3.1289208770597003e+00
755208,1.3456151777227180e+03,3.1289208770597003e+00
755265,1.3456151777227180e+03,3.1289208770597003e+00
755322,1.3456151777227180e+03,3.1289208770597003e+00
755379,1.3456151777227180e+03,3.1289208770597003e+00
755436,1.3456151777227180e+03,3.1289208770597003e+00
755492,1.3456151777227180e+03,3.1289208770597003e+00
755548,1.3456151777227180e+03,3.1289208770597003e+00
755604,1.3456151777227180e+03,3.1289208770597003e+00
755660,1.3456151777227180e+03,3.1289208770597003e+00
755716,1.3456151777227180e+03,3.1289208770597003e+00
755772,1.3456151777227180e+03,3.1289208770597003e+00
755828,1.3456151777227180e+03,3.1289208770597003e+00
755884,1.3456151777227180e+03,3.1289208770597003e+00
755940,1.3456151777227180e+03,3.1289208770597003e+00
755996,1.3456151777227180e+03,3.1289208770597003e+00
756052,1.3456151777227180e+03,3.1289208770597003e+00
756108,1.3456151777227180e+03,3.1289208770597003e+00
756164,1.3456151777227180e+03,3.1289208770597003e+00
756220,1.3456151777227180e+03,3.1289208770597003e+00
756276,1.3456151777227180e+03,3.1289208770597003e+00
756332,1.3456151777227180e+03,3.1289208770597003e+00
756388,1.3456151777227180e+03,3.1289208770597003e+00
756444,1.3456151777227180e+03,3.1289208770597003e+00
756500,1.3456151777227180e+03,3.1289208770597003e+00
756556,1.3456151777227180e+03,3.1289208770597003e+00
756612,1.3456151777227180e+03,3.1289208770597003e+00
756668,1.3456151777227180e+03,3.1289208770597003e+00
756724,1.3456151777227180e+03,3.1289208770597003e+00
756780,1.3456151777227180e+03,3.1289208770597003e+00
756836,1.3456151777227180e+03,3.1289208770597003e+00
756892,1.3456151777227180e+03,3.1289208770597003e+00
756948,1.3456151777227180e+03,3.1289208770597003e+00
757004,1.3456151777227180e+03,3.1289208770597003e+00
757060,1.3456151777227180e+03,3.1289208770597003e+00
757116,1.3456151777227180e+03,3.1289208770597003e+00
757172,1.3456151777227180e+03,3.1289208770597003e+00
757228,1.3456151777227180e+03,3.1289208770597003e+00
757284,1.3456151777227180e+03,3.1289208770597003e+00
757340,1.3456151777227180e+03,3.1289208770597003e+00
757396,1.3456151777227180e+03,3.1289208770597003e+00
757452,1.3456151777227180e+03,3.1289208770597003e+00
757508,1.3456151777227180e+03,3.1289208770597003e+00
757564,1.3456151777227180e+03,3.1289208770597003e+00
757620,1.3456151777227180e+03,3.1289208770597003e+00
757676,1.3456151777227180e+03,3.1289208770597003e+00
757732,1.3456151777227180e+03,3.1289208770597003e+00
757788,1.3456151777227180e+03,3.1289208770597003e+00
757844,1.3456151777227180e+03,3.1289208770597003e+00
757900,1.3456151777227180e+03,3.1289208770597003e+00
757956,1.3456151777227180e+03,3.1289208770597003e+00
758012,1.3456151777227180e+03,3.1289208770597003e+00
758068,1.3456151777227180e+03,3.1289208770597003e+00
758124,1.3456151777227180e+03,3.1289208770597003e+00
758180,1.3456151777227180e+03,3.1289208770597003e+00
758236,1.3456151777227180e+03,3.1289208770597003e+00
758292,1.3456151777227180e+03,3.1289208770597003e+00
758348,1.3456151777227180e+03,3.1289208770597003e+00
758404,1.3456151777227180e+03,3.1289208770597003e+00
758460,1.3456151777227180e+03,3.1289208770597003e+00
758516,1.3456151777227180e+03,3.1289208770597003e+00
758572,1.3456151777227180e+03,3.1289208770597003e+00
758628,1.3456151777227180e+03,3.1289208770597003e+00
758684,1.3456151777227180e+03,3.1289208770597003e+00
758740,1.3456151777227180e+03,3.1289208770597003e+00
758796,1.3456151777227180e+03,3.1289208770597003e+00
758852,1.3456151777227180e+03,3.1289208770597003e+00
758908,1.3456151777227180e+03,3.1289208770597003e+00
758964,1.3456151777227180e+03,3.1289208770597003e+00
759020,1.3456151777227180e+03,3.1289208770597003e+00
759076,1.3456151777227180e+03,3.1289208770597003e+00
759132,1.3456151777227180e+03,3.1289208770597003e+00
759188,1.3456151777227180e+03,3.1289208770597003e+00
759243,1.3456151777227180e+03,3.1289208770597003e+00
759298,1.3456151777227180e+03,3.1289208770597003e+00
759353,1.3456151777227180e+03,3.1289208770597003e+00
759408,1.3456151777227180e+03,3.1289208770597003e+00
759463,1.3456151777227180e+03,3.1289208770597003e+00
759518,1.3456151777227180e+03,3.1289208770597003e+00
759573,1.3456151777227180e+03,3.1289208770597003e+00
759628,1.3456151777227180e+03,3.1289208770597003e+00
759683,1.3456151777227180e+03,3.1289208770597003e+00
759738,1.3456151777227180e+03,3.1289208770597003e+00
759793,1.3456151777227180e+03,3.1289208770597003e+00
759848,1.3456151777227180e+03,3.1289208770597003e+00
759903,1.3456151777227180e+03,3.1289208770597003e+00
759958,1.3456151777227180e+03,3.1289208770597003e+00
760013,1.3456151777227180e+03,3.1289208770597003e+00
760068,1.3456151777227180e+03,3.1289208770597003e+00
760123,1.3456151777227180e+03,3.1289208770597003e+00
760178,1.3456151777227180e+03,3.1289208770597003e+00
760233,1.3456151777227180e+03,3.1289208770597003e+00
760288,1.3456151777227180e+03,3.1289208770597003e+00
760343,1.3456151777227180e+03,3.1289208770597003e+00
760398,1.3456151777227180e+03,3.1289208770597003e+00
760453,1.3456151777227180e+03,3.1289208770597003e+00
760508,1.3456151777227180e+03,3.1289208770597003e+00
760563,1.3456151777227180e+03,3.1289208770597003e+00
760618,1.3456151777227180e+03,3.1289208770597003e+00
760673,1.3456151777227180e+03,3.1289208770597003e+00
760728,1.3456151777227180e+03,3.1289208770597003e+00
760783,1.3456151777227180e+03,3.1289208770597003e+00
760838,1.3456151777227180e+03,3.1289208770597003e+00
760893,1.3456151777227180e+03,3.1289208770597003e+00
760948,1.3456151777227180e+03,3.1289208770597003e+00
761003,1.3456151777227180e+03,3.1289208770597003e+00
761058,1.3456151777227180e+03,3.1289208770597003e+00
761113,1.3456151777227180e+03,3.1289208770597003e+00
761168,1.3456151777227180e+03,3.1289208770597003e+00
761223,1.3456151777227180e+03,3.1289208770597003e+00
761278,1.3456151777227180e+03,3.1289208770597003e+00
761333,1.3456151777227180e+03,3.1289208770597003e+00
761388,1.3456151777227180e+03,3.1289208770597003e+00
761443,1.3456151777227180e+03,3.1289208770597003e+00
761498,1.3456151777227180e+03,3.1289208770597003e+00
761553,1.3456151777227180e+03,3.1289208770597003e+00
761608,1.3456151777227180e+03,3.1289208770597003e+00
761663,1.3456151777227180e+03,3.1289208770597003e+00
761718,1.3456151777227180e+03,3.1289208770597003e+00
761773,1.3456151777227180e+03,3.1289208770597003e+00
761828,1.3456151777227180e+03,3.1289208770597003e+00
761883,1.3456151777227180e+03,3.1289208770597003e+00
761938,1.3456151777227180e+03,3.1289208770597003e+00
761993,1.3456151777227180e+03,3.1289208770597003e+00
762048,1.3456151777227180e+03,3.1289208770597003e+00
762103,1.3456151777227180e+03,3.1289208770597003e+00
762158,1.3456151777227180e+03,3.1289208770597003e+00
762213,1.3456151777227180e+03,3.1289208770597003e+00
762268,1.3456151777227180e+03,3.1289208770597003e+00
762323,1.3456151777227180e+03,3.1289208770597003e+00
762378,1.3456151777227180e+03,3.1289208770597003e+00
762433,1.3456151777227180e+03,3.1289208770597003e+00
762488,1.3456151777227180e+03,3.1289208770597003e+00
762543,1.3456151777227180e+03,3.1289208770597003e+00
762598,1.3456151777227180e+03,3.1289208770597003e+00
762653,1.3456151777227180e+03,3.1289208770597003e+00
762708,1.3456151777227180e+03,3.1289208770597003e+00
762763,1.3456151777227180e+03,3.1289208770597003e+00
762818,1.3456151777227180e+03,3.1289208770597003e+00
762873,1.3456151777227180e+03,3.1289208770597003e+00
762928,1.3456151777227180e+03,3.1289208770597003e+00
762983,1.3456151777227180e+03,3.1289208770597003e+00
763038,1.3456151777227180e+03,3.1289208770597003e+00
763092,1.3456151777227180e+03,3.1289208770597003e+00
763146,1.3456151777227180e+03,3.1289208770597003e+00
763200,1.3456151777227180e+03,3.1289208770597003e+00
763254,1.3456151777227180e+03,3.1289208770597003e+00
763308,1.3456151777227180e+03,3.1289208770597003e+00
763362,1.3456151777227180e+03,3.1289208770597003e+00
763416,1.3456151777227180e+03,3.1289208770597003e+00
763470,1.3456151777227180e+03,3.1289208770597003e+00
763524,1.3456151777227180e+03,3.1289208770597003e+00
763578,1.3456151777227180e+03,3.1289208770597003e+00
763632,1.3456151777227180e+03,3.1289208770597003e+00
763686,1.3456151777227180e+03,3.1289208770597003e+00
763740,1.3456151777227180e+03,3.1289208770597003e+00
763794,1.3456151777227180e+03,3.1289208770597003e+00
763848,1.3456151777227180e+03,3.1289208770597003e+00
763902,1.3456151777227180e+03,3.1289208770597003e+00
763956,1.3456151777227180e+03,3.1289208770597003e+00
764010,1.3456151777227180e+03,3.1289208770597003e+00
764064,1.3456151777227180e+03,3.1289208770597003e+00
764118,1.3456151777227180e+03,3.1289208770597003e+00
764172,1.3456151777227180e+03,3.1289208770597003e+00
764226,1.3456151777227180e+03,3.1289208770597003e+00
764280,1.3456151777227180e+03,3.1289208770597003e+00
764334,1.3456151777227180e+03,3.1289208770597003e+00
764388,1.3456151777227180e+03,3.1289208770597003e+00
764442,1.3456151777227180e+03,3.1289208770597003e+00
764496,1.3456151777227180e+03,3.1289208770597003e+00
764550,1.3456151777227180e+03,3.1289208770597003e+00
764604,1.3456151777227180e+03,3.1289208770597003e+00
764658,1.3456151777227180e+03,3.1289208770597003e+00
764712,1.3456151777227180e+03,3.1289208770597003e+00
764766,1.3456151777227180e+03,3.1289208770597003e+00
764820,1.3456151777227180e+03,3.1289208770597003e+00
764874,1.3456151777227180e+03,3.1289208770597003e+00
764928,1.3456151777227180e+03,3.1289208770597003e+00
764982,1.3456151777227180e+03,3.1289208770597003e+00
765036,1.3456151777227180e+03,3.1289208770597003e+00
765090,1.3456151777227180e+03,3.1289208770597003e+00
765144,1.3456151777227180e+03,3.1289208770597003e+00
765198,1.3456151777227180e+03,3.1289208770597003e+00
765252,1.3456151777227180e+03,3.1289208770597003e+00
765306,1.3456151777227180e+03,3.1289208770597003e+00
765360,1.3456151777227180e+03,3.1289208770597003e+00
765414,1.3456151777227180e+03,3.1289208770597003e+00
765468,1.3456151777227180e+03,3.1289208770597003e+00
765522,1.3456151777227180e+03,3.1289208770597003e+00
765576,1.3456151777227180e+03,3.1289208770597003e+00
765630,1.3456151777227180e+03,3.1289208770597003e+00
765684,1.3456151777227180e+03,3.1289208770597003e+00
765738,1.3456151777227180e+03,3.1289208770597003e+00
765792,1.3456151777227180e+03,3.1289208770597003e+00
765846,1.3456151777227180e+03,3.1289208770597003e+00
765900,1.3456151777227180e+03,3.1289208770597003e+00
765954,1.3456151777227180e+03,3.1289208770597003e+00
766008,1.3456151777227180e+03,3.1289208770597003e+00
766062,1.3456151777227180e+03,3.1289208770597003e+00
766116,1.3456151777227180e+03,3.1289208770597003e+00
766170,1.3456151777227180e+03,3.1289208770597003e+00
766224,1.3456151777227180e+03,3.1289208770597003e+00
766278,1.3456151777227180e+03,3.1289208770597003e+00
766332,1.3456151777227180e+03,3.1289208770597003e+00
766386,1.3456151777227180e+03,3.1289208770597003e+00
766440,1.3456151777227180e+03,3.1289208770597003e+00
766494,1.3456151777227180e+03,3.1289208770597003e+00
766548,1.3456151777227180e+03,3.1289208770597003e+00
766602,1.3456151777227180e+03,3.1289208770597003e+00
766656,1.3456151777227180e+03,3.1289208770597003e+00
766710,1.3456151777227180e+03,3.1289208770597003e+00
766764,1.3456151777227180e+03,3.1289208770597003e+00
766818,1.3456151777227180e+03,3.1289208770597003e+00
766872,1.3456151777227180e+03,3.1289208770597003e+00
766926,1.3456151777227180e+03,3.1289208770597003e+00
766979,1.3456151777227180e+03,3.1289208770597003e+00
767032,1.3456151777227180e+03,3.1289208770597003e+00
767085,1.3456151777227180e+03,3.1289208770597003e+00
767138,1.3456151777227180e+03,3.1289208770597003e+00
767191,1.3456151777227180e+03,3.1289208770597003e+00
767244,1.3456151777227180e+03,3.1289208770597003e+00
767297,1.3456151777227180e+03,3.1289208770597003e+00
767350,1.3456151777227180e+03,3.1289208770597003e+00
767403,1.3456151777227180e+03,3.1289208770597003e+00
767456,1.3456151777227180e+03,3.1289208770597003e+00
767509,1.3456151777227180e+03,3.1289208770597003e+00
767562,1.3456151777227180e+03,3.1289208770597003e+00
767615,1.3456151777227180e+03,3.1289208770597003e+00
767668,1.3456151777227180e+03,3.1289208770597003e+00
767721,1.3456151777227180e+03,3.1289208770597003e+00
767774,1.3456151777227180e+03,3.1289208770597003e+00
767827,1.3456151777227180e+03,3.1289208770597003e+00
767880,1.3456151777227180e+03,3.1289208770597003e+00
767933,1.3456151777227180e+03,3.1289208770597003e+00
767986,1.3456151777227180e+03,3.1289208770597003e+00
768039,1.3456151777227180e+03,3.1289208770597003e+00
768092,1.3456151777227180e+03,3.1289208770597003e+00
768145,1.3456151777227180e+03,3.1289208770597003e+00
768198,1.3456151777227180e+03,3.1289208770597003e+00
768251,1.3456151777227180e+03,3.1289208770597003e+00
768304,1.3456151777227180e+03,3.1289208770597003e+00
768357,1.3456151777227180e+03,3.1289208770597003e+00
768410,1.3456151777227180e+03,3.1289208770597003e+00
768463,1.3456151777227180e+03,3.1289208770597003e+00
768516,1.3456151777227180e+03,3.1289208770597003e+00
768569,1.3456151777227180e+03,3.1289208770597003e+00
768622,1.3456151777227180e+03,3.1289208770597003e+00
768675,1.3456151777227180e+03,3.1289208770597003e+00
768728,1.3456151777227180e+03,3.1289208770597003e+00
768781,1.3456151777227180e+03,3.1289208770597003e+00
768834,1.3456151777227180e+03,3.1289208770597003e+00
768887,1.3456151777227180e+03,3.1289208770597003e+00
768940,1.3456151777227180e+03,3.1289208770597003e+00
768993,1.3456151777227180e+03,3.1289208770597003e+00
769046,1.3456151777227180e+03,3.1289208770597003e+00
769099,1.3456151777227180e+03,3.1289208770597003e+00
769152,1.3456151777227180e+03,3.1289208770597003e+00
769205,1.3456151777227180e+03,3.1289208770597003e+00
769258,1.3456151777227180e+03,3.1289208770597003e+00
769311,1.3456151777227180e+03,3.1289208770597003e+00
769364,1.3456151777227180e+03,3.1289208770597003e+00
769417,1.3456151777227180e+03,3.1289208770597003e+00
769470,1.3456151777227180e+03,3.1289208770597003e+00
769523,1.3456151777227180e+03,3.1289208770597003e+00
769576,1.3456151777227180e+03,3.1289208770597003e+00
769629,1.3456151777227180e+03,3.1289208770597003e+00
769682,1.3456151777227180e+03,3.1289208770597003e+00
769735,1.3456151777227180e+03,3.1289208770597003e+00
769788,1.3456151777227180e+03,3.1289208770597003e+00
769841,1.3456151777227180e+03,3.1289208770597003e+00
769894,1.3456151777227180e+03,3.1289208770597003e+00
769947,1.3456151777227180e+03,3.1289208770597003e+00
770000,1.3456151777227180e+03,3.1289208770597003e+00
770053,1.3456151777227180e+03,3.1289208770597003e+00
770106,1.3456151777227180e+03,3.1289208770597003e+00
770159,1.3456151777227180e+03,3.1289208770597003e+00
770212,1.3456151777227180e+03,3.1289208770597003e+00
770265,1.3456151777227180e+03,3.1289208770597003e+00
770318,1.3456151777227180e+03,3.1289208770597003e+00
770371,1.3456151777227180e+03,3.1289208770597003e+00
770424,1.3456151777227180e+03,3.1289208770597003e+00
770477,1.3456151777227180e+03,3.1289208770597003e+00
770530,1.3456151777227180e+03,3.1289208770597003e+00
770583,1.3456151777227180e+03,3.1289208770597003e+00
770636,1.3456151777227180e+03,3.1289208770597003e+00
770689,1.3456151777227180e+03,3.1289208770597003e+00
770742,1.3456151777227180e+03,3.1289208770597003e+00
770795,1.3456151777227180e+03,3.1289208770597003e+00
770848,1.3456151777227180e+03,3.1289208770597003e+00
770901,1.3456151777227180e+03,3.1289208770597003e+00
770953,1.3456151777227180e+03,3.1289208770597003e+00
771005,1.3456151777227180e+03,3.1289208770597003e+00
771057,1.3456151777227180e+03,3.1289208770597003e+00
771109,1.3456151777227180e+03,3.1289208770597003e+00
771161,1.3456151777227180e+03,3.1289208770597003e+00
771213,1.3456151777227180e+03,3.1289208770597003e+00
771265,1.3456151777227180e+03,3.1289208770597003e+00
771317,1.3456151777227180e+03,3.1289208770597003e+00
771369,1.3456151777227180e+03,3.1289208770597003e+00
771421,1.3456151777227180e+03,3.1289208770597003e+00
771473,1.3456151777227180e+03,3.1289208770597003e+00
771525,1.3456151777227180e+03,3.1289208770597003e+00
771577,1.3456151777227180e+03,3.1289208770597003e+00
771629,1.3456151777227180e+03,3.1289208770597003e+00
771681,1.3456151777227180e+03,3.1289208770597003e+00
771733,1.3456151777227180e+03,3.1289208770597003e+00
771785,1.3456151777227180e+03,3.1289208770597003e+00
771837,1.3456151777227180e+03,3.1289208770597003e+00
771889,1.3456151777227180e+03,3.1289208770597003e+00
771941,1.3456151777227180e+03,3.1289208770597003e+00
771993,1.3456151777227180e+03,3.1289208770597003e+00
772045,1.3456151777227180e+03,3.1289208770597003e+00
772097,1.3456151777227180e+03,3.1289208770597003e+00
772149,1.3456151777227180e+03,3.1289208770597003e+00
772201,1.3456151777227180e+03,3.1289208770597003e+00
772253,1.3456151777227180e+03,3.1289208770597003e+00
772305,1.3456151777227180e+03,3.1289208770597003e+00
772357,1.3456151777227180e+03,3.1289208770597003e+00
772409,1.3456151777227180e+03,3.1289208770597003e+00
772461,1.3456151777227180e+03,3.1289208770597003e+00
772513,1.3456151777227180e+03,3.1289208770597003e+00
772565,1.3456151777227180e+03,3.1289208770597003e+00
772617,1.3456151777227180e+03,3.1289208770597003e+00
772669,1.3456151777227180e+03,3.1289208770597003e+00
772721,1.3456151777227180e+03,3.1289208770597003e+00
772773,1.3456151777227180e+03,3.1289208770597003e+00
772825,1.3456151777227180e+03,3.1289208770597003e+00
772877,1.3456151777227180e+03,3.1289208770597003e+00
772929,1.3456151777227180e+03,3.1289208770597003e+00
772981,1.3456151777227180e+03,3.1289208770597003e+00
773033,1.3456151777227180e+03,3.1289208770597003e+00
773085,1.3456151777227180e+03,3.1289208770597003e+00
773137,1.3456151777227180e+03,3.1289208770597003e+00
773189,1.3456151777227180e+03,3.1289208770597003e+00
773241,1.3456151777227180e+03,3.1289208770597003e+00
773293,1.3456151777227180e+03,3.1289208770597003e+00
773345,1.3456151777227180e+03,3.1289208770597003e+00
773397,1.3456151777227180e+03,3.1289208770597003e+00
773449,1.3456151777227180e+03,3.1289208770597003e+00
773501,1.3456151777227180e+03,3.1289208770597003e+00
773553,1.3456151777227180e+03,3.1289208770597003e+00
773605,1.3456151777227180e+03,3.1289208770597003e+00
773657,1.3456151777227180e+03,3.1289208770597003e+00
773709,1.3456151777227180e+03,3.1289208770597003e+00
773761,1.3456151777227180e+03,3.1289208770597003e+00
773813,1.3456151777227180e+03,3.1289208770597003e+00
773865,1.3456151777227180e+03,3.1289208770597003e+00
773917,1.3456151777227180e+03,3.1289208770597003e+00
773969,1.3421715048794754e+03,3.1278080142411349e+00
774021,1.3421715048794754e+03,3.1278080142411349e+00
774073,1.3421715048794754e+03,3.1278080142411349e+00
774125,1.3421715048794754e+03,3.1278080142411349e+00
774177,1.3421715048794754e+03,3.1278080142411349e+00
774229,1.3421715048794754e+03,3.1278080142411349e+00
774281,1.3421715048794754e+03,3.1278080142411349e+00
774333,1.3421715048794754e+03,3.1278080142411349e+00
774385,1.3421715048794754e+03,3.1278080142411349e+00
774437,1.3421715048794754e+03,3.1278080142411349e+00
774489,1.3421715048794754e+03,3.1278080142411349e+00
774541,1.3421715048794754e+03,3.1278080142411349e+00
774593,1.3421715048794754e+03,3.1278080142411349e+00
774645,1.3421715048794754e+03,3.1278080142411349e+00
774697,1.3421715048794754e+03,3.1278080142411349e+00
774749,1.3421715048794754e+03,3.1278080142411349e+00
774801,1.3421715048794754e+03,3.1278080142411349e+00
774853,1.3421715048794754e+03,3.1278080142411349e+00
774905,1.3421715048794754e+03,3.1278080142411349e+00
774956,1.3421715048794754e+03,3.1278080142411349e+00
775007,1.3421715048794754e+03,3.1278080142411349e+00
775058,1.3421715048794754e+03,3.1278080142411349e+00
775109,1.3421715048794754e+03,3.1278080142411349e+00
775160,1.3421715048794754e+03,3.1278080142411349e+00
775211,1.3421715048794754e+03,3.1278080142411349e+00
775262,1.3421715048794754e+03,3.1278080142411349e+00
775313,1.3421715048794754e+03,3.1278080142411349e+00
775364,1.3421715048794754e+03,3.1278080142411349e+00
775415,1.3421715048794754e+03,3.1278080142411349e+00
775466,1.3421715048794754e+03,3.1278080142411349e+00
775517,1.3421715048794754e+03,3.1278080142411349e+00
775568,1.3421715048794754e+03,3.1278080142411349e+00
775619,1.3421715048794754e+03,3.1278080142411349e+00
775670,1.3421715048794754e+03,3.1278080142411349e+00
775721,1.3421715048794754e+03,3.1278080142411349e+00
775772,1.3421715048794754e+03,3.1278080142411349e+00
775823,1.3421715048794754e+03,3.1278080142411349e+00
775874,1.3421715048794754e+03,3.1278080142411349e+00
775925,1.3421715048794754e+03,3.1278080142411349e+00
775976,1.3421715048794754e+03,3.1278080142411349e+00
776027,1.3421715048794754e+03,3.1278080142411349e+00
776078,1.3421715048794754e+03,3.1278080142411349e+00
776129,1.3421715048794754e+03,3.1278080142411349e+00
776180,1.3421715048794754e+03,3.1278080142411349e+00
776231,1.3421715048794754e+03,3.1278080142411349e+00
776282,1.3421715048794754e+03,3.1278080142411349e+00
776333,1.3421715048794754e+03,3.1278080142411349e+00
776384,1.3421715048794754e+03,3.1278080142411349e+00
776435,1.3421715048794754e+03,3.1278080142411349e+00
776486,1.3421715048794754e+03,3.1278080142411349e+00
776537,1.3421715048794754e+03,3.1278080142411349e+00
776588,1.3421715048794754e+03,3.1278080142411349e+00
776639,1.3421715048794754e+03,3.1278080142411349e+00
776690,1.3421715048794754e+03,3.1278080142411349e+00
776741,1.3421715048794754e+03,3.1278080142411349e+00
776792,1.3421715048794754e+03,3.1278080142411349e+00
776843,1.3421715048794754e+03,3.1278080142411349e+00
776894,1.3421715048794754e+03,3.1278080142411349e+00
776945,1.3421715048794754e+03,3.1278080142411349e+00
776996,1.3421715048794754e+03,3.1278080142411349e+00
777047,1.3421715048794754e+03,3.1278080142411349e+00
777098,1.3421715048794754e+03,3.1278080142411349e+00
777149,1.3421715048794754e+03,3.1278080142411349e+00
777200,1.3421715048794754e+03,3.1278080142411349e+00
777251,1.3421715048794754e+03,3.1278080142411349e+00
777302,1.3421715048794754e+03,3.1278080142411349e+00
777353,1.3421715048794754e+03,3.1278080142411349e+00
777404,1.3421715048794754e+03,3.1278080142411349e+00
777455,1.3421715048794754e+03,3.1278080142411349e+00
777506,1.3421715048794754e+03,3.1278080142411349e+00
777557,1.3421715048794754e+03,3.1278080142411349e+00
777608,1.3421715048794754e+03,3.1278080142411349e+00
777659,1.3421715048794754e+03,3.1278080142411349e+00
777710,1.3421715048794754e+03,3.1278080142411349e+00
777761,1.3421715048794754e+03,3.1278080142411349e+00
777812,1.3421715048794754e+03,3.1278080142411349e+00
777863,1.3421715048794754e+03,3.1278080142411349e+00
777914,1.3421715048794754e+03,3.1278080142411349e+00
777965,1.3421715048794754e+03,3.1278080142411349e+00
778016,1.3421715048794754e+03,3.1278080142411349e+00
778067,1.3421715048794754e+03,3.1278080142411349e+00
778118,1.3421715048794754e+03,3.1278080142411349e+00
778169,1.3421715048794754e+03,3.1278080142411349e+00
778220,1.3421715048794754e+03,3.1278080142411349e+00
778271,1.3421715048794754e+03,3.1278080142411349e+00
778322,1.3421715048794754e+03,3.1278080142411349e+00
778373,1.3421715048794754e+03,3.1278080142411349e+00
778424,1.3421715048794754e+03,3.1278080142411349e+00
778475,1.3421715048794754e+03,3.1278080142411349e+00
778526,1.3421715048794754e+03,3.1278080142411349e+00
778577,1.3421715048794754e+03,3.1278080142411349e+00
778628,1.3421715048794754e+03,3.1278080142411349e+00
778679,1.3421715048794754e+03,3.1278080142411349e+00
778730,1.3421715048794754e+03,3.1278080142411349e+00
778781,1.3421715048794754e+03,3.1278080142411349e+00
778832,1.3421715048794754e+03,3.1278080142411349e+00
778883,1.3421715048794754e+03,3.1278080142411349e+00
778934,1.3421715048794754e+03,3.1278080142411349e+00
778985,1.3421715048794754e+03,3.1278080142411349e+00
779036,1.3421715048794754e+03,3.1278080142411349e+00
779086,1.3421715048794754e+03,3.1278080142411349e+00
779136,1.3421715048794754e+03,3.1278080142411349e+00
779186,1.3421715048794754e+03,3.1278080142411349e+00
779236,1.3421715048794754e+03,3.1278080142411349e+00
779286,1.3421715048794754e+03,3.1278080142411349e+00
779336,1.3421715048794754e+03,3.1278080142411349e+00
779386,1.3421715048794754e+03,3.1278080142411349e+00
779436,1.3421715048794754e+03,3.1278080142411349e+00
779486,1.3421715048794754e+03,3.1278080142411349e+00
779536,1.3421715048794754e+03,3.1278080142411349e+00
779586,1.3421715048794754e+03,3.1278080142411349e+00
779636,1.3421715048794754e+03,3.1278080142411349e+00
779686,1.3421715048794754e+03,3.1278080142411349e+00
779736,1.3421715048794754e+03,3.1278080142411349e+00
779786,1.3421715048794754e+03,3.1278080142411349e+00
779836,1.3421715048794754e+03,3.1278080142411349e+00
779886,1.3421715048794754e+03,3.1278080142411349e+00
779936,1.3421715048794754e+03,3.1278080142411349e+00
779986,1.3421715048794754e+03,3.1278080142411349e+00
780036,1.3421715048794754e+03,3.1278080142411349e+00
780086,1.3421715048794754e+03,3.1278080142411349e+00
780136,1.3421715048794754e+03,3.1278080142411349e+00
780186,1.3421715048794754e+03,3.1278080142411349e+00
780236,1.3421715048794754e+03,3.1278080142411349e+00
780286,1.3421715048794754e+03,3.1278080142411349e+00
780336,1.3421715048794754e+03,3.1278080142411349e+00
780386,1.3421715048794754e+03,3.1278080142411349e+00
780436,1.3421715048794754e+03,3.1278080142411349e+00
780486,1.3421715048794754e+03,3.1278080142411349e+00
780536,1.3421715048794754e+03,3.1278080142411349e+00
780586,1.3421715048794754e+03,3.1278080142411349e+00
780636,1.3421715048794754e+03,3.1278080142411349e+00
780686,1.3421715048794754e+03,3.1278080142411349e+00
780736,1.3421715048794754e+03,3.1278080142411349e+00
780786,1.3421715048794754e+03,3.1278080142411349e+00
780836,1.3421715048794754e+03,3.1278080142411349e+00
780886,1.3421715048794754e+03,3.1278080142411349e+00
780936,1.3421715048794754e+03,3.1278080142411349e+00
780986,1.3421715048794754e+03,3.1278080142411349e+00
781036,1.3421715048794754e+03,3.1278080142411349e+00
781086,1.3421715048794754e+03,3.1278080142411349e+00
781136,1.3421715048794754e+03,3.1278080142411349e+00
781186,1.3421715048794754e+03,3.1278080142411349e+00
781236,1.3421715048794754e+03,3.1278080142411349e+00
781286,1.3421715048794754e+03,3.1278080142411349e+00
781336,1.3421715048794754e+03,3.1278080142411349e+00
781386,1.3421715048794754e+03,3.1278080142411349e+00
781436,1.3421715048794754e+03,3.1278080142411349e+00
781486,1.3421715048794754e+03,3.1278080142411349e+00
781536,1.3421715048794754e+03,3.1278080142411349e+00
781586,1.3421715048794754e+03,3.1278080142411349e+00
781636,1.3421715048794754e+03,3.1278080142411349e+00
781686,1.3421715048794754e+03,3.1278080142411349e+00
781736,1.3421715048794754e+03,3.1278080142411349e+00
781786,1.3421715048794754e+03,3.1278080142411349e+00
781836,1.3421715048794754e+03,3.1278080142411349e+00
781886,1.3421715048794754e+03,3.1278080142411349e+00
781936,1.3421715048794754e+03,3.1278080142411349e+00
781986,1.3421715048794754e+03,3.1278080142411349e+00
782036,1.3421715048794754e+03,3.1278080142411349e+00
782086,1.3421715048794754e+03,3.1278080142411349e+00
782136,1.3421715048794754e+03,3.1278080142411349e+00
782186,1.3421715048794754e+03,3.1278080142411349e+00
782236,1.3421715048794754e+03,3.1278080142411349e+00
782286,1.3421715048794754e+03,3.1278080142411349e+00
782336,1.3421715048794754e+03,3.1278080142411349e+00
782386,1.3421715048794754e+03,3.1278080142411349e+00
782436,1.3421715048794754e+03,3.1278080142411349e+00
782486,1.3421715048794754e+03,3.1278080142411349e+00
782536,1.3421715048794754e+03,3.1278080142411349e+00
782586,1.3421715048794754e+03,3.1278080142411349e+00
782636,1.3421715048794754e+03,3.1278080142411349e+00
782686,1.3421715048794754e+03,3.1278080142411349e+00
782736,1.3421715048794754e+03,3.1278080142411349e+00
782786,1.3421715048794754e+03,3.1278080142411349e+00
782836,1.3421715048794754e+03,3.1278080142411349e+00
782886,1.3421715048794754e+03,3.1278080142411349e+00
782936,1.3421715048794754e+03,3.1278080142411349e+00
782986,1.3421715048794754e+03,3.1278080142411349e+00
783036,1.3421715048794754e+03,3.1278080142411349e+00
783086,1.3421715048794754e+03,3.1278080142411349e+00
783136,1.3421715048794754e+03,3.1278080142411349e+00
783186,1.3421715048794754e+03,3.1278080142411349e+00
783236,1.3421715048794754e+03,3.1278080142411349e+00
783286,1.3421715048794754e+03,3.1278080142411349e+00
783335,1.3421715048794754e+03,3.1278080142411349e+00
783384,1.3421715048794754e+03,3.1278080142411349e+00
783433,1.3421715048794754e+03,3.1278080142411349e+00
783482,1.3421715048794754e+03,3.1278080142411349e+00
783531,1.3421715048794754e+03,3.1278080142411349e+00
783580,1.3421715048794754e+03,3.1278080142411349e+00
783629,1.3421715048794754e+03,3.1278080142411349e+00
783678,1.3421715048794754e+03,3.1278080142411349e+00
783727,1.3421715048794754e+03,3.1278080142411349e+00
783776,1.3421715048794754e+03,3.1278080142411349e+00
783825,1.3421715048794754e+03,3.1278080142411349e+00
783874,1.3421715048794754e+03,3.1278080142411349e+00
783923,1.3421715048794754e+03,3.1278080142411349e+00
783972,1.3421715048794754e+03,3.1278080142411349e+00
784021,1.3421715048794754e+03,3.1278080142411349e+00
784070,1.3421715048794754e+03,3.1278080142411349e+00
784119,1.3421715048794754e+03,3.1278080142411349e+00
784168,1.3421715048794754e+03,3.1278080142411349e+00
784217,1.3421715048794754e+03,3.1278080142411349e+00
784266,1.3421715048794754e+03,3.1278080142411349e+00
784315,1.3421715048794754e+03,3.1278080142411349e+00
784364,1.3421715048794754e+03,3.1278080142411349e+00
784413,1.3421715048794754e+03,3.1278080142411349e+00
784462,1.3421715048794754e+03,3.1278080142411349e+00
784511,1.3421715048794754e+03,3.1278080142411349e+00
784560,1.3421715048794754e+03,3.1278080142411349e+00
784609,1.3421715048794754e+03,3.1278080142411349e+00
784658,1.3421715048794754e+03,3.1278080142411349e+00
784707,1.3421715048794754e+03,3.1278080142411349e+00
784756,1.3421715048794754e+03,3.1278080142411349e+00
784805,1.3421715048794754e+03,3.1278080142411349e+00
784854,1.3421715048794754e+03,3.1278080142411349e+00
784903,1.3421715048794754e+03,3.1278080142411349e+00
784952,1.3421715048794754e+03,3.1278080142411349e+00
785001,1.3421715048794754e+03,3.1278080142411349e+00
785050,1.3421715048794754e+03,3.1278080142411349e+00
785099,1.3421715048794754e+03,3.1278080142411349e+00
785148,1.3421715048794754e+03,3.1278080142411349e+00
785197,1.3421715048794754e+03,3.1278080142411349e+00
785246,1.3421715048794754e+03,3.1278080142411349e+00
785295,1.3421715048794754e+03,3.1278080142411349e+00
785344,1.3421715048794754e+03,3.1278080142411349e+00
785393,1.3421715048794754e+03,3.1278080142411349e+00
785442,1.3421715048794754e+03,3.1278080142411349e+00
785491,1.3421715048794754e+03,3.1278080142411349e+00
785540,1.3421715048794754e+03,3.1278080142411349e+00
785589,1.3421715048794754e+03,3.1278080142411349e+00
785638,1.3421715048794754e+03,3.1278080142411349e+00
785687,1.3421715048794754e+03,3.1278080142411349e+00
785736,1.3421715048794754e+03,3.1278080142411349e+00
785785,1.3421715048794754e+03,3.1278080142411349e+00
785834,1.3421715048794754e+03,3.1278080142411349e+00
785883,1.3421715048794754e+03,3.1278080142411349e+00
785932,1.3421715048794754e+03,3.1278080142411349e+00
785981,1.3421715048794754e+03,3.1278080142411349e+00
786030,1.3421715048794754e+03,3.1278080142411349e+00
786079,1.3421715048794754e+03,3.1278080142411349e+00
786128,1.3421715048794754e+03,3.1278080142411349e+00
786177,1.3421715048794754e+03,3.1278080142411349e+00
786226,1.3421715048794754e+03,3.1278080142411349e+00
786275,1.3421715048794754e+03,3.1278080142411349e+00
786324,1.3421715048794754e+03,3.1278080142411349e+00
786373,1.3421715048794754e+03,3.1278080142411349e+00
786422,1.3421715048794754e+03,3.1278080142411349e+00
786471,1.3421715048794754e+03,3.1278080142411349e+00
786520,1.3421715048794754e+03,3.1278080142411349e+00
786569,1.3421715048794754e+03,3.1278080142411349e+00
786618,1.3421715048794754e+03,3.1278080142411349e+00
786667,1.3421715048794754e+03,3.1278080142411349e+00
786716,1.3421715048794754e+03,3.1278080142411349e+00
786765,1.3421715048794754e+03,3.1278080142411349e+00
786814,1.3421715048794754e+03,3.1278080142411349e+00
786863,1.3421715048794754e+03,3.1278080142411349e+00
786912,1.3421715048794754e+03,3.1278080142411349e+00
786961,1.3421715048794754e+03,3.1278080142411349e+00
787010,1.3421715048794754e+03,3.1278080142411349e+00
787059,1.3421715048794754e+03,3.1278080142411349e+00
787108,1.3421715048794754e+03,3.1278080142411349e+00
787157,1.3421715048794754e+03,3.1278080142411349e+00
787206,1.3421715048794754e+03,3.1278080142411349e+00
787255,1.3421715048794754e+03,3.1278080142411349e+00
787304,1.3421715048794754e+03,3.1278080142411349e+00
787353,1.3421715048794754e+03,3.1278080142411349e+00
787402,1.3421715048794754e+03,3.1278080142411349e+00
787451,1.3421715048794754e+03,3.1278080142411349e+00
787500,1.3421715048794754e+03,3.1278080142411349e+00
787549,1.3421715048794754e+03,3.1278080142411349e+00
787598,1.3421715048794754e+03,3.1278080142411349e+00
787646,1.3421715048794754e+03,3.1278080142411349e+00
787694,1.3421715048794754e+03,3.1278080142411349e+00
787742,1.3421715048794754e+03,3.1278080142411349e+00
787790,1.3421715048794754e+03,3.1278080142411349e+00
787838,1.3421715048794754e+03,3.1278080142411349e+00
787886,1.3421715048794754e+03,3.1278080142411349e+00
787934,1.3421715048794754e+03,3.1278080142411349e+00
787982,1.3421715048794754e+03,3.1278080142411349e+00
788030,1.3421715048794754e+03,3.1278080142411349e+00
788078,1.3421715048794754e+03,3.1278080142411349e+00
788126,1.3421715048794754e+03,3.1278080142411349e+00
788174,1.3421715048794754e+03,3.1278080142411349e+00
788222,1.3421715048794754e+03,3.1278080142411349e+00
788270,1.3421715048794754e+03,3.1278080142411349e+00
788318,1.3421715048794754e+03,3.1278080142411349e+00
788366,1.3421715048794754e+03,3.1278080142411349e+00
788414,1.3421715048794754e+03,3.1278080142411349e+00
788462,1.3421715048794754e+03,3.1278080142411349e+00
788510,1.3421715048794754e+03,3.1278080142411349e+00
788558,1.3421715048794754e+03,3.1278080142411349e+00
788606,1.3421715048794754e+03,3.1278080142411349e+00
788654,1.3421715048794754e+03,3.1278080142411349e+00
788702,1.3421715048794754e+03,3.1278080142411349e+00
788750,1.3421715048794754e+03,3.1278080142411349e+00
788798,1.3421715048794754e+03,3.1278080142411349e+00
788846,1.3421715048794754e+03,3.1278080142411349e+00
788894,1.3421715048794754e+03,3.1278080142411349e+00
788942,1.3421715048794754e+03,3.1278080142411349e+00
788990,1.3421715048794754e+03,3.1278080142411349e+00
789038,1.3421715048794754e+03,3.1278080142411349e+00
789086,1.3421715048794754e+03,3.1278080142411349e+00
789134,1.3421715048794754e+03,3.1278080142411349e+00
789182,1.3421715048794754e+03,3.1278080142411349e+00
789230,1.3421715048794754e+03,3.1278080142411349e+00
789278,1.3421715048794754e+03,3.1278080142411349e+00
789326,1.3421715048794754e+03,3.1278080142411349e+00
789374,1.3421715048794754e+03,3.1278080142411349e+00
789422,1.3421715048794754e+03,3.1278080142411349e+00
789470,1.3421715048794754e+03,3.1278080142411349e+00
789518,1.3421715048794754e+03,3.1278080142411349e+00
789566,1.3421715048794754e+03,3.1278080142411349e+00
789614,1.3421715048794754e+03,3.1278080142411349e+00
789662,1.3421715048794754e+03,3.1278080142411349e+00
789710,1.3421715048794754e+03,3.1278080142411349e+00
789758,1.3421715048794754e+03,3.1278080142411349e+00
789806,1.3421715048794754e+03,3.1278080142411349e+00
789854,1.3421715048794754e+03,3.1278080142411349e+00
789902,1.3421715048794754e+03,3.1278080142411349e+00
789950,1.3421715048794754e+03,3.1278080142411349e+00
789998,1.3421715048794754e+03,3.1278080142411349e+00
790046,1.3421715048794754e+03,3.1278080142411349e+00
790094,1.3421715048794754e+03,3.1278080142411349e+00
790142,1.3421715048794754e+03,3.1278080142411349e+00
790190,1.3421715048794754e+03,3.1278080142411349e+00
790238,1.3421715048794754e+03,3.1278080142411349e+00
790286,1.3421715048794754e+03,3.1278080142411349e+00
790334,1.3421715048794754e+03,3.1278080142411349e+00
790382,1.3421715048794754e+03,3.1278080142411349e+00
790430,1.3421715048794754e+03,3.1278080142411349e+00
790478,1.3421715048794754e+03,3.1278080142411349e+00
790526,1.3421715048794754e+03,3.1278080142411349e+00
790574,1.3421715048794754e+03,3.1278080142411349e+00
790622,1.3421715048794754e+03,3.1278080142411349e+00
790670,1.3421715048794754e+03,3.1278080142411349e+00
790718,1.3421715048794754e+03,3.1278080142411349e+00
790766,1.3421715048794754e+03,3.1278080142411349e+00
790814,1.3421715048794754e+03,3.1278080142411349e+00
790862,1.3421715048794754e+03,3.1278080142411349e+00
790910,1.3421715048794754e+03,3.1278080142411349e+00
790958,1.3421715048794754e+03,3.1278080142411349e+00
791006,1.3421715048794754e+03,3.1278080142411349e+00
791054,1.3421715048794754e+03,3.1278080142411349e+00
791102,1.3421715048794754e+03,3.1278080142411349e+00
791150,1.3421715048794754e+03,3.1278080142411349e+00
791198,1.3421715048794754e+03,3.1278080142411349e+00
791246,1.3421715048794754e+03,3.1278080142411349e+00
791294,1.3421715048794754e+03,3.1278080142411349e+00
791342,1.3421715048794754e+03,3.1278080142411349e+00
791390,1.3421715048794754e+03,3.1278080142411349e+00
791438,1.3421715048794754e+03,3.1278080142411349e+00
791486,1.3421715048794754e+03,3.1278080142411349e+00
791534,1.3421715048794754e+03,3.1278080142411349e+00
791582,1.3421715048794754e+03,3.1278080142411349e+00
791630,1.3421715048794754e+03,3.1278080142411349e+00
791678,1.3421715048794754e+03,3.1278080142411349e+00
791726,1.3421715048794754e+03,3.1278080142411349e+00
791774,1.3421715048794754e+03,3.1278080142411349e+00
791822,1.3421715048794754e+03,3.1278080142411349e+00
791870,1.3421715048794754e+03,3.1278080142411349e+00
791918,1.3421715048794754e+03,3.1278080142411349e+00
791966,1.3421715048794754e+03,3.1278080142411349e+00
792013,1.3421715048794754e+03,3.1278080142411349e+00
792060,1.3421715048794754e+03,3.1278080142411349e+00
792107,1.3421715048794754e+03,3.1278080142411349e+00
792154,1.3421715048794754e+03,3.1278080142411349e+00
792201,1.3421715048794754e+03,3.1278080142411349e+00
792248,1.3421715048794754e+03,3.1278080142411349e+00
792295,1.3421715048794754e+03,3.1278080142411349e+00
792342,1.3421715048794754e+03,3.1278080142411349e+00
792389,1.3421715048794754e+03,3.1278080142411349e+00
792436,1.3421715048794754e+03,3.1278080142411349e+00
792483,1.3421715048794754e+03,3.1278080142411349e+00
792530,1.3421715048794754e+03,3.1278080142411349e+00
792577,1.3421715048794754e+03,3.1278080142411349e+00
792624,1.3421715048794754e+03,3.1278080142411349e+00
792671,1.3421715048794754e+03,3.1278080142411349e+00
792718,1.3421715048794754e+03,3.1278080142411349e+00
792765,1.3421715048794754e+03,3.1278080142411349e+00
792812,1.3421715048794754e+03,3.1278080142411349e+00
792859,1.3421715048794754e+03,3.1278080142411349e+00
792906,1.3421715048794754e+03,3.1278080142411349e+00
792953,1.3421715048794754e+03,3.1278080142411349e+00
793000,1.3421715048794754e+03,3.1278080142411349e+00
793047,1.3421715048794754e+03,3.1278080142411349e+00
793094,1.3421715048794754e+03,3.1278080142411349e+00
793141,1.3421715048794754e+03,3.1278080142411349e+00
793188,1.3421715048794754e+03,3.1278080142411349e+00
793235,1.3421715048794754e+03,3.1278080142411349e+00
793282,1.3421715048794754e+03,3.1278080142411349e+00
793329,1.3421715048794754e+03,3.1278080142411349e+00
793376,1.3421715048794754e+03,3.1278080142411349e+00
793423,1.3421715048794754e+03,3.1278080142411349e+00
793470,1.3421715048794754e+03,3.1278080142411349e+00
793517,1.3421715048794754e+03,3.1278080142411349e+00
793564,1.3421715048794754e+03,3.1278080142411349e+00
793611,1.3421715048794754e+03,3.1278080142411349e+00
793658,1.3421715048794754e+03,3.1278080142411349e+00
793705,1.3421715048794754e+03,3.1278080142411349e+00
793752,1.3421715048794754e+03,3.1278080142411349e+00
793799,1.3421715048794754e+03,3.1278080142411349e+00
793846,1.3421715048794754e+03,3.1278080142411349e+00
793893,1.3421715048794754e+03,3.1278080142411349e+00
793940,1.3421715048794754e+03,3.1278080142411349e+00
793987,1.3421715048794754e+03,3.1278080142411349e+00
794034,1.3421715048794754e+03,3.1278080142411349e+00
794081,1.3421715048794754e+03,3.1278080142411349e+00
794128,1.3421715048794754e+03,3.1278080142411349e+00
794175,1.3421715048794754e+03,3.1278080142411349e+00
794222,1.3421715048794754e+03,3.1278080142411349e+00
794269,1.3421715048794754e+03,3.1278080142411349e+00
794316,1.3421715048794754e+03,3.1278080142411349e+00
794363,1.3421715048794754e+03,3.1278080142411349e+00
794410,1.3421715048794754e+03,3.1278080142411349e+00
794457,1.3421715048794754e+03,3.1278080142411349e+00
794504,1.3421715048794754e+03,3.1278080142411349e+00
794551,1.3421715048794754e+03,3.1278080142411349e+00
794598,1.3421715048794754e+03,3.1278080142411349e+00
794645,1.3421715048794754e+03,3.1278080142411349e+00
794692,1.3421715048794754e+03,3.1278080142411349e+00
794739,1.3421715048794754e+03,3.1278080142411349e+00
794786,1.3421715048794754e+03,3.1278080142411349e+00
794833,1.3421715048794754e+03,3.1278080142411349e+00
794880,1.3421715048794754e+03,3.1278080142411349e+00
794927,1.3421715048794754e+03,3.1278080142411349e+00
794974,1.3421715048794754e+03,3.1278080142411349e+00
795021,1.3421715048794754e+03,3.1278080142411349e+00
795068,1.3421715048794754e+03,3.1278080142411349e+00
795115,1.3421715048794754e+03,3.1278080142411349e+00
795162,1.3421715048794754e+03,3.1278080142411349e+00
795209,1.3421715048794754e+03,3.1278080142411349e+00
795256,1.3421715048794754e+03,3.1278080142411349e+00
795303,1.3421715048794754e+03,3.1278080142411349e+00
795350,1.3421715048794754e+03,3.1278080142411349e+00
795397,1.3421715048794754e+03,3.1278080142411349e+00
795444,1.3421715048794754e+03,3.1278080142411349e+00
795491,1.3421715048794754e+03,3.1278080142411349e+00
795538,1.3421715048794754e+03,3.1278080142411349e+00
795585,1.3421715048794754e+03,3.1278080142411349e+00
795632,1.3421715048794754e+03,3.1278080142411349e+00
795679,1.3421715048794754e+03,3.1278080142411349e+00
795726,1.3421715048794754e+03,3.1278080142411349e+00
795773,1.3421715048794754e+03,3.1278080142411349e+00
795820,1.3421715048794754e+03,3.1278080142411349e+00
795867,1.3421715048794754e+03,3.1278080142411349e+00
795914,1.3421715048794754e+03,3.1278080142411349e+00
795961,1.3421715048794754e+03,3.1278080142411349e+00
796008,1.3421715048794754e+03,3.1278080142411349e+00
796055,1.3421715048794754e+03,3.1278080142411349e+00
796102,1.3421715048794754e+03,3.1278080142411349e+00
796149,1.3421715048794754e+03,3.1278080142411349e+00
796196,1.3421715048794754e+03,3.1278080142411349e+00
796243,1.3421715048794754e+03,3.1278080142411349e+00
796290,1.3421715048794754e+03,3.1278080142411349e+00
796337,1.3421715048794754e+03,3.1278080142411349e+00
796384,1.3421715048794754e+03,3.1278080142411349e+00
796431,1.3421715048794754e+03,3.1278080142411349e+00
796478,1.3421715048794754e+03,3.1278080142411349e+00
796524,1.3421715048794754e+03,3.1278080142411349e+00
796570,1.3421715048794754e+03,3.1278080142411349e+00
796616,1.3421715048794754e+03,3.1278080142411349e+00
796662,1.3421715048794754e+03,3.1278080142411349e+00
796708,1.3421715048794754e+03,3.1278080142411349e+00
796754,1.3421715048794754e+03,3.1278080142411349e+00
796800,1.3421715048794754e+03,3.1278080142411349e+00
796846,1.3421715048794754e+03,3.1278080142411349e+00
796892,1.3421715048794754e+03,3.1278080142411349e+00
796938,1.3421715048794754e+03,3.1278080142411349e+00
796984,1.3421715048794754e+03,3.1278080142411349e+00
797030,1.3421715048794754e+03,3.1278080142411349e+00
797076,1.3421715048794754e+03,3.1278080142411349e+00
797122,1.3421715048794754e+03,3.1278080142411349e+00
797168,1.3421715048794754e+03,3.1278080142411349e+00
797214,1.3421715048794754e+03,3.1278080142411349e+00
797260,1.3421715048794754e+03,3.1278080142411349e+00
797306,1.3421715048794754e+03,3.1278080142411349e+00
797352,1.3421715048794754e+03,3.1278080142411349e+00
797398,1.3421715048794754e+03,3.1278080142411349e+00
797444,1.3421715048794754e+03,3.1278080142411349e+00
797490,1.3421715048794754e+03,3.1278080142411349e+00
797536,1.3421715048794754e+03,3.1278080142411349e+00
797582,1.3421715048794754e+03,3.1278080142411349e+00
797628,1.3421715048794754e+03,3.1278080142411349e+00
797674,1.3421715048794754e+03,3.1278080142411349e+00
797720,1.3421715048794754e+03,3.1278080142411349e+00
797766,1.3421715048794754e+03,3.1278080142411349e+00
797812,1.3421715048794754e+03,3.1278080142411349e+00
797858,1.3421715048794754e+03,3.1278080142411349e+00
797904,1.3421715048794754e+03,3.1278080142411349e+00
797950,1.3421715048794754e+03,3.1278080142411349e+00
797996,1.3421715048794754e+03,3.1278080142411349e+00
798042,1.3421715048794754e+03,3.1278080142411349e+00
798088,1.3421715048794754e+03,3.1278080142411349e+00
798134,1.3421715048794754e+03,3.1278080142411349e+00
798180,1.3421715048794754e+03,3.1278080142411349e+00
798226,1.3421715048794754e+03,3.1278080142411349e+00
798272,1.3421715048794754e+03,3.1278080142411349e+00
798318,1.3421715048794754e+03,3.1278080142411349e+00
798364,1.3421715048794754e+03,3.1278080142411349e+00
798410,1.3421715048794754e+03,3.1278080142411349e+00
798456,1.3421715048794754e+03,3.1278080142411349e+00
798502,1.3421715048794754e+03,3.1278080142411349e+00
798548,1.3421715048794754e+03,3.1278080142411349e+00
798594,1.3421715048794754e+03,3.1278080142411349e+00
798640,1.3421715048794754e+03,3.1278080142411349e+00
798686,1.3421715048794754e+03,3.1278080142411349e+00
798732,1.3421715048794754e+03,3.1278080142411349e+00
798778,1.3421715048794754e+03,3.1278080142411349e+00
798824,1.3421715048794754e+03,3.1278080142411349e+00
798870,1.3421715048794754e+03,3.1278080142411349e+00
798916,1.3421715048794754e+03,3.1278080142411349e+00
798962,1.3421715048794754e+03,3.1278080142411349e+00
799008,1.3421715048794754e+03,3.1278080142411349e+00
799054,1.3421715048794754e+03,3.1278080142411349e+00
799100,1.3421715048794754e+03,3.1278080142411349e+00
799146,1.3421715048794754e+03,3.1278080142411349e+00
799192,1.3421715048794754e+03,3.1278080142411349e+00
799238,1.3421715048794754e+03,3.1278080142411349e+00
799284,1.3421715048794754e+03,3.1278080142411349e+00
799330,1.3421715048794754e+03,3.1278080142411349e+00
799376,1.3421715048794754e+03,3.1278080142411349e+00
799422,1.3421715048794754e+03,3.1278080142411349e+00
799468,1.3421715048794754e+03,3.1278080142411349e+00
799514,1.3421715048794754e+03,3.1278080142411349e+00
799560,1.3421715048794754e+03,3.1278080142411349e+00
799606,1.3421715048794754e+03,3.1278080142411349e+00
799652,1.3421715048794754e+03,3.1278080142411349e+00
799698,1.3421715048794754e+03,3.1278080142411349e+00
799744,1.3421715048794754e+03,3.1278080142411349e+00
799790,1.3421715048794754e+03,3.1278080142411349e+00
799836,1.3421715048794754e+03,3.1278080142411349e+00
799882,1.3421715048794754e+03,3.1278080142411349e+00
799928,1.3421715048794754e+03,3.1278080142411349e+00
799974,1.3421715048794754e+03,3.1278080142411349e+00
800020,1.3421715048794754e+03,3.1278080142411349e+00
800066,1.3421715048794754e+03,3.1278080142411349e+00
800112,1.3421715048794754e+03,3.1278080142411349e+00
800158,1.3421715048794754e+03,3.1278080142411349e+00
800204,1.3421715048794754e+03,3.1278080142411349e+00
800250,1.3421715048794754e+03,3.1278080142411349e+00
800296,1.3421715048794754e+03,3.1278080142411349e+00
800342,1.3421715048794754e+03,3.1278080142411349e+00
800388,1.3421715048794754e+03,3.1278080142411349e+00
800434,1.3421715048794754e+03,3.1278080142411349e+00
800480,1.3421715048794754e+03,3.1278080142411349e+00
800526,1.3421715048794754e+03,3.1278080142411349e+00
800572,1.3421715048794754e+03,3.1278080142411349e+00
800618,1.3421715048794754e+03,3.1278080142411349e+00
800664,1.3421715048794754e+03,3.1278080142411349e+00
800710,1.3421715048794754e+03,3.1278080142411349e+00
800756,1.3421715048794754e+03,3.1278080142411349e+00
800802,1.3421715048794754e+03,3.1278080142411349e+00
800848,1.3421715048794754e+03,3.1278080142411349e+00
800894,1.3421715048794754e+03,3.1278080142411349e+00
800940,1.3421715048794754e+03,3.1278080142411349e+00
800986,1.3421715048794754e+03,3.1278080142411349e+00
801032,1.3421715048794754e+03,3.1278080142411349e+00
801078,1.3421715048794754e+03,3.1278080142411349e+00
801124,1.3421715048794754e+03,3.1278080142411349e+00
801169,1.3421715048794754e+03,3.1278080142411349e+00
801214,1.3421715048794754e+03,3.1278080142411349e+00
801259,1.3421715048794754e+03,3.1278080142411349e+00
801304,1.3421715048794754e+03,3.1278080142411349e+00
801349,1.3421715048794754e+03,3.1278080142411349e+00
801394,1.3421715048794754e+03,3.1278080142411349e+00
801439,1.3421715048794754e+03,3.1278080142411349e+00
801484,1.3421715048794754e+03,3.1278080142411349e+00
801529,1.3421715048794754e+03,3.1278080142411349e+00
801574,1.3421715048794754e+03,3.1278080142411349e+00
801619,1.3421715048794754e+03,3.1278080142411349e+00
801664,1.3421715048794754e+03,3.1278080142411349e+00
801709,1.3421715048794754e+03,3.1278080142411349e+00
801754,1.3421715048794754e+03,3.1278080142411349e+00
801799,1.3421715048794754e+03,3.1278080142411349e+00
801844,1.3421715048794754e+03,3.1278080142411349e+00
801889,1.3421715048794754e+03,3.1278080142411349e+00
801934,1.3421715048794754e+03,3.1278080142411349e+00
801979,1.3421715048794754e+03,3.1278080142411349e+00
802024,1.3421715048794754e+03,3.1278080142411349e+00
802069,1.3421715048794754e+03,3.1278080142411349e+00
802114,1.3421715048794754e+03,3.1278080142411349e+00
802159,1.3421715048794754e+03,3.1278080142411349e+00
802204,1.3421715048794754e+03,3.1278080142411349e+00
802249,1.3421715048794754e+03,3.1278080142411349e+00
802294,1.3421715048794754e+03,3.1278080142411349e+00
802339,1.3421715048794754e+03,3.1278080142411349e+00
802384,1.3421715048794754e+03,3.1278080142411349e+00
802429,1.3421715048794754e+03,3.1278080142411349e+00
802474,1.3421715048794754e+03,3.1278080142411349e+00
802519,1.3421715048794754e+03,3.1278080142411349e+00
802564,1.3421715048794754e+03,3.1278080142411349e+00
802609,1.3421715048794754e+03,3.1278080142411349e+00
802654,1.3421715048794754e+03,3.1278080142411349e+00
802699,1.3421715048794754e+03,3.1278080142411349e+00
802744,1.3421715048794754e+03,3.1278080142411349e+00
802789,1.3421715048794754e+03,3.1278080142411349e+00
802834,1.3421715048794754e+03,3.1278080142411349e+00
802879,1.3421715048794754e+03,3.1278080142411349e+00
802924,1.3421715048794754e+03,3.1278080142411349e+00
802969,1.3421715048794754e+03,3.1278080142411349e+00
803014,1.3421715048794754e+03,3.1278080142411349e+00
803059,1.3421715048794754e+03,3.1278080142411349e+00
803104,1.3421715048794754e+03,3.1278080142411349e+00
803149,1.3421715048794754e+03,3.1278080142411349e+00
803194,1.3421715048794754e+03,3.1278080142411349e+00
803239,1.3421715048794754e+03,3.1278080142411349e+00
803284,1.3421715048794754e+03,3.1278080142411349e+00
803329,1.3421715048794754e+03,3.1278080142411349e+00
803374,1.3421715048794754e+03,3.1278080142411349e+00
803419,1.3421715048794754e+03,3.1278080142411349e+00
803464,1.3421715048794754e+03,3.1278080142411349e+00
803509,1.3421715048794754e+03,3.1278080142411349e+00
803554,1.3421715048794754e+03,3.1278080142411349e+00
803599,1.3421715048794754e+03,3.1278080142411349e+00
803644,1.3421715048794754e+03,3.1278080142411349e+00
803689,1.3421715048794754e+03,3.1278080142411349e+00
803734,1.3421715048794754e+03,3.1278080142411349e+00
803779,1.3421715048794754e+03,3.1278080142411349e+00
803824,1.3421715048794754e+03,3.1278080142411349e+00
803869,1.3421715048794754e+03,3.1278080142411349e+00
803914,1.3421715048794754e+03,3.1278080142411349e+00
803959,1.3421715048794754e+03,3.1278080142411349e+00
804004,1.3421715048794754e+03,3.1278080142411349e+00
804049,1.3421715048794754e+03,3.1278080142411349e+00
804094,1.3421715048794754e+03,3.1278080142411349e+00
804139,1.3421715048794754e+03,3.1278080142411349e+00
804184,1.3421715048794754e+03,3.1278080142411349e+00
804229,1.3421715048794754e+03,3.1278080142411349e+00
804274,1.3421715048794754e+03,3.1278080142411349e+00
804319,1.3421715048794754e+03,3.1278080142411349e+00
804364,1.3421715048794754e+03,3.1278080142411349e+00
804409,1.3421715048794754e+03,3.1278080142411349e+00
804454,1.3421715048794754e+03,3.1278080142411349e+00
804499,1.3421715048794754e+03,3.1278080142411349e+00
804544,1.3421715048794754e+03,3.1278080142411349e+00
804589,1.3421715048794754e+03,3.1278080142411349e+00
804634,1.3421715048794754e+03,3.1278080142411349e+00
804679,1.3421715048794754e+03,3.1278080142411349e+00
804724,1.3421715048794754e+03,3.1278080142411349e+00
804769,1.3421715048794754e+03,3.1278080142411349e+00
804814,1.3421715048794754e+03,3.1278080142411349e+00
804859,1.3421715048794754e+03,3.1278080142411349e+00
804904,1.3421715048794754e+03,3.1278080142411349e+00
804949,1.3421715048794754e+03,3.1278080142411349e+00
804994,1.3421715048794754e+03,3.1278080142411349e+00
805039,1.3421715048794754e+03,3.1278080142411349e+00
805084,1.3421715048794754e+03,3.1278080142411349e+00
805129,1.3421715048794754e+03,3.1278080142411349e+00
805174,1.3421715048794754e+03,3.1278080142411349e+00
805219,1.3421715048794754e+03,3.1278080142411349e+00
805264,1.3421715048794754e+03,3.1278080142411349e+00
805309,1.3421715048794754e+03,3.1278080142411349e+00
805354,1.3421715048794754e+03,3.1278080142411349e+00
805399,1.3421715048794754e+03,3.1278080142411349e+00
805444,1.3421715048794754e+03,3.1278080142411349e+00
805489,1.3421715048794754e+03,3.1278080142411349e+00
805534,1.3421715048794754e+03,3.1278080142411349e+00
805579,1.3421715048794754e+03,3.1278080142411349e+00
805624,1.3421715048794754e+03,3.1278080142411349e+00
805669,1.3421715048794754e+03,3.1278080142411349e+00
805714,1.3421715048794754e+03,3.1278080142411349e+00
805759,1.3421715048794754e+03,3.1278080142411349e+00
805804,1.3421715048794754e+03,3.1278080142411349e+00
805849,1.3421715048794754e+03,3.1278080142411349e+00
805893,1.3421715048794754e+03,3.1278080142411349e+00
805937,1.3421715048794754e+03,3.1278080142411349e+00
805981,1.3421715048794754e+03,3.1278080142411349e+00
806025,1.3421715048794754e+03,3.1278080142411349e+00
806069,1.3421715048794754e+03,3.1278080142411349e+00
806113,1.3421715048794754e+03,3.1278080142411349e+00
806157,1.3421715048794754e+03,3.1278080142411349e+00
806201,1.3421715048794754e+03,3.1278080142411349e+00
806245,1.3421715048794754e+03,3.1278080142411349e+00
806289,1.3421715048794754e+03,3.1278080142411349e+00
806333,1.3421715048794754e+03,3.1278080142411349e+00
806377,1.3421715048794754e+03,3.1278080142411349e+00
806421,1.3421715048794754e+03,3.1278080142411349e+00
806465,1.3421715048794754e+03,3.1278080142411349e+00
806509,1.3421715048794754e+03,3.1278080142411349e+00
806553,1.3421715048794754e+03,3.1278080142411349e+00
806597,1.3421715048794754e+03,3.1278080142411349e+00
806641,1.3421715048794754e+03,3.1278080142411349e+00
806685,1.3421715048794754e+03,3.1278080142411349e+00
806729,1.3421715048794754e+03,3.1278080142411349e+00
806773,1.3421715048794754e+03,3.1278080142411349e+00
806817,1.3421715048794754e+03,3.1278080142411349e+00
806861,1.3421715048794754e+03,3.1278080142411349e+00
806905,1.3421715048794754e+03,3.1278080142411349e+00
806949,1.3421715048794754e+03,3.1278080142411349e+00
806993,1.3421715048794754e+03,3.1278080142411349e+00
807037,1.3421715048794754e+03,3.1278080142411349e+00
807081,1.3421715048794754e+03,3.1278080142411349e+00
807125,1.3421715048794754e+03,3.1278080142411349e+00
807169,1.3421715048794754e+03,3.1278080142411349e+00
807213,1.3421715048794754e+03,3.1278080142411349e+00
807257,1.3421715048794754e+03,3.1278080142411349e+00
807301,1.3421715048794754e+03,3.1278080142411349e+00
807345,1.3421715048794754e+03,3.1278080142411349e+00
807389,1.3421715048794754e+03,3.1278080142411349e+00
807433,1.3421715048794754e+03,3.1278080142411349e+00
807477,1.3421715048794754e+03,3.1278080142411349e+00
807521,1.3421715048794754e+03,3.1278080142411349e+00
807565,1.3421715048794754e+03,3.1278080142411349e+00
807609,1.3421715048794754e+03,3.1278080142411349e+00
807653,1.3421715048794754e+03,3.1278080142411349e+00
807697,1.3421715048794754e+03,3.1278080142411349e+00
807741,1.3421715048794754e+03,3.1278080142411349e+00
807785,1.3421715048794754e+03,3.1278080142411349e+00
807829,1.3421715048794754e+03,3.1278080142411349e+00
807873,1.3421715048794754e+03,3.1278080142411349e+00
807917,1.3421715048794754e+03,3.1278080142411349e+00
807961,1.3421715048794754e+03,3.1278080142411349e+00
808005,1.3421715048794754e+03,3.1278080142411349e+00
808049,1.3421715048794754e+03,3.1278080142411349e+00
808093,1.3421715048794754e+03,3.1278080142411349e+00
808137,1.3421715048794754e+03,3.1278080142411349e+00
808181,1.3421715048794754e+03,3.1278080142411349e+00
808225,1.3421715048794754e+03,3.1278080142411349e+00
808269,1.3421715048794754e+03,3.1278080142411349e+00
808313,1.3421715048794754e+03,3.1278080142411349e+00
808357,1.3421715048794754e+03,3.1278080142411349e+00
808401,1.3421715048794754e+03,3.1278080142411349e+00
808445,1.3421715048794754e+03,3.1278080142411349e+00
808489,1.3421715048794754e+03,3.1278080142411349e+00
808533,1.3421715048794754e+03,3.1278080142411349e+00
808577,1.3421715048794754e+03,3.1278080142411349e+00
808621,1.3421715048794754e+03,3.1278080142411349e+00
808665,1.3421715048794754e+03,3.1278080142411349e+00
808709,1.3421715048794754e+03,3.1278080142411349e+00
808753,1.3421715048794754e+03,3.1278080142411349e+00
808797,1.3421715048794754e+03,3.1278080142411349e+00
808841,1.3421715048794754e+03,3.1278080142411349e+00
808885,1.3421715048794754e+03,3.1278080142411349e+00
808929,1.3421715048794754e+03,3.1278080142411349e+00
808973,1.3421715048794754e+03,3.1278080142411349e+00
809017,1.3421715048794754e+03,3.1278080142411349e+00
809061,1.3421715048794754e+03,3.1278080142411349e+00
809105,1.3421715048794754e+03,3.1278080142411349e+00
809149,1.3421715048794754e+03,3.1278080142411349e+00
809193,1.3421715048794754e+03,3.1278080142411349e+00
809237,1.3421715048794754e+03,3.1278080142411349e+00
809281,1.3421715048794754e+03,3.1278080142411349e+00
809325,1.3421715048794754e+03,3.1278080142411349e+00
809369,1.3421715048794754e+03,3.1278080142411349e+00
809413,1.3421715048794754e+03,3.1278080142411349e+00
809457,1.3421715048794754e+03,3.1278080142411349e+00
809501,1.3421715048794754e+03,3.1278080142411349e+00
809545,1.3421715048794754e+03,3.1278080142411349e+00
809589,1.3421715048794754e+03,3.1278080142411349e+00
809633,1.3421715048794754e+03,3.1278080142411349e+00
809677,1.3421715048794754e+03,3.1278080142411349e+00
809721,1.3421715048794754e+03,3.1278080142411349e+00
809765,1.3421715048794754e+03,3.1278080142411349e+00
809809,1.3421715048794754e+03,3.1278080142411349e+00
809853,1.3421715048794754e+03,3.1278080142411349e+00
809897,1.3421715048794754e+03,3.1278080142411349e+00
809941,1.3421715048794754e+03,3.1278080142411349e+00
809985,1.3421715048794754e+03,3.1278080142411349e+00
810029,1.3421715048794754e+03,3.1278080142411349e+00
810073,1.3421715048794754e+03,3.1278080142411349e+00
810117,1.3421715048794754e+03,3.1278080142411349e+00
810161,1.3421715048794754e+03,3.1278080142411349e+00
810205,1.3421715048794754e+03,3.1278080142411349e+00
810249,1.3421715048794754e+03,3.1278080142411349e+00
810293,1.3421715048794754e+03,3.1278080142411349e+00
810337,1.3421715048794754e+03,3.1278080142411349e+00
810381,1.3421715048794754e+03,3.1278080142411349e+00
810425,1.3421715048794754e+03,3.1278080142411349e+00
810469,1.3421715048794754e+03,3.1278080142411349e+00
810513,1.3421715048794754e+03,3.1278080142411349e+00
810557,1.3421715048794754e+03,3.1278080142411349e+00
810601,1.3421715048794754e+03,3.1278080142411349e+00
810645,1.3421715048794754e+03,3.1278080142411349e+00
810689,1.3421715048794754e+03,3.1278080142411349e+00
810733,1.3421715048794754e+03,3.1278080142411349e+00
810776,1.3421715048794754e+03,3.1278080142411349e+00
810819,1.3421715048794754e+03,3.1278080142411349e+00
810862,1.3421715048794754e+03,3.1278080142411349e+00
810905,1.3421715048794754e+03,3.1278080142411349e+00
810948,1.3421715048794754e+03,3.1278080142411349e+00
810991,1.3421715048794754e+03,3.1278080142411349e+00
811034,1.3421715048794754e+03,3.1278080142411349e+00
811077,1.3421715048794754e+03,3.1278080142411349e+00
811120,1.3421715048794754e+03,3.1278080142411349e+00
811163,1.3421715048794754e+03,3.1278080142411349e+00
811206,1.3421715048794754e+03,3.1278080142411349e+00
811249,1.3421715048794754e+03,3.1278080142411349e+00
811292,1.3421715048794754e+03,3.1278080142411349e+00
811335,1.3421715048794754e+03,3.1278080142411349e+00
811378,1.3421715048794754e+03,3.1278080142411349e+00
811421,1.3421715048794754e+03,3.1278080142411349e+00
811464,1.3421715048794754e+03,3.1278080142411349e+00
811507,1.3421715048794754e+03,3.1278080142411349e+00
811550,1.3421715048794754e+03,3.1278080142411349e+00
811593,1.3421715048794754e+03,3.1278080142411349e+00
811636,1.3421715048794754e+03,3.1278080142411349e+00
811679,1.3421715048794754e+03,3.1278080142411349e+00
811722,1.3421715048794754e+03,3.1278080142411349e+00
811765,1.3421715048794754e+03,3.1278080142411349e+00
811808,1.3421715048794754e+03,3.1278080142411349e+00
811851,1.3421715048794754e+03,3.1278080142411349e+00
811894,1.3421715048794754e+03,3.1278080142411349e+00
811937,1.3421715048794754e+03,3.1278080142411349e+00
811980,1.3421715048794754e+03,3.1278080142411349e+00
812023,1.3421715048794754e+03,3.1278080142411349e+00
812066,1.3421715048794754e+03,3.1278080142411349e+00
812109,1.3421715048794754e+03,3.1278080142411349e+00
812152,1.3421715048794754e+03,3.1278080142411349e+00
812195,1.3421715048794754e+03,3.1278080142411349e+00
812238,1.3421715048794754e+03,3.1278080142411349e+00
812281,1.3421715048794754e+03,3.1278080142411349e+00
812324,1.3421715048794754e+03,3.1278080142411349e+00
812367,1.3421715048794754e+03,3.1278080142411349e+00
812410,1.3421715048794754e+03,3.1278080142411349e+00
812453,1.3421715048794754e+03,3.1278080142411349e+00
812496,1.3421715048794754e+03,3.1278080142411349e+00
812539,1.3421715048794754e+03,3.1278080142411349e+00
812582,1.3421715048794754e+03,3.1278080142411349e+00
812625,1.3421715048794754e+03,3.1278080142411349e+00
812668,1.3421715048794754e+03,3.1278080142411349e+00
812711,1.3421715048794754e+03,3.1278080142411349e+00
812754,1.3421715048794754e+03,3.1278080142411349e+00
812797,1.3421715048794754e+03,3.1278080142411349e+00
812840,1.3421715048794754e+03,3.1278080142411349e+00
812883,1.3421715048794754e+03,3.1278080142411349e+00
812926,1.3421715048794754e+03,3.1278080142411349e+00
812969,1.3421715048794754e+03,3.1278080142411349e+00
813012,1.3421715048794754e+03,3.1278080142411349e+00
813055,1.3421715048794754e+03,3.1278080142411349e+00
813098,1.3421715048794754e+03,3.1278080142411349e+00
813141,1.3421715048794754e+03,3.1278080142411349e+00
813184,1.3421715048794754e+03,3.1278080142411349e+00
813227,1.3421715048794754e+03,3.1278080142411349e+00
813270,1.3421715048794754e+03,3.1278080142411349e+00
813313,1.3421715048794754e+03,3.1278080142411349e+00
813356,1.3421715048794754e+03,3.1278080142411349e+00
813399,1.3421715048794754e+03,3.1278080142411349e+00
813442,1.3421715048794754e+03,3.1278080142411349e+00
813485,1.3421715048794754e+03,3.1278080142411349e+00
813528,1.3421715048794754e+03,3.1278080142411349e+00
813571,1.3421715048794754e+03,3.1278080142411349e+00
813614,1.3421715048794754e+03,3.1278080142411349e+00
813657,1.3421715048794754e+03,3.1278080142411349e+00
813700,1.3421715048794754e+03,3.1278080142411349e+00
813743,1.3421715048794754e+03,3.1278080142411349e+00
813786,1.3421715048794754e+03,3.1278080142411349e+00
813829,1.3421715048794754e+03,3.1278080142411349e+00
813872,1.3421715048794754e+03,3.1278080142411349e+00
813915,1.3421715048794754e+03,3.1278080142411349e+00
813958,1.3421715048794754e+03,3.1278080142411349e+00
814001,1.3421715048794754e+03,3.1278080142411349e+00
814044,1.3421715048794754e+03,3.1278080142411349e+00
814087,1.3421715048794754e+03,3.1278080142411349e+00
814130,1.3421715048794754e+03,3.1278080142411349e+00
814173,1.3421715048794754e+03,3.1278080142411349e+00
814216,1.3421715048794754e+03,3.1278080142411349e+00
814259,1.3421715048794754e+03,3.1278080142411349e+00
814302,1.3421715048794754e+03,3.1278080142411349e+00
814345,1.3421715048794754e+03,3.1278080142411349e+00
814388,1.3421715048794754e+03,3.1278080142411349e+00
814431,1.3421715048794754e+03,3.1278080142411349e+00
814474,1.3421715048794754e+03,3.1278080142411349e+00
814517,1.3421715048794754e+03,3.1278080142411349e+00
814560,1.3421715048794754e+03,3.1278080142411349e+00
814603,1.3421715048794754e+03,3.1278080142411349e+00
814646,1.3421715048794754e+03,3.1278080142411349e+00
814689,1.3421715048794754e+03,3.1278080142411349e+00
814732,1.3421715048794754e+03,3.1278080142411349e+00
814775,1.3421715048794754e+03,3.1278080142411349e+00
814818,1.3421715048794754e+03,3.1278080142411349e+00
814861,1.3421715048794754e+03,3.1278080142411349e+00
814904,1.3421715048794754e+03,3.1278080142411349e+00
814947,1.3421715048794754e+03,3.1278080142411349e+00
814990,1.3421715048794754e+03,3.1278080142411349e+00
815033,1.3421715048794754e+03,3.1278080142411349e+00
815076,1.3421715048794754e+03,3.1278080142411349e+00
815119,1.3421715048794754e+03,3.1278080142411349e+00
815162,1.3421715048794754e+03,3.1278080142411349e+00
815205,1.3421715048794754e+03,3.1278080142411349e+00
815248,1.3421715048794754e+03,3.1278080142411349e+00
815291,1.3421715048794754e+03,3.1278080142411349e+00
815334,1.3421715048794754e+03,3.1278080142411349e+00
815377,1.3421715048794754e+03,3.1278080142411349e+00
815420,1.3421715048794754e+03,3.1278080142411349e+00
815463,1.3421715048794754e+03,3.1278080142411349e+00
815506,1.3421715048794754e+03,3.1278080142411349e+00
815549,1.3421715048794754e+03,3.1278080142411349e+00
815592,1.3421715048794754e+03,3.1278080142411349e+00
815635,1.3421715048794754e+03,3.1278080142411349e+00
815678,1.3421715048794754e+03,3.1278080142411349e+00
815721,1.3421715048794754e+03,3.1278080142411349e+00
815763,1.3421715048794754e+03,3.1278080142411349e+00
815805,1.3421715048794754e+03,3.1278080142411349e+00
815847,1.3421715048794754e+03,3.1278080142411349e+00
815889,1.3421715048794754e+03,3.1278080142411349e+00
815931,1.3421715048794754e+03,3.1278080142411349e+00
815973,1.3421715048794754e+03,3.1278080142411349e+00
816015,1.3421715048794754e+03,3.1278080142411349e+00
816057,1.3421715048794754e+03,3.1278080142411349e+00
816099,1.3421715048794754e+03,3.1278080142411349e+00
816141,1.3421715048794754e+03,3.1278080142411349e+00
816183,1.3421715048794754e+03,3.1278080142411349e+00
816225,1.3421715048794754e+03,3.1278080142411349e+00
816267,1.3421715048794754e+03,3.1278080142411349e+00
816309,1.3421715048794754e+03,3.1278080142411349e+00
816351,1.3421715048794754e+03,3.1278080142411349e+00
816393,1.3421715048794754e+03,3.1278080142411349e+00
816435,1.3421715048794754e+03,3.1278080142411349e+00
816477,1.3421715048794754e+03,3.1278080142411349e+00
816519,1.3421715048794754e+03,3.1278080142411349e+00
816561,1.3421715048794754e+03,3.1278080142411349e+00
816603,1.3421715048794754e+03,3.1278080142411349e+00
816645,1.3421715048794754e+03,3.1278080142411349e+00
816687,1.3421715048794754e+03,3.1278080142411349e+00
816729,1.3421715048794754e+03,3.1278080142411349e+00
816771,1.3421715048794754e+03,3.1278080142411349e+00
816813,1.3421715048794754e+03,3.1278080142411349e+00
816855,1.3421715048794754e+03,3.1278080142411349e+00
816897,1.3421715048794754e+03,3.1278080142411349e+00
816939,1.3421715048794754e+03,3.1278080142411349e+00
816981,1.3421715048794754e+03,3.1278080142411349e+00
817023,1.3421715048794754e+03,3.1278080142411349e+00
817065,1.3421715048794754e+03,3.1278080142411349e+00
817107,1.3421715048794754e+03,3.1278080142411349e+00
817149,1.3421715048794754e+03,3.1278080142411349e+00
817191,1.3421715048794754e+03,3.1278080142411349e+00
817233,1.3421715048794754e+03,3.1278080142411349e+00
817275,1.3421715048794754e+03,3.1278080142411349e+00
817317,1.3421715048794754e+03,3.1278080142411349e+00
817359,1.3421715048794754e+03,3.1278080142411349e+00
817401,1.3421715048794754e+03,3.1278080142411349e+00
817443,1.3421715048794754e+03,3.1278080142411349e+00
817485,1.3421715048794754e+03,3.1278080142411349e+00
817527,1.3421715048794754e+03,3.1278080142411349e+00
817569,1.3421715048794754e+03,3.1278080142411349e+00
817611,1.3421715048794754e+03,3.1278080142411349e+00
817653,1.3421715048794754e+03,3.1278080142411349e+00
817695,1.3421715048794754e+03,3.1278080142411349e+00
817737,1.3421715048794754e+03,3.1278080142411349e+00
817779,1.3421715048794754e+03,3.1278080142411349e+00
817821,1.3421715048794754e+03,3.1278080142411349e+00
817863,1.3421715048794754e+03,3.1278080142411349e+00
817905,1.3421715048794754e+03,3.1278080142411349e+00
817947,1.3421715048794754e+03,3.1278080142411349e+00
817989,1.3421715048794754e+03,3.1278080142411349e+00
818031,1.3421715048794754e+03,3.1278080142411349e+00
818073,1.3421715048794754e+03,3.1278080142411349e+00
818115,1.3421715048794754e+03,3.1278080142411349e+00
818157,1.3421715048794754e+03,3.1278080142411349e+00
818199,1.3421715048794754e+03,3.1278080142411349e+00
818241,1.3421715048794754e+03,3.1278080142411349e+00
818283,1.3421715048794754e+03,3.1278080142411349e+00
818325,1.3421715048794754e+03,3.1278080142411349e+00
818367,1.3421715048794754e+03,3.1278080142411349e+00
818409,1.3421715048794754e+03,3.1278080142411349e+00
818451,1.3421715048794754e+03,3.1278080142411349e+00
818493,1.3421715048794754e+03,3.1278080142411349e+00
818535,1.3421715048794754e+03,3.1278080142411349e+00
818577,1.3421715048794754e+03,3.1278080142411349e+00
818619,1.3421715048794754e+03,3.1278080142411349e+00
818661,1.3421715048794754e+03,3.1278080142411349e+00
818703,1.3421715048794754e+03,3.1278080142411349e+00
818745,1.3421715048794754e+03,3.1278080142411349e+00
818787,1.3421715048794754e+03,3.1278080142411349e+00
818829,1.3421715048794754e+03,3.1278080142411349e+00
818871,1.3421715048794754e+03,3.1278080142411349e+00
818913,1.3421715048794754e+03,3.1278080142411349e+00
818955,1.3421715048794754e+03,3.1278080142411349e+00
818997,1.3421715048794754e+03,3.1278080142411349e+00
819039,1.3421715048794754e+03,3.1278080142411349e+00
819081,1.3421715048794754e+03,3.1278080142411349e+00
819123,1.3421715048794754e+03,3.1278080142411349e+00
819165,1.3421715048794754e+03,3.1278080142411349e+00
819207,1.3421715048794754e+03,3.1278080142411349e+00
819249,1.3421715048794754e+03,3.1278080142411349e+00
819291,1.3421715048794754e+03,3.1278080142411349e+00
819333,1.3421715048794754e+03,3.1278080142411349e+00
819375,1.3421715048794754e+03,3.1278080142411349e+00
819417,1.3421715048794754e+03,3.1278080142411349e+00
819459,1.3421715048794754e+03,3.1278080142411349e+00
819501,1.3421715048794754e+03,3.1278080142411349e+00
819543,1.3421715048794754e+03,3.1278080142411349e+00
819585,1.3421715048794754e+03,3.1278080142411349e+00
819627,1.3421715048794754e+03,3.1278080142411349e+00
819669,1.3421715048794754e+03,3.1278080142411349e+00
819711,1.3421715048794754e+03,3.1278080142411349e+00
819753,1.3421715048794754e+03,3.1278080142411349e+00
819795,1.3421715048794754e+03,3.1278080142411349e+00
819837,1.3421715048794754e+03,3.1278080142411349e+00
819879,1.3421715048794754e+03,3.1278080142411349e+00
819921,1.3421715048794754e+03,3.1278080142411349e+00
819963,1.3421715048794754e+03,3.1278080142411349e+00
820005,1.3421715048794754e+03,3.1278080142411349e+00
820047,1.3421715048794754e+03,3.1278080142411349e+00
820089,1.3421715048794754e+03,3.1278080142411349e+00
820131,1.3421715048794754e+03,3.1278080142411349e+00
820173,1.3421715048794754e+03,3.1278080142411349e+00
820215,1.3421715048794754e+03,3.1278080142411349e+00
820257,1.3421715048794754e+03,3.1278080142411349e+00
820299,1.3421715048794754e+03,3.1278080142411349e+00
820341,1.3421715048794754e+03,3.1278080142411349e+00
820383,1.3421715048794754e+03,3.1278080142411349e+00
820425,1.3421715048794754e+03,3.1278080142411349e+00
820467,1.3421715048794754e+03,3.1278080142411349e+00
820509,1.3421715048794754e+03,3.1278080142411349e+00
820551,1.3421715048794754e+03,3.1278080142411349e+00
820593,1.3421715048794754e+03,3.1278080142411349e+00
820635,1.3421715048794754e+03,3.1278080142411349e+00
820677,1.3421715048794754e+03,3.1278080142411349e+00
820719,1.3421715048794754e+03,3.1278080142411349e+00
820761,1.3421715048794754e+03,3.1278080142411349e+00
820803,1.3421715048794754e+03,3.1278080142411349e+00
820845,1.3421715048794754e+03,3.1278080142411349e+00
820887,1.3421715048794754e+03,3.1278080142411349e+00
820928,1.3421715048794754e+03,3.1278080142411349e+00
820969,1.3421715048794754e+03,3.1278080142411349e+00
821010,1.3421715048794754e+03,3.1278080142411349e+00
821051,1.3421715048794754e+03,3.1278080142411349e+00
821092,1.3421715048794754e+03,3.1278080142411349e+00
821133,1.3421715048794754e+03,3.1278080142411349e+00
821174,1.3421715048794754e+03,3.1278080142411349e+00
821215,1.3421715048794754e+03,3.1278080142411349e+00
821256,1.3421715048794754e+03,3.1278080142411349e+00
821297,1.3421715048794754e+03,3.1278080142411349e+00
821338,1.3421715048794754e+03,3.1278080142411349e+00
821379,1.3421715048794754e+03,3.1278080142411349e+00
821420,1.3421715048794754e+03,3.1278080142411349e+00
821461,1.3421715048794754e+03,3.1278080142411349e+00
821502,1.3421715048794754e+03,3.1278080142411349e+00
821543,1.3421715048794754e+03,3.1278080142411349e+00
821584,1.3421715048794754e+03,3.1278080142411349e+00
821625,1.3421715048794754e+03,3.1278080142411349e+00
821666,1.3421715048794754e+03,3.1278080142411349e+00
821707,1.3421715048794754e+03,3.1278080142411349e+00
821748,1.3421715048794754e+03,3.1278080142411349e+00
821789,1.3421715048794754e+03,3.1278080142411349e+00
821830,1.3421715048794754e+03,3.1278080142411349e+00
821871,1.3421715048794754e+03,3.1278080142411349e+00
821912,1.3421715048794754e+03,3.1278080142411349e+00
821953,1.3421715048794754e+03,3.1278080142411349e+00
821994,1.3421715048794754e+03,3.1278080142411349e+00
822035,1.3421715048794754e+03,3.1278080142411349e+00
822076,1.3421715048794754e+03,3.1278080142411349e+00
822117,1.3421715048794754e+03,3.1278080142411349e+00
822158,1.3421715048794754e+03,3.1278080142411349e+00
822199,1.3421715048794754e+03,3.1278080142411349e+00
822240,1.3421715048794754e+03,3.1278080142411349e+00
822281,1.3376207681103890e+03,3.1263330030717071e+00
822322,1.3376207681103890e+03,3.1263330030717071e+00
822363,1.3376207681103890e+03,3.1263330030717071e+00
822404,1.3376207681103890e+03,3.1263330030717071e+00
822445,1.3376207681103890e+03,3.1263330030717071e+00
822486,1.3376207681103890e+03,3.1263330030717071e+00
822527,1.3376207681103890e+03,3.1263330030717071e+00
822568,1.3376207681103890e+03,3.1263330030717071e+00
822609,1.3376207681103890e+03,3.1263330030717071e+00
822650,1.3376207681103890e+03,3.1263330030717071e+00
822691,1.3376207681103890e+03,3.1263330030717071e+00
822732,1.3376207681103890e+03,3.1263330030717071e+00
822773,1.3376207681103890e+03,3.1263330030717071e+00
822814,1.3376207681103890e+03,3.1263330030717071e+00
822855,1.3376207681103890e+03,3.1263330030717071e+00
822896,1.3376207681103890e+03,3.1263330030717071e+00
822937,1.3376207681103890e+03,3.1263330030717071e+00
822978,1.3376207681103890e+03,3.1263330030717071e+00
823019,1.3376207681103890e+03,3.1263330030717071e+00
823060,1.3376207681103890e+03,3.1263330030717071e+00
823101,1.3376207681103890e+03,3.1263330030717071e+00
823142,1.3376207681103890e+03,3.1263330030717071e+00
823183,1.3376207681103890e+03,3.1263330030717071e+00
823224,1.3376207681103890e+03,3.1263330030717071e+00
823265,1.3376207681103890e+03,3.1263330030717071e+00
823306,1.3376207681103890e+03,3.1263330030717071e+00
823347,1.3376207681103890e+03,3.1263330030717071e+00
823388,1.3376207681103890e+03,3.1263330030717071e+00
823429,1.3376207681103890e+03,3.1263330030717071e+00
823470,1.3376207681103890e+03,3.1263330030717071e+00
823511,1.3376207681103890e+03,3.1263330030717071e+00
823552,1.3376207681103890e+03,3.1263330030717071e+00
823593,1.3376207681103890e+03,3.1263330030717071e+00
823634,1.3376207681103890e+03,3.1263330030717071e+00
823675,1.3376207681103890e+03,3.1263330030717071e+00
823716,1.3376207681103890e+03,3.1263330030717071e+00
823757,1.3376207681103890e+03,3.1263330030717071e+00
823798,1.3376207681103890e+03,3.1263330030717071e+00
823839,1.3376207681103890e+03,3.1263330030717071e+00
823880,1.3376207681103890e+03,3.1263330030717071e+00
823921,1.3376207681103890e+03,3.1263330030717071e+00
823962,1.3376207681103890e+03,3.1263330030717071e+00
824003,1.3376207681103890e+03,3.1263330030717071e+00
824044,1.3376207681103890e+03,3.1263330030717071e+00
824085,1.3376207681103890e+03,3.1263330030717071e+00
824126,1.3376207681103890e+03,3.1263330030717071e+00
824167,1.3376207681103890e+03,3.1263330030717071e+00
824208,1.3376207681103890e+03,3.1263330030717071e+00
824249,1.3376207681103890e+03,3.1263330030717071e+00
824290,1.3376207681103890e+03,3.1263330030717071e+00
824331,1.3376207681103890e+03,3.1263330030717071e+00
824372,1.3376207681103890e+03,3.1263330030717071e+00
824413,1.3376207681103890e+03,3.1263330030717071e+00
824454,1.3376207681103890e+03,3.1263330030717071e+00
824495,1.3376207681103890e+03,3.1263330030717071e+00
824536,1.3376207681103890e+03,3.1263330030717071e+00
824577,1.3376207681103890e+03,3.1263330030717071e+00
824618,1.3376207681103890e+03,3.1263330030717071e+00
824659,1.3376207681103890e+03,3.1263330030717071e+00
824700,1.3376207681103890e+03,3.1263330030717071e+00
824741,1.3376207681103890e+03,3.1263330030717071e+00
824782,1.3376207681103890e+03,3.1263330030717071e+00
824823,1.3376207681103890e+03,3.1263330030717071e+00
824864,1.3376207681103890e+03,3.1263330030717071e+00
824905,1.3376207681103890e+03,3.1263330030717071e+00
824946,1.3376207681103890e+03,3.1263330030717071e+00
824987,1.3376207681103890e+03,3.1263330030717071e+00
825028,1.3376207681103890e+03,3.1263330030717071e+00
825069,1.3376207681103890e+03,3.1263330030717071e+00
825110,1.3376207681103890e+03,3.1263330030717071e+00
825151,1.3376207681103890e+03,3.1263330030717071e+00
825192,1.3376207681103890e+03,3.1263330030717071e+00
825233,1.3376207681103890e+03,3.1263330030717071e+00
825274,1.3376207681103890e+03,3.1263330030717071e+00
825315,1.3376207681103890e+03,3.1263330030717071e+00
825356,1.3376207681103890e+03,3.1263330030717071e+00
825397,1.3376207681103890e+03,3.1263330030717071e+00
825438,1.3376207681103890e+03,3.1263330030717071e+00
825479,1.3376207681103890e+03,3.1263330030717071e+00
825520,1.3376207681103890e+03,3.1263330030717071e+00
825561,1.3376207681103890e+03,3.1263330030717071e+00
825602,1.3376207681103890e+03,3.1263330030717071e+00
825643,1.3376207681103890e+03,3.1263330030717071e+00
825684,1.3376207681103890e+03,3.1263330030717071e+00
825725,1.3376207681103890e+03,3.1263330030717071e+00
825766,1.3376207681103890e+03,3.1263330030717071e+00
825807,1.3376207681103890e+03,3.1263330030717071e+00
825848,1.3376207681103890e+03,3.1263330030717071e+00
825889,1.3376207681103890e+03,3.1263330030717071e+00
825930,1.3376207681103890e+03,3.1263330030717071e+00
825971,1.3376207681103890e+03,3.1263330030717071e+00
826012,1.3376207681103890e+03,3.1263330030717071e+00
826053,1.3376207681103890e+03,3.1263330030717071e+00
826094,1.3376207681103890e+03,3.1263330030717071e+00
826135,1.3376207681103890e+03,3.1263330030717071e+00
826176,1.3376207681103890e+03,3.1263330030717071e+00
826217,1.3376207681103890e+03,3.1263330030717071e+00
826257,1.3376207681103890e+03,3.1263330030717071e+00
826297,1.3376207681103890e+03,3.1263330030717071e+00
826337,1.3376207681103890e+03,3.1263330030717071e+00
826377,1.3376207681103890e+03,3.1263330030717071e+00
826417,1.3376207681103890e+03,3.1263330030717071e+00
826457,1.3376207681103890e+03,3.1263330030717071e+00
826497,1.3376207681103890e+03,3.1263330030717071e+00
826537,1.3376207681103890e+03,3.1263330030717071e+00
826577,1.3376207681103890e+03,3.1263330030717071e+00
826617,1.3376207681103890e+03,3.1263330030717071e+00
826657,1.3376207681103890e+03,3.1263330030717071e+00
826697,1.3376207681103890e+03,3.1263330030717071e+00
826737,1.3376207681103890e+03,3.1263330030717071e+00
826777,1.3376207681103890e+03,3.1263330030717071e+00
826817,1.3376207681103890e+03,3.1263330030717071e+00
826857,1.3376207681103890e+03,3.1263330030717071e+00
826897,1.3376207681103890e+03,3.1263330030717071e+00
826937,1.3376207681103890e+03,3.1263330030717071e+00
826977,1.3376207681103890e+03,3.1263330030717071e+00
827017,1.3376207681103890e+03,3.1263330030717071e+00
827057,1.3376207681103890e+03,3.1263330030717071e+00
827097,1.3376207681103890e+03,3.1263330030717071e+00
827137,1.3376207681103890e+03,3.1263330030717071e+00
827177,1.3376207681103890e+03,3.1263330030717071e+00
827217,1.3376207681103890e+03,3.1263330030717071e+00
827257,1.3376207681103890e+03,3.1263330030717071e+00
827297,1.3376207681103890e+03,3.1263330030717071e+00
827337,1.3376207681103890e+03,3.1263330030717071e+00
827377,1.3376207681103890e+03,3.1263330030717071e+00
827417,1.3376207681103890e+03,3.1263330030717071e+00
827457,1.3376207681103890e+03,3.1263330030717071e+00
827497,1.3376207681103890e+03,3.1263330030717071e+00
827537,1.3376207681103890e+03,3.1263330030717071e+00
827577,1.3376207681103890e+03,3.1263330030717071e+00
827617,1.3376207681103890e+03,3.1263330030717071e+00
827657,1.3376207681103890e+03,3.1263330030717071e+00
827697,1.3376207681103890e+03,3.1263330030717071e+00
827737,1.3376207681103890e+03,3.1263330030717071e+00
827777,1.3376207681103890e+03,3.1263330030717071e+00
827817,1.3376207681103890e+03,3.1263330030717071e+00
827857,1.3376207681103890e+03,3.1263330030717071e+00
827897,1.3376207681103890e+03,3.1263330030717071e+00
827937,1.3376207681103890e+03,3.1263330030717071e+00
827977,1.3376207681103890e+03,3.1263330030717071e+00
828017,1.3376207681103890e+03,3.1263330030717071e+00
828057,1.3376207681103890e+03,3.1263330030717071e+00
828097,1.3376207681103890e+03,3.1263330030717071e+00
828137,1.3376207681103890e+03,3.1263330030717071e+00
828177,1.3376207681103890e+03,3.1263330030717071e+00
828217,1.3376207681103890e+03,3.1263330030717071e+00
828257,1.3376207681103890e+03,3.1263330030717071e+00
828297,1.3376207681103890e+03,3.1263330030717071e+00
828337,1.3376207681103890e+03,3.1263330030717071e+00
828377,1.3376207681103890e+03,3.1263330030717071e+00
828417,1.3376207681103890e+03,3.1263330030717071e+00
828457,1.3376207681103890e+03,3.1263330030717071e+00
828497,1.3376207681103890e+03,3.1263330030717071e+00
828537,1.3376207681103890e+03,3.1263330030717071e+00
828577,1.3376207681103890e+03,3.1263330030717071e+00
828617,1.3376207681103890e+03,3.1263330030717071e+00
828657,1.3376207681103890e+03,3.1263330030717071e+00
828697,1.3376207681103890e+03,3.1263330030717071e+00
828737,1.3376207681103890e+03,3.1263330030717071e+00
828777,1.3376207681103890e+03,3.1263330030717071e+00
828817,1.3376207681103890e+03,3.1263330030717071e+00
828857,1.3376207681103890e+03,3.1263330030717071e+00
828897,1.3376207681103890e+03,3.1263330030717071e+00
828937,1.3376207681103890e+03,3.1263330030717071e+00
828977,1.3376207681103890e+03,3.1263330030717071e+00
829017,1.3376207681103890e+03,3.1263330030717071e+00
829057,1.3376207681103890e+03,3.1263330030717071e+00
829097,1.3376207681103890e+03,3.1263330030717071e+00
829137,1.3376207681103890e+03,3.1263330030717071e+00
829177,1.3376207681103890e+03,3.1263330030717071e+00
829217,1.3376207681103890e+03,3.1263330030717071e+00
829257,1.3376207681103890e+03,3.1263330030717071e+00
829297,1.3376207681103890e+03,3.1263330030717071e+00
829337,1.3376207681103890e+03,3.1263330030717071e+00
829377,1.3376207681103890e+03,3.1263330030717071e+00
829417,1.3376207681103890e+03,3.1263330030717071e+00
829457,1.3376207681103890e+03,3.1263330030717071e+00
829497,1.3376207681103890e+03,3.1263330030717071e+00
829537,1.3376207681103890e+03,3.1263330030717071e+00
829577,1.3376207681103890e+03,3.1263330030717071e+00
829617,1.3376207681103890e+03,3.1263330030717071e+00
829657,1.3376207681103890e+03,3.1263330030717071e+00
829697,1.3376207681103890e+03,3.1263330030717071e+00
829737,1.3376207681103890e+03,3.1263330030717071e+00
829777,1.3376207681103890e+03,3.1263330030717071e+00
829817,1.3376207681103890e+03,3.1263330030717071e+00
829857,1.3376207681103890e+03,3.1263330030717071e+00
829897,1.3376207681103890e+03,3.1263330030717071e+00
829937,1.3376207681103890e+03,3.1263330030717071e+00
829977,1.3376207681103890e+03,3.1263330030717071e+00
830017,1.3376207681103890e+03,3.1263330030717071e+00
830057,1.3376207681103890e+03,3.1263330030717071e+00
830097,1.3376207681103890e+03,3.1263330030717071e+00
830137,1.3376207681103890e+03,3.1263330030717071e+00
830177,1.3376207681103890e+03,3.1263330030717071e+00
830217,1.3376207681103890e+03,3.1263330030717071e+00
830257,1.3376207681103890e+03,3.1263330030717071e+00
830297,1.3376207681103890e+03,3.1263330030717071e+00
830337,1.3376207681103890e+03,3.1263330030717071e+00
830377,1.3376207681103890e+03,3.1263330030717071e+00
830417,1.3376207681103890e+03,3.1263330030717071e+00
830457,1.3376207681103890e+03,3.1263330030717071e+00
830497,1.3376207681103890e+03,3.1263330030717071e+00
830537,1.3376207681103890e+03,3.1263330030717071e+00
830577,1.3376207681103890e+03,3.1263330030717071e+00
830617,1.3376207681103890e+03,3.1263330030717071e+00
830657,1.3376207681103890e+03,3.1263330030717071e+00
830697,1.3376207681103890e+03,3.1263330030717071e+00
830737,1.3376207681103890e+03,3.1263330030717071e+00
830777,1.3376207681103890e+03,3.1263330030717071e+00
830817,1.3376207681103890e+03,3.1263330030717071e+00
830857,1.3376207681103890e+03,3.1263330030717071e+00
830897,1.3376207681103890e+03,3.1263330030717071e+00
830937,1.3376207681103890e+03,3.1263330030717071e+00
830977,1.3376207681103890e+03,3.1263330030717071e+00
831017,1.3376207681103890e+03,3.1263330030717071e+00
831057,1.3376207681103890e+03,3.1263330030717071e+00
831097,1.3376207681103890e+03,3.1263330030717071e+00
831137,1.3376207681103890e+03,3.1263330030717071e+00
831177,1.3376207681103890e+03,3.1263330030717071e+00
831217,1.3376207681103890e+03,3.1263330030717071e+00
831257,1.3376207681103890e+03,3.1263330030717071e+00
831297,1.3376207681103890e+03,3.1263330030717071e+00
831337,1.3376207681103890e+03,3.1263330030717071e+00
831377,1.3376207681103890e+03,3.1263330030717071e+00
831417,1.3376207681103890e+03,3.1263330030717071e+00
831457,1.3376207681103890e+03,3.1263330030717071e+00
831497,1.3376207681103890e+03,3.1263330030717071e+00
831537,1.3376207681103890e+03,3.1263330030717071e+00
831577,1.3376207681103890e+03,3.1263330030717071e+00
831617,1.3376207681103890e+03,3.1263330030717071e+00
831657,1.3376207681103890e+03,3.1263330030717071e+00
831697,1.3376207681103890e+03,3.1263330030717071e+00
831737,1.3376207681103890e+03,3.1263330030717071e+00
831776,1.3376207681103890e+03,3.1263330030717071e+00
831815,1.3376207681103890e+03,3.1263330030717071e+00
831854,1.3376207681103890e+03,3.1263330030717071e+00
831893,1.3376207681103890e+03,3.1263330030717071e+00
831932,1.3376207681103890e+03,3.1263330030717071e+00
831971,1.3376207681103890e+03,3.1263330030717071e+00
832010,1.3376207681103890e+03,3.1263330030717071e+00
832049,1.3376207681103890e+03,3.1263330030717071e+00
832088,1.3376207681103890e+03,3.1263330030717071e+00
832127,1.3376207681103890e+03,3.1263330030717071e+00
832166,1.3376207681103890e+03,3.1263330030717071e+00
832205,1.3376207681103890e+03,3.1263330030717071e+00
832244,1.3376207681103890e+03,3.1263330030717071e+00
832283,1.3376207681103890e+03,3.1263330030717071e+00
832322,1.3376207681103890e+03,3.1263330030717071e+00
832361,1.3376207681103890e+03,3.1263330030717071e+00
832400,1.3376207681103890e+03,3.1263330030717071e+00
832439,1.3376207681103890e+03,3.1263330030717071e+00
832478,1.3376207681103890e+03,3.1263330030717071e+00
832517,1.3376207681103890e+03,3.1263330030717071e+00
832556,1.3376207681103890e+03,3.1263330030717071e+00
832595,1.3376207681103890e+03,3.1263330030717071e+00
832634,1.3376207681103890e+03,3.1263330030717071e+00
832673,1.3376207681103890e+03,3.1263330030717071e+00
832712,1.3376207681103890e+03,3.1263330030717071e+00
832751,1.3376207681103890e+03,3.1263330030717071e+00
832790,1.3376207681103890e+03,3.1263330030717071e+00
832829,1.3376207681103890e+03,3.1263330030717071e+00
832868,1.3376207681103890e+03,3.1263330030717071e+00
832907,1.3376207681103890e+03,3.1263330030717071e+00
832946,1.3376207681103890e+03,3.1263330030717071e+00
832985,1.3376207681103890e+03,3.1263330030717071e+00
833024,1.3376207681103890e+03,3.1263330030717071e+00
833063,1.3376207681103890e+03,3.1263330030717071e+00
833102,1.3376207681103890e+03,3.1263330030717071e+00
833141,1.3376207681103890e+03,3.1263330030717071e+00
833180,1.3376207681103890e+03,3.1263330030717071e+00
833219,1.3376207681103890e+03,3.1263330030717071e+00
833258,1.3376207681103890e+03,3.1263330030717071e+00
833297,1.3376207681103890e+03,3.1263330030717071e+00
833336,1.3376207681103890e+03,3.1263330030717071e+00
833375,1.3376207681103890e+03,3.1263330030717071e+00
833414,1.3376207681103890e+03,3.1263330030717071e+00
833453,1.3376207681103890e+03,3.1263330030717071e+00
833492,1.3376207681103890e+03,3.1263330030717071e+00
833531,1.3376207681103890e+03,3.1263330030717071e+00
833570,1.3376207681103890e+03,3.1263330030717071e+00
833609,1.3376207681103890e+03,3.1263330030717071e+00
833648,1.3376207681103890e+03,3.1263330030717071e+00
833687,1.3376207681103890e+03,3.1263330030717071e+00
833726,1.3376207681103890e+03,3.1263330030717071e+00
833765,1.3376207681103890e+03,3.1263330030717071e+00
833804,1.3376207681103890e+03,3.1263330030717071e+00
833843,1.3376207681103890e+03,3.1263330030717071e+00
833882,1.3376207681103890e+03,3.1263330030717071e+00
833921,1.3376207681103890e+03,3.1263330030717071e+00
833960,1.3376207681103890e+03,3.1263330030717071e+00
833999,1.3376207681103890e+03,3.1263330030717071e+00
834038,1.3376207681103890e+03,3.1263330030717071e+00
834077,1.3376207681103890e+03,3.1263330030717071e+00
834116,1.3376207681103890e+03,3.1263330030717071e+00
834155,1.3376207681103890e+03,3.1263330030717071e+00
834194,1.3376207681103890e+03,3.1263330030717071e+00
834233,1.3376207681103890e+03,3.1263330030717071e+00
834272,1.3376207681103890e+03,3.1263330030717071e+00
834311,1.3376207681103890e+03,3.1263330030717071e+00
834350,1.3376207681103890e+03,3.1263330030717071e+00
834389,1.3376207681103890e+03,3.1263330030717071e+00
834428,1.3376207681103890e+03,3.1263330030717071e+00
834467,1.3376207681103890e+03,3.1263330030717071e+00
834506,1.3376207681103890e+03,3.1263330030717071e+00
834545,1.3376207681103890e+03,3.1263330030717071e+00
834584,1.3376207681103890e+03,3.1263330030717071e+00
834623,1.3376207681103890e+03,3.1263330030717071e+00
834662,1.3376207681103890e+03,3.1263330030717071e+00
834701,1.3376207681103890e+03,3.1263330030717071e+00
834740,1.3376207681103890e+03,3.1263330030717071e+00
834779,1.3376207681103890e+03,3.1263330030717071e+00
834818,1.3376207681103890e+03,3.1263330030717071e+00
834857,1.3376207681103890e+03,3.1263330030717071e+00
834896,1.3376207681103890e+03,3.1263330030717071e+00
834935,1.3376207681103890e+03,3.1263330030717071e+00
834974,1.3376207681103890e+03,3.1263330030717071e+00
835013,1.3376207681103890e+03,3.1263330030717071e+00
835052,1.3376207681103890e+03,3.1263330030717071e+00
835091,1.3376207681103890e+03,3.1263330030717071e+00
835130,1.3376207681103890e+03,3.1263330030717071e+00
835169,1.3376207681103890e+03,3.1263330030717071e+00
835208,1.3376207681103890e+03,3.1263330030717071e+00
835247,1.3376207681103890e+03,3.1263330030717071e+00
835286,1.3376207681103890e+03,3.1263330030717071e+00
835325,1.3376207681103890e+03,3.1263330030717071e+00
835364,1.3376207681103890e+03,3.1263330030717071e+00
835403,1.3376207681103890e+03,3.1263330030717071e+00
835442,1.3376207681103890e+03,3.1263330030717071e+00
835481,1.3376207681103890e+03,3.1263330030717071e+00
835520,1.3376207681103890e+03,3.1263330030717071e+00
835559,1.3376207681103890e+03,3.1263330030717071e+00
835598,1.3376207681103890e+03,3.1263330030717071e+00
835637,1.3376207681103890e+03,3.1263330030717071e+00
835676,1.3376207681103890e+03,3.1263330030717071e+00
835715,1.3376207681103890e+03,3.1263330030717071e+00
835754,1.3376207681103890e+03,3.1263330030717071e+00
835793,1.3376207681103890e+03,3.1263330030717071e+00
835832,1.3376207681103890e+03,3.1263330030717071e+00
835871,1.3376207681103890e+03,3.1263330030717071e+00
835910,1.3376207681103890e+03,3.1263330030717071e+00
835949,1.3376207681103890e+03,3.1263330030717071e+00
835988,1.3376207681103890e+03,3.1263330030717071e+00
836027,1.3376207681103890e+03,3.1263330030717071e+00
836066,1.3376207681103890e+03,3.1263330030717071e+00
836105,1.3376207681103890e+03,3.1263330030717071e+00
836144,1.3376207681103890e+03,3.1263330030717071e+00
836183,1.3376207681103890e+03,3.1263330030717071e+00
836222,1.3376207681103890e+03,3.1263330030717071e+00
836261,1.3376207681103890e+03,3.1263330030717071e+00
836300,1.3376207681103890e+03,3.1263330030717071e+00
836339,1.3376207681103890e+03,3.1263330030717071e+00
836378,1.3376207681103890e+03,3.1263330030717071e+00
836417,1.3376207681103890e+03,3.1263330030717071e+00
836456,1.3376207681103890e+03,3.1263330030717071e+00
836495,1.3376207681103890e+03,3.1263330030717071e+00
836534,1.3376207681103890e+03,3.1263330030717071e+00
836573,1.3376207681103890e+03,3.1263330030717071e+00
836612,1.3376207681103890e+03,3.1263330030717071e+00
836651,1.3376207681103890e+03,3.1263330030717071e+00
836690,1.3376207681103890e+03,3.1263330030717071e+00
836729,1.3376207681103890e+03,3.1263330030717071e+00
836768,1.3376207681103890e+03,3.1263330030717071e+00
836807,1.3376207681103890e+03,3.1263330030717071e+00
836846,1.3376207681103890e+03,3.1263330030717071e+00
836885,1.3376207681103890e+03,3.1263330030717071e+00
836924,1.3376207681103890e+03,3.1263330030717071e+00
836963,1.3376207681103890e+03,3.1263330030717071e+00
837002,1.3376207681103890e+03,3.1263330030717071e+00
837041,1.3376207681103890e+03,3.1263330030717071e+00
837080,1.3376207681103890e+03,3.1263330030717071e+00
837119,1.3376207681103890e+03,3.1263330030717071e+00
837158,1.3376207681103890e+03,3.1263330030717071e+00
837197,1.3376207681103890e+03,3.1263330030717071e+00
837236,1.3376207681103890e+03,3.1263330030717071e+00
837275,1.3376207681103890e+03,3.1263330030717071e+00
837314,1.3376207681103890e+03,3.1263330030717071e+00
837353,1.3376207681103890e+03,3.1263330030717071e+00
837392,1.3376207681103890e+03,3.1263330030717071e+00
837431,1.3376207681103890e+03,3.1263330030717071e+00
837470,1.3376207681103890e+03,3.1263330030717071e+00
837508,1.3376207681103890e+03,3.1263330030717071e+00
837546,1.3376207681103890e+03,3.1263330030717071e+00
837584,1.3376207681103890e+03,3.1263330030717071e+00
837622,1.3376207681103890e+03,3.1263330030717071e+00
837660,1.3376207681103890e+03,3.1263330030717071e+00
837698,1.3376207681103890e+03,3.1263330030717071e+00
837736,1.3376207681103890e+03,3.1263330030717071e+00
837774,1.3376207681103890e+03,3.1263330030717071e+00
837812,1.3376207681103890e+03,3.1263330030717071e+00
837850,1.3376207681103890e+03,3.1263330030717071e+00
837888,1.3376207681103890e+03,3.1263330030717071e+00
837926,1.3376207681103890e+03,3.1263330030717071e+00
837964,1.3376207681103890e+03,3.1263330030717071e+00
838002,1.3376207681103890e+03,3.1263330030717071e+00
838040,1.3376207681103890e+03,3.1263330030717071e+00
838078,1.3376207681103890e+03,3.1263330030717071e+00
838116,1.3376207681103890e+03,3.1263330030717071e+00
838154,1.3376207681103890e+03,3.1263330030717071e+00
838192,1.3376207681103890e+03,3.1263330030717071e+00
838230,1.3376207681103890e+03,3.1263330030717071e+00
838268,1.3376207681103890e+03,3.1263330030717071e+00
838306,1.3376207681103890e+03,3.1263330030717071e+00
838344,1.3376207681103890e+03,3.1263330030717071e+00
838382,1.3376207681103890e+03,3.1263330030717071e+00
838420,1.3376207681103890e+03,3.1263330030717071e+00
838458,1.3376207681103890e+03,3.1263330030717071e+00
838496,1.3376207681103890e+03,3.1263330030717071e+00
838534,1.3376207681103890e+03,3.1263330030717071e+00
838572,1.3376207681103890e+03,3.1263330030717071e+00
838610,1.3376207681103890e+03,3.1263330030717071e+00
838648,1.3376207681103890e+03,3.1263330030717071e+00
838686,1.3376207681103890e+03,3.1263330030717071e+00
838724,1.3376207681103890e+03,3.1263330030717071e+00
838762,1.3376207681103890e+03,3.1263330030717071e+00
838800,1.3376207681103890e+03,3.1263330030717071e+00
838838,1.3376207681103890e+03,3.1263330030717071e+00
838876,1.3376207681103890e+03,3.1263330030717071e+00
838914,1.3376207681103890e+03,3.1263330030717071e+00
838952,1.3376207681103890e+03,3.1263330030717071e+00
838990,1.3376207681103890e+03,3.1263330030717071e+00
839028,1.3376207681103890e+03,3.1263330030717071e+00
839066,1.3376207681103890e+03,3.1263330030717071e+00
839104,1.3376207681103890e+03,3.1263330030717071e+00
839142,1.3376207681103890e+03,3.1263330030717071e+00
839180,1.3376207681103890e+03,3.1263330030717071e+00
839218,1.3376207681103890e+03,3.1263330030717071e+00
839256,1.3376207681103890e+03,3.1263330030717071e+00
839294,1.3376207681103890e+03,3.1263330030717071e+00
839332,1.3376207681103890e+03,3.1263330030717071e+00
839370,1.3376207681103890e+03,3.1263330030717071e+00
839408,1.3376207681103890e+03,3.1263330030717071e+00
839446,1.3376207681103890e+03,3.1263330030717071e+00
839484,1.3376207681103890e+03,3.1263330030717071e+00
839522,1.3376207681103890e+03,3.1263330030717071e+00
839560,1.3376207681103890e+03,3.1263330030717071e+00
839598,1.3376207681103890e+03,3.1263330030717071e+00
839636,1.3376207681103890e+03,3.1263330030717071e+00
839674,1.3376207681103890e+03,3.1263330030717071e+00
839712,1.3376207681103890e+03,3.1263330030717071e+00
839750,1.3376207681103890e+03,3.1263330030717071e+00
839788,1.3376207681103890e+03,3.1263330030717071e+00
839826,1.3376207681103890e+03,3.1263330030717071e+00
839864,1.3376207681103890e+03,3.1263330030717071e+00
839902,1.3376207681103890e+03,3.1263330030717071e+00
839940,1.3376207681103890e+03,3.1263330030717071e+00
839978,1.3376207681103890e+03,3.1263330030717071e+00
840016,1.3376207681103890e+03,3.1263330030717071e+00
840054,1.3376207681103890e+03,3.1263330030717071e+00
840092,1.3376207681103890e+03,3.1263330030717071e+00
840130,1.3376207681103890e+03,3.1263330030717071e+00
840168,1.3376207681103890e+03,3.1263330030717071e+00
840206,1.3376207681103890e+03,3.1263330030717071e+00
840244,1.3376207681103890e+03,3.1263330030717071e+00
840282,1.3376207681103890e+03,3.1263330030717071e+00
840320,1.3376207681103890e+03,3.1263330030717071e+00
840358,1.3376207681103890e+03,3.1263330030717071e+00
840396,1.3376207681103890e+03,3.1263330030717071e+00
840434,1.3376207681103890e+03,3.1263330030717071e+00
840472,1.3376207681103890e+03,3.1263330030717071e+00
840510,1.3376207681103890e+03,3.1263330030717071e+00
840548,1.3376207681103890e+03,3.1263330030717071e+00
840586,1.3376207681103890e+03,3.1263330030717071e+00
840624,1.3376207681103890e+03,3.1263330030717071e+00
840662,1.3376207681103890e+03,3.1263330030717071e+00
840700,1.3376207681103890e+03,3.1263330030717071e+00
840738,1.3376207681103890e+03,3.1263330030717071e+00
840776,1.3376207681103890e+03,3.1263330030717071e+00
840814,1.3376207681103890e+03,3.1263330030717071e+00
840852,1.3376207681103890e+03,3.1263330030717071e+00
840890,1.3376207681103890e+03,3.1263330030717071e+00
840928,1.3376207681103890e+03,3.1263330030717071e+00
840966,1.3376207681103890e+03,3.1263330030717071e+00
841004,1.3376207681103890e+03,3.1263330030717071e+00
841042,1.3376207681103890e+03,3.1263330030717071e+00
841080,1.3376207681103890e+03,3.1263330030717071e+00
841118,1.3376207681103890e+03,3.1263330030717071e+00
841156,1.3376207681103890e+03,3.1263330030717071e+00
841194,1.3376207681103890e+03,3.1263330030717071e+00
841232,1.3376207681103890e+03,3.1263330030717071e+00
841270,1.3376207681103890e+03,3.1263330030717071e+00
841308,1.3376207681103890e+03,3.1263330030717071e+00
841346,1.3376207681103890e+03,3.1263330030717071e+00
841384,1.3376207681103890e+03,3.1263330030717071e+00
841422,1.3376207681103890e+03,3.1263330030717071e+00
841460,1.3376207681103890e+03,3.1263330030717071e+00
841498,1.3376207681103890e+03,3.1263330030717071e+00
841536,1.3376207681103890e+03,3.1263330030717071e+00
841574,1.3376207681103890e+03,3.1263330030717071e+00
841612,1.3376207681103890e+03,3.1263330030717071e+00
841650,1.3376207681103890e+03,3.1263330030717071e+00
841688,1.3376207681103890e+03,3.1263330030717071e+00
841726,1.3376207681103890e+03,3.1263330030717071e+00
841764,1.3376207681103890e+03,3.1263330030717071e+00
841802,1.3376207681103890e+03,3.1263330030717071e+00
841840,1.3376207681103890e+03,3.1263330030717071e+00
841878,1.3376207681103890e+03,3.1263330030717071e+00
841916,1.3376207681103890e+03,3.1263330030717071e+00
841954,1.3376207681103890e+03,3.1263330030717071e+00
841992,1.3376207681103890e+03,3.1263330030717071e+00
842030,1.3376207681103890e+03,3.1263330030717071e+00
842068,1.3376207681103890e+03,3.1263330030717071e+00
842106,1.3376207681103890e+03,3.1263330030717071e+00
842144,1.3376207681103890e+03,3.1263330030717071e+00
842182,1.3376207681103890e+03,3.1263330030717071e+00
842220,1.3376207681103890e+03,3.1263330030717071e+00
842258,1.3376207681103890e+03,3.1263330030717071e+00
842296,1.3376207681103890e+03,3.1263330030717071e+00
842334,1.3376207681103890e+03,3.1263330030717071e+00
842372,1.3376207681103890e+03,3.1263330030717071e+00
842410,1.3376207681103890e+03,3.1263330030717071e+00
842448,1.3376207681103890e+03,3.1263330030717071e+00
842486,1.3376207681103890e+03,3.1263330030717071e+00
842524,1.3376207681103890e+03,3.1263330030717071e+00
842562,1.3376207681103890e+03,3.1263330030717071e+00
842600,1.3376207681103890e+03,3.1263330030717071e+00
842638,1.3376207681103890e+03,3.1263330030717071e+00
842676,1.3376207681103890e+03,3.1263330030717071e+00
842714,1.3376207681103890e+03,3.1263330030717071e+00
842752,1.3376207681103890e+03,3.1263330030717071e+00
842790,1.3376207681103890e+03,3.1263330030717071e+00
842828,1.3376207681103890e+03,3.1263330030717071e+00
842866,1.3376207681103890e+03,3.1263330030717071e+00
842904,1.3376207681103890e+03,3.1263330030717071e+00
842942,1.3376207681103890e+03,3.1263330030717071e+00
842980,1.3376207681103890e+03,3.1263330030717071e+00
843018,1.3376207681103890e+03,3.1263330030717071e+00
843056,1.3376207681103890e+03,3.1263330030717071e+00
843094,1.3376207681103890e+03,3.1263330030717071e+00
843132,1.3376207681103890e+03,3.1263330030717071e+00
843170,1.3376207681103890e+03,3.1263330030717071e+00
843208,1.3376207681103890e+03,3.1263330030717071e+00
843246,1.3376207681103890e+03,3.1263330030717071e+00
843284,1.3376207681103890e+03,3.1263330030717071e+00
843322,1.3376207681103890e+03,3.1263330030717071e+00
843360,1.3376207681103890e+03,3.1263330030717071e+00
843398,1.3376207681103890e+03,3.1263330030717071e+00
843436,1.3376207681103890e+03,3.1263330030717071e+00
843473,1.3376207681103890e+03,3.1263330030717071e+00
843510,1.3376207681103890e+03,3.1263330030717071e+00
843547,1.3376207681103890e+03,3.1263330030717071e+00
843584,1.3376207681103890e+03,3.1263330030717071e+00
843621,1.3376207681103890e+03,3.1263330030717071e+00
843658,1.3376207681103890e+03,3.1263330030717071e+00
843695,1.3376207681103890e+03,3.1263330030717071e+00
843732,1.3376207681103890e+03,3.1263330030717071e+00
843769,1.3376207681103890e+03,3.1263330030717071e+00
843806,1.3376207681103890e+03,3.1263330030717071e+00
843843,1.3376207681103890e+03,3.1263330030717071e+00
843880,1.3376207681103890e+03,3.1263330030717071e+00
843917,1.3376207681103890e+03,3.1263330030717071e+00
843954,1.3376207681103890e+03,3.1263330030717071e+00
843991,1.3376207681103890e+03,3.1263330030717071e+00
844028,1.3376207681103890e+03,3.1263330030717071e+00
844065,1.3376207681103890e+03,3.1263330030717071e+00
844102,1.3376207681103890e+03,3.1263330030717071e+00
844139,1.3376207681103890e+03,3.1263330030717071e+00
844176,1.3376207681103890e+03,3.1263330030717071e+00
844213,1.3376207681103890e+03,3.1263330030717071e+00
844250,1.3376207681103890e+03,3.1263330030717071e+00
844287,1.3376207681103890e+03,3.1263330030717071e+00
844324,1.3376207681103890e+03,3.1263330030717071e+00
844361,1.3376207681103890e+03,3.1263330030717071e+00
844398,1.3376207681103890e+03,3.1263330030717071e+00
844435,1.3376207681103890e+03,3.1263330030717071e+00
844472,1.3376207681103890e+03,3.1263330030717071e+00
844509,1.3376207681103890e+03,3.1263330030717071e+00
844546,1.3376207681103890e+03,3.1263330030717071e+00
844583,1.3376207681103890e+03,3.1263330030717071e+00
844620,1.3376207681103890e+03,3.1263330030717071e+00
844657,1.3376207681103890e+03,3.1263330030717071e+00
844694,1.3376207681103890e+03,3.1263330030717071e+00
844731,1.3376207681103890e+03,3.1263330030717071e+00
844768,1.3376207681103890e+03,3.1263330030717071e+00
844805,1.3376207681103890e+03,3.1263330030717071e+00
844842,1.3376207681103890e+03,3.1263330030717071e+00
844879,1.3376207681103890e+03,3.1263330030717071e+00
844916,1.3376207681103890e+03,3.1263330030717071e+00
844953,1.3376207681103890e+03,3.1263330030717071e+00
844990,1.3376207681103890e+03,3.1263330030717071e+00
845027,1.3376207681103890e+03,3.1263330030717071e+00
845064,1.3376207681103890e+03,3.1263330030717071e+00
845101,1.3376207681103890e+03,3.1263330030717071e+00
845138,1.3376207681103890e+03,3.1263330030717071e+00
845175,1.3376207681103890e+03,3.1263330030717071e+00
845212,1.3376207681103890e+03,3.1263330030717071e+00
845249,1.3376207681103890e+03,3.1263330030717071e+00
845286,1.3376207681103890e+03,3.1263330030717071e+00
845323,1.3376207681103890e+03,3.1263330030717071e+00
845360,1.3376207681103890e+03,3.1263330030717071e+00
845397,1.3376207681103890e+03,3.1263330030717071e+00
845434,1.3376207681103890e+03,3.1263330030717071e+00
845471,1.3376207681103890e+03,3.1263330030717071e+00
845508,1.3376207681103890e+03,3.1263330030717071e+00
845545,1.3376207681103890e+03,3.1263330030717071e+00
845582,1.3376207681103890e+03,3.1263330030717071e+00
845619,1.3376207681103890e+03,3.1263330030717071e+00
845656,1.3376207681103890e+03,3.1263330030717071e+00
845693,1.3376207681103890e+03,3.1263330030717071e+00
845730,1.3376207681103890e+03,3.1263330030717071e+00
845767,1.3376207681103890e+03,3.1263330030717071e+00
845804,1.3376207681103890e+03,3.1263330030717071e+00
845841,1.3376207681103890e+03,3.1263330030717071e+00
845878,1.3376207681103890e+03,3.1263330030717071e+00
845915,1.3376207681103890e+03,3.1263330030717071e+00
845952,1.3376207681103890e+03,3.1263330030717071e+00
845989,1.3376207681103890e+03,3.1263330030717071e+00
846026,1.3376207681103890e+03,3.1263330030717071e+00
846063,1.3376207681103890e+03,3.1263330030717071e+00
846100,1.3376207681103890e+03,3.1263330030717071e+00
846137,1.3376207681103890e+03,3.1263330030717071e+00
846174,1.3376207681103890e+03,3.1263330030717071e+00
846211,1.3376207681103890e+03,3.1263330030717071e+00
846248,1.3376207681103890e+03,3.1263330030717071e+00
846285,1.3376207681103890e+03,3.1263330030717071e+00
846322,1.3376207681103890e+03,3.1263330030717071e+00
846359,1.3376207681103890e+03,3.1263330030717071e+00
846396,1.3376207681103890e+03,3.1263330030717071e+00
846433,1.3376207681103890e+03,3.1263330030717071e+00
846470,1.3376207681103890e+03,3.1263330030717071e+00
846507,1.3376207681103890e+03,3.1263330030717071e+00
846544,1.3376207681103890e+03,3.1263330030717071e+00
846581,1.3376207681103890e+03,3.1263330030717071e+00
846618,1.3376207681103890e+03,3.1263330030717071e+00
846655,1.3376207681103890e+03,3.1263330030717071e+00
846692,1.3376207681103890e+03,3.1263330030717071e+00
846729,1.3376207681103890e+03,3.1263330030717071e+00
846766,1.3376207681103890e+03,3.1263330030717071e+00
846803,1.3376207681103890e+03,3.1263330030717071e+00
846840,1.3376207681103890e+03,3.1263330030717071e+00
846877,1.3376207681103890e+03,3.1263330030717071e+00
846914,1.3376207681103890e+03,3.1263330030717071e+00
846951,1.3376207681103890e+03,3.1263330030717071e+00
846988,1.3376207681103890e+03,3.1263330030717071e+00
847025,1.3376207681103890e+03,3.1263330030717071e+00
847062,1.3376207681103890e+03,3.1263330030717071e+00
847099,1.3376207681103890e+03,3.1263330030717071e+00
847136,1.3376207681103890e+03,3.1263330030717071e+00
847173,1.3376207681103890e+03,3.1263330030717071e+00
847210,1.3376207681103890e+03,3.1263330030717071e+00
847247,1.3376207681103890e+03,3.1263330030717071e+00
847284,1.3376207681103890e+03,3.1263330030717071e+00
847321,1.3376207681103890e+03,3.1263330030717071e+00
847358,1.3376207681103890e+03,3.1263330030717071e+00
847395,1.3376207681103890e+03,3.1263330030717071e+00
847432,1.3376207681103890e+03,3.1263330030717071e+00
847469,1.3376207681103890e+03,3.1263330030717071e+00
847506,1.3376207681103890e+03,3.1263330030717071e+00
847543,1.3376207681103890e+03,3.1263330030717071e+00
847580,1.3376207681103890e+03,3.1263330030717071e+00
847617,1.3376207681103890e+03,3.1263330030717071e+00
847654,1.3376207681103890e+03,3.1263330030717071e+00
847691,1.3376207681103890e+03,3.1263330030717071e+00
847728,1.3376207681103890e+03,3.1263330030717071e+00
847765,1.3376207681103890e+03,3.1263330030717071e+00
847802,1.3376207681103890e+03,3.1263330030717071e+00
847839,1.3376207681103890e+03,3.1263330030717071e+00
847876,1.3376207681103890e+03,3.1263330030717071e+00
847913,1.3376207681103890e+03,3.1263330030717071e+00
847950,1.3376207681103890e+03,3.1263330030717071e+00
847987,1.3376207681103890e+03,3.1263330030717071e+00
848024,1.3376207681103890e+03,3.1263330030717071e+00
848061,1.3376207681103890e+03,3.1263330030717071e+00
848098,1.3376207681103890e+03,3.1263330030717071e+00
848135,1.3376207681103890e+03,3.1263330030717071e+00
848172,1.3376207681103890e+03,3.1263330030717071e+00
848209,1.3376207681103890e+03,3.1263330030717071e+00
848246,1.3376207681103890e+03,3.1263330030717071e+00
848283,1.3376207681103890e+03,3.1263330030717071e+00
848320,1.3376207681103890e+03,3.1263330030717071e+00
848357,1.3376207681103890e+03,3.1263330030717071e+00
848394,1.3376207681103890e+03,3.1263330030717071e+00
848431,1.3376207681103890e+03,3.1263330030717071e+00
848468,1.3376207681103890e+03,3.1263330030717071e+00
848505,1.3376207681103890e+03,3.1263330030717071e+00
848542,1.3376207681103890e+03,3.1263330030717071e+00
848579,1.3376207681103890e+03,3.1263330030717071e+00
848616,1.3376207681103890e+03,3.1263330030717071e+00
848653,1.3376207681103890e+03,3.1263330030717071e+00
848690,1.3376207681103890e+03,3.1263330030717071e+00
848727,1.3376207681103890e+03,3.1263330030717071e+00
848764,1.3376207681103890e+03,3.1263330030717071e+00
848801,1.3376207681103890e+03,3.1263330030717071e+00
848838,1.3376207681103890e+03,3.1263330030717071e+00
848875,1.3376207681103890e+03,3.1263330030717071e+00
848912,1.3376207681103890e+03,3.1263330030717071e+00
848949,1.3376207681103890e+03,3.1263330030717071e+00
848986,1.3376207681103890e+03,3.1263330030717071e+00
849023,1.3376207681103890e+03,3.1263330030717071e+00
849060,1.3376207681103890e+03,3.1263330030717071e+00
849097,1.3376207681103890e+03,3.1263330030717071e+00
849134,1.3376207681103890e+03,3.1263330030717071e+00
849171,1.3376207681103890e+03,3.1263330030717071e+00
849208,1.3376207681103890e+03,3.1263330030717071e+00
849245,1.3376207681103890e+03,3.1263330030717071e+00
849282,1.3376207681103890e+03,3.1263330030717071e+00
849319,1.3376207681103890e+03,3.1263330030717071e+00
849356,1.3376207681103890e+03,3.1263330030717071e+00
849393,1.3376207681103890e+03,3.1263330030717071e+00
849430,1.3376207681103890e+03,3.1263330030717071e+00
849467,1.3376207681103890e+03,3.1263330030717071e+00
849504,1.3376207681103890e+03,3.1263330030717071e+00
849541,1.3376207681103890e+03,3.1263330030717071e+00
849578,1.3376207681103890e+03,3.1263330030717071e+00
849615,1.3376207681103890e+03,3.1263330030717071e+00
849652,1.3376207681103890e+03,3.1263330030717071e+00
849688,1.3376207681103890e+03,3.1263330030717071e+00
849724,1.3376207681103890e+03,3.1263330030717071e+00
849760,1.3376207681103890e+03,3.1263330030717071e+00
849796,1.3376207681103890e+03,3.1263330030717071e+00
849832,1.3376207681103890e+03,3.1263330030717071e+00
849868,1.3376207681103890e+03,3.1263330030717071e+00
849904,1.3376207681103890e+03,3.1263330030717071e+00
849940,1.3376207681103890e+03,3.1263330030717071e+00
849976,1.3376207681103890e+03,3.1263330030717071e+00
850012,1.3376207681103890e+03,3.1263330030717071e+00
850048,1.3376207681103890e+03,3.1263330030717071e+00
850084,1.3376207681103890e+03,3.1263330030717071e+00
850120,1.3376207681103890e+03,3.1263330030717071e+00
850156,1.3376207681103890e+03,3.1263330030717071e+00
850192,1.3376207681103890e+03,3.1263330030717071e+00
850228,1.3376207681103890e+03,3.1263330030717071e+00
850264,1.3376207681103890e+03,3.1263330030717071e+00
850300,1.3376207681103890e+03,3.1263330030717071e+00
850336,1.3376207681103890e+03,3.1263330030717071e+00
850372,1.3376207681103890e+03,3.1263330030717071e+00
850408,1.3376207681103890e+03,3.1263330030717071e+00
850444,1.3376207681103890e+03,3.1263330030717071e+00
850480,1.3376207681103890e+03,3.1263330030717071e+00
850516,1.3376207681103890e+03,3.1263330030717071e+00
850552,1.3376207681103890e+03,3.1263330030717071e+00
850588,1.3376207681103890e+03,3.1263330030717071e+00
850624,1.3376207681103890e+03,3.1263330030717071e+00
850660,1.3376207681103890e+03,3.1263330030717071e+00
850696,1.3376207681103890e+03,3.1263330030717071e+00
850732,1.3376207681103890e+03,3.1263330030717071e+00
850768,1.3376207681103890e+03,3.1263330030717071e+00
850804,1.3376207681103890e+03,3.1263330030717071e+00
850840,1.3376207681103890e+03,3.1263330030717071e+00
850876,1.3376207681103890e+03,3.1263330030717071e+00
850912,1.3376207681103890e+03,3.1263330030717071e+00
850948,1.3376207681103890e+03,3.1263330030717071e+00
850984,1.3376207681103890e+03,3.1263330030717071e+00
851020,1.3376207681103890e+03,3.1263330030717071e+00
851056,1.3376207681103890e+03,3.1263330030717071e+00
851092,1.3376207681103890e+03,3.1263330030717071e+00
851128,1.3376207681103890e+03,3.1263330030717071e+00
851164,1.3376207681103890e+03,3.1263330030717071e+00
851200,1.3376207681103890e+03,3.1263330030717071e+00
851236,1.3376207681103890e+03,3.1263330030717071e+00
851272,1.3376207681103890e+03,3.1263330030717071e+00
851308,1.3376207681103890e+03,3.1263330030717071e+00
851344,1.3376207681103890e+03,3.1263330030717071e+00
851380,1.3376207681103890e+03,3.1263330030717071e+00
851416,1.3376207681103890e+03,3.1263330030717071e+00
851452,1.3376207681103890e+03,3.1263330030717071e+00
851488,1.3376207681103890e+03,3.1263330030717071e+00
851524,1.3376207681103890e+03,3.1263330030717071e+00
851560,1.3376207681103890e+03,3.1263330030717071e+00
851596,1.3376207681103890e+03,3.1263330030717071e+00
851632,1.3376207681103890e+03,3.1263330030717071e+00
851668,1.3376207681103890e+03,3.1263330030717071e+00
851704,1.3376207681103890e+03,3.1263330030717071e+00
851740,1.3376207681103890e+03,3.1263330030717071e+00
851776,1.3376207681103890e+03,3.1263330030717071e+00
851812,1.3376207681103890e+03,3.1263330030717071e+00
851848,1.3376207681103890e+03,3.1263330030717071e+00
851884,1.3376207681103890e+03,3.1263330030717071e+00
851920,1.3376207681103890e+03,3.1263330030717071e+00
851956,1.3376207681103890e+03,3.1263330030717071e+00
851992,1.3376207681103890e+03,3.1263330030717071e+00
852028,1.3376207681103890e+03,3.1263330030717071e+00
852064,1.3376207681103890e+03,3.1263330030717071e+00
852100,1.3376207681103890e+03,3.1263330030717071e+00
852136,1.3376207681103890e+03,3.1263330030717071e+00
852172,1.3376207681103890e+03,3.1263330030717071e+00
852208,1.3376207681103890e+03,3.1263330030717071e+00
852244,1.3376207681103890e+03,3.1263330030717071e+00
852280,1.3376207681103890e+03,3.1263330030717071e+00
852316,1.3376207681103890e+03,3.1263330030717071e+00
852352,1.3376207681103890e+03,3.1263330030717071e+00
852388,1.3376207681103890e+03,3.1263330030717071e+00
852424,1.3376207681103890e+03,3.1263330030717071e+00
852460,1.3376207681103890e+03,3.1263330030717071e+00
852496,1.3376207681103890e+03,3.1263330030717071e+00
852532,1.3376207681103890e+03,3.1263330030717071e+00
852568,1.3376207681103890e+03,3.1263330030717071e+00
852604,1.3376207681103890e+03,3.1263330030717071e+00
852640,1.3376207681103890e+03,3.1263330030717071e+00
852676,1.3376207681103890e+03,3.1263330030717071e+00
852712,1.3376207681103890e+03,3.1263330030717071e+00
852748,1.3376207681103890e+03,3.1263330030717071e+00
852784,1.3376207681103890e+03,3.1263330030717071e+00
852820,1.3376207681103890e+03,3.1263330030717071e+00
852856,1.3376207681103890e+03,3.1263330030717071e+00
852892,1.3376207681103890e+03,3.1263330030717071e+00
852928,1.3376207681103890e+03,3.1263330030717071e+00
852964,1.3376207681103890e+03,3.1263330030717071e+00
853000,1.3376207681103890e+03,3.1263330030717071e+00
853036,1.3376207681103890e+03,3.1263330030717071e+00
853072,1.3376207681103890e+03,3.1263330030717071e+00
853108,1.3376207681103890e+03,3.1263330030717071e+00
853144,1.3376207681103890e+03,3.1263330030717071e+00
853180,1.3376207681103890e+03,3.1263330030717071e+00
853216,1.3376207681103890e+03,3.1263330030717071e+00
853252,1.3376207681103890e+03,3.1263330030717071e+00
853288,1.3376207681103890e+03,3.1263330030717071e+00
853324,1.3376207681103890e+03,3.1263330030717071e+00
853360,1.3376207681103890e+03,3.1263330030717071e+00
853396,1.3376207681103890e+03,3.1263330030717071e+00
853432,1.3376207681103890e+03,3.1263330030717071e+00
853468,1.3376207681103890e+03,3.1263330030717071e+00
853504,1.3376207681103890e+03,3.1263330030717071e+00
853540,1.3376207681103890e+03,3.1263330030717071e+00
853576,1.3376207681103890e+03,3.1263330030717071e+00
853612,1.3376207681103890e+03,3.1263330030717071e+00
853648,1.3376207681103890e+03,3.1263330030717071e+00
853684,1.3376207681103890e+03,3.1263330030717071e+00
853720,1.3376207681103890e+03,3.1263330030717071e+00
853756,1.3376207681103890e+03,3.1263330030717071e+00
853792,1.3376207681103890e+03,3.1263330030717071e+00
853828,1.3376207681103890e+03,3.1263330030717071e+00
853864,1.3376207681103890e+03,3.1263330030717071e+00
853900,1.3376207681103890e+03,3.1263330030717071e+00
853936,1.3376207681103890e+03,3.1263330030717071e+00
853972,1.3376207681103890e+03,3.1263330030717071e+00
854008,1.3376207681103890e+03,3.1263330030717071e+00
854044,1.3376207681103890e+03,3.1263330030717071e+00
854080,1.3376207681103890e+03,3.1263330030717071e+00
854116,1.3376207681103890e+03,3.1263330030717071e+00
854152,1.3376207681103890e+03,3.1263330030717071e+00
854188,1.3376207681103890e+03,3.1263330030717071e+00
854224,1.3376207681103890e+03,3.1263330030717071e+00
854260,1.3376207681103890e+03,3.1263330030717071e+00
854296,1.3376207681103890e+03,3.1263330030717071e+00
854332,1.3376207681103890e+03,3.1263330030717071e+00
854368,1.3376207681103890e+03,3.1263330030717071e+00
854404,1.3376207681103890e+03,3.1263330030717071e+00
854440,1.3376207681103890e+03,3.1263330030717071e+00
854476,1.3376207681103890e+03,3.1263330030717071e+00
854512,1.3376207681103890e+03,3.1263330030717071e+00
854548,1.3376207681103890e+03,3.1263330030717071e+00
854584,1.3376207681103890e+03,3.1263330030717071e+00
854620,1.3376207681103890e+03,3.1263330030717071e+00
854656,1.3376207681103890e+03,3.1263330030717071e+00
854692,1.3376207681103890e+03,3.1263330030717071e+00
854728,1.3376207681103890e+03,3.1263330030717071e+00
854764,1.3376207681103890e+03,3.1263330030717071e+00
854800,1.3376207681103890e+03,3.1263330030717071e+00
854836,1.3376207681103890e+03,3.1263330030717071e+00
854872,1.3376207681103890e+03,3.1263330030717071e+00
854908,1.3376207681103890e+03,3.1263330030717071e+00
854944,1.3376207681103890e+03,3.1263330030717071e+00
854980,1.3376207681103890e+03,3.1263330030717071e+00
855016,1.3376207681103890e+03,3.1263330030717071e+00
855052,1.3376207681103890e+03,3.1263330030717071e+00
855088,1.3376207681103890e+03,3.1263330030717071e+00
855124,1.3376207681103890e+03,3.1263330030717071e+00
855160,1.3376207681103890e+03,3.1263330030717071e+00
855196,1.3376207681103890e+03,3.1263330030717071e+00
855232,1.3376207681103890e+03,3.1263330030717071e+00
855268,1.3376207681103890e+03,3.1263330030717071e+00
855304,1.3376207681103890e+03,3.1263330030717071e+00
855340,1.3376207681103890e+03,3.1263330030717071e+00
855376,1.3376207681103890e+03,3.1263330030717071e+00
855412,1.3376207681103890e+03,3.1263330030717071e+00
855448,1.3376207681103890e+03,3.1263330030717071e+00
855484,1.3376207681103890e+03,3.1263330030717071e+00
855520,1.3376207681103890e+03,3.1263330030717071e+00
855556,1.3376207681103890e+03,3.1263330030717071e+00
855592,1.3376207681103890e+03,3.1263330030717071e+00
855628,1.3376207681103890e+03,3.1263330030717071e+00
855664,1.3376207681103890e+03,3.1263330030717071e+00
855700,1.3376207681103890e+03,3.1263330030717071e+00
855736,1.3376207681103890e+03,3.1263330030717071e+00
855772,1.3376207681103890e+03,3.1263330030717071e+00
855808,1.3376207681103890e+03,3.1263330030717071e+00
855844,1.3376207681103890e+03,3.1263330030717071e+00
855880,1.3376207681103890e+03,3.1263330030717071e+00
855916,1.3376207681103890e+03,3.1263330030717071e+00
855952,1.3376207681103890e+03,3.1263330030717071e+00
855988,1.3376207681103890e+03,3.1263330030717071e+00
856024,1.3376207681103890e+03,3.1263330030717071e+00
856060,1.3376207681103890e+03,3.1263330030717071e+00
856096,1.3376207681103890e+03,3.1263330030717071e+00
856132,1.3376207681103890e+03,3.1263330030717071e+00
856167,1.3376207681103890e+03,3.1263330030717071e+00
856202,1.3376207681103890e+03,3.1263330030717071e+00
856237,1.3376207681103890e+03,3.1263330030717071e+00
856272,1.3376207681103890e+03,3.1263330030717071e+00
856307,1.3376207681103890e+03,3.1263330030717071e+00
856342,1.3376207681103890e+03,3.1263330030717071e+00
856377,1.3376207681103890e+03,3.1263330030717071e+00
856412,1.3376207681103890e+03,3.1263330030717071e+00
856447,1.3376207681103890e+03,3.1263330030717071e+00
856482,1.3376207681103890e+03,3.1263330030717071e+00
856517,1.3376207681103890e+03,3.1263330030717071e+00
856552,1.3376207681103890e+03,3.1263330030717071e+00
856587,1.3376207681103890e+03,3.1263330030717071e+00
856622,1.3376207681103890e+03,3.1263330030717071e+00
856657,1.3376207681103890e+03,3.1263330030717071e+00
856692,1.3376207681103890e+03,3.1263330030717071e+00
856727,1.3376207681103890e+03,3.1263330030717071e+00
856762,1.3376207681103890e+03,3.1263330030717071e+00
856797,1.3376207681103890e+03,3.1263330030717071e+00
856832,1.3376207681103890e+03,3.1263330030717071e+00
856867,1.3376207681103890e+03,3.1263330030717071e+00
856902,1.3376207681103890e+03,3.1263330030717071e+00
856937,1.3376207681103890e+03,3.1263330030717071e+00
856972,1.3376207681103890e+03,3.1263330030717071e+00
857007,1.3376207681103890e+03,3.1263330030717071e+00
857042,1.3376207681103890e+03,3.1263330030717071e+00
857077,1.3376207681103890e+03,3.1263330030717071e+00
857112,1.3376207681103890e+03,3.1263330030717071e+00
857147,1.3376207681103890e+03,3.1263330030717071e+00
857182,1.3376207681103890e+03,3.1263330030717071e+00
857217,1.3376207681103890e+03,3.1263330030717071e+00
857252,1.3376207681103890e+03,3.1263330030717071e+00
857287,1.3376207681103890e+03,3.1263330030717071e+00
857322,1.3376207681103890e+03,3.1263330030717071e+00
857357,1.3376207681103890e+03,3.1263330030717071e+00
857392,1.3376207681103890e+03,3.1263330030717071e+00
857427,1.3376207681103890e+03,3.1263330030717071e+00
857462,1.3376207681103890e+03,3.1263330030717071e+00
857497,1.3376207681103890e+03,3.1263330030717071e+00
857532,1.3376207681103890e+03,3.1263330030717071e+00
857567,1.3376207681103890e+03,3.1263330030717071e+00
857602,1.3376207681103890e+03,3.1263330030717071e+00
857637,1.3376207681103890e+03,3.1263330030717071e+00
857672,1.3376207681103890e+03,3.1263330030717071e+00
857707,1.3376207681103890e+03,3.1263330030717071e+00
857742,1.3376207681103890e+03,3.1263330030717071e+00
857777,1.3376207681103890e+03,3.1263330030717071e+00
857812,1.3376207681103890e+03,3.1263330030717071e+00
857847,1.3376207681103890e+03,3.1263330030717071e+00
857882,1.3376207681103890e+03,3.1263330030717071e+00
857917,1.3376207681103890e+03,3.1263330030717071e+00
857952,1.3376207681103890e+03,3.1263330030717071e+00
857987,1.3376207681103890e+03,3.1263330030717071e+00
858022,1.3376207681103890e+03,3.1263330030717071e+00
858057,1.3376207681103890e+03,3.1263330030717071e+00
858092,1.3376207681103890e+03,3.1263330030717071e+00
858127,1.3376207681103890e+03,3.1263330030717071e+00
858162,1.3376207681103890e+03,3.1263330030717071e+00
858197,1.3376207681103890e+03,3.1263330030717071e+00
858232,1.3376207681103890e+03,3.1263330030717071e+00
858267,1.3376207681103890e+03,3.1263330030717071e+00
858302,1.3376207681103890e+03,3.1263330030717071e+00
858337,1.3376207681103890e+03,3.1263330030717071e+00
858372,1.3376207681103890e+03,3.1263330030717071e+00
858407,1.3376207681103890e+03,3.1263330030717071e+00
858442,1.3376207681103890e+03,3.1263330030717071e+00
858477,1.3376207681103890e+03,3.1263330030717071e+00
858512,1.3376207681103890e+03,3.1263330030717071e+00
858547,1.3376207681103890e+03,3.1263330030717071e+00
858582,1.3376207681103890e+03,3.1263330030717071e+00
858617,1.3376207681103890e+03,3.1263330030717071e+00
858652,1.3376207681103890e+03,3.1263330030717071e+00
858687,1.3376207681103890e+03,3.1263330030717071e+00
858722,1.3376207681103890e+03,3.1263330030717071e+00
858757,1.3376207681103890e+03,3.1263330030717071e+00
858792,1.3376207681103890e+03,3.1263330030717071e+00
858827,1.3376207681103890e+03,3.1263330030717071e+00
858862,1.3376207681103890e+03,3.1263330030717071e+00
858897,1.3376207681103890e+03,3.1263330030717071e+00
858932,1.3376207681103890e+03,3.1263330030717071e+00
858967,1.3376207681103890e+03,3.1263330030717071e+00
859002,1.3376207681103890e+03,3.1263330030717071e+00
859037,1.3376207681103890e+03,3.1263330030717071e+00
859072,1.3376207681103890e+03,3.1263330030717071e+00
859107,1.3376207681103890e+03,3.1263330030717071e+00
859142,1.3376207681103890e+03,3.1263330030717071e+00
859177,1.3376207681103890e+03,3.1263330030717071e+00
859212,1.3376207681103890e+03,3.1263330030717071e+00
859247,1.3376207681103890e+03,3.1263330030717071e+00
859282,1.3376207681103890e+03,3.1263330030717071e+00
859317,1.3376207681103890e+03,3.1263330030717071e+00
859352,1.3376207681103890e+03,3.1263330030717071e+00
859387,1.3376207681103890e+03,3.1263330030717071e+00
859422,1.3376207681103890e+03,3.1263330030717071e+00
859457,1.3376207681103890e+03,3.1263330030717071e+00
859492,1.3376207681103890e+03,3.1263330030717071e+00
859527,1.3376207681103890e+03,3.1263330030717071e+00
859562,1.3376207681103890e+03,3.1263330030717071e+00
859597,1.3376207681103890e+03,3.1263330030717071e+00
859632,1.3376207681103890e+03,3.1263330030717071e+00
859667,1.3376207681103890e+03,3.1263330030717071e+00
859702,1.3376207681103890e+03,3.1263330030717071e+00
859737,1.3376207681103890e+03,3.1263330030717071e+00
859772,1.3376207681103890e+03,3.1263330030717071e+00
859807,1.3376207681103890e+03,3.1263330030717071e+00
859842,1.3376207681103890e+03,3.1263330030717071e+00
859877,1.3376207681103890e+03,3.1263330030717071e+00
859912,1.3376207681103890e+03,3.1263330030717071e+00
859947,1.3376207681103890e+03,3.1263330030717071e+00
859982,1.3376207681103890e+03,3.1263330030717071e+00
860017,1.3376207681103890e+03,3.1263330030717071e+00
860052,1.3376207681103890e+03,3.1263330030717071e+00
860087,1.3376207681103890e+03,3.1263330030717071e+00
860122,1.3376207681103890e+03,3.1263330030717071e+00
860157,1.3376207681103890e+03,3.1263330030717071e+00
860192,1.3376207681103890e+03,3.1263330030717071e+00
860227,1.3376207681103890e+03,3.1263330030717071e+00
860262,1.3376207681103890e+03,3.1263330030717071e+00
860297,1.3376207681103890e+03,3.1263330030717071e+00
860332,1.3376207681103890e+03,3.1263330030717071e+00
860367,1.3376207681103890e+03,3.1263330030717071e+00
860402,1.3376207681103890e+03,3.1263330030717071e+00
860437,1.3376207681103890e+03,3.1263330030717071e+00
860472,1.3376207681103890e+03,3.1263330030717071e+00
860507,1.3376207681103890e+03,3.1263330030717071e+00
860542,1.3376207681103890e+03,3.1263330030717071e+00
860577,1.3376207681103890e+03,3.1263330030717071e+00
860612,1.3376207681103890e+03,3.1263330030717071e+00
860647,1.3376207681103890e+03,3.1263330030717071e+00
860682,1.3376207681103890e+03,3.1263330030717071e+00
860717,1.3376207681103890e+03,3.1263330030717071e+00
860752,1.3376207681103890e+03,3.1263330030717071e+00
860787,1.3376207681103890e+03,3.1263330030717071e+00
860822,1.3376207681103890e+03,3.1263330030717071e+00
860857,1.3376207681103890e+03,3.1263330030717071e+00
860892,1.3376207681103890e+03,3.1263330030717071e+00
860927,1.3376207681103890e+03,3.1263330030717071e+00
860962,1.3376207681103890e+03,3.1263330030717071e+00
860997,1.3376207681103890e+03,3.1263330030717071e+00
861032,1.3376207681103890e+03,3.1263330030717071e+00
861067,1.3376207681103890e+03,3.1263330030717071e+00
861102,1.3376207681103890e+03,3.1263330030717071e+00
861137,1.3376207681103890e+03,3.1263330030717071e+00
861172,1.3376207681103890e+03,3.1263330030717071e+00
861207,1.3376207681103890e+03,3.1263330030717071e+00
861242,1.3376207681103890e+03,3.1263330030717071e+00
861277,1.3376207681103890e+03,3.1263330030717071e+00
861312,1.3376207681103890e+03,3.1263330030717071e+00
861347,1.3376207681103890e+03,3.1263330030717071e+00
861382,1.3376207681103890e+03,3.1263330030717071e+00
861417,1.3376207681103890e+03,3.1263330030717071e+00
861452,1.3376207681103890e+03,3.1263330030717071e+00
861487,1.3376207681103890e+03,3.1263330030717071e+00
861522,1.3376207681103890e+03,3.1263330030717071e+00
861557,1.3376207681103890e+03,3.1263330030717071e+00
861592,1.3376207681103890e+03,3.1263330030717071e+00
861627,1.3376207681103890e+03,3.1263330030717071e+00
861662,1.3376207681103890e+03,3.1263330030717071e+00
861697,1.3376207681103890e+03,3.1263330030717071e+00
861732,1.3316556040154719e+03,3.1243919210692774e+00
861767,1.3316556040154719e+03,3.1243919210692774e+00
861802,1.3316556040154719e+03,3.1243919210692774e+00
861837,1.3316556040154719e+03,3.1243919210692774e+00
861872,1.3316556040154719e+03,3.1243919210692774e+00
861907,1.3316556040154719e+03,3.1243919210692774e+00
861942,1.3316556040154719e+03,3.1243919210692774e+00
861977,1.3316556040154719e+03,3.1243919210692774e+00
862012,1.3316556040154719e+03,3.1243919210692774e+00
862047,1.3316556040154719e+03,3.1243919210692774e+00
862082,1.3316556040154719e+03,3.1243919210692774e+00
862117,1.3316556040154719e+03,3.1243919210692774e+00
862152,1.3316556040154719e+03,3.1243919210692774e+00
862187,1.3316556040154719e+03,3.1243919210692774e+00
862222,1.3316556040154719e+03,3.1243919210692774e+00
862257,1.3316556040154719e+03,3.1243919210692774e+00
862292,1.3316556040154719e+03,3.1243919210692774e+00
862327,1.3316556040154719e+03,3.1243919210692774e+00
862362,1.3316556040154719e+03,3.1243919210692774e+00
862397,1.3316556040154719e+03,3.1243919210692774e+00
862432,1.3316556040154719e+03,3.1243919210692774e+00
862467,1.3316556040154719e+03,3.1243919210692774e+00
862502,1.3316556040154719e+03,3.1243919210692774e+00
862537,1.3316556040154719e+03,3.1243919210692774e+00
862572,1.3316556040154719e+03,3.1243919210692774e+00
862607,1.3316556040154719e+03,3.1243919210692774e+00
862642,1.3316556040154719e+03,3.1243919210692774e+00
862677,1.3316556040154719e+03,3.1243919210692774e+00
862712,1.3316556040154719e+03,3.1243919210692774e+00
862747,1.3316556040154719e+03,3.1243919210692774e+00
862782,1.3316556040154719e+03,3.1243919210692774e+00
862817,1.3316556040154719e+03,3.1243919210692774e+00
862852,1.3316556040154719e+03,3.1243919210692774e+00
862887,1.3316556040154719e+03,3.1243919210692774e+00
862922,1.3316556040154719e+03,3.1243919210692774e+00
862957,1.3316556040154719e+03,3.1243919210692774e+00
862991,1.3316556040154719e+03,3.1243919210692774e+00
863025,1.3316556040154719e+03,3.1243919210692774e+00
863059,1.3316556040154719e+03,3.1243919210692774e+00
863093,1.3316556040154719e+03,3.1243919210692774e+00
863127,1.3316556040154719e+03,3.1243919210692774e+00
863161,1.3316556040154719e+03,3.1243919210692774e+00
863195,1.3316556040154719e+03,3.1243919210692774e+00
863229,1.3316556040154719e+03,3.1243919210692774e+00
863263,1.3316556040154719e+03,3.1243919210692774e+00
863297,1.3316556040154719e+03,3.1243919210692774e+00
863331,1.3316556040154719e+03,3.1243919210692774e+00
863365,1.3316556040154719e+03,3.1243919210692774e+00
863399,1.3316556040154719e+03,3.1243919210692774e+00
863433,1.3316556040154719e+03,3.1243919210692774e+00
863467,1.3316556040154719e+03,3.1243919210692774e+00
863501,1.3316556040154719e+03,3.1243919210692774e+00
863535,1.3316556040154719e+03,3.1243919210692774e+00
863569,1.3316556040154719e+03,3.1243919210692774e+00
863603,1.3316556040154719e+03,3.1243919210692774e+00
863637,1.3316556040154719e+03,3.1243919210692774e+00
863671,1.3316556040154719e+03,3.1243919210692774e+00
863705,1.3316556040154719e+03,3.1243919210692774e+00
863739,1.3316556040154719e+03,3.1243919210692774e+00
863773,1.3316556040154719e+03,3.1243919210692774e+00
863807,1.3316556040154719e+03,3.1243919210692774e+00
863841,1.3316556040154719e+03,3.1243919210692774e+00
863875,1.3316556040154719e+03,3.1243919210692774e+00
863909,1.3316556040154719e+03,3.1243919210692774e+00
863943,1.3316556040154719e+03,3.1243919210692774e+00
863977,1.3316556040154719e+03,3.1243919210692774e+00
864011,1.3316556040154719e+03,3.1243919210692774e+00
864045,1.3316556040154719e+03,3.1243919210692774e+00
864079,1.3316556040154719e+03,3.1243919210692774e+00
864113,1.3316556040154719e+03,3.1243919210692774e+00
864147,1.3316556040154719e+03,3.1243919210692774e+00
864181,1.3316556040154719e+03,3.1243919210692774e+00
864215,1.3316556040154719e+03,3.1243919210692774e+00
864249,1.3316556040154719e+03,3.1243919210692774e+00
864283,1.3316556040154719e+03,3.1243919210692774e+00
864317,1.3316556040154719e+03,3.1243919210692774e+00
864351,1.3316556040154719e+03,3.1243919210692774e+00
864385,1.3316556040154719e+03,3.1243919210692774e+00
864419,1.3316556040154719e+03,3.1243919210692774e+00
864453,1.3316556040154719e+03,3.1243919210692774e+00
864487,1.3316556040154719e+03,3.1243919210692774e+00
864521,1.3316556040154719e+03,3.1243919210692774e+00
864555,1.3316556040154719e+03,3.1243919210692774e+00
864589,1.3316556040154719e+03,3.1243919210692774e+00
864623,1.3316556040154719e+03,3.1243919210692774e+00
864657,1.3316556040154719e+03,3.1243919210692774e+00
864691,1.3316556040154719e+03,3.1243919210692774e+00
864725,1.3316556040154719e+03,3.1243919210692774e+00
864759,1.3316556040154719e+03,3.1243919210692774e+00
864793,1.3316556040154719e+03,3.1243919210692774e+00
864827,1.3316556040154719e+03,3.1243919210692774e+00
864861,1.3316556040154719e+03,3.1243919210692774e+00
864895,1.3316556040154719e+03,3.1243919210692774e+00
864929,1.3316556040154719e+03,3.1243919210692774e+00
864963,1.3316556040154719e+03,3.1243919210692774e+00
864997,1.3316556040154719e+03,3.1243919210692774e+00
865031,1.3316556040154719e+03,3.1243919210692774e+00
865065,1.3316556040154719e+03,3.1243919210692774e+00
865099,1.3316556040154719e+03,3.1243919210692774e+00
865133,1.3316556040154719e+03,3.1243919210692774e+00
865167,1.3316556040154719e+03,3.1243919210692774e+00
865201,1.3316556040154719e+03,3.1243919210692774e+00
865235,1.3316556040154719e+03,3.1243919210692774e+00
865269,1.3316556040154719e+03,3.1243919210692774e+00
865303,1.3316556040154719e+03,3.1243919210692774e+00
865337,1.3316556040154719e+03,3.1243919210692774e+00
865371,1.3316556040154719e+03,3.1243919210692774e+00
865405,1.3316556040154719e+03,3.1243919210692774e+00
865439,1.3316556040154719e+03,3.1243919210692774e+00
865473,1.3316556040154719e+03,3.1243919210692774e+00
865507,1.3316556040154719e+03,3.1243919210692774e+00
865541,1.3316556040154719e+03,3.1243919210692774e+00
865575,1.3316556040154719e+03,3.1243919210692774e+00
865609,1.3316556040154719e+03,3.1243919210692774e+00
865643,1.3316556040154719e+03,3.1243919210692774e+00
865677,1.3316556040154719e+03,3.1243919210692774e+00
865711,1.3316556040154719e+03,3.1243919210692774e+00
865745,1.3316556040154719e+03,3.1243919210692774e+00
865779,1.3316556040154719e+03,3.1243919210692774e+00
865813,1.3316556040154719e+03,3.1243919210692774e+00
865847,1.3316556040154719e+03,3.1243919210692774e+00
865881,1.3316556040154719e+03,3.1243919210692774e+00
865915,1.3316556040154719e+03,3.1243919210692774e+00
865949,1.3316556040154719e+03,3.1243919210692774e+00
865983,1.3316556040154719e+03,3.1243919210692774e+00
866017,1.3316556040154719e+03,3.1243919210692774e+00
866051,1.3316556040154719e+03,3.1243919210692774e+00
866085,1.3316556040154719e+03,3.1243919210692774e+00
866119,1.3316556040154719e+03,3.1243919210692774e+00
866153,1.3316556040154719e+03,3.1243919210692774e+00
866187,1.3316556040154719e+03,3.1243919210692774e+00
866221,1.3316556040154719e+03,3.1243919210692774e+00
866255,1.3316556040154719e+03,3.1243919210692774e+00
866289,1.3316556040154719e+03,3.1243919210692774e+00
866323,1.3316556040154719e+03,3.1243919210692774e+00
866357,1.3316556040154719e+03,3.1243919210692774e+00
866391,1.3316556040154719e+03,3.1243919210692774e+00
866425,1.3316556040154719e+03,3.1243919210692774e+00
866459,1.3316556040154719e+03,3.1243919210692774e+00
866493,1.3316556040154719e+03,3.1243919210692774e+00
866527,1.3316556040154719e+03,3.1243919210692774e+00
866561,1.3316556040154719e+03,3.1243919210692774e+00
866595,1.3316556040154719e+03,3.1243919210692774e+00
866629,1.3316556040154719e+03,3.1243919210692774e+00
866663,1.3316556040154719e+03,3.1243919210692774e+00
866697,1.3316556040154719e+03,3.1243919210692774e+00
866731,1.3316556040154719e+03,3.1243919210692774e+00
866765,1.3316556040154719e+03,3.1243919210692774e+00
866799,1.3316556040154719e+03,3.1243919210692774e+00
866833,1.3316556040154719e+03,3.1243919210692774e+00
866867,1.3316556040154719e+03,3.1243919210692774e+00
866901,1.3316556040154719e+03,3.1243919210692774e+00
866935,1.3316556040154719e+03,3.1243919210692774e+00
866969,1.3316556040154719e+03,3.1243919210692774e+00
867003,1.3316556040154719e+03,3.1243919210692774e+00
867037,1.3316556040154719e+03,3.1243919210692774e+00
867071,1.3316556040154719e+03,3.1243919210692774e+00
867105,1.3316556040154719e+03,3.1243919210692774e+00
867139,1.3316556040154719e+03,3.1243919210692774e+00
867173,1.3316556040154719e+03,3.1243919210692774e+00
867207,1.3316556040154719e+03,3.1243919210692774e+00
867241,1.3316556040154719e+03,3.1243919210692774e+00
867275,1.3316556040154719e+03,3.1243919210692774e+00
867309,1.3316556040154719e+03,3.1243919210692774e+00
867343,1.3316556040154719e+03,3.1243919210692774e+00
867377,1.3316556040154719e+03,3.1243919210692774e+00
867411,1.3316556040154719e+03,3.1243919210692774e+00
867445,1.3316556040154719e+03,3.1243919210692774e+00
867479,1.3316556040154719e+03,3.1243919210692774e+00
867513,1.3316556040154719e+03,3.1243919210692774e+00
867547,1.3316556040154719e+03,3.1243919210692774e+00
867581,1.3316556040154719e+03,3.1243919210692774e+00
867615,1.3316556040154719e+03,3.1243919210692774e+00
867649,1.3316556040154719e+03,3.1243919210692774e+00
867683,1.3316556040154719e+03,3.1243919210692774e+00
867717,1.3316556040154719e+03,3.1243919210692774e+00
867751,1.3316556040154719e+03,3.1243919210692774e+00
867785,1.3316556040154719e+03,3.1243919210692774e+00
867819,1.3316556040154719e+03,3.1243919210692774e+00
867853,1.3316556040154719e+03,3.1243919210692774e+00
867887,1.3316556040154719e+03,3.1243919210692774e+00
867921,1.3316556040154719e+03,3.1243919210692774e+00
867955,1.3316556040154719e+03,3.1243919210692774e+00
867989,1.3316556040154719e+03,3.1243919210692774e+00
868023,1.3316556040154719e+03,3.1243919210692774e+00
868057,1.3316556040154719e+03,3.1243919210692774e+00
868091,1.3316556040154719e+03,3.1243919210692774e+00
868125,1.3316556040154719e+03,3.1243919210692774e+00
868159,1.3316556040154719e+03,3.1243919210692774e+00
868193,1.3316556040154719e+03,3.1243919210692774e+00
868227,1.3316556040154719e+03,3.1243919210692774e+00
868261,1.3316556040154719e+03,3.1243919210692774e+00
868295,1.3316556040154719e+03,3.1243919210692774e+00
868329,1.3316556040154719e+03,3.1243919210692774e+00
868363,1.3316556040154719e+03,3.1243919210692774e+00
868397,1.3316556040154719e+03,3.1243919210692774e+00
868431,1.3316556040154719e+03,3.1243919210692774e+00
868465,1.3316556040154719e+03,3.1243919210692774e+00
868499,1.3316556040154719e+03,3.1243919210692774e+00
868533,1.3316556040154719e+03,3.1243919210692774e+00
868567,1.3316556040154719e+03,3.1243919210692774e+00
868601,1.3316556040154719e+03,3.1243919210692774e+00
868635,1.3316556040154719e+03,3.1243919210692774e+00
868669,1.3316556040154719e+03,3.1243919210692774e+00
868703,1.3316556040154719e+03,3.1243919210692774e+00
868737,1.3316556040154719e+03,3.1243919210692774e+00
868771,1.3316556040154719e+03,3.1243919210692774e+00
868805,1.3316556040154719e+03,3.1243919210692774e+00
868839,1.3316556040154719e+03,3.1243919210692774e+00
868873,1.3316556040154719e+03,3.1243919210692774e+00
868907,1.3316556040154719e+03,3.1243919210692774e+00
868941,1.3316556040154719e+03,3.1243919210692774e+00
868975,1.3316556040154719e+03,3.1243919210692774e+00
869009,1.3316556040154719e+03,3.1243919210692774e+00
869043,1.3316556040154719e+03,3.1243919210692774e+00
869077,1.3316556040154719e+03,3.1243919210692774e+00
869111,1.3316556040154719e+03,3.1243919210692774e+00
869145,1.3316556040154719e+03,3.1243919210692774e+00
869179,1.3316556040154719e+03,3.1243919210692774e+00
869213,1.3316556040154719e+03,3.1243919210692774e+00
869247,1.3316556040154719e+03,3.1243919210692774e+00
869281,1.3316556040154719e+03,3.1243919210692774e+00
869315,1.3316556040154719e+03,3.1243919210692774e+00
869349,1.3316556040154719e+03,3.1243919210692774e+00
869383,1.3316556040154719e+03,3.1243919210692774e+00
869417,1.3316556040154719e+03,3.1243919210692774e+00
869451,1.3316556040154719e+03,3.1243919210692774e+00
869485,1.3316556040154719e+03,3.1243919210692774e+00
869519,1.3316556040154719e+03,3.1243919210692774e+00
869553,1.3316556040154719e+03,3.1243919210692774e+00
869587,1.3316556040154719e+03,3.1243919210692774e+00
869621,1.3316556040154719e+03,3.1243919210692774e+00
869655,1.3316556040154719e+03,3.1243919210692774e+00
869689,1.3316556040154719e+03,3.1243919210692774e+00
869723,1.3316556040154719e+03,3.1243919210692774e+00
869757,1.3316556040154719e+03,3.1243919210692774e+00
869791,1.3316556040154719e+03,3.1243919210692774e+00
869825,1.3316556040154719e+03,3.1243919210692774e+00
869859,1.3316556040154719e+03,3.1243919210692774e+00
869893,1.3316556040154719e+03,3.1243919210692774e+00
869927,1.3316556040154719e+03,3.1243919210692774e+00
869961,1.3316556040154719e+03,3.1243919210692774e+00
869995,1.3316556040154719e+03,3.1243919210692774e+00
870029,1.3316556040154719e+03,3.1243919210692774e+00
870063,1.3316556040154719e+03,3.1243919210692774e+00
870097,1.3316556040154719e+03,3.1243919210692774e+00
870131,1.3316556040154719e+03,3.1243919210692774e+00
870165,1.3316556040154719e+03,3.1243919210692774e+00
870198,1.3316556040154719e+03,3.1243919210692774e+00
870231,1.3316556040154719e+03,3.1243919210692774e+00
870264,1.3316556040154719e+03,3.1243919210692774e+00
870297,1.3316556040154719e+03,3.1243919210692774e+00
870330,1.3316556040154719e+03,3.1243919210692774e+00
870363,1.3316556040154719e+03,3.1243919210692774e+00
870396,1.3316556040154719e+03,3.1243919210692774e+00
870429,1.3316556040154719e+03,3.1243919210692774e+00
870462,1.3316556040154719e+03,3.1243919210692774e+00
870495,1.3316556040154719e+03,3.1243919210692774e+00
870528,1.3316556040154719e+03,3.1243919210692774e+00
870561,1.3316556040154719e+03,3.1243919210692774e+00
870594,1.3316556040154719e+03,3.1243919210692774e+00
870627,1.3316556040154719e+03,3.1243919210692774e+00
870660,1.3316556040154719e+03,3.1243919210692774e+00
870693,1.3316556040154719e+03,3.1243919210692774e+00
870726,1.3316556040154719e+03,3.1243919210692774e+00
870759,1.3316556040154719e+03,3.1243919210692774e+00
870792,1.3316556040154719e+03,3.1243919210692774e+00
870825,1.3316556040154719e+03,3.1243919210692774e+00
870858,1.3316556040154719e+03,3.1243919210692774e+00
870891,1.3316556040154719e+03,3.1243919210692774e+00
870924,1.3316556040154719e+03,3.1243919210692774e+00
870957,1.3316556040154719e+03,3.1243919210692774e+00
870990,1.3316556040154719e+03,3.1243919210692774e+00
871023,1.3316556040154719e+03,3.1243919210692774e+00
871056,1.3316556040154719e+03,3.1243919210692774e+00
871089,1.3316556040154719e+03,3.1243919210692774e+00
871122,1.3316556040154719e+03,3.1243919210692774e+00
871155,1.3316556040154719e+03,3.1243919210692774e+00
871188,1.3316556040154719e+03,3.1243919210692774e+00
871221,1.3316556040154719e+03,3.1243919210692774e+00
871254,1.3316556040154719e+03,3.1243919210692774e+00
871287,1.3316556040154719e+03,3.1243919210692774e+00
871320,1.3316556040154719e+03,3.1243919210692774e+00
871353,1.3316556040154719e+03,3.1243919210692774e+00
871386,1.3316556040154719e+03,3.1243919210692774e+00
871419,1.3316556040154719e+03,3.1243919210692774e+00
871452,1.3316556040154719e+03,3.1243919210692774e+00
871485,1.3316556040154719e+03,3.1243919210692774e+00
871518,1.3316556040154719e+03,3.1243919210692774e+00
871551,1.3316556040154719e+03,3.1243919210692774e+00
871584,1.3316556040154719e+03,3.1243919210692774e+00
871617,1.3316556040154719e+03,3.1243919210692774e+00
871650,1.3316556040154719e+03,3.1243919210692774e+00
871683,1.3316556040154719e+03,3.1243919210692774e+00
871716,1.3316556040154719e+03,3.1243919210692774e+00
871749,1.3316556040154719e+03,3.1243919210692774e+00
871782,1.3316556040154719e+03,3.1243919210692774e+00
871815,1.3316556040154719e+03,3.1243919210692774e+00
871848,1.3316556040154719e+03,3.1243919210692774e+00
871881,1.3316556040154719e+03,3.1243919210692774e+00
871914,1.3316556040154719e+03,3.1243919210692774e+00
871947,1.3316556040154719e+03,3.1243919210692774e+00
871980,1.3316556040154719e+03,3.1243919210692774e+00
872013,1.3316556040154719e+03,3.1243919210692774e+00
872046,1.3316556040154719e+03,3.1243919210692774e+00
872079,1.3316556040154719e+03,3.1243919210692774e+00
872112,1.3316556040154719e+03,3.1243919210692774e+00
872145,1.3316556040154719e+03,3.1243919210692774e+00
872178,1.3316556040154719e+03,3.1243919210692774e+00
872211,1.3316556040154719e+03,3.1243919210692774e+00
872244,1.3316556040154719e+03,3.1243919210692774e+00
872277,1.3316556040154719e+03,3.1243919210692774e+00
872310,1.3316556040154719e+03,3.1243919210692774e+00
872343,1.3316556040154719e+03,3.1243919210692774e+00
872376,1.3316556040154719e+03,3.1243919210692774e+00
872409,1.3316556040154719e+03,3.1243919210692774e+00
872442,1.3316556040154719e+03,3.1243919210692774e+00
872475,1.3316556040154719e+03,3.1243919210692774e+00
872508,1.3316556040154719e+03,3.1243919210692774e+00
872541,1.3316556040154719e+03,3.1243919210692774e+00
872574,1.3316556040154719e+03,3.1243919210692774e+00
872607,1.3316556040154719e+03,3.1243919210692774e+00
872640,1.3316556040154719e+03,3.1243919210692774e+00
872673,1.3316556040154719e+03,3.1243919210692774e+00
872706,1.3316556040154719e+03,3.1243919210692774e+00
872739,1.3316556040154719e+03,3.1243919210692774e+00
872772,1.3316556040154719e+03,3.1243919210692774e+00
872805,1.3316556040154719e+03,3.1243919210692774e+00
872838,1.3316556040154719e+03,3.1243919210692774e+00
872871,1.3316556040154719e+03,3.1243919210692774e+00
872904,1.3316556040154719e+03,3.1243919210692774e+00
872937,1.3316556040154719e+03,3.1243919210692774e+00
872970,1.3316556040154719e+03,3.1243919210692774e+00
873003,1.3316556040154719e+03,3.1243919210692774e+00
873036,1.3316556040154719e+03,3.1243919210692774e+00
873069,1.3316556040154719e+03,3.1243919210692774e+00
873102,1.3316556040154719e+03,3.1243919210692774e+00
873135,1.3316556040154719e+03,3.1243919210692774e+00
873168,1.3316556040154719e+03,3.1243919210692774e+00
873201,1.3316556040154719e+03,3.1243919210692774e+00
873234,1.3316556040154719e+03,3.1243919210692774e+00
873267,1.3316556040154719e+03,3.1243919210692774e+00
873300,1.3316556040154719e+03,3.1243919210692774e+00
873333,1.3316556040154719e+03,3.1243919210692774e+00
873366,1.3316556040154719e+03,3.1243919210692774e+00
873399,1.3316556040154719e+03,3.1243919210692774e+00
873432,1.3316556040154719e+03,3.1243919210692774e+00
873465,1.3316556040154719e+03,3.1243919210692774e+00
873498,1.3316556040154719e+03,3.1243919210692774e+00
873531,1.3316556040154719e+03,3.1243919210692774e+00
873564,1.3316556040154719e+03,3.1243919210692774e+00
873597,1.3316556040154719e+03,3.1243919210692774e+00
873630,1.3316556040154719e+03,3.1243919210692774e+00
873663,1.3316556040154719e+03,3.1243919210692774e+00
873696,1.3316556040154719e+03,3.1243919210692774e+00
873729,1.3316556040154719e+03,3.1243919210692774e+00
873762,1.3316556040154719e+03,3.1243919210692774e+00
873795,1.3316556040154719e+03,3.1243919210692774e+00
873828,1.3316556040154719e+03,3.1243919210692774e+00
873861,1.3316556040154719e+03,3.1243919210692774e+00
873894,1.3316556040154719e+03,3.1243919210692774e+00
873927,1.3316556040154719e+03,3.1243919210692774e+00
873960,1.3316556040154719e+03,3.1243919210692774e+00
873993,1.3316556040154719e+03,3.1243919210692774e+00
874026,1.3316556040154719e+03,3.1243919210692774e+00
874059,1.3316556040154719e+03,3.1243919210692774e+00
874092,1.3316556040154719e+03,3.1243919210692774e+00
874125,1.3316556040154719e+03,3.1243919210692774e+00
874158,1.3316556040154719e+03,3.1243919210692774e+00
874191,1.3316556040154719e+03,3.1243919210692774e+00
874224,1.3316556040154719e+03,3.1243919210692774e+00
874257,1.3316556040154719e+03,3.1243919210692774e+00
874290,1.3316556040154719e+03,3.1243919210692774e+00
874323,1.3316556040154719e+03,3.1243919210692774e+00
874356,1.3316556040154719e+03,3.1243919210692774e+00
874389,1.3316556040154719e+03,3.1243919210692774e+00
874422,1.3316556040154719e+03,3.1243919210692774e+00
874455,1.3316556040154719e+03,3.1243919210692774e+00
874488,1.3316556040154719e+03,3.1243919210692774e+00
874521,1.3316556040154719e+03,3.1243919210692774e+00
874554,1.3316556040154719e+03,3.1243919210692774e+00
874587,1.3316556040154719e+03,3.1243919210692774e+00
874620,1.3316556040154719e+03,3.1243919210692774e+00
874653,1.3316556040154719e+03,3.1243919210692774e+00
874686,1.3316556040154719e+03,3.1243919210692774e+00
874719,1.3316556040154719e+03,3.1243919210692774e+00
874752,1.3316556040154719e+03,3.1243919210692774e+00
874785,1.3316556040154719e+03,3.1243919210692774e+00
874818,1.3316556040154719e+03,3.1243919210692774e+00
874851,1.3316556040154719e+03,3.1243919210692774e+00
874884,1.3316556040154719e+03,3.1243919210692774e+00
874917,1.3316556040154719e+03,3.1243919210692774e+00
874950,1.3316556040154719e+03,3.1243919210692774e+00
874983,1.3316556040154719e+03,3.1243919210692774e+00
875016,1.3316556040154719e+03,3.1243919210692774e+00
875049,1.3316556040154719e+03,3.1243919210692774e+00
875082,1.3316556040154719e+03,3.1243919210692774e+00
875115,1.3316556040154719e+03,3.1243919210692774e+00
875148,1.3316556040154719e+03,3.1243919210692774e+00
875181,1.3316556040154719e+03,3.1243919210692774e+00
875214,1.3316556040154719e+03,3.1243919210692774e+00
875247,1.3316556040154719e+03,3.1243919210692774e+00
875280,1.3316556040154719e+03,3.1243919210692774e+00
875313,1.3316556040154719e+03,3.1243919210692774e+00
875346,1.3316556040154719e+03,3.1243919210692774e+00
875379,1.3316556040154719e+03,3.1243919210692774e+00
875412,1.3316556040154719e+03,3.1243919210692774e+00
875445,1.3316556040154719e+03,3.1243919210692774e+00
875478,1.3316556040154719e+03,3.1243919210692774e+00
875511,1.3316556040154719e+03,3.1243919210692774e+00
875544,1.3316556040154719e+03,3.1243919210692774e+00
875577,1.3316556040154719e+03,3.1243919210692774e+00
875610,1.3316556040154719e+03,3.1243919210692774e+00
875643,1.3316556040154719e+03,3.1243919210692774e+00
875676,1.3316556040154719e+03,3.1243919210692774e+00
875709,1.3316556040154719e+03,3.1243919210692774e+00
875742,1.3316556040154719e+03,3.1243919210692774e+00
875775,1.3316556040154719e+03,3.1243919210692774e+00
875808,1.3316556040154719e+03,3.1243919210692774e+00
875841,1.3316556040154719e+03,3.1243919210692774e+00
875874,1.3316556040154719e+03,3.1243919210692774e+00
875907,1.3316556040154719e+03,3.1243919210692774e+00
875940,1.3316556040154719e+03,3.1243919210692774e+00
875973,1.3316556040154719e+03,3.1243919210692774e+00
876006,1.3316556040154719e+03,3.1243919210692774e+00
876039,1.3316556040154719e+03,3.1243919210692774e+00
876072,1.3316556040154719e+03,3.1243919210692774e+00
876105,1.3316556040154719e+03,3.1243919210692774e+00
876138,1.3316556040154719e+03,3.1243919210692774e+00
876171,1.3316556040154719e+03,3.1243919210692774e+00
876204,1.3316556040154719e+03,3.1243919210692774e+00
876237,1.3316556040154719e+03,3.1243919210692774e+00
876270,1.3316556040154719e+03,3.1243919210692774e+00
876303,1.3316556040154719e+03,3.1243919210692774e+00
876336,1.3316556040154719e+03,3.1243919210692774e+00
876369,1.3316556040154719e+03,3.1243919210692774e+00
876402,1.3316556040154719e+03,3.1243919210692774e+00
876435,1.3316556040154719e+03,3.1243919210692774e+00
876468,1.3316556040154719e+03,3.1243919210692774e+00
876501,1.3316556040154719e+03,3.1243919210692774e+00
876534,1.3316556040154719e+03,3.1243919210692774e+00
876567,1.3316556040154719e+03,3.1243919210692774e+00
876600,1.3316556040154719e+03,3.1243919210692774e+00
876633,1.3316556040154719e+03,3.1243919210692774e+00
876666,1.3316556040154719e+03,3.1243919210692774e+00
876699,1.3316556040154719e+03,3.1243919210692774e+00
876732,1.3316556040154719e+03,3.1243919210692774e+00
876765,1.3316556040154719e+03,3.1243919210692774e+00
876798,1.3316556040154719e+03,3.1243919210692774e+00
876831,1.3316556040154719e+03,3.1243919210692774e+00
876864,1.3316556040154719e+03,3.1243919210692774e+00
876897,1.3316556040154719e+03,3.1243919210692774e+00
876930,1.3316556040154719e+03,3.1243919210692774e+00
876963,1.3316556040154719e+03,3.1243919210692774e+00
876996,1.3316556040154719e+03,3.1243919210692774e+00
877029,1.3316556040154719e+03,3.1243919210692774e+00
877062,1.3316556040154719e+03,3.1243919210692774e+00
877095,1.3316556040154719e+03,3.1243919210692774e+00
877128,1.3316556040154719e+03,3.1243919210692774e+00
877161,1.3316556040154719e+03,3.1243919210692774e+00
877194,1.3316556040154719e+03,3.1243919210692774e+00
877227,1.3316556040154719e+03,3.1243919210692774e+00
877260,1.3316556040154719e+03,3.1243919210692774e+00
877293,1.3316556040154719e+03,3.1243919210692774e+00
877326,1.3316556040154719e+03,3.1243919210692774e+00
877359,1.3316556040154719e+03,3.1243919210692774e+00
877392,1.3316556040154719e+03,3.1243919210692774e+00
877425,1.3316556040154719e+03,3.1243919210692774e+00
877458,1.3316556040154719e+03,3.1243919210692774e+00
877491,1.3316556040154719e+03,3.1243919210692774e+00
877524,1.3316556040154719e+03,3.1243919210692774e+00
877557,1.3316556040154719e+03,3.1243919210692774e+00
877590,1.3316556040154719e+03,3.1243919210692774e+00
877623,1.3316556040154719e+03,3.1243919210692774e+00
877656,1.3316556040154719e+03,3.1243919210692774e+00
877689,1.3316556040154719e+03,3.1243919210692774e+00
877722,1.3316556040154719e+03,3.1243919210692774e+00
877755,1.3316556040154719e+03,3.1243919210692774e+00
877788,1.3316556040154719e+03,3.1243919210692774e+00
877821,1.3316556040154719e+03,3.1243919210692774e+00
877854,1.3316556040154719e+03,3.1243919210692774e+00
877886,1.3316556040154719e+03,3.1243919210692774e+00
877918,1.3316556040154719e+03,3.1243919210692774e+00
877950,1.3316556040154719e+03,3.1243919210692774e+00
877982,1.3316556040154719e+03,3.1243919210692774e+00
878014,1.3316556040154719e+03,3.1243919210692774e+00
878046,1.3316556040154719e+03,3.1243919210692774e+00
878078,1.3316556040154719e+03,3.1243919210692774e+00
878110,1.3316556040154719e+03,3.1243919210692774e+00
878142,1.3316556040154719e+03,3.1243919210692774e+00
878174,1.3316556040154719e+03,3.1243919210692774e+00
878206,1.3316556040154719e+03,3.1243919210692774e+00
878238,1.3316556040154719e+03,3.1243919210692774e+00
878270,1.3316556040154719e+03,3.1243919210692774e+00
878302,1.3218078162422908e+03,3.1211683156542929e+00
878334,1.3218078162422908e+03,3.1211683156542929e+00
878366,1.3218078162422908e+03,3.1211683156542929e+00
878398,1.3218078162422908e+03,3.1211683156542929e+00
878430,1.3218078162422908e+03,3.1211683156542929e+00
878462,1.3218078162422908e+03,3.1211683156542929e+00
878494,1.3218078162422908e+03,3.1211683156542929e+00
878526,1.3218078162422908e+03,3.1211683156542929e+00
878558,1.3218078162422908e+03,3.1211683156542929e+00
878590,1.3218078162422908e+03,3.1211683156542929e+00
878622,1.3218078162422908e+03,3.1211683156542929e+00
878654,1.3218078162422908e+03,3.1211683156542929e+00
878686,1.3218078162422908e+03,3.1211683156542929e+00
878718,1.3218078162422908e+03,3.1211683156542929e+00
878750,1.3218078162422908e+03,3.1211683156542929e+00
878782,1.3218078162422908e+03,3.1211683156542929e+00
878814,1.3218078162422908e+03,3.1211683156542929e+00
878846,1.3218078162422908e+03,3.1211683156542929e+00
878878,1.3218078162422908e+03,3.1211683156542929e+00
878910,1.3218078162422908e+03,3.1211683156542929e+00
878942,1.3218078162422908e+03,3.1211683156542929e+00
878974,1.3218078162422908e+03,3.1211683156542929e+00
879006,1.3218078162422908e+03,3.1211683156542929e+00
879038,1.3218078162422908e+03,3.1211683156542929e+00
879070,1.3218078162422908e+03,3.1211683156542929e+00
879102,1.3218078162422908e+03,3.1211683156542929e+00
879134,1.3218078162422908e+03,3.1211683156542929e+00
879166,1.3218078162422908e+03,3.1211683156542929e+00
879198,1.3218078162422908e+03,3.1211683156542929e+00
879230,1.3218078162422908e+03,3.1211683156542929e+00
879262,1.3218078162422908e+03,3.1211683156542929e+00
879294,1.3218078162422908e+03,3.1211683156542929e+00
879326,1.3218078162422908e+03,3.1211683156542929e+00
879358,1.3218078162422908e+03,3.1211683156542929e+00
879390,1.3218078162422908e+03,3.1211683156542929e+00
879422,1.3218078162422908e+03,3.1211683156542929e+00
879454,1.3218078162422908e+03,3.1211683156542929e+00
879486,1.3218078162422908e+03,3.1211683156542929e+00
879518,1.3218078162422908e+03,3.1211683156542929e+00
879550,1.3218078162422908e+03,3.1211683156542929e+00
879582,1.3218078162422908e+03,3.1211683156542929e+00
879614,1.3218078162422908e+03,3.1211683156542929e+00
879646,1.3218078162422908e+03,3.1211683156542929e+00
879678,1.3218078162422908e+03,3.1211683156542929e+00
879710,1.3218078162422908e+03,3.1211683156542929e+00
879742,1.3218078162422908e+03,3.1211683156542929e+00
879774,1.3218078162422908e+03,3.1211683156542929e+00
879806,1.3218078162422908e+03,3.1211683156542929e+00
879838,1.3218078162422908e+03,3.1211683156542929e+00
879870,1.3218078162422908e+03,3.1211683156542929e+00
879902,1.3218078162422908e+03,3.1211683156542929e+00
879934,1.3218078162422908e+03,3.1211683156542929e+00
879966,1.3218078162422908e+03,3.1211683156542929e+00
879998,1.3218078162422908e+03,3.1211683156542929e+00
880030,1.3218078162422908e+03,3.1211683156542929e+00
880062,1.3218078162422908e+03,3.1211683156542929e+00
880094,1.3218078162422908e+03,3.1211683156542929e+00
880126,1.3218078162422908e+03,3.1211683156542929e+00
880158,1.3218078162422908e+03,3.1211683156542929e+00
880190,1.3218078162422908e+03,3.1211683156542929e+00
880222,1.3218078162422908e+03,3.1211683156542929e+00
880254,1.3218078162422908e+03,3.1211683156542929e+00
880286,1.3218078162422908e+03,3.1211683156542929e+00
880318,1.3218078162422908e+03,3.1211683156542929e+00
880350,1.3218078162422908e+03,3.1211683156542929e+00
880382,1.3218078162422908e+03,3.1211683156542929e+00
880414,1.3218078162422908e+03,3.1211683156542929e+00
880446,1.3218078162422908e+03,3.1211683156542929e+00
880478,1.3218078162422908e+03,3.1211683156542929e+00
880510,1.3218078162422908e+03,3.1211683156542929e+00
880542,1.3218078162422908e+03,3.1211683156542929e+00
880574,1.3218078162422908e+03,3.1211683156542929e+00
880606,1.3218078162422908e+03,3.1211683156542929e+00
880638,1.3218078162422908e+03,3.1211683156542929e+00
880670,1.3218078162422908e+03,3.1211683156542929e+00
880702,1.3218078162422908e+03,3.1211683156542929e+00
880734,1.3218078162422908e+03,3.1211683156542929e+00
880766,1.3218078162422908e+03,3.1211683156542929e+00
880798,1.3218078162422908e+03,3.1211683156542929e+00
880830,1.3218078162422908e+03,3.1211683156542929e+00
880862,1.3218078162422908e+03,3.1211683156542929e+00
880894,1.3218078162422908e+03,3.1211683156542929e+00
880926,1.3218078162422908e+03,3.1211683156542929e+00
880958,1.3218078162422908e+03,3.1211683156542929e+00
880990,1.3218078162422908e+03,3.1211683156542929e+00
881022,1.3218078162422908e+03,3.1211683156542929e+00
881054,1.3218078162422908e+03,3.1211683156542929e+00
881086,1.3218078162422908e+03,3.1211683156542929e+00
881118,1.3218078162422908e+03,3.1211683156542929e+00
881150,1.3218078162422908e+03,3.1211683156542929e+00
881182,1.3218078162422908e+03,3.1211683156542929e+00
881214,1.3218078162422908e+03,3.1211683156542929e+00
881246,1.3218078162422908e+03,3.1211683156542929e+00
881278,1.3218078162422908e+03,3.1211683156542929e+00
881310,1.3218078162422908e+03,3.1211683156542929e+00
881342,1.3218078162422908e+03,3.1211683156542929e+00
881374,1.3218078162422908e+03,3.1211683156542929e+00
881406,1.3218078162422908e+03,3.1211683156542929e+00
881438,1.3218078162422908e+03,3.1211683156542929e+00
881470,1.3218078162422908e+03,3.1211683156542929e+00
881502,1.3218078162422908e+03,3.1211683156542929e+00
881534,1.3218078162422908e+03,3.1211683156542929e+00
881566,1.3218078162422908e+03,3.1211683156542929e+00
881598,1.3218078162422908e+03,3.1211683156542929e+00
881630,1.3218078162422908e+03,3.1211683156542929e+00
881662,1.3218078162422908e+03,3.1211683156542929e+00
881694,1.3218078162422908e+03,3.1211683156542929e+00
881726,1.3218078162422908e+03,3.1211683156542929e+00
881758,1.3218078162422908e+03,3.1211683156542929e+00
881790,1.3218078162422908e+03,3.1211683156542929e+00
881822,1.3218078162422908e+03,3.1211683156542929e+00
881854,1.3218078162422908e+03,3.1211683156542929e+00
881886,1.3218078162422908e+03,3.1211683156542929e+00
881918,1.3218078162422908e+03,3.1211683156542929e+00
881950,1.3218078162422908e+03,3.1211683156542929e+00
881982,1.3218078162422908e+03,3.1211683156542929e+00
882014,1.3218078162422908e+03,3.1211683156542929e+00
882046,1.3218078162422908e+03,3.1211683156542929e+00
882078,1.3218078162422908e+03,3.1211683156542929e+00
882110,1.3218078162422908e+03,3.1211683156542929e+00
882142,1.3218078162422908e+03,3.1211683156542929e+00
882174,1.3218078162422908e+03,3.1211683156542929e+00
882206,1.3218078162422908e+03,3.1211683156542929e+00
882238,1.3218078162422908e+03,3.1211683156542929e+00
882270,1.3218078162422908e+03,3.1211683156542929e+00
882302,1.3218078162422908e+03,3.1211683156542929e+00
882334,1.3218078162422908e+03,3.1211683156542929e+00
882366,1.3218078162422908e+03,3.1211683156542929e+00
882398,1.3218078162422908e+03,3.1211683156542929e+00
882430,1.3218078162422908e+03,3.1211683156542929e+00
882462,1.3218078162422908e+03,3.1211683156542929e+00
882494,1.3218078162422908e+03,3.1211683156542929e+00
882526,1.3218078162422908e+03,3.1211683156542929e+00
882558,1.3218078162422908e+03,3.1211683156542929e+00
882590,1.3218078162422908e+03,3.1211683156542929e+00
882622,1.3218078162422908e+03,3.1211683156542929e+00
882654,1.3218078162422908e+03,3.1211683156542929e+00
882686,1.3218078162422908e+03,3.1211683156542929e+00
882718,1.3218078162422908e+03,3.1211683156542929e+00
882750,1.3218078162422908e+03,3.1211683156542929e+00
882782,1.3218078162422908e+03,3.1211683156542929e+00
882814,1.3218078162422908e+03,3.1211683156542929e+00
882846,1.3218078162422908e+03,3.1211683156542929e+00
882878,1.3218078162422908e+03,3.1211683156542929e+00
882910,1.3218078162422908e+03,3.1211683156542929e+00
882942,1.3218078162422908e+03,3.1211683156542929e+00
882974,1.3218078162422908e+03,3.1211683156542929e+00
883006,1.3218078162422908e+03,3.1211683156542929e+00
883038,1.3218078162422908e+03,3.1211683156542929e+00
883070,1.3218078162422908e+03,3.1211683156542929e+00
883102,1.3218078162422908e+03,3.1211683156542929e+00
883134,1.3218078162422908e+03,3.1211683156542929e+00
883166,1.3218078162422908e+03,3.1211683156542929e+00
883198,1.3218078162422908e+03,3.1211683156542929e+00
883230,1.3218078162422908e+03,3.1211683156542929e+00
883262,1.3218078162422908e+03,3.1211683156542929e+00
883294,1.3218078162422908e+03,3.1211683156542929e+00
883326,1.3218078162422908e+03,3.1211683156542929e+00
883358,1.3218078162422908e+03,3.1211683156542929e+00
883390,1.3218078162422908e+03,3.1211683156542929e+00
883422,1.3218078162422908e+03,3.1211683156542929e+00
883454,1.3218078162422908e+03,3.1211683156542929e+00
883486,1.3218078162422908e+03,3.1211683156542929e+00
883518,1.3218078162422908e+03,3.1211683156542929e+00
883550,1.3218078162422908e+03,3.1211683156542929e+00
883582,1.3218078162422908e+03,3.1211683156542929e+00
883614,1.3218078162422908e+03,3.1211683156542929e+00
883646,1.3218078162422908e+03,3.1211683156542929e+00
883678,1.3218078162422908e+03,3.1211683156542929e+00
883710,1.3218078162422908e+03,3.1211683156542929e+00
883742,1.3218078162422908e+03,3.1211683156542929e+00
883774,1.3218078162422908e+03,3.1211683156542929e+00
883806,1.3218078162422908e+03,3.1211683156542929e+00
883838,1.3218078162422908e+03,3.1211683156542929e+00
883870,1.3218078162422908e+03,3.1211683156542929e+00
883902,1.3218078162422908e+03,3.1211683156542929e+00
883934,1.3218078162422908e+03,3.1211683156542929e+00
883966,1.3218078162422908e+03,3.1211683156542929e+00
883998,1.3218078162422908e+03,3.1211683156542929e+00
884030,1.3218078162422908e+03,3.1211683156542929e+00
884062,1.3218078162422908e+03,3.1211683156542929e+00
884094,1.3218078162422908e+03,3.1211683156542929e+00
884126,1.3218078162422908e+03,3.1211683156542929e+00
884158,1.3218078162422908e+03,3.1211683156542929e+00
884190,1.3218078162422908e+03,3.1211683156542929e+00
884222,1.3218078162422908e+03,3.1211683156542929e+00
884254,1.3218078162422908e+03,3.1211683156542929e+00
884286,1.3218078162422908e+03,3.1211683156542929e+00
884318,1.3218078162422908e+03,3.1211683156542929e+00
884350,1.3218078162422908e+03,3.1211683156542929e+00
884382,1.3218078162422908e+03,3.1211683156542929e+00
884414,1.3218078162422908e+03,3.1211683156542929e+00
884446,1.3218078162422908e+03,3.1211683156542929e+00
884478,1.3218078162422908e+03,3.1211683156542929e+00
884510,1.3218078162422908e+03,3.1211683156542929e+00
884542,1.3218078162422908e+03,3.1211683156542929e+00
884574,1.3218078162422908e+03,3.1211683156542929e+00
884606,1.3218078162422908e+03,3.1211683156542929e+00
884638,1.3218078162422908e+03,3.1211683156542929e+00
884670,1.3218078162422908e+03,3.1211683156542929e+00
884702,1.3218078162422908e+03,3.1211683156542929e+00
884734,1.3218078162422908e+03,3.1211683156542929e+00
884766,1.3218078162422908e+03,3.1211683156542929e+00
884798,1.3218078162422908e+03,3.1211683156542929e+00
884830,1.3218078162422908e+03,3.1211683156542929e+00
884862,1.3218078162422908e+03,3.1211683156542929e+00
884894,1.3218078162422908e+03,3.1211683156542929e+00
884926,1.3218078162422908e+03,3.1211683156542929e+00
884958,1.3218078162422908e+03,3.1211683156542929e+00
884990,1.3218078162422908e+03,3.1211683156542929e+00
885022,1.3218078162422908e+03,3.1211683156542929e+00
885054,1.3218078162422908e+03,3.1211683156542929e+00
885086,1.3218078162422908e+03,3.1211683156542929e+00
885118,1.3218078162422908e+03,3.1211683156542929e+00
885150,1.3218078162422908e+03,3.1211683156542929e+00
885182,1.3218078162422908e+03,3.1211683156542929e+00
885214,1.3218078162422908e+03,3.1211683156542929e+00
885246,1.3218078162422908e+03,3.1211683156542929e+00
885278,1.3218078162422908e+03,3.1211683156542929e+00
885310,1.3218078162422908e+03,3.1211683156542929e+00
885342,1.3218078162422908e+03,3.1211683156542929e+00
885374,1.3218078162422908e+03,3.1211683156542929e+00
885406,1.3218078162422908e+03,3.1211683156542929e+00
885438,1.3218078162422908e+03,3.1211683156542929e+00
885470,1.3218078162422908e+03,3.1211683156542929e+00
885502,1.3218078162422908e+03,3.1211683156542929e+00
885534,1.3218078162422908e+03,3.1211683156542929e+00
885566,1.3218078162422908e+03,3.1211683156542929e+00
885598,1.3218078162422908e+03,3.1211683156542929e+00
885630,1.3218078162422908e+03,3.1211683156542929e+00
885662,1.3218078162422908e+03,3.1211683156542929e+00
885694,1.3218078162422908e+03,3.1211683156542929e+00
885726,1.3218078162422908e+03,3.1211683156542929e+00
885758,1.3218078162422908e+03,3.1211683156542929e+00
885790,1.3218078162422908e+03,3.1211683156542929e+00
885822,1.3218078162422908e+03,3.1211683156542929e+00
885854,1.3218078162422908e+03,3.1211683156542929e+00
885886,1.3218078162422908e+03,3.1211683156542929e+00
885918,1.3218078162422908e+03,3.1211683156542929e+00
885950,1.3218078162422908e+03,3.1211683156542929e+00
885982,1.3218078162422908e+03,3.1211683156542929e+00
886014,1.3218078162422908e+03,3.1211683156542929e+00
886046,1.3218078162422908e+03,3.1211683156542929e+00
886078,1.3218078162422908e+03,3.1211683156542929e+00
886110,1.3218078162422908e+03,3.1211683156542929e+00
886141,1.3218078162422908e+03,3.1211683156542929e+00
886172,1.3218078162422908e+03,3.1211683156542929e+00
886203,1.3218078162422908e+03,3.1211683156542929e+00
886234,1.3218078162422908e+03,3.1211683156542929e+00
886265,1.3218078162422908e+03,3.1211683156542929e+00
886296,1.3218078162422908e+03,3.1211683156542929e+00
886327,1.3218078162422908e+03,3.1211683156542929e+00
886358,1.3218078162422908e+03,3.1211683156542929e+00
886389,1.3218078162422908e+03,3.1211683156542929e+00
886420,1.3218078162422908e+03,3.1211683156542929e+00
886451,1.3218078162422908e+03,3.1211683156542929e+00
886482,1.3218078162422908e+03,3.1211683156542929e+00
886513,1.3218078162422908e+03,3.1211683156542929e+00
886544,1.3218078162422908e+03,3.1211683156542929e+00
886575,1.3218078162422908e+03,3.1211683156542929e+00
886606,1.3218078162422908e+03,3.1211683156542929e+00
886637,1.3218078162422908e+03,3.1211683156542929e+00
886668,1.3218078162422908e+03,3.1211683156542929e+00
886699,1.3218078162422908e+03,3.1211683156542929e+00
886730,1.3218078162422908e+03,3.1211683156542929e+00
886761,1.3218078162422908e+03,3.1211683156542929e+00
886792,1.3218078162422908e+03,3.1211683156542929e+00
886823,1.3218078162422908e+03,3.1211683156542929e+00
886854,1.3218078162422908e+03,3.1211683156542929e+00
886885,1.3218078162422908e+03,3.1211683156542929e+00
886916,1.3218078162422908e+03,3.1211683156542929e+00
886947,1.3218078162422908e+03,3.1211683156542929e+00
886978,1.3218078162422908e+03,3.1211683156542929e+00
887009,1.3218078162422908e+03,3.1211683156542929e+00
887040,1.3218078162422908e+03,3.1211683156542929e+00
887071,1.3218078162422908e+03,3.1211683156542929e+00
887102,1.3218078162422908e+03,3.1211683156542929e+00
887133,1.3218078162422908e+03,3.1211683156542929e+00
887164,1.3218078162422908e+03,3.1211683156542929e+00
887195,1.3218078162422908e+03,3.1211683156542929e+00
887226,1.3218078162422908e+03,3.1211683156542929e+00
887257,1.3218078162422908e+03,3.1211683156542929e+00
887288,1.3218078162422908e+03,3.1211683156542929e+00
887319,1.3218078162422908e+03,3.1211683156542929e+00
887350,1.3218078162422908e+03,3.1211683156542929e+00
887381,1.3218078162422908e+03,3.1211683156542929e+00
887412,1.3218078162422908e+03,3.1211683156542929e+00
887443,1.3218078162422908e+03,3.1211683156542929e+00
887474,1.3218078162422908e+03,3.1211683156542929e+00
887505,1.3218078162422908e+03,3.1211683156542929e+00
887536,1.3218078162422908e+03,3.1211683156542929e+00
887567,1.3218078162422908e+03,3.1211683156542929e+00
887598,1.3218078162422908e+03,3.1211683156542929e+00
887629,1.3218078162422908e+03,3.1211683156542929e+00
887660,1.3218078162422908e+03,3.1211683156542929e+00
887691,1.3218078162422908e+03,3.1211683156542929e+00
887722,1.3218078162422908e+03,3.1211683156542929e+00
887753,1.3218078162422908e+03,3.1211683156542929e+00
887784,1.3218078162422908e+03,3.1211683156542929e+00
887815,1.3218078162422908e+03,3.1211683156542929e+00
887846,1.3218078162422908e+03,3.1211683156542929e+00
887877,1.3218078162422908e+03,3.1211683156542929e+00
887908,1.3218078162422908e+03,3.1211683156542929e+00
887939,1.3218078162422908e+03,3.1211683156542929e+00
887970,1.3218078162422908e+03,3.1211683156542929e+00
888001,1.3218078162422908e+03,3.1211683156542929e+00
888032,1.3218078162422908e+03,3.1211683156542929e+00
888063,1.3218078162422908e+03,3.1211683156542929e+00
888094,1.3218078162422908e+03,3.1211683156542929e+00
888125,1.3218078162422908e+03,3.1211683156542929e+00
888156,1.3218078162422908e+03,3.1211683156542929e+00
888187,1.3218078162422908e+03,3.1211683156542929e+00
888218,1.3218078162422908e+03,3.1211683156542929e+00
888249,1.3218078162422908e+03,3.1211683156542929e+00
888280,1.3218078162422908e+03,3.1211683156542929e+00
888311,1.3218078162422908e+03,3.1211683156542929e+00
888342,1.3218078162422908e+03,3.1211683156542929e+00
888373,1.3218078162422908e+03,3.1211683156542929e+00
888404,1.3218078162422908e+03,3.1211683156542929e+00
888435,1.3218078162422908e+03,3.1211683156542929e+00
888466,1.3218078162422908e+03,3.1211683156542929e+00
888497,1.3218078162422908e+03,3.1211683156542929e+00
888528,1.3218078162422908e+03,3.1211683156542929e+00
888559,1.3218078162422908e+03,3.1211683156542929e+00
888590,1.3218078162422908e+03,3.1211683156542929e+00
888621,1.3218078162422908e+03,3.1211683156542929e+00
888652,1.3218078162422908e+03,3.1211683156542929e+00
888683,1.3218078162422908e+03,3.1211683156542929e+00
888714,1.3218078162422908e+03,3.1211683156542929e+00
888745,1.3218078162422908e+03,3.1211683156542929e+00
888776,1.3218078162422908e+03,3.1211683156542929e+00
888807,1.3218078162422908e+03,3.1211683156542929e+00
888838,1.3218078162422908e+03,3.1211683156542929e+00
888869,1.3218078162422908e+03,3.1211683156542929e+00
888900,1.3218078162422908e+03,3.1211683156542929e+00
888931,1.3218078162422908e+03,3.1211683156542929e+00
888962,1.3218078162422908e+03,3.1211683156542929e+00
888993,1.3218078162422908e+03,3.1211683156542929e+00
889024,1.3218078162422908e+03,3.1211683156542929e+00
889055,1.3218078162422908e+03,3.1211683156542929e+00
889086,1.3218078162422908e+03,3.1211683156542929e+00
889117,1.3218078162422908e+03,3.1211683156542929e+00
889148,1.3218078162422908e+03,3.1211683156542929e+00
889179,1.3218078162422908e+03,3.1211683156542929e+00
889210,1.3218078162422908e+03,3.1211683156542929e+00
889241,1.3218078162422908e+03,3.1211683156542929e+00
889272,1.3218078162422908e+03,3.1211683156542929e+00
889303,1.3218078162422908e+03,3.1211683156542929e+00
889334,1.3218078162422908e+03,3.1211683156542929e+00
889365,1.3218078162422908e+03,3.1211683156542929e+00
889396,1.3218078162422908e+03,3.1211683156542929e+00
889427,1.3218078162422908e+03,3.1211683156542929e+00
889458,1.3218078162422908e+03,3.1211683156542929e+00
889489,1.3218078162422908e+03,3.1211683156542929e+00
889520,1.3218078162422908e+03,3.1211683156542929e+00
889551,1.3218078162422908e+03,3.1211683156542929e+00
889582,1.3218078162422908e+03,3.1211683156542929e+00
889613,1.3218078162422908e+03,3.1211683156542929e+00
889644,1.3218078162422908e+03,3.1211683156542929e+00
889675,1.3218078162422908e+03,3.1211683156542929e+00
889706,1.3218078162422908e+03,3.1211683156542929e+00
889737,1.3218078162422908e+03,3.1211683156542929e+00
889768,1.3218078162422908e+03,3.1211683156542929e+00
889799,1.3218078162422908e+03,3.1211683156542929e+00
889830,1.3218078162422908e+03,3.1211683156542929e+00
889861,1.3218078162422908e+03,3.1211683156542929e+00
889892,1.3218078162422908e+03,3.1211683156542929e+00
889923,1.3218078162422908e+03,3.1211683156542929e+00
889954,1.3218078162422908e+03,3.1211683156542929e+00
889985,1.3218078162422908e+03,3.1211683156542929e+00
890016,1.3218078162422908e+03,3.1211683156542929e+00
890047,1.3218078162422908e+03,3.1211683156542929e+00
890078,1.3218078162422908e+03,3.1211683156542929e+00
890109,1.3218078162422908e+03,3.1211683156542929e+00
890140,1.3218078162422908e+03,3.1211683156542929e+00
890171,1.3218078162422908e+03,3.1211683156542929e+00
890202,1.3218078162422908e+03,3.1211683156542929e+00
890233,1.3218078162422908e+03,3.1211683156542929e+00
890264,1.3218078162422908e+03,3.1211683156542929e+00
890295,1.3218078162422908e+03,3.1211683156542929e+00
890326,1.3218078162422908e+03,3.1211683156542929e+00
890357,1.3218078162422908e+03,3.1211683156542929e+00
890388,1.3218078162422908e+03,3.1211683156542929e+00
890419,1.3218078162422908e+03,3.1211683156542929e+00
890450,1.3218078162422908e+03,3.1211683156542929e+00
890481,1.3218078162422908e+03,3.1211683156542929e+00
890512,1.3218078162422908e+03,3.1211683156542929e+00
890543,1.3218078162422908e+03,3.1211683156542929e+00
890574,1.3218078162422908e+03,3.1211683156542929e+00
890605,1.3218078162422908e+03,3.1211683156542929e+00
890636,1.3218078162422908e+03,3.1211683156542929e+00
890667,1.3218078162422908e+03,3.1211683156542929e+00
890698,1.3218078162422908e+03,3.1211683156542929e+00
890729,1.3218078162422908e+03,3.1211683156542929e+00
890760,1.3218078162422908e+03,3.1211683156542929e+00
890791,1.3218078162422908e+03,3.1211683156542929e+00
890822,1.3218078162422908e+03,3.1211683156542929e+00
890853,1.3218078162422908e+03,3.1211683156542929e+00
890884,1.3218078162422908e+03,3.1211683156542929e+00
890915,1.3218078162422908e+03,3.1211683156542929e+00
890946,1.3218078162422908e+03,3.1211683156542929e+00
890977,1.3218078162422908e+03,3.1211683156542929e+00
891008,1.3218078162422908e+03,3.1211683156542929e+00
891039,1.3218078162422908e+03,3.1211683156542929e+00
891070,1.3218078162422908e+03,3.1211683156542929e+00
891101,1.3218078162422908e+03,3.1211683156542929e+00
891132,1.3218078162422908e+03,3.1211683156542929e+00
891163,1.3218078162422908e+03,3.1211683156542929e+00
891194,1.3218078162422908e+03,3.1211683156542929e+00
891225,1.3218078162422908e+03,3.1211683156542929e+00
891256,1.3218078162422908e+03,3.1211683156542929e+00
891287,1.3218078162422908e+03,3.1211683156542929e+00
891318,1.3218078162422908e+03,3.1211683156542929e+00
891349,1.3218078162422908e+03,3.1211683156542929e+00
891380,1.3218078162422908e+03,3.1211683156542929e+00
891411,1.3218078162422908e+03,3.1211683156542929e+00
891442,1.3218078162422908e+03,3.1211683156542929e+00
891473,1.3218078162422908e+03,3.1211683156542929e+00
891504,1.3218078162422908e+03,3.1211683156542929e+00
891535,1.3218078162422908e+03,3.1211683156542929e+00
891566,1.3218078162422908e+03,3.1211683156542929e+00
891597,1.3218078162422908e+03,3.1211683156542929e+00
891628,1.3218078162422908e+03,3.1211683156542929e+00
891659,1.3218078162422908e+03,3.1211683156542929e+00
891690,1.3218078162422908e+03,3.1211683156542929e+00
891721,1.3218078162422908e+03,3.1211683156542929e+00
891752,1.3218078162422908e+03,3.1211683156542929e+00
891783,1.3218078162422908e+03,3.1211683156542929e+00
891814,1.3218078162422908e+03,3.1211683156542929e+00
891845,1.3218078162422908e+03,3.1211683156542929e+00
891876,1.3218078162422908e+03,3.1211683156542929e+00
891907,1.3218078162422908e+03,3.1211683156542929e+00
891938,1.3218078162422908e+03,3.1211683156542929e+00
891969,1.3218078162422908e+03,3.1211683156542929e+00
892000,1.3218078162422908e+03,3.1211683156542929e+00
892031,1.3218078162422908e+03,3.1211683156542929e+00
892062,1.3218078162422908e+03,3.1211683156542929e+00
892093,1.3218078162422908e+03,3.1211683156542929e+00
892124,1.3218078162422908e+03,3.1211683156542929e+00
892155,1.3218078162422908e+03,3.1211683156542929e+00
892186,1.3218078162422908e+03,3.1211683156542929e+00
892217,1.3218078162422908e+03,3.1211683156542929e+00
892248,1.3218078162422908e+03,3.1211683156542929e+00
892279,1.3218078162422908e+03,3.1211683156542929e+00
892310,1.3218078162422908e+03,3.1211683156542929e+00
892341,1.3218078162422908e+03,3.1211683156542929e+00
892372,1.3218078162422908e+03,3.1211683156542929e+00
892403,1.3218078162422908e+03,3.1211683156542929e+00
892434,1.3218078162422908e+03,3.1211683156542929e+00
892465,1.3218078162422908e+03,3.1211683156542929e+00
892496,1.3218078162422908e+03,3.1211683156542929e+00
892527,1.3218078162422908e+03,3.1211683156542929e+00
892558,1.3218078162422908e+03,3.1211683156542929e+00
892589,1.3218078162422908e+03,3.1211683156542929e+00
892620,1.3218078162422908e+03,3.1211683156542929e+00
892651,1.3218078162422908e+03,3.1211683156542929e+00
892682,1.3218078162422908e+03,3.1211683156542929e+00
892713,1.3218078162422908e+03,3.1211683156542929e+00
892744,1.3218078162422908e+03,3.1211683156542929e+00
892775,1.3218078162422908e+03,3.1211683156542929e+00
892806,1.3218078162422908e+03,3.1211683156542929e+00
892837,1.3218078162422908e+03,3.1211683156542929e+00
892868,1.3218078162422908e+03,3.1211683156542929e+00
892899,1.3218078162422908e+03,3.1211683156542929e+00
892930,1.3218078162422908e+03,3.1211683156542929e+00
892961,1.3218078162422908e+03,3.1211683156542929e+00
892992,1.3218078162422908e+03,3.1211683156542929e+00
893023,1.3218078162422908e+03,3.1211683156542929e+00
893054,1.3218078162422908e+03,3.1211683156542929e+00
893085,1.3218078162422908e+03,3.1211683156542929e+00
893116,1.3218078162422908e+03,3.1211683156542929e+00
893147,1.3218078162422908e+03,3.1211683156542929e+00
893178,1.3218078162422908e+03,3.1211683156542929e+00
893209,1.3218078162422908e+03,3.1211683156542929e+00
893240,1.3218078162422908e+03,3.1211683156542929e+00
893271,1.3218078162422908e+03,3.1211683156542929e+00
893302,1.3218078162422908e+03,3.1211683156542929e+00
893333,1.3218078162422908e+03,3.1211683156542929e+00
893364,1.3218078162422908e+03,3.1211683156542929e+00
893395,1.3218078162422908e+03,3.1211683156542929e+00
893426,1.3218078162422908e+03,3.1211683156542929e+00
893457,1.3218078162422908e+03,3.1211683156542929e+00
893488,1.3218078162422908e+03,3.1211683156542929e+00
893519,1.3218078162422908e+03,3.1211683156542929e+00
893550,1.3218078162422908e+03,3.1211683156542929e+00
893581,1.3218078162422908e+03,3.1211683156542929e+00
893612,1.3218078162422908e+03,3.1211683156542929e+00
893643,1.3218078162422908e+03,3.1211683156542929e+00
893674,1.3218078162422908e+03,3.1211683156542929e+00
893705,1.3218078162422908e+03,3.1211683156542929e+00
893736,1.3218078162422908e+03,3.1211683156542929e+00
893767,1.3218078162422908e+03,3.1211683156542929e+00
893798,1.3218078162422908e+03,3.1211683156542929e+00
893829,1.3218078162422908e+03,3.1211683156542929e+00
893860,1.3218078162422908e+03,3.1211683156542929e+00
893891,1.3218078162422908e+03,3.1211683156542929e+00
893922,1.3218078162422908e+03,3.1211683156542929e+00
893953,1.3218078162422908e+03,3.1211683156542929e+00
893984,1.3218078162422908e+03,3.1211683156542929e+00
894015,1.3218078162422908e+03,3.1211683156542929e+00
894046,1.3218078162422908e+03,3.1211683156542929e+00
894077,1.3218078162422908e+03,3.1211683156542929e+00
894108,1.3218078162422908e+03,3.1211683156542929e+00
894139,1.3218078162422908e+03,3.1211683156542929e+00
894170,1.3218078162422908e+03,3.1211683156542929e+00
894201,1.3218078162422908e+03,3.1211683156542929e+00
894232,1.3218078162422908e+03,3.1211683156542929e+00
894263,1.3218078162422908e+03,3.1211683156542929e+00
894294,1.3218078162422908e+03,3.1211683156542929e+00
894325,1.3218078162422908e+03,3.1211683156542929e+00
894356,1.3218078162422908e+03,3.1211683156542929e+00
894387,1.3218078162422908e+03,3.1211683156542929e+00
894418,1.3218078162422908e+03,3.1211683156542929e+00
894449,1.3218078162422908e+03,3.1211683156542929e+00
894480,1.3218078162422908e+03,3.1211683156542929e+00
894511,1.3218078162422908e+03,3.1211683156542929e+00
894542,1.3218078162422908e+03,3.1211683156542929e+00
894573,1.3218078162422908e+03,3.1211683156542929e+00
894604,1.3218078162422908e+03,3.1211683156542929e+00
894635,1.3218078162422908e+03,3.1211683156542929e+00
894666,1.3218078162422908e+03,3.1211683156542929e+00
894697,1.3218078162422908e+03,3.1211683156542929e+00
894728,1.3218078162422908e+03,3.1211683156542929e+00
894759,1.3218078162422908e+03,3.1211683156542929e+00
894790,1.3218078162422908e+03,3.1211683156542929e+00
894821,1.3218078162422908e+03,3.1211683156542929e+00
894852,1.3218078162422908e+03,3.1211683156542929e+00
894883,1.3218078162422908e+03,3.1211683156542929e+00
894914,1.3218078162422908e+03,3.1211683156542929e+00
894945,1.3218078162422908e+03,3.1211683156542929e+00
894976,1.3218078162422908e+03,3.1211683156542929e+00
895007,1.3218078162422908e+03,3.1211683156542929e+00
895037,1.3218078162422908e+03,3.1211683156542929e+00
895067,1.3218078162422908e+03,3.1211683156542929e+00
895097,1.3218078162422908e+03,3.1211683156542929e+00
895127,1.3218078162422908e+03,3.1211683156542929e+00
895157,1.3218078162422908e+03,3.1211683156542929e+00
895187,1.3218078162422908e+03,3.1211683156542929e+00
895217,1.3218078162422908e+03,3.1211683156542929e+00
895247,1.3218078162422908e+03,3.1211683156542929e+00
895277,1.3218078162422908e+03,3.1211683156542929e+00
895307,1.3218078162422908e+03,3.1211683156542929e+00
895337,1.3218078162422908e+03,3.1211683156542929e+00
895367,1.3218078162422908e+03,3.1211683156542929e+00
895397,1.3218078162422908e+03,3.1211683156542929e+00
895427,1.3218078162422908e+03,3.1211683156542929e+00
895457,1.3218078162422908e+03,3.1211683156542929e+00
895487,1.3218078162422908e+03,3.1211683156542929e+00
895517,1.3218078162422908e+03,3.1211683156542929e+00
895547,1.3218078162422908e+03,3.1211683156542929e+00
895577,1.3218078162422908e+03,3.1211683156542929e+00
895607,1.3218078162422908e+03,3.1211683156542929e+00
895637,1.3218078162422908e+03,3.1211683156542929e+00
895667,1.3218078162422908e+03,3.1211683156542929e+00
895697,1.3218078162422908e+03,3.1211683156542929e+00
895727,1.3218078162422908e+03,3.1211683156542929e+00
895757,1.3218078162422908e+03,3.1211683156542929e+00
895787,1.3218078162422908e+03,3.1211683156542929e+00
895817,1.3218078162422908e+03,3.1211683156542929e+00
895847,1.3218078162422908e+03,3.1211683156542929e+00
895877,1.3218078162422908e+03,3.1211683156542929e+00
895907,1.3218078162422908e+03,3.1211683156542929e+00
895937,1.3218078162422908e+03,3.1211683156542929e+00
895967,1.3218078162422908e+03,3.1211683156542929e+00
895997,1.3218078162422908e+03,3.1211683156542929e+00
896027,1.3218078162422908e+03,3.1211683156542929e+00
896057,1.3218078162422908e+03,3.1211683156542929e+00
896087,1.3218078162422908e+03,3.1211683156542929e+00
896117,1.3218078162422908e+03,3.1211683156542929e+00
896147,1.3218078162422908e+03,3.1211683156542929e+00
896177,1.3218078162422908e+03,3.1211683156542929e+00
896207,1.3218078162422908e+03,3.1211683156542929e+00
896237,1.3218078162422908e+03,3.1211683156542929e+00
896267,1.3218078162422908e+03,3.1211683156542929e+00
896297,1.3218078162422908e+03,3.1211683156542929e+00
896327,1.3218078162422908e+03,3.1211683156542929e+00
896357,1.3218078162422908e+03,3.1211683156542929e+00
896387,1.3218078162422908e+03,3.1211683156542929e+00
896417,1.3218078162422908e+03,3.1211683156542929e+00
896447,1.3218078162422908e+03,3.1211683156542929e+00
896477,1.3218078162422908e+03,3.1211683156542929e+00
896507,1.3218078162422908e+03,3.1211683156542929e+00
896537,1.3218078162422908e+03,3.1211683156542929e+00
896567,1.3218078162422908e+03,3.1211683156542929e+00
896597,1.3218078162422908e+03,3.1211683156542929e+00
896627,1.3218078162422908e+03,3.1211683156542929e+00
896657,1.3218078162422908e+03,3.1211683156542929e+00
896687,1.3218078162422908e+03,3.1211683156542929e+00
896717,1.3218078162422908e+03,3.1211683156542929e+00
896747,1.3218078162422908e+03,3.1211683156542929e+00
896777,1.3218078162422908e+03,3.1211683156542929e+00
896807,1.3218078162422908e+03,3.1211683156542929e+00
896837,1.3218078162422908e+03,3.1211683156542929e+00
896867,1.3218078162422908e+03,3.1211683156542929e+00
896897,1.3218078162422908e+03,3.1211683156542929e+00
896927,1.3218078162422908e+03,3.1211683156542929e+00
896957,1.3218078162422908e+03,3.1211683156542929e+00
896987,1.3218078162422908e+03,3.1211683156542929e+00
897017,1.3218078162422908e+03,3.1211683156542929e+00
897047,1.3218078162422908e+03,3.1211683156542929e+00
897077,1.3218078162422908e+03,3.1211683156542929e+00
897107,1.3218078162422908e+03,3.1211683156542929e+00
897137,1.3218078162422908e+03,3.1211683156542929e+00
897167,1.3218078162422908e+03,3.1211683156542929e+00
897197,1.3218078162422908e+03,3.1211683156542929e+00
897227,1.3218078162422908e+03,3.1211683156542929e+00
897257,1.3218078162422908e+03,3.1211683156542929e+00
897287,1.3218078162422908e+03,3.1211683156542929e+00
897317,1.3218078162422908e+03,3.1211683156542929e+00
897347,1.3218078162422908e+03,3.1211683156542929e+00
897377,1.3218078162422908e+03,3.1211683156542929e+00
897407,1.3218078162422908e+03,3.1211683156542929e+00
897437,1.3218078162422908e+03,3.1211683156542929e+00
897467,1.3218078162422908e+03,3.1211683156542929e+00
897497,1.3218078162422908e+03,3.1211683156542929e+00
897527,1.3218078162422908e+03,3.1211683156542929e+00
897557,1.3218078162422908e+03,3.1211683156542929e+00
897587,1.3218078162422908e+03,3.1211683156542929e+00
897617,1.3218078162422908e+03,3.1211683156542929e+00
897647,1.3218078162422908e+03,3.1211683156542929e+00
897677,1.3218078162422908e+03,3.1211683156542929e+00
897707,1.3218078162422908e+03,3.1211683156542929e+00
897737,1.3218078162422908e+03,3.1211683156542929e+00
897767,1.3218078162422908e+03,3.1211683156542929e+00
897797,1.3218078162422908e+03,3.1211683156542929e+00
897827,1.3218078162422908e+03,3.1211683156542929e+00
897857,1.3218078162422908e+03,3.1211683156542929e+00
897887,1.3218078162422908e+03,3.1211683156542929e+00
897917,1.3218078162422908e+03,3.1211683156542929e+00
897947,1.3218078162422908e+03,3.1211683156542929e+00
897977,1.3218078162422908e+03,3.1211683156542929e+00
898007,1.3218078162422908e+03,3.1211683156542929e+00
898037,1.3218078162422908e+03,3.1211683156542929e+00
898067,1.3218078162422908e+03,3.1211683156542929e+00
898097,1.3218078162422908e+03,3.1211683156542929e+00
898127,1.3218078162422908e+03,3.1211683156542929e+00
898157,1.3218078162422908e+03,3.1211683156542929e+00
898187,1.3218078162422908e+03,3.1211683156542929e+00
898217,1.3218078162422908e+03,3.1211683156542929e+00
898247,1.3218078162422908e+03,3.1211683156542929e+00
898277,1.3218078162422908e+03,3.1211683156542929e+00
898307,1.3218078162422908e+03,3.1211683156542929e+00
898337,1.3218078162422908e+03,3.1211683156542929e+00
898367,1.3218078162422908e+03,3.1211683156542929e+00
898397,1.3218078162422908e+03,3.1211683156542929e+00
898427,1.3218078162422908e+03,3.1211683156542929e+00
898457,1.3218078162422908e+03,3.1211683156542929e+00
898487,1.3218078162422908e+03,3.1211683156542929e+00
898517,1.3218078162422908e+03,3.1211683156542929e+00
898547,1.3218078162422908e+03,3.1211683156542929e+00
898577,1.3218078162422908e+03,3.1211683156542929e+00
898607,1.3218078162422908e+03,3.1211683156542929e+00
898637,1.3218078162422908e+03,3.1211683156542929e+00
898667,1.3218078162422908e+03,3.1211683156542929e+00
898697,1.3218078162422908e+03,3.1211683156542929e+00
898727,1.3218078162422908e+03,3.1211683156542929e+00
898757,1.3218078162422908e+03,3.1211683156542929e+00
898787,1.3218078162422908e+03,3.1211683156542929e+00
898817,1.3218078162422908e+03,3.1211683156542929e+00
898847,1.3218078162422908e+03,3.1211683156542929e+00
898877,1.3218078162422908e+03,3.1211683156542929e+00
898907,1.3218078162422908e+03,3.1211683156542929e+00
898937,1.3218078162422908e+03,3.1211683156542929e+00
898967,1.3218078162422908e+03,3.1211683156542929e+00
898997,1.3218078162422908e+03,3.1211683156542929e+00
899027,1.3218078162422908e+03,3.1211683156542929e+00
899057,1.3218078162422908e+03,3.1211683156542929e+00
899087,1.3218078162422908e+03,3.1211683156542929e+00
899117,1.3218078162422908e+03,3.1211683156542929e+00
899147,1.3218078162422908e+03,3.1211683156542929e+00
899177,1.3218078162422908e+03,3.1211683156542929e+00
899207,1.3218078162422908e+03,3.1211683156542929e+00
899237,1.3218078162422908e+03,3.1211683156542929e+00
899267,1.3218078162422908e+03,3.1211683156542929e+00
899297,1.3218078162422908e+03,3.1211683156542929e+00
899327,1.3218078162422908e+03,3.1211683156542929e+00
899357,1.3218078162422908e+03,3.1211683156542929e+00
899387,1.3218078162422908e+03,3.1211683156542929e+00
899417,1.3218078162422908e+03,3.1211683156542929e+00
899447,1.3218078162422908e+03,3.1211683156542929e+00
899477,1.3218078162422908e+03,3.1211683156542929e+00
899507,1.3218078162422908e+03,3.1211683156542929e+00
899537,1.3218078162422908e+03,3.1211683156542929e+00
899567,1.3218078162422908e+03,3.1211683156542929e+00
899597,1.3218078162422908e+03,3.1211683156542929e+00
899627,1.3218078162422908e+03,3.1211683156542929e+00
899657,1.3218078162422908e+03,3.1211683156542929e+00
899687,1.3218078162422908e+03,3.1211683156542929e+00
899717,1.3218078162422908e+03,3.1211683156542929e+00
899747,1.3218078162422908e+03,3.1211683156542929e+00
899777,1.3218078162422908e+03,3.1211683156542929e+00
899807,1.3218078162422908e+03,3.1211683156542929e+00
899837,1.3218078162422908e+03,3.1211683156542929e+00
899867,1.3218078162422908e+03,3.1211683156542929e+00
899897,1.3218078162422908e+03,3.1211683156542929e+00
899927,1.3218078162422908e+03,3.1211683156542929e+00
899957,1.3218078162422908e+03,3.1211683156542929e+00
899987,1.3218078162422908e+03,3.1211683156542929e+00
900017,1.3218078162422908e+03,3.1211683156542929e+00
900047,1.3218078162422908e+03,3.1211683156542929e+00
900077,1.3218078162422908e+03,3.1211683156542929e+00
900107,1.3218078162422908e+03,3.1211683156542929e+00
900137,1.3218078162422908e+03,3.1211683156542929e+00
900167,1.3218078162422908e+03,3.1211683156542929e+00
900197,1.3218078162422908e+03,3.1211683156542929e+00
900227,1.3218078162422908e+03,3.1211683156542929e+00
900257,1.3218078162422908e+03,3.1211683156542929e+00
900287,1.3218078162422908e+03,3.1211683156542929e+00
900317,1.3218078162422908e+03,3.1211683156542929e+00
900347,1.3218078162422908e+03,3.1211683156542929e+00
900377,1.3218078162422908e+03,3.1211683156542929e+00
900407,1.3218078162422908e+03,3.1211683156542929e+00
900437,1.3218078162422908e+03,3.1211683156542929e+00
900467,1.3218078162422908e+03,3.1211683156542929e+00
900497,1.3218078162422908e+03,3.1211683156542929e+00
900527,1.3218078162422908e+03,3.1211683156542929e+00
900557,1.3218078162422908e+03,3.1211683156542929e+00
900587,1.3218078162422908e+03,3.1211683156542929e+00
900617,1.3218078162422908e+03,3.1211683156542929e+00
900647,1.3218078162422908e+03,3.1211683156542929e+00
900677,1.3218078162422908e+03,3.1211683156542929e+00
900707,1.3218078162422908e+03,3.1211683156542929e+00
900737,1.3218078162422908e+03,3.1211683156542929e+00
900767,1.3218078162422908e+03,3.1211683156542929e+00
900797,1.3218078162422908e+03,3.1211683156542929e+00
900827,1.3218078162422908e+03,3.1211683156542929e+00
900857,1.3218078162422908e+03,3.1211683156542929e+00
900887,1.3218078162422908e+03,3.1211683156542929e+00
900917,1.3218078162422908e+03,3.1211683156542929e+00
900947,1.3218078162422908e+03,3.1211683156542929e+00
900977,1.3218078162422908e+03,3.1211683156542929e+00
901007,1.3218078162422908e+03,3.1211683156542929e+00
901037,1.3218078162422908e+03,3.1211683156542929e+00
901067,1.3218078162422908e+03,3.1211683156542929e+00
901097,1.3218078162422908e+03,3.1211683156542929e+00
901127,1.3218078162422908e+03,3.1211683156542929e+00
901157,1.3218078162422908e+03,3.1211683156542929e+00
901187,1.3218078162422908e+03,3.1211683156542929e+00
901217,1.3218078162422908e+03,3.1211683156542929e+00
901247,1.3218078162422908e+03,3.1211683156542929e+00
901277,1.3218078162422908e+03,3.1211683156542929e+00
901307,1.3218078162422908e+03,3.1211683156542929e+00
901337,1.3218078162422908e+03,3.1211683156542929e+00
901367,1.3218078162422908e+03,3.1211683156542929e+00
901397,1.3218078162422908e+03,3.1211683156542929e+00
901427,1.3218078162422908e+03,3.1211683156542929e+00
901457,1.3218078162422908e+03,3.1211683156542929e+00
901487,1.3218078162422908e+03,3.1211683156542929e+00
901517,1.3218078162422908e+03,3.1211683156542929e+00
901547,1.3218078162422908e+03,3.1211683156542929e+00
901577,1.3218078162422908e+03,3.1211683156542929e+00
901607,1.3218078162422908e+03,3.1211683156542929e+00
901637,1.3218078162422908e+03,3.1211683156542929e+00
901667,1.3218078162422908e+03,3.1211683156542929e+00
901697,1.3218078162422908e+03,3.1211683156542929e+00
901727,1.3218078162422908e+03,3.1211683156542929e+00
901757,1.3218078162422908e+03,3.1211683156542929e+00
901787,1.3218078162422908e+03,3.1211683156542929e+00
901817,1.3218078162422908e+03,3.1211683156542929e+00
901847,1.3218078162422908e+03,3.1211683156542929e+00
901877,1.3218078162422908e+03,3.1211683156542929e+00
901907,1.3218078162422908e+03,3.1211683156542929e+00
901937,1.3218078162422908e+03,3.1211683156542929e+00
901967,1.3218078162422908e+03,3.1211683156542929e+00
901997,1.3218078162422908e+03,3.1211683156542929e+00
902027,1.3218078162422908e+03,3.1211683156542929e+00
902057,1.3218078162422908e+03,3.1211683156542929e+00
902087,1.3218078162422908e+03,3.1211683156542929e+00
902117,1.3218078162422908e+03,3.1211683156542929e+00
902147,1.3218078162422908e+03,3.1211683156542929e+00
902177,1.3218078162422908e+03,3.1211683156542929e+00
902207,1.3218078162422908e+03,3.1211683156542929e+00
902237,1.3218078162422908e+03,3.1211683156542929e+00
902267,1.3218078162422908e+03,3.1211683156542929e+00
902297,1.3218078162422908e+03,3.1211683156542929e+00
902327,1.3218078162422908e+03,3.1211683156542929e+00
902357,1.3218078162422908e+03,3.1211683156542929e+00
902387,1.3218078162422908e+03,3.1211683156542929e+00
902417,1.3218078162422908e+03,3.1211683156542929e+00
902447,1.3218078162422908e+03,3.1211683156542929e+00
902477,1.3218078162422908e+03,3.1211683156542929e+00
902507,1.3218078162422908e+03,3.1211683156542929e+00
902537,1.3218078162422908e+03,3.1211683156542929e+00
902567,1.3218078162422908e+03,3.1211683156542929e+00
902597,1.3218078162422908e+03,3.1211683156542929e+00
902627,1.3218078162422908e+03,3.1211683156542929e+00
902657,1.3218078162422908e+03,3.1211683156542929e+00
902687,1.3218078162422908e+03,3.1211683156542929e+00
902717,1.3218078162422908e+03,3.1211683156542929e+00
902747,1.3218078162422908e+03,3.1211683156542929e+00
902777,1.3218078162422908e+03,3.1211683156542929e+00
902807,1.3218078162422908e+03,3.1211683156542929e+00
902837,1.3218078162422908e+03,3.1211683156542929e+00
902867,1.3218078162422908e+03,3.1211683156542929e+00
902897,1.3218078162422908e+03,3.1211683156542929e+00
902927,1.3218078162422908e+03,3.1211683156542929e+00
902957,1.3218078162422908e+03,3.1211683156542929e+00
902987,1.3218078162422908e+03,3.1211683156542929e+00
903017,1.3218078162422908e+03,3.1211683156542929e+00
903047,1.3218078162422908e+03,3.1211683156542929e+00
903077,1.3218078162422908e+03,3.1211683156542929e+00
903107,1.3218078162422908e+03,3.1211683156542929e+00
903137,1.3218078162422908e+03,3.1211683156542929e+00
903167,1.3218078162422908e+03,3.1211683156542929e+00
903197,1.3218078162422908e+03,3.1211683156542929e+00
903227,1.3218078162422908e+03,3.1211683156542929e+00
903257,1.3218078162422908e+03,3.1211683156542929e+00
903287,1.3218078162422908e+03,3.1211683156542929e+00
903317,1.3218078162422908e+03,3.1211683156542929e+00
903347,1.3218078162422908e+03,3.1211683156542929e+00
903377,1.3218078162422908e+03,3.1211683156542929e+00
903407,1.3218078162422908e+03,3.1211683156542929e+00
903437,1.3218078162422908e+03,3.1211683156542929e+00
903467,1.3218078162422908e+03,3.1211683156542929e+00
903497,1.3218078162422908e+03,3.1211683156542929e+00
903527,1.3218078162422908e+03,3.1211683156542929e+00
903557,1.3218078162422908e+03,3.1211683156542929e+00
903587,1.3218078162422908e+03,3.1211683156542929e+00
903617,1.3218078162422908e+03,3.1211683156542929e+00
903647,1.3218078162422908e+03,3.1211683156542929e+00
903677,1.3218078162422908e+03,3.1211683156542929e+00
903707,1.3218078162422908e+03,3.1211683156542929e+00
903737,1.3218078162422908e+03,3.1211683156542929e+00
903767,1.3218078162422908e+03,3.1211683156542929e+00
903797,1.3218078162422908e+03,3.1211683156542929e+00
903827,1.3218078162422908e+03,3.1211683156542929e+00
903857,1.3218078162422908e+03,3.1211683156542929e+00
903887,1.3218078162422908e+03,3.1211683156542929e+00
903917,1.3218078162422908e+03,3.1211683156542929e+00
903947,1.3218078162422908e+03,3.1211683156542929e+00
903977,1.3218078162422908e+03,3.1211683156542929e+00
904007,1.3218078162422908e+03,3.1211683156542929e+00
904037,1.3218078162422908e+03,3.1211683156542929e+00
904067,1.3218078162422908e+03,3.1211683156542929e+00
904097,1.3218078162422908e+03,3.1211683156542929e+00
904127,1.3218078162422908e+03,3.1211683156542929e+00
904157,1.3218078162422908e+03,3.1211683156542929e+00
904187,1.3218078162422908e+03,3.1211683156542929e+00
904217,1.3218078162422908e+03,3.1211683156542929e+00
904247,1.3218078162422908e+03,3.1211683156542929e+00
904277,1.3218078162422908e+03,3.1211683156542929e+00
904307,1.3218078162422908e+03,3.1211683156542929e+00
904337,1.3218078162422908e+03,3.1211683156542929e+00
904367,1.3218078162422908e+03,3.1211683156542929e+00
904397,1.3218078162422908e+03,3.1211683156542929e+00
904427,1.3218078162422908e+03,3.1211683156542929e+00
904457,1.3218078162422908e+03,3.1211683156542929e+00
904487,1.3218078162422908e+03,3.1211683156542929e+00
904517,1.3218078162422908e+03,3.1211683156542929e+00
904547,1.3218078162422908e+03,3.1211683156542929e+00
904577,1.3218078162422908e+03,3.1211683156542929e+00
904607,1.3218078162422908e+03,3.1211683156542929e+00
904637,1.3218078162422908e+03,3.1211683156542929e+00
904667,1.3218078162422908e+03,3.1211683156542929e+00
904697,1.3218078162422908e+03,3.1211683156542929e+00
904727,1.3218078162422908e+03,3.1211683156542929e+00
904757,1.3218078162422908e+03,3.1211683156542929e+00
904787,1.3218078162422908e+03,3.1211683156542929e+00
904817,1.3218078162422908e+03,3.1211683156542929e+00
904847,1.3218078162422908e+03,3.1211683156542929e+00
904876,1.3218078162422908e+03,3.1211683156542929e+00
904905,1.3218078162422908e+03,3.1211683156542929e+00
904934,1.3218078162422908e+03,3.1211683156542929e+00
904963,1.3218078162422908e+03,3.1211683156542929e+00
904992,1.3218078162422908e+03,3.1211683156542929e+00
905021,1.3218078162422908e+03,3.1211683156542929e+00
905050,1.3218078162422908e+03,3.1211683156542929e+00
905079,1.3218078162422908e+03,3.1211683156542929e+00
905108,1.3218078162422908e+03,3.1211683156542929e+00
905137,1.3218078162422908e+03,3.1211683156542929e+00
905166,1.3218078162422908e+03,3.1211683156542929e+00
905195,1.3218078162422908e+03,3.1211683156542929e+00
905224,1.3218078162422908e+03,3.1211683156542929e+00
905253,1.3218078162422908e+03,3.1211683156542929e+00
905282,1.3218078162422908e+03,3.1211683156542929e+00
905311,1.3218078162422908e+03,3.1211683156542929e+00
905340,1.3218078162422908e+03,3.1211683156542929e+00
905369,1.3218078162422908e+03,3.1211683156542929e+00
905398,1.3218078162422908e+03,3.1211683156542929e+00
905427,1.3218078162422908e+03,3.1211683156542929e+00
905456,1.3218078162422908e+03,3.1211683156542929e+00
905485,1.3218078162422908e+03,3.1211683156542929e+00
905514,1.3218078162422908e+03,3.1211683156542929e+00
905543,1.3218078162422908e+03,3.1211683156542929e+00
905572,1.3218078162422908e+03,3.1211683156542929e+00
905601,1.3218078162422908e+03,3.1211683156542929e+00
905630,1.3218078162422908e+03,3.1211683156542929e+00
905659,1.3218078162422908e+03,3.1211683156542929e+00
905688,1.3218078162422908e+03,3.1211683156542929e+00
905717,1.3218078162422908e+03,3.1211683156542929e+00
905746,1.3218078162422908e+03,3.1211683156542929e+00
905775,1.3218078162422908e+03,3.1211683156542929e+00
905804,1.3218078162422908e+03,3.1211683156542929e+00
905833,1.3218078162422908e+03,3.1211683156542929e+00
905862,1.3218078162422908e+03,3.1211683156542929e+00
905891,1.3218078162422908e+03,3.1211683156542929e+00
905920,1.3218078162422908e+03,3.1211683156542929e+00
905949,1.3218078162422908e+03,3.1211683156542929e+00
905978,1.3218078162422908e+03,3.1211683156542929e+00
906007,1.3218078162422908e+03,3.1211683156542929e+00
906036,1.3218078162422908e+03,3.1211683156542929e+00
906065,1.3218078162422908e+03,3.1211683156542929e+00
906094,1.3218078162422908e+03,3.1211683156542929e+00
906123,1.3218078162422908e+03,3.1211683156542929e+00
906152,1.3218078162422908e+03,3.1211683156542929e+00
906181,1.3218078162422908e+03,3.1211683156542929e+00
906210,1.3218078162422908e+03,3.1211683156542929e+00
906239,1.3218078162422908e+03,3.1211683156542929e+00
906268,1.3218078162422908e+03,3.1211683156542929e+00
906297,1.3218078162422908e+03,3.1211683156542929e+00
906326,1.3218078162422908e+03,3.1211683156542929e+00
906355,1.3218078162422908e+03,3.1211683156542929e+00
906384,1.3218078162422908e+03,3.1211683156542929e+00
906413,1.3218078162422908e+03,3.1211683156542929e+00
906442,1.3218078162422908e+03,3.1211683156542929e+00
906471,1.3218078162422908e+03,3.1211683156542929e+00
906500,1.3218078162422908e+03,3.1211683156542929e+00
906529,1.3218078162422908e+03,3.1211683156542929e+00
906558,1.3218078162422908e+03,3.1211683156542929e+00
906587,1.3218078162422908e+03,3.1211683156542929e+00
906616,1.3218078162422908e+03,3.1211683156542929e+00
906645,1.3218078162422908e+03,3.1211683156542929e+00
906674,1.3218078162422908e+03,3.1211683156542929e+00
906703,1.3218078162422908e+03,3.1211683156542929e+00
906732,1.3218078162422908e+03,3.1211683156542929e+00
906761,1.3218078162422908e+03,3.1211683156542929e+00
906790,1.3218078162422908e+03,3.1211683156542929e+00
906819,1.3218078162422908e+03,3.1211683156542929e+00
906848,1.3218078162422908e+03,3.1211683156542929e+00
906877,1.3218078162422908e+03,3.1211683156542929e+00
906906,1.3218078162422908e+03,3.1211683156542929e+00
906935,1.3218078162422908e+03,3.1211683156542929e+00
906964,1.3218078162422908e+03,3.1211683156542929e+00
906993,1.3218078162422908e+03,3.1211683156542929e+00
907022,1.3218078162422908e+03,3.1211683156542929e+00
907051,1.3218078162422908e+03,3.1211683156542929e+00
907080,1.3218078162422908e+03,3.1211683156542929e+00
907109,1.3218078162422908e+03,3.1211683156542929e+00
907138,1.3218078162422908e+03,3.1211683156542929e+00
907167,1.3218078162422908e+03,3.1211683156542929e+00
907196,1.3218078162422908e+03,3.1211683156542929e+00
907225,1.3218078162422908e+03,3.1211683156542929e+00
907254,1.3218078162422908e+03,3.1211683156542929e+00
907283,1.3218078162422908e+03,3.1211683156542929e+00
907312,1.3218078162422908e+03,3.1211683156542929e+00
907341,1.3218078162422908e+03,3.1211683156542929e+00
907370,1.3218078162422908e+03,3.1211683156542929e+00
907399,1.3218078162422908e+03,3.1211683156542929e+00
907428,1.3218078162422908e+03,3.1211683156542929e+00
907457,1.3218078162422908e+03,3.1211683156542929e+00
907486,1.3218078162422908e+03,3.1211683156542929e+00
907515,1.3218078162422908e+03,3.1211683156542929e+00
907544,1.3218078162422908e+03,3.1211683156542929e+00
907573,1.3218078162422908e+03,3.1211683156542929e+00
907602,1.3218078162422908e+03,3.1211683156542929e+00
907631,1.3218078162422908e+03,3.1211683156542929e+00
907660,1.3218078162422908e+03,3.1211683156542929e+00
907689,1.3218078162422908e+03,3.1211683156542929e+00
907718,1.3218078162422908e+03,3.1211683156542929e+00
907747,1.3218078162422908e+03,3.1211683156542929e+00
907776,1.3218078162422908e+03,3.1211683156542929e+00
907805,1.3218078162422908e+03,3.1211683156542929e+00
907834,1.3218078162422908e+03,3.1211683156542929e+00
907863,1.3218078162422908e+03,3.1211683156542929e+00
907892,1.3218078162422908e+03,3.1211683156542929e+00
907921,1.3218078162422908e+03,3.1211683156542929e+00
907950,1.3218078162422908e+03,3.1211683156542929e+00
907979,1.3218078162422908e+03,3.1211683156542929e+00
908008,1.3218078162422908e+03,3.1211683156542929e+00
908037,1.3218078162422908e+03,3.1211683156542929e+00
908066,1.3218078162422908e+03,3.1211683156542929e+00
908095,1.3218078162422908e+03,3.1211683156542929e+00
908124,1.3218078162422908e+03,3.1211683156542929e+00
908153,1.3218078162422908e+03,3.1211683156542929e+00
908182,1.3218078162422908e+03,3.1211683156542929e+00
908211,1.3218078162422908e+03,3.1211683156542929e+00
908240,1.3218078162422908e+03,3.1211683156542929e+00
908269,1.3218078162422908e+03,3.1211683156542929e+00
908298,1.3218078162422908e+03,3.1211683156542929e+00
908327,1.3218078162422908e+03,3.1211683156542929e+00
908356,1.3218078162422908e+03,3.1211683156542929e+00
908385,1.3218078162422908e+03,3.1211683156542929e+00
908414,1.3218078162422908e+03,3.1211683156542929e+00
908443,1.3218078162422908e+03,3.1211683156542929e+00
908472,1.3218078162422908e+03,3.1211683156542929e+00
908501,1.3218078162422908e+03,3.1211683156542929e+00
908530,1.3218078162422908e+03,3.1211683156542929e+00
908559,1.3218078162422908e+03,3.1211683156542929e+00
908588,1.3218078162422908e+03,3.1211683156542929e+00
908617,1.3218078162422908e+03,3.1211683156542929e+00
908646,1.3218078162422908e+03,3.1211683156542929e+00
908675,1.3218078162422908e+03,3.1211683156542929e+00
908704,1.3218078162422908e+03,3.1211683156542929e+00
908733,1.3218078162422908e+03,3.1211683156542929e+00
908762,1.3218078162422908e+03,3.1211683156542929e+00
908791,1.3218078162422908e+03,3.1211683156542929e+00
908820,1.3218078162422908e+03,3.1211683156542929e+00
908849,1.3218078162422908e+03,3.1211683156542929e+00
908878,1.3218078162422908e+03,3.1211683156542929e+00
908907,1.3218078162422908e+03,3.1211683156542929e+00
908936,1.3218078162422908e+03,3.1211683156542929e+00
908965,1.3218078162422908e+03,3.1211683156542929e+00
908994,1.3218078162422908e+03,3.1211683156542929e+00
909023,1.3218078162422908e+03,3.1211683156542929e+00
909052,1.3218078162422908e+03,3.1211683156542929e+00
909081,1.3218078162422908e+03,3.1211683156542929e+00
909110,1.3218078162422908e+03,3.1211683156542929e+00
909139,1.3218078162422908e+03,3.1211683156542929e+00
909168,1.3218078162422908e+03,3.1211683156542929e+00
909197,1.3218078162422908e+03,3.1211683156542929e+00
909226,1.3218078162422908e+03,3.1211683156542929e+00
909255,1.3218078162422908e+03,3.1211683156542929e+00
909284,1.3218078162422908e+03,3.1211683156542929e+00
909313,1.3218078162422908e+03,3.1211683156542929e+00
909342,1.3218078162422908e+03,3.1211683156542929e+00
909371,1.3218078162422908e+03,3.1211683156542929e+00
909400,1.3218078162422908e+03,3.1211683156542929e+00
909429,1.3218078162422908e+03,3.1211683156542929e+00
909458,1.3218078162422908e+03,3.1211683156542929e+00
909487,1.3218078162422908e+03,3.1211683156542929e+00
909516,1.3218078162422908e+03,3.1211683156542929e+00
909545,1.3218078162422908e+03,3.1211683156542929e+00
909574,1.3218078162422908e+03,3.1211683156542929e+00
909603,1.3218078162422908e+03,3.1211683156542929e+00
909632,1.3218078162422908e+03,3.1211683156542929e+00
909661,1.3218078162422908e+03,3.1211683156542929e+00
909690,1.3218078162422908e+03,3.1211683156542929e+00
909719,1.3218078162422908e+03,3.1211683156542929e+00
909748,1.3218078162422908e+03,3.1211683156542929e+00
909777,1.3218078162422908e+03,3.1211683156542929e+00
909806,1.3218078162422908e+03,3.1211683156542929e+00
909835,1.3218078162422908e+03,3.1211683156542929e+00
909864,1.3218078162422908e+03,3.1211683156542929e+00
909893,1.3218078162422908e+03,3.1211683156542929e+00
909922,1.3218078162422908e+03,3.1211683156542929e+00
909951,1.3218078162422908e+03,3.1211683156542929e+00
909980,1.3218078162422908e+03,3.1211683156542929e+00
910009,1.3218078162422908e+03,3.1211683156542929e+00
910038,1.3218078162422908e+03,3.1211683156542929e+00
910067,1.3218078162422908e+03,3.1211683156542929e+00
910096,1.3218078162422908e+03,3.1211683156542929e+00
910125,1.3218078162422908e+03,3.1211683156542929e+00
910154,1.3218078162422908e+03,3.1211683156542929e+00
910183,1.3218078162422908e+03,3.1211683156542929e+00
910212,1.3218078162422908e+03,3.1211683156542929e+00
910241,1.3218078162422908e+03,3.1211683156542929e+00
910270,1.3218078162422908e+03,3.1211683156542929e+00
910299,1.3218078162422908e+03,3.1211683156542929e+00
910328,1.3218078162422908e+03,3.1211683156542929e+00
910357,1.3218078162422908e+03,3.1211683156542929e+00
910386,1.3218078162422908e+03,3.1211683156542929e+00
910415,1.3218078162422908e+03,3.1211683156542929e+00
910444,1.3218078162422908e+03,3.1211683156542929e+00
910473,1.3218078162422908e+03,3.1211683156542929e+00
910502,1.3218078162422908e+03,3.1211683156542929e+00
910531,1.3218078162422908e+03,3.1211683156542929e+00
910560,1.3218078162422908e+03,3.1211683156542929e+00
910589,1.3218078162422908e+03,3.1211683156542929e+00
910618,1.3218078162422908e+03,3.1211683156542929e+00
910647,1.3218078162422908e+03,3.1211683156542929e+00
910676,1.3218078162422908e+03,3.1211683156542929e+00
910705,1.3218078162422908e+03,3.1211683156542929e+00
910734,1.3218078162422908e+03,3.1211683156542929e+00
910763,1.3218078162422908e+03,3.1211683156542929e+00
910792,1.3218078162422908e+03,3.1211683156542929e+00
910821,1.3218078162422908e+03,3.1211683156542929e+00
910850,1.3218078162422908e+03,3.1211683156542929e+00
910879,1.3218078162422908e+03,3.1211683156542929e+00
910908,1.3218078162422908e+03,3.1211683156542929e+00
910937,1.3218078162422908e+03,3.1211683156542929e+00
910966,1.3218078162422908e+03,3.1211683156542929e+00
910995,1.3218078162422908e+03,3.1211683156542929e+00
911024,1.3218078162422908e+03,3.1211683156542929e+00
911053,1.3218078162422908e+03,3.1211683156542929e+00
911082,1.3218078162422908e+03,3.1211683156542929e+00
911111,1.3218078162422908e+03,3.1211683156542929e+00
911140,1.3218078162422908e+03,3.1211683156542929e+00
911169,1.3218078162422908e+03,3.1211683156542929e+00
911198,1.3218078162422908e+03,3.1211683156542929e+00
911227,1.3218078162422908e+03,3.1211683156542929e+00
911256,1.3218078162422908e+03,3.1211683156542929e+00
911285,1.3218078162422908e+03,3.1211683156542929e+00
911314,1.3218078162422908e+03,3.1211683156542929e+00
911343,1.3218078162422908e+03,3.1211683156542929e+00
911372,1.3218078162422908e+03,3.1211683156542929e+00
911401,1.3218078162422908e+03,3.1211683156542929e+00
911430,1.3218078162422908e+03,3.1211683156542929e+00
911459,1.3218078162422908e+03,3.1211683156542929e+00
911488,1.3218078162422908e+03,3.1211683156542929e+00
911517,1.3218078162422908e+03,3.1211683156542929e+00
911546,1.3218078162422908e+03,3.1211683156542929e+00
911575,1.3218078162422908e+03,3.1211683156542929e+00
911604,1.3218078162422908e+03,3.1211683156542929e+00
911633,1.3218078162422908e+03,3.1211683156542929e+00
911662,1.3218078162422908e+03,3.1211683156542929e+00
911691,1.3218078162422908e+03,3.1211683156542929e+00
911720,1.3218078162422908e+03,3.1211683156542929e+00
911749,1.3218078162422908e+03,3.1211683156542929e+00
911778,1.3218078162422908e+03,3.1211683156542929e+00
911807,1.3218078162422908e+03,3.1211683156542929e+00
911836,1.3218078162422908e+03,3.1211683156542929e+00
911865,1.3218078162422908e+03,3.1211683156542929e+00
911894,1.3218078162422908e+03,3.1211683156542929e+00
911923,1.3218078162422908e+03,3.1211683156542929e+00
911952,1.3218078162422908e+03,3.1211683156542929e+00
911981,1.3218078162422908e+03,3.1211683156542929e+00
912010,1.3218078162422908e+03,3.1211683156542929e+00
912039,1.3218078162422908e+03,3.1211683156542929e+00
912068,1.3218078162422908e+03,3.1211683156542929e+00
912097,1.3218078162422908e+03,3.1211683156542929e+00
912126,1.3218078162422908e+03,3.1211683156542929e+00
912155,1.3218078162422908e+03,3.1211683156542929e+00
912184,1.3218078162422908e+03,3.1211683156542929e+00
912213,1.3218078162422908e+03,3.1211683156542929e+00
912242,1.3218078162422908e+03,3.1211683156542929e+00
912271,1.3218078162422908e+03,3.1211683156542929e+00
912300,1.3218078162422908e+03,3.1211683156542929e+00
912329,1.3218078162422908e+03,3.1211683156542929e+00
912358,1.3218078162422908e+03,3.1211683156542929e+00
912387,1.3218078162422908e+03,3.1211683156542929e+00
912416,1.3218078162422908e+03,3.1211683156542929e+00
912445,1.3218078162422908e+03,3.1211683156542929e+00
912474,1.3218078162422908e+03,3.1211683156542929e+00
912503,1.3218078162422908e+03,3.1211683156542929e+00
912532,1.3218078162422908e+03,3.1211683156542929e+00
912561,1.3218078162422908e+03,3.1211683156542929e+00
912590,1.3218078162422908e+03,3.1211683156542929e+00
912619,1.3218078162422908e+03,3.1211683156542929e+00
912648,1.3218078162422908e+03,3.1211683156542929e+00
912677,1.3218078162422908e+03,3.1211683156542929e+00
912706,1.3218078162422908e+03,3.1211683156542929e+00
912735,1.3218078162422908e+03,3.1211683156542929e+00
912764,1.3218078162422908e+03,3.1211683156542929e+00
912793,1.3218078162422908e+03,3.1211683156542929e+00
912822,1.3218078162422908e+03,3.1211683156542929e+00
912851,1.3218078162422908e+03,3.1211683156542929e+00
912880,1.3218078162422908e+03,3.1211683156542929e+00
912909,1.3218078162422908e+03,3.1211683156542929e+00
912938,1.3218078162422908e+03,3.1211683156542929e+00
912967,1.3218078162422908e+03,3.1211683156542929e+00
912996,1.3218078162422908e+03,3.1211683156542929e+00
913025,1.3218078162422908e+03,3.1211683156542929e+00
913054,1.3218078162422908e+03,3.1211683156542929e+00
913083,1.3218078162422908e+03,3.1211683156542929e+00
913112,1.3218078162422908e+03,3.1211683156542929e+00
913141,1.3218078162422908e+03,3.1211683156542929e+00
913170,1.3218078162422908e+03,3.1211683156542929e+00
913199,1.3218078162422908e+03,3.1211683156542929e+00
913228,1.3218078162422908e+03,3.1211683156542929e+00
913257,1.3218078162422908e+03,3.1211683156542929e+00
913286,1.3218078162422908e+03,3.1211683156542929e+00
913315,1.3218078162422908e+03,3.1211683156542929e+00
913344,1.3218078162422908e+03,3.1211683156542929e+00
913373,1.3218078162422908e+03,3.1211683156542929e+00
913402,1.3218078162422908e+03,3.1211683156542929e+00
913431,1.3218078162422908e+03,3.1211683156542929e+00
913460,1.3218078162422908e+03,3.1211683156542929e+00
913489,1.3218078162422908e+03,3.1211683156542929e+00
913518,1.3218078162422908e+03,3.1211683156542929e+00
913547,1.3218078162422908e+03,3.1211683156542929e+00
913576,1.3218078162422908e+03,3.1211683156542929e+00
913605,1.3218078162422908e+03,3.1211683156542929e+00
913634,1.3218078162422908e+03,3.1211683156542929e+00
913663,1.3218078162422908e+03,3.1211683156542929e+00
913692,1.3218078162422908e+03,3.1211683156542929e+00
913721,1.3218078162422908e+03,3.1211683156542929e+00
913750,1.3218078162422908e+03,3.1211683156542929e+00
913779,1.3218078162422908e+03,3.1211683156542929e+00
913808,1.3218078162422908e+03,3.1211683156542929e+00
913837,1.3218078162422908e+03,3.1211683156542929e+00
913866,1.3218078162422908e+03,3.1211683156542929e+00
913895,1.3218078162422908e+03,3.1211683156542929e+00
913924,1.3218078162422908e+03,3.1211683156542929e+00
913953,1.3218078162422908e+03,3.1211683156542929e+00
913982,1.3218078162422908e+03,3.1211683156542929e+00
914011,1.3218078162422908e+03,3.1211683156542929e+00
914040,1.3218078162422908e+03,3.1211683156542929e+00
914069,1.3218078162422908e+03,3.1211683156542929e+00
914098,1.3218078162422908e+03,3.1211683156542929e+00
914127,1.3218078162422908e+03,3.1211683156542929e+00
914156,1.3218078162422908e+03,3.1211683156542929e+00
914185,1.3218078162422908e+03,3.1211683156542929e+00
914214,1.3218078162422908e+03,3.1211683156542929e+00
914243,1.3218078162422908e+03,3.1211683156542929e+00
914272,1.3218078162422908e+03,3.1211683156542929e+00
914301,1.3218078162422908e+03,3.1211683156542929e+00
914330,1.3218078162422908e+03,3.1211683156542929e+00
914359,1.3218078162422908e+03,3.1211683156542929e+00
914388,1.3218078162422908e+03,3.1211683156542929e+00
914417,1.3218078162422908e+03,3.1211683156542929e+00
914446,1.3218078162422908e+03,3.1211683156542929e+00
914475,1.3218078162422908e+03,3.1211683156542929e+00
914504,1.3218078162422908e+03,3.1211683156542929e+00
914533,1.3218078162422908e+03,3.1211683156542929e+00
914562,1.3218078162422908e+03,3.1211683156542929e+00
914591,1.3218078162422908e+03,3.1211683156542929e+00
914620,1.3218078162422908e+03,3.1211683156542929e+00
914649,1.3218078162422908e+03,3.1211683156542929e+00
914678,1.3218078162422908e+03,3.1211683156542929e+00
914707,1.3218078162422908e+03,3.1211683156542929e+00
914736,1.3218078162422908e+03,3.1211683156542929e+00
914765,1.3218078162422908e+03,3.1211683156542929e+00
914794,1.3218078162422908e+03,3.1211683156542929e+00
914823,1.3218078162422908e+03,3.1211683156542929e+00
914852,1.3218078162422908e+03,3.1211683156542929e+00
914881,1.3218078162422908e+03,3.1211683156542929e+00
914910,1.3218078162422908e+03,3.1211683156542929e+00
914939,1.3218078162422908e+03,3.1211683156542929e+00
914968,1.3218078162422908e+03,3.1211683156542929e+00
914997,1.3218078162422908e+03,3.1211683156542929e+00
915026,1.3218078162422908e+03,3.1211683156542929e+00
915055,1.3218078162422908e+03,3.1211683156542929e+00
915084,1.3218078162422908e+03,3.1211683156542929e+00
915113,1.3218078162422908e+03,3.1211683156542929e+00
915142,1.3218078162422908e+03,3.1211683156542929e+00
915171,1.3218078162422908e+03,3.1211683156542929e+00
915200,1.3218078162422908e+03,3.1211683156542929e+00
915229,1.3218078162422908e+03,3.1211683156542929e+00
915258,1.3218078162422908e+03,3.1211683156542929e+00
915287,1.3218078162422908e+03,3.1211683156542929e+00
915316,1.3218078162422908e+03,3.1211683156542929e+00
915345,1.3218078162422908e+03,3.1211683156542929e+00
915374,1.3218078162422908e+03,3.1211683156542929e+00
915403,1.3218078162422908e+03,3.1211683156542929e+00
915432,1.3218078162422908e+03,3.1211683156542929e+00
915461,1.3218078162422908e+03,3.1211683156542929e+00
915490,1.3218078162422908e+03,3.1211683156542929e+00
915519,1.3218078162422908e+03,3.1211683156542929e+00
915548,1.3218078162422908e+03,3.1211683156542929e+00
915577,1.3218078162422908e+03,3.1211683156542929e+00
915606,1.3218078162422908e+03,3.1211683156542929e+00
915635,1.3218078162422908e+03,3.1211683156542929e+00
915664,1.3218078162422908e+03,3.1211683156542929e+00
915693,1.3218078162422908e+03,3.1211683156542929e+00
915722,1.3218078162422908e+03,3.1211683156542929e+00
915751,1.3218078162422908e+03,3.1211683156542929e+00
915780,1.3218078162422908e+03,3.1211683156542929e+00
915809,1.3218078162422908e+03,3.1211683156542929e+00
915838,1.3218078162422908e+03,3.1211683156542929e+00
915867,1.3218078162422908e+03,3.1211683156542929e+00
915895,1.3218078162422908e+03,3.1211683156542929e+00
915923,1.3218078162422908e+03,3.1211683156542929e+00
915951,1.3218078162422908e+03,3.1211683156542929e+00
915979,1.3218078162422908e+03,3.1211683156542929e+00
916007,1.3218078162422908e+03,3.1211683156542929e+00
916035,1.3218078162422908e+03,3.1211683156542929e+00
916063,1.3218078162422908e+03,3.1211683156542929e+00
916091,1.3218078162422908e+03,3.1211683156542929e+00
916119,1.3218078162422908e+03,3.1211683156542929e+00
916147,1.3218078162422908e+03,3.1211683156542929e+00
916175,1.3218078162422908e+03,3.1211683156542929e+00
916203,1.3218078162422908e+03,3.1211683156542929e+00
916231,1.3218078162422908e+03,3.1211683156542929e+00
916259,1.3218078162422908e+03,3.1211683156542929e+00
916287,1.3218078162422908e+03,3.1211683156542929e+00
916315,1.3218078162422908e+03,3.1211683156542929e+00
916343,1.3218078162422908e+03,3.1211683156542929e+00
916371,1.3218078162422908e+03,3.1211683156542929e+00
916399,1.3218078162422908e+03,3.1211683156542929e+00
916427,1.3218078162422908e+03,3.1211683156542929e+00
916455,1.3218078162422908e+03,3.1211683156542929e+00
916483,1.3218078162422908e+03,3.1211683156542929e+00
916511,1.3218078162422908e+03,3.1211683156542929e+00
916539,1.3218078162422908e+03,3.1211683156542929e+00
916567,1.3218078162422908e+03,3.1211683156542929e+00
916595,1.3218078162422908e+03,3.1211683156542929e+00
916623,1.3218078162422908e+03,3.1211683156542929e+00
916651,1.3218078162422908e+03,3.1211683156542929e+00
916679,1.3218078162422908e+03,3.1211683156542929e+00
916707,1.3218078162422908e+03,3.1211683156542929e+00
916735,1.3218078162422908e+03,3.1211683156542929e+00
916763,1.3218078162422908e+03,3.1211683156542929e+00
916791,1.3218078162422908e+03,3.1211683156542929e+00
916819,1.3218078162422908e+03,3.1211683156542929e+00
916847,1.3218078162422908e+03,3.1211683156542929e+00
916875,1.3218078162422908e+03,3.1211683156542929e+00
916903,1.3218078162422908e+03,3.1211683156542929e+00
916931,1.3218078162422908e+03,3.1211683156542929e+00
916959,1.3218078162422908e+03,3.1211683156542929e+00
916987,1.3218078162422908e+03,3.1211683156542929e+00
917015,1.3218078162422908e+03,3.1211683156542929e+00
917043,1.3218078162422908e+03,3.1211683156542929e+00
917071,1.3218078162422908e+03,3.1211683156542929e+00
917099,1.3218078162422908e+03,3.1211683156542929e+00
917127,1.3218078162422908e+03,3.1211683156542929e+00
917155,1.3218078162422908e+03,3.1211683156542929e+00
917183,1.3218078162422908e+03,3.1211683156542929e+00
917211,1.3218078162422908e+03,3.1211683156542929e+00
917239,1.3218078162422908e+03,3.1211683156542929e+00
917267,1.3218078162422908e+03,3.1211683156542929e+00
917295,1.3218078162422908e+03,3.1211683156542929e+00
917323,1.3218078162422908e+03,3.1211683156542929e+00
917351,1.3218078162422908e+03,3.1211683156542929e+00
917379,1.3218078162422908e+03,3.1211683156542929e+00
917407,1.3218078162422908e+03,3.1211683156542929e+00
917435,1.3218078162422908e+03,3.1211683156542929e+00
917463,1.3218078162422908e+03,3.1211683156542929e+00
917491,1.3218078162422908e+03,3.1211683156542929e+00
917519,1.3218078162422908e+03,3.1211683156542929e+00
917547,1.3218078162422908e+03,3.1211683156542929e+00
917575,1.3218078162422908e+03,3.1211683156542929e+00
917603,1.3218078162422908e+03,3.1211683156542929e+00
917631,1.3218078162422908e+03,3.1211683156542929e+00
917659,1.3218078162422908e+03,3.1211683156542929e+00
917687,1.3218078162422908e+03,3.1211683156542929e+00
917715,1.3218078162422908e+03,3.1211683156542929e+00
917743,1.3218078162422908e+03,3.1211683156542929e+00
917771,1.3218078162422908e+03,3.1211683156542929e+00
917799,1.3218078162422908e+03,3.1211683156542929e+00
917827,1.3218078162422908e+03,3.1211683156542929e+00
917855,1.3218078162422908e+03,3.1211683156542929e+00
917883,1.3218078162422908e+03,3.1211683156542929e+00
917911,1.3218078162422908e+03,3.1211683156542929e+00
917939,1.3218078162422908e+03,3.1211683156542929e+00
917967,1.3218078162422908e+03,3.1211683156542929e+00
917995,1.3218078162422908e+03,3.1211683156542929e+00
918023,1.3218078162422908e+03,3.1211683156542929e+00
918051,1.3218078162422908e+03,3.1211683156542929e+00
918079,1.3218078162422908e+03,3.1211683156542929e+00
918107,1.3218078162422908e+03,3.1211683156542929e+00
918135,1.3218078162422908e+03,3.1211683156542929e+00
918163,1.3218078162422908e+03,3.1211683156542929e+00
918191,1.3218078162422908e+03,3.1211683156542929e+00
918219,1.3218078162422908e+03,3.1211683156542929e+00
918247,1.3218078162422908e+03,3.1211683156542929e+00
918275,1.3218078162422908e+03,3.1211683156542929e+00
918303,1.3218078162422908e+03,3.1211683156542929e+00
918331,1.3218078162422908e+03,3.1211683156542929e+00
918359,1.3218078162422908e+03,3.1211683156542929e+00
918387,1.3218078162422908e+03,3.1211683156542929e+00
918415,1.3218078162422908e+03,3.1211683156542929e+00
918443,1.3218078162422908e+03,3.1211683156542929e+00
918471,1.3218078162422908e+03,3.1211683156542929e+00
918499,1.3218078162422908e+03,3.1211683156542929e+00
918527,1.3218078162422908e+03,3.1211683156542929e+00
918555,1.3218078162422908e+03,3.1211683156542929e+00
918583,1.3218078162422908e+03,3.1211683156542929e+00
918611,1.3218078162422908e+03,3.1211683156542929e+00
918639,1.3218078162422908e+03,3.1211683156542929e+00
918667,1.3218078162422908e+03,3.1211683156542929e+00
918695,1.3218078162422908e+03,3.1211683156542929e+00
918723,1.3218078162422908e+03,3.1211683156542929e+00
918751,1.3218078162422908e+03,3.1211683156542929e+00
918779,1.3218078162422908e+03,3.1211683156542929e+00
918807,1.3218078162422908e+03,3.1211683156542929e+00
918835,1.3218078162422908e+03,3.1211683156542929e+00
918863,1.3218078162422908e+03,3.1211683156542929e+00
918891,1.3218078162422908e+03,3.1211683156542929e+00
918919,1.3218078162422908e+03,3.1211683156542929e+00
918947,1.3218078162422908e+03,3.1211683156542929e+00
918975,1.3218078162422908e+03,3.1211683156542929e+00
919003,1.3218078162422908e+03,3.1211683156542929e+00
919031,1.3218078162422908e+03,3.1211683156542929e+00
919059,1.3218078162422908e+03,3.1211683156542929e+00
919087,1.3218078162422908e+03,3.1211683156542929e+00
919115,1.3218078162422908e+03,3.1211683156542929e+00
919143,1.3218078162422908e+03,3.1211683156542929e+00
919171,1.3218078162422908e+03,3.1211683156542929e+00
919199,1.3218078162422908e+03,3.1211683156542929e+00
919227,1.3218078162422908e+03,3.1211683156542929e+00
919255,1.3218078162422908e+03,3.1211683156542929e+00
919283,1.3218078162422908e+03,3.1211683156542929e+00
919311,1.3218078162422908e+03,3.1211683156542929e+00
919339,1.3218078162422908e+03,3.1211683156542929e+00
919367,1.3218078162422908e+03,3.1211683156542929e+00
919395,1.3218078162422908e+03,3.1211683156542929e+00
919423,1.3218078162422908e+03,3.1211683156542929e+00
919451,1.3218078162422908e+03,3.1211683156542929e+00
919479,1.3218078162422908e+03,3.1211683156542929e+00
919507,1.3218078162422908e+03,3.1211683156542929e+00
919535,1.3218078162422908e+03,3.1211683156542929e+00
919563,1.3218078162422908e+03,3.1211683156542929e+00
919591,1.3218078162422908e+03,3.1211683156542929e+00
919619,1.3218078162422908e+03,3.1211683156542929e+00
919647,1.3218078162422908e+03,3.1211683156542929e+00
919675,1.3218078162422908e+03,3.1211683156542929e+00
919703,1.3218078162422908e+03,3.1211683156542929e+00
919731,1.3218078162422908e+03,3.1211683156542929e+00
919759,1.3218078162422908e+03,3.1211683156542929e+00
919787,1.3218078162422908e+03,3.1211683156542929e+00
919815,1.3218078162422908e+03,3.1211683156542929e+00
919843,1.3218078162422908e+03,3.1211683156542929e+00
919871,1.3218078162422908e+03,3.1211683156542929e+00
919899,1.3218078162422908e+03,3.1211683156542929e+00
919927,1.3218078162422908e+03,3.1211683156542929e+00
919955,1.3218078162422908e+03,3.1211683156542929e+00
919983,1.3218078162422908e+03,3.1211683156542929e+00
920011,1.3218078162422908e+03,3.1211683156542929e+00
920039,1.3218078162422908e+03,3.1211683156542929e+00
920067,1.3218078162422908e+03,3.1211683156542929e+00
920095,1.3218078162422908e+03,3.1211683156542929e+00
920123,1.3218078162422908e+03,3.1211683156542929e+00
920151,1.3218078162422908e+03,3.1211683156542929e+00
920179,1.3218078162422908e+03,3.1211683156542929e+00
920207,1.3218078162422908e+03,3.1211683156542929e+00
920235,1.3218078162422908e+03,3.1211683156542929e+00
920263,1.3218078162422908e+03,3.1211683156542929e+00
920291,1.3218078162422908e+03,3.1211683156542929e+00
920319,1.3218078162422908e+03,3.1211683156542929e+00
920347,1.3218078162422908e+03,3.1211683156542929e+00
920375,1.3218078162422908e+03,3.1211683156542929e+00
920403,1.3218078162422908e+03,3.1211683156542929e+00
920431,1.3218078162422908e+03,3.1211683156542929e+00
920459,1.3218078162422908e+03,3.1211683156542929e+00
920487,1.3218078162422908e+03,3.1211683156542929e+00
920515,1.3218078162422908e+03,3.1211683156542929e+00
920543,1.3218078162422908e+03,3.1211683156542929e+00
920571,1.3218078162422908e+03,3.1211683156542929e+00
920599,1.3218078162422908e+03,3.1211683156542929e+00
920627,1.3218078162422908e+03,3.1211683156542929e+00
920655,1.3218078162422908e+03,3.1211683156542929e+00
920683,1.3218078162422908e+03,3.1211683156542929e+00
920711,1.3218078162422908e+03,3.1211683156542929e+00
920739,1.3218078162422908e+03,3.1211683156542929e+00
920767,1.3218078162422908e+03,3.1211683156542929e+00
920795,1.3218078162422908e+03,3.1211683156542929e+00
920823,1.3218078162422908e+03,3.1211683156542929e+00
920851,1.3218078162422908e+03,3.1211683156542929e+00
920879,1.3218078162422908e+03,3.1211683156542929e+00
920907,1.3218078162422908e+03,3.1211683156542929e+00
920935,1.3218078162422908e+03,3.1211683156542929e+00
920963,1.3218078162422908e+03,3.1211683156542929e+00
920991,1.3218078162422908e+03,3.1211683156542929e+00
921019,1.3218078162422908e+03,3.1211683156542929e+00
921047,1.3218078162422908e+03,3.1211683156542929e+00
921075,1.3218078162422908e+03,3.1211683156542929e+00
921103,1.3218078162422908e+03,3.1211683156542929e+00
921131,1.3218078162422908e+03,3.1211683156542929e+00
921159,1.3218078162422908e+03,3.1211683156542929e+00
921187,1.3218078162422908e+03,3.1211683156542929e+00
921215,1.3218078162422908e+03,3.1211683156542929e+00
921243,1.3218078162422908e+03,3.1211683156542929e+00
921271,1.3218078162422908e+03,3.1211683156542929e+00
921299,1.3218078162422908e+03,3.1211683156542929e+00
921327,1.3218078162422908e+03,3.1211683156542929e+00
921355,1.3218078162422908e+03,3.1211683156542929e+00
921383,1.3218078162422908e+03,3.1211683156542929e+00
921411,1.3218078162422908e+03,3.1211683156542929e+00
921439,1.3218078162422908e+03,3.1211683156542929e+00
921467,1.3218078162422908e+03,3.1211683156542929e+00
921495,1.3218078162422908e+03,3.1211683156542929e+00
921523,1.3218078162422908e+03,3.1211683156542929e+00
921551,1.3218078162422908e+03,3.1211683156542929e+00
921579,1.3218078162422908e+03,3.1211683156542929e+00
921607,1.3218078162422908e+03,3.1211683156542929e+00
921635,1.3218078162422908e+03,3.1211683156542929e+00
921663,1.3218078162422908e+03,3.1211683156542929e+00
921691,1.3218078162422908e+03,3.1211683156542929e+00
921719,1.3218078162422908e+03,3.1211683156542929e+00
921747,1.3218078162422908e+03,3.1211683156542929e+00
921775,1.3218078162422908e+03,3.1211683156542929e+00
921803,1.3218078162422908e+03,3.1211683156542929e+00
921831,1.3218078162422908e+03,3.1211683156542929e+00
921859,1.3218078162422908e+03,3.1211683156542929e+00
921887,1.3218078162422908e+03,3.1211683156542929e+00
921915,1.3218078162422908e+03,3.1211683156542929e+00
921943,1.3218078162422908e+03,3.1211683156542929e+00
921971,1.3218078162422908e+03,3.1211683156542929e+00
921999,1.3218078162422908e+03,3.1211683156542929e+00
922027,1.3218078162422908e+03,3.1211683156542929e+00
922055,1.3218078162422908e+03,3.1211683156542929e+00
922083,1.3218078162422908e+03,3.1211683156542929e+00
922111,1.3218078162422908e+03,3.1211683156542929e+00
922139,1.3218078162422908e+03,3.1211683156542929e+00
922167,1.3218078162422908e+03,3.1211683156542929e+00
922195,1.3218078162422908e+03,3.1211683156542929e+00
922223,1.3218078162422908e+03,3.1211683156542929e+00
922251,1.3218078162422908e+03,3.1211683156542929e+00
922279,1.3218078162422908e+03,3.1211683156542929e+00
922307,1.3218078162422908e+03,3.1211683156542929e+00
922335,1.3218078162422908e+03,3.1211683156542929e+00
922363,1.3218078162422908e+03,3.1211683156542929e+00
922391,1.3218078162422908e+03,3.1211683156542929e+00
922419,1.3218078162422908e+03,3.1211683156542929e+00
922447,1.3218078162422908e+03,3.1211683156542929e+00
922475,1.3218078162422908e+03,3.1211683156542929e+00
922503,1.3218078162422908e+03,3.1211683156542929e+00
922531,1.3218078162422908e+03,3.1211683156542929e+00
922559,1.3218078162422908e+03,3.1211683156542929e+00
922587,1.3218078162422908e+03,3.1211683156542929e+00
922615,1.3218078162422908e+03,3.1211683156542929e+00
922643,1.3218078162422908e+03,3.1211683156542929e+00
922671,1.3218078162422908e+03,3.1211683156542929e+00
922699,1.3218078162422908e+03,3.1211683156542929e+00
922727,1.3218078162422908e+03,3.1211683156542929e+00
922755,1.3218078162422908e+03,3.1211683156542929e+00
922783,1.3218078162422908e+03,3.1211683156542929e+00
922811,1.3218078162422908e+03,3.1211683156542929e+00
922839,1.3218078162422908e+03,3.1211683156542929e+00
922867,1.3218078162422908e+03,3.1211683156542929e+00
922895,1.3218078162422908e+03,3.1211683156542929e+00
922923,1.3218078162422908e+03,3.1211683156542929e+00
922951,1.3218078162422908e+03,3.1211683156542929e+00
922979,1.3218078162422908e+03,3.1211683156542929e+00
923007,1.3218078162422908e+03,3.1211683156542929e+00
923035,1.3218078162422908e+03,3.1211683156542929e+00
923063,1.3218078162422908e+03,3.1211683156542929e+00
923091,1.3218078162422908e+03,3.1211683156542929e+00
923119,1.3218078162422908e+03,3.1211683156542929e+00
923147,1.3218078162422908e+03,3.1211683156542929e+00
923175,1.3218078162422908e+03,3.1211683156542929e+00
923203,1.3218078162422908e+03,3.1211683156542929e+00
923231,1.3218078162422908e+03,3.1211683156542929e+00
923259,1.3218078162422908e+03,3.1211683156542929e+00
923287,1.3218078162422908e+03,3.1211683156542929e+00
923315,1.3218078162422908e+03,3.1211683156542929e+00
923343,1.3218078162422908e+03,3.1211683156542929e+00
923371,1.3218078162422908e+03,3.1211683156542929e+00
923399,1.3218078162422908e+03,3.1211683156542929e+00
923427,1.3218078162422908e+03,3.1211683156542929e+00
923455,1.3218078162422908e+03,3.1211683156542929e+00
923483,1.3218078162422908e+03,3.1211683156542929e+00
923511,1.3218078162422908e+03,3.1211683156542929e+00
923539,1.3218078162422908e+03,3.1211683156542929e+00
923567,1.3218078162422908e+03,3.1211683156542929e+00
923595,1.3218078162422908e+03,3.1211683156542929e+00
923623,1.3218078162422908e+03,3.1211683156542929e+00
923651,1.3218078162422908e+03,3.1211683156542929e+00
923679,1.3218078162422908e+03,3.1211683156542929e+00
923707,1.3218078162422908e+03,3.1211683156542929e+00
923735,1.3218078162422908e+03,3.1211683156542929e+00
923763,1.3218078162422908e+03,3.1211683156542929e+00
923791,1.3218078162422908e+03,3.1211683156542929e+00
923819,1.3218078162422908e+03,3.1211683156542929e+00
923847,1.3218078162422908e+03,3.1211683156542929e+00
923875,1.3218078162422908e+03,3.1211683156542929e+00
923903,1.3218078162422908e+03,3.1211683156542929e+00
923931,1.3218078162422908e+03,3.1211683156542929e+00
923959,1.3218078162422908e+03,3.1211683156542929e+00
923987,1.3218078162422908e+03,3.1211683156542929e+00
924015,1.3218078162422908e+03,3.1211683156542929e+00
924043,1.3218078162422908e+03,3.1211683156542929e+00
924071,1.3218078162422908e+03,3.1211683156542929e+00
924099,1.3218078162422908e+03,3.1211683156542929e+00
924127,1.3218078162422908e+03,3.1211683156542929e+00
924155,1.3218078162422908e+03,3.1211683156542929e+00
924183,1.3218078162422908e+03,3.1211683156542929e+00
924211,1.3218078162422908e+03,3.1211683156542929e+00
924239,1.3218078162422908e+03,3.1211683156542929e+00
924267,1.3218078162422908e+03,3.1211683156542929e+00
924295,1.3218078162422908e+03,3.1211683156542929e+00
924323,1.3218078162422908e+03,3.1211683156542929e+00
924351,1.3218078162422908e+03,3.1211683156542929e+00
924379,1.3218078162422908e+03,3.1211683156542929e+00
924407,1.3218078162422908e+03,3.1211683156542929e+00
924435,1.3218078162422908e+03,3.1211683156542929e+00
924463,1.3218078162422908e+03,3.1211683156542929e+00
924491,1.3218078162422908e+03,3.1211683156542929e+00
924519,1.3218078162422908e+03,3.1211683156542929e+00
924547,1.3218078162422908e+03,3.1211683156542929e+00
924575,1.3218078162422908e+03,3.1211683156542929e+00
924603,1.3218078162422908e+03,3.1211683156542929e+00
924631,1.3218078162422908e+03,3.1211683156542929e+00
924659,1.3218078162422908e+03,3.1211683156542929e+00
924687,1.3218078162422908e+03,3.1211683156542929e+00
924715,1.3218078162422908e+03,3.1211683156542929e+00
924743,1.3218078162422908e+03,3.1211683156542929e+00
924771,1.3218078162422908e+03,3.1211683156542929e+00
924799,1.3218078162422908e+03,3.1211683156542929e+00
924827,1.3218078162422908e+03,3.1211683156542929e+00
924855,1.3218078162422908e+03,3.1211683156542929e+00
924883,1.3218078162422908e+03,3.1211683156542929e+00
924911,1.3218078162422908e+03,3.1211683156542929e+00
924939,1.3218078162422908e+03,3.1211683156542929e+00
924967,1.3218078162422908e+03,3.1211683156542929e+00
924995,1.3218078162422908e+03,3.1211683156542929e+00
925023,1.3218078162422908e+03,3.1211683156542929e+00
925051,1.3218078162422908e+03,3.1211683156542929e+00
925079,1.3218078162422908e+03,3.1211683156542929e+00
925107,1.3218078162422908e+03,3.1211683156542929e+00
925135,1.3218078162422908e+03,3.1211683156542929e+00
925163,1.3218078162422908e+03,3.1211683156542929e+00
925191,1.3218078162422908e+03,3.1211683156542929e+00
925219,1.3218078162422908e+03,3.1211683156542929e+00
925247,1.3218078162422908e+03,3.1211683156542929e+00
925275,1.3218078162422908e+03,3.1211683156542929e+00
925303,1.3218078162422908e+03,3.1211683156542929e+00
925331,1.3218078162422908e+03,3.1211683156542929e+00
925359,1.3218078162422908e+03,3.1211683156542929e+00
925387,1.3218078162422908e+03,3.1211683156542929e+00
925415,1.3218078162422908e+03,3.1211683156542929e+00
925443,1.3218078162422908e+03,3.1211683156542929e+00
925471,1.3218078162422908e+03,3.1211683156542929e+00
925499,1.3218078162422908e+03,3.1211683156542929e+00
925527,1.3218078162422908e+03,3.1211683156542929e+00
925555,1.3218078162422908e+03,3.1211683156542929e+00
925583,1.3218078162422908e+03,3.1211683156542929e+00
925611,1.3218078162422908e+03,3.1211683156542929e+00
925639,1.3218078162422908e+03,3.1211683156542929e+00
925667,1.3218078162422908e+03,3.1211683156542929e+00
925695,1.3218078162422908e+03,3.1211683156542929e+00
925723,1.3218078162422908e+03,3.1211683156542929e+00
925751,1.3218078162422908e+03,3.1211683156542929e+00
925779,1.3218078162422908e+03,3.1211683156542929e+00
925807,1.3218078162422908e+03,3.1211683156542929e+00
925835,1.3218078162422908e+03,3.1211683156542929e+00
925863,1.3218078162422908e+03,3.1211683156542929e+00
925891,1.3218078162422908e+03,3.1211683156542929e+00
925919,1.3218078162422908e+03,3.1211683156542929e+00
925947,1.3218078162422908e+03,3.1211683156542929e+00
925975,1.3218078162422908e+03,3.1211683156542929e+00
926003,1.3218078162422908e+03,3.1211683156542929e+00
926031,1.3218078162422908e+03,3.1211683156542929e+00
926059,1.3218078162422908e+03,3.1211683156542929e+00
926087,1.3218078162422908e+03,3.1211683156542929e+00
926115,1.3218078162422908e+03,3.1211683156542929e+00
926143,1.3218078162422908e+03,3.1211683156542929e+00
926171,1.3218078162422908e+03,3.1211683156542929e+00
926199,1.3218078162422908e+03,3.1211683156542929e+00
926227,1.3218078162422908e+03,3.1211683156542929e+00
926255,1.3218078162422908e+03,3.1211683156542929e+00
926283,1.3218078162422908e+03,3.1211683156542929e+00
926311,1.3218078162422908e+03,3.1211683156542929e+00
926339,1.3218078162422908e+03,3.1211683156542929e+00
926367,1.3218078162422908e+03,3.1211683156542929e+00
926395,1.3218078162422908e+03,3.1211683156542929e+00
926423,1.3218078162422908e+03,3.1211683156542929e+00
926451,1.3218078162422908e+03,3.1211683156542929e+00
926479,1.3218078162422908e+03,3.1211683156542929e+00
926507,1.3218078162422908e+03,3.1211683156542929e+00
926535,1.3218078162422908e+03,3.1211683156542929e+00
926563,1.3218078162422908e+03,3.1211683156542929e+00
926591,1.3218078162422908e+03,3.1211683156542929e+00
926619,1.3218078162422908e+03,3.1211683156542929e+00
926647,1.3218078162422908e+03,3.1211683156542929e+00
926675,1.3218078162422908e+03,3.1211683156542929e+00
926703,1.3218078162422908e+03,3.1211683156542929e+00
926731,1.3218078162422908e+03,3.1211683156542929e+00
926759,1.3218078162422908e+03,3.1211683156542929e+00
926787,1.3218078162422908e+03,3.1211683156542929e+00
926815,1.3218078162422908e+03,3.1211683156542929e+00
926843,1.3218078162422908e+03,3.1211683156542929e+00
926871,1.3218078162422908e+03,3.1211683156542929e+00
926899,1.3218078162422908e+03,3.1211683156542929e+00
926927,1.3218078162422908e+03,3.1211683156542929e+00
926955,1.3218078162422908e+03,3.1211683156542929e+00
926983,1.3218078162422908e+03,3.1211683156542929e+00
927011,1.3218078162422908e+03,3.1211683156542929e+00
927039,1.3218078162422908e+03,3.1211683156542929e+00
927067,1.3218078162422908e+03,3.1211683156542929e+00
927095,1.3218078162422908e+03,3.1211683156542929e+00
927123,1.3218078162422908e+03,3.1211683156542929e+00
927151,1.3218078162422908e+03,3.1211683156542929e+00
927179,1.3218078162422908e+03,3.1211683156542929e+00
927207,1.3218078162422908e+03,3.1211683156542929e+00
927235,1.3218078162422908e+03,3.1211683156542929e+00
927263,1.3218078162422908e+03,3.1211683156542929e+00
927291,1.3218078162422908e+03,3.1211683156542929e+00
927319,1.3218078162422908e+03,3.1211683156542929e+00
927347,1.3218078162422908e+03,3.1211683156542929e+00
927375,1.3218078162422908e+03,3.1211683156542929e+00
927403,1.3218078162422908e+03,3.1211683156542929e+00
927431,1.3218078162422908e+03,3.1211683156542929e+00
927459,1.3218078162422908e+03,3.1211683156542929e+00
927487,1.3218078162422908e+03,3.1211683156542929e+00
927515,1.3218078162422908e+03,3.1211683156542929e+00
927543,1.3218078162422908e+03,3.1211683156542929e+00
927571,1.3218078162422908e+03,3.1211683156542929e+00
927599,1.3218078162422908e+03,3.1211683156542929e+00
927627,1.3218078162422908e+03,3.1211683156542929e+00
927655,1.3218078162422908e+03,3.1211683156542929e+00
927683,1.3218078162422908e+03,3.1211683156542929e+00
927711,1.3218078162422908e+03,3.1211683156542929e+00
927739,1.3218078162422908e+03,3.1211683156542929e+00
927767,1.3218078162422908e+03,3.1211683156542929e+00
927795,1.3218078162422908e+03,3.1211683156542929e+00
927823,1.3218078162422908e+03,3.1211683156542929e+00
927851,1.3218078162422908e+03,3.1211683156542929e+00
927879,1.3218078162422908e+03,3.1211683156542929e+00
927907,1.3218078162422908e+03,3.1211683156542929e+00
927935,1.3218078162422908e+03,3.1211683156542929e+00
927963,1.3218078162422908e+03,3.1211683156542929e+00
927991,1.3218078162422908e+03,3.1211683156542929e+00
928019,1.3218078162422908e+03,3.1211683156542929e+00
928047,1.3218078162422908e+03,3.1211683156542929e+00
928075,1.3218078162422908e+03,3.1211683156542929e+00
928103,1.3218078162422908e+03,3.1211683156542929e+00
928131,1.3218078162422908e+03,3.1211683156542929e+00
928159,1.3218078162422908e+03,3.1211683156542929e+00
928187,1.3218078162422908e+03,3.1211683156542929e+00
928215,1.3218078162422908e+03,3.1211683156542929e+00
928243,1.3218078162422908e+03,3.1211683156542929e+00
928271,1.3218078162422908e+03,3.1211683156542929e+00
928299,1.3218078162422908e+03,3.1211683156542929e+00
928327,1.3218078162422908e+03,3.1211683156542929e+00
928355,1.3218078162422908e+03,3.1211683156542929e+00
928383,1.3218078162422908e+03,3.1211683156542929e+00
928411,1.3218078162422908e+03,3.1211683156542929e+00
928439,1.3218078162422908e+03,3.1211683156542929e+00
928467,1.3218078162422908e+03,3.1211683156542929e+00
928495,1.3218078162422908e+03,3.1211683156542929e+00
928523,1.3218078162422908e+03,3.1211683156542929e+00
928551,1.3218078162422908e+03,3.1211683156542929e+00
928579,1.3218078162422908e+03,3.1211683156542929e+00
928607,1.3218078162422908e+03,3.1211683156542929e+00
928635,1.3218078162422908e+03,3.1211683156542929e+00
928663,1.3218078162422908e+03,3.1211683156542929e+00
928691,1.3218078162422908e+03,3.1211683156542929e+00
928718,1.3218078162422908e+03,3.1211683156542929e+00
928745,1.3218078162422908e+03,3.1211683156542929e+00
928772,1.3218078162422908e+03,3.1211683156542929e+00
928799,1.3218078162422908e+03,3.1211683156542929e+00
928826,1.3218078162422908e+03,3.1211683156542929e+00
928853,1.3218078162422908e+03,3.1211683156542929e+00
928880,1.3218078162422908e+03,3.1211683156542929e+00
928907,1.3218078162422908e+03,3.1211683156542929e+00
928934,1.3218078162422908e+03,3.1211683156542929e+00
928961,1.3218078162422908e+03,3.1211683156542929e+00
928988,1.3218078162422908e+03,3.1211683156542929e+00
929015,1.3218078162422908e+03,3.1211683156542929e+00
929042,1.3218078162422908e+03,3.1211683156542929e+00
929069,1.3218078162422908e+03,3.1211683156542929e+00
929096,1.3218078162422908e+03,3.1211683156542929e+00
929123,1.3218078162422908e+03,3.1211683156542929e+00
929150,1.3218078162422908e+03,3.1211683156542929e+00
929177,1.3218078162422908e+03,3.1211683156542929e+00
929204,1.3218078162422908e+03,3.1211683156542929e+00
929231,1.3218078162422908e+03,3.1211683156542929e+00
929258,1.3218078162422908e+03,3.1211683156542929e+00
929285,1.3218078162422908e+03,3.1211683156542929e+00
929312,1.3218078162422908e+03,3.1211683156542929e+00
929339,1.3218078162422908e+03,3.1211683156542929e+00
929366,1.3218078162422908e+03,3.1211683156542929e+00
929393,1.3218078162422908e+03,3.1211683156542929e+00
929420,1.3218078162422908e+03,3.1211683156542929e+00
929447,1.3218078162422908e+03,3.1211683156542929e+00
929474,1.3218078162422908e+03,3.1211683156542929e+00
929501,1.3218078162422908e+03,3.1211683156542929e+00
929528,1.3218078162422908e+03,3.1211683156542929e+00
929555,1.3218078162422908e+03,3.1211683156542929e+00
929582,1.3218078162422908e+03,3.1211683156542929e+00
929609,1.3218078162422908e+03,3.1211683156542929e+00
929636,1.3218078162422908e+03,3.1211683156542929e+00
929663,1.3218078162422908e+03,3.1211683156542929e+00
929690,1.3218078162422908e+03,3.1211683156542929e+00
929717,1.3218078162422908e+03,3.1211683156542929e+00
929744,1.3218078162422908e+03,3.1211683156542929e+00
929771,1.3218078162422908e+03,3.1211683156542929e+00
929798,1.3218078162422908e+03,3.1211683156542929e+00
929825,1.3218078162422908e+03,3.1211683156542929e+00
929852,1.3218078162422908e+03,3.1211683156542929e+00
929879,1.3218078162422908e+03,3.1211683156542929e+00
929906,1.3218078162422908e+03,3.1211683156542929e+00
929933,1.3218078162422908e+03,3.1211683156542929e+00
929960,1.3218078162422908e+03,3.1211683156542929e+00
929987,1.3218078162422908e+03,3.1211683156542929e+00
930014,1.3218078162422908e+03,3.1211683156542929e+00
930041,1.3218078162422908e+03,3.1211683156542929e+00
930068,1.3218078162422908e+03,3.1211683156542929e+00
930095,1.3218078162422908e+03,3.1211683156542929e+00
930122,1.3218078162422908e+03,3.1211683156542929e+00
930149,1.3218078162422908e+03,3.1211683156542929e+00
930176,1.3218078162422908e+03,3.1211683156542929e+00
930203,1.3218078162422908e+03,3.1211683156542929e+00
930230,1.3218078162422908e+03,3.1211683156542929e+00
930257,1.3218078162422908e+03,3.1211683156542929e+00
930284,1.3218078162422908e+03,3.1211683156542929e+00
930311,1.3218078162422908e+03,3.1211683156542929e+00
930338,1.3218078162422908e+03,3.1211683156542929e+00
930365,1.3218078162422908e+03,3.1211683156542929e+00
930392,1.3218078162422908e+03,3.1211683156542929e+00
930419,1.3218078162422908e+03,3.1211683156542929e+00
930446,1.3218078162422908e+03,3.1211683156542929e+00
930473,1.3218078162422908e+03,3.1211683156542929e+00
930500,1.3218078162422908e+03,3.1211683156542929e+00
930527,1.3218078162422908e+03,3.1211683156542929e+00
930554,1.3218078162422908e+03,3.1211683156542929e+00
930581,1.3218078162422908e+03,3.1211683156542929e+00
930608,1.3218078162422908e+03,3.1211683156542929e+00
930635,1.3218078162422908e+03,3.1211683156542929e+00
930662,1.3218078162422908e+03,3.1211683156542929e+00
930689,1.3218078162422908e+03,3.1211683156542929e+00
930716,1.3218078162422908e+03,3.1211683156542929e+00
930743,1.3218078162422908e+03,3.1211683156542929e+00
930770,1.3218078162422908e+03,3.1211683156542929e+00
930797,1.3218078162422908e+03,3.1211683156542929e+00
930824,1.3218078162422908e+03,3.1211683156542929e+00
930851,1.3218078162422908e+03,3.1211683156542929e+00
930878,1.3218078162422908e+03,3.1211683156542929e+00
930905,1.3218078162422908e+03,3.1211683156542929e+00
930932,1.3218078162422908e+03,3.1211683156542929e+00
930959,1.3218078162422908e+03,3.1211683156542929e+00
930986,1.3218078162422908e+03,3.1211683156542929e+00
931013,1.3218078162422908e+03,3.1211683156542929e+00
931040,1.3218078162422908e+03,3.1211683156542929e+00
931067,1.3218078162422908e+03,3.1211683156542929e+00
931094,1.3218078162422908e+03,3.1211683156542929e+00
931121,1.3218078162422908e+03,3.1211683156542929e+00
931148,1.3218078162422908e+03,3.1211683156542929e+00
931175,1.3218078162422908e+03,3.1211683156542929e+00
931202,1.3218078162422908e+03,3.1211683156542929e+00
931229,1.3218078162422908e+03,3.1211683156542929e+00
931256,1.3218078162422908e+03,3.1211683156542929e+00
931283,1.3218078162422908e+03,3.1211683156542929e+00
931310,1.3218078162422908e+03,3.1211683156542929e+00
931337,1.3218078162422908e+03,3.1211683156542929e+00
931364,1.3218078162422908e+03,3.1211683156542929e+00
931391,1.3218078162422908e+03,3.1211683156542929e+00
931418,1.3218078162422908e+03,3.1211683156542929e+00
931445,1.3218078162422908e+03,3.1211683156542929e+00
931472,1.3218078162422908e+03,3.1211683156542929e+00
931499,1.3218078162422908e+03,3.1211683156542929e+00
931526,1.3218078162422908e+03,3.1211683156542929e+00
931553,1.3218078162422908e+03,3.1211683156542929e+00
931580,1.3218078162422908e+03,3.1211683156542929e+00
931607,1.3218078162422908e+03,3.1211683156542929e+00
931634,1.3218078162422908e+03,3.1211683156542929e+00
931661,1.3218078162422908e+03,3.1211683156542929e+00
931688,1.3218078162422908e+03,3.1211683156542929e+00
931715,1.3218078162422908e+03,3.1211683156542929e+00
931742,1.3218078162422908e+03,3.1211683156542929e+00
931769,1.3218078162422908e+03,3.1211683156542929e+00
931796,1.3218078162422908e+03,3.1211683156542929e+00
931823,1.3218078162422908e+03,3.1211683156542929e+00
931850,1.3218078162422908e+03,3.1211683156542929e+00
931877,1.3218078162422908e+03,3.1211683156542929e+00
931904,1.3218078162422908e+03,3.1211683156542929e+00
931931,1.3218078162422908e+03,3.1211683156542929e+00
931958,1.3218078162422908e+03,3.1211683156542929e+00
931985,1.3218078162422908e+03,3.1211683156542929e+00
932012,1.3218078162422908e+03,3.1211683156542929e+00
932039,1.3218078162422908e+03,3.1211683156542929e+00
932066,1.3218078162422908e+03,3.1211683156542929e+00
932093,1.3218078162422908e+03,3.1211683156542929e+00
932120,1.3218078162422908e+03,3.1211683156542929e+00
932147,1.3218078162422908e+03,3.1211683156542929e+00
932174,1.3218078162422908e+03,3.1211683156542929e+00
932201,1.3218078162422908e+03,3.1211683156542929e+00
932228,1.3218078162422908e+03,3.1211683156542929e+00
932255,1.3218078162422908e+03,3.1211683156542929e+00
932282,1.3218078162422908e+03,3.1211683156542929e+00
932309,1.3218078162422908e+03,3.1211683156542929e+00
932336,1.3218078162422908e+03,3.1211683156542929e+00
932363,1.3218078162422908e+03,3.1211683156542929e+00
932390,1.3218078162422908e+03,3.1211683156542929e+00
932417,1.3218078162422908e+03,3.1211683156542929e+00
932444,1.3218078162422908e+03,3.1211683156542929e+00
932471,1.3218078162422908e+03,3.1211683156542929e+00
932498,1.3218078162422908e+03,3.1211683156542929e+00
932525,1.3218078162422908e+03,3.1211683156542929e+00
932552,1.3218078162422908e+03,3.1211683156542929e+00
932579,1.3218078162422908e+03,3.1211683156542929e+00
932606,1.3218078162422908e+03,3.1211683156542929e+00
932633,1.3218078162422908e+03,3.1211683156542929e+00
932660,1.3218078162422908e+03,3.1211683156542929e+00
932687,1.3218078162422908e+03,3.1211683156542929e+00
932714,1.3218078162422908e+03,3.1211683156542929e+00
932741,1.3218078162422908e+03,3.1211683156542929e+00
932768,1.3218078162422908e+03,3.1211683156542929e+00
932795,1.3218078162422908e+03,3.1211683156542929e+00
932822,1.3218078162422908e+03,3.1211683156542929e+00
932849,1.3218078162422908e+03,3.1211683156542929e+00
932876,1.3218078162422908e+03,3.1211683156542929e+00
932903,1.3218078162422908e+03,3.1211683156542929e+00
932930,1.3218078162422908e+03,3.1211683156542929e+00
932957,1.3218078162422908e+03,3.1211683156542929e+00
932984,1.3218078162422908e+03,3.1211683156542929e+00
933011,1.3218078162422908e+03,3.1211683156542929e+00
933038,1.3218078162422908e+03,3.1211683156542929e+00
933065,1.3218078162422908e+03,3.1211683156542929e+00
933092,1.3218078162422908e+03,3.1211683156542929e+00
933119,1.3218078162422908e+03,3.1211683156542929e+00
933146,1.3218078162422908e+03,3.1211683156542929e+00
933173,1.3218078162422908e+03,3.1211683156542929e+00
933200,1.3218078162422908e+03,3.1211683156542929e+00
933227,1.3218078162422908e+03,3.1211683156542929e+00
933254,1.3218078162422908e+03,3.1211683156542929e+00
933281,1.3218078162422908e+03,3.1211683156542929e+00
933308,1.3218078162422908e+03,3.1211683156542929e+00
933335,1.3218078162422908e+03,3.1211683156542929e+00
933362,1.3218078162422908e+03,3.1211683156542929e+00
933389,1.3218078162422908e+03,3.1211683156542929e+00
933416,1.3218078162422908e+03,3.1211683156542929e+00
933443,1.3218078162422908e+03,3.1211683156542929e+00
933470,1.3218078162422908e+03,3.1211683156542929e+00
933497,1.3218078162422908e+03,3.1211683156542929e+00
933524,1.3218078162422908e+03,3.1211683156542929e+00
933551,1.3218078162422908e+03,3.1211683156542929e+00
933578,1.3218078162422908e+03,3.1211683156542929e+00
933605,1.3218078162422908e+03,3.1211683156542929e+00
933632,1.3218078162422908e+03,3.1211683156542929e+00
933659,1.3218078162422908e+03,3.1211683156542929e+00
933686,1.3218078162422908e+03,3.1211683156542929e+00
933713,1.3218078162422908e+03,3.1211683156542929e+00
933740,1.3218078162422908e+03,3.1211683156542929e+00
933767,1.3218078162422908e+03,3.1211683156542929e+00
933794,1.3218078162422908e+03,3.1211683156542929e+00
933821,1.3218078162422908e+03,3.1211683156542929e+00
933848,1.3218078162422908e+03,3.1211683156542929e+00
933875,1.3218078162422908e+03,3.1211683156542929e+00
933902,1.3218078162422908e+03,3.1211683156542929e+00
933929,1.3218078162422908e+03,3.1211683156542929e+00
933956,1.3218078162422908e+03,3.1211683156542929e+00
933983,1.3218078162422908e+03,3.1211683156542929e+00
934010,1.3218078162422908e+03,3.1211683156542929e+00
934037,1.3218078162422908e+03,3.1211683156542929e+00
934064,1.3218078162422908e+03,3.1211683156542929e+00
934091,1.3218078162422908e+03,3.1211683156542929e+00
934118,1.3218078162422908e+03,3.1211683156542929e+00
934145,1.3218078162422908e+03,3.1211683156542929e+00
934172,1.3218078162422908e+03,3.1211683156542929e+00
934199,1.3218078162422908e+03,3.1211683156542929e+00
934226,1.3218078162422908e+03,3.1211683156542929e+00
934253,1.3218078162422908e+03,3.1211683156542929e+00
934280,1.3218078162422908e+03,3.1211683156542929e+00
934307,1.3218078162422908e+03,3.1211683156542929e+00
934334,1.3218078162422908e+03,3.1211683156542929e+00
934361,1.3218078162422908e+03,3.1211683156542929e+00
934388,1.3218078162422908e+03,3.1211683156542929e+00
934415,1.3218078162422908e+03,3.1211683156542929e+00
934442,1.3218078162422908e+03,3.1211683156542929e+00
934469,1.3218078162422908e+03,3.1211683156542929e+00
934496,1.3218078162422908e+03,3.1211683156542929e+00
934523,1.3218078162422908e+03,3.1211683156542929e+00
934550,1.3218078162422908e+03,3.1211683156542929e+00
934577,1.3218078162422908e+03,3.1211683156542929e+00
934604,1.3218078162422908e+03,3.1211683156542929e+00
934631,1.3218078162422908e+03,3.1211683156542929e+00
934658,1.3218078162422908e+03,3.1211683156542929e+00
934685,1.3218078162422908e+03,3.1211683156542929e+00
934712,1.3218078162422908e+03,3.1211683156542929e+00
934739,1.3218078162422908e+03,3.1211683156542929e+00
934766,1.3218078162422908e+03,3.1211683156542929e+00
934793,1.3218078162422908e+03,3.1211683156542929e+00
934820,1.3218078162422908e+03,3.1211683156542929e+00
934847,1.3218078162422908e+03,3.1211683156542929e+00
934874,1.3218078162422908e+03,3.1211683156542929e+00
934901,1.3218078162422908e+03,3.1211683156542929e+00
934928,1.3218078162422908e+03,3.1211683156542929e+00
934955,1.3218078162422908e+03,3.1211683156542929e+00
934982,1.3218078162422908e+03,3.1211683156542929e+00
935009,1.3218078162422908e+03,3.1211683156542929e+00
935036,1.3218078162422908e+03,3.1211683156542929e+00
935063,1.3218078162422908e+03,3.1211683156542929e+00
935090,1.3218078162422908e+03,3.1211683156542929e+00
935117,1.3218078162422908e+03,3.1211683156542929e+00
935144,1.3218078162422908e+03,3.1211683156542929e+00
935171,1.3218078162422908e+03,3.1211683156542929e+00
935198,1.3218078162422908e+03,3.1211683156542929e+00
935225,1.3218078162422908e+03,3.1211683156542929e+00
935252,1.3218078162422908e+03,3.1211683156542929e+00
935279,1.3218078162422908e+03,3.1211683156542929e+00
935306,1.3218078162422908e+03,3.1211683156542929e+00
935333,1.3218078162422908e+03,3.1211683156542929e+00
935360,1.3218078162422908e+03,3.1211683156542929e+00
935387,1.3218078162422908e+03,3.1211683156542929e+00
935414,1.3218078162422908e+03,3.1211683156542929e+00
935441,1.3218078162422908e+03,3.1211683156542929e+00
935468,1.3218078162422908e+03,3.1211683156542929e+00
935495,1.3218078162422908e+03,3.1211683156542929e+00
935522,1.3218078162422908e+03,3.1211683156542929e+00
935549,1.3218078162422908e+03,3.1211683156542929e+00
935576,1.3218078162422908e+03,3.1211683156542929e+00
935603,1.3218078162422908e+03,3.1211683156542929e+00
935630,1.3218078162422908e+03,3.1211683156542929e+00
935657,1.3218078162422908e+03,3.1211683156542929e+00
935684,1.3218078162422908e+03,3.1211683156542929e+00
935711,1.3218078162422908e+03,3.1211683156542929e+00
935738,1.3218078162422908e+03,3.1211683156542929e+00
935765,1.3218078162422908e+03,3.1211683156542929e+00
935792,1.3218078162422908e+03,3.1211683156542929e+00
935819,1.3218078162422908e+03,3.1211683156542929e+00
935846,1.3218078162422908e+03,3.1211683156542929e+00
935873,1.3218078162422908e+03,3.1211683156542929e+00
935900,1.3218078162422908e+03,3.1211683156542929e+00
935927,1.3218078162422908e+03,3.1211683156542929e+00
935954,1.3218078162422908e+03,3.1211683156542929e+00
935981,1.3218078162422908e+03,3.1211683156542929e+00
936008,1.3218078162422908e+03,3.1211683156542929e+00
936035,1.3218078162422908e+03,3.1211683156542929e+00
936062,1.3218078162422908e+03,3.1211683156542929e+00
936089,1.3218078162422908e+03,3.1211683156542929e+00
936116,1.3218078162422908e+03,3.1211683156542929e+00
936143,1.3218078162422908e+03,3.1211683156542929e+00
936170,1.3218078162422908e+03,3.1211683156542929e+00
936197,1.3218078162422908e+03,3.1211683156542929e+00
936224,1.3218078162422908e+03,3.1211683156542929e+00
936251,1.3218078162422908e+03,3.1211683156542929e+00
936278,1.3218078162422908e+03,3.1211683156542929e+00
936305,1.3218078162422908e+03,3.1211683156542929e+00
936332,1.3218078162422908e+03,3.1211683156542929e+00
936359,1.3218078162422908e+03,3.1211683156542929e+00
936386,1.3218078162422908e+03,3.1211683156542929e+00
936413,1.3218078162422908e+03,3.1211683156542929e+00
936440,1.3218078162422908e+03,3.1211683156542929e+00
936467,1.3218078162422908e+03,3.1211683156542929e+00
936494,1.3218078162422908e+03,3.1211683156542929e+00
936521,1.3218078162422908e+03,3.1211683156542929e+00
936548,1.3218078162422908e+03,3.1211683156542929e+00
936575,1.3218078162422908e+03,3.1211683156542929e+00
936602,1.3218078162422908e+03,3.1211683156542929e+00
936629,1.3218078162422908e+03,3.1211683156542929e+00
936656,1.3218078162422908e+03,3.1211683156542929e+00
936683,1.3218078162422908e+03,3.1211683156542929e+00
936710,1.3218078162422908e+03,3.1211683156542929e+00
936737,1.3218078162422908e+03,3.1211683156542929e+00
936764,1.3218078162422908e+03,3.1211683156542929e+00
936791,1.3218078162422908e+03,3.1211683156542929e+00
936818,1.3218078162422908e+03,3.1211683156542929e+00
936845,1.3218078162422908e+03,3.1211683156542929e+00
936872,1.3218078162422908e+03,3.1211683156542929e+00
936899,1.3218078162422908e+03,3.1211683156542929e+00
936926,1.3218078162422908e+03,3.1211683156542929e+00
936953,1.3218078162422908e+03,3.1211683156542929e+00
936980,1.3218078162422908e+03,3.1211683156542929e+00
937007,1.3218078162422908e+03,3.1211683156542929e+00
937034,1.3218078162422908e+03,3.1211683156542929e+00
937061,1.3218078162422908e+03,3.1211683156542929e+00
937088,1.3218078162422908e+03,3.1211683156542929e+00
937115,1.3218078162422908e+03,3.1211683156542929e+00
937142,1.3218078162422908e+03,3.1211683156542929e+00
937169,1.3218078162422908e+03,3.1211683156542929e+00
937196,1.3218078162422908e+03,3.1211683156542929e+00
937223,1.3218078162422908e+03,3.1211683156542929e+00
937250,1.3218078162422908e+03,3.1211683156542929e+00
937277,1.3218078162422908e+03,3.1211683156542929e+00
937304,1.3218078162422908e+03,3.1211683156542929e+00
937331,1.3218078162422908e+03,3.1211683156542929e+00
937358,1.3218078162422908e+03,3.1211683156542929e+00
937385,1.3218078162422908e+03,3.1211683156542929e+00
937412,1.3218078162422908e+03,3.1211683156542929e+00
937439,1.3218078162422908e+03,3.1211683156542929e+00
937466,1.3218078162422908e+03,3.1211683156542929e+00
937493,1.3218078162422908e+03,3.1211683156542929e+00
937520,1.3218078162422908e+03,3.1211683156542929e+00
937547,1.3218078162422908e+03,3.1211683156542929e+00
937574,1.3218078162422908e+03,3.1211683156542929e+00
937601,1.3218078162422908e+03,3.1211683156542929e+00
937628,1.3218078162422908e+03,3.1211683156542929e+00
937655,1.3218078162422908e+03,3.1211683156542929e+00
937682,1.3218078162422908e+03,3.1211683156542929e+00
937709,1.3218078162422908e+03,3.1211683156542929e+00
937736,1.3218078162422908e+03,3.1211683156542929e+00
937763,1.3218078162422908e+03,3.1211683156542929e+00
937790,1.3218078162422908e+03,3.1211683156542929e+00
937817,1.3218078162422908e+03,3.1211683156542929e+00
937844,1.3218078162422908e+03,3.1211683156542929e+00
937871,1.3218078162422908e+03,3.1211683156542929e+00
937898,1.3218078162422908e+03,3.1211683156542929e+00
937925,1.3218078162422908e+03,3.1211683156542929e+00
937952,1.3218078162422908e+03,3.1211683156542929e+00
937979,1.3218078162422908e+03,3.1211683156542929e+00
938006,1.3218078162422908e+03,3.1211683156542929e+00
938033,1.3218078162422908e+03,3.1211683156542929e+00
938060,1.3218078162422908e+03,3.1211683156542929e+00
938087,1.3218078162422908e+03,3.1211683156542929e+00
938114,1.3218078162422908e+03,3.1211683156542929e+00
938141,1.3218078162422908e+03,3.1211683156542929e+00
938168,1.3218078162422908e+03,3.1211683156542929e+00
938195,1.3218078162422908e+03,3.1211683156542929e+00
938222,1.3218078162422908e+03,3.1211683156542929e+00
938249,1.3218078162422908e+03,3.1211683156542929e+00
938276,1.3218078162422908e+03,3.1211683156542929e+00
938303,1.3218078162422908e+03,3.1211683156542929e+00
938330,1.3218078162422908e+03,3.1211683156542929e+00
938357,1.3218078162422908e+03,3.1211683156542929e+00
938384,1.3218078162422908e+03,3.1211683156542929e+00
938411,1.3218078162422908e+03,3.1211683156542929e+00
938438,1.3218078162422908e+03,3.1211683156542929e+00
938465,1.3218078162422908e+03,3.1211683156542929e+00
938492,1.3218078162422908e+03,3.1211683156542929e+00
938519,1.3218078162422908e+03,3.1211683156542929e+00
938546,1.3218078162422908e+03,3.1211683156542929e+00
938573,1.3218078162422908e+03,3.1211683156542929e+00
938600,1.3218078162422908e+03,3.1211683156542929e+00
938627,1.3218078162422908e+03,3.1211683156542929e+00
938654,1.3218078162422908e+03,3.1211683156542929e+00
938681,1.3218078162422908e+03,3.1211683156542929e+00
938708,1.3194316773334681e+03,3.1203869065490273e+00
938735,1.3194316773334681e+03,3.1203869065490273e+00
938762,1.3194316773334681e+03,3.1203869065490273e+00
938789,1.3194316773334681e+03,3.1203869065490273e+00
938816,1.3194316773334681e+03,3.1203869065490273e+00
938843,1.3194316773334681e+03,3.1203869065490273e+00
938870,1.3194316773334681e+03,3.1203869065490273e+00
938897,1.3194316773334681e+03,3.1203869065490273e+00
938924,1.3194316773334681e+03,3.1203869065490273e+00
938951,1.3194316773334681e+03,3.1203869065490273e+00
938978,1.3194316773334681e+03,3.1203869065490273e+00
939005,1.3194316773334681e+03,3.1203869065490273e+00
939032,1.3194316773334681e+03,3.1203869065490273e+00
939059,1.3194316773334681e+03,3.1203869065490273e+00
939086,1.3194316773334681e+03,3.1203869065490273e+00
939113,1.3194316773334681e+03,3.1203869065490273e+00
939140,1.3194316773334681e+03,3.1203869065490273e+00
939167,1.3194316773334681e+03,3.1203869065490273e+00
939194,1.3194316773334681e+03,3.1203869065490273e+00
939221,1.3194316773334681e+03,3.1203869065490273e+00
939248,1.3194316773334681e+03,3.1203869065490273e+00
939275,1.3194316773334681e+03,3.1203869065490273e+00
939302,1.3194316773334681e+03,3.1203869065490273e+00
939329,1.3194316773334681e+03,3.1203869065490273e+00
939356,1.3194316773334681e+03,3.1203869065490273e+00
939383,1.3194316773334681e+03,3.1203869065490273e+00
939410,1.3194316773334681e+03,3.1203869065490273e+00
939437,1.3194316773334681e+03,3.1203869065490273e+00
939464,1.3194316773334681e+03,3.1203869065490273e+00
939491,1.3194316773334681e+03,3.1203869065490273e+00
939518,1.3194316773334681e+03,3.1203869065490273e+00
939545,1.3194316773334681e+03,3.1203869065490273e+00
939572,1.3194316773334681e+03,3.1203869065490273e+00
939599,1.3194316773334681e+03,3.1203869065490273e+00
939626,1.3194316773334681e+03,3.1203869065490273e+00
939653,1.3194316773334681e+03,3.1203869065490273e+00
939680,1.3194316773334681e+03,3.1203869065490273e+00
939707,1.3194316773334681e+03,3.1203869065490273e+00
939734,1.3194316773334681e+03,3.1203869065490273e+00
939761,1.3194316773334681e+03,3.1203869065490273e+00
939788,1.3194316773334681e+03,3.1203869065490273e+00
939815,1.3194316773334681e+03,3.1203869065490273e+00
939842,1.3194316773334681e+03,3.1203869065490273e+00
939869,1.3194316773334681e+03,3.1203869065490273e+00
939896,1.3194316773334681e+03,3.1203869065490273e+00
939923,1.3194316773334681e+03,3.1203869065490273e+00
939950,1.3194316773334681e+03,3.1203869065490273e+00
939977,1.3194316773334681e+03,3.1203869065490273e+00
940004,1.3194316773334681e+03,3.1203869065490273e+00
940031,1.3194316773334681e+03,3.1203869065490273e+00
940058,1.3194316773334681e+03,3.1203869065490273e+00
940085,1.3194316773334681e+03,3.1203869065490273e+00
940112,1.3194316773334681e+03,3.1203869065490273e+00
940139,1.3194316773334681e+03,3.1203869065490273e+00
940166,1.3194316773334681e+03,3.1203869065490273e+00
940193,1.3194316773334681e+03,3.1203869065490273e+00
940220,1.3194316773334681e+03,3.1203869065490273e+00
940247,1.3194316773334681e+03,3.1203869065490273e+00
940274,1.3194316773334681e+03,3.1203869065490273e+00
940301,1.3194316773334681e+03,3.1203869065490273e+00
940328,1.3194316773334681e+03,3.1203869065490273e+00
940355,1.3194316773334681e+03,3.1203869065490273e+00
940382,1.3194316773334681e+03,3.1203869065490273e+00
940409,1.3194316773334681e+03,3.1203869065490273e+00
940436,1.3194316773334681e+03,3.1203869065490273e+00
940463,1.3194316773334681e+03,3.1203869065490273e+00
940490,1.3194316773334681e+03,3.1203869065490273e+00
940517,1.3194316773334681e+03,3.1203869065490273e+00
940544,1.3194316773334681e+03,3.1203869065490273e+00
940571,1.3194316773334681e+03,3.1203869065490273e+00
940598,1.3194316773334681e+03,3.1203869065490273e+00
940625,1.3194316773334681e+03,3.1203869065490273e+00
940652,1.3194316773334681e+03,3.1203869065490273e+00
940679,1.3194316773334681e+03,3.1203869065490273e+00
940706,1.3194316773334681e+03,3.1203869065490273e+00
940733,1.3194316773334681e+03,3.1203869065490273e+00
940760,1.3194316773334681e+03,3.1203869065490273e+00
940787,1.3194316773334681e+03,3.1203869065490273e+00
940814,1.3194316773334681e+03,3.1203869065490273e+00
940841,1.3194316773334681e+03,3.1203869065490273e+00
940868,1.3194316773334681e+03,3.1203869065490273e+00
940895,1.3194316773334681e+03,3.1203869065490273e+00
940922,1.3194316773334681e+03,3.1203869065490273e+00
940949,1.3194316773334681e+03,3.1203869065490273e+00
940976,1.3194316773334681e+03,3.1203869065490273e+00
941003,1.3194316773334681e+03,3.1203869065490273e+00
941030,1.3194316773334681e+03,3.1203869065490273e+00
941057,1.3194316773334681e+03,3.1203869065490273e+00
941084,1.3194316773334681e+03,3.1203869065490273e+00
941111,1.3194316773334681e+03,3.1203869065490273e+00
941138,1.3194316773334681e+03,3.1203869065490273e+00
941165,1.3194316773334681e+03,3.1203869065490273e+00
941192,1.3194316773334681e+03,3.1203869065490273e+00
941219,1.3194316773334681e+03,3.1203869065490273e+00
941246,1.3194316773334681e+03,3.1203869065490273e+00
941273,1.3194316773334681e+03,3.1203869065490273e+00
941300,1.3194316773334681e+03,3.1203869065490273e+00
941327,1.3194316773334681e+03,3.1203869065490273e+00
941354,1.3194316773334681e+03,3.1203869065490273e+00
941381,1.3194316773334681e+03,3.1203869065490273e+00
941408,1.3194316773334681e+03,3.1203869065490273e+00
941435,1.3194316773334681e+03,3.1203869065490273e+00
941462,1.3194316773334681e+03,3.1203869065490273e+00
941489,1.3194316773334681e+03,3.1203869065490273e+00
941516,1.3194316773334681e+03,3.1203869065490273e+00
941543,1.3194316773334681e+03,3.1203869065490273e+00
941570,1.3194316773334681e+03,3.1203869065490273e+00
941597,1.3194316773334681e+03,3.1203869065490273e+00
941624,1.3194316773334681e+03,3.1203869065490273e+00
941651,1.3194316773334681e+03,3.1203869065490273e+00
941678,1.3194316773334681e+03,3.1203869065490273e+00
941705,1.3194316773334681e+03,3.1203869065490273e+00
941732,1.3194316773334681e+03,3.1203869065490273e+00
941759,1.3194316773334681e+03,3.1203869065490273e+00
941786,1.3194316773334681e+03,3.1203869065490273e+00
941813,1.3194316773334681e+03,3.1203869065490273e+00
941840,1.3194316773334681e+03,3.1203869065490273e+00
941867,1.3194316773334681e+03,3.1203869065490273e+00
941894,1.3194316773334681e+03,3.1203869065490273e+00
941921,1.3194316773334681e+03,3.1203869065490273e+00
941948,1.3194316773334681e+03,3.1203869065490273e+00
941975,1.3194316773334681e+03,3.1203869065490273e+00
942002,1.3194316773334681e+03,3.1203869065490273e+00
942029,1.3194316773334681e+03,3.1203869065490273e+00
942056,1.3194316773334681e+03,3.1203869065490273e+00
942083,1.3194316773334681e+03,3.1203869065490273e+00
942110,1.3194316773334681e+03,3.1203869065490273e+00
942137,1.3194316773334681e+03,3.1203869065490273e+00
942164,1.3194316773334681e+03,3.1203869065490273e+00
942191,1.3194316773334681e+03,3.1203869065490273e+00
942218,1.3194316773334681e+03,3.1203869065490273e+00
942245,1.3194316773334681e+03,3.1203869065490273e+00
942272,1.3194316773334681e+03,3.1203869065490273e+00
942299,1.3194316773334681e+03,3.1203869065490273e+00
942326,1.3194316773334681e+03,3.1203869065490273e+00
942353,1.3194316773334681e+03,3.1203869065490273e+00
942380,1.3194316773334681e+03,3.1203869065490273e+00
942407,1.3194316773334681e+03,3.1203869065490273e+00
942434,1.3194316773334681e+03,3.1203869065490273e+00
942461,1.3194316773334681e+03,3.1203869065490273e+00
942488,1.3194316773334681e+03,3.1203869065490273e+00
942515,1.3194316773334681e+03,3.1203869065490273e+00
942542,1.3194316773334681e+03,3.1203869065490273e+00
942569,1.3194316773334681e+03,3.1203869065490273e+00
942596,1.3194316773334681e+03,3.1203869065490273e+00
942623,1.3194316773334681e+03,3.1203869065490273e+00
942650,1.3194316773334681e+03,3.1203869065490273e+00
942677,1.3194316773334681e+03,3.1203869065490273e+00
942704,1.3194316773334681e+03,3.1203869065490273e+00
942731,1.3194316773334681e+03,3.1203869065490273e+00
942758,1.3194316773334681e+03,3.1203869065490273e+00
942785,1.3194316773334681e+03,3.1203869065490273e+00
942812,1.3194316773334681e+03,3.1203869065490273e+00
942839,1.3194316773334681e+03,3.1203869065490273e+00
942866,1.3194316773334681e+03,3.1203869065490273e+00
942893,1.3194316773334681e+03,3.1203869065490273e+00
942920,1.3194316773334681e+03,3.1203869065490273e+00
942947,1.3194316773334681e+03,3.1203869065490273e+00
942974,1.3194316773334681e+03,3.1203869065490273e+00
943001,1.3194316773334681e+03,3.1203869065490273e+00
943028,1.3194316773334681e+03,3.1203869065490273e+00
943055,1.3194316773334681e+03,3.1203869065490273e+00
943082,1.3194316773334681e+03,3.1203869065490273e+00
943109,1.3194316773334681e+03,3.1203869065490273e+00
943136,1.3194316773334681e+03,3.1203869065490273e+00
943163,1.3194316773334681e+03,3.1203869065490273e+00
943190,1.3194316773334681e+03,3.1203869065490273e+00
943217,1.3194316773334681e+03,3.1203869065490273e+00
943244,1.3194316773334681e+03,3.1203869065490273e+00
943271,1.3194316773334681e+03,3.1203869065490273e+00
943298,1.3194316773334681e+03,3.1203869065490273e+00
943325,1.3194316773334681e+03,3.1203869065490273e+00
943352,1.3194316773334681e+03,3.1203869065490273e+00
943379,1.3194316773334681e+03,3.1203869065490273e+00
943406,1.3194316773334681e+03,3.1203869065490273e+00
943433,1.3194316773334681e+03,3.1203869065490273e+00
943460,1.3194316773334681e+03,3.1203869065490273e+00
943487,1.3194316773334681e+03,3.1203869065490273e+00
943514,1.3194316773334681e+03,3.1203869065490273e+00
943541,1.3194316773334681e+03,3.1203869065490273e+00
943568,1.3194316773334681e+03,3.1203869065490273e+00
943595,1.3194316773334681e+03,3.1203869065490273e+00
943622,1.3194316773334681e+03,3.1203869065490273e+00
943649,1.3194316773334681e+03,3.1203869065490273e+00
943676,1.3194316773334681e+03,3.1203869065490273e+00
943703,1.3194316773334681e+03,3.1203869065490273e+00
943730,1.3194316773334681e+03,3.1203869065490273e+00
943757,1.3194316773334681e+03,3.1203869065490273e+00
943784,1.3194316773334681e+03,3.1203869065490273e+00
943811,1.3194316773334681e+03,3.1203869065490273e+00
943838,1.3194316773334681e+03,3.1203869065490273e+00
943865,1.3194316773334681e+03,3.1203869065490273e+00
943892,1.3194316773334681e+03,3.1203869065490273e+00
943919,1.3194316773334681e+03,3.1203869065490273e+00
943946,1.3194316773334681e+03,3.1203869065490273e+00
943973,1.3194316773334681e+03,3.1203869065490273e+00
944000,1.3194316773334681e+03,3.1203869065490273e+00
944027,1.3194316773334681e+03,3.1203869065490273e+00
944054,1.3194316773334681e+03,3.1203869065490273e+00
944081,1.3194316773334681e+03,3.1203869065490273e+00
944108,1.3194316773334681e+03,3.1203869065490273e+00
944135,1.3194316773334681e+03,3.1203869065490273e+00
944162,1.3194316773334681e+03,3.1203869065490273e+00
944189,1.3194316773334681e+03,3.1203869065490273e+00
944216,1.3194316773334681e+03,3.1203869065490273e+00
944243,1.3194316773334681e+03,3.1203869065490273e+00
944270,1.3194316773334681e+03,3.1203869065490273e+00
944297,1.3194316773334681e+03,3.1203869065490273e+00
944324,1.3194316773334681e+03,3.1203869065490273e+00
944351,1.3194316773334681e+03,3.1203869065490273e+00
944378,1.3194316773334681e+03,3.1203869065490273e+00
944405,1.3194316773334681e+03,3.1203869065490273e+00
944432,1.3194316773334681e+03,3.1203869065490273e+00
944459,1.3194316773334681e+03,3.1203869065490273e+00
944486,1.3194316773334681e+03,3.1203869065490273e+00
944513,1.3194316773334681e+03,3.1203869065490273e+00
944540,1.3194316773334681e+03,3.1203869065490273e+00
944567,1.3194316773334681e+03,3.1203869065490273e+00
944593,1.3194316773334681e+03,3.1203869065490273e+00
944619,1.3194316773334681e+03,3.1203869065490273e+00
944645,1.3194316773334681e+03,3.1203869065490273e+00
944671,1.3194316773334681e+03,3.1203869065490273e+00
944697,1.3194316773334681e+03,3.1203869065490273e+00
944723,1.3194316773334681e+03,3.1203869065490273e+00
944749,1.3194316773334681e+03,3.1203869065490273e+00
944775,1.3194316773334681e+03,3.1203869065490273e+00
944801,1.3194316773334681e+03,3.1203869065490273e+00
944827,1.3194316773334681e+03,3.1203869065490273e+00
944853,1.3194316773334681e+03,3.1203869065490273e+00
944879,1.3194316773334681e+03,3.1203869065490273e+00
944905,1.3194316773334681e+03,3.1203869065490273e+00
944931,1.3194316773334681e+03,3.1203869065490273e+00
944957,1.3194316773334681e+03,3.1203869065490273e+00
944983,1.3194316773334681e+03,3.1203869065490273e+00
945009,1.3194316773334681e+03,3.1203869065490273e+00
945035,1.3194316773334681e+03,3.1203869065490273e+00
945061,1.3194316773334681e+03,3.1203869065490273e+00
945087,1.3194316773334681e+03,3.1203869065490273e+00
945113,1.3194316773334681e+03,3.1203869065490273e+00
945139,1.3194316773334681e+03,3.1203869065490273e+00
945165,1.3194316773334681e+03,3.1203869065490273e+00
945191,1.3194316773334681e+03,3.1203869065490273e+00
945217,1.3194316773334681e+03,3.1203869065490273e+00
945243,1.3194316773334681e+03,3.1203869065490273e+00
945269,1.3194316773334681e+03,3.1203869065490273e+00
945295,1.3194316773334681e+03,3.1203869065490273e+00
945321,1.3194316773334681e+03,3.1203869065490273e+00
945347,1.3194316773334681e+03,3.1203869065490273e+00
945373,1.3194316773334681e+03,3.1203869065490273e+00
945399,1.3194316773334681e+03,3.1203869065490273e+00
945425,1.3194316773334681e+03,3.1203869065490273e+00
945451,1.3194316773334681e+03,3.1203869065490273e+00
945477,1.3194316773334681e+03,3.1203869065490273e+00
945503,1.3194316773334681e+03,3.1203869065490273e+00
945529,1.3194316773334681e+03,3.1203869065490273e+00
945555,1.3194316773334681e+03,3.1203869065490273e+00
945581,1.3194316773334681e+03,3.1203869065490273e+00
945607,1.3194316773334681e+03,3.1203869065490273e+00
945633,1.3194316773334681e+03,3.1203869065490273e+00
945659,1.3194316773334681e+03,3.1203869065490273e+00
945685,1.3194316773334681e+03,3.1203869065490273e+00
945711,1.3194316773334681e+03,3.1203869065490273e+00
945737,1.3194316773334681e+03,3.1203869065490273e+00
945763,1.3194316773334681e+03,3.1203869065490273e+00
945789,1.3194316773334681e+03,3.1203869065490273e+00
945815,1.3194316773334681e+03,3.1203869065490273e+00
945841,1.3194316773334681e+03,3.1203869065490273e+00
945867,1.3194316773334681e+03,3.1203869065490273e+00
945893,1.3194316773334681e+03,3.1203869065490273e+00
945919,1.3194316773334681e+03,3.1203869065490273e+00
945945,1.3194316773334681e+03,3.1203869065490273e+00
945971,1.3194316773334681e+03,3.1203869065490273e+00
945997,1.3194316773334681e+03,3.1203869065490273e+00
946023,1.3194316773334681e+03,3.1203869065490273e+00
946049,1.3194316773334681e+03,3.1203869065490273e+00
946075,1.3194316773334681e+03,3.1203869065490273e+00
946101,1.3194316773334681e+03,3.1203869065490273e+00
946127,1.3194316773334681e+03,3.1203869065490273e+00
946153,1.3194316773334681e+03,3.1203869065490273e+00
946179,1.3194316773334681e+03,3.1203869065490273e+00
946205,1.3194316773334681e+03,3.1203869065490273e+00
946231,1.3194316773334681e+03,3.1203869065490273e+00
946257,1.3194316773334681e+03,3.1203869065490273e+00
946283,1.3194316773334681e+03,3.1203869065490273e+00
946309,1.3194316773334681e+03,3.1203869065490273e+00
946335,1.3194316773334681e+03,3.1203869065490273e+00
946361,1.3194316773334681e+03,3.1203869065490273e+00
946387,1.3194316773334681e+03,3.1203869065490273e+00
946413,1.3194316773334681e+03,3.1203869065490273e+00
946439,1.3194316773334681e+03,3.1203869065490273e+00
946465,1.3194316773334681e+03,3.1203869065490273e+00
946491,1.3194316773334681e+03,3.1203869065490273e+00
946517,1.3194316773334681e+03,3.1203869065490273e+00
946543,1.3194316773334681e+03,3.1203869065490273e+00
946569,1.3194316773334681e+03,3.1203869065490273e+00
946595,1.3194316773334681e+03,3.1203869065490273e+00
946621,1.3194316773334681e+03,3.1203869065490273e+00
946647,1.3194316773334681e+03,3.1203869065490273e+00
946673,1.3194316773334681e+03,3.1203869065490273e+00
946699,1.3194316773334681e+03,3.1203869065490273e+00
946725,1.3194316773334681e+03,3.1203869065490273e+00
946751,1.3194316773334681e+03,3.1203869065490273e+00
946777,1.3194316773334681e+03,3.1203869065490273e+00
946803,1.3194316773334681e+03,3.1203869065490273e+00
946829,1.3194316773334681e+03,3.1203869065490273e+00
946855,1.3194316773334681e+03,3.1203869065490273e+00
946881,1.3194316773334681e+03,3.1203869065490273e+00
946907,1.3194316773334681e+03,3.1203869065490273e+00
946933,1.3194316773334681e+03,3.1203869065490273e+00
946959,1.3194316773334681e+03,3.1203869065490273e+00
946985,1.3194316773334681e+03,3.1203869065490273e+00
947011,1.3194316773334681e+03,3.1203869065490273e+00
947037,1.3194316773334681e+03,3.1203869065490273e+00
947063,1.3194316773334681e+03,3.1203869065490273e+00
947089,1.3194316773334681e+03,3.1203869065490273e+00
947115,1.3194316773334681e+03,3.1203869065490273e+00
947141,1.3194316773334681e+03,3.1203869065490273e+00
947167,1.3194316773334681e+03,3.1203869065490273e+00
947193,1.3194316773334681e+03,3.1203869065490273e+00
947219,1.3194316773334681e+03,3.1203869065490273e+00
947245,1.3194316773334681e+03,3.1203869065490273e+00
947271,1.3194316773334681e+03,3.1203869065490273e+00
947297,1.3194316773334681e+03,3.1203869065490273e+00
947323,1.3194316773334681e+03,3.1203869065490273e+00
947349,1.3194316773334681e+03,3.1203869065490273e+00
947375,1.3194316773334681e+03,3.1203869065490273e+00
947401,1.3194316773334681e+03,3.1203869065490273e+00
947427,1.3194316773334681e+03,3.1203869065490273e+00
947453,1.3194316773334681e+03,3.1203869065490273e+00
947479,1.3194316773334681e+03,3.1203869065490273e+00
947505,1.3194316773334681e+03,3.1203869065490273e+00
947531,1.3194316773334681e+03,3.1203869065490273e+00
947557,1.3194316773334681e+03,3.1203869065490273e+00
947583,1.3194316773334681e+03,3.1203869065490273e+00
947609,1.3194316773334681e+03,3.1203869065490273e+00
947635,1.3194316773334681e+03,3.1203869065490273e+00
947661,1.3194316773334681e+03,3.1203869065490273e+00
947687,1.3194316773334681e+03,3.1203869065490273e+00
947713,1.3194316773334681e+03,3.1203869065490273e+00
947739,1.3194316773334681e+03,3.1203869065490273e+00
947765,1.3194316773334681e+03,3.1203869065490273e+00
947791,1.3194316773334681e+03,3.1203869065490273e+00
947817,1.3194316773334681e+03,3.1203869065490273e+00
947843,1.3194316773334681e+03,3.1203869065490273e+00
947869,1.3194316773334681e+03,3.1203869065490273e+00
947895,1.3194316773334681e+03,3.1203869065490273e+00
947921,1.3194316773334681e+03,3.1203869065490273e+00
947947,1.3194316773334681e+03,3.1203869065490273e+00
947973,1.3194316773334681e+03,3.1203869065490273e+00
947999,1.3194316773334681e+03,3.1203869065490273e+00
948025,1.3194316773334681e+03,3.1203869065490273e+00
948051,1.3194316773334681e+03,3.1203869065490273e+00
948077,1.3194316773334681e+03,3.1203869065490273e+00
948103,1.3194316773334681e+03,3.1203869065490273e+00
948129,1.3194316773334681e+03,3.1203869065490273e+00
948155,1.3194316773334681e+03,3.1203869065490273e+00
948181,1.3194316773334681e+03,3.1203869065490273e+00
948207,1.3194316773334681e+03,3.1203869065490273e+00
948233,1.3194316773334681e+03,3.1203869065490273e+00
948259,1.3194316773334681e+03,3.1203869065490273e+00
948285,1.3194316773334681e+03,3.1203869065490273e+00
948311,1.3194316773334681e+03,3.1203869065490273e+00
948337,1.3194316773334681e+03,3.1203869065490273e+00
948363,1.3194316773334681e+03,3.1203869065490273e+00
948389,1.3194316773334681e+03,3.1203869065490273e+00
948415,1.3194316773334681e+03,3.1203869065490273e+00
948441,1.3194316773334681e+03,3.1203869065490273e+00
948467,1.3194316773334681e+03,3.1203869065490273e+00
948493,1.3194316773334681e+03,3.1203869065490273e+00
948519,1.3194316773334681e+03,3.1203869065490273e+00
948545,1.3194316773334681e+03,3.1203869065490273e+00
948571,1.3194316773334681e+03,3.1203869065490273e+00
948597,1.3194316773334681e+03,3.1203869065490273e+00
948623,1.3194316773334681e+03,3.1203869065490273e+00
948649,1.3194316773334681e+03,3.1203869065490273e+00
948675,1.3194316773334681e+03,3.1203869065490273e+00
948701,1.3194316773334681e+03,3.1203869065490273e+00
948727,1.3194316773334681e+03,3.1203869065490273e+00
948753,1.3194316773334681e+03,3.1203869065490273e+00
948779,1.3194316773334681e+03,3.1203869065490273e+00
948805,1.3194316773334681e+03,3.1203869065490273e+00
948831,1.3194316773334681e+03,3.1203869065490273e+00
948857,1.3194316773334681e+03,3.1203869065490273e+00
948883,1.3194316773334681e+03,3.1203869065490273e+00
948909,1.3194316773334681e+03,3.1203869065490273e+00
948935,1.3194316773334681e+03,3.1203869065490273e+00
948961,1.3194316773334681e+03,3.1203869065490273e+00
948987,1.3194316773334681e+03,3.1203869065490273e+00
949013,1.3194316773334681e+03,3.1203869065490273e+00
949039,1.3194316773334681e+03,3.1203869065490273e+00
949065,1.3194316773334681e+03,3.1203869065490273e+00
949091,1.3194316773334681e+03,3.1203869065490273e+00
949117,1.3194316773334681e+03,3.1203869065490273e+00
949143,1.3194316773334681e+03,3.1203869065490273e+00
949169,1.3194316773334681e+03,3.1203869065490273e+00
949195,1.3194316773334681e+03,3.1203869065490273e+00
949221,1.3194316773334681e+03,3.1203869065490273e+00
949247,1.3194316773334681e+03,3.1203869065490273e+00
949273,1.3194316773334681e+03,3.1203869065490273e+00
949299,1.3194316773334681e+03,3.1203869065490273e+00
949325,1.3194316773334681e+03,3.1203869065490273e+00
949351,1.3194316773334681e+03,3.1203869065490273e+00
949377,1.3194316773334681e+03,3.1203869065490273e+00
949403,1.3194316773334681e+03,3.1203869065490273e+00
949429,1.3194316773334681e+03,3.1203869065490273e+00
949455,1.3194316773334681e+03,3.1203869065490273e+00
949481,1.3194316773334681e+03,3.1203869065490273e+00
949507,1.3194316773334681e+03,3.1203869065490273e+00
949533,1.3194316773334681e+03,3.1203869065490273e+00
949559,1.3194316773334681e+03,3.1203869065490273e+00
949585,1.3194316773334681e+03,3.1203869065490273e+00
949611,1.3194316773334681e+03,3.1203869065490273e+00
949637,1.3194316773334681e+03,3.1203869065490273e+00
949663,1.3194316773334681e+03,3.1203869065490273e+00
949689,1.3194316773334681e+03,3.1203869065490273e+00
949715,1.3194316773334681e+03,3.1203869065490273e+00
949741,1.3194316773334681e+03,3.1203869065490273e+00
949767,1.3194316773334681e+03,3.1203869065490273e+00
949793,1.3194316773334681e+03,3.1203869065490273e+00
949819,1.3194316773334681e+03,3.1203869065490273e+00
949845,1.3194316773334681e+03,3.1203869065490273e+00
949871,1.3194316773334681e+03,3.1203869065490273e+00
949897,1.3194316773334681e+03,3.1203869065490273e+00
949923,1.3194316773334681e+03,3.1203869065490273e+00
949949,1.3194316773334681e+03,3.1203869065490273e+00
949975,1.3194316773334681e+03,3.1203869065490273e+00
950001,1.3194316773334681e+03,3.1203869065490273e+00
950027,1.3194316773334681e+03,3.1203869065490273e+00
950053,1.3194316773334681e+03,3.1203869065490273e+00
950079,1.3194316773334681e+03,3.1203869065490273e+00
950105,1.3194316773334681e+03,3.1203869065490273e+00
950131,1.3194316773334681e+03,3.1203869065490273e+00
950157,1.3194316773334681e+03,3.1203869065490273e+00
950183,1.3194316773334681e+03,3.1203869065490273e+00
950209,1.3194316773334681e+03,3.1203869065490273e+00
950235,1.3194316773334681e+03,3.1203869065490273e+00
950261,1.3194316773334681e+03,3.1203869065490273e+00
950287,1.3194316773334681e+03,3.1203869065490273e+00
950313,1.3194316773334681e+03,3.1203869065490273e+00
950339,1.3194316773334681e+03,3.1203869065490273e+00
950365,1.3194316773334681e+03,3.1203869065490273e+00
950391,1.3194316773334681e+03,3.1203869065490273e+00
950417,1.3194316773334681e+03,3.1203869065490273e+00
950443,1.3194316773334681e+03,3.1203869065490273e+00
950469,1.3194316773334681e+03,3.1203869065490273e+00
950495,1.3194316773334681e+03,3.1203869065490273e+00
950521,1.3194316773334681e+03,3.1203869065490273e+00
950547,1.3194316773334681e+03,3.1203869065490273e+00
950573,1.3194316773334681e+03,3.1203869065490273e+00
950599,1.3194316773334681e+03,3.1203869065490273e+00
950625,1.3194316773334681e+03,3.1203869065490273e+00
950651,1.3194316773334681e+03,3.1203869065490273e+00
950677,1.3194316773334681e+03,3.1203869065490273e+00
950703,1.3194316773334681e+03,3.1203869065490273e+00
950729,1.3194316773334681e+03,3.1203869065490273e+00
950755,1.3194316773334681e+03,3.1203869065490273e+00
950781,1.3194316773334681e+03,3.1203869065490273e+00
950807,1.3194316773334681e+03,3.1203869065490273e+00
950833,1.3194316773334681e+03,3.1203869065490273e+00
950859,1.3194316773334681e+03,3.1203869065490273e+00
950885,1.3194316773334681e+03,3.1203869065490273e+00
950911,1.3194316773334681e+03,3.1203869065490273e+00
950937,1.3194316773334681e+03,3.1203869065490273e+00
950963,1.3194316773334681e+03,3.1203869065490273e+00
950989,1.3194316773334681e+03,3.1203869065490273e+00
951015,1.3194316773334681e+03,3.1203869065490273e+00
951041,1.3194316773334681e+03,3.1203869065490273e+00
951067,1.3194316773334681e+03,3.1203869065490273e+00
951093,1.3194316773334681e+03,3.1203869065490273e+00
951119,1.3194316773334681e+03,3.1203869065490273e+00
951145,1.3194316773334681e+03,3.1203869065490273e+00
951171,1.3194316773334681e+03,3.1203869065490273e+00
951197,1.3194316773334681e+03,3.1203869065490273e+00
951223,1.3194316773334681e+03,3.1203869065490273e+00
951249,1.3194316773334681e+03,3.1203869065490273e+00
951275,1.3194316773334681e+03,3.1203869065490273e+00
951301,1.3194316773334681e+03,3.1203869065490273e+00
951327,1.3194316773334681e+03,3.1203869065490273e+00
951353,1.3194316773334681e+03,3.1203869065490273e+00
951379,1.3194316773334681e+03,3.1203869065490273e+00
951405,1.3194316773334681e+03,3.1203869065490273e+00
951431,1.3194316773334681e+03,3.1203869065490273e+00
951457,1.3194316773334681e+03,3.1203869065490273e+00
951483,1.3194316773334681e+03,3.1203869065490273e+00
951509,1.3194316773334681e+03,3.1203869065490273e+00
951535,1.3194316773334681e+03,3.1203869065490273e+00
951561,1.3194316773334681e+03,3.1203869065490273e+00
951587,1.3194316773334681e+03,3.1203869065490273e+00
951613,1.3194316773334681e+03,3.1203869065490273e+00
951639,1.3194316773334681e+03,3.1203869065490273e+00
951665,1.3194316773334681e+03,3.1203869065490273e+00
951691,1.3194316773334681e+03,3.1203869065490273e+00
951717,1.3194316773334681e+03,3.1203869065490273e+00
951743,1.3194316773334681e+03,3.1203869065490273e+00
951769,1.3194316773334681e+03,3.1203869065490273e+00
951795,1.3194316773334681e+03,3.1203869065490273e+00
951821,1.3194316773334681e+03,3.1203869065490273e+00
951847,1.3194316773334681e+03,3.1203869065490273e+00
951873,1.3194316773334681e+03,3.1203869065490273e+00
951899,1.3194316773334681e+03,3.1203869065490273e+00
951925,1.3194316773334681e+03,3.1203869065490273e+00
951951,1.3194316773334681e+03,3.1203869065490273e+00
951977,1.3194316773334681e+03,3.1203869065490273e+00
952003,1.3194316773334681e+03,3.1203869065490273e+00
952029,1.3194316773334681e+03,3.1203869065490273e+00
952055,1.3194316773334681e+03,3.1203869065490273e+00
952081,1.3194316773334681e+03,3.1203869065490273e+00
952107,1.3194316773334681e+03,3.1203869065490273e+00
952133,1.3194316773334681e+03,3.1203869065490273e+00
952159,1.3194316773334681e+03,3.1203869065490273e+00
952185,1.3194316773334681e+03,3.1203869065490273e+00
952211,1.3194316773334681e+03,3.1203869065490273e+00
952237,1.3194316773334681e+03,3.1203869065490273e+00
952263,1.3194316773334681e+03,3.1203869065490273e+00
952289,1.3194316773334681e+03,3.1203869065490273e+00
952315,1.3194316773334681e+03,3.1203869065490273e+00
952341,1.3194316773334681e+03,3.1203869065490273e+00
952367,1.3194316773334681e+03,3.1203869065490273e+00
952393,1.3194316773334681e+03,3.1203869065490273e+00
952419,1.3194316773334681e+03,3.1203869065490273e+00
952445,1.3194316773334681e+03,3.1203869065490273e+00
952471,1.3194316773334681e+03,3.1203869065490273e+00
952497,1.3194316773334681e+03,3.1203869065490273e+00
952523,1.3194316773334681e+03,3.1203869065490273e+00
952549,1.3194316773334681e+03,3.1203869065490273e+00
952575,1.3194316773334681e+03,3.1203869065490273e+00
952601,1.3194316773334681e+03,3.1203869065490273e+00
952627,1.3194316773334681e+03,3.1203869065490273e+00
952653,1.3194316773334681e+03,3.1203869065490273e+00
952679,1.3194316773334681e+03,3.1203869065490273e+00
952705,1.3194316773334681e+03,3.1203869065490273e+00
952731,1.3194316773334681e+03,3.1203869065490273e+00
952757,1.3194316773334681e+03,3.1203869065490273e+00
952783,1.3194316773334681e+03,3.1203869065490273e+00
952809,1.3194316773334681e+03,3.1203869065490273e+00
952835,1.3194316773334681e+03,3.1203869065490273e+00
952861,1.3194316773334681e+03,3.1203869065490273e+00
952887,1.3194316773334681e+03,3.1203869065490273e+00
952913,1.3194316773334681e+03,3.1203869065490273e+00
952939,1.3194316773334681e+03,3.1203869065490273e+00
952965,1.3194316773334681e+03,3.1203869065490273e+00
952991,1.3194316773334681e+03,3.1203869065490273e+00
953017,1.3194316773334681e+03,3.1203869065490273e+00
953043,1.3194316773334681e+03,3.1203869065490273e+00
953069,1.3194316773334681e+03,3.1203869065490273e+00
953095,1.3194316773334681e+03,3.1203869065490273e+00
953121,1.3194316773334681e+03,3.1203869065490273e+00
953147,1.3194316773334681e+03,3.1203869065490273e+00
953173,1.3194316773334681e+03,3.1203869065490273e+00
953199,1.3194316773334681e+03,3.1203869065490273e+00
953225,1.3194316773334681e+03,3.1203869065490273e+00
953251,1.3194316773334681e+03,3.1203869065490273e+00
953277,1.3194316773334681e+03,3.1203869065490273e+00
953303,1.3194316773334681e+03,3.1203869065490273e+00
953329,1.3194316773334681e+03,3.1203869065490273e+00
953355,1.3194316773334681e+03,3.1203869065490273e+00
953381,1.3194316773334681e+03,3.1203869065490273e+00
953407,1.3194316773334681e+03,3.1203869065490273e+00
953433,1.3194316773334681e+03,3.1203869065490273e+00
953459,1.3194316773334681e+03,3.1203869065490273e+00
953485,1.3194316773334681e+03,3.1203869065490273e+00
953511,1.3194316773334681e+03,3.1203869065490273e+00
953537,1.3194316773334681e+03,3.1203869065490273e+00
953563,1.3194316773334681e+03,3.1203869065490273e+00
953589,1.3194316773334681e+03,3.1203869065490273e+00
953615,1.3194316773334681e+03,3.1203869065490273e+00
953641,1.3194316773334681e+03,3.1203869065490273e+00
953667,1.3194316773334681e+03,3.1203869065490273e+00
953693,1.3194316773334681e+03,3.1203869065490273e+00
953719,1.3194316773334681e+03,3.1203869065490273e+00
953745,1.3194316773334681e+03,3.1203869065490273e+00
953771,1.3194316773334681e+03,3.1203869065490273e+00
953797,1.3194316773334681e+03,3.1203869065490273e+00
953823,1.3194316773334681e+03,3.1203869065490273e+00
953849,1.3194316773334681e+03,3.1203869065490273e+00
953875,1.3194316773334681e+03,3.1203869065490273e+00
953901,1.3194316773334681e+03,3.1203869065490273e+00
953927,1.3194316773334681e+03,3.1203869065490273e+00
953953,1.3194316773334681e+03,3.1203869065490273e+00
953979,1.3194316773334681e+03,3.1203869065490273e+00
954005,1.3194316773334681e+03,3.1203869065490273e+00
954031,1.3194316773334681e+03,3.1203869065490273e+00
954057,1.3194316773334681e+03,3.1203869065490273e+00
954083,1.3194316773334681e+03,3.1203869065490273e+00
954109,1.3194316773334681e+03,3.1203869065490273e+00
954135,1.3194316773334681e+03,3.1203869065490273e+00
954161,1.3194316773334681e+03,3.1203869065490273e+00
954187,1.3194316773334681e+03,3.1203869065490273e+00
954213,1.3194316773334681e+03,3.1203869065490273e+00
954239,1.3194316773334681e+03,3.1203869065490273e+00
954265,1.3194316773334681e+03,3.1203869065490273e+00
954291,1.3194316773334681e+03,3.1203869065490273e+00
954317,1.3194316773334681e+03,3.1203869065490273e+00
954343,1.3194316773334681e+03,3.1203869065490273e+00
954369,1.3194316773334681e+03,3.1203869065490273e+00
954395,1.3194316773334681e+03,3.1203869065490273e+00
954421,1.3194316773334681e+03,3.1203869065490273e+00
954447,1.3194316773334681e+03,3.1203869065490273e+00
954473,1.3194316773334681e+03,3.1203869065490273e+00
954499,1.3194316773334681e+03,3.1203869065490273e+00
954525,1.3194316773334681e+03,3.1203869065490273e+00
954551,1.3194316773334681e+03,3.1203869065490273e+00
954577,1.3194316773334681e+03,3.1203869065490273e+00
954603,1.3194316773334681e+03,3.1203869065490273e+00
954629,1.3194316773334681e+03,3.1203869065490273e+00
954655,1.3194316773334681e+03,3.1203869065490273e+00
954681,1.3194316773334681e+03,3.1203869065490273e+00
954707,1.3194316773334681e+03,3.1203869065490273e+00
954733,1.3194316773334681e+03,3.1203869065490273e+00
954759,1.3194316773334681e+03,3.1203869065490273e+00
954785,1.3194316773334681e+03,3.1203869065490273e+00
954811,1.3194316773334681e+03,3.1203869065490273e+00
954837,1.3194316773334681e+03,3.1203869065490273e+00
954863,1.3194316773334681e+03,3.1203869065490273e+00
954889,1.3194316773334681e+03,3.1203869065490273e+00
954915,1.3194316773334681e+03,3.1203869065490273e+00
954941,1.3194316773334681e+03,3.1203869065490273e+00
954967,1.3194316773334681e+03,3.1203869065490273e+00
954993,1.3194316773334681e+03,3.1203869065490273e+00
955019,1.3194316773334681e+03,3.1203869065490273e+00
955045,1.3194316773334681e+03,3.1203869065490273e+00
955071,1.3194316773334681e+03,3.1203869065490273e+00
955097,1.3194316773334681e+03,3.1203869065490273e+00
955123,1.3194316773334681e+03,3.1203869065490273e+00
955149,1.3194316773334681e+03,3.1203869065490273e+00
955175,1.3194316773334681e+03,3.1203869065490273e+00
955201,1.3194316773334681e+03,3.1203869065490273e+00
955227,1.3194316773334681e+03,3.1203869065490273e+00
955253,1.3194316773334681e+03,3.1203869065490273e+00
955279,1.3194316773334681e+03,3.1203869065490273e+00
955305,1.3194316773334681e+03,3.1203869065490273e+00
955331,1.3194316773334681e+03,3.1203869065490273e+00
955357,1.3194316773334681e+03,3.1203869065490273e+00
955383,1.3194316773334681e+03,3.1203869065490273e+00
955409,1.3194316773334681e+03,3.1203869065490273e+00
955435,1.3194316773334681e+03,3.1203869065490273e+00
955461,1.3194316773334681e+03,3.1203869065490273e+00
955487,1.3194316773334681e+03,3.1203869065490273e+00
955513,1.3194316773334681e+03,3.1203869065490273e+00
955539,1.3194316773334681e+03,3.1203869065490273e+00
955565,1.3194316773334681e+03,3.1203869065490273e+00
955591,1.3194316773334681e+03,3.1203869065490273e+00
955617,1.3194316773334681e+03,3.1203869065490273e+00
955643,1.3194316773334681e+03,3.1203869065490273e+00
955669,1.3194316773334681e+03,3.1203869065490273e+00
955695,1.3194316773334681e+03,3.1203869065490273e+00
955721,1.3194316773334681e+03,3.1203869065490273e+00
955747,1.3194316773334681e+03,3.1203869065490273e+00
955773,1.3194316773334681e+03,3.1203869065490273e+00
955799,1.3194316773334681e+03,3.1203869065490273e+00
955825,1.3194316773334681e+03,3.1203869065490273e+00
955851,1.3194316773334681e+03,3.1203869065490273e+00
955877,1.3194316773334681e+03,3.1203869065490273e+00
955903,1.3194316773334681e+03,3.1203869065490273e+00
955929,1.3194316773334681e+03,3.1203869065490273e+00
955955,1.3194316773334681e+03,3.1203869065490273e+00
955981,1.3194316773334681e+03,3.1203869065490273e+00
956007,1.3194316773334681e+03,3.1203869065490273e+00
956033,1.3194316773334681e+03,3.1203869065490273e+00
956059,1.3194316773334681e+03,3.1203869065490273e+00
956085,1.3194316773334681e+03,3.1203869065490273e+00
956111,1.3194316773334681e+03,3.1203869065490273e+00
956137,1.3194316773334681e+03,3.1203869065490273e+00
956163,1.3194316773334681e+03,3.1203869065490273e+00
956189,1.3194316773334681e+03,3.1203869065490273e+00
956215,1.3194316773334681e+03,3.1203869065490273e+00
956241,1.3194316773334681e+03,3.1203869065490273e+00
956267,1.3194316773334681e+03,3.1203869065490273e+00
956293,1.3194316773334681e+03,3.1203869065490273e+00
956319,1.3194316773334681e+03,3.1203869065490273e+00
956345,1.3194316773334681e+03,3.1203869065490273e+00
956371,1.3194316773334681e+03,3.1203869065490273e+00
956397,1.3194316773334681e+03,3.1203869065490273e+00
956423,1.3194316773334681e+03,3.1203869065490273e+00
956449,1.3194316773334681e+03,3.1203869065490273e+00
956475,1.3194316773334681e+03,3.1203869065490273e+00
956501,1.3194316773334681e+03,3.1203869065490273e+00
956527,1.3194316773334681e+03,3.1203869065490273e+00
956553,1.3194316773334681e+03,3.1203869065490273e+00
956579,1.3194316773334681e+03,3.1203869065490273e+00
956605,1.3194316773334681e+03,3.1203869065490273e+00
956631,1.3194316773334681e+03,3.1203869065490273e+00
956657,1.3194316773334681e+03,3.1203869065490273e+00
956683,1.3194316773334681e+03,3.1203869065490273e+00
956709,1.3194316773334681e+03,3.1203869065490273e+00
956735,1.3194316773334681e+03,3.1203869065490273e+00
956761,1.3194316773334681e+03,3.1203869065490273e+00
956787,1.3194316773334681e+03,3.1203869065490273e+00
956813,1.3194316773334681e+03,3.1203869065490273e+00
956839,1.3194316773334681e+03,3.1203869065490273e+00
956865,1.3194316773334681e+03,3.1203869065490273e+00
956891,1.3194316773334681e+03,3.1203869065490273e+00
956917,1.3194316773334681e+03,3.1203869065490273e+00
956943,1.3194316773334681e+03,3.1203869065490273e+00
956969,1.3194316773334681e+03,3.1203869065490273e+00
956995,1.3194316773334681e+03,3.1203869065490273e+00
957021,1.3194316773334681e+03,3.1203869065490273e+00
957047,1.3194316773334681e+03,3.1203869065490273e+00
957073,1.3194316773334681e+03,3.1203869065490273e+00
957099,1.3194316773334681e+03,3.1203869065490273e+00
957125,1.3194316773334681e+03,3.1203869065490273e+00
957151,1.3194316773334681e+03,3.1203869065490273e+00
957177,1.3194316773334681e+03,3.1203869065490273e+00
957203,1.3194316773334681e+03,3.1203869065490273e+00
957229,1.3194316773334681e+03,3.1203869065490273e+00
957255,1.3194316773334681e+03,3.1203869065490273e+00
957281,1.3194316773334681e+03,3.1203869065490273e+00
957307,1.3194316773334681e+03,3.1203869065490273e+00
957333,1.3194316773334681e+03,3.1203869065490273e+00
957359,1.3194316773334681e+03,3.1203869065490273e+00
957385,1.3194316773334681e+03,3.1203869065490273e+00
957411,1.3194316773334681e+03,3.1203869065490273e+00
957437,1.3194316773334681e+03,3.1203869065490273e+00
957463,1.3194316773334681e+03,3.1203869065490273e+00
957489,1.3194316773334681e+03,3.1203869065490273e+00
957515,1.3194316773334681e+03,3.1203869065490273e+00
957541,1.3194316773334681e+03,3.1203869065490273e+00
957567,1.3194316773334681e+03,3.1203869065490273e+00
957593,1.3194316773334681e+03,3.1203869065490273e+00
957619,1.3194316773334681e+03,3.1203869065490273e+00
957645,1.3194316773334681e+03,3.1203869065490273e+00
957671,1.3194316773334681e+03,3.1203869065490273e+00
957697,1.3194316773334681e+03,3.1203869065490273e+00
957723,1.3194316773334681e+03,3.1203869065490273e+00
957749,1.3194316773334681e+03,3.1203869065490273e+00
957775,1.3194316773334681e+03,3.1203869065490273e+00
957801,1.3194316773334681e+03,3.1203869065490273e+00
957827,1.3194316773334681e+03,3.1203869065490273e+00
957853,1.3194316773334681e+03,3.1203869065490273e+00
957879,1.3194316773334681e+03,3.1203869065490273e+00
957905,1.3194316773334681e+03,3.1203869065490273e+00
957931,1.3194316773334681e+03,3.1203869065490273e+00
957957,1.3194316773334681e+03,3.1203869065490273e+00
957983,1.3194316773334681e+03,3.1203869065490273e+00
958009,1.3194316773334681e+03,3.1203869065490273e+00
958035,1.3194316773334681e+03,3.1203869065490273e+00
958061,1.3194316773334681e+03,3.1203869065490273e+00
958087,1.3194316773334681e+03,3.1203869065490273e+00
958113,1.3194316773334681e+03,3.1203869065490273e+00
958139,1.3194316773334681e+03,3.1203869065490273e+00
958165,1.3194316773334681e+03,3.1203869065490273e+00
958191,1.3194316773334681e+03,3.1203869065490273e+00
958217,1.3194316773334681e+03,3.1203869065490273e+00
958243,1.3194316773334681e+03,3.1203869065490273e+00
958269,1.3194316773334681e+03,3.1203869065490273e+00
958295,1.3194316773334681e+03,3.1203869065490273e+00
958321,1.3194316773334681e+03,3.1203869065490273e+00
958347,1.3194316773334681e+03,3.1203869065490273e+00
958373,1.3194316773334681e+03,3.1203869065490273e+00
958399,1.3194316773334681e+03,3.1203869065490273e+00
958425,1.3194316773334681e+03,3.1203869065490273e+00
958451,1.3194316773334681e+03,3.1203869065490273e+00
958477,1.3194316773334681e+03,3.1203869065490273e+00
958503,1.3194316773334681e+03,3.1203869065490273e+00
958529,1.3194316773334681e+03,3.1203869065490273e+00
958555,1.3194316773334681e+03,3.1203869065490273e+00
958581,1.3194316773334681e+03,3.1203869065490273e+00
958607,1.3194316773334681e+03,3.1203869065490273e+00
958633,1.3194316773334681e+03,3.1203869065490273e+00
958659,1.3194316773334681e+03,3.1203869065490273e+00
958685,1.3194316773334681e+03,3.1203869065490273e+00
958711,1.3194316773334681e+03,3.1203869065490273e+00
958737,1.3194316773334681e+03,3.1203869065490273e+00
958763,1.3194316773334681e+03,3.1203869065490273e+00
958789,1.3194316773334681e+03,3.1203869065490273e+00
958815,1.3194316773334681e+03,3.1203869065490273e+00
958841,1.3194316773334681e+03,3.1203869065490273e+00
958867,1.3194316773334681e+03,3.1203869065490273e+00
958893,1.3194316773334681e+03,3.1203869065490273e+00
958919,1.3194316773334681e+03,3.1203869065490273e+00
958945,1.3194316773334681e+03,3.1203869065490273e+00
958971,1.3194316773334681e+03,3.1203869065490273e+00
958997,1.3194316773334681e+03,3.1203869065490273e+00
959023,1.3194316773334681e+03,3.1203869065490273e+00
959049,1.3194316773334681e+03,3.1203869065490273e+00
959075,1.3194316773334681e+03,3.1203869065490273e+00
959101,1.3194316773334681e+03,3.1203869065490273e+00
959127,1.3194316773334681e+03,3.1203869065490273e+00
959153,1.3194316773334681e+03,3.1203869065490273e+00
959179,1.3194316773334681e+03,3.1203869065490273e+00
959205,1.3194316773334681e+03,3.1203869065490273e+00
959231,1.3194316773334681e+03,3.1203869065490273e+00
959257,1.3194316773334681e+03,3.1203869065490273e+00
959283,1.3194316773334681e+03,3.1203869065490273e+00
959309,1.3194316773334681e+03,3.1203869065490273e+00
959335,1.3194316773334681e+03,3.1203869065490273e+00
959361,1.3194316773334681e+03,3.1203869065490273e+00
959387,1.3194316773334681e+03,3.1203869065490273e+00
959413,1.3194316773334681e+03,3.1203869065490273e+00
959439,1.3194316773334681e+03,3.1203869065490273e+00
959465,1.3194316773334681e+03,3.1203869065490273e+00
959491,1.3194316773334681e+03,3.1203869065490273e+00
959517,1.3194316773334681e+03,3.1203869065490273e+00
959543,1.3194316773334681e+03,3.1203869065490273e+00
959569,1.3194316773334681e+03,3.1203869065490273e+00
959595,1.3194316773334681e+03,3.1203869065490273e+00
959621,1.3194316773334681e+03,3.1203869065490273e+00
959647,1.3194316773334681e+03,3.1203869065490273e+00
959673,1.3194316773334681e+03,3.1203869065490273e+00
959699,1.3194316773334681e+03,3.1203869065490273e+00
959725,1.3194316773334681e+03,3.1203869065490273e+00
959751,1.3194316773334681e+03,3.1203869065490273e+00
959777,1.3194316773334681e+03,3.1203869065490273e+00
959803,1.3194316773334681e+03,3.1203869065490273e+00
959829,1.3194316773334681e+03,3.1203869065490273e+00
959855,1.3194316773334681e+03,3.1203869065490273e+00
959881,1.3194316773334681e+03,3.1203869065490273e+00
959907,1.3194316773334681e+03,3.1203869065490273e+00
959933,1.3194316773334681e+03,3.1203869065490273e+00
959959,1.3194316773334681e+03,3.1203869065490273e+00
959985,1.3194316773334681e+03,3.1203869065490273e+00
980011,1.0160404142712323e+03,3.0069109828946639e+00
980036,1.0160404142712323e+03,3.0069109828946639e+00
980061,1.0160404142712323e+03,3.0069109828946639e+00
980086,1.0160404142712323e+03,3.0069109828946639e+00
980111,1.0160404142712323e+03,3.0069109828946639e+00
980136,1.0160404142712323e+03,3.0069109828946639e+00
980161,1.0160404142712323e+03,3.0069109828946639e+00
980186,1.0160404142712323e+03,3.0069109828946639e+00
980211,1.0160404142712323e+03,3.0069109828946639e+00
980236,1.0160404142712323e+03,3.0069109828946639e+00
980261,1.0160404142712323e+03,3.0069109828946639e+00
980286,1.0160404142712323e+03,3.0069109828946639e+00
980311,1.0160404142712323e+03,3.0069109828946639e+00
980336,1.0160404142712323e+03,3.0069109828946639e+00
980361,1.0160404142712323e+03,3.0069109828946639e+00
980386,1.0160404142712323e+03,3.0069109828946639e+00
980411,1.0160404142712323e+03,3.0069109828946639e+00
980436,1.0160404142712323e+03,3.0069109828946639e+00
980461,1.0160404142712323e+03,3.0069109828946639e+00
980486,1.0160404142712323e+03,3.0069109828946639e+00
980511,1.0160404142712323e+03,3.0069109828946639e+00
980536,1.0160404142712323e+03,3.0069109828946639e+00
980561,1.0160404142712323e+03,3.0069109828946639e+00
980586,1.0160404142712323e+03,3.0069109828946639e+00
980611,1.0160404142712323e+03,3.0069109828946639e+00
980636,1.0160404142712323e+03,3.0069109828946639e+00
980661,1.0160404142712323e+03,3.0069109828946639e+00
980686,1.0160404142712323e+03,3.0069109828946639e+00
980711,1.0160404142712323e+03,3.0069109828946639e+00
980736,1.0160404142712323e+03,3.0069109828946639e+00
980761,1.0160404142712323e+03,3.0069109828946639e+00
980786,1.0160404142712323e+03,3.0069109828946639e+00
980811,1.0160404142712323e+03,3.0069109828946639e+00
980836,1.0160404142712323e+03,3.0069109828946639e+00
980861,1.0160404142712323e+03,3.0069109828946639e+00
980886,1.0160404142712323e+03,3.0069109828946639e+00
980911,1.0160404142712323e+03,3.0069109828946639e+00
980936,1.0160404142712323e+03,3.0069109828946639e+00
980961,1.0160404142712323e+03,3.0069109828946639e+00
980986,1.0160404142712323e+03,3.0069109828946639e+00
981011,1.0160404142712323e+03,3.0069109828946639e+00
981036,1.0160404142712323e+03,3.0069109828946639e+00
981061,1.0160404142712323e+03,3.0069109828946639e+00
981086,1.0160404142712323e+03,3.0069109828946639e+00
981111,1.0160404142712323e+03,3.0069109828946639e+00
981136,1.0160404142712323e+03,3.0069109828946639e+00
981161,1.0160404142712323e+03,3.0069109828946639e+00
981186,1.0160404142712323e+03,3.0069109828946639e+00
981211,1.0160404142712323e+03,3.0069109828946639e+00
981236,1.0160404142712323e+03,3.0069109828946639e+00
981261,1.0160404142712323e+03,3.0069109828946639e+00
981286,1.0160404142712323e+03,3.0069109828946639e+00
981311,1.0160404142712323e+03,3.0069109828946639e+00
981336,1.0160404142712323e+03,3.0069109828946639e+00
981361,1.0160404142712323e+03,3.0069109828946639e+00
981386,1.0160404142712323e+03,3.0069109828946639e+00
981411,1.0160404142712323e+03,3.0069109828946639e+00
981436,1.0160404142712323e+03,3.0069109828946639e+00
981461,1.0160404142712323e+03,3.0069109828946639e+00
981486,1.0160404142712323e+03,3.0069109828946639e+00
981511,1.0160404142712323e+03,3.0069109828946639e+00
981536,1.0160404142712323e+03,3.0069109828946639e+00
981561,1.0160404142712323e+03,3.0069109828946639e+00
981586,1.0160404142712323e+03,3.0069109828946639e+00
981611,1.0160404142712323e+03,3.0069109828946639e+00
981636,1.0160404142712323e+03,3.0069109828946639e+00
981661,1.0160404142712323e+03,3.0069109828946639e+00
981686,1.0160404142712323e+03,3.0069109828946639e+00
981711,1.0160404142712323e+03,3.0069109828946639e+00
981736,1.0160404142712323e+03,3.0069109828946639e+00
981761,1.0160404142712323e+03,3.0069109828946639e+00
981786,1.0160404142712323e+03,3.0069109828946639e+00
981811,1.0160404142712323e+03,3.0069109828946639e+00
981836,1.0160404142712323e+03,3.0069109828946639e+00
981861,1.0160404142712323e+03,3.0069109828946639e+00
981886,1.0160404142712323e+03,3.0069109828946639e+00
981911,1.0160404142712323e+03,3.0069109828946639e+00
981936,1.0160404142712323e+03,3.0069109828946639e+00
981961,1.0160404142712323e+03,3.0069109828946639e+00
981986,1.0160404142712323e+03,3.0069109828946639e+00
982011,1.0160404142712323e+03,3.0069109828946639e+00
982036,1.0160404142712323e+03,3.0069109828946639e+00
982061,1.0160404142712323e+03,3.0069109828946639e+00
982086,1.0160404142712323e+03,3.0069109828946639e+00
982111,1.0160404142712323e+03,3.0069109828946639e+00
982136,1.0160404142712323e+03,3.0069109828946639e+00
982161,1.0160404142712323e+03,3.0069109828946639e+00
982186,1.0160404142712323e+03,3.0069109828946639e+00
982211,1.0160404142712323e+03,3.0069109828946639e+00
982236,1.0160404142712323e+03,3.0069109828946639e+00
982261,1.0160404142712323e+03,3.0069109828946639e+00
982286,1.0160404142712323e+03,3.0069109828946639e+00
982311,1.0160404142712323e+03,3.0069109828946639e+00
982336,1.0160404142712323e+03,3.0069109828946639e+00
982361,1.0160404142712323e+03,3.0069109828946639e+00
982386,1.0160404142712323e+03,3.0069109828946639e+00
982411,1.0160404142712323e+03,3.0069109828946639e+00
982436,1.0160404142712323e+03,3.0069109828946639e+00
982461,1.0160404142712323e+03,3.0069109828946639e+00
982486,1.0160404142712323e+03,3.0069109828946639e+00
982511,1.0160404142712323e+03,3.0069109828946639e+00
982536,1.0160404142712323e+03,3.0069109828946639e+00
982561,1.0160404142712323e+03,3.0069109828946639e+00
982586,1.0160404142712323e+03,3.0069109828946639e+00
982611,1.0160404142712323e+03,3.0069109828946639e+00
982636,1.0160404142712323e+03,3.0069109828946639e+00
982661,1.0160404142712323e+03,3.0069109828946639e+00
982686,1.0160404142712323e+03,3.0069109828946639e+00
982711,1.0160404142712323e+03,3.0069109828946639e+00
982736,1.0160404142712323e+03,3.0069109828946639e+00
982761,1.0160404142712323e+03,3.0069109828946639e+00
982786,1.0160404142712323e+03,3.0069109828946639e+00
982811,1.0160404142712323e+03,3.0069109828946639e+00
982836,1.0160404142712323e+03,3.0069109828946639e+00
982861,1.0160404142712323e+03,3.0069109828946639e+00
982886,1.0160404142712323e+03,3.0069109828946639e+00
982911,1.0160404142712323e+03,3.0069109828946639e+00
982936,1.0160404142712323e+03,3.0069109828946639e+00
982961,1.0160404142712323e+03,3.0069109828946639e+00
982986,1.0160404142712323e+03,3.0069109828946639e+00
983011,1.0160404142712323e+03,3.0069109828946639e+00
983036,1.0160404142712323e+03,3.0069109828946639e+00
983061,1.0160404142712323e+03,3.0069109828946639e+00
983086,1.0160404142712323e+03,3.0069109828946639e+00
983111,1.0160404142712323e+03,3.0069109828946639e+00
983136,1.0160404142712323e+03,3.0069109828946639e+00
983161,1.0160404142712323e+03,3.0069109828946639e+00
983186,1.0160404142712323e+03,3.0069109828946639e+00
983211,1.0160404142712323e+03,3.0069109828946639e+00
983236,1.0160404142712323e+03,3.0069109828946639e+00
983261,1.0160404142712323e+03,3.0069109828946639e+00
983286,1.0160404142712323e+03,3.0069109828946639e+00
983311,1.0160404142712323e+03,3.0069109828946639e+00
983336,1.0160404142712323e+03,3.0069109828946639e+00
983361,1.0160404142712323e+03,3.0069109828946639e+00
983386,1.0160404142712323e+03,3.0069109828946639e+00
983411,1.0160404142712323e+03,3.0069109828946639e+00
983436,1.0160404142712323e+03,3.0069109828946639e+00
983461,1.0160404142712323e+03,3.0069109828946639e+00
983486,1.0160404142712323e+03,3.0069109828946639e+00
983511,1.0160404142712323e+03,3.0069109828946639e+00
983536,1.0160404142712323e+03,3.0069109828946639e+00
983561,1.0160404142712323e+03,3.0069109828946639e+00
983586,1.0160404142712323e+03,3.0069109828946639e+00
983611,1.0160404142712323e+03,3.0069109828946639e+00
983636,1.0160404142712323e+03,3.0069109828946639e+00
983661,1.0160404142712323e+03,3.0069109828946639e+00
983686,1.0160404142712323e+03,3.0069109828946639e+00
983711,1.0160404142712323e+03,3.0069109828946639e+00
983736,1.0160404142712323e+03,3.0069109828946639e+00
983761,1.0160404142712323e+03,3.0069109828946639e+00
983786,1.0160404142712323e+03,3.0069109828946639e+00
983811,1.0160404142712323e+03,3.0069109828946639e+00
983836,1.0160404142712323e+03,3.0069109828946639e+00
983861,1.0160404142712323e+03,3.0069109828946639e+00
983886,1.0160404142712323e+03,3.0069109828946639e+00
983911,1.0160404142712323e+03,3.0069109828946639e+00
983936,1.0160404142712323e+03,3.0069109828946639e+00
983961,1.0160404142712323e+03,3.0069109828946639e+00
983986,1.0160404142712323e+03,3.0069109828946639e+00
984011,1.0160404142712323e+03,3.0069109828946639e+00
984036,1.0160404142712323e+03,3.0069109828946639e+00
984061,1.0160404142712323e+03,3.0069109828946639e+00
984086,1.0160404142712323e+03,3.0069109828946639e+00
984111,1.0160404142712323e+03,3.0069109828946639e+00
984136,1.0160404142712323e+03,3.0069109828946639e+00
984161,1.0160404142712323e+03,3.0069109828946639e+00
984186,1.0160404142712323e+03,3.0069109828946639e+00
984211,1.0160404142712323e+03,3.0069109828946639e+00
984236,1.0160404142712323e+03,3.0069109828946639e+00
984261,1.0160404142712323e+03,3.0069109828946639e+00
984286,1.0160404142712323e+03,3.0069109828946639e+00
984311,1.0160404142712323e+03,3.0069109828946639e+00
984336,1.0160404142712323e+03,3.0069109828946639e+00
984361,1.0160404142712323e+03,3.0069109828946639e+00
984386,1.0160404142712323e+03,3.0069109828946639e+00
984411,1.0160404142712323e+03,3.0069109828946639e+00
984436,1.0160404142712323e+03,3.0069109828946639e+00
984461,1.0160404142712323e+03,3.0069109828946639e+00
984486,1.0160404142712323e+03,3.0069109828946639e+00
984511,1.0160404142712323e+03,3.0069109828946639e+00
984536,1.0160404142712323e+03,3.0069109828946639e+00
984561,1.0160404142712323e+03,3.0069109828946639e+00
984586,1.0160404142712323e+03,3.0069109828946639e+00
984611,1.0160404142712323e+03,3.0069109828946639e+00
984636,1.0160404142712323e+03,3.0069109828946639e+00
984661,1.0160404142712323e+03,3.0069109828946639e+00
984686,1.0160404142712323e+03,3.0069109828946639e+00
984711,1.0160404142712323e+03,3.0069109828946639e+00
984736,1.0160404142712323e+03,3.0069109828946639e+00
984761,1.0160404142712323e+03,3.0069109828946639e+00
984786,1.0160404142712323e+03,3.0069109828946639e+00
984811,1.0160404142712323e+03,3.0069109828946639e+00
984836,1.0160404142712323e+03,3.0069109828946639e+00
984861,1.0160404142712323e+03,3.0069109828946639e+00
984886,1.0160404142712323e+03,3.0069109828946639e+00
984911,1.0160404142712323e+03,3.0069109828946639e+00
984936,1.0160404142712323e+03,3.0069109828946639e+00
984961,1.0160404142712323e+03,3.0069109828946639e+00
984986,1.0160404142712323e+03,3.0069109828946639e+00
985011,1.0160404142712323e+03,3.0069109828946639e+00
985036,1.0160404142712323e+03,3.0069109828946639e+00
985061,1.0160404142712323e+03,3.0069109828946639e+00
985086,1.0160404142712323e+03,3.0069109828946639e+00
985111,1.0160404142712323e+03,3.0069109828946639e+00
985136,1.0160404142712323e+03,3.0069109828946639e+00
985161,1.0160404142712323e+03,3.0069109828946639e+00
985186,1.0160404142712323e+03,3.0069109828946639e+00
985211,1.0160404142712323e+03,3.0069109828946639e+00
985236,1.0160404142712323e+03,3.0069109828946639e+00
985261,1.0160404142712323e+03,3.0069109828946639e+00
985286,1.0160404142712323e+03,3.0069109828946639e+00
985311,1.0160404142712323e+03,3.0069109828946639e+00
985336,1.0160404142712323e+03,3.0069109828946639e+00
985361,1.0160404142712323e+03,3.0069109828946639e+00
985386,1.0160404142712323e+03,3.0069109828946639e+00
985411,1.0160404142712323e+03,3.0069109828946639e+00
985436,1.0160404142712323e+03,3.0069109828946639e+00
985461,1.0160404142712323e+03,3.0069109828946639e+00
985486,1.0160404142712323e+03,3.0069109828946639e+00
985511,1.0160404142712323e+03,3.0069109828946639e+00
985536,1.0160404142712323e+03,3.0069109828946639e+00
985561,1.0160404142712323e+03,3.0069109828946639e+00
985586,1.0160404142712323e+03,3.0069109828946639e+00
985611,1.0160404142712323e+03,3.0069109828946639e+00
985636,1.0160404142712323e+03,3.0069109828946639e+00
985661,1.0160404142712323e+03,3.0069109828946639e+00
985686,1.0160404142712323e+03,3.0069109828946639e+00
985711,1.0160404142712323e+03,3.0069109828946639e+00
985736,1.0160404142712323e+03,3.0069109828946639e+00
985761,1.0160404142712323e+03,3.0069109828946639e+00
985786,1.0160404142712323e+03,3.0069109828946639e+00
985811,1.0160404142712323e+03,3.0069109828946639e+00
985836,1.0160404142712323e+03,3.0069109828946639e+00
985861,1.0160404142712323e+03,3.0069109828946639e+00
985886,1.0160404142712323e+03,3.0069109828946639e+00
985911,1.0160404142712323e+03,3.0069109828946639e+00
985936,1.0160404142712323e+03,3.0069109828946639e+00
985961,1.0160404142712323e+03,3.0069109828946639e+00
985986,1.0160404142712323e+03,3.0069109828946639e+00
986011,1.0160404142712323e+03,3.0069109828946639e+00
986036,1.0160404142712323e+03,3.0069109828946639e+00
986061,1.0160404142712323e+03,3.0069109828946639e+00
986086,1.0160404142712323e+03,3.0069109828946639e+00
986111,1.0160404142712323e+03,3.0069109828946639e+00
986136,1.0160404142712323e+03,3.0069109828946639e+00
986161,1.0160404142712323e+03,3.0069109828946639e+00
986186,1.0160404142712323e+03,3.0069109828946639e+00
986211,1.0160404142712323e+03,3.0069109828946639e+00
986236,1.0160404142712323e+03,3.0069109828946639e+00
986261,1.0160404142712323e+03,3.0069109828946639e+00
986286,1.0160404142712323e+03,3.0069109828946639e+00
986311,1.0160404142712323e+03,3.0069109828946639e+00
986336,1.0160404142712323e+03,3.0069109828946639e+00
986361,1.0160404142712323e+03,3.0069109828946639e+00
986386,1.0160404142712323e+03,3.0069109828946639e+00
986411,1.0160404142712323e+03,3.0069109828946639e+00
986436,1.0160404142712323e+03,3.0069109828946639e+00
986461,1.0160404142712323e+03,3.0069109828946639e+00
986486,1.0160404142712323e+03,3.0069109828946639e+00
986511,1.0160404142712323e+03,3.0069109828946639e+00
986536,1.0160404142712323e+03,3.0069109828946639e+00
986561,1.0160404142712323e+03,3.0069109828946639e+00
986586,1.0160404142712323e+03,3.0069109828946639e+00
986611,1.0160404142712323e+03,3.0069109828946639e+00
986636,1.0160404142712323e+03,3.0069109828946639e+00
986661,1.0160404142712323e+03,3.0069109828946639e+00
986686,1.0160404142712323e+03,3.0069109828946639e+00
986711,1.0160404142712323e+03,3.0069109828946639e+00
986736,1.0160404142712323e+03,3.0069109828946639e+00
986761,1.0160404142712323e+03,3.0069109828946639e+00
986786,1.0160404142712323e+03,3.0069109828946639e+00
986811,1.0160404142712323e+03,3.0069109828946639e+00
986836,1.0160404142712323e+03,3.0069109828946639e+00
986861,1.0160404142712323e+03,3.0069109828946639e+00
986886,1.0160404142712323e+03,3.0069109828946639e+00
986911,1.0160404142712323e+03,3.0069109828946639e+00
986936,1.0160404142712323e+03,3.0069109828946639e+00
986961,1.0160404142712323e+03,3.0069109828946639e+00
986986,1.0160404142712323e+03,3.0069109828946639e+00
987011,1.0160404142712323e+03,3.0069109828946639e+00
987036,1.0160404142712323e+03,3.0069109828946639e+00
987061,1.0160404142712323e+03,3.0069109828946639e+00
987086,1.0160404142712323e+03,3.0069109828946639e+00
987111,1.0160404142712323e+03,3.0069109828946639e+00
987136,1.0160404142712323e+03,3.0069109828946639e+00
987161,1.0160404142712323e+03,3.0069109828946639e+00
987186,1.0160404142712323e+03,3.0069109828946639e+00
987211,1.0160404142712323e+03,3.0069109828946639e+00
987236,1.0160404142712323e+03,3.0069109828946639e+00
987261,1.0160404142712323e+03,3.0069109828946639e+00
987286,1.0160404142712323e+03,3.0069109828946639e+00
987311,1.0160404142712323e+03,3.0069109828946639e+00
987336,1.0160404142712323e+03,3.0069109828946639e+00
987361,1.0160404142712323e+03,3.0069109828946639e+00
987386,1.0160404142712323e+03,3.0069109828946639e+00
987411,1.0160404142712323e+03,3.0069109828946639e+00
987436,1.0160404142712323e+03,3.0069109828946639e+00
987461,1.0160404142712323e+03,3.0069109828946639e+00
987486,1.0160404142712323e+03,3.0069109828946639e+00
987511,1.0160404142712323e+03,3.0069109828946639e+00
987536,1.0160404142712323e+03,3.0069109828946639e+00
987561,1.0160404142712323e+03,3.0069109828946639e+00
987586,1.0160404142712323e+03,3.0069109828946639e+00
987611,1.0160404142712323e+03,3.0069109828946639e+00
987636,1.0160404142712323e+03,3.0069109828946639e+00
987661,1.0160404142712323e+03,3.0069109828946639e+00
987686,1.0160404142712323e+03,3.0069109828946639e+00
987711,1.0160404142712323e+03,3.0069109828946639e+00
987736,1.0160404142712323e+03,3.0069109828946639e+00
987761,1.0160404142712323e+03,3.0069109828946639e+00
987786,1.0160404142712323e+03,3.0069109828946639e+00
987811,1.0160404142712323e+03,3.0069109828946639e+00
987836,1.0160404142712323e+03,3.0069109828946639e+00
987861,1.0160404142712323e+03,3.0069109828946639e+00
987886,1.0160404142712323e+03,3.0069109828946639e+00
987911,1.0160404142712323e+03,3.0069109828946639e+00
987936,1.0160404142712323e+03,3.0069109828946639e+00
987961,1.0160404142712323e+03,3.0069109828946639e+00
987986,1.0160404142712323e+03,3.0069109828946639e+00
988011,1.0160404142712323e+03,3.0069109828946639e+00
988036,1.0160404142712323e+03,3.0069109828946639e+00
988061,1.0160404142712323e+03,3.0069109828946639e+00
988086,1.0160404142712323e+03,3.0069109828946639e+00
988111,1.0160404142712323e+03,3.0069109828946639e+00
988136,1.0160404142712323e+03,3.0069109828946639e+00
988161,1.0160404142712323e+03,3.0069109828946639e+00
988186,1.0160404142712323e+03,3.0069109828946639e+00
988211,1.0160404142712323e+03,3.0069109828946639e+00
988236,1.0160404142712323e+03,3.0069109828946639e+00
988261,1.0160404142712323e+03,3.0069109828946639e+00
988286,1.0160404142712323e+03,3.0069109828946639e+00
988311,1.0160404142712323e+03,3.0069109828946639e+00
988336,1.0160404142712323e+03,3.0069109828946639e+00
988361,1.0160404142712323e+03,3.0069109828946639e+00
988386,1.0160404142712323e+03,3.0069109828946639e+00
988411,1.0160404142712323e+03,3.0069109828946639e+00
988436,1.0160404142712323e+03,3.0069109828946639e+00
988461,1.0160404142712323e+03,3.0069109828946639e+00
988486,1.0160404142712323e+03,3.0069109828946639e+00
988511,1.0160404142712323e+03,3.0069109828946639e+00
988536,1.0160404142712323e+03,3.0069109828946639e+00
988561,1.0160404142712323e+03,3.0069109828946639e+00
988586,1.0160404142712323e+03,3.0069109828946639e+00
988611,1.0160404142712323e+03,3.0069109828946639e+00
988636,1.0160404142712323e+03,3.0069109828946639e+00
988661,1.0160404142712323e+03,3.0069109828946639e+00
988686,1.0160404142712323e+03,3.0069109828946639e+00
988711,1.0160404142712323e+03,3.0069109828946639e+00
988736,1.0160404142712323e+03,3.0069109828946639e+00
988761,1.0160404142712323e+03,3.0069109828946639e+00
988786,1.0160404142712323e+03,3.0069109828946639e+00
988811,1.0160404142712323e+03,3.0069109828946639e+00
988836,1.0160404142712323e+03,3.0069109828946639e+00
988861,1.0160404142712323e+03,3.0069109828946639e+00
988886,1.0160404142712323e+03,3.0069109828946639e+00
988911,1.0160404142712323e+03,3.0069109828946639e+00
988936,1.0160404142712323e+03,3.0069109828946639e+00
988961,1.0160404142712323e+03,3.0069109828946639e+00
988986,1.0160404142712323e+03,3.0069109828946639e+00
989011,1.0160404142712323e+03,3.0069109828946639e+00
989036,1.0160404142712323e+03,3.0069109828946639e+00
989061,1.0160404142712323e+03,3.0069109828946639e+00
989086,1.0160404142712323e+03,3.0069109828946639e+00
989111,1.0160404142712323e+03,3.0069109828946639e+00
989136,1.0160404142712323e+03,3.0069109828946639e+00
989161,1.0160404142712323e+03,3.0069109828946639e+00
989186,1.0160404142712323e+03,3.0069109828946639e+00
989211,1.0160404142712323e+03,3.0069109828946639e+00
989236,1.0160404142712323e+03,3.0069109828946639e+00
989261,1.0160404142712323e+03,3.0069109828946639e+00
989286,1.0160404142712323e+03,3.0069109828946639e+00
989311,1.0160404142712323e+03,3.0069109828946639e+00
989336,1.0160404142712323e+03,3.0069109828946639e+00
989361,1.0160404142712323e+03,3.0069109828946639e+00
989386,1.0160404142712323e+03,3.0069109828946639e+00
989411,1.0160404142712323e+03,3.0069109828946639e+00
989436,1.0160404142712323e+03,3.0069109828946639e+00
989461,1.0160404142712323e+03,3.0069109828946639e+00
989486,1.0160404142712323e+03,3.0069109828946639e+00
989511,1.0160404142712323e+03,3.0069109828946639e+00
989536,1.0160404142712323e+03,3.0069109828946639e+00
989561,1.0160404142712323e+03,3.0069109828946639e+00
989586,1.0160404142712323e+03,3.0069109828946639e+00
989611,1.0160404142712323e+03,3.0069109828946639e+00
989636,1.0160404142712323e+03,3.0069109828946639e+00
989661,1.0160404142712323e+03,3.0069109828946639e+00
989686,1.0160404142712323e+03,3.0069109828946639e+00
989711,1.0160404142712323e+03,3.0069109828946639e+00
989736,1.0160404142712323e+03,3.0069109828946639e+00
989761,1.0160404142712323e+03,3.0069109828946639e+00
989786,1.0160404142712323e+03,3.0069109828946639e+00
989811,1.0160404142712323e+03,3.0069109828946639e+00
989836,1.0160404142712323e+03,3.0069109828946639e+00
989861,1.0160404142712323e+03,3.0069109828946639e+00
989886,1.0160404142712323e+03,3.0069109828946639e+00
989911,1.0160404142712323e+03,3.0069109828946639e+00
989936,1.0160404142712323e+03,3.0069109828946639e+00
989961,1.0160404142712323e+03,3.0069109828946639e+00
989986,1.0160404142712323e+03,3.0069109828946639e+00
990011,1.0160404142712323e+03,3.0069109828946639e+00
990036,1.0160404142712323e+03,3.0069109828946639e+00
990061,1.0160404142712323e+03,3.0069109828946639e+00
990086,1.0160404142712323e+03,3.0069109828946639e+00
990111,1.0160404142712323e+03,3.0069109828946639e+00
990136,1.0160404142712323e+03,3.0069109828946639e+00
990161,1.0160404142712323e+03,3.0069109828946639e+00
990186,1.0160404142712323e+03,3.0069109828946639e+00
990211,1.0160404142712323e+03,3.0069109828946639e+00
990236,1.0160404142712323e+03,3.0069109828946639e+00
990261,1.0160404142712323e+03,3.0069109828946639e+00
990286,1.0160404142712323e+03,3.0069109828946639e+00
990311,1.0160404142712323e+03,3.0069109828946639e+00
990336,1.0160404142712323e+03,3.0069109828946639e+00
990361,1.0160404142712323e+03,3.0069109828946639e+00
990386,1.0160404142712323e+03,3.0069109828946639e+00
990411,1.0160404142712323e+03,3.0069109828946639e+00
990436,1.0160404142712323e+03,3.0069109828946639e+00
990461,1.0160404142712323e+03,3.0069109828946639e+00
990486,1.0160404142712323e+03,3.0069109828946639e+00
990511,1.0160404142712323e+03,3.0069109828946639e+00
990536,1.0160404142712323e+03,3.0069109828946639e+00
990561,1.0160404142712323e+03,3.0069109828946639e+00
990586,1.0160404142712323e+03,3.0069109828946639e+00
990611,1.0160404142712323e+03,3.0069109828946639e+00
990636,1.0160404142712323e+03,3.0069109828946639e+00
990661,1.0160404142712323e+03,3.0069109828946639e+00
990686,1.0160404142712323e+03,3.0069109828946639e+00
990711,1.0160404142712323e+03,3.0069109828946639e+00
990736,1.0160404142712323e+03,3.0069109828946639e+00
990761,1.0160404142712323e+03,3.0069109828946639e+00
990786,1.0160404142712323e+03,3.0069109828946639e+00
990811,1.0160404142712323e+03,3.0069109828946639e+00
990836,1.0160404142712323e+03,3.0069109828946639e+00
990861,1.0160404142712323e+03,3.0069109828946639e+00
990886,1.0160404142712323e+03,3.0069109828946639e+00
990911,1.0160404142712323e+03,3.0069109828946639e+00
990936,1.0160404142712323e+03,3.0069109828946639e+00
990961,1.0160404142712323e+03,3.0069109828946639e+00
990986,1.0160404142712323e+03,3.0069109828946639e+00
991011,1.0160404142712323e+03,3.0069109828946639e+00
991036,1.0160404142712323e+03,3.0069109828946639e+00
991061,1.0160404142712323e+03,3.0069109828946639e+00
991086,1.0160404142712323e+03,3.0069109828946639e+00
991111,1.0160404142712323e+03,3.0069109828946639e+00
991136,1.0160404142712323e+03,3.0069109828946639e+00
991161,1.0160404142712323e+03,3.0069109828946639e+00
991186,1.0160404142712323e+03,3.0069109828946639e+00
991211,1.0160404142712323e+03,3.0069109828946639e+00
991236,1.0160404142712323e+03,3.0069109828946639e+00
991261,1.0160404142712323e+03,3.0069109828946639e+00
991286,1.0160404142712323e+03,3.0069109828946639e+00
991311,1.0160404142712323e+03,3.0069109828946639e+00
991336,1.0160404142712323e+03,3.0069109828946639e+00
991361,1.0160404142712323e+03,3.0069109828946639e+00
991386,1.0160404142712323e+03,3.0069109828946639e+00
991411,1.0160404142712323e+03,3.0069109828946639e+00
991436,1.0160404142712323e+03,3.0069109828946639e+00
991461,1.0160404142712323e+03,3.0069109828946639e+00
991486,1.0160404142712323e+03,3.0069109828946639e+00
991511,1.0160404142712323e+03,3.0069109828946639e+00
991536,1.0160404142712323e+03,3.0069109828946639e+00
991561,1.0160404142712323e+03,3.0069109828946639e+00
991586,1.0160404142712323e+03,3.0069109828946639e+00
991611,1.0160404142712323e+03,3.0069109828946639e+00
991636,1.0160404142712323e+03,3.0069109828946639e+00
991661,1.0160404142712323e+03,3.0069109828946639e+00
991686,1.0160404142712323e+03,3.0069109828946639e+00
991711,1.0160404142712323e+03,3.0069109828946639e+00
991736,1.0160404142712323e+03,3.0069109828946639e+00
991761,1.0160404142712323e+03,3.0069109828946639e+00
991786,1.0160404142712323e+03,3.0069109828946639e+00
991811,1.0160404142712323e+03,3.0069109828946639e+00
991836,1.0160404142712323e+03,3.0069109828946639e+00
991861,1.0160404142712323e+03,3.0069109828946639e+00
991886,1.0160404142712323e+03,3.0069109828946639e+00
991911,1.0160404142712323e+03,3.0069109828946639e+00
991936,1.0160404142712323e+03,3.0069109828946639e+00
991961,1.0160404142712323e+03,3.0069109828946639e+00
991986,1.0160404142712323e+03,3.0069109828946639e+00
992011,1.0160404142712323e+03,3.0069109828946639e+00
992036,1.0160404142712323e+03,3.0069109828946639e+00
992061,1.0160404142712323e+03,3.0069109828946639e+00
992086,1.0160404142712323e+03,3.0069109828946639e+00
992111,1.0160404142712323e+03,3.0069109828946639e+00
992136,1.0160404142712323e+03,3.0069109828946639e+00
992161,1.0160404142712323e+03,3.0069109828946639e+00
992186,1.0160404142712323e+03,3.0069109828946639e+00
992211,1.0160404142712323e+03,3.0069109828946639e+00
992236,1.0160404142712323e+03,3.0069109828946639e+00
992261,1.0160404142712323e+03,3.0069109828946639e+00
992286,1.0160404142712323e+03,3.0069109828946639e+00
992311,1.0160404142712323e+03,3.0069109828946639e+00
992336,1.0160404142712323e+03,3.0069109828946639e+00
992361,1.0160404142712323e+03,3.0069109828946639e+00
992386,1.0160404142712323e+03,3.0069109828946639e+00
992411,1.0160404142712323e+03,3.0069109828946639e+00
992436,1.0160404142712323e+03,3.0069109828946639e+00
992461,1.0160404142712323e+03,3.0069109828946639e+00
992486,1.0160404142712323e+03,3.0069109828946639e+00
992511,1.0160404142712323e+03,3.0069109828946639e+00
992536,1.0160404142712323e+03,3.0069109828946639e+00
992561,1.0160404142712323e+03,3.0069109828946639e+00
992586,1.0160404142712323e+03,3.0069109828946639e+00
992611,1.0160404142712323e+03,3.0069109828946639e+00
992636,1.0160404142712323e+03,3.0069109828946639e+00
992661,1.0160404142712323e+03,3.0069109828946639e+00
992686,1.0160404142712323e+03,3.0069109828946639e+00
992711,1.0160404142712323e+03,3.0069109828946639e+00
992736,1.0160404142712323e+03,3.0069109828946639e+00
992761,1.0160404142712323e+03,3.0069109828946639e+00
992786,1.0160404142712323e+03,3.0069109828946639e+00
992811,1.0160404142712323e+03,3.0069109828946639e+00
992836,1.0160404142712323e+03,3.0069109828946639e+00
992861,1.0160404142712323e+03,3.0069109828946639e+00
992886,1.0160404142712323e+03,3.0069109828946639e+00
992911,1.0160404142712323e+03,3.0069109828946639e+00
992936,1.0160404142712323e+03,3.0069109828946639e+00
992961,1.0160404142712323e+03,3.0069109828946639e+00
992986,1.0160404142712323e+03,3.0069109828946639e+00
993011,1.0160404142712323e+03,3.0069109828946639e+00
993036,1.0160404142712323e+03,3.0069109828946639e+00
993061,1.0160404142712323e+03,3.0069109828946639e+00
993086,1.0160404142712323e+03,3.0069109828946639e+00
993111,1.0160404142712323e+03,3.0069109828946639e+00
993136,1.0160404142712323e+03,3.0069109828946639e+00
993161,1.0160404142712323e+03,3.0069109828946639e+00
993186,1.0160404142712323e+03,3.0069109828946639e+00
993211,1.0160404142712323e+03,3.0069109828946639e+00
993236,1.0160404142712323e+03,3.0069109828946639e+00
993261,1.0160404142712323e+03,3.0069109828946639e+00
993286,1.0160404142712323e+03,3.0069109828946639e+00
993311,1.0160404142712323e+03,3.0069109828946639e+00
993336,1.0160404142712323e+03,3.0069109828946639e+00
993361,1.0160404142712323e+03,3.0069109828946639e+00
993386,1.0160404142712323e+03,3.0069109828946639e+00
993411,1.0160404142712323e+03,3.0069109828946639e+00
993436,1.0160404142712323e+03,3.0069109828946639e+00
993461,1.0160404142712323e+03,3.0069109828946639e+00
993486,1.0160404142712323e+03,3.0069109828946639e+00
993511,1.0160404142712323e+03,3.0069109828946639e+00
993536,1.0160404142712323e+03,3.0069109828946639e+00
993561,1.0160404142712323e+03,3.0069109828946639e+00
993586,1.0160404142712323e+03,3.0069109828946639e+00
993611,1.0160404142712323e+03,3.0069109828946639e+00
993636,1.0160404142712323e+03,3.0069109828946639e+00
993661,1.0160404142712323e+03,3.0069109828946639e+00
993686,1.0160404142712323e+03,3.0069109828946639e+00
993711,1.0160404142712323e+03,3.0069109828946639e+00
993736,1.0160404142712323e+03,3.0069109828946639e+00
993761,1.0160404142712323e+03,3.0069109828946639e+00
993786,1.0160404142712323e+03,3.0069109828946639e+00
993811,1.0160404142712323e+03,3.0069109828946639e+00
993836,1.0160404142712323e+03,3.0069109828946639e+00
993861,1.0160404142712323e+03,3.0069109828946639e+00
993886,1.0160404142712323e+03,3.0069109828946639e+00
993911,1.0160404142712323e+03,3.0069109828946639e+00
993936,1.0160404142712323e+03,3.0069109828946639e+00
993961,1.0160404142712323e+03,3.0069109828946639e+00
993986,1.0160404142712323e+03,3.0069109828946639e+00
994011,1.0160404142712323e+03,3.0069109828946639e+00
994036,1.0160404142712323e+03,3.0069109828946639e+00
994061,1.0160404142712323e+03,3.0069109828946639e+00
994086,1.0160404142712323e+03,3.0069109828946639e+00
994111,1.0160404142712323e+03,3.0069109828946639e+00
994136,1.0160404142712323e+03,3.0069109828946639e+00
994161,1.0160404142712323e+03,3.0069109828946639e+00
994186,1.0160404142712323e+03,3.0069109828946639e+00
994211,1.0160404142712323e+03,3.0069109828946639e+00
994236,1.0160404142712323e+03,3.0069109828946639e+00
994261,1.0160404142712323e+03,3.0069109828946639e+00
994286,1.0160404142712323e+03,3.0069109828946639e+00
994311,1.0160404142712323e+03,3.0069109828946639e+00
994336,1.0160404142712323e+03,3.0069109828946639e+00
994361,1.0160404142712323e+03,3.0069109828946639e+00
994386,1.0160404142712323e+03,3.0069109828946639e+00
994411,1.0160404142712323e+03,3.0069109828946639e+00
994436,1.0160404142712323e+03,3.0069109828946639e+00
994461,1.0160404142712323e+03,3.0069109828946639e+00
994486,1.0160404142712323e+03,3.0069109828946639e+00
994511,1.0160404142712323e+03,3.0069109828946639e+00
994536,1.0160404142712323e+03,3.0069109828946639e+00
994561,1.0160404142712323e+03,3.0069109828946639e+00
994586,1.0160404142712323e+03,3.0069109828946639e+00
994611,1.0160404142712323e+03,3.0069109828946639e+00
994636,1.0160404142712323e+03,3.0069109828946639e+00
994661,1.0160404142712323e+03,3.0069109828946639e+00
994686,1.0160404142712323e+03,3.0069109828946639e+00
994711,1.0160404142712323e+03,3.0069109828946639e+00
994736,1.0160404142712323e+03,3.0069109828946639e+00
994761,1.0160404142712323e+03,3.0069109828946639e+00
994786,1.0160404142712323e+03,3.0069109828946639e+00
994811,1.0160404142712323e+03,3.0069109828946639e+00
994836,1.0160404142712323e+03,3.0069109828946639e+00
994861,1.0160404142712323e+03,3.0069109828946639e+00
994886,1.0160404142712323e+03,3.0069109828946639e+00
994911,1.0160404142712323e+03,3.0069109828946639e+00
994936,1.0160404142712323e+03,3.0069109828946639e+00
994961,1.0160404142712323e+03,3.0069109828946639e+00
994986,1.0160404142712323e+03,3.0069109828946639e+00
995011,1.0160404142712323e+03,3.0069109828946639e+00
995036,1.0160404142712323e+03,3.0069109828946639e+00
995061,1.0160404142712323e+03,3.0069109828946639e+00
995086,1.0160404142712323e+03,3.0069109828946639e+00
995111,1.0160404142712323e+03,3.0069109828946639e+00
995136,1.0160404142712323e+03,3.0069109828946639e+00
995161,1.0160404142712323e+03,3.0069109828946639e+00
995186,1.0160404142712323e+03,3.0069109828946639e+00
995211,1.0160404142712323e+03,3.0069109828946639e+00
995236,1.0160404142712323e+03,3.0069109828946639e+00
995261,1.0160404142712323e+03,3.0069109828946639e+00
995286,1.0160404142712323e+03,3.0069109828946639e+00
995311,1.0160404142712323e+03,3.0069109828946639e+00
995336,1.0160404142712323e+03,3.0069109828946639e+00
995361,1.0160404142712323e+03,3.0069109828946639e+00
995386,1.0160404142712323e+03,3.0069109828946639e+00
995411,1.0160404142712323e+03,3.0069109828946639e+00
995436,1.0160404142712323e+03,3.0069109828946639e+00
995461,1.0160404142712323e+03,3.0069109828946639e+00
995486,1.0160404142712323e+03,3.0069109828946639e+00
995511,1.0160404142712323e+03,3.0069109828946639e+00
995536,1.0160404142712323e+03,3.0069109828946639e+00
995561,1.0160404142712323e+03,3.0069109828946639e+00
995586,1.0160404142712323e+03,3.0069109828946639e+00
995611,1.0160404142712323e+03,3.0069109828946639e+00
995636,1.0160404142712323e+03,3.0069109828946639e+00
995661,1.0160404142712323e+03,3.0069109828946639e+00
995686,1.0160404142712323e+03,3.0069109828946639e+00
995711,1.0160404142712323e+03,3.0069109828946639e+00
995736,1.0160404142712323e+03,3.0069109828946639e+00
995761,1.0160404142712323e+03,3.0069109828946639e+00
995786,1.0160404142712323e+03,3.0069109828946639e+00
995811,1.0160404142712323e+03,3.0069109828946639e+00
995836,1.0160404142712323e+03,3.0069109828946639e+00
995861,1.0160404142712323e+03,3.0069109828946639e+00
995886,1.0160404142712323e+03,3.0069109828946639e+00
995911,1.0160404142712323e+03,3.0069109828946639e+00
995936,1.0160404142712323e+03,3.0069109828946639e+00
995961,1.0160404142712323e+03,3.0069109828946639e+00
995986,1.0160404142712323e+03,3.0069109828946639e+00
996011,1.0160404142712323e+03,3.0069109828946639e+00
996036,1.0160404142712323e+03,3.0069109828946639e+00
996061,1.0160404142712323e+03,3.0069109828946639e+00
996086,1.0160404142712323e+03,3.0069109828946639e+00
996111,1.0160404142712323e+03,3.0069109828946639e+00
996136,1.0160404142712323e+03,3.0069109828946639e+00
996161,1.0160404142712323e+03,3.0069109828946639e+00
996186,1.0160404142712323e+03,3.0069109828946639e+00
996211,1.0160404142712323e+03,3.0069109828946639e+00
996236,1.0160404142712323e+03,3.0069109828946639e+00
996261,1.0160404142712323e+03,3.0069109828946639e+00
996286,1.0160404142712323e+03,3.0069109828946639e+00
996311,1.0160404142712323e+03,3.0069109828946639e+00
996336,1.0160404142712323e+03,3.0069109828946639e+00
996361,1.0160404142712323e+03,3.0069109828946639e+00
996386,1.0160404142712323e+03,3.0069109828946639e+00
996411,1.0160404142712323e+03,3.0069109828946639e+00
996436,1.0160404142712323e+03,3.0069109828946639e+00
996461,1.0160404142712323e+03,3.0069109828946639e+00
996486,1.0160404142712323e+03,3.0069109828946639e+00
996511,1.0160404142712323e+03,3.0069109828946639e+00
996536,1.0160404142712323e+03,3.0069109828946639e+00
996561,1.0160404142712323e+03,3.0069109828946639e+00
996586,1.0160404142712323e+03,3.0069109828946639e+00
996611,1.0160404142712323e+03,3.0069109828946639e+00
996636,1.0160404142712323e+03,3.0069109828946639e+00
996661,1.0160404142712323e+03,3.0069109828946639e+00
996686,1.0160404142712323e+03,3.0069109828946639e+00
996711,1.0160404142712323e+03,3.0069109828946639e+00
996736,1.0160404142712323e+03,3.0069109828946639e+00
996761,1.0160404142712323e+03,3.0069109828946639e+00
996786,1.0160404142712323e+03,3.0069109828946639e+00
996811,1.0160404142712323e+03,3.0069109828946639e+00
996836,1.0160404142712323e+03,3.0069109828946639e+00
996861,1.0160404142712323e+03,3.0069109828946639e+00
996886,1.0160404142712323e+03,3.0069109828946639e+00
996911,1.0160404142712323e+03,3.0069109828946639e+00
996936,1.0160404142712323e+03,3.0069109828946639e+00
996961,1.0160404142712323e+03,3.0069109828946639e+00
996986,1.0160404142712323e+03,3.0069109828946639e+00
997011,1.0160404142712323e+03,3.0069109828946639e+00
997036,1.0160404142712323e+03,3.0069109828946639e+00
997061,1.0160404142712323e+03,3.0069109828946639e+00
997086,1.0160404142712323e+03,3.0069109828946639e+00
997111,1.0160404142712323e+03,3.0069109828946639e+00
997136,1.0160404142712323e+03,3.0069109828946639e+00
997161,1.0160404142712323e+03,3.0069109828946639e+00
997186,1.0160404142712323e+03,3.0069109828946639e+00
997211,1.0160404142712323e+03,3.0069109828946639e+00
997236,1.0160404142712323e+03,3.0069109828946639e+00
997261,1.0160404142712323e+03,3.0069109828946639e+00
997286,1.0160404142712323e+03,3.0069109828946639e+00
997311,1.0160404142712323e+03,3.0069109828946639e+00
997336,1.0160404142712323e+03,3.0069109828946639e+00
997361,1.0160404142712323e+03,3.0069109828946639e+00
997386,1.0160404142712323e+03,3.0069109828946639e+00
997411,1.0160404142712323e+03,3.0069109828946639e+00
997436,1.0160404142712323e+03,3.0069109828946639e+00
997461,1.0160404142712323e+03,3.0069109828946639e+00
997486,1.0160404142712323e+03,3.0069109828946639e+00
997511,1.0160404142712323e+03,3.0069109828946639e+00
997536,1.0160404142712323e+03,3.0069109828946639e+00
997561,1.0160404142712323e+03,3.0069109828946639e+00
997586,1.0160404142712323e+03,3.0069109828946639e+00
997611,1.0160404142712323e+03,3.0069109828946639e+00
997636,1.0160404142712323e+03,3.0069109828946639e+00
997661,1.0160404142712323e+03,3.0069109828946639e+00
997686,1.0160404142712323e+03,3.0069109828946639e+00
997711,1.0160404142712323e+03,3.0069109828946639e+00
997736,1.0160404142712323e+03,3.0069109828946639e+00
997761,1.0160404142712323e+03,3.0069109828946639e+00
997786,1.0160404142712323e+03,3.0069109828946639e+00
997811,1.0160404142712323e+03,3.0069109828946639e+00
997836,1.0160404142712323e+03,3.0069109828946639e+00
997861,1.0160404142712323e+03,3.0069109828946639e+00
997886,1.0160404142712323e+03,3.0069109828946639e+00
997911,1.0160404142712323e+03,3.0069109828946639e+00
997936,1.0160404142712323e+03,3.0069109828946639e+00
997961,1.0160404142712323e+03,3.0069109828946639e+00
997986,1.0160404142712323e+03,3.0069109828946639e+00
998011,1.0160404142712323e+03,3.0069109828946639e+00
998036,1.0160404142712323e+03,3.0069109828946639e+00
998061,1.0160404142712323e+03,3.0069109828946639e+00
998086,1.0160404142712323e+03,3.0069109828946639e+00
998111,1.0160404142712323e+03,3.0069109828946639e+00
998136,1.0160404142712323e+03,3.0069109828946639e+00
998161,1.0160404142712323e+03,3.0069109828946639e+00
998186,1.0160404142712323e+03,3.0069109828946639e+00
998211,1.0160404142712323e+03,3.0069109828946639e+00
998236,1.0160404142712323e+03,3.0069109828946639e+00
998261,1.0160404142712323e+03,3.0069109828946639e+00
998286,1.0160404142712323e+03,3.0069109828946639e+00
998311,1.0160404142712323e+03,3.0069109828946639e+00
998336,1.0160404142712323e+03,3.0069109828946639e+00
998361,1.0160404142712323e+03,3.0069109828946639e+00
998386,1.0160404142712323e+03,3.0069109828946639e+00
998411,1.0160404142712323e+03,3.0069109828946639e+00
998436,1.0160404142712323e+03,3.0069109828946639e+00
998461,1.0160404142712323e+03,3.0069109828946639e+00
998486,1.0160404142712323e+03,3.0069109828946639e+00
998511,1.0160404142712323e+03,3.0069109828946639e+00
998536,1.0160404142712323e+03,3.0069109828946639e+00
998561,1.0160404142712323e+03,3.0069109828946639e+00
998586,1.0160404142712323e+03,3.0069109828946639e+00
998611,1.0160404142712323e+03,3.0069109828946639e+00
998636,1.0160404142712323e+03,3.0069109828946639e+00
998661,1.0160404142712323e+03,3.0069109828946639e+00
998686,1.0160404142712323e+03,3.0069109828946639e+00
998711,1.0160404142712323e+03,3.0069109828946639e+00
998736,1.0160404142712323e+03,3.0069109828946639e+00
998761,1.0160404142712323e+03,3.0069109828946639e+00
998786,1.0160404142712323e+03,3.0069109828946639e+00
998811,1.0160404142712323e+03,3.0069109828946639e+00
998836,1.0160404142712323e+03,3.0069109828946639e+00
998861,1.0160404142712323e+03,3.0069109828946639e+00
998886,1.0160404142712323e+03,3.0069109828946639e+00
998911,1.0160404142712323e+03,3.0069109828946639e+00
998936,1.0160404142712323e+03,3.0069109828946639e+00
998961,1.0160404142712323e+03,3.0069109828946639e+00
998986,1.0160404142712323e+03,3.0069109828946639e+00
999011,1.0160404142712323e+03,3.0069109828946639e+00
999036,1.0160404142712323e+03,3.0069109828946639e+00
999061,1.0160404142712323e+03,3.0069109828946639e+00
999086,1.0160404142712323e+03,3.0069109828946639e+00
999111,1.0160404142712323e+03,3.0069109828946639e+00
999136,1.0160404142712323e+03,3.0069109828946639e+00
999161,1.0160404142712323e+03,3.0069109828946639e+00
999186,1.0160404142712323e+03,3.0069109828946639e+00
999211,1.0160404142712323e+03,3.0069109828946639e+00
999236,1.0160404142712323e+03,3.0069109828946639e+00
999261,1.0160404142712323e+03,3.0069109828946639e+00
999286,1.0160404142712323e+03,3.0069109828946639e+00
999311,1.0160404142712323e+03,3.0069109828946639e+00
999336,1.0160404142712323e+03,3.0069109828946639e+00
999361,1.0160404142712323e+03,3.0069109828946639e+00
999386,1.0160404142712323e+03,3.0069109828946639e+00
999411,1.0160404142712323e+03,3.0069109828946639e+00
999436,1.0160404142712323e+03,3.0069109828946639e+00
999461,1.0160404142712323e+03,3.0069109828946639e+00
999486,1.0160404142712323e+03,3.0069109828946639e+00
999511,1.0160404142712323e+03,3.0069109828946639e+00
999536,1.0160404142712323e+03,3.0069109828946639e+00
999561,1.0160404142712323e+03,3.0069109828946639e+00
999586,1.0160404142712323e+03,3.0069109828946639e+00
999611,1.0160404142712323e+03,3.0069109828946639e+00
999636,1.0160404142712323e+03,3.0069109828946639e+00
999661,1.0160404142712323e+03,3.0069109828946639e+00
999686,1.0160404142712323e+03,3.0069109828946639e+00
999711,1.0160404142712323e+03,3.0069109828946639e+00
999736,1.0160404142712323e+03,3.0069109828946639e+00
999761,1.0160404142712323e+03,3.0069109828946639e+00
999786,1.0160404142712323e+03,3.0069109828946639e+00
999811,1.0160404142712323e+03,3.0069109828946639e+00
999836,1.0160404142712323e+03,3.0069109828946639e+00
999861,1.0160404142712323e+03,3.0069109828946639e+00
999886,1.0160404142712323e+03,3.0069109828946639e+00
999911,1.0160404142712323e+03,3.0069109828946639e+00
999936,1.0160404142712323e+03,3.0069109828946639e+00
999961,1.0160404142712323e+03,3.0069109828946639e+00
999986,1.0160404142712323e+03,3.0069109828946639e+00
1000000,1.0160404142712323e+03,3.0069109828946639e+00
