doc,file,line,bind_ids,kind,token,found_pdf,found_docx,status,sampled
main,main.tex,181,AN-RANKAGG-2017-OVERALL (friedman_ranks_cec2017_overall.csv; RS-01 NARROWED); AN,int,10,yes,yes,PASS,
main,main.tex,181,AN-RANKAGG-2017-OVERALL (friedman_ranks_cec2017_overall.csv; RS-01 NARROWED); AN,int,30,yes,yes,PASS,
main,main.tex,186,"RS-12 (SAP addendum Sec. 9 [AGSK first] variant, slot filled per Amendment 2 A2.",int,20,yes,yes,PASS,
main,main.tex,336,CN-02 (LICENSE; docs/LICENSES.md; runbook.md),decimal,4.0,yes,yes,PASS,
main,sections\introduction.tex,129,"MT-02, MT-03, MT-04, MT-06, MT-07 (honest MOD/ORI labels)",int,10,yes,yes,PASS,
main,sections\introduction.tex,129,"MT-02, MT-03, MT-04, MT-06, MT-07 (honest MOD/ORI labels)",int,50,yes,yes,PASS,
main,sections\introduction.tex,129,"MT-02, MT-03, MT-04, MT-06, MT-07 (honest MOD/ORI labels)",int,20,yes,yes,PASS,
main,sections\introduction.tex,129,"MT-02, MT-03, MT-04, MT-06, MT-07 (honest MOD/ORI labels)",int,50,yes,yes,PASS,
main,sections\related_work.tex,42,EC:mohamed2020gaining,int,22,yes,yes,PASS,
main,sections\related_work.tex,46,EC:mohamed2020gaining (Table 6 setting; limitation noted by AGSK/APGSK/ATMALS-GS,decimal,0.5,yes,yes,PASS,
main,sections\related_work.tex,46,EC:mohamed2020gaining (Table 6 setting; limitation noted by AGSK/APGSK/ATMALS-GS,decimal,0.9,yes,yes,PASS,
main,sections\related_work.tex,46,EC:mohamed2020gaining (Table 6 setting; limitation noted by AGSK/APGSK/ATMALS-GS,int,10,yes,yes,PASS,
main,sections\related_work.tex,59,"EC:mohamed2020agsk (CEC2020, D<=20)",int,20,yes,yes,PASS,
main,sections\related_work.tex,80,"EC:fdbagsk2023 (1000xD budget, dims, comparator scope)",int,1000,yes,yes,PASS,
main,sections\related_work.tex,80,"EC:fdbagsk2023 (1000xD budget, dims, comparator scope)",int,100,yes,yes,PASS,
main,sections\related_work.tex,80,"EC:fdbagsk2023 (1000xD budget, dims, comparator scope)",int,10,yes,yes,PASS,
main,sections\related_work.tex,93,EC:alfadli2025atmals (Table 18 ordering as measured there; p. 61 overhead admiss,int,10,yes,yes,PASS,
main,sections\related_work.tex,101,EC:jawad2024egsk (three mechanisms; 75% triggers),int,75,yes,yes,PASS,
main,sections\related_work.tex,105,EC:jawad2024egsk (Tables 8-9),int,100,yes,yes,PASS,
main,sections\related_work.tex,105,EC:jawad2024egsk (Tables 8-9),int,10,yes,yes,PASS,
main,sections\related_work.tex,123,EC:nomer2021gskrl (Sec. 5 tallies 14/5/10 and 16/4/9; F26 instability),int,30,yes,yes,PASS,
main,sections\related_work.tex,123,EC:nomer2021gskrl (Sec. 5 tallies 14/5/10 and 16/4/9; F26 instability),int,10,yes,yes,PASS,
main,sections\related_work.tex,152,EC:mohamed2020gaining,int,100,yes,yes,PASS,
main,sections\related_work.tex,156,EC:mohamed2020agsk,int,20,yes,yes,PASS,
main,sections\related_work.tex,160,EC:apgsk2021,int,20,yes,yes,PASS,
main,sections\related_work.tex,164,EC:fdbagsk2023,int,30,yes,yes,PASS,
main,sections\related_work.tex,164,EC:fdbagsk2023,int,50,yes,yes,PASS,
main,sections\related_work.tex,164,EC:fdbagsk2023,int,100,yes,yes,PASS,
main,sections\related_work.tex,164,EC:fdbagsk2023,int,1000,yes,yes,PASS,
main,sections\related_work.tex,164,EC:fdbagsk2023,int,10,yes,yes,PASS,
main,sections\related_work.tex,169,EC:alfadli2025atmals,int,100,yes,yes,PASS,
main,sections\related_work.tex,169,EC:alfadli2025atmals,int,10,yes,yes,PASS,
main,sections\related_work.tex,173,EC:jawad2024egsk,int,75,yes,yes,PASS,
main,sections\related_work.tex,173,EC:jawad2024egsk,int,75,yes,yes,PASS,
main,sections\related_work.tex,173,EC:jawad2024egsk,int,100,yes,yes,PASS,
main,sections\related_work.tex,173,EC:jawad2024egsk,int,10,yes,yes,PASS,
main,sections\related_work.tex,191,EC:omidvar2014dg (novelty_scope.md §1.1),int,1000,yes,yes,PASS,
main,sections\related_work.tex,195,EC:hansen2001cmaes (novelty_scope.md §1.2),int,2,yes,yes,PASS,
main,sections\related_work.tex,198,EC:guo2015eig (novelty_scope.md §1.3),int,3,yes,yes,PASS,
main,sections\related_work.tex,211,"phase_03/parameter_table.md (lambda=0.95, frozen)",decimal,0.95,yes,yes,PASS,
main,sections\related_work.tex,216,phase_03/complexity_analysis.md,int,2,yes,yes,PASS,
main,sections\related_work.tex,216,phase_03/complexity_analysis.md,int,50,yes,yes,PASS,
main,sections\related_work.tex,216,phase_03/complexity_analysis.md,int,99,yes,yes,PASS,
main,sections\related_work.tex,216,phase_03/complexity_analysis.md,int,100,yes,yes,PASS,
main,sections\related_work.tex,216,phase_03/complexity_analysis.md,int,3,yes,yes,PASS,
main,sections\related_work.tex,225,"LM-05 (revised, CR-0019); RS-13 claim ceiling",int,1000,yes,yes,PASS,
main,sections\related_work.tex,254,phase_07/captions_registry.md (fig:taxonomy frozen caption),decimal,0.95,yes,yes,PASS,
main,sections\related_work.tex,298,EC:mohamed2020agsk; EC:apgsk2021; EC:fdbagsk2023; EC:jawad2024egsk; EC:alfadli20,int,10,yes,yes,PASS,
main,sections\related_work.tex,318,phase_04/thesis.md §2 (bounded gap statement),int,50,yes,yes,PASS,
main,sections\related_work.tex,318,phase_04/thesis.md §2 (bounded gap statement),int,100,yes,yes,PASS,
main,sections\proposed_algorithm.tex,68,phase_03/parameter_table.md (core GSK operator),int,10,yes,yes,PASS,
main,sections\proposed_algorithm.tex,177,E2 (rev-rel-2026-08-26-dd42d37eb); R1.3/R2.2,int,100,yes,yes,PASS,
main,sections\proposed_algorithm.tex,177,E2 (rev-rel-2026-08-26-dd42d37eb); R1.3/R2.2,int,10,yes,yes,PASS,
main,sections\proposed_algorithm.tex,177,E2 (rev-rel-2026-08-26-dd42d37eb); R1.3/R2.2,int,30,yes,yes,PASS,
main,sections\proposed_algorithm.tex,177,E2 (rev-rel-2026-08-26-dd42d37eb); R1.3/R2.2,int,50,yes,yes,PASS,
main,sections\proposed_algorithm.tex,177,E2 (rev-rel-2026-08-26-dd42d37eb); R1.3/R2.2,int,100,yes,yes,PASS,
main,sections\proposed_algorithm.tex,177,E2 (rev-rel-2026-08-26-dd42d37eb); R1.3/R2.2,int,50,yes,yes,PASS,
main,sections\proposed_algorithm.tex,177,E2 (rev-rel-2026-08-26-dd42d37eb); R1.3/R2.2,int,100,yes,yes,PASS,
main,sections\proposed_algorithm.tex,324,E3 (rev-rel-2026-08-26-dd42d37eb); C2 narrowed; R2.1,int,10,yes,yes,PASS,
main,sections\proposed_algorithm.tex,324,E3 (rev-rel-2026-08-26-dd42d37eb); C2 narrowed; R2.1,int,50,yes,yes,PASS,
main,sections\proposed_algorithm.tex,324,E3 (rev-rel-2026-08-26-dd42d37eb); C2 narrowed; R2.1,int,30,yes,yes,PASS,
main,sections\proposed_algorithm.tex,324,E3 (rev-rel-2026-08-26-dd42d37eb); C2 narrowed; R2.1,int,20,yes,yes,PASS,
main,sections\proposed_algorithm.tex,324,E3 (rev-rel-2026-08-26-dd42d37eb); C2 narrowed; R2.1,int,50,yes,yes,PASS,
main,sections\proposed_algorithm.tex,347,phase_03/parameter_table.md (ACE arm pool),decimal,0.5,yes,yes,PASS,
main,sections\proposed_algorithm.tex,347,phase_03/parameter_table.md (ACE arm pool),decimal,0.9,yes,yes,PASS,
main,sections\proposed_algorithm.tex,347,phase_03/parameter_table.md (ACE arm pool),int,3,yes,yes,PASS,
main,sections\proposed_algorithm.tex,347,phase_03/parameter_table.md (ACE arm pool),int,10,yes,yes,PASS,
main,sections\proposed_algorithm.tex,362,"phase_03/parameter_table.md (ACE memory mode, DE arm)",int,20,yes,yes,PASS,
main,sections\proposed_algorithm.tex,362,"phase_03/parameter_table.md (ACE memory mode, DE arm)",int,100,yes,yes,PASS,
main,sections\proposed_algorithm.tex,395,phase_03/parameter_table.md (NLPSR tier floor) + phase_03/contribution_matrix.md,int,25,yes,yes,PASS,
main,sections\proposed_algorithm.tex,395,phase_03/parameter_table.md (NLPSR tier floor) + phase_03/contribution_matrix.md,int,12,yes,yes,PASS,
main,sections\proposed_algorithm.tex,459,phase_03/parameter_table.md (archive size/distance),decimal,1.5,yes,yes,PASS,
main,sections\proposed_algorithm.tex,459,phase_03/parameter_table.md (archive size/distance),int,200,yes,yes,PASS,
main,sections\proposed_algorithm.tex,464,phase_03/parameter_table.md (max restarts) + phase_03/contribution_matrix.md row,int,50,yes,yes,PASS,
main,sections\proposed_algorithm.tex,464,phase_03/parameter_table.md (max restarts) + phase_03/contribution_matrix.md row,int,100,yes,yes,PASS,
main,sections\proposed_algorithm.tex,464,phase_03/parameter_table.md (max restarts) + phase_03/contribution_matrix.md row,int,2,yes,yes,PASS,
main,sections\proposed_algorithm.tex,487,phase_03/parameter_table.md (deep-stall min-budget),group_int,"20,000",yes,yes,PASS,
main,sections\proposed_algorithm.tex,532,phase_03/parameter_table.md (SGSM block),decimal,0.12,yes,yes,PASS,
main,sections\proposed_algorithm.tex,536,phase_03/parameter_table.md (refresh period / warmup),decimal,0.10,yes,yes,PASS,
main,sections\proposed_algorithm.tex,536,phase_03/parameter_table.md (refresh period / warmup),int,5,yes,yes,PASS,
main,sections\proposed_algorithm.tex,536,phase_03/parameter_table.md (refresh period / warmup),int,10,yes,yes,PASS,
main,sections\proposed_algorithm.tex,536,phase_03/parameter_table.md (refresh period / warmup),int,20,yes,yes,PASS,
main,sections\proposed_algorithm.tex,549,MT-08; MT-09 (accepted-move memory; polish on its eigenbasis); phase_04/novelty_,decimal,0.25,yes,yes,PASS,
main,sections\proposed_algorithm.tex,558,phase_03/complexity_analysis.md (SGSM row),int,2,yes,yes,PASS,
main,sections\proposed_algorithm.tex,570,phase_03/parameter_table.md (linkage block),int,20,yes,yes,PASS,
main,sections\proposed_algorithm.tex,570,phase_03/parameter_table.md (linkage block),int,50,yes,yes,PASS,
main,sections\proposed_algorithm.tex,570,phase_03/parameter_table.md (linkage block),int,10,yes,yes,PASS,
main,sections\proposed_algorithm.tex,581,phase_03/parameter_table.md (block size by tier) + phase_03/contribution_matrix.,int,5,yes,yes,PASS,
main,sections\proposed_algorithm.tex,581,phase_03/parameter_table.md (block size by tier) + phase_03/contribution_matrix.,int,50,yes,yes,PASS,
main,sections\proposed_algorithm.tex,581,phase_03/parameter_table.md (block size by tier) + phase_03/contribution_matrix.,int,20,yes,yes,PASS,
main,sections\proposed_algorithm.tex,581,phase_03/parameter_table.md (block size by tier) + phase_03/contribution_matrix.,int,100,yes,yes,PASS,
main,sections\proposed_algorithm.tex,656,phase_03/parameter_table.md (final polish start; SGSM tier),decimal,0.96,yes,yes,PASS,
main,sections\proposed_algorithm.tex,679,phase_03/complexity_analysis.md (polish row),int,3,yes,yes,PASS,
main,sections\proposed_algorithm.tex,707,phase_03/complexity_analysis.md (D>=100 controllers row),int,64,yes,yes,PASS,
main,sections\proposed_algorithm.tex,725,production_deviation_record.md D-8.4 (linkage_block_size_by_dim 905/1000 -> 50),int,905,yes,yes,PASS,
main,sections\proposed_algorithm.tex,725,production_deviation_record.md D-8.4 (linkage_block_size_by_dim 905/1000 -> 50),int,1000,yes,yes,PASS,
main,sections\proposed_algorithm.tex,725,production_deviation_record.md D-8.4 (linkage_block_size_by_dim 905/1000 -> 50),int,50,yes,yes,PASS,
main,sections\proposed_algorithm.tex,800,generated by papers/scripts/generate_comparator_params.py from the,int,905,yes,yes,PASS,
main,sections\proposed_algorithm.tex,800,generated by papers/scripts/generate_comparator_params.py from the,int,50,yes,yes,PASS,
main,sections\proposed_algorithm.tex,800,generated by papers/scripts/generate_comparator_params.py from the,int,1000,yes,yes,PASS,yes
main,sections\proposed_algorithm.tex,800,generated by papers/scripts/generate_comparator_params.py from the,int,50,yes,yes,PASS,
main,sections\proposed_algorithm.tex,818,phase_03/notation_table.md (RNG block),int,0,yes,yes,PASS,
main,sections\proposed_algorithm.tex,855,phase_03/complexity_analysis.md (dimension-gated table),int,3,yes,yes,PASS,
main,sections\proposed_algorithm.tex,861,phase_03/complexity_analysis.md (whole-run model),int,2,yes,yes,PASS,
main,sections\proposed_algorithm.tex,871,phase_03/complexity_analysis.md (memory paragraph),int,100,yes,yes,PASS,
main,sections\proposed_algorithm.tex,871,phase_03/complexity_analysis.md (memory paragraph),int,200,yes,yes,PASS,
main,sections\proposed_algorithm.tex,871,phase_03/complexity_analysis.md (memory paragraph),int,2,yes,yes,PASS,
main,sections\proposed_algorithm.tex,886,phase_03/evaluation_accounting_report.md Sections 1-2; SAP addendum Section 2 (C,pow10,3^6,yes,yes,PASS,
main,sections\performance.tex,67,"PR-01, PR-04, PR-05 (claims matrix; benchmark_protocol_audit.md)",pow10,^4,yes,yes,PASS,
main,sections\performance.tex,67,"PR-01, PR-04, PR-05 (claims matrix; benchmark_protocol_audit.md)",pow10,^-8,yes,yes,PASS,
main,sections\performance.tex,67,"PR-01, PR-04, PR-05 (claims matrix; benchmark_protocol_audit.md)",int,29,yes,yes,PASS,
main,sections\performance.tex,67,"PR-01, PR-04, PR-05 (claims matrix; benchmark_protocol_audit.md)",int,100,yes,yes,PASS,
main,sections\performance.tex,67,"PR-01, PR-04, PR-05 (claims matrix; benchmark_protocol_audit.md)",int,51,yes,yes,PASS,
main,sections\performance.tex,81,"PR-02, PR-04 (claims matrix; data_ledger.csv); benchmarks/cec_suite_python/cec20",pow10,^30,yes,yes,PASS,
main,sections\performance.tex,86,PR-03 (claims matrix); captions_registry conventions,pow10,^4,yes,yes,PASS,
main,sections\performance.tex,86,PR-03 (claims matrix); captions_registry conventions,int,28,yes,yes,PASS,
main,sections\performance.tex,86,PR-03 (claims matrix); captions_registry conventions,int,50,yes,yes,PASS,
main,sections\performance.tex,86,PR-03 (claims matrix); captions_registry conventions,int,51,yes,yes,PASS,
main,sections\performance.tex,96,SAP addendum Section 2 (protocol facts registered before any CEC2020 datum); RS-,pow10,5^4,yes,yes,PASS,
main,sections\performance.tex,96,SAP addendum Section 2 (protocol facts registered before any CEC2020 datum); RS-,pow10,3^6,yes,yes,PASS,yes
main,sections\performance.tex,96,SAP addendum Section 2 (protocol facts registered before any CEC2020 datum); RS-,pow10,^6,yes,yes,PASS,yes
main,sections\performance.tex,96,SAP addendum Section 2 (protocol facts registered before any CEC2020 datum); RS-,pow10,^7,yes,yes,PASS,
main,sections\performance.tex,96,SAP addendum Section 2 (protocol facts registered before any CEC2020 datum); RS-,pow10,^-8,yes,yes,PASS,
main,sections\performance.tex,96,SAP addendum Section 2 (protocol facts registered before any CEC2020 datum); RS-,int,10,yes,yes,PASS,
main,sections\performance.tex,96,SAP addendum Section 2 (protocol facts registered before any CEC2020 datum); RS-,int,20,yes,yes,PASS,
main,sections\performance.tex,96,SAP addendum Section 2 (protocol facts registered before any CEC2020 datum); RS-,int,5,yes,yes,PASS,
main,sections\performance.tex,96,SAP addendum Section 2 (protocol facts registered before any CEC2020 datum); RS-,int,38,yes,yes,PASS,
main,sections\performance.tex,96,SAP addendum Section 2 (protocol facts registered before any CEC2020 datum); RS-,int,30,yes,yes,PASS,
main,sections\performance.tex,96,SAP addendum Section 2 (protocol facts registered before any CEC2020 datum); RS-,int,5,yes,yes,PASS,
main,sections\performance.tex,96,SAP addendum Section 2 (protocol facts registered before any CEC2020 datum); RS-,int,10,yes,yes,PASS,
main,sections\performance.tex,96,SAP addendum Section 2 (protocol facts registered before any CEC2020 datum); RS-,int,15,yes,yes,PASS,
main,sections\performance.tex,96,SAP addendum Section 2 (protocol facts registered before any CEC2020 datum); RS-,int,20,yes,yes,PASS,
main,sections\performance.tex,106,SAP addendum Section 2; RS-13; production_deviation_record.md D-8.2 (Ackley vari,pow10,3^6,yes,yes,PASS,
main,sections\performance.tex,106,SAP addendum Section 2; RS-13; production_deviation_record.md D-8.2 (Ackley vari,int,905,yes,yes,PASS,
main,sections\performance.tex,106,SAP addendum Section 2; RS-13; production_deviation_record.md D-8.2 (Ackley vari,int,25,yes,yes,PASS,
main,sections\performance.tex,139,"papers/governance/seed_and_pairing_audit.md (formula, base seed, audit counts); ",pow10,^-8,yes,yes,PASS,
main,sections\performance.tex,139,"papers/governance/seed_and_pairing_audit.md (formula, base seed, audit counts); ",decimal,0.05,yes,yes,PASS,
main,sections\performance.tex,139,"papers/governance/seed_and_pairing_audit.md (formula, base seed, audit counts); ",int,5,yes,yes,PASS,
main,sections\performance.tex,139,"papers/governance/seed_and_pairing_audit.md (formula, base seed, audit counts); ",int,20240620,yes,yes,PASS,yes
main,sections\performance.tex,139,"papers/governance/seed_and_pairing_audit.md (formula, base seed, audit counts); ",int,1000003,yes,yes,PASS,
main,sections\performance.tex,139,"papers/governance/seed_and_pairing_audit.md (formula, base seed, audit counts); ",int,1000033,yes,yes,PASS,
main,sections\performance.tex,139,"papers/governance/seed_and_pairing_audit.md (formula, base seed, audit counts); ",int,1000037,yes,yes,PASS,
main,sections\performance.tex,139,"papers/governance/seed_and_pairing_audit.md (formula, base seed, audit counts); ",int,2,yes,yes,PASS,
main,sections\performance.tex,139,"papers/governance/seed_and_pairing_audit.md (formula, base seed, audit counts); ",int,31,yes,yes,PASS,
main,sections\performance.tex,139,"papers/governance/seed_and_pairing_audit.md (formula, base seed, audit counts); ",int,2,yes,yes,PASS,
main,sections\performance.tex,139,"papers/governance/seed_and_pairing_audit.md (formula, base seed, audit counts); ",int,1,yes,yes,PASS,
main,sections\performance.tex,139,"papers/governance/seed_and_pairing_audit.md (formula, base seed, audit counts); ",int,5,yes,yes,PASS,
main,sections\performance.tex,139,"papers/governance/seed_and_pairing_audit.md (formula, base seed, audit counts); ",int,5,yes,yes,PASS,
main,sections\performance.tex,139,"papers/governance/seed_and_pairing_audit.md (formula, base seed, audit counts); ",int,0,yes,yes,PASS,
main,sections\performance.tex,139,"papers/governance/seed_and_pairing_audit.md (formula, base seed, audit counts); ",int,5,yes,yes,PASS,
main,sections\performance.tex,139,"papers/governance/seed_and_pairing_audit.md (formula, base seed, audit counts); ",int,6,yes,yes,PASS,
main,sections\performance.tex,157,production_deviation_record.md D-8.4 (linkage_block_size_by_dim 905/1000 -> 50);,int,905,yes,yes,PASS,
main,sections\performance.tex,157,production_deviation_record.md D-8.4 (linkage_block_size_by_dim 905/1000 -> 50);,int,1000,yes,yes,PASS,
main,sections\performance.tex,157,production_deviation_record.md D-8.4 (linkage_block_size_by_dim 905/1000 -> 50);,int,50,yes,yes,PASS,
main,sections\performance.tex,188,PR-06 (claims matrix); seed_and_pairing_audit.md,int,5,yes,yes,PASS,
main,sections\performance.tex,188,PR-06 (claims matrix); seed_and_pairing_audit.md,int,0,yes,yes,PASS,
main,sections\performance.tex,329,phase6_run_analysis.py L333/359/1879/1946 (zero_method=wilcox; normal_approx_con,decimal,0.56,yes,yes,PASS,
main,sections\performance.tex,329,phase6_run_analysis.py L333/359/1879/1946 (zero_method=wilcox; normal_approx_con,decimal,0.64,yes,yes,PASS,
main,sections\performance.tex,329,phase6_run_analysis.py L333/359/1879/1946 (zero_method=wilcox; normal_approx_con,decimal,0.71,yes,yes,PASS,
main,sections\performance.tex,329,phase6_run_analysis.py L333/359/1879/1946 (zero_method=wilcox; normal_approx_con,int,12,yes,yes,PASS,
main,sections\performance.tex,329,phase6_run_analysis.py L333/359/1879/1946 (zero_method=wilcox; normal_approx_con,int,12,yes,yes,PASS,
main,sections\performance.tex,365,"AN-OMNI-2017-D10..D100 (tie_correction_C, friedman_chi2_uncorrected); M-026",decimal,0.979,yes,yes,PASS,
main,sections\performance.tex,365,"AN-OMNI-2017-D10..D100 (tie_correction_C, friedman_chi2_uncorrected); M-026",int,30,yes,yes,PASS,
main,sections\performance.tex,365,"AN-OMNI-2017-D10..D100 (tie_correction_C, friedman_chi2_uncorrected); M-026",int,1,yes,yes,PASS,
main,sections\performance.tex,365,"AN-OMNI-2017-D10..D100 (tie_correction_C, friedman_chi2_uncorrected); M-026",int,50,yes,yes,PASS,
main,sections\performance.tex,365,"AN-OMNI-2017-D10..D100 (tie_correction_C, friedman_chi2_uncorrected); M-026",int,100,yes,yes,PASS,
main,sections\performance.tex,365,"AN-OMNI-2017-D10..D100 (tie_correction_C, friedman_chi2_uncorrected); M-026",int,1,yes,yes,PASS,
main,sections\performance.tex,389,"TAB-T15 (papers/tables/T15.tex, GSK rows)",int,22,yes,yes,PASS,
main,sections\performance.tex,389,"TAB-T15 (papers/tables/T15.tex, GSK rows)",int,4,yes,yes,PASS,
main,sections\performance.tex,389,"TAB-T15 (papers/tables/T15.tex, GSK rows)",int,19,yes,yes,PASS,
main,sections\performance.tex,389,"TAB-T15 (papers/tables/T15.tex, GSK rows)",int,2,yes,yes,PASS,
main,sections\performance.tex,389,"TAB-T15 (papers/tables/T15.tex, GSK rows)",int,22,yes,yes,PASS,
main,sections\performance.tex,389,"TAB-T15 (papers/tables/T15.tex, GSK rows)",int,0,yes,yes,PASS,
main,sections\performance.tex,389,"TAB-T15 (papers/tables/T15.tex, GSK rows)",int,20,yes,yes,PASS,
main,sections\performance.tex,389,"TAB-T15 (papers/tables/T15.tex, GSK rows)",int,0,yes,yes,PASS,
main,sections\performance.tex,389,"TAB-T15 (papers/tables/T15.tex, GSK rows)",int,9,yes,yes,PASS,
main,sections\performance.tex,389,"TAB-T15 (papers/tables/T15.tex, GSK rows)",int,10,yes,yes,PASS,
main,sections\performance.tex,389,"TAB-T15 (papers/tables/T15.tex, GSK rows)",int,30,yes,yes,PASS,
main,sections\performance.tex,389,"TAB-T15 (papers/tables/T15.tex, GSK rows)",int,50,yes,yes,PASS,
main,sections\performance.tex,389,"TAB-T15 (papers/tables/T15.tex, GSK rows)",int,100,yes,yes,PASS,
main,sections\performance.tex,394,"AN-CLASS-2017 (class_ranks_cec2017.csv, hybrid rows)",decimal,1.60,yes,yes,PASS,
main,sections\performance.tex,394,"AN-CLASS-2017 (class_ranks_cec2017.csv, hybrid rows)",decimal,1.80,yes,yes,PASS,
main,sections\performance.tex,394,"AN-CLASS-2017 (class_ranks_cec2017.csv, hybrid rows)",decimal,2.30,yes,yes,PASS,
main,sections\performance.tex,394,"AN-CLASS-2017 (class_ranks_cec2017.csv, hybrid rows)",int,30,yes,yes,PASS,
main,sections\performance.tex,394,"AN-CLASS-2017 (class_ranks_cec2017.csv, hybrid rows)",int,30,yes,yes,PASS,
main,sections\performance.tex,394,"AN-CLASS-2017 (class_ranks_cec2017.csv, hybrid rows)",int,50,yes,yes,PASS,
main,sections\performance.tex,394,"AN-CLASS-2017 (class_ranks_cec2017.csv, hybrid rows)",int,100,yes,yes,PASS,
main,sections\performance.tex,398,"AN-CLASS-2017 (class_ranks_cec2017.csv, simple_multimodal rows)",decimal,2.07,yes,yes,PASS,
main,sections\performance.tex,398,"AN-CLASS-2017 (class_ranks_cec2017.csv, simple_multimodal rows)",decimal,2.29,yes,yes,PASS,
main,sections\performance.tex,398,"AN-CLASS-2017 (class_ranks_cec2017.csv, simple_multimodal rows)",decimal,1.71,yes,yes,PASS,
main,sections\performance.tex,398,"AN-CLASS-2017 (class_ranks_cec2017.csv, simple_multimodal rows)",decimal,3.29,yes,yes,PASS,
main,sections\performance.tex,398,"AN-CLASS-2017 (class_ranks_cec2017.csv, simple_multimodal rows)",decimal,2.43,yes,yes,PASS,
main,sections\performance.tex,398,"AN-CLASS-2017 (class_ranks_cec2017.csv, simple_multimodal rows)",int,100,yes,yes,PASS,
main,sections\performance.tex,398,"AN-CLASS-2017 (class_ranks_cec2017.csv, simple_multimodal rows)",int,30,yes,yes,PASS,
main,sections\performance.tex,405,"AN-CLASS-2017 (class_ranks_cec2017.csv, composition rows)",decimal,3.70,yes,yes,PASS,
main,sections\performance.tex,405,"AN-CLASS-2017 (class_ranks_cec2017.csv, composition rows)",decimal,2.65,yes,yes,PASS,yes
main,sections\performance.tex,405,"AN-CLASS-2017 (class_ranks_cec2017.csv, composition rows)",decimal,2.75,yes,yes,PASS,
main,sections\performance.tex,405,"AN-CLASS-2017 (class_ranks_cec2017.csv, composition rows)",decimal,2.90,yes,yes,PASS,
main,sections\performance.tex,405,"AN-CLASS-2017 (class_ranks_cec2017.csv, composition rows)",decimal,2.50,yes,yes,PASS,
main,sections\performance.tex,405,"AN-CLASS-2017 (class_ranks_cec2017.csv, composition rows)",decimal,2.85,yes,yes,PASS,
main,sections\performance.tex,405,"AN-CLASS-2017 (class_ranks_cec2017.csv, composition rows)",decimal,2.45,yes,yes,PASS,
main,sections\performance.tex,405,"AN-CLASS-2017 (class_ranks_cec2017.csv, composition rows)",decimal,2.90,yes,yes,PASS,
main,sections\performance.tex,405,"AN-CLASS-2017 (class_ranks_cec2017.csv, composition rows)",decimal,2.70,yes,yes,PASS,
main,sections\performance.tex,405,"AN-CLASS-2017 (class_ranks_cec2017.csv, composition rows)",int,10,yes,yes,PASS,
main,sections\performance.tex,405,"AN-CLASS-2017 (class_ranks_cec2017.csv, composition rows)",int,50,yes,yes,PASS,
main,sections\performance.tex,405,"AN-CLASS-2017 (class_ranks_cec2017.csv, composition rows)",int,100,yes,yes,PASS,
main,sections\performance.tex,420,AN-OMNI-2017-D10/D30/D50/D100 (friedman_ranks_cec2017_D*.csv); TAB-T16,pow10,1.2^-9,yes,yes,PASS,
main,sections\performance.tex,420,AN-OMNI-2017-D10/D30/D50/D100 (friedman_ranks_cec2017_D*.csv); TAB-T16,decimal,2.88,yes,yes,PASS,
main,sections\performance.tex,420,AN-OMNI-2017-D10/D30/D50/D100 (friedman_ranks_cec2017_D*.csv); TAB-T16,decimal,2.21,yes,yes,PASS,
main,sections\performance.tex,420,AN-OMNI-2017-D10/D30/D50/D100 (friedman_ranks_cec2017_D*.csv); TAB-T16,decimal,2.34,yes,yes,PASS,
main,sections\performance.tex,420,AN-OMNI-2017-D10/D30/D50/D100 (friedman_ranks_cec2017_D*.csv); TAB-T16,decimal,2.50,yes,yes,PASS,
main,sections\performance.tex,420,AN-OMNI-2017-D10/D30/D50/D100 (friedman_ranks_cec2017_D*.csv); TAB-T16,decimal,2.29,yes,yes,PASS,yes
main,sections\performance.tex,420,AN-OMNI-2017-D10/D30/D50/D100 (friedman_ranks_cec2017_D*.csv); TAB-T16,int,10,yes,yes,PASS,
main,sections\performance.tex,420,AN-OMNI-2017-D10/D30/D50/D100 (friedman_ranks_cec2017_D*.csv); TAB-T16,int,50,yes,yes,PASS,
main,sections\performance.tex,420,AN-OMNI-2017-D10/D30/D50/D100 (friedman_ranks_cec2017_D*.csv); TAB-T16,int,100,yes,yes,PASS,
main,sections\performance.tex,420,AN-OMNI-2017-D10/D30/D50/D100 (friedman_ranks_cec2017_D*.csv); TAB-T16,int,30,yes,yes,PASS,
main,sections\performance.tex,426,TAB-T15 (eGSK rows); negative_findings.md item 3,int,11,yes,yes,PASS,
main,sections\performance.tex,426,TAB-T15 (eGSK rows); negative_findings.md item 3,int,2,yes,yes,PASS,
main,sections\performance.tex,426,TAB-T15 (eGSK rows); negative_findings.md item 3,int,16,yes,yes,PASS,
main,sections\performance.tex,426,TAB-T15 (eGSK rows); negative_findings.md item 3,int,30,yes,yes,PASS,
main,sections\performance.tex,426,TAB-T15 (eGSK rows); negative_findings.md item 3,int,13,yes,yes,PASS,
main,sections\performance.tex,426,TAB-T15 (eGSK rows); negative_findings.md item 3,int,0,yes,yes,PASS,
main,sections\performance.tex,426,TAB-T15 (eGSK rows); negative_findings.md item 3,int,16,yes,yes,PASS,
main,sections\performance.tex,426,TAB-T15 (eGSK rows); negative_findings.md item 3,int,50,yes,yes,PASS,
main,sections\performance.tex,426,TAB-T15 (eGSK rows); negative_findings.md item 3,int,12,yes,yes,PASS,
main,sections\performance.tex,426,TAB-T15 (eGSK rows); negative_findings.md item 3,int,0,yes,yes,PASS,
main,sections\performance.tex,426,TAB-T15 (eGSK rows); negative_findings.md item 3,int,17,yes,yes,PASS,
main,sections\performance.tex,426,TAB-T15 (eGSK rows); negative_findings.md item 3,int,100,yes,yes,PASS,
main,sections\performance.tex,426,TAB-T15 (eGSK rows); negative_findings.md item 3,int,50,yes,yes,PASS,
main,sections\performance.tex,432,RS-01 NARROWED (AN-RANKAGG-2017-OVERALL; friedman_ranks_cec2017_overall.csv),decimal,2.48,yes,yes,PASS,
main,sections\performance.tex,432,RS-01 NARROWED (AN-RANKAGG-2017-OVERALL; friedman_ranks_cec2017_overall.csv),decimal,2.96,yes,yes,PASS,
main,sections\performance.tex,432,RS-01 NARROWED (AN-RANKAGG-2017-OVERALL; friedman_ranks_cec2017_overall.csv),int,7,yes,yes,PASS,
main,sections\performance.tex,459,FIG-CEC2017-RANKS (captions_registry),int,29,yes,yes,PASS,
main,sections\performance.tex,459,FIG-CEC2017-RANKS (captions_registry),int,51,yes,yes,PASS,
main,sections\performance.tex,497,TAB-T15 (A12 unit-of-analysis; APGSK-GAP provenance),int,12,yes,yes,PASS,
main,sections\performance.tex,497,TAB-T15 (A12 unit-of-analysis; APGSK-GAP provenance),int,50,yes,yes,PASS,
main,sections\performance.tex,512,TAB-T15 (validated); captions_registry TAB-T15,int,0,yes,yes,PASS,
main,sections\performance.tex,521,TAB-T15 (tally of the Dec. columns); Holm family = 6 per dimension (Sec. statist,int,24,yes,yes,PASS,
main,sections\performance.tex,521,TAB-T15 (tally of the Dec. columns); Holm family = 6 per dimension (Sec. statist,int,17,yes,yes,PASS,
main,sections\performance.tex,521,TAB-T15 (tally of the Dec. columns); Holm family = 6 per dimension (Sec. statist,int,7,yes,yes,PASS,
main,sections\performance.tex,521,TAB-T15 (tally of the Dec. columns); Holm family = 6 per dimension (Sec. statist,int,6,yes,yes,PASS,
main,sections\performance.tex,521,TAB-T15 (tally of the Dec. columns); Holm family = 6 per dimension (Sec. statist,int,24,yes,yes,PASS,
main,sections\performance.tex,528,AN-GHOLM-2017 (global_holm_sensitivity_cec2017.csv); M-028,decimal,0.05,yes,yes,PASS,
main,sections\performance.tex,528,AN-GHOLM-2017 (global_holm_sensitivity_cec2017.csv); M-028,int,24,yes,yes,PASS,
main,sections\performance.tex,528,AN-GHOLM-2017 (global_holm_sensitivity_cec2017.csv); M-028,int,15,yes,yes,PASS,
main,sections\performance.tex,528,AN-GHOLM-2017 (global_holm_sensitivity_cec2017.csv); M-028,int,24,yes,yes,PASS,
main,sections\performance.tex,528,AN-GHOLM-2017 (global_holm_sensitivity_cec2017.csv); M-028,int,10,yes,yes,PASS,
main,sections\performance.tex,528,AN-GHOLM-2017 (global_holm_sensitivity_cec2017.csv); M-028,int,30,yes,yes,PASS,
main,sections\performance.tex,536,"TAB-T15 (eGSK rows); negative_findings.md items 1, 3",decimal,0.0035,yes,yes,PASS,
main,sections\performance.tex,536,"TAB-T15 (eGSK rows); negative_findings.md items 1, 3",decimal,0.199,yes,yes,PASS,
main,sections\performance.tex,536,"TAB-T15 (eGSK rows); negative_findings.md items 1, 3",decimal,1.0,yes,yes,PASS,
main,sections\performance.tex,536,"TAB-T15 (eGSK rows); negative_findings.md items 1, 3",decimal,0.795,yes,yes,PASS,
main,sections\performance.tex,536,"TAB-T15 (eGSK rows); negative_findings.md items 1, 3",decimal,0.286,yes,yes,PASS,
main,sections\performance.tex,536,"TAB-T15 (eGSK rows); negative_findings.md items 1, 3",decimal,0.002,yes,yes,PASS,
main,sections\performance.tex,536,"TAB-T15 (eGSK rows); negative_findings.md items 1, 3",decimal,0.057,yes,yes,PASS,
main,sections\performance.tex,536,"TAB-T15 (eGSK rows); negative_findings.md items 1, 3",int,10,yes,yes,PASS,
main,sections\performance.tex,536,"TAB-T15 (eGSK rows); negative_findings.md items 1, 3",int,100,yes,yes,PASS,yes
main,sections\performance.tex,540,TAB-T15 (GSK row); negative_findings.md item 6,decimal,0.0323,yes,yes,PASS,
main,sections\performance.tex,540,TAB-T15 (GSK row); negative_findings.md item 6,decimal,0.0646,yes,yes,PASS,
main,sections\performance.tex,540,TAB-T15 (GSK row); negative_findings.md item 6,int,100,yes,yes,PASS,
main,sections\performance.tex,540,TAB-T15 (GSK row); negative_findings.md item 6,int,20,yes,yes,PASS,
main,sections\performance.tex,540,TAB-T15 (GSK row); negative_findings.md item 6,int,0,yes,yes,PASS,
main,sections\performance.tex,540,TAB-T15 (GSK row); negative_findings.md item 6,int,9,yes,yes,PASS,
main,sections\performance.tex,545,TAB-T15 (D10 columns); negative_findings.md item 5,decimal,1.0,yes,yes,PASS,
main,sections\performance.tex,545,TAB-T15 (D10 columns); negative_findings.md item 5,int,10,yes,yes,PASS,
main,sections\performance.tex,551,TAB-T15 (AGSK/APGSK/FDB-AGSK/ATMALS-GSK rows),decimal,0.011,yes,yes,PASS,
main,sections\performance.tex,551,TAB-T15 (AGSK/APGSK/FDB-AGSK/ATMALS-GSK rows),decimal,0.037,yes,yes,PASS,
main,sections\performance.tex,551,TAB-T15 (AGSK/APGSK/FDB-AGSK/ATMALS-GSK rows),decimal,0.977,yes,yes,PASS,
main,sections\performance.tex,551,TAB-T15 (AGSK/APGSK/FDB-AGSK/ATMALS-GSK rows),int,100,yes,yes,PASS,
main,sections\performance.tex,551,TAB-T15 (AGSK/APGSK/FDB-AGSK/ATMALS-GSK rows),int,100,yes,yes,PASS,
main,sections\performance.tex,561,TAB-T16-BCA (papers/tables/T16_bca.tex; table typeset in the,decimal,2.29,yes,yes,PASS,
main,sections\performance.tex,561,TAB-T16-BCA (papers/tables/T16_bca.tex; table typeset in the,decimal,3.43,yes,yes,PASS,
main,sections\performance.tex,561,TAB-T16-BCA (papers/tables/T16_bca.tex; table typeset in the,decimal,2.07,yes,yes,PASS,yes
main,sections\performance.tex,561,TAB-T16-BCA (papers/tables/T16_bca.tex; table typeset in the,decimal,3.10,yes,yes,PASS,
main,sections\performance.tex,561,TAB-T16-BCA (papers/tables/T16_bca.tex; table typeset in the,decimal,1.86,yes,yes,PASS,
main,sections\performance.tex,561,TAB-T16-BCA (papers/tables/T16_bca.tex; table typeset in the,decimal,2.69,yes,yes,PASS,
main,sections\performance.tex,561,TAB-T16-BCA (papers/tables/T16_bca.tex; table typeset in the,decimal,1.90,yes,yes,PASS,
main,sections\performance.tex,561,TAB-T16-BCA (papers/tables/T16_bca.tex; table typeset in the,decimal,2.83,yes,yes,PASS,
main,sections\performance.tex,561,TAB-T16-BCA (papers/tables/T16_bca.tex; table typeset in the,int,10,yes,yes,PASS,
main,sections\performance.tex,561,TAB-T16-BCA (papers/tables/T16_bca.tex; table typeset in the,int,30,yes,yes,PASS,
main,sections\performance.tex,561,TAB-T16-BCA (papers/tables/T16_bca.tex; table typeset in the,int,50,yes,yes,PASS,
main,sections\performance.tex,561,TAB-T16-BCA (papers/tables/T16_bca.tex; table typeset in the,int,100,yes,yes,PASS,
main,sections\performance.tex,561,TAB-T16-BCA (papers/tables/T16_bca.tex; table typeset in the,int,100,yes,yes,PASS,
main,sections\performance.tex,571,"nemenyi_cd_cec2017_D10.csv (CD = 1.672993, q = 2.949)",decimal,0.05,yes,yes,PASS,
main,sections\performance.tex,571,"nemenyi_cd_cec2017_D10.csv (CD = 1.672993, q = 2.949)",decimal,0.05,yes,yes,PASS,
main,sections\performance.tex,571,"nemenyi_cd_cec2017_D10.csv (CD = 1.672993, q = 2.949)",decimal,1.67,yes,yes,PASS,
main,sections\performance.tex,571,"nemenyi_cd_cec2017_D10.csv (CD = 1.672993, q = 2.949)",decimal,0.05,yes,yes,PASS,
main,sections\performance.tex,571,"nemenyi_cd_cec2017_D10.csv (CD = 1.672993, q = 2.949)",decimal,2.949,yes,yes,PASS,
main,sections\performance.tex,571,"nemenyi_cd_cec2017_D10.csv (CD = 1.672993, q = 2.949)",int,7,yes,yes,PASS,
main,sections\performance.tex,571,"nemenyi_cd_cec2017_D10.csv (CD = 1.672993, q = 2.949)",int,29,yes,yes,PASS,
main,sections\performance.tex,571,"nemenyi_cd_cec2017_D10.csv (CD = 1.672993, q = 2.949)",int,1,yes,yes,PASS,
main,sections\performance.tex,579,negative_findings.md item 4 (rank gaps vs CD),decimal,1.36,yes,yes,PASS,
main,sections\performance.tex,579,negative_findings.md item 4 (rank gaps vs CD),decimal,0.21,yes,yes,PASS,
main,sections\performance.tex,579,negative_findings.md item 4 (rank gaps vs CD),decimal,0.41,yes,yes,PASS,
main,sections\performance.tex,579,negative_findings.md item 4 (rank gaps vs CD),decimal,0.34,yes,yes,PASS,
main,sections\performance.tex,579,negative_findings.md item 4 (rank gaps vs CD),decimal,0.35,yes,yes,PASS,
main,sections\performance.tex,579,negative_findings.md item 4 (rank gaps vs CD),int,10,yes,yes,PASS,
main,sections\performance.tex,579,negative_findings.md item 4 (rank gaps vs CD),int,30,yes,yes,PASS,
main,sections\performance.tex,579,negative_findings.md item 4 (rank gaps vs CD),int,50,yes,yes,PASS,
main,sections\performance.tex,579,negative_findings.md item 4 (rank gaps vs CD),int,100,yes,yes,PASS,
main,sections\performance.tex,579,negative_findings.md item 4 (rank gaps vs CD),int,100,yes,yes,PASS,
main,sections\performance.tex,591,FIG-CD-D10/D30/D50/D100 (captions_registry; consolidated 2x2 grid image),decimal,1.67,yes,yes,PASS,
main,sections\performance.tex,591,FIG-CD-D10/D30/D50/D100 (captions_registry; consolidated 2x2 grid image),decimal,0.05,yes,yes,PASS,
main,sections\performance.tex,591,FIG-CD-D10/D30/D50/D100 (captions_registry; consolidated 2x2 grid image),int,7,yes,yes,PASS,
main,sections\performance.tex,591,FIG-CD-D10/D30/D50/D100 (captions_registry; consolidated 2x2 grid image),int,29,yes,yes,PASS,
main,sections\performance.tex,599,AN-TREND-2017 (rank_trend_cec2017.csv); negative_findings.md item 9,decimal,2.88,yes,yes,PASS,
main,sections\performance.tex,599,AN-TREND-2017 (rank_trend_cec2017.csv); negative_findings.md item 9,decimal,2.50,yes,yes,PASS,
main,sections\performance.tex,599,AN-TREND-2017 (rank_trend_cec2017.csv); negative_findings.md item 9,decimal,2.21,yes,yes,PASS,
main,sections\performance.tex,599,AN-TREND-2017 (rank_trend_cec2017.csv); negative_findings.md item 9,decimal,2.34,yes,yes,PASS,
main,sections\performance.tex,599,AN-TREND-2017 (rank_trend_cec2017.csv); negative_findings.md item 9,int,100,yes,yes,PASS,
main,sections\performance.tex,599,AN-TREND-2017 (rank_trend_cec2017.csv); negative_findings.md item 9,int,30,yes,yes,PASS,
main,sections\performance.tex,599,AN-TREND-2017 (rank_trend_cec2017.csv); negative_findings.md item 9,int,100,yes,yes,PASS,
main,sections\performance.tex,599,AN-TREND-2017 (rank_trend_cec2017.csv); negative_findings.md item 9,int,50,yes,yes,PASS,
main,sections\performance.tex,610,"AN-ROB-2017-01, AN-ROB-2017-04 (robustness_cec2017_r01/r04*.csv; negative_findin",int,21,yes,yes,PASS,
main,sections\performance.tex,610,"AN-ROB-2017-01, AN-ROB-2017-04 (robustness_cec2017_r01/r04*.csv; negative_findin",int,4,yes,yes,PASS,
main,sections\performance.tex,610,"AN-ROB-2017-01, AN-ROB-2017-04 (robustness_cec2017_r01/r04*.csv; negative_findin",int,4,yes,yes,PASS,
main,sections\performance.tex,610,"AN-ROB-2017-01, AN-ROB-2017-04 (robustness_cec2017_r01/r04*.csv; negative_findin",int,17,yes,yes,PASS,
main,sections\performance.tex,610,"AN-ROB-2017-01, AN-ROB-2017-04 (robustness_cec2017_r01/r04*.csv; negative_findin",int,10,yes,yes,PASS,
main,sections\performance.tex,610,"AN-ROB-2017-01, AN-ROB-2017-04 (robustness_cec2017_r01/r04*.csv; negative_findin",int,2,yes,yes,PASS,
main,sections\performance.tex,610,"AN-ROB-2017-01, AN-ROB-2017-04 (robustness_cec2017_r01/r04*.csv; negative_findin",int,10,yes,yes,PASS,
main,sections\performance.tex,610,"AN-ROB-2017-01, AN-ROB-2017-04 (robustness_cec2017_r01/r04*.csv; negative_findin",int,10,yes,yes,PASS,
main,sections\performance.tex,610,"AN-ROB-2017-01, AN-ROB-2017-04 (robustness_cec2017_r01/r04*.csv; negative_findin",int,50,yes,yes,PASS,
main,sections\performance.tex,610,"AN-ROB-2017-01, AN-ROB-2017-04 (robustness_cec2017_r01/r04*.csv; negative_findin",int,50,yes,yes,PASS,
main,sections\performance.tex,610,"AN-ROB-2017-01, AN-ROB-2017-04 (robustness_cec2017_r01/r04*.csv; negative_findin",int,30,yes,yes,PASS,
main,sections\performance.tex,636,AN-ROB-2017-05 (r05 unpaired companion); AN-EXP-BH-2017; AN-ROB-2017-02 (r02 bra,pow10,^-8,yes,yes,PASS,
main,sections\performance.tex,636,AN-ROB-2017-05 (r05 unpaired companion); AN-EXP-BH-2017; AN-ROB-2017-02 (r02 bra,pow10,^-8,yes,yes,PASS,
main,sections\performance.tex,636,AN-ROB-2017-05 (r05 unpaired companion); AN-EXP-BH-2017; AN-ROB-2017-02 (r02 bra,group_int,"71,400",yes,yes,PASS,yes
main,sections\performance.tex,660,AN-OMNI-2011-NATIVE (friedman_ranks_cec2011.csv); RS-10 ACCEPTED wording,pow10,6.0^-4,yes,yes,PASS,
main,sections\performance.tex,660,AN-OMNI-2011-NATIVE (friedman_ranks_cec2011.csv); RS-10 ACCEPTED wording,decimal,3.36,yes,yes,PASS,
main,sections\performance.tex,660,AN-OMNI-2011-NATIVE (friedman_ranks_cec2011.csv); RS-10 ACCEPTED wording,decimal,2.52,yes,yes,PASS,
main,sections\performance.tex,660,AN-OMNI-2011-NATIVE (friedman_ranks_cec2011.csv); RS-10 ACCEPTED wording,decimal,4.27,yes,yes,PASS,
main,sections\performance.tex,671,"AN-PW-2011-NATIVE (wilcoxon_holm_cec2011.csv, egsk row); negative_findings.md it",decimal,0.84,yes,yes,PASS,
main,sections\performance.tex,671,"AN-PW-2011-NATIVE (wilcoxon_holm_cec2011.csv, egsk row); negative_findings.md it",decimal,1.92,yes,yes,PASS,
main,sections\performance.tex,671,"AN-PW-2011-NATIVE (wilcoxon_holm_cec2011.csv, egsk row); negative_findings.md it",int,20,yes,yes,PASS,
main,sections\performance.tex,678,AN-PW-2011-NATIVE (wilcoxon_holm_cec2011.csv all rows),pow10,1.6^-2,yes,yes,PASS,
main,sections\performance.tex,678,AN-PW-2011-NATIVE (wilcoxon_holm_cec2011.csv all rows),pow10,4.2^-2,yes,yes,PASS,
main,sections\performance.tex,678,AN-PW-2011-NATIVE (wilcoxon_holm_cec2011.csv all rows),decimal,0.137,yes,yes,PASS,
main,sections\performance.tex,678,AN-PW-2011-NATIVE (wilcoxon_holm_cec2011.csv all rows),decimal,0.323,yes,yes,PASS,
main,sections\performance.tex,686,"TAB-T06 (papers/tables/T06.tex; R+, R-, p, p_holm, W/T/L)",pow10,4.6^-2,yes,yes,PASS,
main,sections\performance.tex,686,"TAB-T06 (papers/tables/T06.tex; R+, R-, p, p_holm, W/T/L)",decimal,0.137,yes,yes,PASS,
main,sections\performance.tex,686,"TAB-T06 (papers/tables/T06.tex; R+, R-, p, p_holm, W/T/L)",int,13,yes,yes,PASS,
main,sections\performance.tex,686,"TAB-T06 (papers/tables/T06.tex; R+, R-, p, p_holm, W/T/L)",int,2,yes,yes,PASS,
main,sections\performance.tex,686,"TAB-T06 (papers/tables/T06.tex; R+, R-, p, p_holm, W/T/L)",int,159,yes,yes,PASS,yes
main,sections\performance.tex,686,"TAB-T06 (papers/tables/T06.tex; R+, R-, p, p_holm, W/T/L)",int,51,yes,yes,PASS,
main,sections\performance.tex,686,"TAB-T06 (papers/tables/T06.tex; R+, R-, p, p_holm, W/T/L)",int,22,yes,yes,PASS,
main,sections\performance.tex,701,FIG-CEC2011-RANKS (captions_registry) [CEC2011-EGSK-LOSS],pow10,4.2^-2,yes,yes,PASS,
main,sections\performance.tex,701,FIG-CEC2011-RANKS (captions_registry) [CEC2011-EGSK-LOSS],int,22,yes,yes,PASS,
main,sections\performance.tex,701,FIG-CEC2011-RANKS (captions_registry) [CEC2011-EGSK-LOSS],int,25,yes,yes,PASS,
main,sections\performance.tex,721,AN-RANKAGG-2013-OVERALL (friedman_ranks_cec2013_overall.csv),decimal,2.80,yes,yes,PASS,
main,sections\performance.tex,721,AN-RANKAGG-2013-OVERALL (friedman_ranks_cec2013_overall.csv),decimal,3.41,yes,yes,PASS,
main,sections\performance.tex,748,AN-RANKAGG-2013-OVERALL (friedman_ranks_cec2013_overall.csv); AN-OMNI-2013-D10/D,decimal,3.95,yes,yes,PASS,
main,sections\performance.tex,748,AN-RANKAGG-2013-OVERALL (friedman_ranks_cec2013_overall.csv); AN-OMNI-2013-D10/D,decimal,4.13,yes,yes,PASS,
main,sections\performance.tex,748,AN-RANKAGG-2013-OVERALL (friedman_ranks_cec2013_overall.csv); AN-OMNI-2013-D10/D,decimal,4.27,yes,yes,PASS,
main,sections\performance.tex,748,AN-RANKAGG-2013-OVERALL (friedman_ranks_cec2013_overall.csv); AN-OMNI-2013-D10/D,decimal,4.11,yes,yes,PASS,
main,sections\performance.tex,748,AN-RANKAGG-2013-OVERALL (friedman_ranks_cec2013_overall.csv); AN-OMNI-2013-D10/D,decimal,4.21,yes,yes,PASS,
main,sections\performance.tex,748,AN-RANKAGG-2013-OVERALL (friedman_ranks_cec2013_overall.csv); AN-OMNI-2013-D10/D,decimal,3.34,yes,yes,PASS,
main,sections\performance.tex,748,AN-RANKAGG-2013-OVERALL (friedman_ranks_cec2013_overall.csv); AN-OMNI-2013-D10/D,decimal,3.38,yes,yes,PASS,
main,sections\performance.tex,748,AN-RANKAGG-2013-OVERALL (friedman_ranks_cec2013_overall.csv); AN-OMNI-2013-D10/D,decimal,3.64,yes,yes,PASS,
main,sections\performance.tex,748,AN-RANKAGG-2013-OVERALL (friedman_ranks_cec2013_overall.csv); AN-OMNI-2013-D10/D,decimal,3.88,yes,yes,PASS,
main,sections\performance.tex,748,AN-RANKAGG-2013-OVERALL (friedman_ranks_cec2013_overall.csv); AN-OMNI-2013-D10/D,decimal,3.07,yes,yes,PASS,
main,sections\performance.tex,748,AN-RANKAGG-2013-OVERALL (friedman_ranks_cec2013_overall.csv); AN-OMNI-2013-D10/D,decimal,3.29,yes,yes,PASS,
main,sections\performance.tex,748,AN-RANKAGG-2013-OVERALL (friedman_ranks_cec2013_overall.csv); AN-OMNI-2013-D10/D,decimal,3.41,yes,yes,PASS,
main,sections\performance.tex,748,AN-RANKAGG-2013-OVERALL (friedman_ranks_cec2013_overall.csv); AN-OMNI-2013-D10/D,decimal,2.41,yes,yes,PASS,
main,sections\performance.tex,748,AN-RANKAGG-2013-OVERALL (friedman_ranks_cec2013_overall.csv); AN-OMNI-2013-D10/D,decimal,3.38,yes,yes,PASS,
main,sections\performance.tex,748,AN-RANKAGG-2013-OVERALL (friedman_ranks_cec2013_overall.csv); AN-OMNI-2013-D10/D,decimal,2.61,yes,yes,PASS,
main,sections\performance.tex,748,AN-RANKAGG-2013-OVERALL (friedman_ranks_cec2013_overall.csv); AN-OMNI-2013-D10/D,decimal,2.80,yes,yes,PASS,
main,sections\performance.tex,757,AN-OMNI-2013-D10/D30/D50 (friedman_ranks_cec2013_D*.csv); negative_findings.md i,pow10,5.3^-8,yes,yes,PASS,
main,sections\performance.tex,757,AN-OMNI-2013-D10/D30/D50 (friedman_ranks_cec2013_D*.csv); negative_findings.md i,pow10,1.1^-3,yes,yes,PASS,
main,sections\performance.tex,757,AN-OMNI-2013-D10/D30/D50 (friedman_ranks_cec2013_D*.csv); negative_findings.md i,pow10,2.9^-6,yes,yes,PASS,
main,sections\performance.tex,757,AN-OMNI-2013-D10/D30/D50 (friedman_ranks_cec2013_D*.csv); negative_findings.md i,decimal,2.41,yes,yes,PASS,
main,sections\performance.tex,757,AN-OMNI-2013-D10/D30/D50 (friedman_ranks_cec2013_D*.csv); negative_findings.md i,decimal,3.38,yes,yes,PASS,
main,sections\performance.tex,757,AN-OMNI-2013-D10/D30/D50 (friedman_ranks_cec2013_D*.csv); negative_findings.md i,decimal,3.07,yes,yes,PASS,
main,sections\performance.tex,757,AN-OMNI-2013-D10/D30/D50 (friedman_ranks_cec2013_D*.csv); negative_findings.md i,decimal,3.34,yes,yes,PASS,
main,sections\performance.tex,757,AN-OMNI-2013-D10/D30/D50 (friedman_ranks_cec2013_D*.csv); negative_findings.md i,decimal,2.61,yes,yes,PASS,
main,sections\performance.tex,757,AN-OMNI-2013-D10/D30/D50 (friedman_ranks_cec2013_D*.csv); negative_findings.md i,int,10,yes,yes,PASS,
main,sections\performance.tex,757,AN-OMNI-2013-D10/D30/D50 (friedman_ranks_cec2013_D*.csv); negative_findings.md i,int,30,yes,yes,PASS,
main,sections\performance.tex,757,AN-OMNI-2013-D10/D30/D50 (friedman_ranks_cec2013_D*.csv); negative_findings.md i,int,50,yes,yes,PASS,
main,sections\performance.tex,763,"AN-PW-2013-D30 (wilcoxon_holm_cec2013_D30.csv, egsk/atmals rows)",decimal,0.748,yes,yes,PASS,
main,sections\performance.tex,763,"AN-PW-2013-D30 (wilcoxon_holm_cec2013_D30.csv, egsk/atmals rows)",int,30,yes,yes,PASS,
main,sections\performance.tex,763,"AN-PW-2013-D30 (wilcoxon_holm_cec2013_D30.csv, egsk/atmals rows)",int,30,yes,yes,PASS,
main,sections\performance.tex,770,TAB-T14 (papers/tables/T14.tex); AN-PW-2013-D10/D30/D50,pow10,1.9^-4,yes,yes,PASS,
main,sections\performance.tex,770,TAB-T14 (papers/tables/T14.tex); AN-PW-2013-D10/D30/D50,pow10,3.1^-2,yes,yes,PASS,
main,sections\performance.tex,770,TAB-T14 (papers/tables/T14.tex); AN-PW-2013-D10/D30/D50,pow10,2.7^-3,yes,yes,PASS,
main,sections\performance.tex,770,TAB-T14 (papers/tables/T14.tex); AN-PW-2013-D10/D30/D50,int,10,yes,yes,PASS,
main,sections\performance.tex,770,TAB-T14 (papers/tables/T14.tex); AN-PW-2013-D10/D30/D50,int,30,yes,yes,PASS,
main,sections\performance.tex,770,TAB-T14 (papers/tables/T14.tex); AN-PW-2013-D10/D30/D50,int,50,yes,yes,PASS,
main,sections\performance.tex,770,TAB-T14 (papers/tables/T14.tex); AN-PW-2013-D10/D30/D50,int,24,yes,yes,PASS,
main,sections\performance.tex,770,TAB-T14 (papers/tables/T14.tex); AN-PW-2013-D10/D30/D50,int,2,yes,yes,PASS,
main,sections\performance.tex,770,TAB-T14 (papers/tables/T14.tex); AN-PW-2013-D10/D30/D50,int,21,yes,yes,PASS,
main,sections\performance.tex,770,TAB-T14 (papers/tables/T14.tex); AN-PW-2013-D10/D30/D50,int,2,yes,yes,PASS,
main,sections\performance.tex,770,TAB-T14 (papers/tables/T14.tex); AN-PW-2013-D10/D30/D50,int,24,yes,yes,PASS,
main,sections\performance.tex,770,TAB-T14 (papers/tables/T14.tex); AN-PW-2013-D10/D30/D50,int,2,yes,yes,PASS,
main,sections\performance.tex,770,TAB-T14 (papers/tables/T14.tex); AN-PW-2013-D10/D30/D50,int,2,yes,yes,PASS,
main,sections\performance.tex,770,TAB-T14 (papers/tables/T14.tex); AN-PW-2013-D10/D30/D50,int,340,yes,yes,PASS,
main,sections\performance.tex,770,TAB-T14 (papers/tables/T14.tex); AN-PW-2013-D10/D30/D50,int,11,yes,yes,PASS,
main,sections\performance.tex,770,TAB-T14 (papers/tables/T14.tex); AN-PW-2013-D10/D30/D50,int,286,yes,yes,PASS,
main,sections\performance.tex,770,TAB-T14 (papers/tables/T14.tex); AN-PW-2013-D10/D30/D50,int,65,yes,yes,PASS,
main,sections\performance.tex,770,TAB-T14 (papers/tables/T14.tex); AN-PW-2013-D10/D30/D50,int,314,yes,yes,PASS,
main,sections\performance.tex,770,TAB-T14 (papers/tables/T14.tex); AN-PW-2013-D10/D30/D50,int,37,yes,yes,PASS,
main,sections\performance.tex,802,SAP addendum Section 2 (registered protocol facts); yue2020cec2020,pow10,5^4,yes,yes,PASS,
main,sections\performance.tex,802,SAP addendum Section 2 (registered protocol facts); yue2020cec2020,pow10,^7,yes,yes,PASS,
main,sections\performance.tex,802,SAP addendum Section 2 (registered protocol facts); yue2020cec2020,pow10,^-8,yes,yes,PASS,
main,sections\performance.tex,802,SAP addendum Section 2 (registered protocol facts); yue2020cec2020,int,10,yes,yes,PASS,
main,sections\performance.tex,802,SAP addendum Section 2 (registered protocol facts); yue2020cec2020,int,20,yes,yes,PASS,
main,sections\performance.tex,802,SAP addendum Section 2 (registered protocol facts); yue2020cec2020,int,5,yes,yes,PASS,
main,sections\performance.tex,802,SAP addendum Section 2 (registered protocol facts); yue2020cec2020,int,38,yes,yes,PASS,
main,sections\performance.tex,802,SAP addendum Section 2 (registered protocol facts); yue2020cec2020,int,30,yes,yes,PASS,
main,sections\performance.tex,802,SAP addendum Section 2 (registered protocol facts); yue2020cec2020,int,5,yes,yes,PASS,
main,sections\performance.tex,802,SAP addendum Section 2 (registered protocol facts); yue2020cec2020,int,20,yes,yes,PASS,
main,sections\performance.tex,810,"RS-12 (SAP addendum Sec. 9 [AGSK first] variant verbatim, slot = fourth per Amen",int,20,yes,yes,PASS,
main,sections\performance.tex,819,"ART-PARAMS (_dt_profiles.py tier dicts, hash-frozen); tab:architecture categorie",int,20,yes,yes,PASS,
main,sections\performance.tex,819,"ART-PARAMS (_dt_profiles.py tier dicts, hash-frozen); tab:architecture categorie",int,49,yes,yes,PASS,
main,sections\performance.tex,826,AN-RANKAGG-2020-OVERALL (friedman_ranks_cec2020_overall.csv),decimal,4.11,yes,yes,PASS,
main,sections\performance.tex,826,AN-RANKAGG-2020-OVERALL (friedman_ranks_cec2020_overall.csv),decimal,2.09,yes,yes,PASS,
main,sections\performance.tex,826,AN-RANKAGG-2020-OVERALL (friedman_ranks_cec2020_overall.csv),decimal,2.31,yes,yes,PASS,
main,sections\performance.tex,826,AN-RANKAGG-2020-OVERALL (friedman_ranks_cec2020_overall.csv),int,5,yes,yes,PASS,
main,sections\performance.tex,826,AN-RANKAGG-2020-OVERALL (friedman_ranks_cec2020_overall.csv),int,8,yes,yes,PASS,
main,sections\performance.tex,835,"AN-OMNI-2020-D5/D10/D15/D20 (friedman_ranks_cec2020_5.csv, friedman_ranks_cec202",decimal,4.25,yes,yes,PASS,
main,sections\performance.tex,835,"AN-OMNI-2020-D5/D10/D15/D20 (friedman_ranks_cec2020_5.csv, friedman_ranks_cec202",decimal,4.10,yes,yes,PASS,
main,sections\performance.tex,835,"AN-OMNI-2020-D5/D10/D15/D20 (friedman_ranks_cec2020_5.csv, friedman_ranks_cec202",decimal,3.50,yes,yes,PASS,
main,sections\performance.tex,835,"AN-OMNI-2020-D5/D10/D15/D20 (friedman_ranks_cec2020_5.csv, friedman_ranks_cec202",decimal,4.60,yes,yes,PASS,
main,sections\performance.tex,835,"AN-OMNI-2020-D5/D10/D15/D20 (friedman_ranks_cec2020_5.csv, friedman_ranks_cec202",decimal,1.90,yes,yes,PASS,
main,sections\performance.tex,835,"AN-OMNI-2020-D5/D10/D15/D20 (friedman_ranks_cec2020_5.csv, friedman_ranks_cec202",decimal,2.10,yes,yes,PASS,
main,sections\performance.tex,835,"AN-OMNI-2020-D5/D10/D15/D20 (friedman_ranks_cec2020_5.csv, friedman_ranks_cec202",decimal,1.60,yes,yes,PASS,
main,sections\performance.tex,835,"AN-OMNI-2020-D5/D10/D15/D20 (friedman_ranks_cec2020_5.csv, friedman_ranks_cec202",decimal,2.38,yes,yes,PASS,
main,sections\performance.tex,835,"AN-OMNI-2020-D5/D10/D15/D20 (friedman_ranks_cec2020_5.csv, friedman_ranks_cec202",int,5,yes,yes,PASS,
main,sections\performance.tex,835,"AN-OMNI-2020-D5/D10/D15/D20 (friedman_ranks_cec2020_5.csv, friedman_ranks_cec202",int,10,yes,yes,PASS,
main,sections\performance.tex,835,"AN-OMNI-2020-D5/D10/D15/D20 (friedman_ranks_cec2020_5.csv, friedman_ranks_cec202",int,15,yes,yes,PASS,
main,sections\performance.tex,835,"AN-OMNI-2020-D5/D10/D15/D20 (friedman_ranks_cec2020_5.csv, friedman_ranks_cec202",int,20,yes,yes,PASS,
main,sections\performance.tex,835,"AN-OMNI-2020-D5/D10/D15/D20 (friedman_ranks_cec2020_5.csv, friedman_ranks_cec202",int,20,yes,yes,PASS,
main,sections\performance.tex,835,"AN-OMNI-2020-D5/D10/D15/D20 (friedman_ranks_cec2020_5.csv, friedman_ranks_cec202",int,5,yes,yes,PASS,
main,sections\performance.tex,871,AN-OMNI-2020-D5/D10/D15/D20 + AN-RANKAGG-2020-OVERALL,pow10,6.1^-5,yes,yes,PASS,
main,sections\performance.tex,871,AN-OMNI-2020-D5/D10/D15/D20 + AN-RANKAGG-2020-OVERALL,pow10,1.8^-11,yes,yes,PASS,
main,sections\performance.tex,871,AN-OMNI-2020-D5/D10/D15/D20 + AN-RANKAGG-2020-OVERALL,pow10,4.3^-10,yes,yes,PASS,yes
main,sections\performance.tex,871,AN-OMNI-2020-D5/D10/D15/D20 + AN-RANKAGG-2020-OVERALL,pow10,7.2^-13,yes,yes,PASS,
main,sections\performance.tex,871,AN-OMNI-2020-D5/D10/D15/D20 + AN-RANKAGG-2020-OVERALL,pow10,7.0^-5,yes,yes,PASS,
main,sections\performance.tex,871,AN-OMNI-2020-D5/D10/D15/D20 + AN-RANKAGG-2020-OVERALL,pow10,1.0^-5,yes,yes,PASS,
main,sections\performance.tex,871,AN-OMNI-2020-D5/D10/D15/D20 + AN-RANKAGG-2020-OVERALL,pow10,1.0^-5,yes,yes,PASS,
main,sections\performance.tex,871,AN-OMNI-2020-D5/D10/D15/D20 + AN-RANKAGG-2020-OVERALL,pow10,1.0^-5,yes,yes,PASS,
main,sections\performance.tex,871,AN-OMNI-2020-D5/D10/D15/D20 + AN-RANKAGG-2020-OVERALL,decimal,23.22,yes,yes,PASS,
main,sections\performance.tex,871,AN-OMNI-2020-D5/D10/D15/D20 + AN-RANKAGG-2020-OVERALL,decimal,40.24,yes,yes,PASS,
main,sections\performance.tex,871,AN-OMNI-2020-D5/D10/D15/D20 + AN-RANKAGG-2020-OVERALL,decimal,37.66,yes,yes,PASS,
main,sections\performance.tex,871,AN-OMNI-2020-D5/D10/D15/D20 + AN-RANKAGG-2020-OVERALL,decimal,42.52,yes,yes,PASS,
main,sections\performance.tex,871,AN-OMNI-2020-D5/D10/D15/D20 + AN-RANKAGG-2020-OVERALL,int,8,yes,yes,PASS,
main,sections\performance.tex,871,AN-OMNI-2020-D5/D10/D15/D20 + AN-RANKAGG-2020-OVERALL,int,10,yes,yes,PASS,
main,sections\performance.tex,871,AN-OMNI-2020-D5/D10/D15/D20 + AN-RANKAGG-2020-OVERALL,int,10,yes,yes,PASS,
main,sections\performance.tex,871,AN-OMNI-2020-D5/D10/D15/D20 + AN-RANKAGG-2020-OVERALL,int,10,yes,yes,PASS,
main,sections\performance.tex,871,AN-OMNI-2020-D5/D10/D15/D20 + AN-RANKAGG-2020-OVERALL,int,2,yes,yes,PASS,
main,sections\performance.tex,883,"AN-PW-2020-D5..D20 (wilcoxon_holm_cec2020_5.csv, wilcoxon_holm_cec2020_10.csv, w",int,15,yes,yes,PASS,
main,sections\performance.tex,883,"AN-PW-2020-D5..D20 (wilcoxon_holm_cec2020_5.csv, wilcoxon_holm_cec2020_10.csv, w",int,20,yes,yes,PASS,
main,sections\performance.tex,883,"AN-PW-2020-D5..D20 (wilcoxon_holm_cec2020_5.csv, wilcoxon_holm_cec2020_10.csv, w",int,20,yes,yes,PASS,
main,sections\performance.tex,883,"AN-PW-2020-D5..D20 (wilcoxon_holm_cec2020_5.csv, wilcoxon_holm_cec2020_10.csv, w",int,5,yes,yes,PASS,
main,sections\performance.tex,883,"AN-PW-2020-D5..D20 (wilcoxon_holm_cec2020_5.csv, wilcoxon_holm_cec2020_10.csv, w",int,10,yes,yes,PASS,
main,sections\performance.tex,890,SAP addendum Section 3 (directional expectation); Amendment 2 A2.3 (binding word,int,20,yes,yes,PASS,
main,sections\performance.tex,922,AN-OMNI-LSGO-NATIVE (friedman_ranks_cec2013lsgo_native.csv; nemenyi_cd_cec2013ls,decimal,3.13,yes,yes,PASS,
main,sections\performance.tex,922,AN-OMNI-LSGO-NATIVE (friedman_ranks_cec2013lsgo_native.csv; nemenyi_cd_cec2013ls,decimal,5.47,yes,yes,PASS,
main,sections\performance.tex,922,AN-OMNI-LSGO-NATIVE (friedman_ranks_cec2013lsgo_native.csv; nemenyi_cd_cec2013ls,decimal,2.33,yes,yes,PASS,
main,sections\performance.tex,922,AN-OMNI-LSGO-NATIVE (friedman_ranks_cec2013lsgo_native.csv; nemenyi_cd_cec2013ls,int,15,yes,yes,PASS,
main,sections\performance.tex,954,AN-OMNI-LSGO-NATIVE + AN-PW-LSGO-NATIVE,decimal,3.867,yes,yes,PASS,
main,sections\performance.tex,954,AN-OMNI-LSGO-NATIVE + AN-PW-LSGO-NATIVE,decimal,0.7615,yes,yes,PASS,
main,sections\performance.tex,954,AN-OMNI-LSGO-NATIVE + AN-PW-LSGO-NATIVE,decimal,1.0000,yes,yes,PASS,
main,sections\performance.tex,954,AN-OMNI-LSGO-NATIVE + AN-PW-LSGO-NATIVE,decimal,3.933,yes,yes,PASS,
main,sections\performance.tex,954,AN-OMNI-LSGO-NATIVE + AN-PW-LSGO-NATIVE,decimal,0.0833,yes,yes,PASS,
main,sections\performance.tex,954,AN-OMNI-LSGO-NATIVE + AN-PW-LSGO-NATIVE,decimal,0.3330,yes,yes,PASS,
main,sections\performance.tex,954,AN-OMNI-LSGO-NATIVE + AN-PW-LSGO-NATIVE,decimal,4.933,yes,yes,PASS,yes
main,sections\performance.tex,954,AN-OMNI-LSGO-NATIVE + AN-PW-LSGO-NATIVE,decimal,0.0554,yes,yes,PASS,
main,sections\performance.tex,954,AN-OMNI-LSGO-NATIVE + AN-PW-LSGO-NATIVE,decimal,0.2875,yes,yes,PASS,
main,sections\performance.tex,954,AN-OMNI-LSGO-NATIVE + AN-PW-LSGO-NATIVE,decimal,5.467,yes,yes,PASS,
main,sections\performance.tex,954,AN-OMNI-LSGO-NATIVE + AN-PW-LSGO-NATIVE,decimal,0.0479,yes,yes,PASS,
main,sections\performance.tex,954,AN-OMNI-LSGO-NATIVE + AN-PW-LSGO-NATIVE,decimal,0.2875,yes,yes,PASS,
main,sections\performance.tex,954,AN-OMNI-LSGO-NATIVE + AN-PW-LSGO-NATIVE,int,4,yes,yes,PASS,
main,sections\performance.tex,954,AN-OMNI-LSGO-NATIVE + AN-PW-LSGO-NATIVE,int,8,yes,yes,PASS,
main,sections\performance.tex,954,AN-OMNI-LSGO-NATIVE + AN-PW-LSGO-NATIVE,int,0,yes,yes,PASS,
main,sections\performance.tex,954,AN-OMNI-LSGO-NATIVE + AN-PW-LSGO-NATIVE,int,7,yes,yes,PASS,
main,sections\performance.tex,954,AN-OMNI-LSGO-NATIVE + AN-PW-LSGO-NATIVE,int,5,yes,yes,PASS,
main,sections\performance.tex,954,AN-OMNI-LSGO-NATIVE + AN-PW-LSGO-NATIVE,int,11,yes,yes,PASS,
main,sections\performance.tex,954,AN-OMNI-LSGO-NATIVE + AN-PW-LSGO-NATIVE,int,0,yes,yes,PASS,
main,sections\performance.tex,954,AN-OMNI-LSGO-NATIVE + AN-PW-LSGO-NATIVE,int,4,yes,yes,PASS,
main,sections\performance.tex,954,AN-OMNI-LSGO-NATIVE + AN-PW-LSGO-NATIVE,int,6,yes,yes,PASS,
main,sections\performance.tex,954,AN-OMNI-LSGO-NATIVE + AN-PW-LSGO-NATIVE,int,11,yes,yes,PASS,
main,sections\performance.tex,954,AN-OMNI-LSGO-NATIVE + AN-PW-LSGO-NATIVE,int,0,yes,yes,PASS,
main,sections\performance.tex,954,AN-OMNI-LSGO-NATIVE + AN-PW-LSGO-NATIVE,int,4,yes,yes,PASS,
main,sections\performance.tex,954,AN-OMNI-LSGO-NATIVE + AN-PW-LSGO-NATIVE,int,7,yes,yes,PASS,
main,sections\performance.tex,954,AN-OMNI-LSGO-NATIVE + AN-PW-LSGO-NATIVE,int,11,yes,yes,PASS,
main,sections\performance.tex,954,AN-OMNI-LSGO-NATIVE + AN-PW-LSGO-NATIVE,int,0,yes,yes,PASS,
main,sections\performance.tex,954,AN-OMNI-LSGO-NATIVE + AN-PW-LSGO-NATIVE,int,4,yes,yes,PASS,
main,sections\performance.tex,964,"AN-PW-LSGO-NATIVE (wilcoxon_holm_cec2013lsgo_native.csv, agsk row); Amendment 1 ",decimal,0.847,yes,yes,PASS,yes
main,sections\performance.tex,964,"AN-PW-LSGO-NATIVE (wilcoxon_holm_cec2013lsgo_native.csv, agsk row); Amendment 1 ",decimal,1.0,yes,yes,PASS,
main,sections\performance.tex,974,"AN-EFF-LSGO-NATIVE (effect_sizes_cec2013lsgo_native.csv, atmals-gsk rows; mean o",decimal,0.0025,yes,yes,PASS,
main,sections\performance.tex,974,"AN-EFF-LSGO-NATIVE (effect_sizes_cec2013lsgo_native.csv, atmals-gsk rows; mean o",int,15,yes,yes,PASS,
main,sections\performance.tex,979,production_deviation_record.md D-8.4,int,905,yes,yes,PASS,
main,sections\performance.tex,979,production_deviation_record.md D-8.4,int,1000,yes,yes,PASS,
main,sections\performance.tex,996,"AN-CONV-2017-D30/D100 (curve_selection_cec2017_D30.csv, curve_selection_cec2017_",int,30,yes,yes,PASS,
main,sections\performance.tex,996,"AN-CONV-2017-D30/D100 (curve_selection_cec2017_D30.csv, curve_selection_cec2017_",int,100,yes,yes,PASS,
main,sections\performance.tex,1005,"captions_registry conventions (aggregation, display floor)",pow10,^-14,yes,yes,PASS,
main,sections\performance.tex,1005,"captions_registry conventions (aggregation, display floor)",int,30,yes,yes,PASS,
main,sections\performance.tex,1016,"AN-DESC-2017-D30 (descriptive_stats_cec2017_D30.csv, F26 rows)",pow10,1.32^3,yes,yes,PASS,
main,sections\performance.tex,1016,"AN-DESC-2017-D30 (descriptive_stats_cec2017_D30.csv, F26 rows)",pow10,9.85^2,yes,yes,PASS,yes
main,sections\performance.tex,1016,"AN-DESC-2017-D30 (descriptive_stats_cec2017_D30.csv, F26 rows)",pow10,3.00^2,yes,yes,PASS,
main,sections\performance.tex,1016,"AN-DESC-2017-D30 (descriptive_stats_cec2017_D30.csv, F26 rows)",pow10,7.5^1,yes,yes,PASS,
main,sections\performance.tex,1016,"AN-DESC-2017-D30 (descriptive_stats_cec2017_D30.csv, F26 rows)",pow10,2.7^2,yes,yes,PASS,
main,sections\performance.tex,1016,"AN-DESC-2017-D30 (descriptive_stats_cec2017_D30.csv, F26 rows)",decimal,2.00,yes,yes,PASS,
main,sections\performance.tex,1029,"AN-DESC-2017-D100 (descriptive_stats_cec2017_D100.csv, F26 rows)",pow10,4.09^3,yes,yes,PASS,
main,sections\performance.tex,1029,"AN-DESC-2017-D100 (descriptive_stats_cec2017_D100.csv, F26 rows)",pow10,5.55^3,yes,yes,PASS,
main,sections\performance.tex,1029,"AN-DESC-2017-D100 (descriptive_stats_cec2017_D100.csv, F26 rows)",pow10,1.03^4,yes,yes,PASS,yes
main,sections\performance.tex,1029,"AN-DESC-2017-D100 (descriptive_stats_cec2017_D100.csv, F26 rows)",pow10,1.10^4,yes,yes,PASS,
main,sections\performance.tex,1029,"AN-DESC-2017-D100 (descriptive_stats_cec2017_D100.csv, F26 rows)",pow10,1.22^4,yes,yes,PASS,
main,sections\performance.tex,1029,"AN-DESC-2017-D100 (descriptive_stats_cec2017_D100.csv, F26 rows)",pow10,3.69^3,yes,yes,PASS,
main,sections\performance.tex,1029,"AN-DESC-2017-D100 (descriptive_stats_cec2017_D100.csv, F26 rows)",pow10,3.05^3,yes,yes,PASS,
main,sections\performance.tex,1029,"AN-DESC-2017-D100 (descriptive_stats_cec2017_D100.csv, F26 rows)",int,100,yes,yes,PASS,
main,sections\performance.tex,1049,FIG-CONV-MAIN-D30 (captions_registry),int,30,yes,yes,PASS,
main,sections\performance.tex,1060,FIG-CONV-MAIN-D100 (captions_registry),int,100,yes,yes,PASS,
main,sections\performance.tex,1074,"AN-COST-2017 (cost_cec2017.csv, dt-gsk cec2017 rows); LM-04",group_int,"1,479",yes,yes,PASS,yes
main,sections\performance.tex,1074,"AN-COST-2017 (cost_cec2017.csv, dt-gsk cec2017 rows); LM-04",int,29,yes,yes,PASS,
main,sections\performance.tex,1074,"AN-COST-2017 (cost_cec2017.csv, dt-gsk cec2017 rows); LM-04",int,51,yes,yes,PASS,
main,sections\performance.tex,1074,"AN-COST-2017 (cost_cec2017.csv, dt-gsk cec2017 rows); LM-04",int,51,yes,yes,PASS,
main,sections\performance.tex,1123,"AN-COST-2017 (cost_cec2017.csv, dt-gsk cec2017 rows; 2-dp display)",decimal,4.93,yes,yes,PASS,
main,sections\performance.tex,1123,"AN-COST-2017 (cost_cec2017.csv, dt-gsk cec2017 rows; 2-dp display)",decimal,0.83,yes,yes,PASS,
main,sections\performance.tex,1123,"AN-COST-2017 (cost_cec2017.csv, dt-gsk cec2017 rows; 2-dp display)",decimal,13.04,yes,yes,PASS,
main,sections\performance.tex,1123,"AN-COST-2017 (cost_cec2017.csv, dt-gsk cec2017 rows; 2-dp display)",decimal,2.69,yes,yes,PASS,
main,sections\performance.tex,1123,"AN-COST-2017 (cost_cec2017.csv, dt-gsk cec2017 rows; 2-dp display)",decimal,23.30,yes,yes,PASS,
main,sections\performance.tex,1123,"AN-COST-2017 (cost_cec2017.csv, dt-gsk cec2017 rows; 2-dp display)",decimal,5.23,yes,yes,PASS,
main,sections\performance.tex,1123,"AN-COST-2017 (cost_cec2017.csv, dt-gsk cec2017 rows; 2-dp display)",decimal,41.59,yes,yes,PASS,
main,sections\performance.tex,1123,"AN-COST-2017 (cost_cec2017.csv, dt-gsk cec2017 rows; 2-dp display)",decimal,13.95,yes,yes,PASS,
main,sections\performance.tex,1123,"AN-COST-2017 (cost_cec2017.csv, dt-gsk cec2017 rows; 2-dp display)",int,10,yes,yes,PASS,
main,sections\performance.tex,1123,"AN-COST-2017 (cost_cec2017.csv, dt-gsk cec2017 rows; 2-dp display)",int,30,yes,yes,PASS,
main,sections\performance.tex,1123,"AN-COST-2017 (cost_cec2017.csv, dt-gsk cec2017 rows; 2-dp display)",int,50,yes,yes,PASS,
main,sections\performance.tex,1123,"AN-COST-2017 (cost_cec2017.csv, dt-gsk cec2017 rows; 2-dp display)",int,100,yes,yes,PASS,
main,sections\performance.tex,1145,E2 (rev-rel-2026-08-26-dd42d37eb); rank-claim qualification,int,100,yes,yes,PASS,
main,sections\performance.tex,1145,E2 (rev-rel-2026-08-26-dd42d37eb); rank-claim qualification,int,50,yes,yes,PASS,
main,sections\performance.tex,1145,E2 (rev-rel-2026-08-26-dd42d37eb); rank-claim qualification,int,100,yes,yes,PASS,
main,sections\performance.tex,1171,AN-CLASS-2017 (class_ranks_cec2017.csv),decimal,3.70,yes,yes,PASS,
main,sections\performance.tex,1171,AN-CLASS-2017 (class_ranks_cec2017.csv),int,30,yes,yes,PASS,
main,sections\performance.tex,1171,AN-CLASS-2017 (class_ranks_cec2017.csv),int,30,yes,yes,PASS,
main,sections\performance.tex,1171,AN-CLASS-2017 (class_ranks_cec2017.csv),int,10,yes,yes,PASS,
main,sections\performance.tex,1182,IN-02 permitted wording (consistent-with framing; causality deferred),int,50,yes,yes,PASS,
main,sections\performance.tex,1192,IN-01 (AN-TREND-2017; blocked wording: no monotone claim),decimal,2.50,yes,yes,PASS,
main,sections\performance.tex,1192,IN-01 (AN-TREND-2017; blocked wording: no monotone claim),decimal,2.21,yes,yes,PASS,
main,sections\performance.tex,1192,IN-01 (AN-TREND-2017; blocked wording: no monotone claim),decimal,2.34,yes,yes,PASS,
main,sections\performance.tex,1192,IN-01 (AN-TREND-2017; blocked wording: no monotone claim),int,10,yes,yes,PASS,
main,sections\performance.tex,1192,IN-01 (AN-TREND-2017; blocked wording: no monotone claim),int,50,yes,yes,PASS,
main,sections\performance.tex,1192,IN-01 (AN-TREND-2017; blocked wording: no monotone claim),int,100,yes,yes,PASS,
main,sections\performance.tex,1192,IN-01 (AN-TREND-2017; blocked wording: no monotone claim),int,30,yes,yes,PASS,
main,sections\performance.tex,1192,IN-01 (AN-TREND-2017; blocked wording: no monotone claim),int,100,yes,yes,PASS,
main,sections\performance.tex,1192,IN-01 (AN-TREND-2017; blocked wording: no monotone claim),int,50,yes,yes,PASS,
main,sections\performance.tex,1212,IN-02 NARROWED (X-ABL-02 T-1: intended-role clause removed; per-component attrib,int,30,yes,yes,PASS,
main,sections\performance.tex,1212,IN-02 NARROWED (X-ABL-02 T-1: intended-role clause removed; per-component attrib,int,30,yes,yes,PASS,
main,sections\performance.tex,1212,IN-02 NARROWED (X-ABL-02 T-1: intended-role clause removed; per-component attrib,int,10,yes,yes,PASS,
main,sections\performance.tex,1224,"TAB-T15; negative_findings.md items 3, 4",int,30,yes,yes,PASS,
main,sections\performance.tex,1224,"TAB-T15; negative_findings.md items 3, 4",int,11,yes,yes,PASS,
main,sections\performance.tex,1224,"TAB-T15; negative_findings.md items 3, 4",int,2,yes,yes,PASS,
main,sections\performance.tex,1224,"TAB-T15; negative_findings.md items 3, 4",int,13,yes,yes,PASS,
main,sections\performance.tex,1224,"TAB-T15; negative_findings.md items 3, 4",int,0,yes,yes,PASS,
main,sections\performance.tex,1224,"TAB-T15; negative_findings.md items 3, 4",int,12,yes,yes,PASS,
main,sections\performance.tex,1224,"TAB-T15; negative_findings.md items 3, 4",int,0,yes,yes,PASS,
main,sections\performance.tex,1224,"TAB-T15; negative_findings.md items 3, 4",int,17,yes,yes,PASS,
main,sections\performance.tex,1230,AN-PW-2011-NATIVE; IN-03 NARROWED,pow10,4.2^-2,yes,yes,PASS,
main,sections\performance.tex,1233,AN-RANKAGG-2013-OVERALL; AN-OMNI-2013-D30,decimal,2.80,yes,yes,PASS,
main,sections\performance.tex,1233,AN-RANKAGG-2013-OVERALL; AN-OMNI-2013-D30,decimal,3.38,yes,yes,PASS,
main,sections\performance.tex,1233,AN-RANKAGG-2013-OVERALL; AN-OMNI-2013-D30,int,30,yes,yes,PASS,
main,sections\performance.tex,1258,AN-RANKAGG-2017-OVERALL (friedman_ranks_cec2017_overall.csv); AN-RANKAGG-2013-OV,int,30,yes,yes,PASS,
main,sections\conclusions.tex,41,"RS-01 NARROWED, CN-01 (AN-RANKAGG-2017-OVERALL; AN-OMNI-2017-D10/D30/D50/D100)",decimal,2.96,yes,yes,PASS,
main,sections\conclusions.tex,41,"RS-01 NARROWED, CN-01 (AN-RANKAGG-2017-OVERALL; AN-OMNI-2017-D10/D30/D50/D100)",decimal,2.88,yes,yes,PASS,
main,sections\conclusions.tex,41,"RS-01 NARROWED, CN-01 (AN-RANKAGG-2017-OVERALL; AN-OMNI-2017-D10/D30/D50/D100)",decimal,2.21,yes,yes,PASS,
main,sections\conclusions.tex,41,"RS-01 NARROWED, CN-01 (AN-RANKAGG-2017-OVERALL; AN-OMNI-2017-D10/D30/D50/D100)",decimal,2.34,yes,yes,PASS,
main,sections\conclusions.tex,41,"RS-01 NARROWED, CN-01 (AN-RANKAGG-2017-OVERALL; AN-OMNI-2017-D10/D30/D50/D100)",decimal,2.50,yes,yes,PASS,
main,sections\conclusions.tex,41,"RS-01 NARROWED, CN-01 (AN-RANKAGG-2017-OVERALL; AN-OMNI-2017-D10/D30/D50/D100)",decimal,2.29,yes,yes,PASS,
main,sections\conclusions.tex,41,"RS-01 NARROWED, CN-01 (AN-RANKAGG-2017-OVERALL; AN-OMNI-2017-D10/D30/D50/D100)",int,10,yes,yes,PASS,
main,sections\conclusions.tex,41,"RS-01 NARROWED, CN-01 (AN-RANKAGG-2017-OVERALL; AN-OMNI-2017-D10/D30/D50/D100)",int,50,yes,yes,PASS,
main,sections\conclusions.tex,41,"RS-01 NARROWED, CN-01 (AN-RANKAGG-2017-OVERALL; AN-OMNI-2017-D10/D30/D50/D100)",int,100,yes,yes,PASS,
main,sections\conclusions.tex,41,"RS-01 NARROWED, CN-01 (AN-RANKAGG-2017-OVERALL; AN-OMNI-2017-D10/D30/D50/D100)",int,30,yes,yes,PASS,
main,sections\conclusions.tex,46,TAB-T15 (decision-column tally); M-028 (no global FWER claim),int,6,yes,yes,PASS,
main,sections\conclusions.tex,53,negative_findings.md items 3-4 (TAB-T15 eGSK rows; nemenyi_cd_cec2017_D*.csv),decimal,1.67,yes,yes,PASS,
main,sections\conclusions.tex,53,negative_findings.md items 3-4 (TAB-T15 eGSK rows; nemenyi_cd_cec2017_D*.csv),int,12,yes,yes,PASS,
main,sections\conclusions.tex,53,negative_findings.md items 3-4 (TAB-T15 eGSK rows; nemenyi_cd_cec2017_D*.csv),int,0,yes,yes,PASS,
main,sections\conclusions.tex,53,negative_findings.md items 3-4 (TAB-T15 eGSK rows; nemenyi_cd_cec2017_D*.csv),int,17,yes,yes,PASS,
main,sections\conclusions.tex,57,RS-10 ACCEPTED (AN-OMNI-2011-NATIVE; AN-PW-2011-NATIVE),pow10,4.2^-2,yes,yes,PASS,
main,sections\conclusions.tex,57,RS-10 ACCEPTED (AN-OMNI-2011-NATIVE; AN-PW-2011-NATIVE),decimal,2.52,yes,yes,PASS,
main,sections\conclusions.tex,61,AN-RANKAGG-2013-OVERALL; AN-OMNI-2013-D30 (negative_findings.md item 10),decimal,2.80,yes,yes,PASS,
main,sections\conclusions.tex,61,AN-RANKAGG-2013-OVERALL; AN-OMNI-2013-D30 (negative_findings.md item 10),int,30,yes,yes,PASS,
main,sections\conclusions.tex,87,"AN-ROB-2017-01, AN-ROB-2017-04 (r01/r04 DIVERGE verdicts); AN-ROB-2020 (robustne",int,15,yes,yes,PASS,
main,sections\conclusions.tex,103,E4 (rev-rel-2026-08-26-dd42d37eb); E5 (rev2-rel-2026-08-28-203c78744); explorato,int,100,yes,yes,PASS,
main,sections\conclusions.tex,103,E4 (rev-rel-2026-08-26-dd42d37eb); E5 (rev2-rel-2026-08-28-203c78744); explorato,int,50,yes,yes,PASS,
main,sections\conclusions.tex,103,E4 (rev-rel-2026-08-26-dd42d37eb); E5 (rev2-rel-2026-08-28-203c78744); explorato,int,100,yes,yes,PASS,
main,sections\conclusions.tex,121,E3 (rev-rel-2026-08-26-dd42d37eb); C2 narrowed; D30 tier,int,10,yes,yes,PASS,
main,sections\conclusions.tex,121,E3 (rev-rel-2026-08-26-dd42d37eb); C2 narrowed; D30 tier,int,50,yes,yes,PASS,
supplementary,supplementary.tex,188,PR-01; PR-04,pow10,^4,yes,yes,PASS,
supplementary,supplementary.tex,188,PR-01; PR-04,int,29,yes,yes,PASS,
supplementary,supplementary.tex,188,PR-01; PR-04,int,100,yes,yes,PASS,
supplementary,supplementary.tex,188,PR-01; PR-04,int,51,yes,yes,PASS,
supplementary,supplementary.tex,193,PR-02; PR-04,group_int,"150,000",yes,yes,PASS,yes
supplementary,supplementary.tex,193,PR-02; PR-04,int,22,yes,yes,PASS,
supplementary,supplementary.tex,193,PR-02; PR-04,int,25,yes,yes,PASS,
supplementary,supplementary.tex,197,"PR-03; AN-PW-2013-D10..D50 (n=28, 51 runs; seed_and_pairing_audit.md: 4,284 = 3 ",pow10,^4,yes,yes,PASS,
supplementary,supplementary.tex,197,"PR-03; AN-PW-2013-D10..D50 (n=28, 51 runs; seed_and_pairing_audit.md: 4,284 = 3 ",int,28,yes,yes,PASS,
supplementary,supplementary.tex,197,"PR-03; AN-PW-2013-D10..D50 (n=28, 51 runs; seed_and_pairing_audit.md: 4,284 = 3 ",int,50,yes,yes,PASS,
supplementary,supplementary.tex,197,"PR-03; AN-PW-2013-D10..D50 (n=28, 51 runs; seed_and_pairing_audit.md: 4,284 = 3 ",int,51,yes,yes,PASS,
supplementary,supplementary.tex,203,RS-12; addendum Section 2 (Section~S8),pow10,5^4,yes,yes,PASS,
supplementary,supplementary.tex,203,RS-12; addendum Section 2 (Section~S8),pow10,3^6,yes,yes,PASS,
supplementary,supplementary.tex,203,RS-12; addendum Section 2 (Section~S8),pow10,^6,yes,yes,PASS,
supplementary,supplementary.tex,203,RS-12; addendum Section 2 (Section~S8),pow10,^7,yes,yes,PASS,
supplementary,supplementary.tex,203,RS-12; addendum Section 2 (Section~S8),int,10,yes,yes,PASS,
supplementary,supplementary.tex,203,RS-12; addendum Section 2 (Section~S8),int,20,yes,yes,PASS,
supplementary,supplementary.tex,203,RS-12; addendum Section 2 (Section~S8),int,5,yes,yes,PASS,
supplementary,supplementary.tex,203,RS-12; addendum Section 2 (Section~S8),int,38,yes,yes,PASS,
supplementary,supplementary.tex,203,RS-12; addendum Section 2 (Section~S8),int,30,yes,yes,PASS,
supplementary,supplementary.tex,203,RS-12; addendum Section 2 (Section~S8),int,20,yes,yes,PASS,
supplementary,supplementary.tex,208,RS-13; addendum Section 2 (Section~S7),pow10,3^6,yes,yes,PASS,
supplementary,supplementary.tex,208,RS-13; addendum Section 2 (Section~S7),int,15,yes,yes,PASS,
supplementary,supplementary.tex,208,RS-13; addendum Section 2 (Section~S7),int,1000,yes,yes,PASS,
supplementary,supplementary.tex,208,RS-13; addendum Section 2 (Section~S7),int,905,yes,yes,PASS,
supplementary,supplementary.tex,208,RS-13; addendum Section 2 (Section~S7),int,25,yes,yes,PASS,
supplementary,supplementary.tex,212,PR-05; addendum Section 2,pow10,^-8,yes,yes,PASS,yes
supplementary,supplementary.tex,225,AN-PW-2017-D10..D100 protocol constants (captions_registry.md conventions block),pow10,^-8,yes,yes,PASS,
supplementary,supplementary.tex,225,AN-PW-2017-D10..D100 protocol constants (captions_registry.md conventions block),decimal,0.05,yes,yes,PASS,
supplementary,supplementary.tex,251,generated by papers/scripts/generate_function_inventory.py from the,int,29,yes,yes,PASS,
supplementary,supplementary.tex,262,TAB-T07; TAB-T08; TAB-T09; TAB-T10 (AN-DESC-2017-D10..D100),int,51,yes,yes,PASS,
supplementary,supplementary.tex,262,TAB-T07; TAB-T08; TAB-T09; TAB-T10 (AN-DESC-2017-D10..D100),int,29,yes,yes,PASS,
supplementary,supplementary.tex,289,TAB-T07 (AN-DESC-2017-D10); APGSK-GAP,pow10,^-8,yes,yes,PASS,
supplementary,supplementary.tex,304,TAB-T08 (AN-DESC-2017-D30); APGSK-GAP,pow10,^-8,yes,yes,PASS,
supplementary,supplementary.tex,319,TAB-T09 (AN-DESC-2017-D50); APGSK-GAP,pow10,^-8,yes,yes,PASS,
supplementary,supplementary.tex,330,TAB-T10 (AN-DESC-2017-D100),pow10,^-8,yes,yes,PASS,
supplementary,supplementary.tex,330,TAB-T10 (AN-DESC-2017-D100),int,100,yes,yes,PASS,
supplementary,supplementary.tex,330,TAB-T10 (AN-DESC-2017-D100),int,51,yes,yes,PASS,
supplementary,supplementary.tex,330,TAB-T10 (AN-DESC-2017-D100),int,7,yes,yes,PASS,
supplementary,supplementary.tex,330,TAB-T10 (AN-DESC-2017-D100),int,29,yes,yes,PASS,
supplementary,supplementary.tex,346,TAB-T02; TAB-T03; TAB-T04; TAB-T05 (AN-DESC-2017-D10..D100),int,51,yes,yes,PASS,
supplementary,supplementary.tex,358,TAB-T02 (AN-DESC-2017-D10),pow10,^-8,yes,yes,PASS,
supplementary,supplementary.tex,358,TAB-T02 (AN-DESC-2017-D10),int,10,yes,yes,PASS,
supplementary,supplementary.tex,358,TAB-T02 (AN-DESC-2017-D10),int,29,yes,yes,PASS,
supplementary,supplementary.tex,358,TAB-T02 (AN-DESC-2017-D10),int,51,yes,yes,PASS,
supplementary,supplementary.tex,369,TAB-T03 (AN-DESC-2017-D30),pow10,^-8,yes,yes,PASS,
supplementary,supplementary.tex,369,TAB-T03 (AN-DESC-2017-D30),int,30,yes,yes,PASS,
supplementary,supplementary.tex,369,TAB-T03 (AN-DESC-2017-D30),int,29,yes,yes,PASS,
supplementary,supplementary.tex,369,TAB-T03 (AN-DESC-2017-D30),int,51,yes,yes,PASS,
supplementary,supplementary.tex,380,TAB-T04 (AN-DESC-2017-D50),pow10,^-8,yes,yes,PASS,
supplementary,supplementary.tex,380,TAB-T04 (AN-DESC-2017-D50),int,50,yes,yes,PASS,
supplementary,supplementary.tex,380,TAB-T04 (AN-DESC-2017-D50),int,29,yes,yes,PASS,
supplementary,supplementary.tex,380,TAB-T04 (AN-DESC-2017-D50),int,51,yes,yes,PASS,
supplementary,supplementary.tex,391,TAB-T05 (AN-DESC-2017-D100),pow10,^-8,yes,yes,PASS,
supplementary,supplementary.tex,391,TAB-T05 (AN-DESC-2017-D100),int,100,yes,yes,PASS,
supplementary,supplementary.tex,391,TAB-T05 (AN-DESC-2017-D100),int,29,yes,yes,PASS,
supplementary,supplementary.tex,391,TAB-T05 (AN-DESC-2017-D100),int,51,yes,yes,PASS,
supplementary,supplementary.tex,407,TAB-T06 (AN-PW-2011-NATIVE),int,22,yes,yes,PASS,
supplementary,supplementary.tex,407,TAB-T06 (AN-PW-2011-NATIVE),int,25,yes,yes,PASS,
supplementary,supplementary.tex,412,TAB-T06 (AN-PW-2011-NATIVE; p_holm row),decimal,0.05,yes,yes,PASS,
supplementary,supplementary.tex,419,"CEC2011-EGSK-LOSS (AN-PW-2011-NATIVE, egsk row p_holm=4.244817e-02); RS-10",pow10,4.2^-2,yes,yes,PASS,
supplementary,supplementary.tex,419,"CEC2011-EGSK-LOSS (AN-PW-2011-NATIVE, egsk row p_holm=4.244817e-02); RS-10",int,22,yes,yes,PASS,
supplementary,supplementary.tex,429,TAB-T06 (AN-PW-2011-NATIVE); CEC2011-EGSK-LOSS,pow10,4.2^-2,yes,yes,PASS,
supplementary,supplementary.tex,429,TAB-T06 (AN-PW-2011-NATIVE); CEC2011-EGSK-LOSS,pow10,^-8,yes,yes,PASS,
supplementary,supplementary.tex,429,TAB-T06 (AN-PW-2011-NATIVE); CEC2011-EGSK-LOSS,decimal,0.05,yes,yes,PASS,
supplementary,supplementary.tex,429,TAB-T06 (AN-PW-2011-NATIVE); CEC2011-EGSK-LOSS,int,22,yes,yes,PASS,
supplementary,supplementary.tex,429,TAB-T06 (AN-PW-2011-NATIVE); CEC2011-EGSK-LOSS,int,25,yes,yes,PASS,
supplementary,supplementary.tex,451,"TAB-T01 (validated; relocated from main text, M028 density); captions_registry T",pow10,4.2^-2,yes,yes,PASS,
supplementary,supplementary.tex,451,"TAB-T01 (validated; relocated from main text, M028 density); captions_registry T",int,22,yes,yes,PASS,
supplementary,supplementary.tex,463,TAB-T11; TAB-T12; TAB-T13; TAB-T14 (AN-PW-2013-D10..D50),int,28,yes,yes,PASS,
supplementary,supplementary.tex,463,TAB-T11; TAB-T12; TAB-T13; TAB-T14 (AN-PW-2013-D10..D50),int,51,yes,yes,PASS,
supplementary,supplementary.tex,463,TAB-T11; TAB-T12; TAB-T13; TAB-T14 (AN-PW-2013-D10..D50),int,10,yes,yes,PASS,
supplementary,supplementary.tex,463,TAB-T11; TAB-T12; TAB-T13; TAB-T14 (AN-PW-2013-D10..D50),int,30,yes,yes,PASS,
supplementary,supplementary.tex,463,TAB-T11; TAB-T12; TAB-T13; TAB-T14 (AN-PW-2013-D10..D50),int,50,yes,yes,PASS,
supplementary,supplementary.tex,471,CEC2013-D30-THIRD (AN-OMNI-2013-D30; friedman_ranks_cec2013_D30.csv: dt-gsk 3.37,decimal,3.38,yes,yes,PASS,
supplementary,supplementary.tex,471,CEC2013-D30-THIRD (AN-OMNI-2013-D30; friedman_ranks_cec2013_D30.csv: dt-gsk 3.37,decimal,3.07,yes,yes,PASS,
supplementary,supplementary.tex,471,CEC2013-D30-THIRD (AN-OMNI-2013-D30; friedman_ranks_cec2013_D30.csv: dt-gsk 3.37,decimal,3.34,yes,yes,PASS,
supplementary,supplementary.tex,471,CEC2013-D30-THIRD (AN-OMNI-2013-D30; friedman_ranks_cec2013_D30.csv: dt-gsk 3.37,int,30,yes,yes,PASS,
supplementary,supplementary.tex,471,CEC2013-D30-THIRD (AN-OMNI-2013-D30; friedman_ranks_cec2013_D30.csv: dt-gsk 3.37,int,30,yes,yes,PASS,
supplementary,supplementary.tex,478,TAB-T11 (descriptive-export cec2013 D10),int,10,yes,yes,PASS,
supplementary,supplementary.tex,478,TAB-T11 (descriptive-export cec2013 D10),int,28,yes,yes,PASS,
supplementary,supplementary.tex,478,TAB-T11 (descriptive-export cec2013 D10),int,51,yes,yes,PASS,
supplementary,supplementary.tex,490,TAB-T12 (descriptive-export cec2013 D30); CEC2013-D30-THIRD (AN-OMNI-2013-D30),decimal,3.38,yes,yes,PASS,
supplementary,supplementary.tex,490,TAB-T12 (descriptive-export cec2013 D30); CEC2013-D30-THIRD (AN-OMNI-2013-D30),decimal,3.07,yes,yes,PASS,
supplementary,supplementary.tex,490,TAB-T12 (descriptive-export cec2013 D30); CEC2013-D30-THIRD (AN-OMNI-2013-D30),decimal,3.34,yes,yes,PASS,
supplementary,supplementary.tex,490,TAB-T12 (descriptive-export cec2013 D30); CEC2013-D30-THIRD (AN-OMNI-2013-D30),int,30,yes,yes,PASS,
supplementary,supplementary.tex,490,TAB-T12 (descriptive-export cec2013 D30); CEC2013-D30-THIRD (AN-OMNI-2013-D30),int,28,yes,yes,PASS,
supplementary,supplementary.tex,490,TAB-T12 (descriptive-export cec2013 D30); CEC2013-D30-THIRD (AN-OMNI-2013-D30),int,51,yes,yes,PASS,
supplementary,supplementary.tex,500,TAB-T13 (descriptive-export cec2013 D50),int,50,yes,yes,PASS,
supplementary,supplementary.tex,500,TAB-T13 (descriptive-export cec2013 D50),int,28,yes,yes,PASS,
supplementary,supplementary.tex,500,TAB-T13 (descriptive-export cec2013 D50),int,51,yes,yes,PASS,
supplementary,supplementary.tex,518,TAB-T14 (AN-PW-2013-D10;AN-PW-2013-D30;AN-PW-2013-D50); CEC2013-D30-THIRD,pow10,^-8,yes,yes,PASS,
supplementary,supplementary.tex,518,TAB-T14 (AN-PW-2013-D10;AN-PW-2013-D30;AN-PW-2013-D50); CEC2013-D30-THIRD,decimal,0.05,yes,yes,PASS,
supplementary,supplementary.tex,518,TAB-T14 (AN-PW-2013-D10;AN-PW-2013-D30;AN-PW-2013-D50); CEC2013-D30-THIRD,int,28,yes,yes,PASS,
supplementary,supplementary.tex,518,TAB-T14 (AN-PW-2013-D10;AN-PW-2013-D30;AN-PW-2013-D50); CEC2013-D30-THIRD,int,51,yes,yes,PASS,
supplementary,supplementary.tex,518,TAB-T14 (AN-PW-2013-D10;AN-PW-2013-D30;AN-PW-2013-D50); CEC2013-D30-THIRD,int,30,yes,yes,PASS,
supplementary,supplementary.tex,540,"AN-PW-2013-D10;AN-PW-2013-D30;AN-PW-2013-D50 (wilcoxon_holm_cec2013_D{10,30,50}.",int,10,yes,yes,PASS,
supplementary,supplementary.tex,540,"AN-PW-2013-D10;AN-PW-2013-D30;AN-PW-2013-D50 (wilcoxon_holm_cec2013_D{10,30,50}.",int,30,yes,yes,PASS,
supplementary,supplementary.tex,579,RANK-ROBUSTNESS (robustness_summary_cec2017.md; robustness_cec2017_r01/r04*.csv),decimal,2.59,yes,yes,PASS,
supplementary,supplementary.tex,579,RANK-ROBUSTNESS (robustness_summary_cec2017.md; robustness_cec2017_r01/r04*.csv),int,10,yes,yes,PASS,
supplementary,supplementary.tex,579,RANK-ROBUSTNESS (robustness_summary_cec2017.md; robustness_cec2017_r01/r04*.csv),int,50,yes,yes,PASS,
supplementary,supplementary.tex,579,RANK-ROBUSTNESS (robustness_summary_cec2017.md; robustness_cec2017_r01/r04*.csv),int,30,yes,yes,PASS,
supplementary,supplementary.tex,579,RANK-ROBUSTNESS (robustness_summary_cec2017.md; robustness_cec2017_r01/r04*.csv),int,4,yes,yes,PASS,
supplementary,supplementary.tex,579,RANK-ROBUSTNESS (robustness_summary_cec2017.md; robustness_cec2017_r01/r04*.csv),int,5,yes,yes,PASS,
supplementary,supplementary.tex,579,RANK-ROBUSTNESS (robustness_summary_cec2017.md; robustness_cec2017_r01/r04*.csv),int,100,yes,yes,PASS,
supplementary,supplementary.tex,585,AN-OMNI-2017-D10..D100 (nemenyi_cd_cec2017_*.csv: critical_difference=1.672993);,decimal,0.05,yes,yes,PASS,
supplementary,supplementary.tex,585,AN-OMNI-2017-D10..D100 (nemenyi_cd_cec2017_*.csv: critical_difference=1.672993);,decimal,1.673,yes,yes,PASS,
supplementary,supplementary.tex,585,AN-OMNI-2017-D10..D100 (nemenyi_cd_cec2017_*.csv: critical_difference=1.672993);,int,7,yes,yes,PASS,
supplementary,supplementary.tex,585,AN-OMNI-2017-D10..D100 (nemenyi_cd_cec2017_*.csv: critical_difference=1.672993);,int,29,yes,yes,PASS,
supplementary,supplementary.tex,588,APGSK-GAP,int,10,yes,yes,PASS,
supplementary,supplementary.tex,588,APGSK-GAP,int,50,yes,yes,PASS,
supplementary,supplementary.tex,601,TAB-T16-BCA; RANK-ROBUSTNESS; APGSK-GAP; AN-OMNI-2017-D10..D100 (CD=1.672993),decimal,1.673,yes,yes,PASS,
supplementary,supplementary.tex,601,TAB-T16-BCA; RANK-ROBUSTNESS; APGSK-GAP; AN-OMNI-2017-D10..D100 (CD=1.672993),int,2,yes,yes,PASS,
supplementary,supplementary.tex,601,TAB-T16-BCA; RANK-ROBUSTNESS; APGSK-GAP; AN-OMNI-2017-D10..D100 (CD=1.672993),int,10,yes,yes,PASS,
supplementary,supplementary.tex,601,TAB-T16-BCA; RANK-ROBUSTNESS; APGSK-GAP; AN-OMNI-2017-D10..D100 (CD=1.672993),int,50,yes,yes,PASS,
supplementary,supplementary.tex,635,papers/analysis/posthoc_robustness/posthoc_endpoint_ranks_cec2017.csv,decimal,2.50,yes,yes,PASS,
supplementary,supplementary.tex,635,papers/analysis/posthoc_robustness/posthoc_endpoint_ranks_cec2017.csv,decimal,2.72,yes,yes,PASS,
supplementary,supplementary.tex,635,papers/analysis/posthoc_robustness/posthoc_endpoint_ranks_cec2017.csv,decimal,2.60,yes,yes,PASS,yes
supplementary,supplementary.tex,635,papers/analysis/posthoc_robustness/posthoc_endpoint_ranks_cec2017.csv,decimal,2.21,yes,yes,PASS,
supplementary,supplementary.tex,635,papers/analysis/posthoc_robustness/posthoc_endpoint_ranks_cec2017.csv,decimal,2.28,yes,yes,PASS,
supplementary,supplementary.tex,635,papers/analysis/posthoc_robustness/posthoc_endpoint_ranks_cec2017.csv,decimal,2.14,yes,yes,PASS,
supplementary,supplementary.tex,635,papers/analysis/posthoc_robustness/posthoc_endpoint_ranks_cec2017.csv,decimal,2.34,yes,yes,PASS,
supplementary,supplementary.tex,635,papers/analysis/posthoc_robustness/posthoc_endpoint_ranks_cec2017.csv,decimal,2.59,yes,yes,PASS,
supplementary,supplementary.tex,635,papers/analysis/posthoc_robustness/posthoc_endpoint_ranks_cec2017.csv,decimal,2.45,yes,yes,PASS,
supplementary,supplementary.tex,635,papers/analysis/posthoc_robustness/posthoc_endpoint_ranks_cec2017.csv,int,30,yes,yes,PASS,
supplementary,supplementary.tex,635,papers/analysis/posthoc_robustness/posthoc_endpoint_ranks_cec2017.csv,int,50,yes,yes,PASS,
supplementary,supplementary.tex,635,papers/analysis/posthoc_robustness/posthoc_endpoint_ranks_cec2017.csv,int,100,yes,yes,PASS,
supplementary,supplementary.tex,650,papers/analysis/posthoc_robustness/posthoc_inference_cec2017.csv (0/24 Holm-deci,pow10,2^5,yes,yes,PASS,
supplementary,supplementary.tex,650,papers/analysis/posthoc_robustness/posthoc_inference_cec2017.csv (0/24 Holm-deci,group_int,"20,240,620",yes,yes,PASS,yes
supplementary,supplementary.tex,650,papers/analysis/posthoc_robustness/posthoc_inference_cec2017.csv (0/24 Holm-deci,decimal,0.05,yes,yes,PASS,
supplementary,supplementary.tex,650,papers/analysis/posthoc_robustness/posthoc_inference_cec2017.csv (0/24 Holm-deci,int,29,yes,yes,PASS,
supplementary,supplementary.tex,650,papers/analysis/posthoc_robustness/posthoc_inference_cec2017.csv (0/24 Holm-deci,int,0,yes,yes,PASS,
supplementary,supplementary.tex,650,papers/analysis/posthoc_robustness/posthoc_inference_cec2017.csv (0/24 Holm-deci,int,24,yes,yes,PASS,
supplementary,supplementary.tex,681,fig rank_vs_dim_cec2017.pdf (generate_rank_charts.py; rank_trend source),group_int,"50,100",yes,yes,PASS,yes
supplementary,supplementary.tex,700,AN-CONV-2017-D10..D100; AN-CONV-2011-NATIVE; AN-CONV-2013-D30 (P2 aggregation ru,int,51,yes,yes,PASS,
supplementary,supplementary.tex,700,AN-CONV-2017-D10..D100; AN-CONV-2011-NATIVE; AN-CONV-2013-D30 (P2 aggregation ru,int,25,yes,yes,PASS,
supplementary,supplementary.tex,703,convergence disclosure logs (cec2017/cec2011/cec2013_missing.log),pow10,^-14,yes,yes,PASS,
supplementary,supplementary.tex,709,FIG-CONV-SUP-* validation status (series-count-verified 7/7),int,7,yes,yes,PASS,
supplementary,supplementary.tex,709,FIG-CONV-SUP-* validation status (series-count-verified 7/7),int,7,yes,yes,PASS,
supplementary,supplementary.tex,720,APGSK-GAP,int,29,yes,yes,PASS,
supplementary,supplementary.tex,720,APGSK-GAP,int,10,yes,yes,PASS,
supplementary,supplementary.tex,720,APGSK-GAP,int,30,yes,yes,PASS,
supplementary,supplementary.tex,720,APGSK-GAP,int,50,yes,yes,PASS,
supplementary,supplementary.tex,733,FIG-CONV-SUP-2017-D10-A (AN-CONV-2017-D10); APGSK-GAP,pow10,^-14,yes,yes,PASS,
supplementary,supplementary.tex,733,FIG-CONV-SUP-2017-D10-A (AN-CONV-2017-D10); APGSK-GAP,int,7,yes,yes,PASS,
supplementary,supplementary.tex,733,FIG-CONV-SUP-2017-D10-A (AN-CONV-2017-D10); APGSK-GAP,int,7,yes,yes,PASS,
supplementary,supplementary.tex,733,FIG-CONV-SUP-2017-D10-A (AN-CONV-2017-D10); APGSK-GAP,int,7,yes,yes,PASS,
supplementary,supplementary.tex,745,FIG-CONV-SUP-2017-D10-B (AN-CONV-2017-D10); APGSK-GAP,pow10,^-14,yes,yes,PASS,
supplementary,supplementary.tex,745,FIG-CONV-SUP-2017-D10-B (AN-CONV-2017-D10); APGSK-GAP,int,10,yes,yes,PASS,
supplementary,supplementary.tex,745,FIG-CONV-SUP-2017-D10-B (AN-CONV-2017-D10); APGSK-GAP,int,4,yes,yes,PASS,
supplementary,supplementary.tex,745,FIG-CONV-SUP-2017-D10-B (AN-CONV-2017-D10); APGSK-GAP,int,51,yes,yes,PASS,
supplementary,supplementary.tex,745,FIG-CONV-SUP-2017-D10-B (AN-CONV-2017-D10); APGSK-GAP,int,7,yes,yes,PASS,
supplementary,supplementary.tex,757,FIG-CONV-SUP-2017-D10-C (AN-CONV-2017-D10); APGSK-GAP,pow10,^-14,yes,yes,PASS,
supplementary,supplementary.tex,757,FIG-CONV-SUP-2017-D10-C (AN-CONV-2017-D10); APGSK-GAP,int,10,yes,yes,PASS,
supplementary,supplementary.tex,757,FIG-CONV-SUP-2017-D10-C (AN-CONV-2017-D10); APGSK-GAP,int,4,yes,yes,PASS,
supplementary,supplementary.tex,757,FIG-CONV-SUP-2017-D10-C (AN-CONV-2017-D10); APGSK-GAP,int,51,yes,yes,PASS,
supplementary,supplementary.tex,757,FIG-CONV-SUP-2017-D10-C (AN-CONV-2017-D10); APGSK-GAP,int,7,yes,yes,PASS,
supplementary,supplementary.tex,769,FIG-CONV-SUP-2017-D10-D (AN-CONV-2017-D10); APGSK-GAP,pow10,^-14,yes,yes,PASS,
supplementary,supplementary.tex,769,FIG-CONV-SUP-2017-D10-D (AN-CONV-2017-D10); APGSK-GAP,int,10,yes,yes,PASS,
supplementary,supplementary.tex,769,FIG-CONV-SUP-2017-D10-D (AN-CONV-2017-D10); APGSK-GAP,int,4,yes,yes,PASS,
supplementary,supplementary.tex,769,FIG-CONV-SUP-2017-D10-D (AN-CONV-2017-D10); APGSK-GAP,int,51,yes,yes,PASS,
supplementary,supplementary.tex,769,FIG-CONV-SUP-2017-D10-D (AN-CONV-2017-D10); APGSK-GAP,int,7,yes,yes,PASS,
supplementary,supplementary.tex,783,FIG-CONV-SUP-2017-D30-A (AN-CONV-2017-D30); APGSK-GAP,pow10,^-14,yes,yes,PASS,
supplementary,supplementary.tex,783,FIG-CONV-SUP-2017-D30-A (AN-CONV-2017-D30); APGSK-GAP,int,7,yes,yes,PASS,
supplementary,supplementary.tex,783,FIG-CONV-SUP-2017-D30-A (AN-CONV-2017-D30); APGSK-GAP,int,7,yes,yes,PASS,
supplementary,supplementary.tex,783,FIG-CONV-SUP-2017-D30-A (AN-CONV-2017-D30); APGSK-GAP,int,7,yes,yes,PASS,
supplementary,supplementary.tex,795,FIG-CONV-SUP-2017-D30-B (AN-CONV-2017-D30); APGSK-GAP,pow10,^-14,yes,yes,PASS,
supplementary,supplementary.tex,795,FIG-CONV-SUP-2017-D30-B (AN-CONV-2017-D30); APGSK-GAP,int,30,yes,yes,PASS,
supplementary,supplementary.tex,795,FIG-CONV-SUP-2017-D30-B (AN-CONV-2017-D30); APGSK-GAP,int,4,yes,yes,PASS,
supplementary,supplementary.tex,795,FIG-CONV-SUP-2017-D30-B (AN-CONV-2017-D30); APGSK-GAP,int,51,yes,yes,PASS,
supplementary,supplementary.tex,795,FIG-CONV-SUP-2017-D30-B (AN-CONV-2017-D30); APGSK-GAP,int,7,yes,yes,PASS,
supplementary,supplementary.tex,807,FIG-CONV-SUP-2017-D30-C (AN-CONV-2017-D30); APGSK-GAP,pow10,^-14,yes,yes,PASS,
supplementary,supplementary.tex,807,FIG-CONV-SUP-2017-D30-C (AN-CONV-2017-D30); APGSK-GAP,int,30,yes,yes,PASS,
supplementary,supplementary.tex,807,FIG-CONV-SUP-2017-D30-C (AN-CONV-2017-D30); APGSK-GAP,int,4,yes,yes,PASS,
supplementary,supplementary.tex,807,FIG-CONV-SUP-2017-D30-C (AN-CONV-2017-D30); APGSK-GAP,int,51,yes,yes,PASS,
supplementary,supplementary.tex,807,FIG-CONV-SUP-2017-D30-C (AN-CONV-2017-D30); APGSK-GAP,int,7,yes,yes,PASS,
supplementary,supplementary.tex,819,FIG-CONV-SUP-2017-D30-D (AN-CONV-2017-D30); APGSK-GAP,pow10,^-14,yes,yes,PASS,
supplementary,supplementary.tex,819,FIG-CONV-SUP-2017-D30-D (AN-CONV-2017-D30); APGSK-GAP,int,30,yes,yes,PASS,
supplementary,supplementary.tex,819,FIG-CONV-SUP-2017-D30-D (AN-CONV-2017-D30); APGSK-GAP,int,4,yes,yes,PASS,
supplementary,supplementary.tex,819,FIG-CONV-SUP-2017-D30-D (AN-CONV-2017-D30); APGSK-GAP,int,51,yes,yes,PASS,
supplementary,supplementary.tex,819,FIG-CONV-SUP-2017-D30-D (AN-CONV-2017-D30); APGSK-GAP,int,7,yes,yes,PASS,
supplementary,supplementary.tex,833,FIG-CONV-SUP-2017-D50-A (AN-CONV-2017-D50); APGSK-GAP,pow10,^-14,yes,yes,PASS,
supplementary,supplementary.tex,833,FIG-CONV-SUP-2017-D50-A (AN-CONV-2017-D50); APGSK-GAP,int,7,yes,yes,PASS,
supplementary,supplementary.tex,833,FIG-CONV-SUP-2017-D50-A (AN-CONV-2017-D50); APGSK-GAP,int,7,yes,yes,PASS,
supplementary,supplementary.tex,833,FIG-CONV-SUP-2017-D50-A (AN-CONV-2017-D50); APGSK-GAP,int,7,yes,yes,PASS,
supplementary,supplementary.tex,845,FIG-CONV-SUP-2017-D50-B (AN-CONV-2017-D50); APGSK-GAP,pow10,^-14,yes,yes,PASS,
supplementary,supplementary.tex,845,FIG-CONV-SUP-2017-D50-B (AN-CONV-2017-D50); APGSK-GAP,int,50,yes,yes,PASS,
supplementary,supplementary.tex,845,FIG-CONV-SUP-2017-D50-B (AN-CONV-2017-D50); APGSK-GAP,int,4,yes,yes,PASS,
supplementary,supplementary.tex,845,FIG-CONV-SUP-2017-D50-B (AN-CONV-2017-D50); APGSK-GAP,int,51,yes,yes,PASS,
supplementary,supplementary.tex,845,FIG-CONV-SUP-2017-D50-B (AN-CONV-2017-D50); APGSK-GAP,int,7,yes,yes,PASS,
supplementary,supplementary.tex,857,FIG-CONV-SUP-2017-D50-C (AN-CONV-2017-D50); APGSK-GAP,pow10,^-14,yes,yes,PASS,
supplementary,supplementary.tex,857,FIG-CONV-SUP-2017-D50-C (AN-CONV-2017-D50); APGSK-GAP,int,50,yes,yes,PASS,
supplementary,supplementary.tex,857,FIG-CONV-SUP-2017-D50-C (AN-CONV-2017-D50); APGSK-GAP,int,4,yes,yes,PASS,
supplementary,supplementary.tex,857,FIG-CONV-SUP-2017-D50-C (AN-CONV-2017-D50); APGSK-GAP,int,51,yes,yes,PASS,
supplementary,supplementary.tex,857,FIG-CONV-SUP-2017-D50-C (AN-CONV-2017-D50); APGSK-GAP,int,7,yes,yes,PASS,
supplementary,supplementary.tex,869,FIG-CONV-SUP-2017-D50-D (AN-CONV-2017-D50); APGSK-GAP,pow10,^-14,yes,yes,PASS,
supplementary,supplementary.tex,869,FIG-CONV-SUP-2017-D50-D (AN-CONV-2017-D50); APGSK-GAP,int,50,yes,yes,PASS,
supplementary,supplementary.tex,869,FIG-CONV-SUP-2017-D50-D (AN-CONV-2017-D50); APGSK-GAP,int,4,yes,yes,PASS,
supplementary,supplementary.tex,869,FIG-CONV-SUP-2017-D50-D (AN-CONV-2017-D50); APGSK-GAP,int,51,yes,yes,PASS,
supplementary,supplementary.tex,869,FIG-CONV-SUP-2017-D50-D (AN-CONV-2017-D50); APGSK-GAP,int,7,yes,yes,PASS,
supplementary,supplementary.tex,883,FIG-CONV-SUP-2017-D100-A (AN-CONV-2017-D100); APGSK-GAP,pow10,^-14,yes,yes,PASS,
supplementary,supplementary.tex,883,FIG-CONV-SUP-2017-D100-A (AN-CONV-2017-D100); APGSK-GAP,int,7,yes,yes,PASS,
supplementary,supplementary.tex,883,FIG-CONV-SUP-2017-D100-A (AN-CONV-2017-D100); APGSK-GAP,int,7,yes,yes,PASS,
supplementary,supplementary.tex,883,FIG-CONV-SUP-2017-D100-A (AN-CONV-2017-D100); APGSK-GAP,int,7,yes,yes,PASS,
supplementary,supplementary.tex,895,FIG-CONV-SUP-2017-D100-B (AN-CONV-2017-D100); APGSK-GAP,pow10,^-14,yes,yes,PASS,
supplementary,supplementary.tex,895,FIG-CONV-SUP-2017-D100-B (AN-CONV-2017-D100); APGSK-GAP,int,100,yes,yes,PASS,yes
supplementary,supplementary.tex,895,FIG-CONV-SUP-2017-D100-B (AN-CONV-2017-D100); APGSK-GAP,int,4,yes,yes,PASS,
supplementary,supplementary.tex,895,FIG-CONV-SUP-2017-D100-B (AN-CONV-2017-D100); APGSK-GAP,int,51,yes,yes,PASS,
supplementary,supplementary.tex,895,FIG-CONV-SUP-2017-D100-B (AN-CONV-2017-D100); APGSK-GAP,int,7,yes,yes,PASS,
supplementary,supplementary.tex,907,FIG-CONV-SUP-2017-D100-C (AN-CONV-2017-D100); APGSK-GAP,pow10,^-14,yes,yes,PASS,
supplementary,supplementary.tex,907,FIG-CONV-SUP-2017-D100-C (AN-CONV-2017-D100); APGSK-GAP,int,100,yes,yes,PASS,
supplementary,supplementary.tex,907,FIG-CONV-SUP-2017-D100-C (AN-CONV-2017-D100); APGSK-GAP,int,4,yes,yes,PASS,
supplementary,supplementary.tex,907,FIG-CONV-SUP-2017-D100-C (AN-CONV-2017-D100); APGSK-GAP,int,51,yes,yes,PASS,
supplementary,supplementary.tex,907,FIG-CONV-SUP-2017-D100-C (AN-CONV-2017-D100); APGSK-GAP,int,7,yes,yes,PASS,
supplementary,supplementary.tex,919,FIG-CONV-SUP-2017-D100-D (AN-CONV-2017-D100); APGSK-GAP,pow10,^-14,yes,yes,PASS,
supplementary,supplementary.tex,919,FIG-CONV-SUP-2017-D100-D (AN-CONV-2017-D100); APGSK-GAP,int,100,yes,yes,PASS,
supplementary,supplementary.tex,919,FIG-CONV-SUP-2017-D100-D (AN-CONV-2017-D100); APGSK-GAP,int,4,yes,yes,PASS,
supplementary,supplementary.tex,919,FIG-CONV-SUP-2017-D100-D (AN-CONV-2017-D100); APGSK-GAP,int,51,yes,yes,PASS,
supplementary,supplementary.tex,919,FIG-CONV-SUP-2017-D100-D (AN-CONV-2017-D100); APGSK-GAP,int,7,yes,yes,PASS,
supplementary,supplementary.tex,934,FIG-CONV-CEC2011-A/B/C (AN-CONV-2011-NATIVE); linear-fallback count per figure_q,pow10,^-14,yes,yes,PASS,yes
supplementary,supplementary.tex,934,FIG-CONV-CEC2011-A/B/C (AN-CONV-2011-NATIVE); linear-fallback count per figure_q,int,25,yes,yes,PASS,
supplementary,supplementary.tex,939,CEC2011-EGSK-LOSS (AN-PW-2011-NATIVE),pow10,4.2^-2,yes,yes,PASS,
supplementary,supplementary.tex,939,CEC2011-EGSK-LOSS (AN-PW-2011-NATIVE),int,22,yes,yes,PASS,
supplementary,supplementary.tex,953,FIG-CONV-CEC2011-A (AN-CONV-2011-NATIVE); CEC2011-EGSK-LOSS,pow10,4.2^-2,yes,yes,PASS,
supplementary,supplementary.tex,953,FIG-CONV-CEC2011-A (AN-CONV-2011-NATIVE); CEC2011-EGSK-LOSS,pow10,^-14,yes,yes,PASS,
supplementary,supplementary.tex,953,FIG-CONV-CEC2011-A (AN-CONV-2011-NATIVE); CEC2011-EGSK-LOSS,int,7,yes,yes,PASS,
supplementary,supplementary.tex,953,FIG-CONV-CEC2011-A (AN-CONV-2011-NATIVE); CEC2011-EGSK-LOSS,int,7,yes,yes,PASS,
supplementary,supplementary.tex,968,FIG-CONV-CEC2011-B (AN-CONV-2011-NATIVE); CEC2011-EGSK-LOSS,pow10,4.2^-2,yes,yes,PASS,
supplementary,supplementary.tex,968,FIG-CONV-CEC2011-B (AN-CONV-2011-NATIVE); CEC2011-EGSK-LOSS,pow10,^-14,yes,yes,PASS,
supplementary,supplementary.tex,968,FIG-CONV-CEC2011-B (AN-CONV-2011-NATIVE); CEC2011-EGSK-LOSS,int,7,yes,yes,PASS,
supplementary,supplementary.tex,968,FIG-CONV-CEC2011-B (AN-CONV-2011-NATIVE); CEC2011-EGSK-LOSS,int,7,yes,yes,PASS,
supplementary,supplementary.tex,981,FIG-CONV-CEC2011-C (AN-CONV-2011-NATIVE); CEC2011-EGSK-LOSS,pow10,4.2^-2,yes,yes,PASS,
supplementary,supplementary.tex,981,FIG-CONV-CEC2011-C (AN-CONV-2011-NATIVE); CEC2011-EGSK-LOSS,pow10,^-14,yes,yes,PASS,
supplementary,supplementary.tex,981,FIG-CONV-CEC2011-C (AN-CONV-2011-NATIVE); CEC2011-EGSK-LOSS,int,3,yes,yes,PASS,
supplementary,supplementary.tex,981,FIG-CONV-CEC2011-C (AN-CONV-2011-NATIVE); CEC2011-EGSK-LOSS,int,25,yes,yes,PASS,
supplementary,supplementary.tex,981,FIG-CONV-CEC2011-C (AN-CONV-2011-NATIVE); CEC2011-EGSK-LOSS,int,7,yes,yes,PASS,
supplementary,supplementary.tex,981,FIG-CONV-CEC2011-C (AN-CONV-2011-NATIVE); CEC2011-EGSK-LOSS,int,7,yes,yes,PASS,
supplementary,supplementary.tex,981,FIG-CONV-CEC2011-C (AN-CONV-2011-NATIVE); CEC2011-EGSK-LOSS,int,7,yes,yes,PASS,
supplementary,supplementary.tex,990,FIG-CONV-CEC2013-D30-A..D (AN-CONV-2013-D30; prespecification P4),int,28,yes,yes,PASS,
supplementary,supplementary.tex,990,FIG-CONV-CEC2013-D30-A..D (AN-CONV-2013-D30; prespecification P4),int,30,yes,yes,PASS,
supplementary,supplementary.tex,994,CEC2013-D30-THIRD (AN-OMNI-2013-D30),int,30,yes,yes,PASS,
supplementary,supplementary.tex,1006,FIG-CONV-CEC2013-D30-A (AN-CONV-2013-D30); CEC2013-D30-THIRD,pow10,^-14,yes,yes,PASS,
supplementary,supplementary.tex,1006,FIG-CONV-CEC2013-D30-A (AN-CONV-2013-D30); CEC2013-D30-THIRD,int,30,yes,yes,PASS,
supplementary,supplementary.tex,1006,FIG-CONV-CEC2013-D30-A (AN-CONV-2013-D30); CEC2013-D30-THIRD,int,4,yes,yes,PASS,
supplementary,supplementary.tex,1006,FIG-CONV-CEC2013-D30-A (AN-CONV-2013-D30); CEC2013-D30-THIRD,int,51,yes,yes,PASS,
supplementary,supplementary.tex,1006,FIG-CONV-CEC2013-D30-A (AN-CONV-2013-D30); CEC2013-D30-THIRD,int,7,yes,yes,PASS,
supplementary,supplementary.tex,1006,FIG-CONV-CEC2013-D30-A (AN-CONV-2013-D30); CEC2013-D30-THIRD,int,7,yes,yes,PASS,
supplementary,supplementary.tex,1006,FIG-CONV-CEC2013-D30-A (AN-CONV-2013-D30); CEC2013-D30-THIRD,int,7,yes,yes,PASS,
supplementary,supplementary.tex,1017,FIG-CONV-CEC2013-D30-B (AN-CONV-2013-D30),pow10,^-14,yes,yes,PASS,
supplementary,supplementary.tex,1017,FIG-CONV-CEC2013-D30-B (AN-CONV-2013-D30),int,30,yes,yes,PASS,
supplementary,supplementary.tex,1017,FIG-CONV-CEC2013-D30-B (AN-CONV-2013-D30),int,4,yes,yes,PASS,
supplementary,supplementary.tex,1017,FIG-CONV-CEC2013-D30-B (AN-CONV-2013-D30),int,51,yes,yes,PASS,
supplementary,supplementary.tex,1017,FIG-CONV-CEC2013-D30-B (AN-CONV-2013-D30),int,7,yes,yes,PASS,
supplementary,supplementary.tex,1017,FIG-CONV-CEC2013-D30-B (AN-CONV-2013-D30),int,7,yes,yes,PASS,
supplementary,supplementary.tex,1017,FIG-CONV-CEC2013-D30-B (AN-CONV-2013-D30),int,7,yes,yes,PASS,
supplementary,supplementary.tex,1028,FIG-CONV-CEC2013-D30-C (AN-CONV-2013-D30),pow10,^-14,yes,yes,PASS,
supplementary,supplementary.tex,1028,FIG-CONV-CEC2013-D30-C (AN-CONV-2013-D30),int,30,yes,yes,PASS,
supplementary,supplementary.tex,1028,FIG-CONV-CEC2013-D30-C (AN-CONV-2013-D30),int,4,yes,yes,PASS,
supplementary,supplementary.tex,1028,FIG-CONV-CEC2013-D30-C (AN-CONV-2013-D30),int,51,yes,yes,PASS,
supplementary,supplementary.tex,1028,FIG-CONV-CEC2013-D30-C (AN-CONV-2013-D30),int,7,yes,yes,PASS,
supplementary,supplementary.tex,1028,FIG-CONV-CEC2013-D30-C (AN-CONV-2013-D30),int,7,yes,yes,PASS,
supplementary,supplementary.tex,1028,FIG-CONV-CEC2013-D30-C (AN-CONV-2013-D30),int,7,yes,yes,PASS,
supplementary,supplementary.tex,1039,FIG-CONV-CEC2013-D30-D (AN-CONV-2013-D30),pow10,^-14,yes,yes,PASS,
supplementary,supplementary.tex,1039,FIG-CONV-CEC2013-D30-D (AN-CONV-2013-D30),int,30,yes,yes,PASS,
supplementary,supplementary.tex,1039,FIG-CONV-CEC2013-D30-D (AN-CONV-2013-D30),int,4,yes,yes,PASS,
supplementary,supplementary.tex,1039,FIG-CONV-CEC2013-D30-D (AN-CONV-2013-D30),int,51,yes,yes,PASS,
supplementary,supplementary.tex,1039,FIG-CONV-CEC2013-D30-D (AN-CONV-2013-D30),int,7,yes,yes,PASS,
supplementary,supplementary.tex,1039,FIG-CONV-CEC2013-D30-D (AN-CONV-2013-D30),int,7,yes,yes,PASS,
supplementary,supplementary.tex,1039,FIG-CONV-CEC2013-D30-D (AN-CONV-2013-D30),int,7,yes,yes,PASS,
supplementary,supplementary.tex,1051,FIG-NLPSR (phase_03/equation_registry.csv E5; phase_03/parameter_table.md),int,12,yes,yes,PASS,
supplementary,supplementary.tex,1051,FIG-NLPSR (phase_03/equation_registry.csv E5; phase_03/parameter_table.md),int,12,yes,yes,PASS,
supplementary,supplementary.tex,1051,FIG-NLPSR (phase_03/equation_registry.csv E5; phase_03/parameter_table.md),int,25,yes,yes,PASS,
supplementary,supplementary.tex,1051,FIG-NLPSR (phase_03/equation_registry.csv E5; phase_03/parameter_table.md),int,25,yes,yes,PASS,
supplementary,supplementary.tex,1051,FIG-NLPSR (phase_03/equation_registry.csv E5; phase_03/parameter_table.md),int,10,yes,yes,PASS,
supplementary,supplementary.tex,1051,FIG-NLPSR (phase_03/equation_registry.csv E5; phase_03/parameter_table.md),int,30,yes,yes,PASS,
supplementary,supplementary.tex,1051,FIG-NLPSR (phase_03/equation_registry.csv E5; phase_03/parameter_table.md),int,50,yes,yes,PASS,
supplementary,supplementary.tex,1051,FIG-NLPSR (phase_03/equation_registry.csv E5; phase_03/parameter_table.md),int,100,yes,yes,PASS,
supplementary,supplementary.tex,1066,FIG-NLPSR (phase_03/equation_registry.csv E5; phase_03/parameter_table.md),int,12,yes,yes,PASS,
supplementary,supplementary.tex,1066,FIG-NLPSR (phase_03/equation_registry.csv E5; phase_03/parameter_table.md),int,12,yes,yes,PASS,
supplementary,supplementary.tex,1066,FIG-NLPSR (phase_03/equation_registry.csv E5; phase_03/parameter_table.md),int,25,yes,yes,PASS,
supplementary,supplementary.tex,1066,FIG-NLPSR (phase_03/equation_registry.csv E5; phase_03/parameter_table.md),int,25,yes,yes,PASS,
supplementary,supplementary.tex,1097,seed_and_pairing_audit.md Section 1 (src/gsk_family/runners/seed_policy.py get_c,int,20240620,yes,yes,PASS,
supplementary,supplementary.tex,1113,PR-06; seed_and_pairing_audit.md Section 4,int,0,yes,yes,PASS,
supplementary,supplementary.tex,1133,MT-10; phase_03/equation_registry.csv E12 (_dt_rng.py),int,12,yes,yes,PASS,
supplementary,supplementary.tex,1133,MT-10; phase_03/equation_registry.csv E12 (_dt_rng.py),int,0,yes,yes,PASS,
supplementary,supplementary.tex,1192,ART-PARAMS (phase_03/parameter_table.md; algorithm_freeze_manifest.json),int,100,yes,yes,PASS,
supplementary,supplementary.tex,1292,algorithm_freeze_manifest.json frozen_core_sources (historical); shipped-module ,int,229,yes,yes,PASS,
supplementary,supplementary.tex,1354,LM-01 (AN-OMNI-2017-D30; AN-PW-2017-D30; AN-OMNI-2013-D30; AN-OMNI-2011-NATIVE),decimal,0.199,yes,yes,PASS,
supplementary,supplementary.tex,1380,LM-04 (comparability_audit.md; AN-COST-2017); backend fixed + re-measured in the,int,51,yes,yes,PASS,
supplementary,supplementary.tex,1399,comparability_audit.md (single-host row: no second-environment cell); fp_environ,int,50,yes,yes,PASS,
supplementary,supplementary.tex,1420,LM-03 (within-family panel scope); comparability_audit.md; main.tex conflictsofi,int,100,yes,yes,PASS,
supplementary,supplementary.tex,1420,LM-03 (within-family panel scope); comparability_audit.md; main.tex conflictsofi,int,50,yes,yes,PASS,
supplementary,supplementary.tex,1420,LM-03 (within-family panel scope); comparability_audit.md; main.tex conflictsofi,int,100,yes,yes,PASS,
supplementary,supplementary.tex,1576,"ART-PARAMS (_dt_core.py / _dt_profiles.py / interaction_graph.py / _dt_rng.py, h",int,7,yes,yes,PASS,
supplementary,supplementary.tex,1576,"ART-PARAMS (_dt_core.py / _dt_profiles.py / interaction_graph.py / _dt_rng.py, h",int,10,yes,yes,PASS,
supplementary,supplementary.tex,1576,"ART-PARAMS (_dt_core.py / _dt_profiles.py / interaction_graph.py / _dt_rng.py, h",int,11,yes,yes,PASS,
supplementary,supplementary.tex,1576,"ART-PARAMS (_dt_core.py / _dt_profiles.py / interaction_graph.py / _dt_rng.py, h",int,12,yes,yes,PASS,
supplementary,supplementary.tex,1576,"ART-PARAMS (_dt_core.py / _dt_profiles.py / interaction_graph.py / _dt_rng.py, h",int,13,yes,yes,PASS,
supplementary,supplementary.tex,1576,"ART-PARAMS (_dt_core.py / _dt_profiles.py / interaction_graph.py / _dt_rng.py, h",int,20,yes,yes,PASS,
supplementary,supplementary.tex,1576,"ART-PARAMS (_dt_core.py / _dt_profiles.py / interaction_graph.py / _dt_rng.py, h",int,20,yes,yes,PASS,
supplementary,supplementary.tex,1576,"ART-PARAMS (_dt_core.py / _dt_profiles.py / interaction_graph.py / _dt_rng.py, h",int,50,yes,yes,PASS,
supplementary,supplementary.tex,1576,"ART-PARAMS (_dt_core.py / _dt_profiles.py / interaction_graph.py / _dt_rng.py, h",int,50,yes,yes,PASS,
supplementary,supplementary.tex,1576,"ART-PARAMS (_dt_core.py / _dt_profiles.py / interaction_graph.py / _dt_rng.py, h",int,100,yes,yes,PASS,
supplementary,supplementary.tex,1596,_dt_core.py:202-209 (ace_pool arms; ace_init_probs),decimal,0.5,yes,yes,PASS,
supplementary,supplementary.tex,1596,_dt_core.py:202-209 (ace_pool arms; ace_init_probs),decimal,0.9,yes,yes,PASS,
supplementary,supplementary.tex,1596,_dt_core.py:202-209 (ace_pool arms; ace_init_probs),decimal,10.0,yes,yes,PASS,
supplementary,supplementary.tex,1596,_dt_core.py:202-209 (ace_pool arms; ace_init_probs),decimal,0.45,yes,yes,PASS,
supplementary,supplementary.tex,1596,_dt_core.py:202-209 (ace_pool arms; ace_init_probs),decimal,1.0,yes,yes,PASS,
supplementary,supplementary.tex,1596,_dt_core.py:202-209 (ace_pool arms; ace_init_probs),decimal,0.9,yes,yes,PASS,
supplementary,supplementary.tex,1596,_dt_core.py:202-209 (ace_pool arms; ace_init_probs),decimal,5.0,yes,yes,PASS,
supplementary,supplementary.tex,1596,_dt_core.py:202-209 (ace_pool arms; ace_init_probs),decimal,0.05,yes,yes,PASS,
supplementary,supplementary.tex,1596,_dt_core.py:202-209 (ace_pool arms; ace_init_probs),decimal,0.5,yes,yes,PASS,
supplementary,supplementary.tex,1596,_dt_core.py:202-209 (ace_pool arms; ace_init_probs),decimal,0.9,yes,yes,PASS,
supplementary,supplementary.tex,1596,_dt_core.py:202-209 (ace_pool arms; ace_init_probs),decimal,3.0,yes,yes,PASS,
supplementary,supplementary.tex,1596,_dt_core.py:202-209 (ace_pool arms; ace_init_probs),decimal,0.40,yes,yes,PASS,
supplementary,supplementary.tex,1596,_dt_core.py:202-209 (ace_pool arms; ace_init_probs),int,3,yes,yes,PASS,
supplementary,supplementary.tex,1596,_dt_core.py:202-209 (ace_pool arms; ace_init_probs),int,4,yes,yes,PASS,
supplementary,supplementary.tex,1596,_dt_core.py:202-209 (ace_pool arms; ace_init_probs),int,5,yes,yes,PASS,
supplementary,supplementary.tex,1612,_ace_update_probs _dt_core.py:1193-1258; ace_learning_rate/ace_start_frac/ace_mi,decimal,0.05,yes,yes,PASS,
supplementary,supplementary.tex,1612,_ace_update_probs _dt_core.py:1193-1258; ace_learning_rate/ace_start_frac/ace_mi,decimal,0.05,yes,yes,PASS,
supplementary,supplementary.tex,1612,_ace_update_probs _dt_core.py:1193-1258; ace_learning_rate/ace_start_frac/ace_mi,decimal,0.35,yes,yes,PASS,
supplementary,supplementary.tex,1612,_ace_update_probs _dt_core.py:1193-1258; ace_learning_rate/ace_start_frac/ace_mi,decimal,0.05,yes,yes,PASS,
supplementary,supplementary.tex,1612,_ace_update_probs _dt_core.py:1193-1258; ace_learning_rate/ace_start_frac/ace_mi,decimal,0.31,yes,yes,PASS,
supplementary,supplementary.tex,1612,_ace_update_probs _dt_core.py:1193-1258; ace_learning_rate/ace_start_frac/ace_mi,decimal,0.19,yes,yes,PASS,
supplementary,supplementary.tex,1612,_ace_update_probs _dt_core.py:1193-1258; ace_learning_rate/ace_start_frac/ace_mi,int,20,yes,yes,PASS,
supplementary,supplementary.tex,1612,_ace_update_probs _dt_core.py:1193-1258; ace_learning_rate/ace_start_frac/ace_mi,int,49,yes,yes,PASS,
supplementary,supplementary.tex,1612,_ace_update_probs _dt_core.py:1193-1258; ace_learning_rate/ace_start_frac/ace_mi,int,50,yes,yes,PASS,
supplementary,supplementary.tex,1612,_ace_update_probs _dt_core.py:1193-1258; ace_learning_rate/ace_start_frac/ace_mi,int,99,yes,yes,PASS,
supplementary,supplementary.tex,1612,_ace_update_probs _dt_core.py:1193-1258; ace_learning_rate/ace_start_frac/ace_mi,int,7,yes,yes,PASS,
supplementary,supplementary.tex,1705,ig_update_from_accepted interaction_graph.py:222-368; decay 0.95 / lr 1.0 _dt_pr,decimal,0.60,yes,yes,PASS,
supplementary,supplementary.tex,1705,ig_update_from_accepted interaction_graph.py:222-368; decay 0.95 / lr 1.0 _dt_pr,decimal,0.95,yes,yes,PASS,yes
supplementary,supplementary.tex,1705,ig_update_from_accepted interaction_graph.py:222-368; decay 0.95 / lr 1.0 _dt_pr,decimal,2.4,yes,yes,PASS,
supplementary,supplementary.tex,1705,ig_update_from_accepted interaction_graph.py:222-368; decay 0.95 / lr 1.0 _dt_pr,decimal,0.25,yes,yes,PASS,
supplementary,supplementary.tex,1705,ig_update_from_accepted interaction_graph.py:222-368; decay 0.95 / lr 1.0 _dt_pr,decimal,0.95,yes,yes,PASS,
supplementary,supplementary.tex,1705,ig_update_from_accepted interaction_graph.py:222-368; decay 0.95 / lr 1.0 _dt_pr,decimal,0.50,yes,yes,PASS,
supplementary,supplementary.tex,1705,ig_update_from_accepted interaction_graph.py:222-368; decay 0.95 / lr 1.0 _dt_pr,int,10,yes,yes,PASS,
supplementary,supplementary.tex,1705,ig_update_from_accepted interaction_graph.py:222-368; decay 0.95 / lr 1.0 _dt_pr,int,24,yes,yes,PASS,
supplementary,supplementary.tex,1705,ig_update_from_accepted interaction_graph.py:222-368; decay 0.95 / lr 1.0 _dt_pr,int,2,yes,yes,PASS,
supplementary,supplementary.tex,1705,ig_update_from_accepted interaction_graph.py:222-368; decay 0.95 / lr 1.0 _dt_pr,int,2,yes,yes,PASS,
supplementary,supplementary.tex,1705,ig_update_from_accepted interaction_graph.py:222-368; decay 0.95 / lr 1.0 _dt_pr,int,2,yes,yes,PASS,
supplementary,supplementary.tex,1705,ig_update_from_accepted interaction_graph.py:222-368; decay 0.95 / lr 1.0 _dt_pr,int,50,yes,yes,PASS,
supplementary,supplementary.tex,1705,ig_update_from_accepted interaction_graph.py:222-368; decay 0.95 / lr 1.0 _dt_pr,int,99,yes,yes,PASS,
supplementary,supplementary.tex,1705,ig_update_from_accepted interaction_graph.py:222-368; decay 0.95 / lr 1.0 _dt_pr,int,1,yes,yes,PASS,
supplementary,supplementary.tex,1742,ig_extract_blocks interaction_graph.py:552-674; ig_ready :678-694; ig_adaptive_t,decimal,0.12,yes,yes,PASS,
supplementary,supplementary.tex,1742,ig_extract_blocks interaction_graph.py:552-674; ig_ready :678-694; ig_adaptive_t,int,50,yes,yes,PASS,
supplementary,supplementary.tex,1742,ig_extract_blocks interaction_graph.py:552-674; ig_ready :678-694; ig_adaptive_t,int,50,yes,yes,PASS,
supplementary,supplementary.tex,1776,_final_polish_basis _dt_core.py:1882-1904; _final_polish_compass :1907-1966; pol,decimal,0.04,yes,yes,PASS,
supplementary,supplementary.tex,1776,_final_polish_basis _dt_core.py:1882-1904; _final_polish_compass :1907-1966; pol,decimal,0.05,yes,yes,PASS,
supplementary,supplementary.tex,1776,_final_polish_basis _dt_core.py:1882-1904; _final_polish_compass :1907-1966; pol,int,20,yes,yes,PASS,
supplementary,supplementary.tex,1776,_final_polish_basis _dt_core.py:1882-1904; _final_polish_compass :1907-1966; pol,int,20,yes,yes,PASS,
supplementary,supplementary.tex,1776,_final_polish_basis _dt_core.py:1882-1904; _final_polish_compass :1907-1966; pol,int,20,yes,yes,PASS,
supplementary,supplementary.tex,1776,_final_polish_basis _dt_core.py:1882-1904; _final_polish_compass :1907-1966; pol,int,13,yes,yes,PASS,
supplementary,supplementary.tex,1776,_final_polish_basis _dt_core.py:1882-1904; _final_polish_compass :1907-1966; pol,int,2,yes,yes,PASS,
supplementary,supplementary.tex,1776,_final_polish_basis _dt_core.py:1882-1904; _final_polish_compass :1907-1966; pol,int,0,yes,yes,PASS,
supplementary,supplementary.tex,1776,_final_polish_basis _dt_core.py:1882-1904; _final_polish_compass :1907-1966; pol,int,1,yes,yes,PASS,
supplementary,supplementary.tex,1776,_final_polish_basis _dt_core.py:1882-1904; _final_polish_compass :1907-1966; pol,int,12,yes,yes,PASS,
supplementary,supplementary.tex,1776,_final_polish_basis _dt_core.py:1882-1904; _final_polish_compass :1907-1966; pol,int,1,yes,yes,PASS,
supplementary,supplementary.tex,1776,_final_polish_basis _dt_core.py:1882-1904; _final_polish_compass :1907-1966; pol,int,1,yes,yes,PASS,
supplementary,supplementary.tex,1776,_final_polish_basis _dt_core.py:1882-1904; _final_polish_compass :1907-1966; pol,int,1,yes,yes,PASS,
supplementary,supplementary.tex,1800,D_jun/p_jun _dt_core.py:2909-2913; two-stage mask _numba_accel.py:505-659 / _dt_,decimal,0.5,yes,yes,PASS,
supplementary,supplementary.tex,1800,D_jun/p_jun _dt_core.py:2909-2913; two-stage mask _numba_accel.py:505-659 / _dt_,decimal,0.667,yes,yes,PASS,
supplementary,supplementary.tex,1800,D_jun/p_jun _dt_core.py:2909-2913; two-stage mask _numba_accel.py:505-659 / _dt_,decimal,0.80,yes,yes,PASS,
supplementary,supplementary.tex,1800,D_jun/p_jun _dt_core.py:2909-2913; two-stage mask _numba_accel.py:505-659 / _dt_,decimal,0.40,yes,yes,PASS,
supplementary,supplementary.tex,1800,D_jun/p_jun _dt_core.py:2909-2913; two-stage mask _numba_accel.py:505-659 / _dt_,int,0,yes,yes,PASS,
supplementary,supplementary.tex,1800,D_jun/p_jun _dt_core.py:2909-2913; two-stage mask _numba_accel.py:505-659 / _dt_,int,20,yes,yes,PASS,
supplementary,supplementary.tex,1800,D_jun/p_jun _dt_core.py:2909-2913; two-stage mask _numba_accel.py:505-659 / _dt_,int,40,yes,yes,PASS,
supplementary,supplementary.tex,1800,D_jun/p_jun _dt_core.py:2909-2913; two-stage mask _numba_accel.py:505-659 / _dt_,int,40,yes,yes,PASS,
supplementary,supplementary.tex,1800,D_jun/p_jun _dt_core.py:2909-2913; two-stage mask _numba_accel.py:505-659 / _dt_,int,0,yes,yes,PASS,
supplementary,supplementary.tex,1800,D_jun/p_jun _dt_core.py:2909-2913; two-stage mask _numba_accel.py:505-659 / _dt_,int,1,yes,yes,PASS,
supplementary,supplementary.tex,1800,D_jun/p_jun _dt_core.py:2909-2913; two-stage mask _numba_accel.py:505-659 / _dt_,int,2,yes,yes,PASS,
supplementary,supplementary.tex,1800,D_jun/p_jun _dt_core.py:2909-2913; two-stage mask _numba_accel.py:505-659 / _dt_,int,20,yes,yes,PASS,
supplementary,supplementary.tex,1800,D_jun/p_jun _dt_core.py:2909-2913; two-stage mask _numba_accel.py:505-659 / _dt_,int,20,yes,yes,PASS,
supplementary,supplementary.tex,1820,senior split _dt_core.py:2808-2841 / p_senior_bottom_wide _dt_profiles.py; DE/ra,decimal,0.05,yes,yes,PASS,
supplementary,supplementary.tex,1833,argp ring/window/recovery _dt_core.py:3663-3795; argp_window 30 / thresholds _dt,decimal,0.02,yes,yes,PASS,
supplementary,supplementary.tex,1833,argp ring/window/recovery _dt_core.py:3663-3795; argp_window 30 / thresholds _dt,decimal,0.010,yes,yes,PASS,
supplementary,supplementary.tex,1833,argp ring/window/recovery _dt_core.py:3663-3795; argp_window 30 / thresholds _dt,decimal,0.05,yes,yes,PASS,
supplementary,supplementary.tex,1833,argp ring/window/recovery _dt_core.py:3663-3795; argp_window 30 / thresholds _dt,int,50,yes,yes,PASS,
supplementary,supplementary.tex,1833,argp ring/window/recovery _dt_core.py:3663-3795; argp_window 30 / thresholds _dt,int,50,yes,yes,PASS,
supplementary,supplementary.tex,1859,escape trigger _dt_core.py:3819-3851 / module gate :3035-3055; elite freeze :385,decimal,0.5,yes,yes,PASS,
supplementary,supplementary.tex,1859,escape trigger _dt_core.py:3819-3851 / module gate :3035-3055; elite freeze :385,decimal,0.1,yes,yes,PASS,
supplementary,supplementary.tex,1859,escape trigger _dt_core.py:3819-3851 / module gate :3035-3055; elite freeze :385,int,1,yes,yes,PASS,
supplementary,supplementary.tex,1859,escape trigger _dt_core.py:3819-3851 / module gate :3035-3055; elite freeze :385,int,2,yes,yes,PASS,
supplementary,supplementary.tex,1859,escape trigger _dt_core.py:3819-3851 / module gate :3035-3055; elite freeze :385,int,100,yes,yes,PASS,
supplementary,supplementary.tex,1859,escape trigger _dt_core.py:3819-3851 / module gate :3035-3055; elite freeze :385,int,4,yes,yes,PASS,
supplementary,supplementary.tex,1898,coordinate LS branch _dt_core.py:4431-4519; gates :4047-4065; constants _dt_prof,pow10,^-3,yes,yes,PASS,
supplementary,supplementary.tex,1898,coordinate LS branch _dt_core.py:4431-4519; gates :4047-4065; constants _dt_prof,pow10,^-3,yes,yes,PASS,
supplementary,supplementary.tex,1898,coordinate LS branch _dt_core.py:4431-4519; gates :4047-4065; constants _dt_prof,int,1,yes,yes,PASS,
supplementary,supplementary.tex,1898,coordinate LS branch _dt_core.py:4431-4519; gates :4047-4065; constants _dt_prof,int,1,yes,yes,PASS,
supplementary,supplementary.tex,1898,coordinate LS branch _dt_core.py:4431-4519; gates :4047-4065; constants _dt_prof,int,1,yes,yes,PASS,
supplementary,supplementary.tex,1898,coordinate LS branch _dt_core.py:4431-4519; gates :4047-4065; constants _dt_prof,int,2,yes,yes,PASS,
supplementary,supplementary.tex,1898,coordinate LS branch _dt_core.py:4431-4519; gates :4047-4065; constants _dt_prof,int,6,yes,yes,PASS,
supplementary,supplementary.tex,1898,coordinate LS branch _dt_core.py:4431-4519; gates :4047-4065; constants _dt_prof,int,6,yes,yes,PASS,
supplementary,supplementary.tex,1898,coordinate LS branch _dt_core.py:4431-4519; gates :4047-4065; constants _dt_prof,int,6,yes,yes,PASS,
supplementary,supplementary.tex,1898,coordinate LS branch _dt_core.py:4431-4519; gates :4047-4065; constants _dt_prof,int,3,yes,yes,PASS,
supplementary,supplementary.tex,1915,"shared log-drop EMA _dt_core.py:3544-3552; A1 late-accept :3335-3346,3553-3561; ",pow10,^-8,yes,yes,PASS,
supplementary,supplementary.tex,1915,"shared log-drop EMA _dt_core.py:3544-3552; A1 late-accept :3335-3346,3553-3561; ",int,10,yes,yes,PASS,
supplementary,supplementary.tex,1952,evidence_release_manifest.json (3403); evidence_release_manifest_cec2013lsgo.jso,int,2026,yes,yes,PASS,
supplementary,supplementary.tex,1952,evidence_release_manifest.json (3403); evidence_release_manifest_cec2013lsgo.jso,int,28,yes,yes,PASS,
supplementary,supplementary.tex,1952,evidence_release_manifest.json (3403); evidence_release_manifest_cec2013lsgo.jso,int,173,yes,yes,PASS,
supplementary,supplementary.tex,1952,evidence_release_manifest.json (3403); evidence_release_manifest_cec2013lsgo.jso,int,2026,yes,yes,PASS,
supplementary,supplementary.tex,1952,evidence_release_manifest.json (3403); evidence_release_manifest_cec2013lsgo.jso,int,29,yes,yes,PASS,
supplementary,supplementary.tex,1952,evidence_release_manifest.json (3403); evidence_release_manifest_cec2013lsgo.jso,int,336,yes,yes,PASS,
supplementary,supplementary.tex,1952,evidence_release_manifest.json (3403); evidence_release_manifest_cec2013lsgo.jso,int,256,yes,yes,PASS,
supplementary,supplementary.tex,1965,TAB-T16-BCA (validation status: byte-identical seeded re-derivation),group_int,"10,000",yes,yes,PASS,
supplementary,supplementary.tex,1965,TAB-T16-BCA (validation status: byte-identical seeded re-derivation),group_int,"20,260,422",yes,yes,PASS,yes
supplementary,supplementary.tex,1996,"seed_and_pairing_audit.md Section 6 (anomaly A1: 580/580 statistics; 5,916/5,916",group_int,"5,916",yes,yes,PASS,yes
supplementary,supplementary.tex,1996,"seed_and_pairing_audit.md Section 6 (anomaly A1: 580/580 statistics; 5,916/5,916",int,10,yes,yes,PASS,
supplementary,supplementary.tex,1996,"seed_and_pairing_audit.md Section 6 (anomaly A1: 580/580 statistics; 5,916/5,916",int,30,yes,yes,PASS,
supplementary,supplementary.tex,1996,"seed_and_pairing_audit.md Section 6 (anomaly A1: 580/580 statistics; 5,916/5,916",int,50,yes,yes,PASS,
supplementary,supplementary.tex,1996,"seed_and_pairing_audit.md Section 6 (anomaly A1: 580/580 statistics; 5,916/5,916",int,100,yes,yes,PASS,
supplementary,supplementary.tex,1996,"seed_and_pairing_audit.md Section 6 (anomaly A1: 580/580 statistics; 5,916/5,916",int,580,yes,yes,PASS,yes
supplementary,supplementary.tex,2148,"X-ABL-01 (AB-01); ablation_matrix_rank_summary_cec2017_D{10,30,50,100}.csv; abl-",decimal,0.05,yes,yes,PASS,
supplementary,supplementary.tex,2165,"X-ABL-01 (AB-01); ablation_matrix_rank_summary_cec2017_D{10,30,50,100}.csv; abl-",decimal,0.05,yes,yes,PASS,
supplementary,supplementary.tex,2177,X-ABL-03 statistical family for X-ABL-01 (AB-01); Wilcoxon+Holm within dimension,decimal,0.05,yes,yes,PASS,
supplementary,supplementary.tex,2177,X-ABL-03 statistical family for X-ABL-01 (AB-01); Wilcoxon+Holm within dimension,int,51,yes,yes,PASS,
supplementary,supplementary.tex,2274,X-ABL-02 overlay isolation; generate_ablation_matrix.py; _ablation/overlay evide,int,1,yes,yes,PASS,
supplementary,supplementary.tex,2481,RS-13; addendum Section 2; benchmark_variant.json sidecars (D-8.2);,int,2026,yes,yes,PASS,
supplementary,supplementary.tex,2481,RS-13; addendum Section 2; benchmark_variant.json sidecars (D-8.2);,int,28,yes,yes,PASS,
supplementary,supplementary.tex,2481,RS-13; addendum Section 2; benchmark_variant.json sidecars (D-8.2);,int,2026,yes,yes,PASS,
supplementary,supplementary.tex,2481,RS-13; addendum Section 2; benchmark_variant.json sidecars (D-8.2);,int,20,yes,yes,PASS,
supplementary,supplementary.tex,2498,addendum Section 6 (prior-inspection disclosure); amendments 1 (A1.3) and 2 (A2.,int,1,yes,yes,PASS,
supplementary,supplementary.tex,2550,"production_deviation_record.md D-8.4 (values 2026-07-24, commit 4d5c8dad4;",int,2026,yes,yes,PASS,
supplementary,supplementary.tex,2587,AN-OMNI-LSGO-NATIVE (friedman_ranks_cec2013lsgo_native.csv;,decimal,2.326,yes,yes,PASS,
supplementary,supplementary.tex,2587,AN-OMNI-LSGO-NATIVE (friedman_ranks_cec2013lsgo_native.csv;,decimal,0.05,yes,yes,PASS,
supplementary,supplementary.tex,2587,AN-OMNI-LSGO-NATIVE (friedman_ranks_cec2013lsgo_native.csv;,int,7,yes,yes,PASS,
supplementary,supplementary.tex,2587,AN-OMNI-LSGO-NATIVE (friedman_ranks_cec2013lsgo_native.csv;,int,15,yes,yes,PASS,
supplementary,supplementary.tex,2587,AN-OMNI-LSGO-NATIVE (friedman_ranks_cec2013lsgo_native.csv;,int,6,yes,yes,PASS,
supplementary,supplementary.tex,2624,AN-PW-LSGO-NATIVE (wilcoxon_holm_cec2013lsgo_native.csv); amendment 1 A1.3; adde,decimal,0.8469,yes,yes,PASS,
supplementary,supplementary.tex,2624,AN-PW-LSGO-NATIVE (wilcoxon_holm_cec2013lsgo_native.csv); amendment 1 A1.3; adde,decimal,1.0,yes,yes,PASS,
supplementary,supplementary.tex,2624,AN-PW-LSGO-NATIVE (wilcoxon_holm_cec2013lsgo_native.csv); amendment 1 A1.3; adde,decimal,2.326,yes,yes,PASS,
supplementary,supplementary.tex,2624,AN-PW-LSGO-NATIVE (wilcoxon_holm_cec2013lsgo_native.csv); amendment 1 A1.3; adde,decimal,1.673,yes,yes,PASS,
supplementary,supplementary.tex,2624,AN-PW-LSGO-NATIVE (wilcoxon_holm_cec2013lsgo_native.csv); amendment 1 A1.3; adde,int,15,yes,yes,PASS,
supplementary,supplementary.tex,2624,AN-PW-LSGO-NATIVE (wilcoxon_holm_cec2013lsgo_native.csv); amendment 1 A1.3; adde,int,29,yes,yes,PASS,
supplementary,supplementary.tex,2640,AN-PW-LSGO-NATIVE (wilcoxon_holm_cec2013lsgo_native.csv),int,4,yes,yes,PASS,
supplementary,supplementary.tex,2676,AN-PWRUN-LSGO-NATIVE (wilcoxon_run_cec2013lsgo_native.csv);,int,8,yes,yes,PASS,
supplementary,supplementary.tex,2676,AN-PWRUN-LSGO-NATIVE (wilcoxon_run_cec2013lsgo_native.csv);,int,6,yes,yes,PASS,
supplementary,supplementary.tex,2676,AN-PWRUN-LSGO-NATIVE (wilcoxon_run_cec2013lsgo_native.csv);,int,1,yes,yes,PASS,
supplementary,supplementary.tex,2676,AN-PWRUN-LSGO-NATIVE (wilcoxon_run_cec2013lsgo_native.csv);,int,9,yes,yes,PASS,
supplementary,supplementary.tex,2676,AN-PWRUN-LSGO-NATIVE (wilcoxon_run_cec2013lsgo_native.csv);,int,6,yes,yes,PASS,
supplementary,supplementary.tex,2676,AN-PWRUN-LSGO-NATIVE (wilcoxon_run_cec2013lsgo_native.csv);,int,0,yes,yes,PASS,
supplementary,supplementary.tex,2676,AN-PWRUN-LSGO-NATIVE (wilcoxon_run_cec2013lsgo_native.csv);,int,11,yes,yes,PASS,
supplementary,supplementary.tex,2676,AN-PWRUN-LSGO-NATIVE (wilcoxon_run_cec2013lsgo_native.csv);,int,3,yes,yes,PASS,
supplementary,supplementary.tex,2676,AN-PWRUN-LSGO-NATIVE (wilcoxon_run_cec2013lsgo_native.csv);,int,1,yes,yes,PASS,
supplementary,supplementary.tex,2676,AN-PWRUN-LSGO-NATIVE (wilcoxon_run_cec2013lsgo_native.csv);,int,11,yes,yes,PASS,
supplementary,supplementary.tex,2676,AN-PWRUN-LSGO-NATIVE (wilcoxon_run_cec2013lsgo_native.csv);,int,4,yes,yes,PASS,
supplementary,supplementary.tex,2676,AN-PWRUN-LSGO-NATIVE (wilcoxon_run_cec2013lsgo_native.csv);,int,0,yes,yes,PASS,
supplementary,supplementary.tex,2676,AN-PWRUN-LSGO-NATIVE (wilcoxon_run_cec2013lsgo_native.csv);,int,7,yes,yes,PASS,
supplementary,supplementary.tex,2676,AN-PWRUN-LSGO-NATIVE (wilcoxon_run_cec2013lsgo_native.csv);,int,6,yes,yes,PASS,
supplementary,supplementary.tex,2676,AN-PWRUN-LSGO-NATIVE (wilcoxon_run_cec2013lsgo_native.csv);,int,2,yes,yes,PASS,
supplementary,supplementary.tex,2676,AN-PWRUN-LSGO-NATIVE (wilcoxon_run_cec2013lsgo_native.csv);,int,11,yes,yes,PASS,
supplementary,supplementary.tex,2676,AN-PWRUN-LSGO-NATIVE (wilcoxon_run_cec2013lsgo_native.csv);,int,4,yes,yes,PASS,
supplementary,supplementary.tex,2676,AN-PWRUN-LSGO-NATIVE (wilcoxon_run_cec2013lsgo_native.csv);,int,0,yes,yes,PASS,
supplementary,supplementary.tex,2676,AN-PWRUN-LSGO-NATIVE (wilcoxon_run_cec2013lsgo_native.csv);,int,9,yes,yes,PASS,
supplementary,supplementary.tex,2692,AN-PWRUN-LSGO-NATIVE (wilcoxon_run_cec2013lsgo_native.csv),pow10,^-8,yes,yes,PASS,
supplementary,supplementary.tex,2692,AN-PWRUN-LSGO-NATIVE (wilcoxon_run_cec2013lsgo_native.csv),int,25,yes,yes,PASS,
supplementary,supplementary.tex,2692,AN-PWRUN-LSGO-NATIVE (wilcoxon_run_cec2013lsgo_native.csv),int,3,yes,yes,PASS,
supplementary,supplementary.tex,2692,AN-PWRUN-LSGO-NATIVE (wilcoxon_run_cec2013lsgo_native.csv),int,4,yes,yes,PASS,
supplementary,supplementary.tex,2741,AN-EFF-LSGO-NATIVE (effect_sizes_cec2013lsgo_native.csv:,pow10,2.40^6,yes,yes,PASS,
supplementary,supplementary.tex,2741,AN-EFF-LSGO-NATIVE (effect_sizes_cec2013lsgo_native.csv:,pow10,1.80^6,yes,yes,PASS,
supplementary,supplementary.tex,2741,AN-EFF-LSGO-NATIVE (effect_sizes_cec2013lsgo_native.csv:,pow10,4.23^6,yes,yes,PASS,
supplementary,supplementary.tex,2741,AN-EFF-LSGO-NATIVE (effect_sizes_cec2013lsgo_native.csv:,decimal,0.1456,yes,yes,PASS,
supplementary,supplementary.tex,2741,AN-EFF-LSGO-NATIVE (effect_sizes_cec2013lsgo_native.csv:,int,12,yes,yes,PASS,
supplementary,supplementary.tex,2755,AN-EFF-LSGO-NATIVE (effect_sizes_cec2013lsgo_native.csv;,pow10,^-8,yes,yes,PASS,
supplementary,supplementary.tex,2755,AN-EFF-LSGO-NATIVE (effect_sizes_cec2013lsgo_native.csv;,group_int,"10,000",yes,yes,PASS,
supplementary,supplementary.tex,2755,AN-EFF-LSGO-NATIVE (effect_sizes_cec2013lsgo_native.csv;,decimal,0.5,yes,yes,PASS,
supplementary,supplementary.tex,2755,AN-EFF-LSGO-NATIVE (effect_sizes_cec2013lsgo_native.csv;,decimal,0.00,yes,yes,PASS,
supplementary,supplementary.tex,2755,AN-EFF-LSGO-NATIVE (effect_sizes_cec2013lsgo_native.csv;,decimal,1.00,yes,yes,PASS,
supplementary,supplementary.tex,2755,AN-EFF-LSGO-NATIVE (effect_sizes_cec2013lsgo_native.csv;,int,25,yes,yes,PASS,
supplementary,supplementary.tex,2755,AN-EFF-LSGO-NATIVE (effect_sizes_cec2013lsgo_native.csv;,int,12,yes,yes,PASS,
supplementary,supplementary.tex,2755,AN-EFF-LSGO-NATIVE (effect_sizes_cec2013lsgo_native.csv;,int,0,yes,yes,PASS,
supplementary,supplementary.tex,2755,AN-EFF-LSGO-NATIVE (effect_sizes_cec2013lsgo_native.csv;,int,95,yes,yes,PASS,
supplementary,supplementary.tex,2755,AN-EFF-LSGO-NATIVE (effect_sizes_cec2013lsgo_native.csv;,int,12,yes,yes,PASS,
supplementary,supplementary.tex,2793,descriptive_stats_cec2013lsgo_native.csv (105 rows = 15 x 7),int,25,yes,yes,PASS,
supplementary,supplementary.tex,2793,descriptive_stats_cec2013lsgo_native.csv (105 rows = 15 x 7),int,15,yes,yes,PASS,
supplementary,supplementary.tex,2803,descriptive_stats_cec2013lsgo_native.csv,int,25,yes,yes,PASS,
supplementary,supplementary.tex,2803,descriptive_stats_cec2013lsgo_native.csv,int,7,yes,yes,PASS,
supplementary,supplementary.tex,2803,descriptive_stats_cec2013lsgo_native.csv,int,1000,yes,yes,PASS,
supplementary,supplementary.tex,2803,descriptive_stats_cec2013lsgo_native.csv,int,905,yes,yes,PASS,
supplementary,supplementary.tex,2871,descriptive_stats_cec2013lsgo_native.csv,int,25,yes,yes,PASS,
supplementary,supplementary.tex,2871,descriptive_stats_cec2013lsgo_native.csv,int,7,yes,yes,PASS,
supplementary,supplementary.tex,2871,descriptive_stats_cec2013lsgo_native.csv,int,1000,yes,yes,PASS,
supplementary,supplementary.tex,2871,descriptive_stats_cec2013lsgo_native.csv,int,905,yes,yes,PASS,
supplementary,supplementary.tex,2959,RS-12; addendum Sections 2 and 12; signing commit 5c9bfae82;,int,2026,yes,yes,PASS,yes
supplementary,supplementary.tex,2959,RS-12; addendum Sections 2 and 12; signing commit 5c9bfae82;,int,29,yes,yes,PASS,
supplementary,supplementary.tex,2959,RS-12; addendum Sections 2 and 12; signing commit 5c9bfae82;,int,2026,yes,yes,PASS,
supplementary,supplementary.tex,2959,RS-12; addendum Sections 2 and 12; signing commit 5c9bfae82;,int,20,yes,yes,PASS,
supplementary,supplementary.tex,2971,addendum Sections 3 and 10 (pre-committed adjacency disclosure),int,20,yes,yes,PASS,
supplementary,supplementary.tex,2987,decision_log.md D-0024 (base entry + four dated extensions),int,9,yes,yes,PASS,
supplementary,supplementary.tex,2997,"outcome sentence = [AGSK first] variant, pre-committed in addendum",int,20,yes,yes,PASS,
supplementary,supplementary.tex,3012,"AN-PW-2020-D5..D20 (wilcoxon_holm_cec2020_{5,10,15,20}.csv:",int,15,yes,yes,PASS,
supplementary,supplementary.tex,3012,"AN-PW-2020-D5..D20 (wilcoxon_holm_cec2020_{5,10,15,20}.csv:",int,20,yes,yes,PASS,
supplementary,supplementary.tex,3012,"AN-PW-2020-D5..D20 (wilcoxon_holm_cec2020_{5,10,15,20}.csv:",int,20,yes,yes,PASS,
supplementary,supplementary.tex,3025,AN-OMNI-2020-D5..D20 + AN-RANKAGG-2020-OVERALL,pow10,5^4,yes,yes,PASS,
supplementary,supplementary.tex,3025,AN-OMNI-2020-D5..D20 + AN-RANKAGG-2020-OVERALL,pow10,3^6,yes,yes,PASS,yes
supplementary,supplementary.tex,3025,AN-OMNI-2020-D5..D20 + AN-RANKAGG-2020-OVERALL,pow10,^6,yes,yes,PASS,
supplementary,supplementary.tex,3025,AN-OMNI-2020-D5..D20 + AN-RANKAGG-2020-OVERALL,pow10,^7,yes,yes,PASS,
supplementary,supplementary.tex,3025,AN-OMNI-2020-D5..D20 + AN-RANKAGG-2020-OVERALL,int,5,yes,yes,PASS,
supplementary,supplementary.tex,3025,AN-OMNI-2020-D5..D20 + AN-RANKAGG-2020-OVERALL,int,8,yes,yes,PASS,
supplementary,supplementary.tex,3025,AN-OMNI-2020-D5..D20 + AN-RANKAGG-2020-OVERALL,int,10,yes,yes,PASS,
supplementary,supplementary.tex,3025,AN-OMNI-2020-D5..D20 + AN-RANKAGG-2020-OVERALL,int,5,yes,yes,PASS,
supplementary,supplementary.tex,3025,AN-OMNI-2020-D5..D20 + AN-RANKAGG-2020-OVERALL,int,5,yes,yes,PASS,
supplementary,supplementary.tex,3025,AN-OMNI-2020-D5..D20 + AN-RANKAGG-2020-OVERALL,int,10,yes,yes,PASS,
supplementary,supplementary.tex,3025,AN-OMNI-2020-D5..D20 + AN-RANKAGG-2020-OVERALL,int,15,yes,yes,PASS,
supplementary,supplementary.tex,3025,AN-OMNI-2020-D5..D20 + AN-RANKAGG-2020-OVERALL,int,20,yes,yes,PASS,
supplementary,supplementary.tex,3057,"AN-OMNI-2020-D5..D20 (friedman_ranks_cec2020_{5,10,15,20}.csv)",group_int,"100,000",yes,yes,PASS,
supplementary,supplementary.tex,3066,addendum Section 7 (pre-committed power note);,decimal,0.05,yes,yes,PASS,
supplementary,supplementary.tex,3066,addendum Section 7 (pre-committed power note);,decimal,3.185,yes,yes,PASS,
supplementary,supplementary.tex,3066,addendum Section 7 (pre-committed power note);,decimal,2.849,yes,yes,PASS,
supplementary,supplementary.tex,3066,addendum Section 7 (pre-committed power note);,decimal,1.673,yes,yes,PASS,
supplementary,supplementary.tex,3066,addendum Section 7 (pre-committed power note);,int,7,yes,yes,PASS,
supplementary,supplementary.tex,3066,addendum Section 7 (pre-committed power note);,int,8,yes,yes,PASS,
supplementary,supplementary.tex,3066,addendum Section 7 (pre-committed power note);,int,5,yes,yes,PASS,
supplementary,supplementary.tex,3066,addendum Section 7 (pre-committed power note);,int,10,yes,yes,PASS,
supplementary,supplementary.tex,3066,addendum Section 7 (pre-committed power note);,int,10,yes,yes,PASS,
supplementary,supplementary.tex,3066,addendum Section 7 (pre-committed power note);,int,15,yes,yes,PASS,
supplementary,supplementary.tex,3066,addendum Section 7 (pre-committed power note);,int,20,yes,yes,PASS,
supplementary,supplementary.tex,3066,addendum Section 7 (pre-committed power note);,int,29,yes,yes,PASS,
supplementary,supplementary.tex,3079,"AN-OMNI-2020-D5..D20 (friedman_ranks_cec2020_{5,10,15,20}.csv)",group_int,"100,000",yes,yes,PASS,
supplementary,supplementary.tex,3079,"AN-OMNI-2020-D5..D20 (friedman_ranks_cec2020_{5,10,15,20}.csv)",int,6,yes,yes,PASS,
supplementary,supplementary.tex,3079,"AN-OMNI-2020-D5..D20 (friedman_ranks_cec2020_{5,10,15,20}.csv)",int,1,yes,yes,PASS,
supplementary,supplementary.tex,3079,"AN-OMNI-2020-D5..D20 (friedman_ranks_cec2020_{5,10,15,20}.csv)",int,8,yes,yes,PASS,
supplementary,supplementary.tex,3079,"AN-OMNI-2020-D5..D20 (friedman_ranks_cec2020_{5,10,15,20}.csv)",int,5,yes,yes,PASS,
supplementary,supplementary.tex,3079,"AN-OMNI-2020-D5..D20 (friedman_ranks_cec2020_{5,10,15,20}.csv)",int,10,yes,yes,PASS,
supplementary,supplementary.tex,3114,"AN-PW-2020-D5..D20 (wilcoxon_holm_cec2020_{5,10,15,20}.csv);",int,5,yes,yes,PASS,
supplementary,supplementary.tex,3114,"AN-PW-2020-D5..D20 (wilcoxon_holm_cec2020_{5,10,15,20}.csv);",int,10,yes,yes,PASS,
supplementary,supplementary.tex,3114,"AN-PW-2020-D5..D20 (wilcoxon_holm_cec2020_{5,10,15,20}.csv);",int,30,yes,yes,PASS,
supplementary,supplementary.tex,3114,"AN-PW-2020-D5..D20 (wilcoxon_holm_cec2020_{5,10,15,20}.csv);",int,8,yes,yes,PASS,
supplementary,supplementary.tex,3114,"AN-PW-2020-D5..D20 (wilcoxon_holm_cec2020_{5,10,15,20}.csv);",int,5,yes,yes,PASS,
supplementary,supplementary.tex,3114,"AN-PW-2020-D5..D20 (wilcoxon_holm_cec2020_{5,10,15,20}.csv);",int,10,yes,yes,PASS,
supplementary,supplementary.tex,3130,"AN-PW-2020-D5..D20 (wilcoxon_holm_cec2020_{5,10,15,20}.csv,",pow10,^-8,yes,yes,PASS,
supplementary,supplementary.tex,3184,"AN-PWRUN-2020-D5..D20 (wilcoxon_run_cec2020_{5,10,15,20}.csv,",pow10,^-8,yes,yes,PASS,
supplementary,supplementary.tex,3184,"AN-PWRUN-2020-D5..D20 (wilcoxon_run_cec2020_{5,10,15,20}.csv,",decimal,0.05,yes,yes,PASS,
supplementary,supplementary.tex,3184,"AN-PWRUN-2020-D5..D20 (wilcoxon_run_cec2020_{5,10,15,20}.csv,",decimal,0.0625,yes,yes,PASS,
supplementary,supplementary.tex,3184,"AN-PWRUN-2020-D5..D20 (wilcoxon_run_cec2020_{5,10,15,20}.csv,",int,6,yes,yes,PASS,
supplementary,supplementary.tex,3184,"AN-PWRUN-2020-D5..D20 (wilcoxon_run_cec2020_{5,10,15,20}.csv,",int,2,yes,yes,PASS,
supplementary,supplementary.tex,3184,"AN-PWRUN-2020-D5..D20 (wilcoxon_run_cec2020_{5,10,15,20}.csv,",int,2,yes,yes,PASS,
supplementary,supplementary.tex,3184,"AN-PWRUN-2020-D5..D20 (wilcoxon_run_cec2020_{5,10,15,20}.csv,",int,5,yes,yes,PASS,
supplementary,supplementary.tex,3250,"AN-EFF-2020-D5..D20 (effect_sizes_cec2020_{5,10,15,20}.csv;",pow10,^-8,yes,yes,PASS,
supplementary,supplementary.tex,3250,"AN-EFF-2020-D5..D20 (effect_sizes_cec2020_{5,10,15,20}.csv;",int,228,yes,yes,PASS,
supplementary,supplementary.tex,3250,"AN-EFF-2020-D5..D20 (effect_sizes_cec2020_{5,10,15,20}.csv;",int,198,yes,yes,PASS,
supplementary,supplementary.tex,3250,"AN-EFF-2020-D5..D20 (effect_sizes_cec2020_{5,10,15,20}.csv;",int,30,yes,yes,PASS,
supplementary,supplementary.tex,3250,"AN-EFF-2020-D5..D20 (effect_sizes_cec2020_{5,10,15,20}.csv;",int,7,yes,yes,PASS,
supplementary,supplementary.tex,3262,"AN-EFF-2020-D5..D20 (effect_sizes_cec2020_{5,10,15,20}.csv;",pow10,^-8,yes,yes,PASS,
supplementary,supplementary.tex,3262,"AN-EFF-2020-D5..D20 (effect_sizes_cec2020_{5,10,15,20}.csv;",decimal,0.5,yes,yes,PASS,
supplementary,supplementary.tex,3262,"AN-EFF-2020-D5..D20 (effect_sizes_cec2020_{5,10,15,20}.csv;",int,30,yes,yes,PASS,
supplementary,supplementary.tex,3262,"AN-EFF-2020-D5..D20 (effect_sizes_cec2020_{5,10,15,20}.csv;",int,12,yes,yes,PASS,
supplementary,supplementary.tex,3262,"AN-EFF-2020-D5..D20 (effect_sizes_cec2020_{5,10,15,20}.csv;",int,0,yes,yes,PASS,
supplementary,supplementary.tex,3338,AN-ROB-2020 (robustness/robustness_cec2020.csv:,pow10,^-6,yes,yes,PASS,
supplementary,supplementary.tex,3338,AN-ROB-2020 (robustness/robustness_cec2020.csv:,pow10,^-8,yes,yes,PASS,
supplementary,supplementary.tex,3338,AN-ROB-2020 (robustness/robustness_cec2020.csv:,int,15,yes,yes,PASS,
supplementary,supplementary.tex,3350,AN-ROB-2020 (robustness/robustness_cec2020.csv rows,int,10,yes,yes,PASS,
supplementary,supplementary.tex,3350,AN-ROB-2020 (robustness/robustness_cec2020.csv rows,int,15,yes,yes,PASS,
supplementary,supplementary.tex,3350,AN-ROB-2020 (robustness/robustness_cec2020.csv rows,int,20,yes,yes,PASS,
supplementary,supplementary.tex,3350,AN-ROB-2020 (robustness/robustness_cec2020.csv rows,int,8,yes,yes,PASS,
supplementary,supplementary.tex,3378,"descriptive_stats_cec2020_{5,10,15,20}.csv (38 x 7 cells, 30 runs)",pow10,^-8,yes,yes,PASS,
supplementary,supplementary.tex,3378,"descriptive_stats_cec2020_{5,10,15,20}.csv (38 x 7 cells, 30 runs)",int,30,yes,yes,PASS,
supplementary,supplementary.tex,3378,"descriptive_stats_cec2020_{5,10,15,20}.csv (38 x 7 cells, 30 runs)",int,38,yes,yes,PASS,
supplementary,supplementary.tex,3378,"descriptive_stats_cec2020_{5,10,15,20}.csv (38 x 7 cells, 30 runs)",int,8,yes,yes,PASS,
supplementary,supplementary.tex,3378,"descriptive_stats_cec2020_{5,10,15,20}.csv (38 x 7 cells, 30 runs)",int,5,yes,yes,PASS,
supplementary,supplementary.tex,3378,"descriptive_stats_cec2020_{5,10,15,20}.csv (38 x 7 cells, 30 runs)",int,10,yes,yes,PASS,
supplementary,supplementary.tex,3378,"descriptive_stats_cec2020_{5,10,15,20}.csv (38 x 7 cells, 30 runs)",int,10,yes,yes,PASS,
supplementary,supplementary.tex,3378,"descriptive_stats_cec2020_{5,10,15,20}.csv (38 x 7 cells, 30 runs)",int,15,yes,yes,PASS,
supplementary,supplementary.tex,3378,"descriptive_stats_cec2020_{5,10,15,20}.csv (38 x 7 cells, 30 runs)",int,20,yes,yes,PASS,
supplementary,supplementary.tex,3387,descriptive_stats_cec2020_5.csv,pow10,^-8,yes,yes,PASS,
supplementary,supplementary.tex,3387,descriptive_stats_cec2020_5.csv,int,5,yes,yes,PASS,
supplementary,supplementary.tex,3387,descriptive_stats_cec2020_5.csv,int,30,yes,yes,PASS,
supplementary,supplementary.tex,3387,descriptive_stats_cec2020_5.csv,int,7,yes,yes,PASS,
supplementary,supplementary.tex,3387,descriptive_stats_cec2020_5.csv,int,8,yes,yes,PASS,
supplementary,supplementary.tex,3387,descriptive_stats_cec2020_5.csv,int,5,yes,yes,PASS,
supplementary,supplementary.tex,3454,descriptive_stats_cec2020_10.csv,pow10,^-8,yes,yes,PASS,
supplementary,supplementary.tex,3454,descriptive_stats_cec2020_10.csv,int,10,yes,yes,PASS,
supplementary,supplementary.tex,3454,descriptive_stats_cec2020_10.csv,int,30,yes,yes,PASS,
supplementary,supplementary.tex,3454,descriptive_stats_cec2020_10.csv,int,7,yes,yes,PASS,
supplementary,supplementary.tex,3454,descriptive_stats_cec2020_10.csv,int,10,yes,yes,PASS,
supplementary,supplementary.tex,3533,descriptive_stats_cec2020_15.csv,pow10,^-8,yes,yes,PASS,
supplementary,supplementary.tex,3533,descriptive_stats_cec2020_15.csv,int,15,yes,yes,PASS,
supplementary,supplementary.tex,3533,descriptive_stats_cec2020_15.csv,int,30,yes,yes,PASS,
supplementary,supplementary.tex,3533,descriptive_stats_cec2020_15.csv,int,7,yes,yes,PASS,
supplementary,supplementary.tex,3533,descriptive_stats_cec2020_15.csv,int,10,yes,yes,PASS,
supplementary,supplementary.tex,3612,descriptive_stats_cec2020_20.csv,pow10,^-8,yes,yes,PASS,
supplementary,supplementary.tex,3612,descriptive_stats_cec2020_20.csv,int,20,yes,yes,PASS,
supplementary,supplementary.tex,3612,descriptive_stats_cec2020_20.csv,int,30,yes,yes,PASS,
supplementary,supplementary.tex,3612,descriptive_stats_cec2020_20.csv,int,7,yes,yes,PASS,
supplementary,supplementary.tex,3612,descriptive_stats_cec2020_20.csv,int,10,yes,yes,PASS,
supplementary,supplementary.tex,3809,E1 headline; C1 basis-neutral restatement,pow10,5^-5,yes,yes,PASS,
supplementary,supplementary.tex,3860,E2 headline; rank-claim qualification,decimal,0.517,yes,yes,PASS,
supplementary,supplementary.tex,3860,E2 headline; rank-claim qualification,int,10,yes,yes,PASS,
supplementary,supplementary.tex,3872,"E3 design (rev-rel-2026-08-26-dd42d37eb; _dt_profiles.pub_overrides key diff, ge",int,10,yes,yes,PASS,
supplementary,supplementary.tex,3872,"E3 design (rev-rel-2026-08-26-dd42d37eb; _dt_profiles.pub_overrides key diff, ge",int,100,yes,yes,PASS,
supplementary,supplementary.tex,3872,"E3 design (rev-rel-2026-08-26-dd42d37eb; _dt_profiles.pub_overrides key diff, ge",int,88,yes,yes,PASS,
supplementary,supplementary.tex,3921,E3 headline; C2 narrowed; D30 tier mis-specification,int,30,yes,yes,PASS,
supplementary,supplementary.tex,3921,E3 headline; C2 narrowed; D30 tier mis-specification,int,88,yes,yes,PASS,
supplementary,supplementary.tex,3937,"E4 design (rev-rel-2026-08-26-dd42d37eb; e4_sensitivity.csv 27 cells, 15 runs); ",int,30,yes,yes,PASS,
supplementary,supplementary.tex,3937,"E4 design (rev-rel-2026-08-26-dd42d37eb; e4_sensitivity.csv 27 cells, 15 runs); ",int,100,yes,yes,PASS,
supplementary,supplementary.tex,3937,"E4 design (rev-rel-2026-08-26-dd42d37eb; e4_sensitivity.csv 27 cells, 15 runs); ",int,29,yes,yes,PASS,
supplementary,supplementary.tex,3937,"E4 design (rev-rel-2026-08-26-dd42d37eb; e4_sensitivity.csv 27 cells, 15 runs); ",int,15,yes,yes,PASS,
supplementary,supplementary.tex,3937,"E4 design (rev-rel-2026-08-26-dd42d37eb; e4_sensitivity.csv 27 cells, 15 runs); ",int,27,yes,yes,PASS,
supplementary,supplementary.tex,3937,"E4 design (rev-rel-2026-08-26-dd42d37eb; e4_sensitivity.csv 27 cells, 15 runs); ",int,28,yes,yes,PASS,
supplementary,supplementary.tex,4001,E5 (rev2-rel-2026-08-28-203c78744; e5_threshold_sensitivity.json); A4 registered,int,30,yes,yes,PASS,
supplementary,supplementary.tex,4001,E5 (rev2-rel-2026-08-28-203c78744; e5_threshold_sensitivity.json); A4 registered,int,51,yes,yes,PASS,
supplementary,supplementary.tex,4001,E5 (rev2-rel-2026-08-28-203c78744; e5_threshold_sensitivity.json); A4 registered,int,50,yes,yes,PASS,
supplementary,supplementary.tex,4001,E5 (rev2-rel-2026-08-28-203c78744; e5_threshold_sensitivity.json); A4 registered,int,2026,yes,yes,PASS,
supplementary,supplementary.tex,4001,E5 (rev2-rel-2026-08-28-203c78744; e5_threshold_sensitivity.json); A4 registered,int,28,yes,yes,PASS,
supplementary,supplementary.tex,4035,E5 headline; adverse-first reporting; C2 scope intact,decimal,0.11,yes,yes,PASS,yes
supplementary,supplementary.tex,4035,E5 headline; adverse-first reporting; C2 scope intact,decimal,0.41,yes,yes,PASS,
supplementary,supplementary.tex,4035,E5 headline; adverse-first reporting; C2 scope intact,int,20,yes,yes,PASS,
supplementary,supplementary.tex,4035,E5 headline; adverse-first reporting; C2 scope intact,int,29,yes,yes,PASS,
supplementary,supplementary.tex,4035,E5 headline; adverse-first reporting; C2 scope intact,int,50,yes,yes,PASS,
supplementary,supplementary.tex,4035,E5 headline; adverse-first reporting; C2 scope intact,int,10,yes,yes,PASS,
supplementary,supplementary.tex,4035,E5 headline; adverse-first reporting; C2 scope intact,int,50,yes,yes,PASS,
supplementary,supplementary.tex,4035,E5 headline; adverse-first reporting; C2 scope intact,int,30,yes,yes,PASS,
supplementary,supplementary.tex,4035,E5 headline; adverse-first reporting; C2 scope intact,int,100,yes,yes,PASS,
