optimizer,suite,function,dimension,run,seed,best_fitness,error,nfes,termination,runtime_seconds
gsk,cec2013,1,10,1,32240721,-1.4000000000e+03,0.0000000000e+00,100000,max_evaluations,0.307905
gsk,cec2013,1,10,2,33240758,-1.4000000000e+03,0.0000000000e+00,100000,max_evaluations,0.308228
gsk,cec2013,1,10,3,34240795,-1.4000000000e+03,0.0000000000e+00,100000,max_evaluations,0.328803
gsk,cec2013,1,10,4,35240832,-1.4000000000e+03,0.0000000000e+00,100000,max_evaluations,0.334449
gsk,cec2013,1,10,5,36240869,-1.4000000000e+03,0.0000000000e+00,100000,max_evaluations,0.330956
gsk,cec2013,1,10,6,37240906,-1.4000000000e+03,0.0000000000e+00,100000,max_evaluations,0.330452
gsk,cec2013,1,10,7,38240943,-1.4000000000e+03,0.0000000000e+00,100000,max_evaluations,0.314821
gsk,cec2013,1,10,8,39240980,-1.4000000000e+03,0.0000000000e+00,100000,max_evaluations,0.334853
gsk,cec2013,1,10,9,40241017,-1.4000000000e+03,0.0000000000e+00,100000,max_evaluations,0.353085
gsk,cec2013,1,10,10,41241054,-1.4000000000e+03,0.0000000000e+00,100000,max_evaluations,0.309511
gsk,cec2013,1,10,11,42241091,-1.4000000000e+03,0.0000000000e+00,100000,max_evaluations,0.333406
gsk,cec2013,1,10,12,43241128,-1.4000000000e+03,0.0000000000e+00,100000,max_evaluations,0.314684
gsk,cec2013,1,10,13,44241165,-1.4000000000e+03,0.0000000000e+00,100000,max_evaluations,0.364326
gsk,cec2013,1,10,14,45241202,-1.4000000000e+03,0.0000000000e+00,100000,max_evaluations,0.324620
gsk,cec2013,1,10,15,46241239,-1.4000000000e+03,0.0000000000e+00,100000,max_evaluations,0.349162
gsk,cec2013,1,10,16,47241276,-1.4000000000e+03,0.0000000000e+00,100000,max_evaluations,0.342045
gsk,cec2013,1,10,17,48241313,-1.4000000000e+03,0.0000000000e+00,100000,max_evaluations,0.327452
gsk,cec2013,1,10,18,49241350,-1.4000000000e+03,0.0000000000e+00,100000,max_evaluations,0.344382
gsk,cec2013,1,10,19,50241387,-1.4000000000e+03,0.0000000000e+00,100000,max_evaluations,0.310312
gsk,cec2013,1,10,20,51241424,-1.4000000000e+03,0.0000000000e+00,100000,max_evaluations,0.306497
gsk,cec2013,1,10,21,52241461,-1.4000000000e+03,0.0000000000e+00,100000,max_evaluations,0.306840
gsk,cec2013,1,10,22,53241498,-1.4000000000e+03,0.0000000000e+00,100000,max_evaluations,0.351122
gsk,cec2013,1,10,23,54241535,-1.4000000000e+03,0.0000000000e+00,100000,max_evaluations,0.316203
gsk,cec2013,1,10,24,55241572,-1.4000000000e+03,0.0000000000e+00,100000,max_evaluations,0.337490
gsk,cec2013,1,10,25,56241609,-1.4000000000e+03,0.0000000000e+00,100000,max_evaluations,0.323292
gsk,cec2013,1,10,26,57241646,-1.4000000000e+03,0.0000000000e+00,100000,max_evaluations,0.340122
gsk,cec2013,1,10,27,58241683,-1.4000000000e+03,0.0000000000e+00,100000,max_evaluations,0.313976
gsk,cec2013,1,10,28,59241720,-1.4000000000e+03,0.0000000000e+00,100000,max_evaluations,0.335767
gsk,cec2013,1,10,29,60241757,-1.4000000000e+03,0.0000000000e+00,100000,max_evaluations,0.344536
gsk,cec2013,1,10,30,61241794,-1.4000000000e+03,0.0000000000e+00,100000,max_evaluations,0.308889
gsk,cec2013,1,10,31,62241831,-1.4000000000e+03,0.0000000000e+00,100000,max_evaluations,0.330810
gsk,cec2013,1,10,32,63241868,-1.4000000000e+03,0.0000000000e+00,100000,max_evaluations,0.314313
gsk,cec2013,1,10,33,64241905,-1.4000000000e+03,0.0000000000e+00,100000,max_evaluations,0.292286
gsk,cec2013,1,10,34,65241942,-1.4000000000e+03,0.0000000000e+00,100000,max_evaluations,0.347400
gsk,cec2013,1,10,35,66241979,-1.4000000000e+03,0.0000000000e+00,100000,max_evaluations,0.318095
gsk,cec2013,1,10,36,67242016,-1.4000000000e+03,0.0000000000e+00,100000,max_evaluations,0.318057
gsk,cec2013,1,10,37,68242053,-1.4000000000e+03,0.0000000000e+00,100000,max_evaluations,0.292038
gsk,cec2013,1,10,38,69242090,-1.4000000000e+03,0.0000000000e+00,100000,max_evaluations,0.327188
gsk,cec2013,1,10,39,70242127,-1.4000000000e+03,0.0000000000e+00,100000,max_evaluations,0.288782
gsk,cec2013,1,10,40,71242164,-1.4000000000e+03,0.0000000000e+00,100000,max_evaluations,0.307169
gsk,cec2013,1,10,41,72242201,-1.4000000000e+03,0.0000000000e+00,100000,max_evaluations,0.289299
gsk,cec2013,1,10,42,73242238,-1.4000000000e+03,0.0000000000e+00,100000,max_evaluations,0.294141
gsk,cec2013,1,10,43,74242275,-1.4000000000e+03,0.0000000000e+00,100000,max_evaluations,0.290862
gsk,cec2013,1,10,44,75242312,-1.4000000000e+03,0.0000000000e+00,100000,max_evaluations,0.290969
gsk,cec2013,1,10,45,76242349,-1.4000000000e+03,0.0000000000e+00,100000,max_evaluations,0.305029
gsk,cec2013,1,10,46,77242386,-1.4000000000e+03,0.0000000000e+00,100000,max_evaluations,0.257740
gsk,cec2013,1,10,47,78242423,-1.4000000000e+03,0.0000000000e+00,100000,max_evaluations,0.251207
gsk,cec2013,1,10,48,79242460,-1.4000000000e+03,0.0000000000e+00,100000,max_evaluations,0.244526
gsk,cec2013,1,10,49,80242497,-1.4000000000e+03,0.0000000000e+00,100000,max_evaluations,0.220591
gsk,cec2013,1,10,50,81242534,-1.4000000000e+03,0.0000000000e+00,100000,max_evaluations,0.230840
gsk,cec2013,1,10,51,82242571,-1.4000000000e+03,0.0000000000e+00,100000,max_evaluations,0.227725
gsk,cec2013,2,10,1,33240754,-1.2999714450e+03,2.8554980886e-02,100000,max_evaluations,0.432782
gsk,cec2013,2,10,2,34240791,-1.2999684452e+03,3.1554834110e-02,100000,max_evaluations,0.418450
gsk,cec2013,2,10,3,35240828,-1.2999604159e+03,3.9584073979e-02,100000,max_evaluations,0.423179
gsk,cec2013,2,10,4,36240865,-1.2999932425e+03,6.7575205642e-03,100000,max_evaluations,0.407428
gsk,cec2013,2,10,5,37240902,-1.2999675244e+03,3.2475557066e-02,100000,max_evaluations,0.403378
gsk,cec2013,2,10,6,38240939,-1.2999688778e+03,3.1122222600e-02,100000,max_evaluations,0.434476
gsk,cec2013,2,10,7,39240976,-1.2999755670e+03,2.4433018292e-02,100000,max_evaluations,0.427278
gsk,cec2013,2,10,8,40241013,-1.2999830336e+03,1.6966352149e-02,100000,max_evaluations,0.373835
gsk,cec2013,2,10,9,41241050,-1.2999885015e+03,1.1498519345e-02,100000,max_evaluations,0.469702
gsk,cec2013,2,10,10,42241087,-1.2999795576e+03,2.0442351881e-02,100000,max_evaluations,0.413263
gsk,cec2013,2,10,11,43241124,-1.2999733264e+03,2.6673619772e-02,100000,max_evaluations,0.407733
gsk,cec2013,2,10,12,44241161,-1.2999890432e+03,1.0956759564e-02,100000,max_evaluations,0.376814
gsk,cec2013,2,10,13,45241198,-1.2999627431e+03,3.7256943024e-02,100000,max_evaluations,0.384235
gsk,cec2013,2,10,14,46241235,-1.2999796340e+03,2.0365950257e-02,100000,max_evaluations,0.399822
gsk,cec2013,2,10,15,47241272,-1.2999739141e+03,2.6085853312e-02,100000,max_evaluations,0.377517
gsk,cec2013,2,10,16,48241309,-1.2999736973e+03,2.6302726272e-02,100000,max_evaluations,0.390913
gsk,cec2013,2,10,17,49241346,-1.2999780895e+03,2.1910540192e-02,100000,max_evaluations,0.398576
gsk,cec2013,2,10,18,50241383,-1.2999569657e+03,4.3034294835e-02,100000,max_evaluations,0.442205
gsk,cec2013,2,10,19,51241420,-1.2999582617e+03,4.1738320404e-02,100000,max_evaluations,0.413110
gsk,cec2013,2,10,20,52241457,-1.2999566303e+03,4.3369738085e-02,100000,max_evaluations,0.390476
gsk,cec2013,2,10,21,53241494,-1.2999663493e+03,3.3650662609e-02,100000,max_evaluations,0.412921
gsk,cec2013,2,10,22,54241531,-1.2999785875e+03,2.1412523862e-02,100000,max_evaluations,0.401200
gsk,cec2013,2,10,23,55241568,-1.2999813422e+03,1.8657833702e-02,100000,max_evaluations,0.402704
gsk,cec2013,2,10,24,56241605,-1.2999907148e+03,9.2851563777e-03,100000,max_evaluations,0.404046
gsk,cec2013,2,10,25,57241642,-1.2999741046e+03,2.5895407901e-02,100000,max_evaluations,0.380119
gsk,cec2013,2,10,26,58241679,-1.2999489936e+03,5.1006404015e-02,100000,max_evaluations,0.358103
gsk,cec2013,2,10,27,59241716,-1.2999841484e+03,1.5851637809e-02,100000,max_evaluations,0.387443
gsk,cec2013,2,10,28,60241753,-1.2999515690e+03,4.8431015869e-02,100000,max_evaluations,0.356300
gsk,cec2013,2,10,29,61241790,-1.2999862379e+03,1.3762064562e-02,100000,max_evaluations,0.392793
gsk,cec2013,2,10,30,62241827,-1.2999849856e+03,1.5014379374e-02,100000,max_evaluations,0.397494
gsk,cec2013,2,10,31,63241864,-1.2999615056e+03,3.8494420454e-02,100000,max_evaluations,0.400363
gsk,cec2013,2,10,32,64241901,-1.2999799983e+03,2.0001740869e-02,100000,max_evaluations,0.394265
gsk,cec2013,2,10,33,65241938,-1.2999680160e+03,3.1984029159e-02,100000,max_evaluations,0.359988
gsk,cec2013,2,10,34,66241975,-1.2999897474e+03,1.0252638113e-02,100000,max_evaluations,0.400153
gsk,cec2013,2,10,35,67242012,-1.2999805733e+03,1.9426730435e-02,100000,max_evaluations,0.385735
gsk,cec2013,2,10,36,68242049,-1.2999835485e+03,1.6451543776e-02,100000,max_evaluations,0.361584
gsk,cec2013,2,10,37,69242086,-1.2999061720e+03,9.3828045351e-02,100000,max_evaluations,0.363069
gsk,cec2013,2,10,38,70242123,-1.2999834260e+03,1.6574048031e-02,100000,max_evaluations,0.387681
gsk,cec2013,2,10,39,71242160,-1.2999808236e+03,1.9176374301e-02,100000,max_evaluations,0.368496
gsk,cec2013,2,10,40,72242197,-1.2999813608e+03,1.8639189634e-02,100000,max_evaluations,0.378596
gsk,cec2013,2,10,41,73242234,-1.2999558868e+03,4.4113212955e-02,100000,max_evaluations,0.390840
gsk,cec2013,2,10,42,74242271,-1.2999841711e+03,1.5828915809e-02,100000,max_evaluations,0.369685
gsk,cec2013,2,10,43,75242308,-1.2999769639e+03,2.3036086932e-02,100000,max_evaluations,0.397112
gsk,cec2013,2,10,44,76242345,-1.2999866055e+03,1.3394475333e-02,100000,max_evaluations,0.408809
gsk,cec2013,2,10,45,77242382,-1.2999792809e+03,2.0719087500e-02,100000,max_evaluations,0.359426
gsk,cec2013,2,10,46,78242419,-1.2999400785e+03,5.9921537261e-02,100000,max_evaluations,0.304628
gsk,cec2013,2,10,47,79242456,-1.2999290883e+03,7.0911747321e-02,100000,max_evaluations,0.310738
gsk,cec2013,2,10,48,80242493,-1.2999770700e+03,2.2929999015e-02,100000,max_evaluations,0.286529
gsk,cec2013,2,10,49,81242530,-1.2999864337e+03,1.3566323664e-02,100000,max_evaluations,0.290442
gsk,cec2013,2,10,50,82242567,-1.2999772540e+03,2.2745991510e-02,100000,max_evaluations,0.286496
gsk,cec2013,2,10,51,83242604,-1.2999775420e+03,2.2457992005e-02,100000,max_evaluations,0.264916
gsk,cec2013,3,10,1,34240787,-1.1999999415e+03,5.8463645200e-05,100000,max_evaluations,0.578784
gsk,cec2013,3,10,2,35240824,-1.1999998601e+03,1.3991318600e-04,100000,max_evaluations,0.762067
gsk,cec2013,3,10,3,36240861,-1.1998931808e+03,1.0681918585e-01,100000,max_evaluations,0.700915
gsk,cec2013,3,10,4,37240898,-1.1999990218e+03,9.7822950720e-04,100000,max_evaluations,0.564178
gsk,cec2013,3,10,5,38240935,-1.1999533533e+03,4.6646706875e-02,100000,max_evaluations,0.679189
gsk,cec2013,3,10,6,39240972,-1.1999996941e+03,3.0585075110e-04,100000,max_evaluations,0.715443
gsk,cec2013,3,10,7,40241009,-1.1999993848e+03,6.1524622740e-04,100000,max_evaluations,0.676714
gsk,cec2013,3,10,8,41241046,-1.1999994758e+03,5.2416799100e-04,100000,max_evaluations,0.763271
gsk,cec2013,3,10,9,42241083,-1.1999946393e+03,5.3607243337e-03,100000,max_evaluations,0.702941
gsk,cec2013,3,10,10,43241120,-1.1999286424e+03,7.1357623640e-02,100000,max_evaluations,0.554757
gsk,cec2013,3,10,11,44241157,-1.1999286210e+03,7.1378971640e-02,100000,max_evaluations,0.551296
gsk,cec2013,3,10,12,45241194,-1.1999846140e+03,1.5385955901e-02,100000,max_evaluations,0.572389
gsk,cec2013,3,10,13,46241231,-1.1999988641e+03,1.1359392968e-03,100000,max_evaluations,0.562607
gsk,cec2013,3,10,14,47241268,-1.1999989886e+03,1.0114183203e-03,100000,max_evaluations,0.630481
gsk,cec2013,3,10,15,48241305,-1.1996913981e+03,3.0860194225e-01,100000,max_evaluations,0.555772
gsk,cec2013,3,10,16,49241342,-1.1999286408e+03,7.1359161927e-02,100000,max_evaluations,0.506156
gsk,cec2013,3,10,17,50241379,-1.1999964266e+03,3.5734377032e-03,100000,max_evaluations,0.519073
gsk,cec2013,3,10,18,51241416,-1.1998915744e+03,1.0842563667e-01,100000,max_evaluations,0.502402
gsk,cec2013,3,10,19,52241453,-1.1999997855e+03,2.1452707530e-04,100000,max_evaluations,0.493803
gsk,cec2013,3,10,20,53241490,-1.1999966233e+03,3.3767071814e-03,100000,max_evaluations,0.507919
gsk,cec2013,3,10,21,54241527,-1.1999968520e+03,3.1479653783e-03,100000,max_evaluations,0.502917
gsk,cec2013,3,10,22,55241564,-1.1998818741e+03,1.1812594083e-01,100000,max_evaluations,0.488078
gsk,cec2013,3,10,23,56241601,-1.1998563500e+03,1.4365003451e-01,100000,max_evaluations,0.612319
gsk,cec2013,3,10,24,57241638,-1.1999282313e+03,7.1768719336e-02,100000,max_evaluations,0.591792
gsk,cec2013,3,10,25,58241675,-1.1999286378e+03,7.1362210702e-02,100000,max_evaluations,0.590888
gsk,cec2013,3,10,26,59241712,-1.1999101314e+03,8.9868622692e-02,100000,max_evaluations,0.628398
gsk,cec2013,3,10,27,60241749,-1.1999286374e+03,7.1362575630e-02,100000,max_evaluations,0.643195
gsk,cec2013,3,10,28,61241786,-1.1999990543e+03,9.4566306280e-04,100000,max_evaluations,0.625546
gsk,cec2013,3,10,29,62241823,-1.1999989491e+03,1.0509445428e-03,100000,max_evaluations,0.571321
gsk,cec2013,3,10,30,63241860,-1.1999998502e+03,1.4975751830e-04,100000,max_evaluations,0.598978
gsk,cec2013,3,10,31,64241897,-1.1999937298e+03,6.2701819681e-03,100000,max_evaluations,0.440096
gsk,cec2013,3,10,32,65241934,-1.1999996674e+03,3.3261716180e-04,100000,max_evaluations,0.452657
gsk,cec2013,3,10,33,66241971,-1.1999990223e+03,9.7767934150e-04,100000,max_evaluations,0.488795
gsk,cec2013,3,10,34,67242008,-1.1999883912e+03,1.1608819057e-02,100000,max_evaluations,0.445684
gsk,cec2013,3,10,35,68242045,-1.1999998960e+03,1.0398022620e-04,100000,max_evaluations,0.500605
gsk,cec2013,3,10,36,69242082,-1.1999987860e+03,1.2140288320e-03,100000,max_evaluations,0.428512
gsk,cec2013,3,10,37,70242119,-1.1999999527e+03,4.7319648000e-05,100000,max_evaluations,0.455296
gsk,cec2013,3,10,38,71242156,-1.1999971707e+03,2.8292814834e-03,100000,max_evaluations,0.471846
gsk,cec2013,3,10,39,72242193,-1.1999286146e+03,7.1385444967e-02,100000,max_evaluations,0.458571
gsk,cec2013,3,10,40,73242230,-1.1999286130e+03,7.1387030382e-02,100000,max_evaluations,0.469192
gsk,cec2013,3,10,41,74242267,-1.1999977627e+03,2.2373041725e-03,100000,max_evaluations,0.466325
gsk,cec2013,3,10,42,75242304,-1.1999996825e+03,3.1746143760e-04,100000,max_evaluations,0.419097
gsk,cec2013,3,10,43,76242341,-1.1999795745e+03,2.0425471409e-02,100000,max_evaluations,0.449748
gsk,cec2013,3,10,44,77242378,-1.1999998032e+03,1.9684592140e-04,100000,max_evaluations,0.435131
gsk,cec2013,3,10,45,78242415,-1.1999982770e+03,1.7229634143e-03,100000,max_evaluations,0.435194
gsk,cec2013,3,10,46,79242452,-1.1999286082e+03,7.1391812226e-02,100000,max_evaluations,0.409341
gsk,cec2013,3,10,47,80242489,-1.1999997094e+03,2.9061802320e-04,100000,max_evaluations,0.345718
gsk,cec2013,3,10,48,81242526,-1.1999999505e+03,4.9506361800e-05,100000,max_evaluations,0.379444
gsk,cec2013,3,10,49,82242563,-1.1999363579e+03,6.3642141273e-02,100000,max_evaluations,0.383968
gsk,cec2013,3,10,50,83242600,-1.1999958233e+03,4.1766917900e-03,100000,max_evaluations,0.375355
gsk,cec2013,3,10,51,84242637,-1.1999683342e+03,3.1665780325e-02,100000,max_evaluations,0.332498
gsk,cec2013,4,10,1,35240820,-1.0999996511e+03,3.4890266990e-04,100000,max_evaluations,0.493676
gsk,cec2013,4,10,2,36240857,-1.0999996253e+03,3.7473909540e-04,100000,max_evaluations,0.461209
gsk,cec2013,4,10,3,37240894,-1.0999995697e+03,4.3028568050e-04,100000,max_evaluations,0.437439
gsk,cec2013,4,10,4,38240931,-1.0999995954e+03,4.0457288500e-04,100000,max_evaluations,0.411036
gsk,cec2013,4,10,5,39240968,-1.0999993828e+03,6.1715613830e-04,100000,max_evaluations,0.449146
gsk,cec2013,4,10,6,40241005,-1.0999993904e+03,6.0960752630e-04,100000,max_evaluations,0.414664
gsk,cec2013,4,10,7,41241042,-1.0999992773e+03,7.2266842970e-04,100000,max_evaluations,0.452107
gsk,cec2013,4,10,8,42241079,-1.0999990261e+03,9.7387807160e-04,100000,max_evaluations,0.403607
gsk,cec2013,4,10,9,43241116,-1.0999994752e+03,5.2476969300e-04,100000,max_evaluations,0.424814
gsk,cec2013,4,10,10,44241153,-1.0999991717e+03,8.2825726580e-04,100000,max_evaluations,0.435926
gsk,cec2013,4,10,11,45241190,-1.0999996760e+03,3.2396938470e-04,100000,max_evaluations,0.437127
gsk,cec2013,4,10,12,46241227,-1.0999991132e+03,8.8682244040e-04,100000,max_evaluations,0.448920
gsk,cec2013,4,10,13,47241264,-1.0999995520e+03,4.4801607530e-04,100000,max_evaluations,0.434830
gsk,cec2013,4,10,14,48241301,-1.0999981480e+03,1.8519577743e-03,100000,max_evaluations,0.438503
gsk,cec2013,4,10,15,49241338,-1.0999987763e+03,1.2237427452e-03,100000,max_evaluations,0.472454
gsk,cec2013,4,10,16,50241375,-1.0999993164e+03,6.8355991950e-04,100000,max_evaluations,0.406969
gsk,cec2013,4,10,17,51241412,-1.0999990287e+03,9.7128798530e-04,100000,max_evaluations,0.354701
gsk,cec2013,4,10,18,52241449,-1.0999993801e+03,6.1992348040e-04,100000,max_evaluations,0.414925
gsk,cec2013,4,10,19,53241486,-1.0999996278e+03,3.7215335920e-04,100000,max_evaluations,0.363186
gsk,cec2013,4,10,20,54241523,-1.0999992218e+03,7.7817370860e-04,100000,max_evaluations,0.372077
gsk,cec2013,4,10,21,55241560,-1.0999992682e+03,7.3184320220e-04,100000,max_evaluations,0.370548
gsk,cec2013,4,10,22,56241597,-1.0999991424e+03,8.5755179000e-04,100000,max_evaluations,0.405132
gsk,cec2013,4,10,23,57241634,-1.0999988836e+03,1.1164422099e-03,100000,max_evaluations,0.345078
gsk,cec2013,4,10,24,58241671,-1.0999993463e+03,6.5372286740e-04,100000,max_evaluations,0.437755
gsk,cec2013,4,10,25,59241708,-1.0999994232e+03,5.7677388240e-04,100000,max_evaluations,0.408773
gsk,cec2013,4,10,26,60241745,-1.0999984839e+03,1.5160780456e-03,100000,max_evaluations,0.365966
gsk,cec2013,4,10,27,61241782,-1.0999994511e+03,5.4893779700e-04,100000,max_evaluations,0.335331
gsk,cec2013,4,10,28,62241819,-1.0999995493e+03,4.5065463680e-04,100000,max_evaluations,0.352583
gsk,cec2013,4,10,29,63241856,-1.0999990793e+03,9.2072611690e-04,100000,max_evaluations,0.333623
gsk,cec2013,4,10,30,64241893,-1.0999996720e+03,3.2804268380e-04,100000,max_evaluations,0.361947
gsk,cec2013,4,10,31,65241930,-1.0999995276e+03,4.7244946650e-04,100000,max_evaluations,0.372071
gsk,cec2013,4,10,32,66241967,-1.0999993547e+03,6.4529321430e-04,100000,max_evaluations,0.421226
gsk,cec2013,4,10,33,67242004,-1.0999992499e+03,7.5014972250e-04,100000,max_evaluations,0.411027
gsk,cec2013,4,10,34,68242041,-1.0999992554e+03,7.4464771110e-04,100000,max_evaluations,0.416320
gsk,cec2013,4,10,35,69242078,-1.0999992947e+03,7.0531161330e-04,100000,max_evaluations,0.399812
gsk,cec2013,4,10,36,70242115,-1.0999990951e+03,9.0492472200e-04,100000,max_evaluations,0.376223
gsk,cec2013,4,10,37,71242152,-1.0999993038e+03,6.9622150270e-04,100000,max_evaluations,0.375833
gsk,cec2013,4,10,38,72242189,-1.0999988151e+03,1.1849195116e-03,100000,max_evaluations,0.364217
gsk,cec2013,4,10,39,73242226,-1.0999995080e+03,4.9196466650e-04,100000,max_evaluations,0.352714
gsk,cec2013,4,10,40,74242263,-1.0999994087e+03,5.9126101340e-04,100000,max_evaluations,0.391398
gsk,cec2013,4,10,41,75242300,-1.0999997143e+03,2.8572461310e-04,100000,max_evaluations,0.374017
gsk,cec2013,4,10,42,76242337,-1.0999997145e+03,2.8553700530e-04,100000,max_evaluations,0.380122
gsk,cec2013,4,10,43,77242374,-1.0999996879e+03,3.1210467250e-04,100000,max_evaluations,0.340619
gsk,cec2013,4,10,44,78242411,-1.0999991710e+03,8.2895449030e-04,100000,max_evaluations,0.385850
gsk,cec2013,4,10,45,79242448,-1.0999971895e+03,2.8104612527e-03,100000,max_evaluations,0.338508
gsk,cec2013,4,10,46,80242485,-1.0999997958e+03,2.0423309620e-04,100000,max_evaluations,0.287677
gsk,cec2013,4,10,47,81242522,-1.0999989124e+03,1.0876441534e-03,100000,max_evaluations,0.305802
gsk,cec2013,4,10,48,82242559,-1.0999992872e+03,7.1276225500e-04,100000,max_evaluations,0.306817
gsk,cec2013,4,10,49,83242596,-1.0999995540e+03,4.4602279010e-04,100000,max_evaluations,0.298651
gsk,cec2013,4,10,50,84242633,-1.0999987161e+03,1.2838829630e-03,100000,max_evaluations,0.285719
gsk,cec2013,4,10,51,85242670,-1.0999997439e+03,2.5608020200e-04,100000,max_evaluations,0.305692
gsk,cec2013,5,10,1,36240853,-1.0000000000e+03,0.0000000000e+00,100000,max_evaluations,0.434760
gsk,cec2013,5,10,2,37240890,-1.0000000000e+03,0.0000000000e+00,100000,max_evaluations,0.436795
gsk,cec2013,5,10,3,38240927,-1.0000000000e+03,0.0000000000e+00,100000,max_evaluations,0.399365
gsk,cec2013,5,10,4,39240964,-1.0000000000e+03,0.0000000000e+00,100000,max_evaluations,0.405140
gsk,cec2013,5,10,5,40241001,-1.0000000000e+03,0.0000000000e+00,100000,max_evaluations,0.464783
gsk,cec2013,5,10,6,41241038,-1.0000000000e+03,0.0000000000e+00,100000,max_evaluations,0.392560
gsk,cec2013,5,10,7,42241075,-1.0000000000e+03,0.0000000000e+00,100000,max_evaluations,0.471467
gsk,cec2013,5,10,8,43241112,-1.0000000000e+03,0.0000000000e+00,100000,max_evaluations,0.384320
gsk,cec2013,5,10,9,44241149,-1.0000000000e+03,0.0000000000e+00,100000,max_evaluations,0.415875
gsk,cec2013,5,10,10,45241186,-1.0000000000e+03,0.0000000000e+00,100000,max_evaluations,0.431914
gsk,cec2013,5,10,11,46241223,-1.0000000000e+03,0.0000000000e+00,100000,max_evaluations,0.398459
gsk,cec2013,5,10,12,47241260,-1.0000000000e+03,0.0000000000e+00,100000,max_evaluations,0.419111
gsk,cec2013,5,10,13,48241297,-1.0000000000e+03,0.0000000000e+00,100000,max_evaluations,0.396787
gsk,cec2013,5,10,14,49241334,-1.0000000000e+03,0.0000000000e+00,100000,max_evaluations,0.389230
gsk,cec2013,5,10,15,50241371,-1.0000000000e+03,0.0000000000e+00,100000,max_evaluations,0.394490
gsk,cec2013,5,10,16,51241408,-1.0000000000e+03,0.0000000000e+00,100000,max_evaluations,0.344346
gsk,cec2013,5,10,17,52241445,-1.0000000000e+03,0.0000000000e+00,100000,max_evaluations,0.385666
gsk,cec2013,5,10,18,53241482,-1.0000000000e+03,0.0000000000e+00,100000,max_evaluations,0.372544
gsk,cec2013,5,10,19,54241519,-1.0000000000e+03,0.0000000000e+00,100000,max_evaluations,0.426598
gsk,cec2013,5,10,20,55241556,-1.0000000000e+03,0.0000000000e+00,100000,max_evaluations,0.381369
gsk,cec2013,5,10,21,56241593,-1.0000000000e+03,0.0000000000e+00,100000,max_evaluations,0.346684
gsk,cec2013,5,10,22,57241630,-1.0000000000e+03,0.0000000000e+00,100000,max_evaluations,0.359446
gsk,cec2013,5,10,23,58241667,-1.0000000000e+03,0.0000000000e+00,100000,max_evaluations,0.355332
gsk,cec2013,5,10,24,59241704,-1.0000000000e+03,0.0000000000e+00,100000,max_evaluations,0.368539
gsk,cec2013,5,10,25,60241741,-1.0000000000e+03,0.0000000000e+00,100000,max_evaluations,0.373843
gsk,cec2013,5,10,26,61241778,-1.0000000000e+03,0.0000000000e+00,100000,max_evaluations,0.370853
gsk,cec2013,5,10,27,62241815,-1.0000000000e+03,0.0000000000e+00,100000,max_evaluations,0.373701
gsk,cec2013,5,10,28,63241852,-1.0000000000e+03,0.0000000000e+00,100000,max_evaluations,0.398812
gsk,cec2013,5,10,29,64241889,-1.0000000000e+03,0.0000000000e+00,100000,max_evaluations,0.391194
gsk,cec2013,5,10,30,65241926,-1.0000000000e+03,0.0000000000e+00,100000,max_evaluations,0.430867
gsk,cec2013,5,10,31,66241963,-1.0000000000e+03,0.0000000000e+00,100000,max_evaluations,0.390237
gsk,cec2013,5,10,32,67242000,-1.0000000000e+03,0.0000000000e+00,100000,max_evaluations,0.372932
gsk,cec2013,5,10,33,68242037,-1.0000000000e+03,0.0000000000e+00,100000,max_evaluations,0.405598
gsk,cec2013,5,10,34,69242074,-1.0000000000e+03,0.0000000000e+00,100000,max_evaluations,0.382748
gsk,cec2013,5,10,35,70242111,-1.0000000000e+03,0.0000000000e+00,100000,max_evaluations,0.389113
gsk,cec2013,5,10,36,71242148,-1.0000000000e+03,0.0000000000e+00,100000,max_evaluations,0.394307
gsk,cec2013,5,10,37,72242185,-1.0000000000e+03,0.0000000000e+00,100000,max_evaluations,0.402599
gsk,cec2013,5,10,38,73242222,-1.0000000000e+03,0.0000000000e+00,100000,max_evaluations,0.373090
gsk,cec2013,5,10,39,74242259,-1.0000000000e+03,0.0000000000e+00,100000,max_evaluations,0.377315
gsk,cec2013,5,10,40,75242296,-1.0000000000e+03,0.0000000000e+00,100000,max_evaluations,0.361469
gsk,cec2013,5,10,41,76242333,-1.0000000000e+03,0.0000000000e+00,100000,max_evaluations,0.370352
gsk,cec2013,5,10,42,77242370,-1.0000000000e+03,0.0000000000e+00,100000,max_evaluations,0.391946
gsk,cec2013,5,10,43,78242407,-1.0000000000e+03,0.0000000000e+00,100000,max_evaluations,0.339165
gsk,cec2013,5,10,44,79242444,-1.0000000000e+03,0.0000000000e+00,100000,max_evaluations,0.375007
gsk,cec2013,5,10,45,80242481,-1.0000000000e+03,0.0000000000e+00,100000,max_evaluations,0.362061
gsk,cec2013,5,10,46,81242518,-1.0000000000e+03,0.0000000000e+00,100000,max_evaluations,0.321121
gsk,cec2013,5,10,47,82242555,-1.0000000000e+03,0.0000000000e+00,100000,max_evaluations,0.304425
gsk,cec2013,5,10,48,83242592,-1.0000000000e+03,0.0000000000e+00,100000,max_evaluations,0.314158
gsk,cec2013,5,10,49,84242629,-1.0000000000e+03,0.0000000000e+00,100000,max_evaluations,0.320749
gsk,cec2013,5,10,50,85242666,-1.0000000000e+03,0.0000000000e+00,100000,max_evaluations,0.257382
gsk,cec2013,5,10,51,86242703,-1.0000000000e+03,0.0000000000e+00,100000,max_evaluations,0.322341
gsk,cec2013,6,10,1,37240886,-8.9018757726e+02,9.8124227389e+00,100000,max_evaluations,0.445543
gsk,cec2013,6,10,2,38240923,-8.9018757726e+02,9.8124227389e+00,100000,max_evaluations,0.374855
gsk,cec2013,6,10,3,39240960,-8.9018757726e+02,9.8124227389e+00,100000,max_evaluations,0.400709
gsk,cec2013,6,10,4,40240997,-8.9018757726e+02,9.8124227389e+00,100000,max_evaluations,0.405901
gsk,cec2013,6,10,5,41241034,-8.9018757726e+02,9.8124227389e+00,100000,max_evaluations,0.369346
gsk,cec2013,6,10,6,42241071,-8.9018757726e+02,9.8124227389e+00,100000,max_evaluations,0.433282
gsk,cec2013,6,10,7,43241108,-9.0000000000e+02,0.0000000000e+00,100000,max_evaluations,0.391411
gsk,cec2013,6,10,8,44241145,-8.9018757726e+02,9.8124227389e+00,100000,max_evaluations,0.396103
gsk,cec2013,6,10,9,45241182,-8.9018757726e+02,9.8124227389e+00,100000,max_evaluations,0.392384
gsk,cec2013,6,10,10,46241219,-8.9018757726e+02,9.8124227389e+00,100000,max_evaluations,0.385655
gsk,cec2013,6,10,11,47241256,-8.9018757726e+02,9.8124227389e+00,100000,max_evaluations,0.407740
gsk,cec2013,6,10,12,48241293,-9.0000000000e+02,0.0000000000e+00,100000,max_evaluations,0.387095
gsk,cec2013,6,10,13,49241330,-8.9018757726e+02,9.8124227389e+00,100000,max_evaluations,0.413598
gsk,cec2013,6,10,14,50241367,-9.0000000000e+02,0.0000000000e+00,100000,max_evaluations,0.425953
gsk,cec2013,6,10,15,51241404,-8.9018757726e+02,9.8124227389e+00,100000,max_evaluations,0.396008
gsk,cec2013,6,10,16,52241441,-9.0000000000e+02,0.0000000000e+00,100000,max_evaluations,0.422987
gsk,cec2013,6,10,17,53241478,-8.9018757726e+02,9.8124227389e+00,100000,max_evaluations,0.453461
gsk,cec2013,6,10,18,54241515,-9.0000000000e+02,0.0000000000e+00,100000,max_evaluations,0.362358
gsk,cec2013,6,10,19,55241552,-8.9018757726e+02,9.8124227389e+00,100000,max_evaluations,0.391105
gsk,cec2013,6,10,20,56241589,-8.9018757726e+02,9.8124227389e+00,100000,max_evaluations,0.413790
gsk,cec2013,6,10,21,57241626,-8.9018757726e+02,9.8124227389e+00,100000,max_evaluations,0.396081
gsk,cec2013,6,10,22,58241663,-8.9018757726e+02,9.8124227389e+00,100000,max_evaluations,0.443336
gsk,cec2013,6,10,23,59241700,-9.0000000000e+02,0.0000000000e+00,100000,max_evaluations,0.367637
gsk,cec2013,6,10,24,60241737,-8.9018757726e+02,9.8124227389e+00,100000,max_evaluations,0.432333
gsk,cec2013,6,10,25,61241774,-8.9018757726e+02,9.8124227389e+00,100000,max_evaluations,0.435620
gsk,cec2013,6,10,26,62241811,-8.9018757726e+02,9.8124227389e+00,100000,max_evaluations,0.380717
gsk,cec2013,6,10,27,63241848,-9.0000000000e+02,0.0000000000e+00,100000,max_evaluations,0.417790
gsk,cec2013,6,10,28,64241885,-8.9018757726e+02,9.8124227389e+00,100000,max_evaluations,0.394166
gsk,cec2013,6,10,29,65241922,-8.9018757726e+02,9.8124227389e+00,100000,max_evaluations,0.379865
gsk,cec2013,6,10,30,66241959,-8.9018757726e+02,9.8124227389e+00,100000,max_evaluations,0.417534
gsk,cec2013,6,10,31,67241996,-8.9018757726e+02,9.8124227389e+00,100000,max_evaluations,0.384554
gsk,cec2013,6,10,32,68242033,-9.0000000000e+02,0.0000000000e+00,100000,max_evaluations,0.411574
gsk,cec2013,6,10,33,69242070,-8.9018757726e+02,9.8124227389e+00,100000,max_evaluations,0.379683
gsk,cec2013,6,10,34,70242107,-8.9018757726e+02,9.8124227389e+00,100000,max_evaluations,0.402051
gsk,cec2013,6,10,35,71242144,-8.9018757726e+02,9.8124227389e+00,100000,max_evaluations,0.381210
gsk,cec2013,6,10,36,72242181,-8.9018757726e+02,9.8124227389e+00,100000,max_evaluations,0.422359
gsk,cec2013,6,10,37,73242218,-8.9018757726e+02,9.8124227389e+00,100000,max_evaluations,0.408539
gsk,cec2013,6,10,38,74242255,-8.9018757726e+02,9.8124227389e+00,100000,max_evaluations,0.414487
gsk,cec2013,6,10,39,75242292,-9.0000000000e+02,0.0000000000e+00,100000,max_evaluations,0.383910
gsk,cec2013,6,10,40,76242329,-8.9018757726e+02,9.8124227389e+00,100000,max_evaluations,0.394169
gsk,cec2013,6,10,41,77242366,-8.9018757726e+02,9.8124227389e+00,100000,max_evaluations,0.382775
gsk,cec2013,6,10,42,78242403,-8.9018757726e+02,9.8124227389e+00,100000,max_evaluations,0.381976
gsk,cec2013,6,10,43,79242440,-8.9018757726e+02,9.8124227389e+00,100000,max_evaluations,0.415847
gsk,cec2013,6,10,44,80242477,-9.0000000000e+02,0.0000000000e+00,100000,max_evaluations,0.382520
gsk,cec2013,6,10,45,81242514,-8.9018757726e+02,9.8124227389e+00,100000,max_evaluations,0.359194
gsk,cec2013,6,10,46,82242551,-8.9018757726e+02,9.8124227389e+00,100000,max_evaluations,0.312187
gsk,cec2013,6,10,47,83242588,-8.9018757726e+02,9.8124227389e+00,100000,max_evaluations,0.325923
gsk,cec2013,6,10,48,84242625,-8.9018757726e+02,9.8124227389e+00,100000,max_evaluations,0.323275
gsk,cec2013,6,10,49,85242662,-8.9018757726e+02,9.8124227389e+00,100000,max_evaluations,0.294029
gsk,cec2013,6,10,50,86242699,-8.9018757726e+02,9.8124227389e+00,100000,max_evaluations,0.290067
gsk,cec2013,6,10,51,87242736,-9.0000000000e+02,0.0000000000e+00,100000,max_evaluations,0.303694
gsk,cec2013,7,10,1,38240919,-7.9999998680e+02,1.3197824400e-05,100000,max_evaluations,0.570432
gsk,cec2013,7,10,2,39240956,-7.9999988888e+02,1.1112387980e-04,100000,max_evaluations,0.562637
gsk,cec2013,7,10,3,40240993,-7.9999989440e+02,1.0559735680e-04,100000,max_evaluations,0.622318
gsk,cec2013,7,10,4,41241030,-7.9999998596e+02,1.4042540400e-05,100000,max_evaluations,0.573573
gsk,cec2013,7,10,5,42241067,-7.9999992160e+02,7.8397017500e-05,100000,max_evaluations,0.566433
gsk,cec2013,7,10,6,43241104,-7.9999996685e+02,3.3147234100e-05,100000,max_evaluations,0.589423
gsk,cec2013,7,10,7,44241141,-7.9999997386e+02,2.6136063600e-05,100000,max_evaluations,0.559178
gsk,cec2013,7,10,8,45241178,-7.9999995310e+02,4.6903694400e-05,100000,max_evaluations,0.570110
gsk,cec2013,7,10,9,46241215,-7.9999990494e+02,9.5057813700e-05,100000,max_evaluations,0.545474
gsk,cec2013,7,10,10,47241252,-7.9999998691e+02,1.3091071200e-05,100000,max_evaluations,0.565490
gsk,cec2013,7,10,11,48241289,-7.9999996562e+02,3.4378751500e-05,100000,max_evaluations,0.533338
gsk,cec2013,7,10,12,49241326,-7.9999997247e+02,2.7528143200e-05,100000,max_evaluations,0.587129
gsk,cec2013,7,10,13,50241363,-7.9999996242e+02,3.7576492200e-05,100000,max_evaluations,0.550807
gsk,cec2013,7,10,14,51241400,-7.9999997363e+02,2.6372077700e-05,100000,max_evaluations,0.573983
gsk,cec2013,7,10,15,52241437,-7.9999998048e+02,1.9519786300e-05,100000,max_evaluations,0.591656
gsk,cec2013,7,10,16,53241474,-7.9999997644e+02,2.3558661200e-05,100000,max_evaluations,0.560991
gsk,cec2013,7,10,17,54241511,-7.9999998303e+02,1.6967307000e-05,100000,max_evaluations,0.472099
gsk,cec2013,7,10,18,55241548,-7.9999992870e+02,7.1304809700e-05,100000,max_evaluations,0.457899
gsk,cec2013,7,10,19,56241585,-7.9999994042e+02,5.9581422800e-05,100000,max_evaluations,0.490059
gsk,cec2013,7,10,20,57241622,-7.9999998746e+02,1.2536429500e-05,100000,max_evaluations,0.434352
gsk,cec2013,7,10,21,58241659,-7.9999998713e+02,1.2870483500e-05,100000,max_evaluations,0.482592
gsk,cec2013,7,10,22,59241696,-7.9999997834e+02,2.1663325400e-05,100000,max_evaluations,0.445795
gsk,cec2013,7,10,23,60241733,-7.9999996619e+02,3.3810285700e-05,100000,max_evaluations,0.432298
gsk,cec2013,7,10,24,61241770,-7.9999993719e+02,6.2812169500e-05,100000,max_evaluations,0.457609
gsk,cec2013,7,10,25,62241807,-7.9999995555e+02,4.4446669000e-05,100000,max_evaluations,0.457996
gsk,cec2013,7,10,26,63241844,-7.9999976521e+02,2.3479194570e-04,100000,max_evaluations,0.438821
gsk,cec2013,7,10,27,64241881,-7.9999996273e+02,3.7268159500e-05,100000,max_evaluations,0.449522
gsk,cec2013,7,10,28,65241918,-7.9999998773e+02,1.2274327400e-05,100000,max_evaluations,0.518223
gsk,cec2013,7,10,29,66241955,-7.9999997389e+02,2.6114935400e-05,100000,max_evaluations,0.533580
gsk,cec2013,7,10,30,67241992,-7.9999991121e+02,8.8790807100e-05,100000,max_evaluations,0.437906
gsk,cec2013,7,10,31,68242029,-7.9999998648e+02,1.3520517200e-05,100000,max_evaluations,0.455803
gsk,cec2013,7,10,32,69242066,-7.9999989477e+02,1.0523299530e-04,100000,max_evaluations,0.438013
gsk,cec2013,7,10,33,70242103,-7.9999999104e+02,8.9561523000e-06,100000,max_evaluations,0.488545
gsk,cec2013,7,10,34,71242140,-7.9999995111e+02,4.8894810900e-05,100000,max_evaluations,0.521316
gsk,cec2013,7,10,35,72242177,-7.9999995558e+02,4.4420555200e-05,100000,max_evaluations,0.446039
gsk,cec2013,7,10,36,73242214,-7.9999997720e+02,2.2801134000e-05,100000,max_evaluations,0.511970
gsk,cec2013,7,10,37,74242251,-7.9999993466e+02,6.5344560700e-05,100000,max_evaluations,0.403699
gsk,cec2013,7,10,38,75242288,-7.9999996513e+02,3.4869940500e-05,100000,max_evaluations,0.449869
gsk,cec2013,7,10,39,76242325,-7.9999998232e+02,1.7684274000e-05,100000,max_evaluations,0.458375
gsk,cec2013,7,10,40,77242362,-7.9999997896e+02,2.1043376000e-05,100000,max_evaluations,0.459862
gsk,cec2013,7,10,41,78242399,-7.9999996955e+02,3.0446134400e-05,100000,max_evaluations,0.489703
gsk,cec2013,7,10,42,79242436,-7.9999991169e+02,8.8313394800e-05,100000,max_evaluations,0.437658
gsk,cec2013,7,10,43,80242473,-7.9999998543e+02,1.4566210200e-05,100000,max_evaluations,0.481074
gsk,cec2013,7,10,44,81242510,-7.9999993139e+02,6.8612049600e-05,100000,max_evaluations,0.448269
gsk,cec2013,7,10,45,82242547,-7.9999997069e+02,2.9314042200e-05,100000,max_evaluations,0.440392
gsk,cec2013,7,10,46,83242584,-7.9999991961e+02,8.0393430800e-05,100000,max_evaluations,0.361026
gsk,cec2013,7,10,47,84242621,-7.9999994151e+02,5.8491427600e-05,100000,max_evaluations,0.385269
gsk,cec2013,7,10,48,85242658,-7.9999994865e+02,5.1352031400e-05,100000,max_evaluations,0.401448
gsk,cec2013,7,10,49,86242695,-7.9999999589e+02,4.1124663000e-06,100000,max_evaluations,0.384142
gsk,cec2013,7,10,50,87242732,-7.9999996799e+02,3.2012819900e-05,100000,max_evaluations,0.381317
gsk,cec2013,7,10,51,88242769,-7.9999996956e+02,3.0440072700e-05,100000,max_evaluations,0.357460
gsk,cec2013,8,10,1,39240952,-6.7968023767e+02,2.0319762325e+01,100000,max_evaluations,0.502916
gsk,cec2013,8,10,2,40240989,-6.7977589428e+02,2.0224105719e+01,100000,max_evaluations,0.462707
gsk,cec2013,8,10,3,41241026,-6.7959931152e+02,2.0400688477e+01,100000,max_evaluations,0.460232
gsk,cec2013,8,10,4,42241063,-6.7954785792e+02,2.0452142083e+01,100000,max_evaluations,0.472823
gsk,cec2013,8,10,5,43241100,-6.7950200956e+02,2.0497990438e+01,100000,max_evaluations,0.488415
gsk,cec2013,8,10,6,44241137,-6.7972207686e+02,2.0277923143e+01,100000,max_evaluations,0.478086
gsk,cec2013,8,10,7,45241174,-6.7962446967e+02,2.0375530329e+01,100000,max_evaluations,0.544504
gsk,cec2013,8,10,8,46241211,-6.7963356507e+02,2.0366434925e+01,100000,max_evaluations,0.454137
gsk,cec2013,8,10,9,47241248,-6.7962141766e+02,2.0378582343e+01,100000,max_evaluations,0.449853
gsk,cec2013,8,10,10,48241285,-6.7958097991e+02,2.0419020095e+01,100000,max_evaluations,0.493090
gsk,cec2013,8,10,11,49241322,-6.7958073691e+02,2.0419263095e+01,100000,max_evaluations,0.513338
gsk,cec2013,8,10,12,50241359,-6.7955150945e+02,2.0448490550e+01,100000,max_evaluations,0.480051
gsk,cec2013,8,10,13,51241396,-6.7978933494e+02,2.0210665062e+01,100000,max_evaluations,0.456924
gsk,cec2013,8,10,14,52241433,-6.7961415376e+02,2.0385846240e+01,100000,max_evaluations,0.534762
gsk,cec2013,8,10,15,53241470,-6.7955882515e+02,2.0441174851e+01,100000,max_evaluations,0.499174
gsk,cec2013,8,10,16,54241507,-6.7973833692e+02,2.0261663083e+01,100000,max_evaluations,0.446342
gsk,cec2013,8,10,17,55241544,-6.7964410368e+02,2.0355896322e+01,100000,max_evaluations,0.463779
gsk,cec2013,8,10,18,56241581,-6.7962429327e+02,2.0375706728e+01,100000,max_evaluations,0.451461
gsk,cec2013,8,10,19,57241618,-6.7958558909e+02,2.0414410911e+01,100000,max_evaluations,0.406071
gsk,cec2013,8,10,20,58241655,-6.7962428459e+02,2.0375715409e+01,100000,max_evaluations,0.485473
gsk,cec2013,8,10,21,59241692,-6.7968145766e+02,2.0318542343e+01,100000,max_evaluations,0.445347
gsk,cec2013,8,10,22,60241729,-6.7965387172e+02,2.0346128276e+01,100000,max_evaluations,0.423701
gsk,cec2013,8,10,23,61241766,-6.7968563269e+02,2.0314367309e+01,100000,max_evaluations,0.442420
gsk,cec2013,8,10,24,62241803,-6.7961286163e+02,2.0387138368e+01,100000,max_evaluations,0.404583
gsk,cec2013,8,10,25,63241840,-6.7961126771e+02,2.0388732294e+01,100000,max_evaluations,0.395387
gsk,cec2013,8,10,26,64241877,-6.7962268161e+02,2.0377318387e+01,100000,max_evaluations,0.466208
gsk,cec2013,8,10,27,65241914,-6.7963397467e+02,2.0366025328e+01,100000,max_evaluations,0.416212
gsk,cec2013,8,10,28,66241951,-6.7965168279e+02,2.0348317209e+01,100000,max_evaluations,0.395158
gsk,cec2013,8,10,29,67241988,-6.7970740008e+02,2.0292599915e+01,100000,max_evaluations,0.462474
gsk,cec2013,8,10,30,68242025,-6.7971754717e+02,2.0282452825e+01,100000,max_evaluations,0.400243
gsk,cec2013,8,10,31,69242062,-6.7967279204e+02,2.0327207960e+01,100000,max_evaluations,0.501576
gsk,cec2013,8,10,32,70242099,-6.7957552223e+02,2.0424477770e+01,100000,max_evaluations,0.397441
gsk,cec2013,8,10,33,71242136,-6.7954308844e+02,2.0456911565e+01,100000,max_evaluations,0.417854
gsk,cec2013,8,10,34,72242173,-6.7954682750e+02,2.0453172498e+01,100000,max_evaluations,0.490560
gsk,cec2013,8,10,35,73242210,-6.7966797948e+02,2.0332020517e+01,100000,max_evaluations,0.465183
gsk,cec2013,8,10,36,74242247,-6.7967653027e+02,2.0323469728e+01,100000,max_evaluations,0.459874
gsk,cec2013,8,10,37,75242284,-6.7964014910e+02,2.0359850898e+01,100000,max_evaluations,0.427856
gsk,cec2013,8,10,38,76242321,-6.7952493071e+02,2.0475069294e+01,100000,max_evaluations,0.404578
gsk,cec2013,8,10,39,77242358,-6.7965560627e+02,2.0344393733e+01,100000,max_evaluations,0.399346
gsk,cec2013,8,10,40,78242395,-6.7969715530e+02,2.0302844702e+01,100000,max_evaluations,0.469018
gsk,cec2013,8,10,41,79242432,-6.7976583327e+02,2.0234166726e+01,100000,max_evaluations,0.402732
gsk,cec2013,8,10,42,80242469,-6.7957515855e+02,2.0424841448e+01,100000,max_evaluations,0.455738
gsk,cec2013,8,10,43,81242506,-6.7966796102e+02,2.0332038977e+01,100000,max_evaluations,0.415837
gsk,cec2013,8,10,44,82242543,-6.7960534489e+02,2.0394655107e+01,100000,max_evaluations,0.447690
gsk,cec2013,8,10,45,83242580,-6.7980082703e+02,2.0199172969e+01,100000,max_evaluations,0.453569
gsk,cec2013,8,10,46,84242617,-6.7980672816e+02,2.0193271845e+01,100000,max_evaluations,0.379673
gsk,cec2013,8,10,47,85242654,-6.7964703381e+02,2.0352966185e+01,100000,max_evaluations,0.406704
gsk,cec2013,8,10,48,86242691,-6.7961657234e+02,2.0383427665e+01,100000,max_evaluations,0.360200
gsk,cec2013,8,10,49,87242728,-6.7959849261e+02,2.0401507390e+01,100000,max_evaluations,0.402943
gsk,cec2013,8,10,50,88242765,-6.7950665267e+02,2.0493347326e+01,100000,max_evaluations,0.403032
gsk,cec2013,8,10,51,89242802,-6.7976338415e+02,2.0236615849e+01,100000,max_evaluations,0.320499
gsk,cec2013,9,10,1,40240985,-5.9409729388e+02,5.9027061211e+00,100000,max_evaluations,0.925534
gsk,cec2013,9,10,2,41241022,-5.9435907297e+02,5.6409270335e+00,100000,max_evaluations,0.932032
gsk,cec2013,9,10,3,42241059,-5.9241591496e+02,7.5840850358e+00,100000,max_evaluations,0.918829
gsk,cec2013,9,10,4,43241096,-5.9788541802e+02,2.1145819834e+00,100000,max_evaluations,0.899366
gsk,cec2013,9,10,5,44241133,-5.9492269294e+02,5.0773070644e+00,100000,max_evaluations,0.928313
gsk,cec2013,9,10,6,45241170,-5.9431741179e+02,5.6825882071e+00,100000,max_evaluations,0.912882
gsk,cec2013,9,10,7,46241207,-5.9408543330e+02,5.9145666987e+00,100000,max_evaluations,0.926647
gsk,cec2013,9,10,8,47241244,-5.9449274618e+02,5.5072538219e+00,100000,max_evaluations,0.951721
gsk,cec2013,9,10,9,48241281,-5.9994396577e+02,5.6034229493e-02,100000,max_evaluations,0.952982
gsk,cec2013,9,10,10,49241318,-5.9998954542e+02,1.0454583547e-02,100000,max_evaluations,0.927622
gsk,cec2013,9,10,11,50241355,-5.9977011278e+02,2.2988721976e-01,100000,max_evaluations,0.929890
gsk,cec2013,9,10,12,51241392,-5.9270299087e+02,7.2970091294e+00,100000,max_evaluations,1.090485
gsk,cec2013,9,10,13,52241429,-5.9885307636e+02,1.1469236360e+00,100000,max_evaluations,0.920132
gsk,cec2013,9,10,14,53241466,-5.9331124138e+02,6.6887586179e+00,100000,max_evaluations,0.933460
gsk,cec2013,9,10,15,54241503,-5.9405924750e+02,5.9407524950e+00,100000,max_evaluations,1.039978
gsk,cec2013,9,10,16,55241540,-5.9243697849e+02,7.5630215098e+00,100000,max_evaluations,0.872866
gsk,cec2013,9,10,17,56241577,-5.9419046138e+02,5.8095386213e+00,100000,max_evaluations,0.947045
gsk,cec2013,9,10,18,57241614,-5.9284903869e+02,7.1509613086e+00,100000,max_evaluations,0.901082
gsk,cec2013,9,10,19,58241651,-5.9897288739e+02,1.0271126147e+00,100000,max_evaluations,0.805226
gsk,cec2013,9,10,20,59241688,-5.9369589292e+02,6.3041070825e+00,100000,max_evaluations,0.851889
gsk,cec2013,9,10,21,60241725,-5.9915112166e+02,8.4887833505e-01,100000,max_evaluations,0.902087
gsk,cec2013,9,10,22,61241762,-5.9411146257e+02,5.8885374347e+00,100000,max_evaluations,0.884625
gsk,cec2013,9,10,23,62241799,-5.9281316295e+02,7.1868370522e+00,100000,max_evaluations,0.885714
gsk,cec2013,9,10,24,63241836,-5.9779552218e+02,2.2044778245e+00,100000,max_evaluations,0.887984
gsk,cec2013,9,10,25,64241873,-5.9841790889e+02,1.5820911131e+00,100000,max_evaluations,0.962724
gsk,cec2013,9,10,26,65241910,-5.9294648591e+02,7.0535140947e+00,100000,max_evaluations,0.879161
gsk,cec2013,9,10,27,66241947,-5.9970045692e+02,2.9954307738e-01,100000,max_evaluations,0.873473
gsk,cec2013,9,10,28,67241984,-5.9833024898e+02,1.6697510166e+00,100000,max_evaluations,0.908302
gsk,cec2013,9,10,29,68242021,-5.9245157145e+02,7.5484285499e+00,100000,max_evaluations,0.851437
gsk,cec2013,9,10,30,69242058,-5.9253825737e+02,7.4617426299e+00,100000,max_evaluations,0.874038
gsk,cec2013,9,10,31,70242095,-5.9259745231e+02,7.4025476869e+00,100000,max_evaluations,0.842768
gsk,cec2013,9,10,32,71242132,-5.9210574064e+02,7.8942593627e+00,100000,max_evaluations,0.830975
gsk,cec2013,9,10,33,72242169,-5.9789513914e+02,2.1048608588e+00,100000,max_evaluations,0.891962
gsk,cec2013,9,10,34,73242206,-5.9238469427e+02,7.6153057346e+00,100000,max_evaluations,0.930580
gsk,cec2013,9,10,35,74242243,-5.9281284511e+02,7.1871548888e+00,100000,max_evaluations,0.876142
gsk,cec2013,9,10,36,75242280,-5.9353957513e+02,6.4604248652e+00,100000,max_evaluations,0.831214
gsk,cec2013,9,10,37,76242317,-5.9553990071e+02,4.4600992872e+00,100000,max_evaluations,0.882676
gsk,cec2013,9,10,38,77242354,-5.9314640712e+02,6.8535928787e+00,100000,max_evaluations,0.868306
gsk,cec2013,9,10,39,78242391,-5.9472505608e+02,5.2749439193e+00,100000,max_evaluations,0.951594
gsk,cec2013,9,10,40,79242428,-5.9366039496e+02,6.3396050390e+00,100000,max_evaluations,1.040802
gsk,cec2013,9,10,41,80242465,-5.9268554144e+02,7.3144585605e+00,100000,max_evaluations,1.002918
gsk,cec2013,9,10,42,81242502,-5.9335852527e+02,6.6414747337e+00,100000,max_evaluations,0.942672
gsk,cec2013,9,10,43,82242539,-5.9288766906e+02,7.1123309431e+00,100000,max_evaluations,0.857936
gsk,cec2013,9,10,44,83242576,-5.9293526250e+02,7.0647375035e+00,100000,max_evaluations,0.912623
gsk,cec2013,9,10,45,84242613,-5.9203498366e+02,7.9650163440e+00,100000,max_evaluations,0.886114
gsk,cec2013,9,10,46,85242650,-5.9268381310e+02,7.3161868958e+00,100000,max_evaluations,0.788456
gsk,cec2013,9,10,47,86242687,-5.9422807660e+02,5.7719234044e+00,100000,max_evaluations,0.782699
gsk,cec2013,9,10,48,87242724,-5.9240804327e+02,7.5919567280e+00,100000,max_evaluations,0.773930
gsk,cec2013,9,10,49,88242761,-5.9373435223e+02,6.2656477674e+00,100000,max_evaluations,0.822892
gsk,cec2013,9,10,50,89242798,-5.9164265032e+02,8.3573496765e+00,100000,max_evaluations,0.737960
gsk,cec2013,9,10,51,90242835,-5.9341348636e+02,6.5865136449e+00,100000,max_evaluations,0.699517
gsk,cec2013,10,10,1,41241018,-4.9944322194e+02,5.5677805581e-01,100000,max_evaluations,0.433262
gsk,cec2013,10,10,2,42241055,-4.9950023886e+02,4.9976114094e-01,100000,max_evaluations,0.463334
gsk,cec2013,10,10,3,43241092,-4.9949933751e+02,5.0066249176e-01,100000,max_evaluations,0.419814
gsk,cec2013,10,10,4,44241129,-4.9964745978e+02,3.5254021986e-01,100000,max_evaluations,0.441324
gsk,cec2013,10,10,5,45241166,-4.9955205217e+02,4.4794782795e-01,100000,max_evaluations,0.370479
gsk,cec2013,10,10,6,46241203,-4.9948225091e+02,5.1774908829e-01,100000,max_evaluations,0.449522
gsk,cec2013,10,10,7,47241240,-4.9945062731e+02,5.4937268668e-01,100000,max_evaluations,0.476589
gsk,cec2013,10,10,8,48241277,-4.9942586255e+02,5.7413745215e-01,100000,max_evaluations,0.412083
gsk,cec2013,10,10,9,49241314,-4.9945054234e+02,5.4945765752e-01,100000,max_evaluations,0.480118
gsk,cec2013,10,10,10,50241351,-4.9965756441e+02,3.4243559395e-01,100000,max_evaluations,0.460270
gsk,cec2013,10,10,11,51241388,-4.9952533986e+02,4.7466014316e-01,100000,max_evaluations,0.465675
gsk,cec2013,10,10,12,52241425,-4.9957521477e+02,4.2478522844e-01,100000,max_evaluations,0.441812
gsk,cec2013,10,10,13,53241462,-4.9938362374e+02,6.1637625893e-01,100000,max_evaluations,0.358862
gsk,cec2013,10,10,14,54241499,-4.9946995727e+02,5.3004272923e-01,100000,max_evaluations,0.463077
gsk,cec2013,10,10,15,55241536,-4.9970932868e+02,2.9067131768e-01,100000,max_evaluations,0.374195
gsk,cec2013,10,10,16,56241573,-4.9949344813e+02,5.0655186923e-01,100000,max_evaluations,0.350790
gsk,cec2013,10,10,17,57241610,-4.9970002394e+02,2.9997605591e-01,100000,max_evaluations,0.354023
gsk,cec2013,10,10,18,58241647,-4.9940698523e+02,5.9301476794e-01,100000,max_evaluations,0.353997
gsk,cec2013,10,10,19,59241684,-4.9954900495e+02,4.5099505218e-01,100000,max_evaluations,0.379727
gsk,cec2013,10,10,20,60241721,-4.9945892435e+02,5.4107565393e-01,100000,max_evaluations,0.363577
gsk,cec2013,10,10,21,61241758,-4.9967297768e+02,3.2702232066e-01,100000,max_evaluations,0.363372
gsk,cec2013,10,10,22,62241795,-4.9949152177e+02,5.0847822889e-01,100000,max_evaluations,0.351935
gsk,cec2013,10,10,23,63241832,-4.9948400343e+02,5.1599656781e-01,100000,max_evaluations,0.368270
gsk,cec2013,10,10,24,64241869,-4.9949455881e+02,5.0544118811e-01,100000,max_evaluations,0.444509
gsk,cec2013,10,10,25,65241906,-4.9953524996e+02,4.6475004405e-01,100000,max_evaluations,0.374450
gsk,cec2013,10,10,26,66241943,-4.9957203153e+02,4.2796846888e-01,100000,max_evaluations,0.359912
gsk,cec2013,10,10,27,67241980,-4.9955847686e+02,4.4152314091e-01,100000,max_evaluations,0.456267
gsk,cec2013,10,10,28,68242017,-4.9947646389e+02,5.2353610722e-01,100000,max_evaluations,0.410616
gsk,cec2013,10,10,29,69242054,-4.9958474949e+02,4.1525050869e-01,100000,max_evaluations,0.352979
gsk,cec2013,10,10,30,70242091,-4.9950430038e+02,4.9569962096e-01,100000,max_evaluations,0.379908
gsk,cec2013,10,10,31,71242128,-4.9952539306e+02,4.7460694276e-01,100000,max_evaluations,0.452720
gsk,cec2013,10,10,32,72242165,-4.9946618729e+02,5.3381270841e-01,100000,max_evaluations,0.425089
gsk,cec2013,10,10,33,73242202,-4.9960026234e+02,3.9973766036e-01,100000,max_evaluations,0.370508
gsk,cec2013,10,10,34,74242239,-4.9949120164e+02,5.0879836034e-01,100000,max_evaluations,0.351293
gsk,cec2013,10,10,35,75242276,-4.9952401443e+02,4.7598557483e-01,100000,max_evaluations,0.354027
gsk,cec2013,10,10,36,76242313,-4.9955661739e+02,4.4338260819e-01,100000,max_evaluations,0.376339
gsk,cec2013,10,10,37,77242350,-4.9949051123e+02,5.0948877265e-01,100000,max_evaluations,0.427197
gsk,cec2013,10,10,38,78242387,-4.9953418019e+02,4.6581981364e-01,100000,max_evaluations,0.349830
gsk,cec2013,10,10,39,79242424,-4.9956997636e+02,4.3002364318e-01,100000,max_evaluations,0.429975
gsk,cec2013,10,10,40,80242461,-4.9956872944e+02,4.3127055993e-01,100000,max_evaluations,0.453372
gsk,cec2013,10,10,41,81242498,-4.9957710400e+02,4.2289600461e-01,100000,max_evaluations,0.419066
gsk,cec2013,10,10,42,82242535,-4.9953460049e+02,4.6539951431e-01,100000,max_evaluations,0.338415
gsk,cec2013,10,10,43,83242572,-4.9978986391e+02,2.1013608775e-01,100000,max_evaluations,0.359955
gsk,cec2013,10,10,44,84242609,-4.9955405265e+02,4.4594735236e-01,100000,max_evaluations,0.359797
gsk,cec2013,10,10,45,85242646,-4.9956821591e+02,4.3178408701e-01,100000,max_evaluations,0.337797
gsk,cec2013,10,10,46,86242683,-4.9961169408e+02,3.8830592429e-01,100000,max_evaluations,0.312402
gsk,cec2013,10,10,47,87242720,-4.9956677625e+02,4.3322374582e-01,100000,max_evaluations,0.351501
gsk,cec2013,10,10,48,88242757,-4.9952343805e+02,4.7656195125e-01,100000,max_evaluations,0.292822
gsk,cec2013,10,10,49,89242794,-4.9945774760e+02,5.4225239627e-01,100000,max_evaluations,0.304531
gsk,cec2013,10,10,50,90242831,-4.9949796815e+02,5.0203185093e-01,100000,max_evaluations,0.328086
gsk,cec2013,10,10,51,91242868,-4.9956793133e+02,4.3206867149e-01,100000,max_evaluations,0.304871
gsk,cec2013,11,10,1,42241051,-3.8912084665e+02,1.0879153349e+01,100000,max_evaluations,0.476501
gsk,cec2013,11,10,2,43241088,-3.8620326352e+02,1.3796736484e+01,100000,max_evaluations,0.468348
gsk,cec2013,11,10,3,44241125,-3.8243985594e+02,1.7560144056e+01,100000,max_evaluations,0.490212
gsk,cec2013,11,10,4,45241162,-3.8877696133e+02,1.1223038671e+01,100000,max_evaluations,0.421180
gsk,cec2013,11,10,5,46241199,-3.8430188710e+02,1.5698112897e+01,100000,max_evaluations,0.488706
gsk,cec2013,11,10,6,47241236,-3.9078224302e+02,9.2177569766e+00,100000,max_evaluations,0.460927
gsk,cec2013,11,10,7,48241273,-3.8688043018e+02,1.3119569816e+01,100000,max_evaluations,0.473343
gsk,cec2013,11,10,8,49241310,-3.8496264916e+02,1.5037350843e+01,100000,max_evaluations,0.440483
gsk,cec2013,11,10,9,50241347,-3.8922042586e+02,1.0779574135e+01,100000,max_evaluations,0.455305
gsk,cec2013,11,10,10,51241384,-3.8845103104e+02,1.1548968962e+01,100000,max_evaluations,0.489220
gsk,cec2013,11,10,11,52241421,-3.8849166491e+02,1.1508335089e+01,100000,max_evaluations,0.500559
gsk,cec2013,11,10,12,53241458,-3.8288772922e+02,1.7112270780e+01,100000,max_evaluations,0.413698
gsk,cec2013,11,10,13,54241495,-3.9056083125e+02,9.4391687528e+00,100000,max_evaluations,0.461012
gsk,cec2013,11,10,14,55241532,-3.8687441567e+02,1.3125584326e+01,100000,max_evaluations,0.495791
gsk,cec2013,11,10,15,56241569,-3.8958525730e+02,1.0414742698e+01,100000,max_evaluations,0.445506
gsk,cec2013,11,10,16,57241606,-3.8252399652e+02,1.7476003479e+01,100000,max_evaluations,0.427266
gsk,cec2013,11,10,17,58241643,-3.9277493157e+02,7.2250684339e+00,100000,max_evaluations,0.401216
gsk,cec2013,11,10,18,59241680,-3.8899316530e+02,1.1006834699e+01,100000,max_evaluations,0.403099
gsk,cec2013,11,10,19,60241717,-3.8061922826e+02,1.9380771739e+01,100000,max_evaluations,0.365851
gsk,cec2013,11,10,20,61241754,-3.8458633635e+02,1.5413663654e+01,100000,max_evaluations,0.414300
gsk,cec2013,11,10,21,62241791,-3.8260922501e+02,1.7390774986e+01,100000,max_evaluations,0.438160
gsk,cec2013,11,10,22,63241828,-3.8690007311e+02,1.3099926893e+01,100000,max_evaluations,0.405159
gsk,cec2013,11,10,23,64241865,-3.8760895552e+02,1.2391044477e+01,100000,max_evaluations,0.417616
gsk,cec2013,11,10,24,65241902,-3.8362650666e+02,1.6373493335e+01,100000,max_evaluations,0.446139
gsk,cec2013,11,10,25,66241939,-3.8438140964e+02,1.5618590362e+01,100000,max_evaluations,0.388396
gsk,cec2013,11,10,26,67241976,-3.8381731212e+02,1.6182687880e+01,100000,max_evaluations,0.374127
gsk,cec2013,11,10,27,68242013,-3.8442504868e+02,1.5574951320e+01,100000,max_evaluations,0.383498
gsk,cec2013,11,10,28,69242050,-3.8714369676e+02,1.2856303237e+01,100000,max_evaluations,0.382180
gsk,cec2013,11,10,29,70242087,-3.8768849369e+02,1.2311506312e+01,100000,max_evaluations,0.366964
gsk,cec2013,11,10,30,71242124,-3.8695039182e+02,1.3049608182e+01,100000,max_evaluations,0.426237
gsk,cec2013,11,10,31,72242161,-3.8482880855e+02,1.5171191448e+01,100000,max_evaluations,0.416527
gsk,cec2013,11,10,32,73242198,-3.8682505913e+02,1.3174940865e+01,100000,max_evaluations,0.398115
gsk,cec2013,11,10,33,74242235,-3.8272417331e+02,1.7275826687e+01,100000,max_evaluations,0.456469
gsk,cec2013,11,10,34,75242272,-3.8808947359e+02,1.1910526409e+01,100000,max_evaluations,0.388574
gsk,cec2013,11,10,35,76242309,-3.8230495833e+02,1.7695041672e+01,100000,max_evaluations,0.387983
gsk,cec2013,11,10,36,77242346,-3.8995510181e+02,1.0044898191e+01,100000,max_evaluations,0.405128
gsk,cec2013,11,10,37,78242383,-3.8607999882e+02,1.3920001183e+01,100000,max_evaluations,0.414568
gsk,cec2013,11,10,38,79242420,-3.8366994576e+02,1.6330054236e+01,100000,max_evaluations,0.422470
gsk,cec2013,11,10,39,80242457,-3.8933568522e+02,1.0664314785e+01,100000,max_evaluations,0.419764
gsk,cec2013,11,10,40,81242494,-3.8772965424e+02,1.2270345757e+01,100000,max_evaluations,0.396039
gsk,cec2013,11,10,41,82242531,-3.8760353086e+02,1.2396469145e+01,100000,max_evaluations,0.416920
gsk,cec2013,11,10,42,83242568,-3.8538086776e+02,1.4619132235e+01,100000,max_evaluations,0.411193
gsk,cec2013,11,10,43,84242605,-3.8994388173e+02,1.0056118267e+01,100000,max_evaluations,0.429820
gsk,cec2013,11,10,44,85242642,-3.9057160762e+02,9.4283923826e+00,100000,max_evaluations,0.427678
gsk,cec2013,11,10,45,86242679,-3.8340071662e+02,1.6599283376e+01,100000,max_evaluations,0.376794
gsk,cec2013,11,10,46,87242716,-3.9020609406e+02,9.7939059395e+00,100000,max_evaluations,0.357069
gsk,cec2013,11,10,47,88242753,-3.8865507557e+02,1.1344924432e+01,100000,max_evaluations,0.340862
gsk,cec2013,11,10,48,89242790,-3.7940759729e+02,2.0592402709e+01,100000,max_evaluations,0.332569
gsk,cec2013,11,10,49,90242827,-3.8737833588e+02,1.2621664117e+01,100000,max_evaluations,0.330756
gsk,cec2013,11,10,50,91242864,-3.8525881943e+02,1.4741180572e+01,100000,max_evaluations,0.333265
gsk,cec2013,11,10,51,92242901,-3.8675075450e+02,1.3249245501e+01,100000,max_evaluations,0.334150
gsk,cec2013,12,10,1,43241084,-2.6659363777e+02,3.3406362229e+01,100000,max_evaluations,0.490934
gsk,cec2013,12,10,2,44241121,-2.7405982766e+02,2.5940172335e+01,100000,max_evaluations,0.460332
gsk,cec2013,12,10,3,45241158,-2.7620107543e+02,2.3798924567e+01,100000,max_evaluations,0.456453
gsk,cec2013,12,10,4,46241195,-2.6977351465e+02,3.0226485355e+01,100000,max_evaluations,0.452358
gsk,cec2013,12,10,5,47241232,-2.7767870192e+02,2.2321298079e+01,100000,max_evaluations,0.471148
gsk,cec2013,12,10,6,48241269,-2.8241713814e+02,1.7582861861e+01,100000,max_evaluations,0.444337
gsk,cec2013,12,10,7,49241306,-2.8419389880e+02,1.5806101201e+01,100000,max_evaluations,0.454543
gsk,cec2013,12,10,8,50241343,-2.7633391945e+02,2.3666080545e+01,100000,max_evaluations,0.431667
gsk,cec2013,12,10,9,51241380,-2.7300484384e+02,2.6995156161e+01,100000,max_evaluations,0.478520
gsk,cec2013,12,10,10,52241417,-2.7856466640e+02,2.1435333603e+01,100000,max_evaluations,0.449905
gsk,cec2013,12,10,11,53241454,-2.8213702332e+02,1.7862976683e+01,100000,max_evaluations,0.485844
gsk,cec2013,12,10,12,54241491,-2.7549882186e+02,2.4501178138e+01,100000,max_evaluations,0.482505
gsk,cec2013,12,10,13,55241528,-2.7580763581e+02,2.4192364192e+01,100000,max_evaluations,0.432066
gsk,cec2013,12,10,14,56241565,-2.7951764173e+02,2.0482358268e+01,100000,max_evaluations,0.478045
gsk,cec2013,12,10,15,57241602,-2.8339966990e+02,1.6600330096e+01,100000,max_evaluations,0.459348
gsk,cec2013,12,10,16,58241639,-2.7406837616e+02,2.5931623837e+01,100000,max_evaluations,0.392042
gsk,cec2013,12,10,17,59241676,-2.6820351301e+02,3.1796486992e+01,100000,max_evaluations,0.406065
gsk,cec2013,12,10,18,60241713,-2.7852491739e+02,2.1475082609e+01,100000,max_evaluations,0.435773
gsk,cec2013,12,10,19,61241750,-2.8061211452e+02,1.9387885483e+01,100000,max_evaluations,0.422375
gsk,cec2013,12,10,20,62241787,-2.7681646329e+02,2.3183536708e+01,100000,max_evaluations,0.443655
gsk,cec2013,12,10,21,63241824,-2.7470143240e+02,2.5298567597e+01,100000,max_evaluations,0.436668
gsk,cec2013,12,10,22,64241861,-2.7576798674e+02,2.4232013258e+01,100000,max_evaluations,0.434795
gsk,cec2013,12,10,23,65241898,-2.7666628538e+02,2.3333714616e+01,100000,max_evaluations,0.413128
gsk,cec2013,12,10,24,66241935,-2.7772872320e+02,2.2271276797e+01,100000,max_evaluations,0.438106
gsk,cec2013,12,10,25,67241972,-2.8967879799e+02,1.0321202006e+01,100000,max_evaluations,0.445344
gsk,cec2013,12,10,26,68242009,-2.7822565136e+02,2.1774348642e+01,100000,max_evaluations,0.452207
gsk,cec2013,12,10,27,69242046,-2.7519317056e+02,2.4806829443e+01,100000,max_evaluations,0.417323
gsk,cec2013,12,10,28,70242083,-2.8329427811e+02,1.6705721894e+01,100000,max_evaluations,0.388298
gsk,cec2013,12,10,29,71242120,-2.7215589896e+02,2.7844101038e+01,100000,max_evaluations,0.386530
gsk,cec2013,12,10,30,72242157,-2.7861681893e+02,2.1383181067e+01,100000,max_evaluations,0.423915
gsk,cec2013,12,10,31,73242194,-2.7495521086e+02,2.5044789143e+01,100000,max_evaluations,0.440465
gsk,cec2013,12,10,32,74242231,-2.7789190551e+02,2.2108094490e+01,100000,max_evaluations,0.399864
gsk,cec2013,12,10,33,75242268,-2.7519922332e+02,2.4800776683e+01,100000,max_evaluations,0.399252
gsk,cec2013,12,10,34,76242305,-2.7474894193e+02,2.5251058068e+01,100000,max_evaluations,0.399838
gsk,cec2013,12,10,35,77242342,-2.8437340618e+02,1.5626593815e+01,100000,max_evaluations,0.426117
gsk,cec2013,12,10,36,78242379,-2.7477226597e+02,2.5227734027e+01,100000,max_evaluations,0.443014
gsk,cec2013,12,10,37,79242416,-2.7836237853e+02,2.1637621471e+01,100000,max_evaluations,0.443012
gsk,cec2013,12,10,38,80242453,-2.7805305504e+02,2.1946944956e+01,100000,max_evaluations,0.405866
gsk,cec2013,12,10,39,81242490,-2.7659624415e+02,2.3403755853e+01,100000,max_evaluations,0.459152
gsk,cec2013,12,10,40,82242527,-2.7597734496e+02,2.4022655043e+01,100000,max_evaluations,0.458478
gsk,cec2013,12,10,41,83242564,-2.7879310798e+02,2.1206892024e+01,100000,max_evaluations,0.428766
gsk,cec2013,12,10,42,84242601,-2.7224865589e+02,2.7751344114e+01,100000,max_evaluations,0.455514
gsk,cec2013,12,10,43,85242638,-2.6984415582e+02,3.0155844177e+01,100000,max_evaluations,0.466301
gsk,cec2013,12,10,44,86242675,-2.8160454825e+02,1.8395451746e+01,100000,max_evaluations,0.423995
gsk,cec2013,12,10,45,87242712,-2.7872434855e+02,2.1275651451e+01,100000,max_evaluations,0.453525
gsk,cec2013,12,10,46,88242749,-2.7270090842e+02,2.7299091580e+01,100000,max_evaluations,0.396196
gsk,cec2013,12,10,47,89242786,-2.8660037181e+02,1.3399628191e+01,100000,max_evaluations,0.419928
gsk,cec2013,12,10,48,90242823,-2.7971549166e+02,2.0284508344e+01,100000,max_evaluations,0.364028
gsk,cec2013,12,10,49,91242860,-2.7432636497e+02,2.5673635032e+01,100000,max_evaluations,0.355666
gsk,cec2013,12,10,50,92242897,-2.7053451603e+02,2.9465483967e+01,100000,max_evaluations,0.383921
gsk,cec2013,12,10,51,93242934,-2.7582383995e+02,2.4176160049e+01,100000,max_evaluations,0.348993
gsk,cec2013,13,10,1,44241117,-1.8324328449e+02,1.6756715515e+01,100000,max_evaluations,0.476660
gsk,cec2013,13,10,2,45241154,-1.7837115640e+02,2.1628843605e+01,100000,max_evaluations,0.472421
gsk,cec2013,13,10,3,46241191,-1.7086191780e+02,2.9138082200e+01,100000,max_evaluations,0.477073
gsk,cec2013,13,10,4,47241228,-1.8438825017e+02,1.5611749826e+01,100000,max_evaluations,0.453412
gsk,cec2013,13,10,5,48241265,-1.7790587865e+02,2.2094121350e+01,100000,max_evaluations,0.494094
gsk,cec2013,13,10,6,49241302,-1.7646921828e+02,2.3530781721e+01,100000,max_evaluations,0.549814
gsk,cec2013,13,10,7,50241339,-1.7089730314e+02,2.9102696860e+01,100000,max_evaluations,0.529200
gsk,cec2013,13,10,8,51241376,-1.8047710914e+02,1.9522890864e+01,100000,max_evaluations,0.532921
gsk,cec2013,13,10,9,52241413,-1.8540272843e+02,1.4597271571e+01,100000,max_evaluations,0.503243
gsk,cec2013,13,10,10,53241450,-1.8090692558e+02,1.9093074423e+01,100000,max_evaluations,0.466968
gsk,cec2013,13,10,11,54241487,-1.7149097083e+02,2.8509029167e+01,100000,max_evaluations,0.540655
gsk,cec2013,13,10,12,55241524,-1.7668392490e+02,2.3316075104e+01,100000,max_evaluations,0.513208
gsk,cec2013,13,10,13,56241561,-1.7185004670e+02,2.8149953300e+01,100000,max_evaluations,0.549846
gsk,cec2013,13,10,14,57241598,-1.7506990675e+02,2.4930093246e+01,100000,max_evaluations,0.525957
gsk,cec2013,13,10,15,58241635,-1.8216840133e+02,1.7831598670e+01,100000,max_evaluations,0.528519
gsk,cec2013,13,10,16,59241672,-1.7738106629e+02,2.2618933707e+01,100000,max_evaluations,0.408368
gsk,cec2013,13,10,17,60241709,-1.8118644733e+02,1.8813552666e+01,100000,max_evaluations,0.433110
gsk,cec2013,13,10,18,61241746,-1.7032354497e+02,2.9676455029e+01,100000,max_evaluations,0.401504
gsk,cec2013,13,10,19,62241783,-1.7256166017e+02,2.7438339832e+01,100000,max_evaluations,0.458755
gsk,cec2013,13,10,20,63241820,-1.7359306284e+02,2.6406937165e+01,100000,max_evaluations,0.421965
gsk,cec2013,13,10,21,64241857,-1.7961266632e+02,2.0387333678e+01,100000,max_evaluations,0.436121
gsk,cec2013,13,10,22,65241894,-1.7978307146e+02,2.0216928541e+01,100000,max_evaluations,0.433161
gsk,cec2013,13,10,23,66241931,-1.8018096153e+02,1.9819038468e+01,100000,max_evaluations,0.428253
gsk,cec2013,13,10,24,67241968,-1.7518001557e+02,2.4819984426e+01,100000,max_evaluations,0.475811
gsk,cec2013,13,10,25,68242005,-1.7701202749e+02,2.2987972511e+01,100000,max_evaluations,0.395552
gsk,cec2013,13,10,26,69242042,-1.7538659810e+02,2.4613401902e+01,100000,max_evaluations,0.432723
gsk,cec2013,13,10,27,70242079,-1.7642092167e+02,2.3579078329e+01,100000,max_evaluations,0.433046
gsk,cec2013,13,10,28,71242116,-1.8318181604e+02,1.6818183964e+01,100000,max_evaluations,0.399722
gsk,cec2013,13,10,29,72242153,-1.7851201954e+02,2.1487980460e+01,100000,max_evaluations,0.452103
gsk,cec2013,13,10,30,73242190,-1.7993452906e+02,2.0065470939e+01,100000,max_evaluations,0.450663
gsk,cec2013,13,10,31,74242227,-1.7316057895e+02,2.6839421050e+01,100000,max_evaluations,0.417203
gsk,cec2013,13,10,32,75242264,-1.7540391724e+02,2.4596082764e+01,100000,max_evaluations,0.417667
gsk,cec2013,13,10,33,76242301,-1.7832607479e+02,2.1673925210e+01,100000,max_evaluations,0.447074
gsk,cec2013,13,10,34,77242338,-1.8204838163e+02,1.7951618367e+01,100000,max_evaluations,0.399928
gsk,cec2013,13,10,35,78242375,-1.7447169218e+02,2.5528307825e+01,100000,max_evaluations,0.501718
gsk,cec2013,13,10,36,79242412,-1.7741111069e+02,2.2588889310e+01,100000,max_evaluations,0.428905
gsk,cec2013,13,10,37,80242449,-1.7834922883e+02,2.1650771169e+01,100000,max_evaluations,0.467605
gsk,cec2013,13,10,38,81242486,-1.8870662319e+02,1.1293376808e+01,100000,max_evaluations,0.447801
gsk,cec2013,13,10,39,82242523,-1.7469831516e+02,2.5301684844e+01,100000,max_evaluations,0.464561
gsk,cec2013,13,10,40,83242560,-1.7184982370e+02,2.8150176303e+01,100000,max_evaluations,0.413810
gsk,cec2013,13,10,41,84242597,-1.8294047031e+02,1.7059529689e+01,100000,max_evaluations,0.491948
gsk,cec2013,13,10,42,85242634,-1.7440336969e+02,2.5596630308e+01,100000,max_evaluations,0.444671
gsk,cec2013,13,10,43,86242671,-1.7833538205e+02,2.1664617948e+01,100000,max_evaluations,0.428061
gsk,cec2013,13,10,44,87242708,-1.7006217416e+02,2.9937825842e+01,100000,max_evaluations,0.408048
gsk,cec2013,13,10,45,88242745,-1.7375938713e+02,2.6240612866e+01,100000,max_evaluations,0.429566
gsk,cec2013,13,10,46,89242782,-1.7077286795e+02,2.9227132050e+01,100000,max_evaluations,0.393819
gsk,cec2013,13,10,47,90242819,-1.7458613224e+02,2.5413867758e+01,100000,max_evaluations,0.403182
gsk,cec2013,13,10,48,91242856,-1.7174790152e+02,2.8252098482e+01,100000,max_evaluations,0.384635
gsk,cec2013,13,10,49,92242893,-1.8797709759e+02,1.2022902410e+01,100000,max_evaluations,0.374563
gsk,cec2013,13,10,50,93242930,-1.8653287269e+02,1.3467127305e+01,100000,max_evaluations,0.366094
gsk,cec2013,13,10,51,94242967,-1.7431663221e+02,2.5683367788e+01,100000,max_evaluations,0.367909
gsk,cec2013,14,10,1,45241150,6.9638654344e+02,7.9638654344e+02,100000,max_evaluations,0.428243
gsk,cec2013,14,10,2,46241187,9.1005295040e+02,1.0100529504e+03,100000,max_evaluations,0.395705
gsk,cec2013,14,10,3,47241224,9.8580351887e+02,1.0858035189e+03,100000,max_evaluations,0.465686
gsk,cec2013,14,10,4,48241261,1.0514601812e+03,1.1514601812e+03,100000,max_evaluations,0.478876
gsk,cec2013,14,10,5,49241298,1.1707732657e+03,1.2707732657e+03,100000,max_evaluations,0.538311
gsk,cec2013,14,10,6,50241335,9.4230981560e+02,1.0423098156e+03,100000,max_evaluations,0.512786
gsk,cec2013,14,10,7,51241372,9.9541173272e+02,1.0954117327e+03,100000,max_evaluations,0.421529
gsk,cec2013,14,10,8,52241409,1.1948209160e+03,1.2948209160e+03,100000,max_evaluations,0.526273
gsk,cec2013,14,10,9,53241446,1.2128188183e+03,1.3128188183e+03,100000,max_evaluations,0.414654
gsk,cec2013,14,10,10,54241483,1.0389469629e+03,1.1389469629e+03,100000,max_evaluations,0.417297
gsk,cec2013,14,10,11,55241520,9.4716528893e+02,1.0471652889e+03,100000,max_evaluations,0.431509
gsk,cec2013,14,10,12,56241557,1.0506367227e+03,1.1506367227e+03,100000,max_evaluations,0.446790
gsk,cec2013,14,10,13,57241594,1.2028052651e+03,1.3028052651e+03,100000,max_evaluations,0.523192
gsk,cec2013,14,10,14,58241631,1.2071472010e+03,1.3071472010e+03,100000,max_evaluations,0.497254
gsk,cec2013,14,10,15,59241668,1.0578094061e+03,1.1578094061e+03,100000,max_evaluations,0.477340
gsk,cec2013,14,10,16,60241705,4.3395784729e+02,5.3395784729e+02,100000,max_evaluations,0.410241
gsk,cec2013,14,10,17,61241742,1.2411079628e+03,1.3411079628e+03,100000,max_evaluations,0.433329
gsk,cec2013,14,10,18,62241779,1.1637527592e+03,1.2637527592e+03,100000,max_evaluations,0.413495
gsk,cec2013,14,10,19,63241816,1.0031119850e+03,1.1031119850e+03,100000,max_evaluations,0.411496
gsk,cec2013,14,10,20,64241853,8.8328911891e+02,9.8328911891e+02,100000,max_evaluations,0.397134
gsk,cec2013,14,10,21,65241890,7.3542370372e+02,8.3542370372e+02,100000,max_evaluations,0.367261
gsk,cec2013,14,10,22,66241927,1.0753697459e+03,1.1753697459e+03,100000,max_evaluations,0.490282
gsk,cec2013,14,10,23,67241964,1.1523401241e+03,1.2523401241e+03,100000,max_evaluations,0.413547
gsk,cec2013,14,10,24,68242001,9.7935732045e+02,1.0793573205e+03,100000,max_evaluations,0.386256
gsk,cec2013,14,10,25,69242038,1.1119956573e+03,1.2119956573e+03,100000,max_evaluations,0.443687
gsk,cec2013,14,10,26,70242075,1.1895618975e+03,1.2895618975e+03,100000,max_evaluations,0.366213
gsk,cec2013,14,10,27,71242112,9.0416181628e+02,1.0041618163e+03,100000,max_evaluations,0.381479
gsk,cec2013,14,10,28,72242149,1.0036306986e+03,1.1036306986e+03,100000,max_evaluations,0.416447
gsk,cec2013,14,10,29,73242186,7.0130884901e+02,8.0130884901e+02,100000,max_evaluations,0.369523
gsk,cec2013,14,10,30,74242223,1.1603391208e+03,1.2603391208e+03,100000,max_evaluations,0.376123
gsk,cec2013,14,10,31,75242260,1.2855359158e+03,1.3855359158e+03,100000,max_evaluations,0.360059
gsk,cec2013,14,10,32,76242297,8.1832299549e+02,9.1832299549e+02,100000,max_evaluations,0.418763
gsk,cec2013,14,10,33,77242334,1.0442149711e+03,1.1442149711e+03,100000,max_evaluations,0.352486
gsk,cec2013,14,10,34,78242371,1.2044228153e+03,1.3044228153e+03,100000,max_evaluations,0.403027
gsk,cec2013,14,10,35,79242408,8.9417599308e+02,9.9417599308e+02,100000,max_evaluations,0.355312
gsk,cec2013,14,10,36,80242445,9.8577691185e+02,1.0857769119e+03,100000,max_evaluations,0.381253
gsk,cec2013,14,10,37,81242482,1.1147967511e+03,1.2147967511e+03,100000,max_evaluations,0.356170
gsk,cec2013,14,10,38,82242519,1.1598842026e+03,1.2598842026e+03,100000,max_evaluations,0.373629
gsk,cec2013,14,10,39,83242556,8.1561167425e+02,9.1561167425e+02,100000,max_evaluations,0.387421
gsk,cec2013,14,10,40,84242593,1.1153643286e+03,1.2153643286e+03,100000,max_evaluations,0.400718
gsk,cec2013,14,10,41,85242630,1.2656140177e+03,1.3656140177e+03,100000,max_evaluations,0.365346
gsk,cec2013,14,10,42,86242667,8.9255679563e+02,9.9255679563e+02,100000,max_evaluations,0.355562
gsk,cec2013,14,10,43,87242704,1.0665849489e+03,1.1665849489e+03,100000,max_evaluations,0.371210
gsk,cec2013,14,10,44,88242741,1.0648503027e+03,1.1648503027e+03,100000,max_evaluations,0.399119
gsk,cec2013,14,10,45,89242778,1.0271834798e+03,1.1271834798e+03,100000,max_evaluations,0.366398
gsk,cec2013,14,10,46,90242815,1.2313460498e+03,1.3313460498e+03,100000,max_evaluations,0.326005
gsk,cec2013,14,10,47,91242852,1.1276033601e+03,1.2276033601e+03,100000,max_evaluations,0.300529
gsk,cec2013,14,10,48,92242889,1.2737145861e+03,1.3737145861e+03,100000,max_evaluations,0.325313
gsk,cec2013,14,10,49,93242926,1.1631624556e+03,1.2631624556e+03,100000,max_evaluations,0.306738
gsk,cec2013,14,10,50,94242963,1.0913142211e+03,1.1913142211e+03,100000,max_evaluations,0.312584
gsk,cec2013,14,10,51,95243000,1.1183235110e+03,1.2183235110e+03,100000,max_evaluations,0.323220
gsk,cec2013,15,10,1,46241183,1.4238115210e+03,1.3238115210e+03,100000,max_evaluations,0.447481
gsk,cec2013,15,10,2,47241220,1.4474782233e+03,1.3474782233e+03,100000,max_evaluations,0.412300
gsk,cec2013,15,10,3,48241257,1.4260480672e+03,1.3260480672e+03,100000,max_evaluations,0.448819
gsk,cec2013,15,10,4,49241294,1.4654610859e+03,1.3654610859e+03,100000,max_evaluations,0.428736
gsk,cec2013,15,10,5,50241331,1.5155595851e+03,1.4155595851e+03,100000,max_evaluations,0.447724
gsk,cec2013,15,10,6,51241368,1.4055125368e+03,1.3055125368e+03,100000,max_evaluations,0.428889
gsk,cec2013,15,10,7,52241405,1.4440028241e+03,1.3440028241e+03,100000,max_evaluations,0.449133
gsk,cec2013,15,10,8,53241442,1.4352584028e+03,1.3352584028e+03,100000,max_evaluations,0.410434
gsk,cec2013,15,10,9,54241479,1.6011305396e+03,1.5011305396e+03,100000,max_evaluations,0.431226
gsk,cec2013,15,10,10,55241516,1.3306037723e+03,1.2306037723e+03,100000,max_evaluations,0.432133
gsk,cec2013,15,10,11,56241553,1.2246566242e+03,1.1246566242e+03,100000,max_evaluations,0.440645
gsk,cec2013,15,10,12,57241590,1.5423735972e+03,1.4423735972e+03,100000,max_evaluations,0.420713
gsk,cec2013,15,10,13,58241627,1.3506637800e+03,1.2506637800e+03,100000,max_evaluations,0.406933
gsk,cec2013,15,10,14,59241664,1.3543683325e+03,1.2543683325e+03,100000,max_evaluations,0.419491
gsk,cec2013,15,10,15,60241701,1.5160629111e+03,1.4160629111e+03,100000,max_evaluations,0.393567
gsk,cec2013,15,10,16,61241738,1.5504790440e+03,1.4504790440e+03,100000,max_evaluations,0.405603
gsk,cec2013,15,10,17,62241775,1.7053823742e+03,1.6053823742e+03,100000,max_evaluations,0.410432
gsk,cec2013,15,10,18,63241812,1.7040952605e+03,1.6040952605e+03,100000,max_evaluations,0.391120
gsk,cec2013,15,10,19,64241849,1.4871355992e+03,1.3871355992e+03,100000,max_evaluations,0.384415
gsk,cec2013,15,10,20,65241886,1.2911483314e+03,1.1911483314e+03,100000,max_evaluations,0.369585
gsk,cec2013,15,10,21,66241923,1.6953153335e+03,1.5953153335e+03,100000,max_evaluations,0.414607
gsk,cec2013,15,10,22,67241960,1.4131285769e+03,1.3131285769e+03,100000,max_evaluations,0.364800
gsk,cec2013,15,10,23,68241997,1.3331944219e+03,1.2331944219e+03,100000,max_evaluations,0.394049
gsk,cec2013,15,10,24,69242034,1.4281498650e+03,1.3281498650e+03,100000,max_evaluations,0.403017
gsk,cec2013,15,10,25,70242071,1.4156266938e+03,1.3156266938e+03,100000,max_evaluations,0.376529
gsk,cec2013,15,10,26,71242108,1.5793303611e+03,1.4793303611e+03,100000,max_evaluations,0.364009
gsk,cec2013,15,10,27,72242145,1.4469800048e+03,1.3469800048e+03,100000,max_evaluations,0.373149
gsk,cec2013,15,10,28,73242182,1.2895986397e+03,1.1895986397e+03,100000,max_evaluations,0.371780
gsk,cec2013,15,10,29,74242219,1.5992044126e+03,1.4992044126e+03,100000,max_evaluations,0.364773
gsk,cec2013,15,10,30,75242256,1.3513987518e+03,1.2513987518e+03,100000,max_evaluations,0.366675
gsk,cec2013,15,10,31,76242293,1.4565028131e+03,1.3565028131e+03,100000,max_evaluations,0.384325
gsk,cec2013,15,10,32,77242330,1.5296147884e+03,1.4296147884e+03,100000,max_evaluations,0.390499
gsk,cec2013,15,10,33,78242367,1.4636959317e+03,1.3636959317e+03,100000,max_evaluations,0.414976
gsk,cec2013,15,10,34,79242404,1.4713732193e+03,1.3713732193e+03,100000,max_evaluations,0.399030
gsk,cec2013,15,10,35,80242441,1.3906972281e+03,1.2906972281e+03,100000,max_evaluations,0.385917
gsk,cec2013,15,10,36,81242478,1.3765218821e+03,1.2765218821e+03,100000,max_evaluations,0.388627
gsk,cec2013,15,10,37,82242515,1.5660522359e+03,1.4660522359e+03,100000,max_evaluations,0.391222
gsk,cec2013,15,10,38,83242552,1.4540769843e+03,1.3540769843e+03,100000,max_evaluations,0.384741
gsk,cec2013,15,10,39,84242589,1.5693125553e+03,1.4693125553e+03,100000,max_evaluations,0.357981
gsk,cec2013,15,10,40,85242626,1.0938996290e+03,9.9389962898e+02,100000,max_evaluations,0.380705
gsk,cec2013,15,10,41,86242663,1.4631183599e+03,1.3631183599e+03,100000,max_evaluations,0.396557
gsk,cec2013,15,10,42,87242700,1.7393175844e+03,1.6393175844e+03,100000,max_evaluations,0.368816
gsk,cec2013,15,10,43,88242737,1.5486408093e+03,1.4486408093e+03,100000,max_evaluations,0.401706
gsk,cec2013,15,10,44,89242774,1.5133869524e+03,1.4133869524e+03,100000,max_evaluations,0.364048
gsk,cec2013,15,10,45,90242811,1.3883803125e+03,1.2883803125e+03,100000,max_evaluations,0.367143
gsk,cec2013,15,10,46,91242848,1.5308992192e+03,1.4308992192e+03,100000,max_evaluations,0.349774
gsk,cec2013,15,10,47,92242885,1.2466558516e+03,1.1466558516e+03,100000,max_evaluations,0.334346
gsk,cec2013,15,10,48,93242922,1.4964573097e+03,1.3964573097e+03,100000,max_evaluations,0.348043
gsk,cec2013,15,10,49,94242959,1.5238114002e+03,1.4238114002e+03,100000,max_evaluations,0.338492
gsk,cec2013,15,10,50,95242996,1.2362502144e+03,1.1362502144e+03,100000,max_evaluations,0.327762
gsk,cec2013,15,10,51,96243033,1.2628539176e+03,1.1628539176e+03,100000,max_evaluations,0.341876
gsk,cec2013,16,10,1,47241216,2.0072946947e+02,7.2946947328e-01,100000,max_evaluations,0.517786
gsk,cec2013,16,10,2,48241253,2.0119316506e+02,1.1931650604e+00,100000,max_evaluations,0.489248
gsk,cec2013,16,10,3,49241290,2.0098030374e+02,9.8030374438e-01,100000,max_evaluations,0.567081
gsk,cec2013,16,10,4,50241327,2.0106397655e+02,1.0639765491e+00,100000,max_evaluations,0.500183
gsk,cec2013,16,10,5,51241364,2.0149601775e+02,1.4960177491e+00,100000,max_evaluations,0.549740
gsk,cec2013,16,10,6,52241401,2.0113275428e+02,1.1327542818e+00,100000,max_evaluations,0.518886
gsk,cec2013,16,10,7,53241438,2.0139187442e+02,1.3918744183e+00,100000,max_evaluations,0.489075
gsk,cec2013,16,10,8,54241475,2.0102192338e+02,1.0219233784e+00,100000,max_evaluations,0.622521
gsk,cec2013,16,10,9,55241512,2.0101873886e+02,1.0187388584e+00,100000,max_evaluations,0.480549
gsk,cec2013,16,10,10,56241549,2.0135428883e+02,1.3542888277e+00,100000,max_evaluations,0.523060
gsk,cec2013,16,10,11,57241586,2.0063739758e+02,6.3739757583e-01,100000,max_evaluations,0.496187
gsk,cec2013,16,10,12,58241623,2.0096261527e+02,9.6261527202e-01,100000,max_evaluations,0.511087
gsk,cec2013,16,10,13,59241660,2.0098351642e+02,9.8351642135e-01,100000,max_evaluations,0.599977
gsk,cec2013,16,10,14,60241697,2.0125596123e+02,1.2559612314e+00,100000,max_evaluations,0.525461
gsk,cec2013,16,10,15,61241734,2.0126791112e+02,1.2679111233e+00,100000,max_evaluations,0.520924
gsk,cec2013,16,10,16,62241771,2.0113811212e+02,1.1381121186e+00,100000,max_evaluations,0.435451
gsk,cec2013,16,10,17,63241808,2.0141120818e+02,1.4112081785e+00,100000,max_evaluations,0.423325
gsk,cec2013,16,10,18,64241845,2.0114431307e+02,1.1443130744e+00,100000,max_evaluations,0.402651
gsk,cec2013,16,10,19,65241882,2.0132610337e+02,1.3261033736e+00,100000,max_evaluations,0.415788
gsk,cec2013,16,10,20,66241919,2.0091756463e+02,9.1756463021e-01,100000,max_evaluations,0.403222
gsk,cec2013,16,10,21,67241956,2.0089721863e+02,8.9721863323e-01,100000,max_evaluations,0.395951
gsk,cec2013,16,10,22,68241993,2.0119426721e+02,1.1942672088e+00,100000,max_evaluations,0.422143
gsk,cec2013,16,10,23,69242030,2.0131147738e+02,1.3114773785e+00,100000,max_evaluations,0.398967
gsk,cec2013,16,10,24,70242067,2.0063373084e+02,6.3373084167e-01,100000,max_evaluations,0.412007
gsk,cec2013,16,10,25,71242104,2.0123449641e+02,1.2344964121e+00,100000,max_evaluations,0.408380
gsk,cec2013,16,10,26,72242141,2.0103825264e+02,1.0382526403e+00,100000,max_evaluations,0.413467
gsk,cec2013,16,10,27,73242178,2.0100852723e+02,1.0085272343e+00,100000,max_evaluations,0.400191
gsk,cec2013,16,10,28,74242215,2.0080264514e+02,8.0264514352e-01,100000,max_evaluations,0.400784
gsk,cec2013,16,10,29,75242252,2.0134963010e+02,1.3496300974e+00,100000,max_evaluations,0.431286
gsk,cec2013,16,10,30,76242289,2.0080021670e+02,8.0021669629e-01,100000,max_evaluations,0.431772
gsk,cec2013,16,10,31,77242326,2.0113780092e+02,1.1378009183e+00,100000,max_evaluations,0.463547
gsk,cec2013,16,10,32,78242363,2.0104619425e+02,1.0461942490e+00,100000,max_evaluations,0.438422
gsk,cec2013,16,10,33,79242400,2.0124450588e+02,1.2445058780e+00,100000,max_evaluations,0.402882
gsk,cec2013,16,10,34,80242437,2.0094700964e+02,9.4700963915e-01,100000,max_evaluations,0.433501
gsk,cec2013,16,10,35,81242474,2.0145105000e+02,1.4510499989e+00,100000,max_evaluations,0.437289
gsk,cec2013,16,10,36,82242511,2.0135288723e+02,1.3528872262e+00,100000,max_evaluations,0.445506
gsk,cec2013,16,10,37,83242548,2.0108026375e+02,1.0802637548e+00,100000,max_evaluations,0.439498
gsk,cec2013,16,10,38,84242585,2.0111270134e+02,1.1127013378e+00,100000,max_evaluations,0.425698
gsk,cec2013,16,10,39,85242622,2.0087841142e+02,8.7841141787e-01,100000,max_evaluations,0.419580
gsk,cec2013,16,10,40,86242659,2.0091069272e+02,9.1069272433e-01,100000,max_evaluations,0.418561
gsk,cec2013,16,10,41,87242696,2.0111572577e+02,1.1157257697e+00,100000,max_evaluations,0.435247
gsk,cec2013,16,10,42,88242733,2.0158097840e+02,1.5809783982e+00,100000,max_evaluations,0.424076
gsk,cec2013,16,10,43,89242770,2.0114619639e+02,1.1461963915e+00,100000,max_evaluations,0.404746
gsk,cec2013,16,10,44,90242807,2.0110179522e+02,1.1017952229e+00,100000,max_evaluations,0.390381
gsk,cec2013,16,10,45,91242844,2.0111542713e+02,1.1154271281e+00,100000,max_evaluations,0.410820
gsk,cec2013,16,10,46,92242881,2.0132583082e+02,1.3258308204e+00,100000,max_evaluations,0.347560
gsk,cec2013,16,10,47,93242918,2.0098436401e+02,9.8436401048e-01,100000,max_evaluations,0.304895
gsk,cec2013,16,10,48,94242955,2.0118743394e+02,1.1874339396e+00,100000,max_evaluations,0.350974
gsk,cec2013,16,10,49,95242992,2.0124713262e+02,1.2471326179e+00,100000,max_evaluations,0.335537
gsk,cec2013,16,10,50,96243029,2.0135619662e+02,1.3561966191e+00,100000,max_evaluations,0.307438
gsk,cec2013,16,10,51,97243066,2.0095446727e+02,9.5446726799e-01,100000,max_evaluations,0.346231
gsk,cec2013,17,10,1,48241249,3.2191876241e+02,2.1918762407e+01,100000,max_evaluations,0.405841
gsk,cec2013,17,10,2,49241286,3.2453248027e+02,2.4532480268e+01,100000,max_evaluations,0.482150
gsk,cec2013,17,10,3,50241323,3.1803589762e+02,1.8035897624e+01,100000,max_evaluations,0.489114
gsk,cec2013,17,10,4,51241360,3.2579213694e+02,2.5792136940e+01,100000,max_evaluations,0.449559
gsk,cec2013,17,10,5,52241397,3.2072120670e+02,2.0721206704e+01,100000,max_evaluations,0.525403
gsk,cec2013,17,10,6,53241434,3.2691796633e+02,2.6917966327e+01,100000,max_evaluations,0.432786
gsk,cec2013,17,10,7,54241471,3.2570252183e+02,2.5702521833e+01,100000,max_evaluations,0.503722
gsk,cec2013,17,10,8,55241508,3.2487840194e+02,2.4878401943e+01,100000,max_evaluations,0.484471
gsk,cec2013,17,10,9,56241545,3.2503959735e+02,2.5039597351e+01,100000,max_evaluations,0.519649
gsk,cec2013,17,10,10,57241582,3.2131486096e+02,2.1314860962e+01,100000,max_evaluations,0.478099
gsk,cec2013,17,10,11,58241619,3.2448509783e+02,2.4485097826e+01,100000,max_evaluations,0.480016
gsk,cec2013,17,10,12,59241656,3.2164242359e+02,2.1642423587e+01,100000,max_evaluations,0.486713
gsk,cec2013,17,10,13,60241693,3.2708993614e+02,2.7089936140e+01,100000,max_evaluations,0.488505
gsk,cec2013,17,10,14,61241730,3.2535382095e+02,2.5353820951e+01,100000,max_evaluations,0.458650
gsk,cec2013,17,10,15,62241767,3.2033709587e+02,2.0337095869e+01,100000,max_evaluations,0.500716
gsk,cec2013,17,10,16,63241804,3.2564166256e+02,2.5641662564e+01,100000,max_evaluations,0.368407
gsk,cec2013,17,10,17,64241841,3.2604734223e+02,2.6047342226e+01,100000,max_evaluations,0.383988
gsk,cec2013,17,10,18,65241878,3.2289491829e+02,2.2894918286e+01,100000,max_evaluations,0.358063
gsk,cec2013,17,10,19,66241915,3.2097221208e+02,2.0972212085e+01,100000,max_evaluations,0.379060
gsk,cec2013,17,10,20,67241952,3.2397286729e+02,2.3972867288e+01,100000,max_evaluations,0.390750
gsk,cec2013,17,10,21,68241989,3.2542503509e+02,2.5425035093e+01,100000,max_evaluations,0.398537
gsk,cec2013,17,10,22,69242026,3.2517258012e+02,2.5172580119e+01,100000,max_evaluations,0.377996
gsk,cec2013,17,10,23,70242063,3.1876913222e+02,1.8769132219e+01,100000,max_evaluations,0.351950
gsk,cec2013,17,10,24,71242100,3.2413534778e+02,2.4135347784e+01,100000,max_evaluations,0.383655
gsk,cec2013,17,10,25,72242137,3.1843657323e+02,1.8436573234e+01,100000,max_evaluations,0.378585
gsk,cec2013,17,10,26,73242174,3.2346886655e+02,2.3468866549e+01,100000,max_evaluations,0.354445
gsk,cec2013,17,10,27,74242211,3.2559864841e+02,2.5598648409e+01,100000,max_evaluations,0.361668
gsk,cec2013,17,10,28,75242248,3.2131286760e+02,2.1312867604e+01,100000,max_evaluations,0.371774
gsk,cec2013,17,10,29,76242285,3.2296035613e+02,2.2960356125e+01,100000,max_evaluations,0.387665
gsk,cec2013,17,10,30,77242322,3.2440922800e+02,2.4409228002e+01,100000,max_evaluations,0.359953
gsk,cec2013,17,10,31,78242359,3.2848355466e+02,2.8483554658e+01,100000,max_evaluations,0.396673
gsk,cec2013,17,10,32,79242396,3.2465607283e+02,2.4656072826e+01,100000,max_evaluations,0.348785
gsk,cec2013,17,10,33,80242433,3.2647739253e+02,2.6477392531e+01,100000,max_evaluations,0.385337
gsk,cec2013,17,10,34,81242470,3.2702520395e+02,2.7025203952e+01,100000,max_evaluations,0.377796
gsk,cec2013,17,10,35,82242507,3.2397265660e+02,2.3972656596e+01,100000,max_evaluations,0.392556
gsk,cec2013,17,10,36,83242544,3.2265894003e+02,2.2658940035e+01,100000,max_evaluations,0.374240
gsk,cec2013,17,10,37,84242581,3.2868496554e+02,2.8684965541e+01,100000,max_evaluations,0.376142
gsk,cec2013,17,10,38,85242618,3.2434093919e+02,2.4340939189e+01,100000,max_evaluations,0.420502
gsk,cec2013,17,10,39,86242655,3.2309614402e+02,2.3096144022e+01,100000,max_evaluations,0.365563
gsk,cec2013,17,10,40,87242692,3.2819022018e+02,2.8190220179e+01,100000,max_evaluations,0.421653
gsk,cec2013,17,10,41,88242729,3.2367132356e+02,2.3671323558e+01,100000,max_evaluations,0.386015
gsk,cec2013,17,10,42,89242766,3.2794319436e+02,2.7943194364e+01,100000,max_evaluations,0.381850
gsk,cec2013,17,10,43,90242803,3.2296717710e+02,2.2967177100e+01,100000,max_evaluations,0.426808
gsk,cec2013,17,10,44,91242840,3.2611394249e+02,2.6113942491e+01,100000,max_evaluations,0.385451
gsk,cec2013,17,10,45,92242877,3.2742511456e+02,2.7425114560e+01,100000,max_evaluations,0.364830
gsk,cec2013,17,10,46,93242914,3.2648757726e+02,2.6487577257e+01,100000,max_evaluations,0.340160
gsk,cec2013,17,10,47,94242951,3.2590489008e+02,2.5904890084e+01,100000,max_evaluations,0.417067
gsk,cec2013,17,10,48,95242988,3.2469811675e+02,2.4698116755e+01,100000,max_evaluations,0.323968
gsk,cec2013,17,10,49,96243025,3.2672529362e+02,2.6725293617e+01,100000,max_evaluations,0.345035
gsk,cec2013,17,10,50,97243062,3.2443527637e+02,2.4435276373e+01,100000,max_evaluations,0.320509
gsk,cec2013,17,10,51,98243099,3.2666790185e+02,2.6667901852e+01,100000,max_evaluations,0.358656
gsk,cec2013,18,10,1,49241282,4.3116529277e+02,3.1165292773e+01,100000,max_evaluations,0.374656
gsk,cec2013,18,10,2,50241319,4.2556084252e+02,2.5560842524e+01,100000,max_evaluations,0.434064
gsk,cec2013,18,10,3,51241356,4.3443337725e+02,3.4433377253e+01,100000,max_evaluations,0.464516
gsk,cec2013,18,10,4,52241393,4.3143204122e+02,3.1432041215e+01,100000,max_evaluations,0.406537
gsk,cec2013,18,10,5,53241430,4.3196946532e+02,3.1969465321e+01,100000,max_evaluations,0.402355
gsk,cec2013,18,10,6,54241467,4.3226419509e+02,3.2264195085e+01,100000,max_evaluations,0.388142
gsk,cec2013,18,10,7,55241504,4.3747373958e+02,3.7473739583e+01,100000,max_evaluations,0.400523
gsk,cec2013,18,10,8,56241541,4.3082091936e+02,3.0820919360e+01,100000,max_evaluations,0.377970
gsk,cec2013,18,10,9,57241578,4.2796696673e+02,2.7966966731e+01,100000,max_evaluations,0.402688
gsk,cec2013,18,10,10,58241615,4.3091866496e+02,3.0918664957e+01,100000,max_evaluations,0.401963
gsk,cec2013,18,10,11,59241652,4.2380837877e+02,2.3808378774e+01,100000,max_evaluations,0.410365
gsk,cec2013,18,10,12,60241689,4.2854208036e+02,2.8542080357e+01,100000,max_evaluations,0.425537
gsk,cec2013,18,10,13,61241726,4.3507662993e+02,3.5076629925e+01,100000,max_evaluations,0.407231
gsk,cec2013,18,10,14,62241763,4.3086925329e+02,3.0869253287e+01,100000,max_evaluations,0.433700
gsk,cec2013,18,10,15,63241800,4.3323511769e+02,3.3235117689e+01,100000,max_evaluations,0.385433
gsk,cec2013,18,10,16,64241837,4.3448759846e+02,3.4487598457e+01,100000,max_evaluations,0.375695
gsk,cec2013,18,10,17,65241874,4.3937272248e+02,3.9372722482e+01,100000,max_evaluations,0.387840
gsk,cec2013,18,10,18,66241911,4.3029673516e+02,3.0296735157e+01,100000,max_evaluations,0.414672
gsk,cec2013,18,10,19,67241948,4.3235722543e+02,3.2357225427e+01,100000,max_evaluations,0.380014
gsk,cec2013,18,10,20,68241985,4.3902585826e+02,3.9025858258e+01,100000,max_evaluations,0.375962
gsk,cec2013,18,10,21,69242022,4.3313730643e+02,3.3137306430e+01,100000,max_evaluations,0.385590
gsk,cec2013,18,10,22,70242059,4.2722989802e+02,2.7229898017e+01,100000,max_evaluations,0.370189
gsk,cec2013,18,10,23,71242096,4.3284807273e+02,3.2848072735e+01,100000,max_evaluations,0.398874
gsk,cec2013,18,10,24,72242133,4.2708330048e+02,2.7083300482e+01,100000,max_evaluations,0.409812
gsk,cec2013,18,10,25,73242170,4.3698086062e+02,3.6980860616e+01,100000,max_evaluations,0.371694
gsk,cec2013,18,10,26,74242207,4.3238584024e+02,3.2385840241e+01,100000,max_evaluations,0.408150
gsk,cec2013,18,10,27,75242244,4.3421605591e+02,3.4216055913e+01,100000,max_evaluations,0.385327
gsk,cec2013,18,10,28,76242281,4.3312362707e+02,3.3123627068e+01,100000,max_evaluations,0.365430
gsk,cec2013,18,10,29,77242318,4.3441333188e+02,3.4413331883e+01,100000,max_evaluations,0.371417
gsk,cec2013,18,10,30,78242355,4.3186370213e+02,3.1863702132e+01,100000,max_evaluations,0.396845
gsk,cec2013,18,10,31,79242392,4.3653738254e+02,3.6537382536e+01,100000,max_evaluations,0.422070
gsk,cec2013,18,10,32,80242429,4.3373477604e+02,3.3734776045e+01,100000,max_evaluations,0.395812
gsk,cec2013,18,10,33,81242466,4.3353486548e+02,3.3534865485e+01,100000,max_evaluations,0.392171
gsk,cec2013,18,10,34,82242503,4.3553658949e+02,3.5536589488e+01,100000,max_evaluations,0.360966
gsk,cec2013,18,10,35,83242540,4.2623037101e+02,2.6230371013e+01,100000,max_evaluations,0.399325
gsk,cec2013,18,10,36,84242577,4.3023848809e+02,3.0238488095e+01,100000,max_evaluations,0.373742
gsk,cec2013,18,10,37,85242614,4.3437048766e+02,3.4370487658e+01,100000,max_evaluations,0.382442
gsk,cec2013,18,10,38,86242651,4.3419662640e+02,3.4196626395e+01,100000,max_evaluations,0.377380
gsk,cec2013,18,10,39,87242688,4.3348655078e+02,3.3486550778e+01,100000,max_evaluations,0.390925
gsk,cec2013,18,10,40,88242725,4.3464615770e+02,3.4646157703e+01,100000,max_evaluations,0.424738
gsk,cec2013,18,10,41,89242762,4.3071833189e+02,3.0718331888e+01,100000,max_evaluations,0.386335
gsk,cec2013,18,10,42,90242799,4.3866055852e+02,3.8660558523e+01,100000,max_evaluations,0.423098
gsk,cec2013,18,10,43,91242836,4.2999949870e+02,2.9999498695e+01,100000,max_evaluations,0.401420
gsk,cec2013,18,10,44,92242873,4.2973093712e+02,2.9730937120e+01,100000,max_evaluations,0.423166
gsk,cec2013,18,10,45,93242910,4.3568280270e+02,3.5682802699e+01,100000,max_evaluations,0.382232
gsk,cec2013,18,10,46,94242947,4.3558555978e+02,3.5585559784e+01,100000,max_evaluations,0.362932
gsk,cec2013,18,10,47,95242984,4.2966422704e+02,2.9664227043e+01,100000,max_evaluations,0.294409
gsk,cec2013,18,10,48,96243021,4.3330213224e+02,3.3302132237e+01,100000,max_evaluations,0.314667
gsk,cec2013,18,10,49,97243058,4.3189492814e+02,3.1894928139e+01,100000,max_evaluations,0.347880
gsk,cec2013,18,10,50,98243095,4.3697110441e+02,3.6971104407e+01,100000,max_evaluations,0.340493
gsk,cec2013,18,10,51,99243132,4.3315828990e+02,3.3158289896e+01,100000,max_evaluations,0.346573
gsk,cec2013,19,10,1,50241315,5.0194288648e+02,1.9428864836e+00,100000,max_evaluations,0.430754
gsk,cec2013,19,10,2,51241352,5.0195025919e+02,1.9502591943e+00,100000,max_evaluations,0.424860
gsk,cec2013,19,10,3,52241389,5.0217741635e+02,2.1774163503e+00,100000,max_evaluations,0.421215
gsk,cec2013,19,10,4,53241426,5.0142569562e+02,1.4256956207e+00,100000,max_evaluations,0.462355
gsk,cec2013,19,10,5,54241463,5.0155988659e+02,1.5598865897e+00,100000,max_evaluations,0.416752
gsk,cec2013,19,10,6,55241500,5.0191834274e+02,1.9183427388e+00,100000,max_evaluations,0.398633
gsk,cec2013,19,10,7,56241537,5.0152498282e+02,1.5249828159e+00,100000,max_evaluations,0.380048
gsk,cec2013,19,10,8,57241574,5.0207643379e+02,2.0764337904e+00,100000,max_evaluations,0.394840
gsk,cec2013,19,10,9,58241611,5.0185743607e+02,1.8574360656e+00,100000,max_evaluations,0.460593
gsk,cec2013,19,10,10,59241648,5.0226297081e+02,2.2629708138e+00,100000,max_evaluations,0.438568
gsk,cec2013,19,10,11,60241685,5.0193419411e+02,1.9341941077e+00,100000,max_evaluations,0.415243
gsk,cec2013,19,10,12,61241722,5.0119108649e+02,1.1910864866e+00,100000,max_evaluations,0.459478
gsk,cec2013,19,10,13,62241759,5.0194456620e+02,1.9445662019e+00,100000,max_evaluations,0.394952
gsk,cec2013,19,10,14,63241796,5.0195472104e+02,1.9547210403e+00,100000,max_evaluations,0.442054
gsk,cec2013,19,10,15,64241833,5.0201701632e+02,2.0170163177e+00,100000,max_evaluations,0.430254
gsk,cec2013,19,10,16,65241870,5.0238660668e+02,2.3866066766e+00,100000,max_evaluations,0.333235
gsk,cec2013,19,10,17,66241907,5.0195647806e+02,1.9564780582e+00,100000,max_evaluations,0.350992
gsk,cec2013,19,10,18,67241944,5.0186913198e+02,1.8691319780e+00,100000,max_evaluations,0.340352
gsk,cec2013,19,10,19,68241981,5.0190588478e+02,1.9058847810e+00,100000,max_evaluations,0.344528
gsk,cec2013,19,10,20,69242018,5.0180502702e+02,1.8050270233e+00,100000,max_evaluations,0.344628
gsk,cec2013,19,10,21,70242055,5.0209178547e+02,2.0917854674e+00,100000,max_evaluations,0.328622
gsk,cec2013,19,10,22,71242092,5.0204300731e+02,2.0430073084e+00,100000,max_evaluations,0.334658
gsk,cec2013,19,10,23,72242129,5.0216963614e+02,2.1696361412e+00,100000,max_evaluations,0.343850
gsk,cec2013,19,10,24,73242166,5.0148659059e+02,1.4865905912e+00,100000,max_evaluations,0.334803
gsk,cec2013,19,10,25,74242203,5.0196473819e+02,1.9647381905e+00,100000,max_evaluations,0.351268
gsk,cec2013,19,10,26,75242240,5.0188233064e+02,1.8823306370e+00,100000,max_evaluations,0.324126
gsk,cec2013,19,10,27,76242277,5.0185667678e+02,1.8566767799e+00,100000,max_evaluations,0.343344
gsk,cec2013,19,10,28,77242314,5.0206161264e+02,2.0616126426e+00,100000,max_evaluations,0.344525
gsk,cec2013,19,10,29,78242351,5.0157968575e+02,1.5796857519e+00,100000,max_evaluations,0.352627
gsk,cec2013,19,10,30,79242388,5.0212151911e+02,2.1215191059e+00,100000,max_evaluations,0.343993
gsk,cec2013,19,10,31,80242425,5.0234209404e+02,2.3420940355e+00,100000,max_evaluations,0.337497
gsk,cec2013,19,10,32,81242462,5.0237853736e+02,2.3785373594e+00,100000,max_evaluations,0.365184
gsk,cec2013,19,10,33,82242499,5.0199759661e+02,1.9975966139e+00,100000,max_evaluations,0.360342
gsk,cec2013,19,10,34,83242536,5.0197918644e+02,1.9791864441e+00,100000,max_evaluations,0.348004
gsk,cec2013,19,10,35,84242573,5.0209641702e+02,2.0964170183e+00,100000,max_evaluations,0.349936
gsk,cec2013,19,10,36,85242610,5.0213768379e+02,2.1376837856e+00,100000,max_evaluations,0.333836
gsk,cec2013,19,10,37,86242647,5.0190420419e+02,1.9042041896e+00,100000,max_evaluations,0.349506
gsk,cec2013,19,10,38,87242684,5.0218841622e+02,2.1884162186e+00,100000,max_evaluations,0.347952
gsk,cec2013,19,10,39,88242721,5.0137079260e+02,1.3707925992e+00,100000,max_evaluations,0.348106
gsk,cec2013,19,10,40,89242758,5.0184603994e+02,1.8460399363e+00,100000,max_evaluations,0.343033
gsk,cec2013,19,10,41,90242795,5.0219901758e+02,2.1990175848e+00,100000,max_evaluations,0.323302
gsk,cec2013,19,10,42,91242832,5.0255260442e+02,2.5526044159e+00,100000,max_evaluations,0.331830
gsk,cec2013,19,10,43,92242869,5.0202587450e+02,2.0258745020e+00,100000,max_evaluations,0.362200
gsk,cec2013,19,10,44,93242906,5.0182025471e+02,1.8202547051e+00,100000,max_evaluations,0.342595
gsk,cec2013,19,10,45,94242943,5.0179230876e+02,1.7923087645e+00,100000,max_evaluations,0.337069
gsk,cec2013,19,10,46,95242980,5.0172340429e+02,1.7234042946e+00,100000,max_evaluations,0.313220
gsk,cec2013,19,10,47,96243017,5.0213721445e+02,2.1372144462e+00,100000,max_evaluations,0.266178
gsk,cec2013,19,10,48,97243054,5.0152753927e+02,1.5275392711e+00,100000,max_evaluations,0.295319
gsk,cec2013,19,10,49,98243091,5.0144375738e+02,1.4437573807e+00,100000,max_evaluations,0.292143
gsk,cec2013,19,10,50,99243128,5.0141705639e+02,1.4170563859e+00,100000,max_evaluations,0.265544
gsk,cec2013,19,10,51,100243165,5.0208339714e+02,2.0833971383e+00,100000,max_evaluations,0.235241
gsk,cec2013,20,10,1,51241348,6.0294040197e+02,2.9404019722e+00,100000,max_evaluations,0.499245
gsk,cec2013,20,10,2,52241385,6.0297040701e+02,2.9704070101e+00,100000,max_evaluations,0.444775
gsk,cec2013,20,10,3,53241422,6.0310884979e+02,3.1088497860e+00,100000,max_evaluations,0.467451
gsk,cec2013,20,10,4,54241459,6.0297180409e+02,2.9718040919e+00,100000,max_evaluations,0.492872
gsk,cec2013,20,10,5,55241496,6.0314095098e+02,3.1409509800e+00,100000,max_evaluations,0.472002
gsk,cec2013,20,10,6,56241533,6.0287090515e+02,2.8709051497e+00,100000,max_evaluations,0.485188
gsk,cec2013,20,10,7,57241570,6.0280147673e+02,2.8014767274e+00,100000,max_evaluations,0.400508
gsk,cec2013,20,10,8,58241607,6.0268831098e+02,2.6883109789e+00,100000,max_evaluations,0.442657
gsk,cec2013,20,10,9,59241644,6.0257425523e+02,2.5742552343e+00,100000,max_evaluations,0.446932
gsk,cec2013,20,10,10,60241681,6.0262258747e+02,2.6225874734e+00,100000,max_evaluations,0.464074
gsk,cec2013,20,10,11,61241718,6.0270064204e+02,2.7006420358e+00,100000,max_evaluations,0.441435
gsk,cec2013,20,10,12,62241755,6.0235457113e+02,2.3545711300e+00,100000,max_evaluations,0.447081
gsk,cec2013,20,10,13,63241792,6.0299944623e+02,2.9994462288e+00,100000,max_evaluations,0.429919
gsk,cec2013,20,10,14,64241829,6.0304595378e+02,3.0459537760e+00,100000,max_evaluations,0.428372
gsk,cec2013,20,10,15,65241866,6.0234410044e+02,2.3441004363e+00,100000,max_evaluations,0.404560
gsk,cec2013,20,10,16,66241903,6.0332517737e+02,3.3251773680e+00,100000,max_evaluations,0.384126
gsk,cec2013,20,10,17,67241940,6.0290973619e+02,2.9097361896e+00,100000,max_evaluations,0.377367
gsk,cec2013,20,10,18,68241977,6.0282198870e+02,2.8219887014e+00,100000,max_evaluations,0.359918
gsk,cec2013,20,10,19,69242014,6.0298137163e+02,2.9813716306e+00,100000,max_evaluations,0.392115
gsk,cec2013,20,10,20,70242051,6.0298355332e+02,2.9835533192e+00,100000,max_evaluations,0.366879
gsk,cec2013,20,10,21,71242088,6.0293651653e+02,2.9365165324e+00,100000,max_evaluations,0.368924
gsk,cec2013,20,10,22,72242125,6.0249537363e+02,2.4953736313e+00,100000,max_evaluations,0.358386
gsk,cec2013,20,10,23,73242162,6.0283178974e+02,2.8317897416e+00,100000,max_evaluations,0.365836
gsk,cec2013,20,10,24,74242199,6.0330850448e+02,3.3085044805e+00,100000,max_evaluations,0.392426
gsk,cec2013,20,10,25,75242236,6.0272547654e+02,2.7254765401e+00,100000,max_evaluations,0.365776
gsk,cec2013,20,10,26,76242273,6.0242300993e+02,2.4230099258e+00,100000,max_evaluations,0.366046
gsk,cec2013,20,10,27,77242310,6.0255654640e+02,2.5565464001e+00,100000,max_evaluations,0.394365
gsk,cec2013,20,10,28,78242347,6.0237661742e+02,2.3766174240e+00,100000,max_evaluations,0.373632
gsk,cec2013,20,10,29,79242384,6.0298461982e+02,2.9846198211e+00,100000,max_evaluations,0.358371
gsk,cec2013,20,10,30,80242421,6.0280827793e+02,2.8082779256e+00,100000,max_evaluations,0.373190
gsk,cec2013,20,10,31,81242458,6.0252478548e+02,2.5247854819e+00,100000,max_evaluations,0.355977
gsk,cec2013,20,10,32,82242495,6.0258615411e+02,2.5861541094e+00,100000,max_evaluations,0.386250
gsk,cec2013,20,10,33,83242532,6.0296700126e+02,2.9670012554e+00,100000,max_evaluations,0.383128
gsk,cec2013,20,10,34,84242569,6.0218220128e+02,2.1822012779e+00,100000,max_evaluations,0.356745
gsk,cec2013,20,10,35,85242606,6.0273155364e+02,2.7315536377e+00,100000,max_evaluations,0.399038
gsk,cec2013,20,10,36,86242643,6.0288344284e+02,2.8834428354e+00,100000,max_evaluations,0.365608
gsk,cec2013,20,10,37,87242680,6.0259354864e+02,2.5935486429e+00,100000,max_evaluations,0.360877
gsk,cec2013,20,10,38,88242717,6.0208736745e+02,2.0873674487e+00,100000,max_evaluations,0.389853
gsk,cec2013,20,10,39,89242754,6.0286789675e+02,2.8678967461e+00,100000,max_evaluations,0.360120
gsk,cec2013,20,10,40,90242791,6.0321497963e+02,3.2149796347e+00,100000,max_evaluations,0.365441
gsk,cec2013,20,10,41,91242828,6.0241549967e+02,2.4154996748e+00,100000,max_evaluations,0.356065
gsk,cec2013,20,10,42,92242865,6.0250668552e+02,2.5066855165e+00,100000,max_evaluations,0.356258
gsk,cec2013,20,10,43,93242902,6.0226369579e+02,2.2636957853e+00,100000,max_evaluations,0.359679
gsk,cec2013,20,10,44,94242939,6.0231374285e+02,2.3137428510e+00,100000,max_evaluations,0.369761
gsk,cec2013,20,10,45,95242976,6.0256436956e+02,2.5643695592e+00,100000,max_evaluations,0.368004
gsk,cec2013,20,10,46,96243013,6.0212776161e+02,2.1277616056e+00,100000,max_evaluations,0.334495
gsk,cec2013,20,10,47,97243050,6.0265804065e+02,2.6580406455e+00,100000,max_evaluations,0.304994
gsk,cec2013,20,10,48,98243087,6.0238876383e+02,2.3887638336e+00,100000,max_evaluations,0.288909
gsk,cec2013,20,10,49,99243124,6.0294451895e+02,2.9445189452e+00,100000,max_evaluations,0.325173
gsk,cec2013,20,10,50,100243161,6.0307291656e+02,3.0729165573e+00,100000,max_evaluations,0.304520
gsk,cec2013,20,10,51,101243198,6.0285686831e+02,2.8568683138e+00,100000,max_evaluations,0.314353
gsk,cec2013,21,10,1,52241381,1.1001938672e+03,4.0019386722e+02,100000,max_evaluations,0.637304
gsk,cec2013,21,10,2,53241418,1.1001938672e+03,4.0019386722e+02,100000,max_evaluations,0.663384
gsk,cec2013,21,10,3,54241455,1.1001938672e+03,4.0019386722e+02,100000,max_evaluations,0.595382
gsk,cec2013,21,10,4,55241492,1.1001938672e+03,4.0019386722e+02,100000,max_evaluations,0.655470
gsk,cec2013,21,10,5,56241529,1.1001938672e+03,4.0019386722e+02,100000,max_evaluations,0.726967
gsk,cec2013,21,10,6,57241566,1.1001938672e+03,4.0019386722e+02,100000,max_evaluations,0.639055
gsk,cec2013,21,10,7,58241603,1.1001938672e+03,4.0019386722e+02,100000,max_evaluations,0.499006
gsk,cec2013,21,10,8,59241640,1.1001938672e+03,4.0019386722e+02,100000,max_evaluations,0.715278
gsk,cec2013,21,10,9,60241677,1.1001938672e+03,4.0019386722e+02,100000,max_evaluations,0.614299
gsk,cec2013,21,10,10,61241714,1.1001938672e+03,4.0019386722e+02,100000,max_evaluations,0.677997
gsk,cec2013,21,10,11,62241751,1.1001938672e+03,4.0019386722e+02,100000,max_evaluations,0.651527
gsk,cec2013,21,10,12,63241788,1.1001938672e+03,4.0019386722e+02,100000,max_evaluations,0.629248
gsk,cec2013,21,10,13,64241825,1.1001938672e+03,4.0019386722e+02,100000,max_evaluations,0.615961
gsk,cec2013,21,10,14,65241862,1.1001938672e+03,4.0019386722e+02,100000,max_evaluations,0.599726
gsk,cec2013,21,10,15,66241899,1.1001938672e+03,4.0019386722e+02,100000,max_evaluations,0.634652
gsk,cec2013,21,10,16,67241936,1.1001938672e+03,4.0019386722e+02,100000,max_evaluations,0.500362
gsk,cec2013,21,10,17,68241973,1.1001938672e+03,4.0019386722e+02,100000,max_evaluations,0.515860
gsk,cec2013,21,10,18,69242010,1.1001938672e+03,4.0019386722e+02,100000,max_evaluations,0.491508
gsk,cec2013,21,10,19,70242047,1.1001938672e+03,4.0019386722e+02,100000,max_evaluations,0.494031
gsk,cec2013,21,10,20,71242084,1.1001938672e+03,4.0019386722e+02,100000,max_evaluations,0.486402
gsk,cec2013,21,10,21,72242121,1.1001938672e+03,4.0019386722e+02,100000,max_evaluations,0.493245
gsk,cec2013,21,10,22,73242158,1.1001938672e+03,4.0019386722e+02,100000,max_evaluations,0.513711
gsk,cec2013,21,10,23,74242195,1.1001938672e+03,4.0019386722e+02,100000,max_evaluations,0.503279
gsk,cec2013,21,10,24,75242232,1.1001938672e+03,4.0019386722e+02,100000,max_evaluations,0.511960
gsk,cec2013,21,10,25,76242269,1.1001938672e+03,4.0019386722e+02,100000,max_evaluations,0.514394
gsk,cec2013,21,10,26,77242306,1.1001938672e+03,4.0019386722e+02,100000,max_evaluations,0.508003
gsk,cec2013,21,10,27,78242343,1.1001938672e+03,4.0019386722e+02,100000,max_evaluations,0.525514
gsk,cec2013,21,10,28,79242380,1.1001938672e+03,4.0019386722e+02,100000,max_evaluations,0.496305
gsk,cec2013,21,10,29,80242417,1.1001938672e+03,4.0019386722e+02,100000,max_evaluations,0.497277
gsk,cec2013,21,10,30,81242454,1.1001938672e+03,4.0019386722e+02,100000,max_evaluations,0.507477
gsk,cec2013,21,10,31,82242491,1.1001938672e+03,4.0019386722e+02,100000,max_evaluations,0.507115
gsk,cec2013,21,10,32,83242528,1.1001938672e+03,4.0019386722e+02,100000,max_evaluations,0.482136
gsk,cec2013,21,10,33,84242565,1.1001938672e+03,4.0019386722e+02,100000,max_evaluations,0.519901
gsk,cec2013,21,10,34,85242602,1.1001938672e+03,4.0019386722e+02,100000,max_evaluations,0.476200
gsk,cec2013,21,10,35,86242639,1.1001938672e+03,4.0019386722e+02,100000,max_evaluations,0.507836
gsk,cec2013,21,10,36,87242676,1.1001938672e+03,4.0019386722e+02,100000,max_evaluations,0.542414
gsk,cec2013,21,10,37,88242713,1.1001938672e+03,4.0019386722e+02,100000,max_evaluations,0.523920
gsk,cec2013,21,10,38,89242750,1.1001938672e+03,4.0019386722e+02,100000,max_evaluations,0.492734
gsk,cec2013,21,10,39,90242787,1.1001938672e+03,4.0019386722e+02,100000,max_evaluations,0.498587
gsk,cec2013,21,10,40,91242824,1.1001938672e+03,4.0019386722e+02,100000,max_evaluations,0.528046
gsk,cec2013,21,10,41,92242861,1.1001938672e+03,4.0019386722e+02,100000,max_evaluations,0.491456
gsk,cec2013,21,10,42,93242898,1.1001938672e+03,4.0019386722e+02,100000,max_evaluations,0.491028
gsk,cec2013,21,10,43,94242935,1.1001938672e+03,4.0019386722e+02,100000,max_evaluations,0.516397
gsk,cec2013,21,10,44,95242972,1.1001938672e+03,4.0019386722e+02,100000,max_evaluations,0.483689
gsk,cec2013,21,10,45,96243009,1.1001938672e+03,4.0019386722e+02,100000,max_evaluations,0.493814
gsk,cec2013,21,10,46,97243046,1.1001938672e+03,4.0019386722e+02,100000,max_evaluations,0.451047
gsk,cec2013,21,10,47,98243083,1.1001938672e+03,4.0019386722e+02,100000,max_evaluations,0.450907
gsk,cec2013,21,10,48,99243120,1.1001938672e+03,4.0019386722e+02,100000,max_evaluations,0.461309
gsk,cec2013,21,10,49,100243157,1.1001938672e+03,4.0019386722e+02,100000,max_evaluations,0.441051
gsk,cec2013,21,10,50,101243194,1.1001938672e+03,4.0019386722e+02,100000,max_evaluations,0.438990
gsk,cec2013,21,10,51,102243231,1.1001938672e+03,4.0019386722e+02,100000,max_evaluations,0.444473
gsk,cec2013,22,10,1,53241414,2.4310548150e+03,1.6310548150e+03,100000,max_evaluations,0.585705
gsk,cec2013,22,10,2,54241451,2.2106919512e+03,1.4106919512e+03,100000,max_evaluations,0.562611
gsk,cec2013,22,10,3,55241488,1.8823565153e+03,1.0823565153e+03,100000,max_evaluations,0.576509
gsk,cec2013,22,10,4,56241525,2.1031742083e+03,1.3031742083e+03,100000,max_evaluations,0.581408
gsk,cec2013,22,10,5,57241562,2.1567621147e+03,1.3567621147e+03,100000,max_evaluations,0.554801
gsk,cec2013,22,10,6,58241599,1.9809593392e+03,1.1809593392e+03,100000,max_evaluations,0.545607
gsk,cec2013,22,10,7,59241636,2.1647026055e+03,1.3647026055e+03,100000,max_evaluations,0.617393
gsk,cec2013,22,10,8,60241673,2.1558236458e+03,1.3558236458e+03,100000,max_evaluations,0.613876
gsk,cec2013,22,10,9,61241710,2.0247870515e+03,1.2247870515e+03,100000,max_evaluations,0.534292
gsk,cec2013,22,10,10,62241747,2.0518654976e+03,1.2518654976e+03,100000,max_evaluations,0.569972
gsk,cec2013,22,10,11,63241784,2.1400350529e+03,1.3400350529e+03,100000,max_evaluations,0.584413
gsk,cec2013,22,10,12,64241821,2.1561484201e+03,1.3561484201e+03,100000,max_evaluations,0.577228
gsk,cec2013,22,10,13,65241858,2.1491949234e+03,1.3491949234e+03,100000,max_evaluations,0.481386
gsk,cec2013,22,10,14,66241895,1.9782531444e+03,1.1782531444e+03,100000,max_evaluations,0.512274
gsk,cec2013,22,10,15,67241932,2.2109182536e+03,1.4109182536e+03,100000,max_evaluations,0.584037
gsk,cec2013,22,10,16,68241969,2.1425720031e+03,1.3425720031e+03,100000,max_evaluations,0.509284
gsk,cec2013,22,10,17,69242006,2.1659245875e+03,1.3659245875e+03,100000,max_evaluations,0.522828
gsk,cec2013,22,10,18,70242043,2.0210559727e+03,1.2210559727e+03,100000,max_evaluations,0.506921
gsk,cec2013,22,10,19,71242080,2.0562294804e+03,1.2562294804e+03,100000,max_evaluations,0.528207
gsk,cec2013,22,10,20,72242117,2.1342179486e+03,1.3342179486e+03,100000,max_evaluations,0.520826
gsk,cec2013,22,10,21,73242154,2.2065571769e+03,1.4065571769e+03,100000,max_evaluations,0.517838
gsk,cec2013,22,10,22,74242191,1.9089121470e+03,1.1089121470e+03,100000,max_evaluations,0.534253
gsk,cec2013,22,10,23,75242228,1.8391695796e+03,1.0391695796e+03,100000,max_evaluations,0.508158
gsk,cec2013,22,10,24,76242265,1.4812790407e+03,6.8127904071e+02,100000,max_evaluations,0.506655
gsk,cec2013,22,10,25,77242302,2.1837544825e+03,1.3837544825e+03,100000,max_evaluations,0.528635
gsk,cec2013,22,10,26,78242339,1.5758164926e+03,7.7581649257e+02,100000,max_evaluations,0.516648
gsk,cec2013,22,10,27,79242376,2.0302728176e+03,1.2302728176e+03,100000,max_evaluations,0.508535
gsk,cec2013,22,10,28,80242413,2.2008421420e+03,1.4008421420e+03,100000,max_evaluations,0.510033
gsk,cec2013,22,10,29,81242450,2.0093975027e+03,1.2093975027e+03,100000,max_evaluations,0.531759
gsk,cec2013,22,10,30,82242487,2.0092913280e+03,1.2092913280e+03,100000,max_evaluations,0.529077
gsk,cec2013,22,10,31,83242524,1.7749599475e+03,9.7495994751e+02,100000,max_evaluations,0.509809
gsk,cec2013,22,10,32,84242561,1.8171917072e+03,1.0171917072e+03,100000,max_evaluations,0.476633
gsk,cec2013,22,10,33,85242598,2.1733300680e+03,1.3733300680e+03,100000,max_evaluations,0.533838
gsk,cec2013,22,10,34,86242635,1.5943675232e+03,7.9436752321e+02,100000,max_evaluations,0.538050
gsk,cec2013,22,10,35,87242672,1.8831738189e+03,1.0831738189e+03,100000,max_evaluations,0.509686
gsk,cec2013,22,10,36,88242709,2.2391746878e+03,1.4391746878e+03,100000,max_evaluations,0.545212
gsk,cec2013,22,10,37,89242746,2.1340100088e+03,1.3340100088e+03,100000,max_evaluations,0.535001
gsk,cec2013,22,10,38,90242783,1.9604293072e+03,1.1604293072e+03,100000,max_evaluations,0.490274
gsk,cec2013,22,10,39,91242820,2.1242095035e+03,1.3242095035e+03,100000,max_evaluations,0.502931
gsk,cec2013,22,10,40,92242857,1.9466279114e+03,1.1466279114e+03,100000,max_evaluations,0.519341
gsk,cec2013,22,10,41,93242894,2.1395547423e+03,1.3395547423e+03,100000,max_evaluations,0.500897
gsk,cec2013,22,10,42,94242931,2.3001940223e+03,1.5001940223e+03,100000,max_evaluations,0.531532
gsk,cec2013,22,10,43,95242968,2.1528300737e+03,1.3528300737e+03,100000,max_evaluations,0.498231
gsk,cec2013,22,10,44,96243005,2.2605827105e+03,1.4605827105e+03,100000,max_evaluations,0.525074
gsk,cec2013,22,10,45,97243042,1.9318559736e+03,1.1318559736e+03,100000,max_evaluations,0.530555
gsk,cec2013,22,10,46,98243079,1.8611717616e+03,1.0611717616e+03,100000,max_evaluations,0.461971
gsk,cec2013,22,10,47,99243116,2.0637690957e+03,1.2637690957e+03,100000,max_evaluations,0.462121
gsk,cec2013,22,10,48,100243153,2.1293855513e+03,1.3293855513e+03,100000,max_evaluations,0.496703
gsk,cec2013,22,10,49,101243190,2.2914943508e+03,1.4914943508e+03,100000,max_evaluations,0.432711
gsk,cec2013,22,10,50,102243227,2.0823622131e+03,1.2823622131e+03,100000,max_evaluations,0.434677
gsk,cec2013,22,10,51,103243264,1.7623444351e+03,9.6234443513e+02,100000,max_evaluations,0.465504
gsk,cec2013,23,10,1,54241447,2.4111009944e+03,1.5111009944e+03,100000,max_evaluations,0.649476
gsk,cec2013,23,10,2,55241484,1.7312186625e+03,8.3121866248e+02,100000,max_evaluations,0.655655
gsk,cec2013,23,10,3,56241521,2.1923056320e+03,1.2923056320e+03,100000,max_evaluations,0.638931
gsk,cec2013,23,10,4,57241558,2.4164733599e+03,1.5164733599e+03,100000,max_evaluations,0.611914
gsk,cec2013,23,10,5,58241595,2.2435883616e+03,1.3435883616e+03,100000,max_evaluations,0.675682
gsk,cec2013,23,10,6,59241632,2.1906971020e+03,1.2906971020e+03,100000,max_evaluations,0.656310
gsk,cec2013,23,10,7,60241669,2.1000064676e+03,1.2000064676e+03,100000,max_evaluations,0.644661
gsk,cec2013,23,10,8,61241706,2.2864043636e+03,1.3864043636e+03,100000,max_evaluations,0.702426
gsk,cec2013,23,10,9,62241743,2.4654401275e+03,1.5654401275e+03,100000,max_evaluations,0.689112
gsk,cec2013,23,10,10,63241780,2.3010746767e+03,1.4010746767e+03,100000,max_evaluations,0.629510
gsk,cec2013,23,10,11,64241817,2.2105311740e+03,1.3105311740e+03,100000,max_evaluations,0.633354
gsk,cec2013,23,10,12,65241854,2.0630146592e+03,1.1630146592e+03,100000,max_evaluations,0.703967
gsk,cec2013,23,10,13,66241891,2.0955927869e+03,1.1955927869e+03,100000,max_evaluations,0.628572
gsk,cec2013,23,10,14,67241928,2.4744184642e+03,1.5744184642e+03,100000,max_evaluations,0.703790
gsk,cec2013,23,10,15,68241965,2.2130031801e+03,1.3130031801e+03,100000,max_evaluations,0.675049
gsk,cec2013,23,10,16,69242002,2.1823000095e+03,1.2823000095e+03,100000,max_evaluations,0.612049
gsk,cec2013,23,10,17,70242039,2.2633724988e+03,1.3633724988e+03,100000,max_evaluations,0.622480
gsk,cec2013,23,10,18,71242076,2.0728488068e+03,1.1728488068e+03,100000,max_evaluations,0.586635
gsk,cec2013,23,10,19,72242113,2.3569051339e+03,1.4569051339e+03,100000,max_evaluations,0.596603
gsk,cec2013,23,10,20,73242150,2.3983743365e+03,1.4983743365e+03,100000,max_evaluations,0.544400
gsk,cec2013,23,10,21,74242187,2.3646636554e+03,1.4646636554e+03,100000,max_evaluations,0.580585
gsk,cec2013,23,10,22,75242224,2.2220054045e+03,1.3220054045e+03,100000,max_evaluations,0.537551
gsk,cec2013,23,10,23,76242261,2.2524352865e+03,1.3524352865e+03,100000,max_evaluations,0.574586
gsk,cec2013,23,10,24,77242298,2.3968754721e+03,1.4968754721e+03,100000,max_evaluations,0.562943
gsk,cec2013,23,10,25,78242335,2.2909675600e+03,1.3909675600e+03,100000,max_evaluations,0.573067
gsk,cec2013,23,10,26,79242372,2.3708913372e+03,1.4708913372e+03,100000,max_evaluations,0.604283
gsk,cec2013,23,10,27,80242409,2.2643026648e+03,1.3643026648e+03,100000,max_evaluations,0.574482
gsk,cec2013,23,10,28,81242446,2.2134491663e+03,1.3134491663e+03,100000,max_evaluations,0.566388
gsk,cec2013,23,10,29,82242483,2.1982733129e+03,1.2982733129e+03,100000,max_evaluations,0.554286
gsk,cec2013,23,10,30,83242520,2.2342515143e+03,1.3342515143e+03,100000,max_evaluations,0.562456
gsk,cec2013,23,10,31,84242557,2.3596987420e+03,1.4596987420e+03,100000,max_evaluations,0.567774
gsk,cec2013,23,10,32,85242594,2.3930264403e+03,1.4930264403e+03,100000,max_evaluations,0.549865
gsk,cec2013,23,10,33,86242631,2.0552258609e+03,1.1552258609e+03,100000,max_evaluations,0.609020
gsk,cec2013,23,10,34,87242668,2.2597996307e+03,1.3597996307e+03,100000,max_evaluations,0.594160
gsk,cec2013,23,10,35,88242705,2.3790963641e+03,1.4790963641e+03,100000,max_evaluations,0.535105
gsk,cec2013,23,10,36,89242742,2.1108053924e+03,1.2108053924e+03,100000,max_evaluations,0.601830
gsk,cec2013,23,10,37,90242779,2.5089178297e+03,1.6089178297e+03,100000,max_evaluations,0.596329
gsk,cec2013,23,10,38,91242816,2.3690537848e+03,1.4690537848e+03,100000,max_evaluations,0.564426
gsk,cec2013,23,10,39,92242853,2.4172514321e+03,1.5172514321e+03,100000,max_evaluations,0.574744
gsk,cec2013,23,10,40,93242890,2.5341214839e+03,1.6341214839e+03,100000,max_evaluations,0.556062
gsk,cec2013,23,10,41,94242927,2.1397407531e+03,1.2397407531e+03,100000,max_evaluations,0.564561
gsk,cec2013,23,10,42,95242964,2.1405804750e+03,1.2405804750e+03,100000,max_evaluations,0.557632
gsk,cec2013,23,10,43,96243001,2.3783522933e+03,1.4783522933e+03,100000,max_evaluations,0.597663
gsk,cec2013,23,10,44,97243038,2.1149416725e+03,1.2149416725e+03,100000,max_evaluations,0.550434
gsk,cec2013,23,10,45,98243075,2.2486704580e+03,1.3486704580e+03,100000,max_evaluations,0.603973
gsk,cec2013,23,10,46,99243112,2.4032054531e+03,1.5032054531e+03,100000,max_evaluations,0.504107
gsk,cec2013,23,10,47,100243149,2.3676646698e+03,1.4676646698e+03,100000,max_evaluations,0.502648
gsk,cec2013,23,10,48,101243186,2.4541850905e+03,1.5541850905e+03,100000,max_evaluations,0.538209
gsk,cec2013,23,10,49,102243223,2.3557028857e+03,1.4557028857e+03,100000,max_evaluations,0.472476
gsk,cec2013,23,10,50,103243260,2.2895291593e+03,1.3895291593e+03,100000,max_evaluations,0.474287
gsk,cec2013,23,10,51,104243297,2.3186900112e+03,1.4186900112e+03,100000,max_evaluations,0.497920
gsk,cec2013,24,10,1,55241480,1.2067949850e+03,2.0679498498e+02,100000,max_evaluations,1.049761
gsk,cec2013,24,10,2,56241517,1.2067893085e+03,2.0678930849e+02,100000,max_evaluations,1.031244
gsk,cec2013,24,10,3,57241554,1.2070291618e+03,2.0702916176e+02,100000,max_evaluations,1.025217
gsk,cec2013,24,10,4,58241591,1.2068812028e+03,2.0688120276e+02,100000,max_evaluations,0.981298
gsk,cec2013,24,10,5,59241628,1.2000047179e+03,2.0000471786e+02,100000,max_evaluations,0.966679
gsk,cec2013,24,10,6,60241665,1.2070836256e+03,2.0708362560e+02,100000,max_evaluations,1.010128
gsk,cec2013,24,10,7,61241702,1.2073300551e+03,2.0733005512e+02,100000,max_evaluations,1.015084
gsk,cec2013,24,10,8,62241739,1.2000001859e+03,2.0000018588e+02,100000,max_evaluations,1.015662
gsk,cec2013,24,10,9,63241776,1.2000000896e+03,2.0000008956e+02,100000,max_evaluations,1.068183
gsk,cec2013,24,10,10,64241813,1.2069051306e+03,2.0690513059e+02,100000,max_evaluations,0.979978
gsk,cec2013,24,10,11,65241850,1.2102139785e+03,2.1021397854e+02,100000,max_evaluations,1.017500
gsk,cec2013,24,10,12,66241887,1.2039762674e+03,2.0397626735e+02,100000,max_evaluations,1.079625
gsk,cec2013,24,10,13,67241924,1.2000000048e+03,2.0000000477e+02,100000,max_evaluations,0.900477
gsk,cec2013,24,10,14,68241961,1.2068799530e+03,2.0687995300e+02,100000,max_evaluations,1.034663
gsk,cec2013,24,10,15,69241998,1.2065561430e+03,2.0655614299e+02,100000,max_evaluations,0.968816
gsk,cec2013,24,10,16,70242035,1.2118091749e+03,2.1180917488e+02,100000,max_evaluations,0.981071
gsk,cec2013,24,10,17,71242072,1.2068818804e+03,2.0688188036e+02,100000,max_evaluations,1.075693
gsk,cec2013,24,10,18,72242109,1.2066831271e+03,2.0668312706e+02,100000,max_evaluations,1.057357
gsk,cec2013,24,10,19,73242146,1.2000082527e+03,2.0000825265e+02,100000,max_evaluations,0.984990
gsk,cec2013,24,10,20,74242183,1.2068822252e+03,2.0688222524e+02,100000,max_evaluations,0.996407
gsk,cec2013,24,10,21,75242220,1.2059554066e+03,2.0595540665e+02,100000,max_evaluations,1.042821
gsk,cec2013,24,10,22,76242257,1.2100111069e+03,2.1001110693e+02,100000,max_evaluations,1.036773
gsk,cec2013,24,10,23,77242294,1.2062950046e+03,2.0629500464e+02,100000,max_evaluations,0.957984
gsk,cec2013,24,10,24,78242331,1.2067893013e+03,2.0678930132e+02,100000,max_evaluations,0.935511
gsk,cec2013,24,10,25,79242368,1.2067830335e+03,2.0678303347e+02,100000,max_evaluations,0.945192
gsk,cec2013,24,10,26,80242405,1.2000001016e+03,2.0000010160e+02,100000,max_evaluations,0.958349
gsk,cec2013,24,10,27,81242442,1.2000000575e+03,2.0000005748e+02,100000,max_evaluations,0.991533
gsk,cec2013,24,10,28,82242479,1.2000001340e+03,2.0000013404e+02,100000,max_evaluations,0.937257
gsk,cec2013,24,10,29,83242516,1.2065581066e+03,2.0655810656e+02,100000,max_evaluations,0.975922
gsk,cec2013,24,10,30,84242553,1.2000001494e+03,2.0000014936e+02,100000,max_evaluations,1.018734
gsk,cec2013,24,10,31,85242590,1.2071582313e+03,2.0715823129e+02,100000,max_evaluations,1.004131
gsk,cec2013,24,10,32,86242627,1.2120371599e+03,2.1203715993e+02,100000,max_evaluations,0.996057
gsk,cec2013,24,10,33,87242664,1.2070845427e+03,2.0708454275e+02,100000,max_evaluations,1.160931
gsk,cec2013,24,10,34,88242701,1.2000000975e+03,2.0000009746e+02,100000,max_evaluations,0.956788
gsk,cec2013,24,10,35,89242738,1.2067179015e+03,2.0671790147e+02,100000,max_evaluations,0.988359
gsk,cec2013,24,10,36,90242775,1.2108689258e+03,2.1086892576e+02,100000,max_evaluations,1.063276
gsk,cec2013,24,10,37,91242812,1.2065605928e+03,2.0656059281e+02,100000,max_evaluations,1.016551
gsk,cec2013,24,10,38,92242849,1.2117507548e+03,2.1175075478e+02,100000,max_evaluations,1.009635
gsk,cec2013,24,10,39,93242886,1.2065556759e+03,2.0655567587e+02,100000,max_evaluations,0.966791
gsk,cec2013,24,10,40,94242923,1.2062943203e+03,2.0629432031e+02,100000,max_evaluations,1.024274
gsk,cec2013,24,10,41,95242960,1.2000211206e+03,2.0002112064e+02,100000,max_evaluations,1.108398
gsk,cec2013,24,10,42,96242997,1.2000001727e+03,2.0000017270e+02,100000,max_evaluations,1.021615
gsk,cec2013,24,10,43,97243034,1.2000500598e+03,2.0005005981e+02,100000,max_evaluations,1.053039
gsk,cec2013,24,10,44,98243071,1.2100795945e+03,2.1007959452e+02,100000,max_evaluations,0.956785
gsk,cec2013,24,10,45,99243108,1.2062946813e+03,2.0629468128e+02,100000,max_evaluations,0.989701
gsk,cec2013,24,10,46,100243145,1.2065474410e+03,2.0654744098e+02,100000,max_evaluations,0.888766
gsk,cec2013,24,10,47,101243182,1.2000001585e+03,2.0000015846e+02,100000,max_evaluations,0.820602
gsk,cec2013,24,10,48,102243219,1.2000000468e+03,2.0000004679e+02,100000,max_evaluations,0.889893
gsk,cec2013,24,10,49,103243256,1.2068960267e+03,2.0689602670e+02,100000,max_evaluations,0.822734
gsk,cec2013,24,10,50,104243293,1.2107964461e+03,2.1079644612e+02,100000,max_evaluations,0.864512
gsk,cec2013,24,10,51,105243330,1.2068346192e+03,2.0683461920e+02,100000,max_evaluations,0.897280
gsk,cec2013,25,10,1,56241513,1.3045400900e+03,2.0454009000e+02,100000,max_evaluations,1.008711
gsk,cec2013,25,10,2,57241550,1.3045400900e+03,2.0454008999e+02,100000,max_evaluations,1.091510
gsk,cec2013,25,10,3,58241587,1.3045400899e+03,2.0454008987e+02,100000,max_evaluations,1.001204
gsk,cec2013,25,10,4,59241624,1.3045400925e+03,2.0454009251e+02,100000,max_evaluations,1.028833
gsk,cec2013,25,10,5,60241661,1.3045400899e+03,2.0454008987e+02,100000,max_evaluations,1.041679
gsk,cec2013,25,10,6,61241698,1.3045400899e+03,2.0454008987e+02,100000,max_evaluations,0.989828
gsk,cec2013,25,10,7,62241735,1.3045400899e+03,2.0454008987e+02,100000,max_evaluations,0.960386
gsk,cec2013,25,10,8,63241772,1.3045400899e+03,2.0454008987e+02,100000,max_evaluations,1.102898
gsk,cec2013,25,10,9,64241809,1.3000326305e+03,2.0003263054e+02,100000,max_evaluations,1.013593
gsk,cec2013,25,10,10,65241846,1.3000068328e+03,2.0000683280e+02,100000,max_evaluations,1.073238
gsk,cec2013,25,10,11,66241883,1.3045400899e+03,2.0454008987e+02,100000,max_evaluations,1.045914
gsk,cec2013,25,10,12,67241920,1.3045400899e+03,2.0454008987e+02,100000,max_evaluations,1.053320
gsk,cec2013,25,10,13,68241957,1.3062467863e+03,2.0624678634e+02,100000,max_evaluations,1.113190
gsk,cec2013,25,10,14,69241994,1.3061044030e+03,2.0610440304e+02,100000,max_evaluations,1.102715
gsk,cec2013,25,10,15,70242031,1.3045401392e+03,2.0454013920e+02,100000,max_evaluations,1.050541
gsk,cec2013,25,10,16,71242068,1.3045400899e+03,2.0454008987e+02,100000,max_evaluations,1.106922
gsk,cec2013,25,10,17,72242105,1.3061044030e+03,2.0610440303e+02,100000,max_evaluations,1.058515
gsk,cec2013,25,10,18,73242142,1.3000057868e+03,2.0000578676e+02,100000,max_evaluations,1.076047
gsk,cec2013,25,10,19,74242179,1.3166619598e+03,2.1666195979e+02,100000,max_evaluations,1.115948
gsk,cec2013,25,10,20,75242216,1.3061045899e+03,2.0610458992e+02,100000,max_evaluations,1.001955
gsk,cec2013,25,10,21,76242253,1.3045400899e+03,2.0454008987e+02,100000,max_evaluations,0.954104
gsk,cec2013,25,10,22,77242290,1.3045400899e+03,2.0454008987e+02,100000,max_evaluations,1.008589
gsk,cec2013,25,10,23,78242327,1.3045400899e+03,2.0454008987e+02,100000,max_evaluations,0.969471
gsk,cec2013,25,10,24,79242364,1.3045400899e+03,2.0454008989e+02,100000,max_evaluations,0.988420
gsk,cec2013,25,10,25,80242401,1.3000069623e+03,2.0000696226e+02,100000,max_evaluations,1.024720
gsk,cec2013,25,10,26,81242438,1.3045400899e+03,2.0454008987e+02,100000,max_evaluations,0.984074
gsk,cec2013,25,10,27,82242475,1.3000011318e+03,2.0000113180e+02,100000,max_evaluations,0.947391
gsk,cec2013,25,10,28,83242512,1.3000015973e+03,2.0000159730e+02,100000,max_evaluations,0.989367
gsk,cec2013,25,10,29,84242549,1.3067649996e+03,2.0676499959e+02,100000,max_evaluations,0.996499
gsk,cec2013,25,10,30,85242586,1.3045400899e+03,2.0454008987e+02,100000,max_evaluations,0.937497
gsk,cec2013,25,10,31,86242623,1.3046104726e+03,2.0461047260e+02,100000,max_evaluations,1.047542
gsk,cec2013,25,10,32,87242660,1.3061059643e+03,2.0610596428e+02,100000,max_evaluations,1.128952
gsk,cec2013,25,10,33,88242697,1.3045408699e+03,2.0454086988e+02,100000,max_evaluations,1.032402
gsk,cec2013,25,10,34,89242734,1.3000001935e+03,2.0000019349e+02,100000,max_evaluations,1.018996
gsk,cec2013,25,10,35,90242771,1.3000003051e+03,2.0000030508e+02,100000,max_evaluations,1.066556
gsk,cec2013,25,10,36,91242808,1.3000019982e+03,2.0000199821e+02,100000,max_evaluations,1.009713
gsk,cec2013,25,10,37,92242845,1.3045400899e+03,2.0454008987e+02,100000,max_evaluations,1.073454
gsk,cec2013,25,10,38,93242882,1.3045401760e+03,2.0454017600e+02,100000,max_evaluations,1.086629
gsk,cec2013,25,10,39,94242919,1.3067680250e+03,2.0676802498e+02,100000,max_evaluations,1.051264
gsk,cec2013,25,10,40,95242956,1.2874353779e+03,1.8743537793e+02,100000,max_evaluations,1.154367
gsk,cec2013,25,10,41,96242993,1.3045400899e+03,2.0454008987e+02,100000,max_evaluations,1.049332
gsk,cec2013,25,10,42,97243030,1.3045400899e+03,2.0454008987e+02,100000,max_evaluations,1.004113
gsk,cec2013,25,10,43,98243067,1.3045400899e+03,2.0454008988e+02,100000,max_evaluations,0.994548
gsk,cec2013,25,10,44,99243104,1.3045400899e+03,2.0454008987e+02,100000,max_evaluations,0.982200
gsk,cec2013,25,10,45,100243141,1.3045400899e+03,2.0454008987e+02,100000,max_evaluations,1.118795
gsk,cec2013,25,10,46,101243178,1.3063207875e+03,2.0632078748e+02,100000,max_evaluations,0.873142
gsk,cec2013,25,10,47,102243215,1.3061044085e+03,2.0610440851e+02,100000,max_evaluations,0.820602
gsk,cec2013,25,10,48,103243252,1.3061066641e+03,2.0610666407e+02,100000,max_evaluations,0.890200
gsk,cec2013,25,10,49,104243289,1.3061164144e+03,2.0611641438e+02,100000,max_evaluations,1.059107
gsk,cec2013,25,10,50,105243326,1.3061044241e+03,2.0610442408e+02,100000,max_evaluations,0.971603
gsk,cec2013,25,10,51,106243363,1.3045400899e+03,2.0454008987e+02,100000,max_evaluations,0.943322
gsk,cec2013,26,10,1,57241546,1.3263435123e+03,1.2634351228e+02,100000,max_evaluations,1.258831
gsk,cec2013,26,10,2,58241583,1.3835326395e+03,1.8353263952e+02,100000,max_evaluations,1.152923
gsk,cec2013,26,10,3,59241620,1.3680365003e+03,1.6803650027e+02,100000,max_evaluations,1.098279
gsk,cec2013,26,10,4,60241657,1.3193315813e+03,1.1933158126e+02,100000,max_evaluations,1.130139
gsk,cec2013,26,10,5,61241694,1.3963635418e+03,1.9636354180e+02,100000,max_evaluations,1.149016
gsk,cec2013,26,10,6,62241731,1.3219224442e+03,1.2192244422e+02,100000,max_evaluations,1.180270
gsk,cec2013,26,10,7,63241768,1.3208301003e+03,1.2083010028e+02,100000,max_evaluations,1.162284
gsk,cec2013,26,10,8,64241805,1.3948837616e+03,1.9488376161e+02,100000,max_evaluations,1.137567
gsk,cec2013,26,10,9,65241842,1.3282870577e+03,1.2828705771e+02,100000,max_evaluations,1.194457
gsk,cec2013,26,10,10,66241879,1.3294865602e+03,1.2948656015e+02,100000,max_evaluations,1.223860
gsk,cec2013,26,10,11,67241916,1.3883200342e+03,1.8832003419e+02,100000,max_evaluations,1.192792
gsk,cec2013,26,10,12,68241953,1.3722245307e+03,1.7222453071e+02,100000,max_evaluations,1.118235
gsk,cec2013,26,10,13,69241990,1.4000173852e+03,2.0001738523e+02,100000,max_evaluations,1.119565
gsk,cec2013,26,10,14,70242027,1.3542577699e+03,1.5425776990e+02,100000,max_evaluations,1.171808
gsk,cec2013,26,10,15,71242064,1.4000173852e+03,2.0001738523e+02,100000,max_evaluations,1.228142
gsk,cec2013,26,10,16,72242101,1.3304122148e+03,1.3041221483e+02,100000,max_evaluations,1.201732
gsk,cec2013,26,10,17,73242138,1.4000173852e+03,2.0001738523e+02,100000,max_evaluations,1.103772
gsk,cec2013,26,10,18,74242175,1.3278746390e+03,1.2787463901e+02,100000,max_evaluations,1.165129
gsk,cec2013,26,10,19,75242212,1.4000173852e+03,2.0001738523e+02,100000,max_evaluations,1.260711
gsk,cec2013,26,10,20,76242249,1.3939399269e+03,1.9393992691e+02,100000,max_evaluations,1.326156
gsk,cec2013,26,10,21,77242286,1.4000173852e+03,2.0001738523e+02,100000,max_evaluations,1.142788
gsk,cec2013,26,10,22,78242323,1.3245840686e+03,1.2458406861e+02,100000,max_evaluations,1.191878
gsk,cec2013,26,10,23,79242360,1.4000173852e+03,2.0001738523e+02,100000,max_evaluations,1.165000
gsk,cec2013,26,10,24,80242397,1.3189365763e+03,1.1893657634e+02,100000,max_evaluations,1.131373
gsk,cec2013,26,10,25,81242434,1.3822654352e+03,1.8226543524e+02,100000,max_evaluations,1.210513
gsk,cec2013,26,10,26,82242471,1.4000173852e+03,2.0001738523e+02,100000,max_evaluations,1.119919
gsk,cec2013,26,10,27,83242508,1.3258886122e+03,1.2588861218e+02,100000,max_evaluations,1.266831
gsk,cec2013,26,10,28,84242545,1.3250777799e+03,1.2507777987e+02,100000,max_evaluations,1.181762
gsk,cec2013,26,10,29,85242582,1.3232925298e+03,1.2329252980e+02,100000,max_evaluations,1.328236
gsk,cec2013,26,10,30,86242619,1.3285894098e+03,1.2858940977e+02,100000,max_evaluations,1.226839
gsk,cec2013,26,10,31,87242656,1.3307456954e+03,1.3074569538e+02,100000,max_evaluations,1.238397
gsk,cec2013,26,10,32,88242693,1.4000173852e+03,2.0001738523e+02,100000,max_evaluations,1.167826
gsk,cec2013,26,10,33,89242730,1.3258430774e+03,1.2584307740e+02,100000,max_evaluations,1.186531
gsk,cec2013,26,10,34,90242767,1.4000173852e+03,2.0001738523e+02,100000,max_evaluations,1.249921
gsk,cec2013,26,10,35,91242804,1.3558082449e+03,1.5580824490e+02,100000,max_evaluations,1.200598
gsk,cec2013,26,10,36,92242841,1.4000173852e+03,2.0001738523e+02,100000,max_evaluations,1.249317
gsk,cec2013,26,10,37,93242878,1.4000173852e+03,2.0001738523e+02,100000,max_evaluations,1.172638
gsk,cec2013,26,10,38,94242915,1.3645019431e+03,1.6450194313e+02,100000,max_evaluations,1.241689
gsk,cec2013,26,10,39,95242952,1.3926737468e+03,1.9267374679e+02,100000,max_evaluations,1.238899
gsk,cec2013,26,10,40,96242989,1.3905362233e+03,1.9053622332e+02,100000,max_evaluations,1.168574
gsk,cec2013,26,10,41,97243026,1.3258014740e+03,1.2580147402e+02,100000,max_evaluations,1.205781
gsk,cec2013,26,10,42,98243063,1.3822310371e+03,1.8223103707e+02,100000,max_evaluations,1.297028
gsk,cec2013,26,10,43,99243100,1.4000173852e+03,2.0001738523e+02,100000,max_evaluations,1.300764
gsk,cec2013,26,10,44,100243137,1.3271968120e+03,1.2719681197e+02,100000,max_evaluations,1.176928
gsk,cec2013,26,10,45,101243174,1.3251647416e+03,1.2516474164e+02,100000,max_evaluations,1.256550
gsk,cec2013,26,10,46,102243211,1.3992288000e+03,1.9922879999e+02,100000,max_evaluations,1.004145
gsk,cec2013,26,10,47,103243248,1.3249638861e+03,1.2496388613e+02,100000,max_evaluations,1.055045
gsk,cec2013,26,10,48,104243285,1.4000173852e+03,2.0001738523e+02,100000,max_evaluations,0.957389
gsk,cec2013,26,10,49,105243322,1.4000173852e+03,2.0001738523e+02,100000,max_evaluations,0.946677
gsk,cec2013,26,10,50,106243359,1.3229068650e+03,1.2290686504e+02,100000,max_evaluations,0.996597
gsk,cec2013,26,10,51,107243396,1.3158734519e+03,1.1587345195e+02,100000,max_evaluations,0.990504
gsk,cec2013,27,10,1,58241579,1.7820747143e+03,4.8207471432e+02,100000,max_evaluations,1.208029
gsk,cec2013,27,10,2,59241616,1.6000000003e+03,3.0000000026e+02,100000,max_evaluations,1.055023
gsk,cec2013,27,10,3,60241653,1.6000000006e+03,3.0000000056e+02,100000,max_evaluations,1.062567
gsk,cec2013,27,10,4,61241690,1.8124934902e+03,5.1249349022e+02,100000,max_evaluations,1.190415
gsk,cec2013,27,10,5,62241727,1.6000000024e+03,3.0000000237e+02,100000,max_evaluations,1.134589
gsk,cec2013,27,10,6,63241764,1.6000000001e+03,3.0000000013e+02,100000,max_evaluations,1.100173
gsk,cec2013,27,10,7,64241801,1.6000000629e+03,3.0000006294e+02,100000,max_evaluations,1.043652
gsk,cec2013,27,10,8,65241838,1.6000000000e+03,3.0000000000e+02,100000,max_evaluations,1.084823
gsk,cec2013,27,10,9,66241875,1.6000000133e+03,3.0000001326e+02,100000,max_evaluations,1.154714
gsk,cec2013,27,10,10,67241912,1.6000000004e+03,3.0000000041e+02,100000,max_evaluations,1.114503
gsk,cec2013,27,10,11,68241949,1.6000000047e+03,3.0000000467e+02,100000,max_evaluations,1.135005
gsk,cec2013,27,10,12,69241986,1.7740594170e+03,4.7405941699e+02,100000,max_evaluations,1.225500
gsk,cec2013,27,10,13,70242023,1.7820568036e+03,4.8205680363e+02,100000,max_evaluations,1.267615
gsk,cec2013,27,10,14,71242060,1.7739351354e+03,4.7393513545e+02,100000,max_evaluations,1.137525
gsk,cec2013,27,10,15,72242097,1.6000000660e+03,3.0000006602e+02,100000,max_evaluations,1.153501
gsk,cec2013,27,10,16,73242134,1.7820683109e+03,4.8206831087e+02,100000,max_evaluations,1.191249
gsk,cec2013,27,10,17,74242171,1.6000000000e+03,3.0000000000e+02,100000,max_evaluations,1.083674
gsk,cec2013,27,10,18,75242208,1.6000000000e+03,3.0000000000e+02,100000,max_evaluations,1.098608
gsk,cec2013,27,10,19,76242245,1.6000000001e+03,3.0000000007e+02,100000,max_evaluations,1.192857
gsk,cec2013,27,10,20,77242282,1.7838629489e+03,4.8386294889e+02,100000,max_evaluations,1.291842
gsk,cec2013,27,10,21,78242319,1.6000000002e+03,3.0000000022e+02,100000,max_evaluations,1.144879
gsk,cec2013,27,10,22,79242356,1.8104632826e+03,5.1046328255e+02,100000,max_evaluations,1.183346
gsk,cec2013,27,10,23,80242393,1.7838945556e+03,4.8389455563e+02,100000,max_evaluations,1.290925
gsk,cec2013,27,10,24,81242430,1.6000000000e+03,3.0000000000e+02,100000,max_evaluations,1.049089
gsk,cec2013,27,10,25,82242467,1.6000000011e+03,3.0000000114e+02,100000,max_evaluations,1.185401
gsk,cec2013,27,10,26,83242504,1.6000000585e+03,3.0000005853e+02,100000,max_evaluations,1.100578
gsk,cec2013,27,10,27,84242541,1.8097860845e+03,5.0978608451e+02,100000,max_evaluations,1.256529
gsk,cec2013,27,10,28,85242578,1.6000000000e+03,3.0000000000e+02,100000,max_evaluations,1.029038
gsk,cec2013,27,10,29,86242615,1.6000006430e+03,3.0000064299e+02,100000,max_evaluations,1.101429
gsk,cec2013,27,10,30,87242652,1.6000000002e+03,3.0000000018e+02,100000,max_evaluations,1.056818
gsk,cec2013,27,10,31,88242689,1.6000000000e+03,3.0000000002e+02,100000,max_evaluations,1.116645
gsk,cec2013,27,10,32,89242726,1.6000000000e+03,3.0000000000e+02,100000,max_evaluations,1.121068
gsk,cec2013,27,10,33,90242763,1.6000000000e+03,3.0000000002e+02,100000,max_evaluations,1.074501
gsk,cec2013,27,10,34,91242800,1.6000000000e+03,3.0000000000e+02,100000,max_evaluations,1.085858
gsk,cec2013,27,10,35,92242837,1.6000000000e+03,3.0000000000e+02,100000,max_evaluations,1.135025
gsk,cec2013,27,10,36,93242874,1.6000000000e+03,3.0000000001e+02,100000,max_evaluations,1.047804
gsk,cec2013,27,10,37,94242911,1.6000000000e+03,3.0000000000e+02,100000,max_evaluations,1.090616
gsk,cec2013,27,10,38,95242948,1.7800778292e+03,4.8007782921e+02,100000,max_evaluations,1.158377
gsk,cec2013,27,10,39,96242985,1.6000001038e+03,3.0000010384e+02,100000,max_evaluations,1.109109
gsk,cec2013,27,10,40,97243022,1.7815968446e+03,4.8159684455e+02,100000,max_evaluations,1.110523
gsk,cec2013,27,10,41,98243059,1.7815968339e+03,4.8159683390e+02,100000,max_evaluations,1.104018
gsk,cec2013,27,10,42,99243096,1.6000000011e+03,3.0000000112e+02,100000,max_evaluations,1.133127
gsk,cec2013,27,10,43,100243133,1.6000000029e+03,3.0000000293e+02,100000,max_evaluations,1.138820
gsk,cec2013,27,10,44,101243170,1.6000001888e+03,3.0000018883e+02,100000,max_evaluations,1.179060
gsk,cec2013,27,10,45,102243207,1.6000009433e+03,3.0000094330e+02,100000,max_evaluations,1.147637
gsk,cec2013,27,10,46,103243244,1.7814524727e+03,4.8145247270e+02,100000,max_evaluations,0.939911
gsk,cec2013,27,10,47,104243281,1.6000000000e+03,3.0000000002e+02,100000,max_evaluations,0.936211
gsk,cec2013,27,10,48,105243318,1.6000000001e+03,3.0000000007e+02,100000,max_evaluations,1.010605
gsk,cec2013,27,10,49,106243355,1.6000000228e+03,3.0000002283e+02,100000,max_evaluations,0.988938
gsk,cec2013,27,10,50,107243392,1.6000000010e+03,3.0000000101e+02,100000,max_evaluations,0.991814
gsk,cec2013,27,10,51,108243429,1.6000005287e+03,3.0000052871e+02,100000,max_evaluations,1.001892
gsk,cec2013,28,10,1,59241612,1.7000000000e+03,3.0000000000e+02,100000,max_evaluations,0.730140
gsk,cec2013,28,10,2,60241649,1.7000000000e+03,3.0000000000e+02,100000,max_evaluations,0.708098
gsk,cec2013,28,10,3,61241686,1.7000000000e+03,3.0000000000e+02,100000,max_evaluations,0.713489
gsk,cec2013,28,10,4,62241723,1.7000000000e+03,3.0000000000e+02,100000,max_evaluations,0.695761
gsk,cec2013,28,10,5,63241760,1.7000000000e+03,3.0000000000e+02,100000,max_evaluations,0.668587
gsk,cec2013,28,10,6,64241797,1.7000000000e+03,3.0000000000e+02,100000,max_evaluations,0.768024
gsk,cec2013,28,10,7,65241834,1.7000000000e+03,3.0000000000e+02,100000,max_evaluations,0.765372
gsk,cec2013,28,10,8,66241871,1.7000000000e+03,3.0000000000e+02,100000,max_evaluations,0.575638
gsk,cec2013,28,10,9,67241908,1.7000000000e+03,3.0000000000e+02,100000,max_evaluations,0.683412
gsk,cec2013,28,10,10,68241945,1.7000000000e+03,3.0000000000e+02,100000,max_evaluations,0.629027
gsk,cec2013,28,10,11,69241982,1.7000000000e+03,3.0000000000e+02,100000,max_evaluations,0.691092
gsk,cec2013,28,10,12,70242019,1.7000000000e+03,3.0000000000e+02,100000,max_evaluations,0.718113
gsk,cec2013,28,10,13,71242056,1.7000000000e+03,3.0000000000e+02,100000,max_evaluations,0.606721
gsk,cec2013,28,10,14,72242093,1.7000000000e+03,3.0000000000e+02,100000,max_evaluations,0.685558
gsk,cec2013,28,10,15,73242130,1.7000000000e+03,3.0000000000e+02,100000,max_evaluations,0.651276
gsk,cec2013,28,10,16,74242167,1.7000000000e+03,3.0000000000e+02,100000,max_evaluations,0.673552
gsk,cec2013,28,10,17,75242204,1.7000000000e+03,3.0000000000e+02,100000,max_evaluations,0.623665
gsk,cec2013,28,10,18,76242241,1.7000000000e+03,3.0000000000e+02,100000,max_evaluations,0.652488
gsk,cec2013,28,10,19,77242278,1.7000000000e+03,3.0000000000e+02,100000,max_evaluations,0.604098
gsk,cec2013,28,10,20,78242315,1.7000000000e+03,3.0000000000e+02,100000,max_evaluations,0.630407
gsk,cec2013,28,10,21,79242352,1.7000000000e+03,3.0000000000e+02,100000,max_evaluations,0.642063
gsk,cec2013,28,10,22,80242389,1.7000000000e+03,3.0000000000e+02,100000,max_evaluations,0.601136
gsk,cec2013,28,10,23,81242426,1.7000000000e+03,3.0000000000e+02,100000,max_evaluations,0.607386
gsk,cec2013,28,10,24,82242463,1.7000000000e+03,3.0000000000e+02,100000,max_evaluations,0.648905
gsk,cec2013,28,10,25,83242500,1.7000000000e+03,3.0000000000e+02,100000,max_evaluations,0.701247
gsk,cec2013,28,10,26,84242537,1.7000000000e+03,3.0000000000e+02,100000,max_evaluations,0.695716
gsk,cec2013,28,10,27,85242574,1.7000000000e+03,3.0000000000e+02,100000,max_evaluations,0.676662
gsk,cec2013,28,10,28,86242611,1.7000000000e+03,3.0000000000e+02,100000,max_evaluations,0.668498
gsk,cec2013,28,10,29,87242648,1.7000000000e+03,3.0000000000e+02,100000,max_evaluations,0.740492
gsk,cec2013,28,10,30,88242685,1.7000000000e+03,3.0000000000e+02,100000,max_evaluations,0.654447
gsk,cec2013,28,10,31,89242722,1.7000000000e+03,3.0000000000e+02,100000,max_evaluations,0.617177
gsk,cec2013,28,10,32,90242759,1.7000000000e+03,3.0000000000e+02,100000,max_evaluations,0.658435
gsk,cec2013,28,10,33,91242796,1.7000000000e+03,3.0000000000e+02,100000,max_evaluations,0.609186
gsk,cec2013,28,10,34,92242833,1.7000000000e+03,3.0000000000e+02,100000,max_evaluations,0.648747
gsk,cec2013,28,10,35,93242870,1.7000000000e+03,3.0000000000e+02,100000,max_evaluations,0.626876
gsk,cec2013,28,10,36,94242907,1.7000000000e+03,3.0000000000e+02,100000,max_evaluations,0.594271
gsk,cec2013,28,10,37,95242944,1.7000000000e+03,3.0000000000e+02,100000,max_evaluations,0.662639
gsk,cec2013,28,10,38,96242981,1.7000000000e+03,3.0000000000e+02,100000,max_evaluations,0.707922
gsk,cec2013,28,10,39,97243018,1.7000000000e+03,3.0000000000e+02,100000,max_evaluations,0.617776
gsk,cec2013,28,10,40,98243055,1.7000000000e+03,3.0000000000e+02,100000,max_evaluations,0.718808
gsk,cec2013,28,10,41,99243092,1.7000000000e+03,3.0000000000e+02,100000,max_evaluations,0.646263
gsk,cec2013,28,10,42,100243129,1.7000000000e+03,3.0000000000e+02,100000,max_evaluations,0.639860
gsk,cec2013,28,10,43,101243166,1.7000000000e+03,3.0000000000e+02,100000,max_evaluations,0.663788
gsk,cec2013,28,10,44,102243203,1.7000000000e+03,3.0000000000e+02,100000,max_evaluations,0.705329
gsk,cec2013,28,10,45,103243240,1.7000000000e+03,3.0000000000e+02,100000,max_evaluations,0.582645
gsk,cec2013,28,10,46,104243277,1.7000000000e+03,3.0000000000e+02,100000,max_evaluations,0.669892
gsk,cec2013,28,10,47,105243314,1.7000000000e+03,3.0000000000e+02,100000,max_evaluations,0.570123
gsk,cec2013,28,10,48,106243351,1.7000000000e+03,3.0000000000e+02,100000,max_evaluations,0.642121
gsk,cec2013,28,10,49,107243388,1.7000000000e+03,3.0000000000e+02,100000,max_evaluations,0.594422
gsk,cec2013,28,10,50,108243425,1.7000000000e+03,3.0000000000e+02,100000,max_evaluations,0.612232
gsk,cec2013,28,10,51,109243462,1.7000000000e+03,3.0000000000e+02,100000,max_evaluations,0.676112
gsk,cec2013,1,30,1,52240781,-1.4000000000e+03,0.0000000000e+00,300000,max_evaluations,1.435351
gsk,cec2013,1,30,2,53240818,-1.4000000000e+03,0.0000000000e+00,300000,max_evaluations,1.390254
gsk,cec2013,1,30,3,54240855,-1.4000000000e+03,0.0000000000e+00,300000,max_evaluations,1.396381
gsk,cec2013,1,30,4,55240892,-1.4000000000e+03,0.0000000000e+00,300000,max_evaluations,1.380517
gsk,cec2013,1,30,5,56240929,-1.4000000000e+03,0.0000000000e+00,300000,max_evaluations,1.295549
gsk,cec2013,1,30,6,57240966,-1.4000000000e+03,0.0000000000e+00,300000,max_evaluations,1.468595
gsk,cec2013,1,30,7,58241003,-1.4000000000e+03,0.0000000000e+00,300000,max_evaluations,1.311207
gsk,cec2013,1,30,8,59241040,-1.4000000000e+03,0.0000000000e+00,300000,max_evaluations,1.247822
gsk,cec2013,1,30,9,60241077,-1.4000000000e+03,0.0000000000e+00,300000,max_evaluations,1.403425
gsk,cec2013,1,30,10,61241114,-1.4000000000e+03,0.0000000000e+00,300000,max_evaluations,1.297427
gsk,cec2013,1,30,11,62241151,-1.4000000000e+03,0.0000000000e+00,300000,max_evaluations,1.360001
gsk,cec2013,1,30,12,63241188,-1.4000000000e+03,0.0000000000e+00,300000,max_evaluations,1.371021
gsk,cec2013,1,30,13,64241225,-1.4000000000e+03,0.0000000000e+00,300000,max_evaluations,1.368838
gsk,cec2013,1,30,14,65241262,-1.4000000000e+03,0.0000000000e+00,300000,max_evaluations,1.392456
gsk,cec2013,1,30,15,66241299,-1.4000000000e+03,0.0000000000e+00,300000,max_evaluations,1.318563
gsk,cec2013,1,30,16,67241336,-1.4000000000e+03,0.0000000000e+00,300000,max_evaluations,1.368137
gsk,cec2013,1,30,17,68241373,-1.4000000000e+03,0.0000000000e+00,300000,max_evaluations,1.362916
gsk,cec2013,1,30,18,69241410,-1.4000000000e+03,0.0000000000e+00,300000,max_evaluations,1.346811
gsk,cec2013,1,30,19,70241447,-1.4000000000e+03,0.0000000000e+00,300000,max_evaluations,1.444741
gsk,cec2013,1,30,20,71241484,-1.4000000000e+03,0.0000000000e+00,300000,max_evaluations,1.399183
gsk,cec2013,1,30,21,72241521,-1.4000000000e+03,0.0000000000e+00,300000,max_evaluations,1.442162
gsk,cec2013,1,30,22,73241558,-1.4000000000e+03,0.0000000000e+00,300000,max_evaluations,1.455085
gsk,cec2013,1,30,23,74241595,-1.4000000000e+03,0.0000000000e+00,300000,max_evaluations,1.454604
gsk,cec2013,1,30,24,75241632,-1.4000000000e+03,0.0000000000e+00,300000,max_evaluations,1.299023
gsk,cec2013,1,30,25,76241669,-1.4000000000e+03,0.0000000000e+00,300000,max_evaluations,1.393868
gsk,cec2013,1,30,26,77241706,-1.4000000000e+03,0.0000000000e+00,300000,max_evaluations,1.371358
gsk,cec2013,1,30,27,78241743,-1.4000000000e+03,0.0000000000e+00,300000,max_evaluations,1.280282
gsk,cec2013,1,30,28,79241780,-1.4000000000e+03,0.0000000000e+00,300000,max_evaluations,1.396749
gsk,cec2013,1,30,29,80241817,-1.4000000000e+03,0.0000000000e+00,300000,max_evaluations,1.390519
gsk,cec2013,1,30,30,81241854,-1.4000000000e+03,0.0000000000e+00,300000,max_evaluations,1.375551
gsk,cec2013,1,30,31,82241891,-1.4000000000e+03,0.0000000000e+00,300000,max_evaluations,1.531898
gsk,cec2013,1,30,32,83241928,-1.4000000000e+03,0.0000000000e+00,300000,max_evaluations,1.325489
gsk,cec2013,1,30,33,84241965,-1.4000000000e+03,0.0000000000e+00,300000,max_evaluations,1.431349
gsk,cec2013,1,30,34,85242002,-1.4000000000e+03,0.0000000000e+00,300000,max_evaluations,1.519882
gsk,cec2013,1,30,35,86242039,-1.4000000000e+03,0.0000000000e+00,300000,max_evaluations,1.430835
gsk,cec2013,1,30,36,87242076,-1.4000000000e+03,0.0000000000e+00,300000,max_evaluations,1.477613
gsk,cec2013,1,30,37,88242113,-1.4000000000e+03,0.0000000000e+00,300000,max_evaluations,1.564253
gsk,cec2013,1,30,38,89242150,-1.4000000000e+03,0.0000000000e+00,300000,max_evaluations,1.595827
gsk,cec2013,1,30,39,90242187,-1.4000000000e+03,0.0000000000e+00,300000,max_evaluations,1.343577
gsk,cec2013,1,30,40,91242224,-1.4000000000e+03,0.0000000000e+00,300000,max_evaluations,1.497981
gsk,cec2013,1,30,41,92242261,-1.4000000000e+03,0.0000000000e+00,300000,max_evaluations,1.460077
gsk,cec2013,1,30,42,93242298,-1.4000000000e+03,0.0000000000e+00,300000,max_evaluations,1.443591
gsk,cec2013,1,30,43,94242335,-1.4000000000e+03,0.0000000000e+00,300000,max_evaluations,1.439351
gsk,cec2013,1,30,44,95242372,-1.4000000000e+03,0.0000000000e+00,300000,max_evaluations,1.416308
gsk,cec2013,1,30,45,96242409,-1.4000000000e+03,0.0000000000e+00,300000,max_evaluations,1.344221
gsk,cec2013,1,30,46,97242446,-1.4000000000e+03,0.0000000000e+00,300000,max_evaluations,1.160626
gsk,cec2013,1,30,47,98242483,-1.4000000000e+03,0.0000000000e+00,300000,max_evaluations,1.100173
gsk,cec2013,1,30,48,99242520,-1.4000000000e+03,0.0000000000e+00,300000,max_evaluations,1.223022
gsk,cec2013,1,30,49,100242557,-1.4000000000e+03,0.0000000000e+00,300000,max_evaluations,1.177858
gsk,cec2013,1,30,50,101242594,-1.4000000000e+03,0.0000000000e+00,300000,max_evaluations,1.179837
gsk,cec2013,1,30,51,102242631,-1.4000000000e+03,0.0000000000e+00,300000,max_evaluations,1.216291
gsk,cec2013,2,30,1,53240814,4.4698264933e+04,4.5998264933e+04,300000,max_evaluations,1.581797
gsk,cec2013,2,30,2,54240851,7.0952905600e+04,7.2252905600e+04,300000,max_evaluations,1.527856
gsk,cec2013,2,30,3,55240888,8.1889466572e+04,8.3189466572e+04,300000,max_evaluations,1.504413
gsk,cec2013,2,30,4,56240925,1.3358950404e+05,1.3488950404e+05,300000,max_evaluations,1.467448
gsk,cec2013,2,30,5,57240962,8.9958078560e+04,9.1258078560e+04,300000,max_evaluations,1.465669
gsk,cec2013,2,30,6,58240999,1.5935043010e+05,1.6065043010e+05,300000,max_evaluations,1.554248
gsk,cec2013,2,30,7,59241036,9.0251104041e+04,9.1551104041e+04,300000,max_evaluations,1.457987
gsk,cec2013,2,30,8,60241073,4.1567202730e+04,4.2867202730e+04,300000,max_evaluations,1.493579
gsk,cec2013,2,30,9,61241110,2.3773848748e+04,2.5073848748e+04,300000,max_evaluations,1.518666
gsk,cec2013,2,30,10,62241147,7.2968112855e+04,7.4268112855e+04,300000,max_evaluations,1.553691
gsk,cec2013,2,30,11,63241184,1.2289494167e+05,1.2419494167e+05,300000,max_evaluations,1.463620
gsk,cec2013,2,30,12,64241221,1.7999740010e+05,1.8129740010e+05,300000,max_evaluations,1.555603
gsk,cec2013,2,30,13,65241258,4.4007843427e+04,4.5307843427e+04,300000,max_evaluations,1.381991
gsk,cec2013,2,30,14,66241295,7.0290323755e+04,7.1590323755e+04,300000,max_evaluations,1.535340
gsk,cec2013,2,30,15,67241332,5.7404962102e+04,5.8704962102e+04,300000,max_evaluations,1.514340
gsk,cec2013,2,30,16,68241369,1.2225463625e+05,1.2355463625e+05,300000,max_evaluations,1.493571
gsk,cec2013,2,30,17,69241406,6.8230550817e+04,6.9530550817e+04,300000,max_evaluations,1.687811
gsk,cec2013,2,30,18,70241443,7.6110646132e+04,7.7410646132e+04,300000,max_evaluations,1.436410
gsk,cec2013,2,30,19,71241480,4.8391408373e+04,4.9691408373e+04,300000,max_evaluations,1.511793
gsk,cec2013,2,30,20,72241517,1.2005796600e+05,1.2135796600e+05,300000,max_evaluations,1.560046
gsk,cec2013,2,30,21,73241554,5.3665292600e+04,5.4965292600e+04,300000,max_evaluations,1.463503
gsk,cec2013,2,30,22,74241591,6.8554477274e+04,6.9854477274e+04,300000,max_evaluations,1.493277
gsk,cec2013,2,30,23,75241628,5.8855778783e+04,6.0155778783e+04,300000,max_evaluations,1.522289
gsk,cec2013,2,30,24,76241665,1.5879364720e+05,1.6009364720e+05,300000,max_evaluations,1.553671
gsk,cec2013,2,30,25,77241702,1.6559139824e+05,1.6689139824e+05,300000,max_evaluations,1.492226
gsk,cec2013,2,30,26,78241739,1.7830928631e+05,1.7960928631e+05,300000,max_evaluations,1.487459
gsk,cec2013,2,30,27,79241776,9.3227734410e+04,9.4527734410e+04,300000,max_evaluations,1.483354
gsk,cec2013,2,30,28,80241813,8.8797553120e+04,9.0097553120e+04,300000,max_evaluations,1.478565
gsk,cec2013,2,30,29,81241850,5.6217178194e+04,5.7517178194e+04,300000,max_evaluations,1.515826
gsk,cec2013,2,30,30,82241887,4.2877620201e+04,4.4177620201e+04,300000,max_evaluations,1.625741
gsk,cec2013,2,30,31,83241924,7.4774152233e+04,7.6074152233e+04,300000,max_evaluations,1.625242
gsk,cec2013,2,30,32,84241961,6.3474440561e+04,6.4774440561e+04,300000,max_evaluations,1.509132
gsk,cec2013,2,30,33,85241998,1.1546943301e+05,1.1676943301e+05,300000,max_evaluations,1.628933
gsk,cec2013,2,30,34,86242035,1.0473690003e+05,1.0603690003e+05,300000,max_evaluations,1.615409
gsk,cec2013,2,30,35,87242072,1.6307222606e+05,1.6437222606e+05,300000,max_evaluations,1.573334
gsk,cec2013,2,30,36,88242109,8.6861907309e+04,8.8161907309e+04,300000,max_evaluations,1.534088
gsk,cec2013,2,30,37,89242146,8.6285199949e+04,8.7585199949e+04,300000,max_evaluations,1.533553
gsk,cec2013,2,30,38,90242183,9.9425907072e+04,1.0072590707e+05,300000,max_evaluations,1.528146
gsk,cec2013,2,30,39,91242220,6.4897822423e+04,6.6197822423e+04,300000,max_evaluations,1.624643
gsk,cec2013,2,30,40,92242257,9.7481719002e+04,9.8781719002e+04,300000,max_evaluations,1.632196
gsk,cec2013,2,30,41,93242294,2.5477369672e+05,2.5607369672e+05,300000,max_evaluations,1.534669
gsk,cec2013,2,30,42,94242331,1.2350353497e+05,1.2480353497e+05,300000,max_evaluations,1.580641
gsk,cec2013,2,30,43,95242368,1.6505920066e+05,1.6635920066e+05,300000,max_evaluations,1.559726
gsk,cec2013,2,30,44,96242405,1.3226250043e+05,1.3356250043e+05,300000,max_evaluations,1.440067
gsk,cec2013,2,30,45,97242442,2.1523388740e+05,2.1653388740e+05,300000,max_evaluations,1.581457
gsk,cec2013,2,30,46,98242479,8.1925729065e+04,8.3225729065e+04,300000,max_evaluations,1.221860
gsk,cec2013,2,30,47,99242516,2.3821411280e+05,2.3951411280e+05,300000,max_evaluations,1.233683
gsk,cec2013,2,30,48,100242553,1.0640641807e+05,1.0770641807e+05,300000,max_evaluations,1.161050
gsk,cec2013,2,30,49,101242590,2.5547403915e+05,2.5677403915e+05,300000,max_evaluations,1.189721
gsk,cec2013,2,30,50,102242627,5.2452861911e+04,5.3752861911e+04,300000,max_evaluations,1.178436
gsk,cec2013,2,30,51,103242664,7.1988596809e+04,7.3288596809e+04,300000,max_evaluations,1.179121
gsk,cec2013,3,30,1,54240847,-1.2000000000e+03,0.0000000000e+00,300000,max_evaluations,1.573271
gsk,cec2013,3,30,2,55240884,-1.1999999996e+03,4.4436460000e-07,300000,max_evaluations,1.436144
gsk,cec2013,3,30,3,56240921,-1.2000000000e+03,3.9390200000e-08,300000,max_evaluations,1.649688
gsk,cec2013,3,30,4,57240958,-9.3373812906e+02,2.6626187094e+02,300000,max_evaluations,1.479513
gsk,cec2013,3,30,5,58240995,-1.2000000000e+03,0.0000000000e+00,300000,max_evaluations,1.630624
gsk,cec2013,3,30,6,59241032,-1.1999999985e+03,1.5252415000e-06,300000,max_evaluations,1.602238
gsk,cec2013,3,30,7,60241069,-1.2000000000e+03,0.0000000000e+00,300000,max_evaluations,1.610971
gsk,cec2013,3,30,8,61241106,-1.1488557760e+03,5.1144223975e+01,300000,max_evaluations,1.591719
gsk,cec2013,3,30,9,62241143,-1.2000000000e+03,0.0000000000e+00,300000,max_evaluations,1.526723
gsk,cec2013,3,30,10,63241180,-1.2000000000e+03,0.0000000000e+00,300000,max_evaluations,1.638697
gsk,cec2013,3,30,11,64241217,-1.1999567502e+03,4.3249788223e-02,300000,max_evaluations,1.602731
gsk,cec2013,3,30,12,65241254,-1.1999999987e+03,1.3334309000e-06,300000,max_evaluations,1.667282
gsk,cec2013,3,30,13,66241291,-1.2000000000e+03,0.0000000000e+00,300000,max_evaluations,1.615241
gsk,cec2013,3,30,14,67241328,-1.1999999984e+03,1.6073920000e-06,300000,max_evaluations,1.543356
gsk,cec2013,3,30,15,68241365,-1.1999584135e+03,4.1586476927e-02,300000,max_evaluations,1.617386
gsk,cec2013,3,30,16,69241402,-1.1820326213e+03,1.7967378666e+01,300000,max_evaluations,1.629381
gsk,cec2013,3,30,17,70241439,-1.1932759942e+03,6.7240058314e+00,300000,max_evaluations,1.604327
gsk,cec2013,3,30,18,71241476,-1.2000000000e+03,3.6829000000e-08,300000,max_evaluations,1.508814
gsk,cec2013,3,30,19,72241513,-1.2000000000e+03,0.0000000000e+00,300000,max_evaluations,1.571874
gsk,cec2013,3,30,20,73241550,-1.2000000000e+03,0.0000000000e+00,300000,max_evaluations,1.600118
gsk,cec2013,3,30,21,74241587,-1.1961310235e+03,3.8689765290e+00,300000,max_evaluations,1.513742
gsk,cec2013,3,30,22,75241624,-1.2000000000e+03,0.0000000000e+00,300000,max_evaluations,1.625679
gsk,cec2013,3,30,23,76241661,-1.1999990116e+03,9.8835306130e-04,300000,max_evaluations,1.545675
gsk,cec2013,3,30,24,77241698,-1.2000000000e+03,0.0000000000e+00,300000,max_evaluations,1.594481
gsk,cec2013,3,30,25,78241735,-1.2000000000e+03,0.0000000000e+00,300000,max_evaluations,1.607319
gsk,cec2013,3,30,26,79241772,-1.2000000000e+03,3.1868700000e-08,300000,max_evaluations,1.582142
gsk,cec2013,3,30,27,80241809,-1.1999996189e+03,3.8114586980e-04,300000,max_evaluations,1.671631
gsk,cec2013,3,30,28,81241846,-1.1981428239e+03,1.8571761401e+00,300000,max_evaluations,1.652685
gsk,cec2013,3,30,29,82241883,-1.2000000000e+03,0.0000000000e+00,300000,max_evaluations,1.607554
gsk,cec2013,3,30,30,83241920,-1.1999999992e+03,7.7496540000e-07,300000,max_evaluations,1.648721
gsk,cec2013,3,30,31,84241957,-1.1949800634e+03,5.0199365828e+00,300000,max_evaluations,1.691121
gsk,cec2013,3,30,32,85241994,-1.1999999993e+03,7.1944210000e-07,300000,max_evaluations,1.608473
gsk,cec2013,3,30,33,86242031,-1.1999999997e+03,3.1584070000e-07,300000,max_evaluations,1.817053
gsk,cec2013,3,30,34,87242068,-1.1999999999e+03,5.2621800000e-08,300000,max_evaluations,1.537571
gsk,cec2013,3,30,35,88242105,-1.1999996498e+03,3.5016343330e-04,300000,max_evaluations,1.769901
gsk,cec2013,3,30,36,89242142,-1.2000000000e+03,0.0000000000e+00,300000,max_evaluations,1.556845
gsk,cec2013,3,30,37,90242179,-1.1997604821e+03,2.3951789120e-01,300000,max_evaluations,1.634307
gsk,cec2013,3,30,38,91242216,-1.2000000000e+03,0.0000000000e+00,300000,max_evaluations,1.701242
gsk,cec2013,3,30,39,92242253,-1.1999962867e+03,3.7132691975e-03,300000,max_evaluations,1.622184
gsk,cec2013,3,30,40,93242290,-1.2000000000e+03,0.0000000000e+00,300000,max_evaluations,1.652500
gsk,cec2013,3,30,41,94242327,-1.2000000000e+03,0.0000000000e+00,300000,max_evaluations,1.661322
gsk,cec2013,3,30,42,95242364,-1.1999989475e+03,1.0524646132e-03,300000,max_evaluations,1.683698
gsk,cec2013,3,30,43,96242401,-1.2000000000e+03,1.8301000000e-08,300000,max_evaluations,1.632325
gsk,cec2013,3,30,44,97242438,-1.2000000000e+03,1.7995000000e-08,300000,max_evaluations,1.612750
gsk,cec2013,3,30,45,98242475,-1.1999996214e+03,3.7863088460e-04,300000,max_evaluations,1.774388
gsk,cec2013,3,30,46,99242512,-1.1999955088e+03,4.4912280594e-03,300000,max_evaluations,1.299514
gsk,cec2013,3,30,47,100242549,-1.1999999999e+03,9.7800700000e-08,300000,max_evaluations,1.450923
gsk,cec2013,3,30,48,101242586,-1.1999940715e+03,5.9284858020e-03,300000,max_evaluations,1.444270
gsk,cec2013,3,30,49,102242623,-1.2000000000e+03,0.0000000000e+00,300000,max_evaluations,1.468426
gsk,cec2013,3,30,50,103242660,-1.1999993562e+03,6.4375677310e-04,300000,max_evaluations,1.473393
gsk,cec2013,3,30,51,104242697,-1.1991199152e+03,8.8008482339e-01,300000,max_evaluations,1.457762
gsk,cec2013,4,30,1,55240880,-8.9477068110e+02,2.0522931890e+02,300000,max_evaluations,1.434990
gsk,cec2013,4,30,2,56240917,-8.3554604304e+02,2.6445395696e+02,300000,max_evaluations,1.421847
gsk,cec2013,4,30,3,57240954,-8.4921241622e+02,2.5078758378e+02,300000,max_evaluations,1.425468
gsk,cec2013,4,30,4,58240991,-8.0360589780e+02,2.9639410220e+02,300000,max_evaluations,1.364408
gsk,cec2013,4,30,5,59241028,-8.6605688917e+02,2.3394311083e+02,300000,max_evaluations,1.483453
gsk,cec2013,4,30,6,60241065,-9.7475544514e+02,1.2524455486e+02,300000,max_evaluations,1.518135
gsk,cec2013,4,30,7,61241102,-9.4495481328e+02,1.5504518672e+02,300000,max_evaluations,1.487321
gsk,cec2013,4,30,8,62241139,-9.5891599393e+02,1.4108400607e+02,300000,max_evaluations,1.432122
gsk,cec2013,4,30,9,63241176,-9.2585070176e+02,1.7414929824e+02,300000,max_evaluations,1.434230
gsk,cec2013,4,30,10,64241213,-9.2021212405e+02,1.7978787595e+02,300000,max_evaluations,1.470114
gsk,cec2013,4,30,11,65241250,-1.0113790245e+03,8.8620975539e+01,300000,max_evaluations,1.392572
gsk,cec2013,4,30,12,66241287,-1.0033070304e+03,9.6692969597e+01,300000,max_evaluations,1.549947
gsk,cec2013,4,30,13,67241324,-9.1978469568e+02,1.8021530432e+02,300000,max_evaluations,1.334419
gsk,cec2013,4,30,14,68241361,-8.6599317757e+02,2.3400682243e+02,300000,max_evaluations,1.466919
gsk,cec2013,4,30,15,69241398,-7.8438422093e+02,3.1561577907e+02,300000,max_evaluations,1.496513
gsk,cec2013,4,30,16,70241435,-6.3685738347e+02,4.6314261653e+02,300000,max_evaluations,1.477209
gsk,cec2013,4,30,17,71241472,-1.0042561015e+03,9.5743898463e+01,300000,max_evaluations,1.423130
gsk,cec2013,4,30,18,72241509,-8.7079080112e+02,2.2920919888e+02,300000,max_evaluations,1.452562
gsk,cec2013,4,30,19,73241546,-9.4379282586e+02,1.5620717414e+02,300000,max_evaluations,1.396585
gsk,cec2013,4,30,20,74241583,-6.5950993610e+02,4.4049006390e+02,300000,max_evaluations,1.408758
gsk,cec2013,4,30,21,75241620,-9.2825553633e+02,1.7174446367e+02,300000,max_evaluations,1.439546
gsk,cec2013,4,30,22,76241657,-9.1959283572e+02,1.8040716428e+02,300000,max_evaluations,1.425014
gsk,cec2013,4,30,23,77241694,-7.6839503297e+02,3.3160496703e+02,300000,max_evaluations,1.458159
gsk,cec2013,4,30,24,78241731,-9.7151076497e+02,1.2848923503e+02,300000,max_evaluations,1.351787
gsk,cec2013,4,30,25,79241768,-7.7438308418e+02,3.2561691582e+02,300000,max_evaluations,1.497818
gsk,cec2013,4,30,26,80241805,-8.2684504826e+02,2.7315495174e+02,300000,max_evaluations,1.386121
gsk,cec2013,4,30,27,81241842,-7.7090952758e+02,3.2909047242e+02,300000,max_evaluations,1.432626
gsk,cec2013,4,30,28,82241879,-9.6774049486e+02,1.3225950514e+02,300000,max_evaluations,1.432236
gsk,cec2013,4,30,29,83241916,-8.3879248971e+02,2.6120751029e+02,300000,max_evaluations,1.499404
gsk,cec2013,4,30,30,84241953,-7.5595654174e+02,3.4404345826e+02,300000,max_evaluations,1.419847
gsk,cec2013,4,30,31,85241990,-8.3994529725e+02,2.6005470275e+02,300000,max_evaluations,1.549593
gsk,cec2013,4,30,32,86242027,-9.7483209952e+02,1.2516790048e+02,300000,max_evaluations,1.445715
gsk,cec2013,4,30,33,87242064,-9.4806624729e+02,1.5193375271e+02,300000,max_evaluations,1.461850
gsk,cec2013,4,30,34,88242101,-3.3112909489e+02,7.6887090511e+02,300000,max_evaluations,1.553859
gsk,cec2013,4,30,35,89242138,-9.1365542336e+02,1.8634457664e+02,300000,max_evaluations,1.522291
gsk,cec2013,4,30,36,90242175,-9.1879455027e+02,1.8120544973e+02,300000,max_evaluations,1.547636
gsk,cec2013,4,30,37,91242212,-4.7158276441e+02,6.2841723559e+02,300000,max_evaluations,1.647631
gsk,cec2013,4,30,38,92242249,-8.4292171978e+02,2.5707828022e+02,300000,max_evaluations,1.452147
gsk,cec2013,4,30,39,93242286,-9.5224471219e+02,1.4775528781e+02,300000,max_evaluations,1.597282
gsk,cec2013,4,30,40,94242323,-9.6647119246e+02,1.3352880754e+02,300000,max_evaluations,1.518119
gsk,cec2013,4,30,41,95242360,-7.1578891085e+02,3.8421108915e+02,300000,max_evaluations,1.562656
gsk,cec2013,4,30,42,96242397,-9.4900839912e+02,1.5099160088e+02,300000,max_evaluations,1.543603
gsk,cec2013,4,30,43,97242434,-7.7823306535e+02,3.2176693465e+02,300000,max_evaluations,1.495623
gsk,cec2013,4,30,44,98242471,-9.8267114930e+02,1.1732885070e+02,300000,max_evaluations,1.529004
gsk,cec2013,4,30,45,99242508,-8.3671519771e+02,2.6328480229e+02,300000,max_evaluations,1.492684
gsk,cec2013,4,30,46,100242545,-7.0447090933e+02,3.9552909067e+02,300000,max_evaluations,1.191640
gsk,cec2013,4,30,47,101242582,-7.6165200383e+02,3.3834799617e+02,300000,max_evaluations,1.256201
gsk,cec2013,4,30,48,102242619,-9.3095293952e+02,1.6904706048e+02,300000,max_evaluations,1.272581
gsk,cec2013,4,30,49,103242656,-9.5154384098e+02,1.4845615902e+02,300000,max_evaluations,1.204406
gsk,cec2013,4,30,50,104242693,-8.7256808683e+02,2.2743191317e+02,300000,max_evaluations,1.257179
gsk,cec2013,4,30,51,105242730,-9.2829495214e+02,1.7170504786e+02,300000,max_evaluations,1.230918
gsk,cec2013,5,30,1,56240913,-1.0000000000e+03,0.0000000000e+00,300000,max_evaluations,1.434130
gsk,cec2013,5,30,2,57240950,-1.0000000000e+03,0.0000000000e+00,300000,max_evaluations,1.525701
gsk,cec2013,5,30,3,58240987,-1.0000000000e+03,0.0000000000e+00,300000,max_evaluations,1.495451
gsk,cec2013,5,30,4,59241024,-1.0000000000e+03,0.0000000000e+00,300000,max_evaluations,1.453184
gsk,cec2013,5,30,5,60241061,-1.0000000000e+03,0.0000000000e+00,300000,max_evaluations,1.504185
gsk,cec2013,5,30,6,61241098,-1.0000000000e+03,0.0000000000e+00,300000,max_evaluations,1.493833
gsk,cec2013,5,30,7,62241135,-1.0000000000e+03,0.0000000000e+00,300000,max_evaluations,1.500024
gsk,cec2013,5,30,8,63241172,-1.0000000000e+03,0.0000000000e+00,300000,max_evaluations,1.449294
gsk,cec2013,5,30,9,64241209,-1.0000000000e+03,0.0000000000e+00,300000,max_evaluations,1.460032
gsk,cec2013,5,30,10,65241246,-1.0000000000e+03,0.0000000000e+00,300000,max_evaluations,1.453932
gsk,cec2013,5,30,11,66241283,-1.0000000000e+03,0.0000000000e+00,300000,max_evaluations,1.445209
gsk,cec2013,5,30,12,67241320,-1.0000000000e+03,0.0000000000e+00,300000,max_evaluations,1.399448
gsk,cec2013,5,30,13,68241357,-1.0000000000e+03,0.0000000000e+00,300000,max_evaluations,1.453277
gsk,cec2013,5,30,14,69241394,-1.0000000000e+03,0.0000000000e+00,300000,max_evaluations,1.474667
gsk,cec2013,5,30,15,70241431,-1.0000000000e+03,0.0000000000e+00,300000,max_evaluations,1.377352
gsk,cec2013,5,30,16,71241468,-1.0000000000e+03,0.0000000000e+00,300000,max_evaluations,1.421828
gsk,cec2013,5,30,17,72241505,-1.0000000000e+03,0.0000000000e+00,300000,max_evaluations,1.503152
gsk,cec2013,5,30,18,73241542,-1.0000000000e+03,0.0000000000e+00,300000,max_evaluations,1.488956
gsk,cec2013,5,30,19,74241579,-1.0000000000e+03,0.0000000000e+00,300000,max_evaluations,1.451435
gsk,cec2013,5,30,20,75241616,-1.0000000000e+03,0.0000000000e+00,300000,max_evaluations,1.446135
gsk,cec2013,5,30,21,76241653,-1.0000000000e+03,0.0000000000e+00,300000,max_evaluations,1.424442
gsk,cec2013,5,30,22,77241690,-1.0000000000e+03,0.0000000000e+00,300000,max_evaluations,1.474038
gsk,cec2013,5,30,23,78241727,-1.0000000000e+03,0.0000000000e+00,300000,max_evaluations,1.489019
gsk,cec2013,5,30,24,79241764,-1.0000000000e+03,0.0000000000e+00,300000,max_evaluations,1.464328
gsk,cec2013,5,30,25,80241801,-1.0000000000e+03,0.0000000000e+00,300000,max_evaluations,1.487461
gsk,cec2013,5,30,26,81241838,-1.0000000000e+03,0.0000000000e+00,300000,max_evaluations,1.509146
gsk,cec2013,5,30,27,82241875,-1.0000000000e+03,0.0000000000e+00,300000,max_evaluations,1.511032
gsk,cec2013,5,30,28,83241912,-1.0000000000e+03,0.0000000000e+00,300000,max_evaluations,1.455636
gsk,cec2013,5,30,29,84241949,-1.0000000000e+03,0.0000000000e+00,300000,max_evaluations,1.489232
gsk,cec2013,5,30,30,85241986,-1.0000000000e+03,0.0000000000e+00,300000,max_evaluations,1.419636
gsk,cec2013,5,30,31,86242023,-1.0000000000e+03,0.0000000000e+00,300000,max_evaluations,1.534270
gsk,cec2013,5,30,32,87242060,-1.0000000000e+03,0.0000000000e+00,300000,max_evaluations,1.495966
gsk,cec2013,5,30,33,88242097,-1.0000000000e+03,0.0000000000e+00,300000,max_evaluations,1.513379
gsk,cec2013,5,30,34,89242134,-1.0000000000e+03,0.0000000000e+00,300000,max_evaluations,1.494431
gsk,cec2013,5,30,35,90242171,-1.0000000000e+03,0.0000000000e+00,300000,max_evaluations,1.548106
gsk,cec2013,5,30,36,91242208,-1.0000000000e+03,0.0000000000e+00,300000,max_evaluations,1.526177
gsk,cec2013,5,30,37,92242245,-1.0000000000e+03,0.0000000000e+00,300000,max_evaluations,1.534990
gsk,cec2013,5,30,38,93242282,-1.0000000000e+03,0.0000000000e+00,300000,max_evaluations,1.601224
gsk,cec2013,5,30,39,94242319,-1.0000000000e+03,0.0000000000e+00,300000,max_evaluations,1.547173
gsk,cec2013,5,30,40,95242356,-1.0000000000e+03,0.0000000000e+00,300000,max_evaluations,1.456836
gsk,cec2013,5,30,41,96242393,-1.0000000000e+03,0.0000000000e+00,300000,max_evaluations,1.543915
gsk,cec2013,5,30,42,97242430,-1.0000000000e+03,0.0000000000e+00,300000,max_evaluations,1.498136
gsk,cec2013,5,30,43,98242467,-1.0000000000e+03,0.0000000000e+00,300000,max_evaluations,1.554961
gsk,cec2013,5,30,44,99242504,-1.0000000000e+03,0.0000000000e+00,300000,max_evaluations,1.452547
gsk,cec2013,5,30,45,100242541,-1.0000000000e+03,0.0000000000e+00,300000,max_evaluations,1.530619
gsk,cec2013,5,30,46,101242578,-1.0000000000e+03,0.0000000000e+00,300000,max_evaluations,1.299737
gsk,cec2013,5,30,47,102242615,-1.0000000000e+03,0.0000000000e+00,300000,max_evaluations,1.290183
gsk,cec2013,5,30,48,103242652,-1.0000000000e+03,0.0000000000e+00,300000,max_evaluations,1.251437
gsk,cec2013,5,30,49,104242689,-1.0000000000e+03,0.0000000000e+00,300000,max_evaluations,1.391228
gsk,cec2013,5,30,50,105242726,-1.0000000000e+03,0.0000000000e+00,300000,max_evaluations,1.379324
gsk,cec2013,5,30,51,106242763,-1.0000000000e+03,0.0000000000e+00,300000,max_evaluations,1.304019
gsk,cec2013,6,30,1,57240946,-8.3231552810e+02,6.7684471898e+01,300000,max_evaluations,1.386429
gsk,cec2013,6,30,2,58240983,-8.8605999930e+02,1.3940000698e+01,300000,max_evaluations,1.433534
gsk,cec2013,6,30,3,59241020,-8.8632059410e+02,1.3679405896e+01,300000,max_evaluations,1.347098
gsk,cec2013,6,30,4,60241057,-8.8610719511e+02,1.3892804886e+01,300000,max_evaluations,1.445444
gsk,cec2013,6,30,5,61241094,-8.9880124632e+02,1.1987536810e+00,300000,max_evaluations,1.301008
gsk,cec2013,6,30,6,62241131,-8.3274122863e+02,6.7258771369e+01,300000,max_evaluations,1.450950
gsk,cec2013,6,30,7,63241168,-8.8663450864e+02,1.3365491355e+01,300000,max_evaluations,1.445387
gsk,cec2013,6,30,8,64241205,-8.8599537752e+02,1.4004622477e+01,300000,max_evaluations,1.412188
gsk,cec2013,6,30,9,65241242,-8.8642170528e+02,1.3578294724e+01,300000,max_evaluations,1.490066
gsk,cec2013,6,30,10,66241279,-8.2964421302e+02,7.0355786983e+01,300000,max_evaluations,1.482733
gsk,cec2013,6,30,11,67241316,-8.8647360761e+02,1.3526392394e+01,300000,max_evaluations,1.311997
gsk,cec2013,6,30,12,68241353,-8.8621482336e+02,1.3785176642e+01,300000,max_evaluations,1.398616
gsk,cec2013,6,30,13,69241390,-8.8610149096e+02,1.3898509042e+01,300000,max_evaluations,1.446373
gsk,cec2013,6,30,14,70241427,-8.8613830195e+02,1.3861698049e+01,300000,max_evaluations,1.432971
gsk,cec2013,6,30,15,71241464,-8.8597460032e+02,1.4025399679e+01,300000,max_evaluations,1.441253
gsk,cec2013,6,30,16,72241501,-8.8629119286e+02,1.3708807141e+01,300000,max_evaluations,1.438951
gsk,cec2013,6,30,17,73241538,-8.8698063855e+02,1.3019361454e+01,300000,max_evaluations,1.413958
gsk,cec2013,6,30,18,74241575,-8.8614975697e+02,1.3850243032e+01,300000,max_evaluations,1.503121
gsk,cec2013,6,30,19,75241612,-8.8601029619e+02,1.3989703805e+01,300000,max_evaluations,1.398583
gsk,cec2013,6,30,20,76241649,-8.8634327255e+02,1.3656727452e+01,300000,max_evaluations,1.427811
gsk,cec2013,6,30,21,77241686,-8.8599084339e+02,1.4009156607e+01,300000,max_evaluations,1.406108
gsk,cec2013,6,30,22,78241723,-8.8703421727e+02,1.2965782733e+01,300000,max_evaluations,1.456192
gsk,cec2013,6,30,23,79241760,-8.8614400650e+02,1.3855993498e+01,300000,max_evaluations,1.474531
gsk,cec2013,6,30,24,80241797,-8.9814606987e+02,1.8539301292e+00,300000,max_evaluations,1.427119
gsk,cec2013,6,30,25,81241834,-8.8624794665e+02,1.3752053346e+01,300000,max_evaluations,1.441029
gsk,cec2013,6,30,26,82241871,-8.8646220141e+02,1.3537798591e+01,300000,max_evaluations,1.376354
gsk,cec2013,6,30,27,83241908,-8.2840323066e+02,7.1596769341e+01,300000,max_evaluations,1.378846
gsk,cec2013,6,30,28,84241945,-8.8642045676e+02,1.3579543237e+01,300000,max_evaluations,1.423921
gsk,cec2013,6,30,29,85241982,-8.8751302166e+02,1.2486978339e+01,300000,max_evaluations,1.448541
gsk,cec2013,6,30,30,86242019,-8.8622569306e+02,1.3774306941e+01,300000,max_evaluations,1.436783
gsk,cec2013,6,30,31,87242056,-8.2604663576e+02,7.3953364235e+01,300000,max_evaluations,1.597560
gsk,cec2013,6,30,32,88242093,-8.8652259657e+02,1.3477403430e+01,300000,max_evaluations,1.497824
gsk,cec2013,6,30,33,89242130,-8.8694107052e+02,1.3058929476e+01,300000,max_evaluations,1.490837
gsk,cec2013,6,30,34,90242167,-8.9807445965e+02,1.9255403504e+00,300000,max_evaluations,1.391041
gsk,cec2013,6,30,35,91242204,-8.8664880118e+02,1.3351198824e+01,300000,max_evaluations,1.488666
gsk,cec2013,6,30,36,92242241,-8.8712459677e+02,1.2875403231e+01,300000,max_evaluations,1.511200
gsk,cec2013,6,30,37,93242278,-8.8654264000e+02,1.3457360001e+01,300000,max_evaluations,1.454903
gsk,cec2013,6,30,38,94242315,-8.9971176033e+02,2.8823967246e-01,300000,max_evaluations,1.463326
gsk,cec2013,6,30,39,95242352,-8.8608462643e+02,1.3915373568e+01,300000,max_evaluations,1.479248
gsk,cec2013,6,30,40,96242389,-8.3247358883e+02,6.7526411168e+01,300000,max_evaluations,1.463724
gsk,cec2013,6,30,41,97242426,-8.3251079749e+02,6.7489202508e+01,300000,max_evaluations,1.512479
gsk,cec2013,6,30,42,98242463,-8.8629069444e+02,1.3709305558e+01,300000,max_evaluations,1.519095
gsk,cec2013,6,30,43,99242500,-8.8633224247e+02,1.3667757529e+01,300000,max_evaluations,1.482769
gsk,cec2013,6,30,44,100242537,-8.8672048964e+02,1.3279510363e+01,300000,max_evaluations,1.487338
gsk,cec2013,6,30,45,101242574,-8.8664093191e+02,1.3359068094e+01,300000,max_evaluations,1.481634
gsk,cec2013,6,30,46,102242611,-8.8665811390e+02,1.3341886100e+01,300000,max_evaluations,1.475631
gsk,cec2013,6,30,47,103242648,-8.3242595994e+02,6.7574040057e+01,300000,max_evaluations,1.323110
gsk,cec2013,6,30,48,104242685,-8.3134240919e+02,6.8657590810e+01,300000,max_evaluations,1.201111
gsk,cec2013,6,30,49,105242722,-8.8653840490e+02,1.3461595096e+01,300000,max_evaluations,1.214135
gsk,cec2013,6,30,50,106242759,-8.8601612866e+02,1.3983871341e+01,300000,max_evaluations,1.168674
gsk,cec2013,6,30,51,107242796,-8.9965478172e+02,3.4521827667e-01,300000,max_evaluations,1.280591
gsk,cec2013,7,30,1,58240979,-7.9997676701e+02,2.3232989397e-02,300000,max_evaluations,2.157859
gsk,cec2013,7,30,2,59241016,-7.9994632135e+02,5.3678652564e-02,300000,max_evaluations,2.180411
gsk,cec2013,7,30,3,60241053,-7.9998944828e+02,1.0551720890e-02,300000,max_evaluations,2.096210
gsk,cec2013,7,30,4,61241090,-7.9989279666e+02,1.0720333812e-01,300000,max_evaluations,2.027352
gsk,cec2013,7,30,5,62241127,-7.9951762561e+02,4.8237438881e-01,300000,max_evaluations,2.067011
gsk,cec2013,7,30,6,63241164,-7.9999856349e+02,1.4365105002e-03,300000,max_evaluations,2.120620
gsk,cec2013,7,30,7,64241201,-7.9995422323e+02,4.5776770401e-02,300000,max_evaluations,2.181466
gsk,cec2013,7,30,8,65241238,-7.9995163445e+02,4.8365552971e-02,300000,max_evaluations,2.114645
gsk,cec2013,7,30,9,66241275,-7.9958092158e+02,4.1907841870e-01,300000,max_evaluations,2.083465
gsk,cec2013,7,30,10,67241312,-7.9997455817e+02,2.5441828377e-02,300000,max_evaluations,2.102904
gsk,cec2013,7,30,11,68241349,-7.9999881453e+02,1.1854714602e-03,300000,max_evaluations,2.161409
gsk,cec2013,7,30,12,69241386,-7.9999888709e+02,1.1129135828e-03,300000,max_evaluations,2.129078
gsk,cec2013,7,30,13,70241423,-7.9992231896e+02,7.7681035398e-02,300000,max_evaluations,2.181696
gsk,cec2013,7,30,14,71241460,-7.9971438630e+02,2.8561370314e-01,300000,max_evaluations,2.018922
gsk,cec2013,7,30,15,72241497,-7.9927328893e+02,7.2671107437e-01,300000,max_evaluations,2.153909
gsk,cec2013,7,30,16,73241534,-7.9991734648e+02,8.2653520492e-02,300000,max_evaluations,2.179823
gsk,cec2013,7,30,17,74241571,-7.9958308669e+02,4.1691330919e-01,300000,max_evaluations,2.103300
gsk,cec2013,7,30,18,75241608,-7.9999741927e+02,2.5807340504e-03,300000,max_evaluations,2.166294
gsk,cec2013,7,30,19,76241645,-7.9998849365e+02,1.1506354621e-02,300000,max_evaluations,2.164149
gsk,cec2013,7,30,20,77241682,-7.9999735036e+02,2.6496377343e-03,300000,max_evaluations,2.023429
gsk,cec2013,7,30,21,78241719,-7.9999848030e+02,1.5196963068e-03,300000,max_evaluations,2.056340
gsk,cec2013,7,30,22,79241756,-7.9970127140e+02,2.9872859504e-01,300000,max_evaluations,2.246889
gsk,cec2013,7,30,23,80241793,-7.9999982379e+02,1.7620594250e-04,300000,max_evaluations,2.301502
gsk,cec2013,7,30,24,81241830,-7.9982063343e+02,1.7936656838e-01,300000,max_evaluations,2.149181
gsk,cec2013,7,30,25,82241867,-7.9998831894e+02,1.1681060314e-02,300000,max_evaluations,2.285379
gsk,cec2013,7,30,26,83241904,-7.9990765355e+02,9.2346453232e-02,300000,max_evaluations,2.035758
gsk,cec2013,7,30,27,84241941,-7.9966674323e+02,3.3325676691e-01,300000,max_evaluations,2.107106
gsk,cec2013,7,30,28,85241978,-7.9992460650e+02,7.5393504992e-02,300000,max_evaluations,2.082286
gsk,cec2013,7,30,29,86242015,-7.9981581500e+02,1.8418499616e-01,300000,max_evaluations,2.163067
gsk,cec2013,7,30,30,87242052,-7.9997317474e+02,2.6825260249e-02,300000,max_evaluations,2.186557
gsk,cec2013,7,30,31,88242089,-7.9998200148e+02,1.7998524756e-02,300000,max_evaluations,2.255652
gsk,cec2013,7,30,32,89242126,-7.9992041849e+02,7.9581506927e-02,300000,max_evaluations,2.330938
gsk,cec2013,7,30,33,90242163,-7.9978236606e+02,2.1763393763e-01,300000,max_evaluations,2.169323
gsk,cec2013,7,30,34,91242200,-7.9995036716e+02,4.9632839679e-02,300000,max_evaluations,2.168899
gsk,cec2013,7,30,35,92242237,-7.9931885549e+02,6.8114451431e-01,300000,max_evaluations,2.309009
gsk,cec2013,7,30,36,93242274,-7.9999383359e+02,6.1664147116e-03,300000,max_evaluations,2.185692
gsk,cec2013,7,30,37,94242311,-7.9999530776e+02,4.6922386922e-03,300000,max_evaluations,2.315999
gsk,cec2013,7,30,38,95242348,-7.9982457971e+02,1.7542029339e-01,300000,max_evaluations,2.515247
gsk,cec2013,7,30,39,96242385,-7.9985253776e+02,1.4746224102e-01,300000,max_evaluations,2.225322
gsk,cec2013,7,30,40,97242422,-7.9999739071e+02,2.6092929173e-03,300000,max_evaluations,2.183236
gsk,cec2013,7,30,41,98242459,-7.9997030046e+02,2.9699536396e-02,300000,max_evaluations,2.333872
gsk,cec2013,7,30,42,99242496,-7.9996643611e+02,3.3563887571e-02,300000,max_evaluations,2.379832
gsk,cec2013,7,30,43,100242533,-7.9993161872e+02,6.8381278867e-02,300000,max_evaluations,2.205839
gsk,cec2013,7,30,44,101242570,-7.9932048964e+02,6.7951035997e-01,300000,max_evaluations,2.244107
gsk,cec2013,7,30,45,102242607,-7.9994468325e+02,5.5316746340e-02,300000,max_evaluations,2.226598
gsk,cec2013,7,30,46,103242644,-7.9983922401e+02,1.6077598854e-01,300000,max_evaluations,1.877479
gsk,cec2013,7,30,47,104242681,-7.9999600354e+02,3.9964568895e-03,300000,max_evaluations,1.922966
gsk,cec2013,7,30,48,105242718,-7.9998851853e+02,1.1481473921e-02,300000,max_evaluations,1.897020
gsk,cec2013,7,30,49,106242755,-7.9995102159e+02,4.8978406815e-02,300000,max_evaluations,1.912209
gsk,cec2013,7,30,50,107242792,-7.9981043825e+02,1.8956175422e-01,300000,max_evaluations,1.797122
gsk,cec2013,7,30,51,108242829,-7.9996584910e+02,3.4150895186e-02,300000,max_evaluations,1.842902
gsk,cec2013,8,30,1,59241012,-6.7904239100e+02,2.0957609002e+01,300000,max_evaluations,2.066551
gsk,cec2013,8,30,2,60241049,-6.7906784754e+02,2.0932152463e+01,300000,max_evaluations,2.020119
gsk,cec2013,8,30,3,61241086,-6.7908172392e+02,2.0918276079e+01,300000,max_evaluations,2.128576
gsk,cec2013,8,30,4,62241123,-6.7909669598e+02,2.0903304020e+01,300000,max_evaluations,2.097170
gsk,cec2013,8,30,5,63241160,-6.7907561943e+02,2.0924380573e+01,300000,max_evaluations,2.084809
gsk,cec2013,8,30,6,64241197,-6.7898481069e+02,2.1015189311e+01,300000,max_evaluations,2.026988
gsk,cec2013,8,30,7,65241234,-6.7901028132e+02,2.0989718680e+01,300000,max_evaluations,2.057176
gsk,cec2013,8,30,8,66241271,-6.7901978307e+02,2.0980216928e+01,300000,max_evaluations,1.975963
gsk,cec2013,8,30,9,67241308,-6.7903327614e+02,2.0966723863e+01,300000,max_evaluations,1.968999
gsk,cec2013,8,30,10,68241345,-6.7908711661e+02,2.0912883389e+01,300000,max_evaluations,2.001228
gsk,cec2013,8,30,11,69241382,-6.7899311159e+02,2.1006888406e+01,300000,max_evaluations,2.056052
gsk,cec2013,8,30,12,70241419,-6.7903052364e+02,2.0969476355e+01,300000,max_evaluations,2.080242
gsk,cec2013,8,30,13,71241456,-6.7910668862e+02,2.0893311380e+01,300000,max_evaluations,1.954918
gsk,cec2013,8,30,14,72241493,-6.7902766727e+02,2.0972332727e+01,300000,max_evaluations,1.964544
gsk,cec2013,8,30,15,73241530,-6.7905551572e+02,2.0944484277e+01,300000,max_evaluations,1.997776
gsk,cec2013,8,30,16,74241567,-6.7904598604e+02,2.0954013963e+01,300000,max_evaluations,2.190865
gsk,cec2013,8,30,17,75241604,-6.7899836388e+02,2.1001636121e+01,300000,max_evaluations,2.315696
gsk,cec2013,8,30,18,76241641,-6.7902531414e+02,2.0974685862e+01,300000,max_evaluations,2.227194
gsk,cec2013,8,30,19,77241678,-6.7908435506e+02,2.0915644937e+01,300000,max_evaluations,2.056567
gsk,cec2013,8,30,20,78241715,-6.7900431595e+02,2.0995684046e+01,300000,max_evaluations,2.003526
gsk,cec2013,8,30,21,79241752,-6.7904201343e+02,2.0957986569e+01,300000,max_evaluations,2.183858
gsk,cec2013,8,30,22,80241789,-6.7899254034e+02,2.1007459657e+01,300000,max_evaluations,2.125685
gsk,cec2013,8,30,23,81241826,-6.7904124895e+02,2.0958751048e+01,300000,max_evaluations,2.013896
gsk,cec2013,8,30,24,82241863,-6.7906968546e+02,2.0930314538e+01,300000,max_evaluations,2.257345
gsk,cec2013,8,30,25,83241900,-6.7901135165e+02,2.0988648354e+01,300000,max_evaluations,2.067628
gsk,cec2013,8,30,26,84241937,-6.7904975008e+02,2.0950249924e+01,300000,max_evaluations,2.162145
gsk,cec2013,8,30,27,85241974,-6.7899759639e+02,2.1002403607e+01,300000,max_evaluations,2.268862
gsk,cec2013,8,30,28,86242011,-6.7901028098e+02,2.0989719021e+01,300000,max_evaluations,2.206034
gsk,cec2013,8,30,29,87242048,-6.7910358796e+02,2.0896412042e+01,300000,max_evaluations,2.280819
gsk,cec2013,8,30,30,88242085,-6.7906683855e+02,2.0933161446e+01,300000,max_evaluations,2.279924
gsk,cec2013,8,30,31,89242122,-6.7902527422e+02,2.0974725784e+01,300000,max_evaluations,2.282024
gsk,cec2013,8,30,32,90242159,-6.7907484377e+02,2.0925156233e+01,300000,max_evaluations,2.187953
gsk,cec2013,8,30,33,91242196,-6.7899442758e+02,2.1005572420e+01,300000,max_evaluations,2.261796
gsk,cec2013,8,30,34,92242233,-6.7905269943e+02,2.0947300565e+01,300000,max_evaluations,2.233366
gsk,cec2013,8,30,35,93242270,-6.7906896117e+02,2.0931038827e+01,300000,max_evaluations,2.150957
gsk,cec2013,8,30,36,94242307,-6.7902481355e+02,2.0975186451e+01,300000,max_evaluations,2.122175
gsk,cec2013,8,30,37,95242344,-6.7914053979e+02,2.0859460212e+01,300000,max_evaluations,2.257134
gsk,cec2013,8,30,38,96242381,-6.7903194260e+02,2.0968057403e+01,300000,max_evaluations,2.418425
gsk,cec2013,8,30,39,97242418,-6.7899104507e+02,2.1008954927e+01,300000,max_evaluations,2.325377
gsk,cec2013,8,30,40,98242455,-6.7905734395e+02,2.0942656045e+01,300000,max_evaluations,2.272606
gsk,cec2013,8,30,41,99242492,-6.7903383254e+02,2.0966167456e+01,300000,max_evaluations,2.349611
gsk,cec2013,8,30,42,100242529,-6.7903086018e+02,2.0969139816e+01,300000,max_evaluations,2.432131
gsk,cec2013,8,30,43,101242566,-6.7900436836e+02,2.0995631641e+01,300000,max_evaluations,2.277020
gsk,cec2013,8,30,44,102242603,-6.7902767410e+02,2.0972325895e+01,300000,max_evaluations,2.157814
gsk,cec2013,8,30,45,103242640,-6.7902098750e+02,2.0979012505e+01,300000,max_evaluations,2.188958
gsk,cec2013,8,30,46,104242677,-6.7902603985e+02,2.0973960153e+01,300000,max_evaluations,1.744215
gsk,cec2013,8,30,47,105242714,-6.7900031222e+02,2.0999687780e+01,300000,max_evaluations,1.722825
gsk,cec2013,8,30,48,106242751,-6.7905511812e+02,2.0944881881e+01,300000,max_evaluations,1.807808
gsk,cec2013,8,30,49,107242788,-6.7908377790e+02,2.0916222096e+01,300000,max_evaluations,1.797828
gsk,cec2013,8,30,50,108242825,-6.7900774628e+02,2.0992253717e+01,300000,max_evaluations,1.826560
gsk,cec2013,8,30,51,109242862,-6.7900893241e+02,2.0991067587e+01,300000,max_evaluations,1.797352
gsk,cec2013,9,30,1,60241045,-5.6517902990e+02,3.4820970096e+01,300000,max_evaluations,6.162576
gsk,cec2013,9,30,2,61241082,-5.6532661800e+02,3.4673381998e+01,300000,max_evaluations,6.277191
gsk,cec2013,9,30,3,62241119,-5.6415492831e+02,3.5845071688e+01,300000,max_evaluations,6.348019
gsk,cec2013,9,30,4,63241156,-5.6207169384e+02,3.7928306162e+01,300000,max_evaluations,6.220346
gsk,cec2013,9,30,5,64241193,-5.6348217948e+02,3.6517820521e+01,300000,max_evaluations,5.998549
gsk,cec2013,9,30,6,65241230,-5.6366190777e+02,3.6338092229e+01,300000,max_evaluations,6.600133
gsk,cec2013,9,30,7,66241267,-5.6253540069e+02,3.7464599305e+01,300000,max_evaluations,5.870318
gsk,cec2013,9,30,8,67241304,-5.6272507354e+02,3.7274926458e+01,300000,max_evaluations,6.497193
gsk,cec2013,9,30,9,68241341,-5.6140742514e+02,3.8592574862e+01,300000,max_evaluations,6.504226
gsk,cec2013,9,30,10,69241378,-5.6175660358e+02,3.8243396417e+01,300000,max_evaluations,6.658031
gsk,cec2013,9,30,11,70241415,-5.6391558628e+02,3.6084413716e+01,300000,max_evaluations,6.309109
gsk,cec2013,9,30,12,71241452,-5.6231900323e+02,3.7680996771e+01,300000,max_evaluations,6.335849
gsk,cec2013,9,30,13,72241489,-5.6215354632e+02,3.7846453681e+01,300000,max_evaluations,6.347919
gsk,cec2013,9,30,14,73241526,-5.6391572217e+02,3.6084277833e+01,300000,max_evaluations,6.268877
gsk,cec2013,9,30,15,74241563,-5.6092287361e+02,3.9077126390e+01,300000,max_evaluations,6.026618
gsk,cec2013,9,30,16,75241600,-5.6676952577e+02,3.3230474225e+01,300000,max_evaluations,6.905092
gsk,cec2013,9,30,17,76241637,-5.6319212419e+02,3.6807875814e+01,300000,max_evaluations,6.624429
gsk,cec2013,9,30,18,77241674,-5.6444298673e+02,3.5557013272e+01,300000,max_evaluations,6.657239
gsk,cec2013,9,30,19,78241711,-5.6156491344e+02,3.8435086564e+01,300000,max_evaluations,6.741352
gsk,cec2013,9,30,20,79241748,-5.6428250106e+02,3.5717498945e+01,300000,max_evaluations,7.117103
gsk,cec2013,9,30,21,80241785,-5.6198544385e+02,3.8014556152e+01,300000,max_evaluations,6.563298
gsk,cec2013,9,30,22,81241822,-5.6191622527e+02,3.8083774728e+01,300000,max_evaluations,7.067807
gsk,cec2013,9,30,23,82241859,-5.6228148327e+02,3.7718516734e+01,300000,max_evaluations,7.040997
gsk,cec2013,9,30,24,83241896,-5.6591848699e+02,3.4081513008e+01,300000,max_evaluations,7.426930
gsk,cec2013,9,30,25,84241933,-5.6613886466e+02,3.3861135336e+01,300000,max_evaluations,7.061025
gsk,cec2013,9,30,26,85241970,-5.6274739093e+02,3.7252609068e+01,300000,max_evaluations,6.738947
gsk,cec2013,9,30,27,86242007,-5.6404678856e+02,3.5953211438e+01,300000,max_evaluations,7.162292
gsk,cec2013,9,30,28,87242044,-5.6206283087e+02,3.7937169127e+01,300000,max_evaluations,7.396928
gsk,cec2013,9,30,29,88242081,-5.6294449420e+02,3.7055505797e+01,300000,max_evaluations,7.325847
gsk,cec2013,9,30,30,89242118,-5.6810916417e+02,3.1890835834e+01,300000,max_evaluations,7.135415
gsk,cec2013,9,30,31,90242155,-5.6398695435e+02,3.6013045648e+01,300000,max_evaluations,7.206570
gsk,cec2013,9,30,32,91242192,-5.6222776431e+02,3.7772235685e+01,300000,max_evaluations,7.144415
gsk,cec2013,9,30,33,92242229,-5.6418893264e+02,3.5811067360e+01,300000,max_evaluations,7.111034
gsk,cec2013,9,30,34,93242266,-5.6265641100e+02,3.7343589002e+01,300000,max_evaluations,7.078580
gsk,cec2013,9,30,35,94242303,-5.6309570802e+02,3.6904291976e+01,300000,max_evaluations,7.257757
gsk,cec2013,9,30,36,95242340,-5.6456526644e+02,3.5434733562e+01,300000,max_evaluations,7.154331
gsk,cec2013,9,30,37,96242377,-5.6225623209e+02,3.7743767907e+01,300000,max_evaluations,7.650877
gsk,cec2013,9,30,38,97242414,-5.6227909535e+02,3.7720904646e+01,300000,max_evaluations,7.394038
gsk,cec2013,9,30,39,98242451,-5.6173412228e+02,3.8265877723e+01,300000,max_evaluations,7.214487
gsk,cec2013,9,30,40,99242488,-5.6194732318e+02,3.8052676815e+01,300000,max_evaluations,7.621743
gsk,cec2013,9,30,41,100242525,-5.6256554311e+02,3.7434456894e+01,300000,max_evaluations,7.444357
gsk,cec2013,9,30,42,101242562,-5.6226176586e+02,3.7738234141e+01,300000,max_evaluations,7.417809
gsk,cec2013,9,30,43,102242599,-5.6479690362e+02,3.5203096381e+01,300000,max_evaluations,7.462920
gsk,cec2013,9,30,44,103242636,-5.6231626600e+02,3.7683733998e+01,300000,max_evaluations,7.387022
gsk,cec2013,9,30,45,104242673,-5.6642953529e+02,3.3570464706e+01,300000,max_evaluations,7.384001
gsk,cec2013,9,30,46,105242710,-5.6141657499e+02,3.8583425010e+01,300000,max_evaluations,6.179584
gsk,cec2013,9,30,47,106242747,-5.6337004914e+02,3.6629950857e+01,300000,max_evaluations,6.267187
gsk,cec2013,9,30,48,107242784,-5.6121338374e+02,3.8786616260e+01,300000,max_evaluations,6.171690
gsk,cec2013,9,30,49,108242821,-5.6429470194e+02,3.5705298063e+01,300000,max_evaluations,6.067714
gsk,cec2013,9,30,50,109242858,-5.6138383151e+02,3.8616168489e+01,300000,max_evaluations,6.427726
gsk,cec2013,9,30,51,110242895,-5.6511886696e+02,3.4881133040e+01,300000,max_evaluations,6.230697
gsk,cec2013,10,30,1,61241078,-4.9990632256e+02,9.3677441216e-02,300000,max_evaluations,1.536565
gsk,cec2013,10,30,2,62241115,-4.9991867063e+02,8.1329369020e-02,300000,max_evaluations,1.670382
gsk,cec2013,10,30,3,63241152,-4.9995563360e+02,4.4366404819e-02,300000,max_evaluations,1.627724
gsk,cec2013,10,30,4,64241189,-4.9993105311e+02,6.8946894518e-02,300000,max_evaluations,1.588856
gsk,cec2013,10,30,5,65241226,-4.9997781434e+02,2.2185660857e-02,300000,max_evaluations,1.564836
gsk,cec2013,10,30,6,66241263,-4.9984235954e+02,1.5764046245e-01,300000,max_evaluations,1.612398
gsk,cec2013,10,30,7,67241300,-4.9995320431e+02,4.6795689079e-02,300000,max_evaluations,1.513596
gsk,cec2013,10,30,8,68241337,-4.9985708289e+02,1.4291711174e-01,300000,max_evaluations,1.572490
gsk,cec2013,10,30,9,69241374,-4.9990144438e+02,9.8555621891e-02,300000,max_evaluations,1.664566
gsk,cec2013,10,30,10,70241411,-4.9986442234e+02,1.3557766074e-01,300000,max_evaluations,1.560894
gsk,cec2013,10,30,11,71241448,-4.9993095468e+02,6.9045316513e-02,300000,max_evaluations,1.606667
gsk,cec2013,10,30,12,72241485,-4.9996798657e+02,3.2013427657e-02,300000,max_evaluations,1.571490
gsk,cec2013,10,30,13,73241522,-4.9994085137e+02,5.9148626298e-02,300000,max_evaluations,1.560014
gsk,cec2013,10,30,14,74241559,-4.9987434113e+02,1.2565887264e-01,300000,max_evaluations,1.553165
gsk,cec2013,10,30,15,75241596,-4.9994822032e+02,5.1779676755e-02,300000,max_evaluations,1.516293
gsk,cec2013,10,30,16,76241633,-4.9989647510e+02,1.0352490250e-01,300000,max_evaluations,1.731901
gsk,cec2013,10,30,17,77241670,-4.9984478158e+02,1.5521842040e-01,300000,max_evaluations,1.567844
gsk,cec2013,10,30,18,78241707,-4.9989412209e+02,1.0587791241e-01,300000,max_evaluations,1.558534
gsk,cec2013,10,30,19,79241744,-4.9980037812e+02,1.9962188436e-01,300000,max_evaluations,1.593531
gsk,cec2013,10,30,20,80241781,-4.9994826708e+02,5.1732915671e-02,300000,max_evaluations,1.521000
gsk,cec2013,10,30,21,81241818,-4.9995565576e+02,4.4344241843e-02,300000,max_evaluations,1.661008
gsk,cec2013,10,30,22,82241855,-4.9993594364e+02,6.4056360233e-02,300000,max_evaluations,1.798802
gsk,cec2013,10,30,23,83241892,-4.9986945796e+02,1.3054204303e-01,300000,max_evaluations,1.708693
gsk,cec2013,10,30,24,84241929,-4.9992858932e+02,7.1410682894e-02,300000,max_evaluations,1.800438
gsk,cec2013,10,30,25,85241966,-4.9992358568e+02,7.6414324786e-02,300000,max_evaluations,1.717532
gsk,cec2013,10,30,26,86242003,-4.9992606418e+02,7.3935818625e-02,300000,max_evaluations,1.624806
gsk,cec2013,10,30,27,87242040,-4.9987185776e+02,1.2814223864e-01,300000,max_evaluations,1.741448
gsk,cec2013,10,30,28,88242077,-4.9991629540e+02,8.3704596952e-02,300000,max_evaluations,1.794527
gsk,cec2013,10,30,29,89242114,-4.9991869517e+02,8.1304825437e-02,300000,max_evaluations,1.890546
gsk,cec2013,10,30,30,90242151,-4.9983488739e+02,1.6511261300e-01,300000,max_evaluations,1.638074
gsk,cec2013,10,30,31,91242188,-4.9993842947e+02,6.1570532577e-02,300000,max_evaluations,1.635317
gsk,cec2013,10,30,32,92242225,-4.9997784386e+02,2.2156143669e-02,300000,max_evaluations,1.618865
gsk,cec2013,10,30,33,93242262,-4.9994330029e+02,5.6699708505e-02,300000,max_evaluations,1.596030
gsk,cec2013,10,30,34,94242299,-4.9985949735e+02,1.4050265167e-01,300000,max_evaluations,1.666880
gsk,cec2013,10,30,35,95242336,-4.9985215797e+02,1.4784202656e-01,300000,max_evaluations,1.760892
gsk,cec2013,10,30,36,96242373,-4.9983494650e+02,1.6505350295e-01,300000,max_evaluations,1.642020
gsk,cec2013,10,30,37,97242410,-4.9997536294e+02,2.4637061060e-02,300000,max_evaluations,1.741036
gsk,cec2013,10,30,38,98242447,-4.9994823509e+02,5.1764905078e-02,300000,max_evaluations,1.549919
gsk,cec2013,10,30,39,99242484,-4.9985712954e+02,1.4287045683e-01,300000,max_evaluations,1.816974
gsk,cec2013,10,30,40,100242521,-4.9986944569e+02,1.3055431448e-01,300000,max_evaluations,1.752494
gsk,cec2013,10,30,41,101242558,-4.9982501777e+02,1.7498222879e-01,300000,max_evaluations,1.685183
gsk,cec2013,10,30,42,102242595,-4.9992606418e+02,7.3935818625e-02,300000,max_evaluations,1.777564
gsk,cec2013,10,30,43,103242632,-4.9995811946e+02,4.1880537771e-02,300000,max_evaluations,1.687387
gsk,cec2013,10,30,44,104242669,-4.9986462397e+02,1.3537603293e-01,300000,max_evaluations,1.782813
gsk,cec2013,10,30,45,105242706,-4.9987921194e+02,1.2078805549e-01,300000,max_evaluations,1.661747
gsk,cec2013,10,30,46,106242743,-4.9985207673e+02,1.4792326943e-01,300000,max_evaluations,1.433422
gsk,cec2013,10,30,47,107242780,-4.9986448137e+02,1.3551862757e-01,300000,max_evaluations,1.479054
gsk,cec2013,10,30,48,108242817,-4.9999014272e+02,9.8572846080e-03,300000,max_evaluations,1.646352
gsk,cec2013,10,30,49,109242854,-4.9995071847e+02,4.9281527258e-02,300000,max_evaluations,1.399618
gsk,cec2013,10,30,50,110242891,-4.9997041584e+02,2.9584161212e-02,300000,max_evaluations,1.497004
gsk,cec2013,10,30,51,111242928,-4.9984234493e+02,1.5765506904e-01,300000,max_evaluations,1.311760
gsk,cec2013,11,30,1,62241111,-2.4935281083e+02,1.5064718917e+02,300000,max_evaluations,1.773825
gsk,cec2013,11,30,2,63241148,-2.5273795284e+02,1.4726204716e+02,300000,max_evaluations,1.843889
gsk,cec2013,11,30,3,64241185,-2.5419964706e+02,1.4580035294e+02,300000,max_evaluations,1.815408
gsk,cec2013,11,30,4,65241222,-2.6698109252e+02,1.3301890748e+02,300000,max_evaluations,1.820424
gsk,cec2013,11,30,5,66241259,-2.5438979336e+02,1.4561020664e+02,300000,max_evaluations,1.838517
gsk,cec2013,11,30,6,67241296,-2.5925923277e+02,1.4074076723e+02,300000,max_evaluations,1.879145
gsk,cec2013,11,30,7,68241333,-2.7672071450e+02,1.2327928550e+02,300000,max_evaluations,1.849062
gsk,cec2013,11,30,8,69241370,-2.6141080837e+02,1.3858919163e+02,300000,max_evaluations,1.927229
gsk,cec2013,11,30,9,70241407,-2.4863501000e+02,1.5136499000e+02,300000,max_evaluations,1.833305
gsk,cec2013,11,30,10,71241444,-2.5318260073e+02,1.4681739927e+02,300000,max_evaluations,1.816455
gsk,cec2013,11,30,11,72241481,-2.5291767046e+02,1.4708232954e+02,300000,max_evaluations,1.802420
gsk,cec2013,11,30,12,73241518,-2.6390908891e+02,1.3609091109e+02,300000,max_evaluations,1.827729
gsk,cec2013,11,30,13,74241555,-2.4684199817e+02,1.5315800183e+02,300000,max_evaluations,1.859909
gsk,cec2013,11,30,14,75241592,-2.7168061248e+02,1.2831938752e+02,300000,max_evaluations,1.892338
gsk,cec2013,11,30,15,76241629,-2.5696998009e+02,1.4303001991e+02,300000,max_evaluations,1.830039
gsk,cec2013,11,30,16,77241666,-2.6364965568e+02,1.3635034432e+02,300000,max_evaluations,1.782241
gsk,cec2013,11,30,17,78241703,-2.9864480156e+02,1.0135519844e+02,300000,max_evaluations,1.876653
gsk,cec2013,11,30,18,79241740,-2.5706675060e+02,1.4293324940e+02,300000,max_evaluations,1.988285
gsk,cec2013,11,30,19,80241777,-2.7445253990e+02,1.2554746010e+02,300000,max_evaluations,1.776131
gsk,cec2013,11,30,20,81241814,-2.5393185645e+02,1.4606814355e+02,300000,max_evaluations,1.926138
gsk,cec2013,11,30,21,82241851,-2.5082767412e+02,1.4917232588e+02,300000,max_evaluations,1.885480
gsk,cec2013,11,30,22,83241888,-2.4765165650e+02,1.5234834350e+02,300000,max_evaluations,1.946572
gsk,cec2013,11,30,23,84241925,-2.4968226737e+02,1.5031773263e+02,300000,max_evaluations,2.002884
gsk,cec2013,11,30,24,85241962,-2.5194599264e+02,1.4805400736e+02,300000,max_evaluations,2.023080
gsk,cec2013,11,30,25,86241999,-2.6185709288e+02,1.3814290712e+02,300000,max_evaluations,1.998627
gsk,cec2013,11,30,26,87242036,-2.4951683583e+02,1.5048316417e+02,300000,max_evaluations,1.934609
gsk,cec2013,11,30,27,88242073,-2.4893303682e+02,1.5106696318e+02,300000,max_evaluations,1.890528
gsk,cec2013,11,30,28,89242110,-2.5507343688e+02,1.4492656312e+02,300000,max_evaluations,1.901841
gsk,cec2013,11,30,29,90242147,-2.4723659961e+02,1.5276340039e+02,300000,max_evaluations,1.851011
gsk,cec2013,11,30,30,91242184,-2.5419798286e+02,1.4580201714e+02,300000,max_evaluations,1.753491
gsk,cec2013,11,30,31,92242221,-2.6517545520e+02,1.3482454480e+02,300000,max_evaluations,1.904128
gsk,cec2013,11,30,32,93242258,-2.5416068969e+02,1.4583931031e+02,300000,max_evaluations,2.032368
gsk,cec2013,11,30,33,94242295,-2.5449031888e+02,1.4550968112e+02,300000,max_evaluations,1.881756
gsk,cec2013,11,30,34,95242332,-2.4574549134e+02,1.5425450866e+02,300000,max_evaluations,2.058316
gsk,cec2013,11,30,35,96242369,-2.6424480079e+02,1.3575519921e+02,300000,max_evaluations,1.958460
gsk,cec2013,11,30,36,97242406,-2.6621045308e+02,1.3378954692e+02,300000,max_evaluations,2.000134
gsk,cec2013,11,30,37,98242443,-2.6492321789e+02,1.3507678211e+02,300000,max_evaluations,2.013344
gsk,cec2013,11,30,38,99242480,-2.6544780635e+02,1.3455219365e+02,300000,max_evaluations,2.004339
gsk,cec2013,11,30,39,100242517,-2.6074125944e+02,1.3925874056e+02,300000,max_evaluations,1.848513
gsk,cec2013,11,30,40,101242554,-2.4643221470e+02,1.5356778530e+02,300000,max_evaluations,1.887533
gsk,cec2013,11,30,41,102242591,-2.7649111131e+02,1.2350888869e+02,300000,max_evaluations,1.978864
gsk,cec2013,11,30,42,103242628,-2.5512592805e+02,1.4487407195e+02,300000,max_evaluations,2.047041
gsk,cec2013,11,30,43,104242665,-2.5623612718e+02,1.4376387282e+02,300000,max_evaluations,2.122886
gsk,cec2013,11,30,44,105242702,-2.4868721602e+02,1.5131278398e+02,300000,max_evaluations,2.099498
gsk,cec2013,11,30,45,106242739,-2.4898250280e+02,1.5101749720e+02,300000,max_evaluations,2.024013
gsk,cec2013,11,30,46,107242776,-2.6223614615e+02,1.3776385385e+02,300000,max_evaluations,1.902388
gsk,cec2013,11,30,47,108242813,-2.4739648207e+02,1.5260351793e+02,300000,max_evaluations,1.584071
gsk,cec2013,11,30,48,109242850,-2.6562923884e+02,1.3437076116e+02,300000,max_evaluations,1.623546
gsk,cec2013,11,30,49,110242887,-2.4837423412e+02,1.5162576588e+02,300000,max_evaluations,1.701661
gsk,cec2013,11,30,50,111242924,-2.5610339388e+02,1.4389660612e+02,300000,max_evaluations,1.746900
gsk,cec2013,11,30,51,112242961,-2.6804581861e+02,1.3195418139e+02,300000,max_evaluations,1.721997
gsk,cec2013,12,30,1,63241144,-1.3188162313e+02,1.6811837687e+02,300000,max_evaluations,1.949213
gsk,cec2013,12,30,2,64241181,-1.5145610910e+02,1.4854389090e+02,300000,max_evaluations,2.041779
gsk,cec2013,12,30,3,65241218,-1.3113768840e+02,1.6886231160e+02,300000,max_evaluations,1.955921
gsk,cec2013,12,30,4,66241255,-1.4481609454e+02,1.5518390546e+02,300000,max_evaluations,1.894750
gsk,cec2013,12,30,5,67241292,-1.4633061294e+02,1.5366938706e+02,300000,max_evaluations,1.975413
gsk,cec2013,12,30,6,68241329,-1.3884532628e+02,1.6115467372e+02,300000,max_evaluations,2.012727
gsk,cec2013,12,30,7,69241366,-1.5365926232e+02,1.4634073768e+02,300000,max_evaluations,2.000565
gsk,cec2013,12,30,8,70241403,-1.2991507718e+02,1.7008492282e+02,300000,max_evaluations,1.967719
gsk,cec2013,12,30,9,71241440,-1.4614258142e+02,1.5385741858e+02,300000,max_evaluations,1.938499
gsk,cec2013,12,30,10,72241477,-1.3811735661e+02,1.6188264339e+02,300000,max_evaluations,1.966339
gsk,cec2013,12,30,11,73241514,-1.4146718317e+02,1.5853281683e+02,300000,max_evaluations,1.951767
gsk,cec2013,12,30,12,74241551,-1.4038034153e+02,1.5961965847e+02,300000,max_evaluations,1.937458
gsk,cec2013,12,30,13,75241588,-1.2162243373e+02,1.7837756627e+02,300000,max_evaluations,1.937521
gsk,cec2013,12,30,14,76241625,-1.3602558295e+02,1.6397441705e+02,300000,max_evaluations,1.935303
gsk,cec2013,12,30,15,77241662,-1.3208306092e+02,1.6791693908e+02,300000,max_evaluations,2.034447
gsk,cec2013,12,30,16,78241699,-1.2504828789e+02,1.7495171211e+02,300000,max_evaluations,1.958565
gsk,cec2013,12,30,17,79241736,-1.3519450108e+02,1.6480549892e+02,300000,max_evaluations,2.005425
gsk,cec2013,12,30,18,80241773,-1.3402433027e+02,1.6597566973e+02,300000,max_evaluations,2.087246
gsk,cec2013,12,30,19,81241810,-1.3294286732e+02,1.6705713268e+02,300000,max_evaluations,2.115172
gsk,cec2013,12,30,20,82241847,-1.4716511078e+02,1.5283488922e+02,300000,max_evaluations,1.962867
gsk,cec2013,12,30,21,83241884,-1.3389063712e+02,1.6610936288e+02,300000,max_evaluations,2.150922
gsk,cec2013,12,30,22,84241921,-1.3599830707e+02,1.6400169293e+02,300000,max_evaluations,1.962658
gsk,cec2013,12,30,23,85241958,-1.2830367182e+02,1.7169632818e+02,300000,max_evaluations,1.940378
gsk,cec2013,12,30,24,86241995,-1.4057579778e+02,1.5942420222e+02,300000,max_evaluations,2.121768
gsk,cec2013,12,30,25,87242032,-1.4370909502e+02,1.5629090498e+02,300000,max_evaluations,2.040236
gsk,cec2013,12,30,26,88242069,-1.3222677643e+02,1.6777322357e+02,300000,max_evaluations,2.129982
gsk,cec2013,12,30,27,89242106,-1.3333267448e+02,1.6666732552e+02,300000,max_evaluations,2.208776
gsk,cec2013,12,30,28,90242143,-1.3933254117e+02,1.6066745883e+02,300000,max_evaluations,2.189030
gsk,cec2013,12,30,29,91242180,-1.2482680217e+02,1.7517319783e+02,300000,max_evaluations,2.058084
gsk,cec2013,12,30,30,92242217,-1.3594415299e+02,1.6405584701e+02,300000,max_evaluations,2.109742
gsk,cec2013,12,30,31,93242254,-1.2264329986e+02,1.7735670014e+02,300000,max_evaluations,2.093913
gsk,cec2013,12,30,32,94242291,-1.4689977521e+02,1.5310022479e+02,300000,max_evaluations,2.079243
gsk,cec2013,12,30,33,95242328,-1.4489708414e+02,1.5510291586e+02,300000,max_evaluations,2.064035
gsk,cec2013,12,30,34,96242365,-1.3614190539e+02,1.6385809461e+02,300000,max_evaluations,2.086372
gsk,cec2013,12,30,35,97242402,-1.3971589329e+02,1.6028410671e+02,300000,max_evaluations,2.134218
gsk,cec2013,12,30,36,98242439,-1.5304213716e+02,1.4695786284e+02,300000,max_evaluations,2.287685
gsk,cec2013,12,30,37,99242476,-1.3440029674e+02,1.6559970326e+02,300000,max_evaluations,2.228546
gsk,cec2013,12,30,38,100242513,-1.2369617188e+02,1.7630382812e+02,300000,max_evaluations,2.062718
gsk,cec2013,12,30,39,101242550,-1.3526992155e+02,1.6473007845e+02,300000,max_evaluations,2.219118
gsk,cec2013,12,30,40,102242587,-1.4669422078e+02,1.5330577922e+02,300000,max_evaluations,2.299062
gsk,cec2013,12,30,41,103242624,-1.4571688448e+02,1.5428311552e+02,300000,max_evaluations,2.149263
gsk,cec2013,12,30,42,104242661,-1.4988004652e+02,1.5011995348e+02,300000,max_evaluations,2.210450
gsk,cec2013,12,30,43,105242698,-1.4504124032e+02,1.5495875968e+02,300000,max_evaluations,2.207911
gsk,cec2013,12,30,44,106242735,-1.3909497577e+02,1.6090502423e+02,300000,max_evaluations,2.052407
gsk,cec2013,12,30,45,107242772,-1.4234077230e+02,1.5765922770e+02,300000,max_evaluations,2.302447
gsk,cec2013,12,30,46,108242809,-1.3168603407e+02,1.6831396593e+02,300000,max_evaluations,1.842734
gsk,cec2013,12,30,47,109242846,-1.4593218887e+02,1.5406781113e+02,300000,max_evaluations,1.839839
gsk,cec2013,12,30,48,110242883,-1.4133608537e+02,1.5866391463e+02,300000,max_evaluations,1.848865
gsk,cec2013,12,30,49,111242920,-1.3453701854e+02,1.6546298146e+02,300000,max_evaluations,1.834697
gsk,cec2013,12,30,50,112242957,-1.2896220590e+02,1.7103779410e+02,300000,max_evaluations,1.906654
gsk,cec2013,12,30,51,113242994,-1.4722387103e+02,1.5277612897e+02,300000,max_evaluations,1.819632
gsk,cec2013,13,30,1,64241177,-2.9387471231e+01,1.7061252877e+02,300000,max_evaluations,1.992840
gsk,cec2013,13,30,2,65241214,-9.7840187417e+01,1.0215981258e+02,300000,max_evaluations,1.938558
gsk,cec2013,13,30,3,66241251,-3.2613937382e+01,1.6738606262e+02,300000,max_evaluations,1.957037
gsk,cec2013,13,30,4,67241288,-4.8501647260e+01,1.5149835274e+02,300000,max_evaluations,2.093946
gsk,cec2013,13,30,5,68241325,-4.1727996458e+01,1.5827200354e+02,300000,max_evaluations,2.012295
gsk,cec2013,13,30,6,69241362,-3.5337396021e+01,1.6466260398e+02,300000,max_evaluations,1.999466
gsk,cec2013,13,30,7,70241399,-4.5244894959e+01,1.5475510504e+02,300000,max_evaluations,2.105019
gsk,cec2013,13,30,8,71241436,-3.7438351508e+01,1.6256164849e+02,300000,max_evaluations,2.053267
gsk,cec2013,13,30,9,72241473,-4.7809478520e+01,1.5219052148e+02,300000,max_evaluations,2.029938
gsk,cec2013,13,30,10,73241510,-3.8174910539e+01,1.6182508946e+02,300000,max_evaluations,1.961956
gsk,cec2013,13,30,11,74241547,-4.9614185514e+01,1.5038581449e+02,300000,max_evaluations,2.030734
gsk,cec2013,13,30,12,75241584,-3.4578719436e+01,1.6542128056e+02,300000,max_evaluations,2.003813
gsk,cec2013,13,30,13,76241621,-2.8232579612e+01,1.7176742039e+02,300000,max_evaluations,2.001828
gsk,cec2013,13,30,14,77241658,-4.5816555829e+01,1.5418344417e+02,300000,max_evaluations,1.985592
gsk,cec2013,13,30,15,78241695,-4.7815455478e+01,1.5218454452e+02,300000,max_evaluations,2.082452
gsk,cec2013,13,30,16,79241732,-2.5350385004e+01,1.7464961500e+02,300000,max_evaluations,2.209526
gsk,cec2013,13,30,17,80241769,-3.6028516875e+01,1.6397148313e+02,300000,max_evaluations,2.187675
gsk,cec2013,13,30,18,81241806,-4.1329348737e+01,1.5867065126e+02,300000,max_evaluations,2.041399
gsk,cec2013,13,30,19,82241843,-3.5307243475e+01,1.6469275653e+02,300000,max_evaluations,2.135138
gsk,cec2013,13,30,20,83241880,-3.5367351940e+01,1.6463264806e+02,300000,max_evaluations,2.187373
gsk,cec2013,13,30,21,84241917,-2.2064419703e+01,1.7793558030e+02,300000,max_evaluations,2.069324
gsk,cec2013,13,30,22,85241954,-2.9834136739e+01,1.7016586326e+02,300000,max_evaluations,2.046363
gsk,cec2013,13,30,23,86241991,-4.8944333014e+01,1.5105566699e+02,300000,max_evaluations,1.968229
gsk,cec2013,13,30,24,87242028,-3.1918582051e+01,1.6808141795e+02,300000,max_evaluations,2.103650
gsk,cec2013,13,30,25,88242065,-4.6860370031e+01,1.5313962997e+02,300000,max_evaluations,2.158362
gsk,cec2013,13,30,26,89242102,-4.0334774034e+01,1.5966522597e+02,300000,max_evaluations,2.070637
gsk,cec2013,13,30,27,90242139,-3.4881349571e+01,1.6511865043e+02,300000,max_evaluations,1.981652
gsk,cec2013,13,30,28,91242176,-4.7048445355e+01,1.5295155465e+02,300000,max_evaluations,2.088883
gsk,cec2013,13,30,29,92242213,-2.8196113941e+01,1.7180388606e+02,300000,max_evaluations,2.151460
gsk,cec2013,13,30,30,93242250,-4.8643849745e+01,1.5135615026e+02,300000,max_evaluations,2.152758
gsk,cec2013,13,30,31,94242287,-2.2240543905e+01,1.7775945609e+02,300000,max_evaluations,2.018316
gsk,cec2013,13,30,32,95242324,-3.5031735677e+01,1.6496826432e+02,300000,max_evaluations,2.082382
gsk,cec2013,13,30,33,96242361,-3.0753647988e+01,1.6924635201e+02,300000,max_evaluations,2.233685
gsk,cec2013,13,30,34,97242398,-4.4629706139e+01,1.5537029386e+02,300000,max_evaluations,2.029852
gsk,cec2013,13,30,35,98242435,-4.1447859937e+01,1.5855214006e+02,300000,max_evaluations,2.280135
gsk,cec2013,13,30,36,99242472,-3.2089282857e+01,1.6791071714e+02,300000,max_evaluations,2.141734
gsk,cec2013,13,30,37,100242509,-3.1087471776e+01,1.6891252822e+02,300000,max_evaluations,2.142157
gsk,cec2013,13,30,38,101242546,-4.5904362669e+01,1.5409563733e+02,300000,max_evaluations,2.096683
gsk,cec2013,13,30,39,102242583,-3.6594056191e+01,1.6340594381e+02,300000,max_evaluations,2.182578
gsk,cec2013,13,30,40,103242620,-2.8063781742e+01,1.7193621826e+02,300000,max_evaluations,2.314810
gsk,cec2013,13,30,41,104242657,-4.1641757645e+01,1.5835824235e+02,300000,max_evaluations,2.193675
gsk,cec2013,13,30,42,105242694,-3.8554937022e+01,1.6144506298e+02,300000,max_evaluations,2.106762
gsk,cec2013,13,30,43,106242731,-5.5143813708e+01,1.4485618629e+02,300000,max_evaluations,2.317008
gsk,cec2013,13,30,44,107242768,-3.2079302142e+01,1.6792069786e+02,300000,max_evaluations,2.213921
gsk,cec2013,13,30,45,108242805,-2.6233573867e+01,1.7376642613e+02,300000,max_evaluations,2.096484
gsk,cec2013,13,30,46,109242842,-2.7274329583e+01,1.7272567042e+02,300000,max_evaluations,1.858097
gsk,cec2013,13,30,47,110242879,-2.8479315604e+01,1.7152068440e+02,300000,max_evaluations,1.955518
gsk,cec2013,13,30,48,111242916,-4.0123937949e+01,1.5987606205e+02,300000,max_evaluations,1.909388
gsk,cec2013,13,30,49,112242953,-3.9842015985e+01,1.6015798402e+02,300000,max_evaluations,1.819868
gsk,cec2013,13,30,50,113242990,-3.0032949637e+01,1.6996705036e+02,300000,max_evaluations,1.617555
gsk,cec2013,13,30,51,114243027,-3.6957936438e+01,1.6304206356e+02,300000,max_evaluations,1.796574
gsk,cec2013,14,30,1,65241210,7.0722684778e+03,7.1722684778e+03,300000,max_evaluations,1.638850
gsk,cec2013,14,30,2,66241247,6.5770122244e+03,6.6770122244e+03,300000,max_evaluations,1.671548
gsk,cec2013,14,30,3,67241284,6.6089564573e+03,6.7089564573e+03,300000,max_evaluations,1.601535
gsk,cec2013,14,30,4,68241321,6.4745436227e+03,6.5745436227e+03,300000,max_evaluations,1.692875
gsk,cec2013,14,30,5,69241358,6.4248192420e+03,6.5248192420e+03,300000,max_evaluations,1.686091
gsk,cec2013,14,30,6,70241395,6.8659569355e+03,6.9659569355e+03,300000,max_evaluations,1.661837
gsk,cec2013,14,30,7,71241432,6.7447297349e+03,6.8447297349e+03,300000,max_evaluations,1.706264
gsk,cec2013,14,30,8,72241469,7.0154369745e+03,7.1154369745e+03,300000,max_evaluations,1.688579
gsk,cec2013,14,30,9,73241506,6.4549910541e+03,6.5549910541e+03,300000,max_evaluations,1.677901
gsk,cec2013,14,30,10,74241543,6.4326061554e+03,6.5326061554e+03,300000,max_evaluations,1.778358
gsk,cec2013,14,30,11,75241580,6.8598956138e+03,6.9598956138e+03,300000,max_evaluations,1.674200
gsk,cec2013,14,30,12,76241617,6.8411961912e+03,6.9411961912e+03,300000,max_evaluations,1.775869
gsk,cec2013,14,30,13,77241654,6.7569139759e+03,6.8569139759e+03,300000,max_evaluations,1.613090
gsk,cec2013,14,30,14,78241691,6.2106874055e+03,6.3106874055e+03,300000,max_evaluations,1.681221
gsk,cec2013,14,30,15,79241728,6.8063737933e+03,6.9063737933e+03,300000,max_evaluations,1.670893
gsk,cec2013,14,30,16,80241765,6.3929186012e+03,6.4929186012e+03,300000,max_evaluations,1.897395
gsk,cec2013,14,30,17,81241802,5.6084193950e+03,5.7084193950e+03,300000,max_evaluations,1.745719
gsk,cec2013,14,30,18,82241839,6.9885500498e+03,7.0885500498e+03,300000,max_evaluations,1.944747
gsk,cec2013,14,30,19,83241876,6.7321730773e+03,6.8321730773e+03,300000,max_evaluations,1.820416
gsk,cec2013,14,30,20,84241913,6.6624947586e+03,6.7624947586e+03,300000,max_evaluations,2.002954
gsk,cec2013,14,30,21,85241950,6.8784936096e+03,6.9784936096e+03,300000,max_evaluations,1.718723
gsk,cec2013,14,30,22,86241987,6.5985122415e+03,6.6985122415e+03,300000,max_evaluations,1.815972
gsk,cec2013,14,30,23,87242024,6.6650258833e+03,6.7650258833e+03,300000,max_evaluations,1.927936
gsk,cec2013,14,30,24,88242061,6.8062584583e+03,6.9062584583e+03,300000,max_evaluations,1.836308
gsk,cec2013,14,30,25,89242098,6.3837763240e+03,6.4837763240e+03,300000,max_evaluations,1.990393
gsk,cec2013,14,30,26,90242135,6.3675778742e+03,6.4675778742e+03,300000,max_evaluations,1.827966
gsk,cec2013,14,30,27,91242172,6.6433439572e+03,6.7433439572e+03,300000,max_evaluations,1.864766
gsk,cec2013,14,30,28,92242209,6.7782071111e+03,6.8782071111e+03,300000,max_evaluations,1.932462
gsk,cec2013,14,30,29,93242246,6.7484561397e+03,6.8484561397e+03,300000,max_evaluations,1.875197
gsk,cec2013,14,30,30,94242283,6.7460450215e+03,6.8460450215e+03,300000,max_evaluations,1.794442
gsk,cec2013,14,30,31,95242320,6.4819781562e+03,6.5819781562e+03,300000,max_evaluations,1.872689
gsk,cec2013,14,30,32,96242357,6.8393846727e+03,6.9393846727e+03,300000,max_evaluations,1.904583
gsk,cec2013,14,30,33,97242394,7.0253268823e+03,7.1253268823e+03,300000,max_evaluations,1.862309
gsk,cec2013,14,30,34,98242431,6.7012518937e+03,6.8012518937e+03,300000,max_evaluations,1.908400
gsk,cec2013,14,30,35,99242468,6.5520736830e+03,6.6520736830e+03,300000,max_evaluations,1.858768
gsk,cec2013,14,30,36,100242505,6.3141325648e+03,6.4141325648e+03,300000,max_evaluations,1.869691
gsk,cec2013,14,30,37,101242542,6.6148449738e+03,6.7148449738e+03,300000,max_evaluations,1.728953
gsk,cec2013,14,30,38,102242579,6.8130692633e+03,6.9130692633e+03,300000,max_evaluations,1.927364
gsk,cec2013,14,30,39,103242616,6.3943165839e+03,6.4943165839e+03,300000,max_evaluations,1.771814
gsk,cec2013,14,30,40,104242653,6.4436742899e+03,6.5436742899e+03,300000,max_evaluations,1.818574
gsk,cec2013,14,30,41,105242690,6.8052609183e+03,6.9052609183e+03,300000,max_evaluations,1.964417
gsk,cec2013,14,30,42,106242727,6.8141640113e+03,6.9141640113e+03,300000,max_evaluations,1.773320
gsk,cec2013,14,30,43,107242764,6.8413983497e+03,6.9413983497e+03,300000,max_evaluations,1.763556
gsk,cec2013,14,30,44,108242801,6.9356474994e+03,7.0356474994e+03,300000,max_evaluations,1.912060
gsk,cec2013,14,30,45,109242838,6.7354047378e+03,6.8354047378e+03,300000,max_evaluations,1.883689
gsk,cec2013,14,30,46,110242875,6.6293147478e+03,6.7293147478e+03,300000,max_evaluations,1.541516
gsk,cec2013,14,30,47,111242912,6.4473636663e+03,6.5473636663e+03,300000,max_evaluations,1.522788
gsk,cec2013,14,30,48,112242949,7.2232926262e+03,7.3232926262e+03,300000,max_evaluations,1.423593
gsk,cec2013,14,30,49,113242986,6.4504830522e+03,6.5504830522e+03,300000,max_evaluations,1.465463
gsk,cec2013,14,30,50,114243023,6.9680622686e+03,7.0680622686e+03,300000,max_evaluations,1.463733
gsk,cec2013,14,30,51,115243060,6.6035844083e+03,6.7035844083e+03,300000,max_evaluations,1.482782
gsk,cec2013,15,30,1,66241243,7.2892390570e+03,7.1892390570e+03,300000,max_evaluations,1.793845
gsk,cec2013,15,30,2,67241280,7.2453145052e+03,7.1453145052e+03,300000,max_evaluations,1.746041
gsk,cec2013,15,30,3,68241317,7.0878497883e+03,6.9878497883e+03,300000,max_evaluations,1.730438
gsk,cec2013,15,30,4,69241354,7.3463690065e+03,7.2463690065e+03,300000,max_evaluations,1.788316
gsk,cec2013,15,30,5,70241391,7.1181729387e+03,7.0181729387e+03,300000,max_evaluations,1.724304
gsk,cec2013,15,30,6,71241428,7.2972380597e+03,7.1972380597e+03,300000,max_evaluations,1.726950
gsk,cec2013,15,30,7,72241465,7.2591017290e+03,7.1591017290e+03,300000,max_evaluations,1.733803
gsk,cec2013,15,30,8,73241502,7.2398512473e+03,7.1398512473e+03,300000,max_evaluations,1.724690
gsk,cec2013,15,30,9,74241539,6.6955301946e+03,6.5955301946e+03,300000,max_evaluations,1.761956
gsk,cec2013,15,30,10,75241576,6.6612765375e+03,6.5612765375e+03,300000,max_evaluations,1.714493
gsk,cec2013,15,30,11,76241613,6.7013616262e+03,6.6013616262e+03,300000,max_evaluations,1.760749
gsk,cec2013,15,30,12,77241650,7.4307409503e+03,7.3307409503e+03,300000,max_evaluations,1.692870
gsk,cec2013,15,30,13,78241687,7.1988368667e+03,7.0988368667e+03,300000,max_evaluations,1.722168
gsk,cec2013,15,30,14,79241724,7.4086359430e+03,7.3086359430e+03,300000,max_evaluations,1.755702
gsk,cec2013,15,30,15,80241761,6.8441944867e+03,6.7441944867e+03,300000,max_evaluations,1.742929
gsk,cec2013,15,30,16,81241798,6.7022187534e+03,6.6022187534e+03,300000,max_evaluations,1.847764
gsk,cec2013,15,30,17,82241835,7.6927255521e+03,7.5927255521e+03,300000,max_evaluations,1.872316
gsk,cec2013,15,30,18,83241872,7.5654301045e+03,7.4654301045e+03,300000,max_evaluations,1.840871
gsk,cec2013,15,30,19,84241909,7.6127846851e+03,7.5127846851e+03,300000,max_evaluations,1.801710
gsk,cec2013,15,30,20,85241946,7.4376381819e+03,7.3376381819e+03,300000,max_evaluations,1.939668
gsk,cec2013,15,30,21,86241983,7.5392591006e+03,7.4392591006e+03,300000,max_evaluations,1.960335
gsk,cec2013,15,30,22,87242020,7.5350785384e+03,7.4350785384e+03,300000,max_evaluations,1.782896
gsk,cec2013,15,30,23,88242057,6.6268295855e+03,6.5268295855e+03,300000,max_evaluations,1.917542
gsk,cec2013,15,30,24,89242094,7.1881095879e+03,7.0881095879e+03,300000,max_evaluations,1.914681
gsk,cec2013,15,30,25,90242131,6.9165564717e+03,6.8165564717e+03,300000,max_evaluations,1.995624
gsk,cec2013,15,30,26,91242168,6.7222222377e+03,6.6222222377e+03,300000,max_evaluations,1.838188
gsk,cec2013,15,30,27,92242205,7.1810539409e+03,7.0810539409e+03,300000,max_evaluations,1.785905
gsk,cec2013,15,30,28,93242242,7.1509126014e+03,7.0509126014e+03,300000,max_evaluations,1.985262
gsk,cec2013,15,30,29,94242279,7.2217528653e+03,7.1217528653e+03,300000,max_evaluations,1.764868
gsk,cec2013,15,30,30,95242316,7.2158224767e+03,7.1158224767e+03,300000,max_evaluations,1.943416
gsk,cec2013,15,30,31,96242353,7.0713174155e+03,6.9713174155e+03,300000,max_evaluations,1.843665
gsk,cec2013,15,30,32,97242390,7.1870466435e+03,7.0870466435e+03,300000,max_evaluations,1.861147
gsk,cec2013,15,30,33,98242427,6.9662367526e+03,6.8662367526e+03,300000,max_evaluations,1.747722
gsk,cec2013,15,30,34,99242464,7.0419957186e+03,6.9419957186e+03,300000,max_evaluations,1.809142
gsk,cec2013,15,30,35,100242501,6.8069342636e+03,6.7069342636e+03,300000,max_evaluations,1.935702
gsk,cec2013,15,30,36,101242538,7.2384618810e+03,7.1384618810e+03,300000,max_evaluations,1.770644
gsk,cec2013,15,30,37,102242575,7.3343358948e+03,7.2343358948e+03,300000,max_evaluations,1.958588
gsk,cec2013,15,30,38,103242612,7.4641162615e+03,7.3641162615e+03,300000,max_evaluations,1.917452
gsk,cec2013,15,30,39,104242649,7.3138188202e+03,7.2138188202e+03,300000,max_evaluations,1.885461
gsk,cec2013,15,30,40,105242686,7.2211230685e+03,7.1211230685e+03,300000,max_evaluations,1.929083
gsk,cec2013,15,30,41,106242723,7.4847907025e+03,7.3847907025e+03,300000,max_evaluations,1.882712
gsk,cec2013,15,30,42,107242760,7.3218282336e+03,7.2218282336e+03,300000,max_evaluations,2.049509
gsk,cec2013,15,30,43,108242797,7.1575080561e+03,7.0575080561e+03,300000,max_evaluations,1.816255
gsk,cec2013,15,30,44,109242834,7.1662268261e+03,7.0662268261e+03,300000,max_evaluations,2.008342
gsk,cec2013,15,30,45,110242871,7.0710850005e+03,6.9710850005e+03,300000,max_evaluations,2.045893
gsk,cec2013,15,30,46,111242908,7.5345207747e+03,7.4345207747e+03,300000,max_evaluations,1.589418
gsk,cec2013,15,30,47,112242945,6.8896841479e+03,6.7896841479e+03,300000,max_evaluations,1.719492
gsk,cec2013,15,30,48,113242982,7.0240955049e+03,6.9240955049e+03,300000,max_evaluations,1.594567
gsk,cec2013,15,30,49,114243019,6.4129296354e+03,6.3129296354e+03,300000,max_evaluations,1.586350
gsk,cec2013,15,30,50,115243056,7.4409482566e+03,7.3409482566e+03,300000,max_evaluations,1.537260
gsk,cec2013,15,30,51,116243093,7.1011572185e+03,7.0011572185e+03,300000,max_evaluations,1.601960
gsk,cec2013,16,30,1,67241276,2.0255884111e+02,2.5588411090e+00,300000,max_evaluations,2.078715
gsk,cec2013,16,30,2,68241313,2.0245395718e+02,2.4539571783e+00,300000,max_evaluations,2.073515
gsk,cec2013,16,30,3,69241350,2.0277699452e+02,2.7769945185e+00,300000,max_evaluations,2.139974
gsk,cec2013,16,30,4,70241387,2.0229256563e+02,2.2925656331e+00,300000,max_evaluations,2.062699
gsk,cec2013,16,30,5,71241424,2.0226109037e+02,2.2610903709e+00,300000,max_evaluations,2.090274
gsk,cec2013,16,30,6,72241461,2.0258176189e+02,2.5817618933e+00,300000,max_evaluations,2.115052
gsk,cec2013,16,30,7,73241498,2.0274410485e+02,2.7441048535e+00,300000,max_evaluations,2.118955
gsk,cec2013,16,30,8,74241535,2.0270820251e+02,2.7082025067e+00,300000,max_evaluations,2.179704
gsk,cec2013,16,30,9,75241572,2.0274414117e+02,2.7441411702e+00,300000,max_evaluations,2.081275
gsk,cec2013,16,30,10,76241609,2.0220992704e+02,2.2099270417e+00,300000,max_evaluations,2.053152
gsk,cec2013,16,30,11,77241646,2.0220511932e+02,2.2051193200e+00,300000,max_evaluations,2.075936
gsk,cec2013,16,30,12,78241683,2.0255752467e+02,2.5575246654e+00,300000,max_evaluations,2.056798
gsk,cec2013,16,30,13,79241720,2.0231731518e+02,2.3173151781e+00,300000,max_evaluations,2.053398
gsk,cec2013,16,30,14,80241757,2.0248821601e+02,2.4882160069e+00,300000,max_evaluations,2.107047
gsk,cec2013,16,30,15,81241794,2.0256455021e+02,2.5645502065e+00,300000,max_evaluations,2.117806
gsk,cec2013,16,30,16,82241831,2.0239685888e+02,2.3968588836e+00,300000,max_evaluations,2.090554
gsk,cec2013,16,30,17,83241868,2.0263674331e+02,2.6367433074e+00,300000,max_evaluations,2.060869
gsk,cec2013,16,30,18,84241905,2.0236587618e+02,2.3658761784e+00,300000,max_evaluations,2.115979
gsk,cec2013,16,30,19,85241942,2.0247696575e+02,2.4769657469e+00,300000,max_evaluations,2.205247
gsk,cec2013,16,30,20,86241979,2.0224499761e+02,2.2449976116e+00,300000,max_evaluations,2.201795
gsk,cec2013,16,30,21,87242016,2.0228843144e+02,2.2884314436e+00,300000,max_evaluations,2.099323
gsk,cec2013,16,30,22,88242053,2.0276294744e+02,2.7629474367e+00,300000,max_evaluations,2.158462
gsk,cec2013,16,30,23,89242090,2.0253403864e+02,2.5340386424e+00,300000,max_evaluations,2.098681
gsk,cec2013,16,30,24,90242127,2.0223991710e+02,2.2399171033e+00,300000,max_evaluations,2.050667
gsk,cec2013,16,30,25,91242164,2.0219763167e+02,2.1976316714e+00,300000,max_evaluations,2.152073
gsk,cec2013,16,30,26,92242201,2.0247427501e+02,2.4742750146e+00,300000,max_evaluations,2.250118
gsk,cec2013,16,30,27,93242238,2.0245509502e+02,2.4550950189e+00,300000,max_evaluations,2.070769
gsk,cec2013,16,30,28,94242275,2.0235239550e+02,2.3523954986e+00,300000,max_evaluations,2.222108
gsk,cec2013,16,30,29,95242312,2.0229254722e+02,2.2925472245e+00,300000,max_evaluations,2.132051
gsk,cec2013,16,30,30,96242349,2.0214340372e+02,2.1434037174e+00,300000,max_evaluations,2.193404
gsk,cec2013,16,30,31,97242386,2.0257531173e+02,2.5753117346e+00,300000,max_evaluations,2.245225
gsk,cec2013,16,30,32,98242423,2.0289995351e+02,2.8999535061e+00,300000,max_evaluations,2.285829
gsk,cec2013,16,30,33,99242460,2.0297758167e+02,2.9775816678e+00,300000,max_evaluations,2.142287
gsk,cec2013,16,30,34,100242497,2.0247780528e+02,2.4778052845e+00,300000,max_evaluations,2.316423
gsk,cec2013,16,30,35,101242534,2.0261994673e+02,2.6199467252e+00,300000,max_evaluations,2.124261
gsk,cec2013,16,30,36,102242571,2.0283619450e+02,2.8361944976e+00,300000,max_evaluations,2.299005
gsk,cec2013,16,30,37,103242608,2.0185152730e+02,1.8515272991e+00,300000,max_evaluations,2.250412
gsk,cec2013,16,30,38,104242645,2.0246029269e+02,2.4602926877e+00,300000,max_evaluations,2.160430
gsk,cec2013,16,30,39,105242682,2.0267504014e+02,2.6750401436e+00,300000,max_evaluations,2.055073
gsk,cec2013,16,30,40,106242719,2.0252943784e+02,2.5294378440e+00,300000,max_evaluations,2.191304
gsk,cec2013,16,30,41,107242756,2.0267593333e+02,2.6759333291e+00,300000,max_evaluations,2.147850
gsk,cec2013,16,30,42,108242793,2.0270774242e+02,2.7077424188e+00,300000,max_evaluations,2.301790
gsk,cec2013,16,30,43,109242830,2.0278306755e+02,2.7830675459e+00,300000,max_evaluations,2.376601
gsk,cec2013,16,30,44,110242867,2.0265995764e+02,2.6599576426e+00,300000,max_evaluations,2.425142
gsk,cec2013,16,30,45,111242904,2.0246496626e+02,2.4649662624e+00,300000,max_evaluations,2.299877
gsk,cec2013,16,30,46,112242941,2.0255087509e+02,2.5508750901e+00,300000,max_evaluations,1.817959
gsk,cec2013,16,30,47,113242978,2.0232315584e+02,2.3231558368e+00,300000,max_evaluations,1.690624
gsk,cec2013,16,30,48,114243015,2.0226831653e+02,2.2683165312e+00,300000,max_evaluations,1.851612
gsk,cec2013,16,30,49,115243052,2.0246707279e+02,2.4670727943e+00,300000,max_evaluations,1.796233
gsk,cec2013,16,30,50,116243089,2.0244614400e+02,2.4461440013e+00,300000,max_evaluations,1.849729
gsk,cec2013,16,30,51,117243126,2.0245849832e+02,2.4584983170e+00,300000,max_evaluations,1.853387
gsk,cec2013,17,30,1,68241309,4.7073767270e+02,1.7073767270e+02,300000,max_evaluations,1.661369
gsk,cec2013,17,30,2,69241346,4.8125572063e+02,1.8125572063e+02,300000,max_evaluations,1.594999
gsk,cec2013,17,30,3,70241383,4.8073366371e+02,1.8073366371e+02,300000,max_evaluations,1.658003
gsk,cec2013,17,30,4,71241420,4.7368741819e+02,1.7368741819e+02,300000,max_evaluations,1.595182
gsk,cec2013,17,30,5,72241457,4.6787952915e+02,1.6787952915e+02,300000,max_evaluations,1.575069
gsk,cec2013,17,30,6,73241494,4.7363016621e+02,1.7363016621e+02,300000,max_evaluations,1.681015
gsk,cec2013,17,30,7,74241531,4.8579985741e+02,1.8579985741e+02,300000,max_evaluations,1.633418
gsk,cec2013,17,30,8,75241568,4.6317574856e+02,1.6317574856e+02,300000,max_evaluations,1.518438
gsk,cec2013,17,30,9,76241605,4.6646821877e+02,1.6646821877e+02,300000,max_evaluations,1.637334
gsk,cec2013,17,30,10,77241642,4.8010847870e+02,1.8010847870e+02,300000,max_evaluations,1.646316
gsk,cec2013,17,30,11,78241679,4.7868724748e+02,1.7868724748e+02,300000,max_evaluations,1.662771
gsk,cec2013,17,30,12,79241716,4.8051197845e+02,1.8051197845e+02,300000,max_evaluations,1.619993
gsk,cec2013,17,30,13,80241753,4.7829380012e+02,1.7829380012e+02,300000,max_evaluations,1.687779
gsk,cec2013,17,30,14,81241790,4.8131922856e+02,1.8131922856e+02,300000,max_evaluations,1.687902
gsk,cec2013,17,30,15,82241827,4.7273870386e+02,1.7273870386e+02,300000,max_evaluations,1.703028
gsk,cec2013,17,30,16,83241864,4.6514818463e+02,1.6514818463e+02,300000,max_evaluations,1.588213
gsk,cec2013,17,30,17,84241901,4.8320320241e+02,1.8320320241e+02,300000,max_evaluations,1.660277
gsk,cec2013,17,30,18,85241938,4.4394696449e+02,1.4394696449e+02,300000,max_evaluations,1.677880
gsk,cec2013,17,30,19,86241975,4.8045080400e+02,1.8045080400e+02,300000,max_evaluations,1.651828
gsk,cec2013,17,30,20,87242012,4.8417415794e+02,1.8417415794e+02,300000,max_evaluations,1.584484
gsk,cec2013,17,30,21,88242049,4.8015671181e+02,1.8015671181e+02,300000,max_evaluations,1.605938
gsk,cec2013,17,30,22,89242086,4.7335974396e+02,1.7335974396e+02,300000,max_evaluations,1.722773
gsk,cec2013,17,30,23,90242123,4.8002806159e+02,1.8002806159e+02,300000,max_evaluations,1.657570
gsk,cec2013,17,30,24,91242160,4.8558339513e+02,1.8558339513e+02,300000,max_evaluations,1.652513
gsk,cec2013,17,30,25,92242197,4.7792102289e+02,1.7792102289e+02,300000,max_evaluations,1.630411
gsk,cec2013,17,30,26,93242234,4.8951843257e+02,1.8951843257e+02,300000,max_evaluations,1.667961
gsk,cec2013,17,30,27,94242271,4.6285537412e+02,1.6285537412e+02,300000,max_evaluations,1.653349
gsk,cec2013,17,30,28,95242308,4.6626215887e+02,1.6626215887e+02,300000,max_evaluations,1.567032
gsk,cec2013,17,30,29,96242345,4.5790127130e+02,1.5790127130e+02,300000,max_evaluations,1.668838
gsk,cec2013,17,30,30,97242382,4.5735073025e+02,1.5735073025e+02,300000,max_evaluations,1.616290
gsk,cec2013,17,30,31,98242419,4.8202146298e+02,1.8202146298e+02,300000,max_evaluations,1.694541
gsk,cec2013,17,30,32,99242456,4.5418722547e+02,1.5418722547e+02,300000,max_evaluations,1.744906
gsk,cec2013,17,30,33,100242493,4.7024956503e+02,1.7024956503e+02,300000,max_evaluations,1.725691
gsk,cec2013,17,30,34,101242530,4.6934021130e+02,1.6934021130e+02,300000,max_evaluations,1.654257
gsk,cec2013,17,30,35,102242567,4.8689863309e+02,1.8689863309e+02,300000,max_evaluations,1.718926
gsk,cec2013,17,30,36,103242604,4.7587593900e+02,1.7587593900e+02,300000,max_evaluations,1.789643
gsk,cec2013,17,30,37,104242641,4.5936205060e+02,1.5936205060e+02,300000,max_evaluations,1.716348
gsk,cec2013,17,30,38,105242678,4.6971472282e+02,1.6971472282e+02,300000,max_evaluations,1.721182
gsk,cec2013,17,30,39,106242715,4.8237962865e+02,1.8237962865e+02,300000,max_evaluations,1.658913
gsk,cec2013,17,30,40,107242752,4.6983711714e+02,1.6983711714e+02,300000,max_evaluations,1.760244
gsk,cec2013,17,30,41,108242789,4.7839272677e+02,1.7839272677e+02,300000,max_evaluations,1.766399
gsk,cec2013,17,30,42,109242826,4.7311061027e+02,1.7311061027e+02,300000,max_evaluations,1.589126
gsk,cec2013,17,30,43,110242863,4.7317001823e+02,1.7317001823e+02,300000,max_evaluations,1.738984
gsk,cec2013,17,30,44,111242900,4.8458702884e+02,1.8458702884e+02,300000,max_evaluations,1.714884
gsk,cec2013,17,30,45,112242937,4.8749463204e+02,1.8749463204e+02,300000,max_evaluations,1.795145
gsk,cec2013,17,30,46,113242974,4.8014461216e+02,1.8014461216e+02,300000,max_evaluations,1.361304
gsk,cec2013,17,30,47,114243011,4.7995087462e+02,1.7995087462e+02,300000,max_evaluations,1.297938
gsk,cec2013,17,30,48,115243048,4.7592769706e+02,1.7592769706e+02,300000,max_evaluations,1.494041
gsk,cec2013,17,30,49,116243085,4.7730643016e+02,1.7730643016e+02,300000,max_evaluations,1.569555
gsk,cec2013,17,30,50,117243122,4.7635755303e+02,1.7635755303e+02,300000,max_evaluations,1.479740
gsk,cec2013,17,30,51,118243159,4.6341097313e+02,1.6341097313e+02,300000,max_evaluations,1.374660
gsk,cec2013,18,30,1,69241342,5.9598118405e+02,1.9598118405e+02,300000,max_evaluations,1.564586
gsk,cec2013,18,30,2,70241379,5.8948928500e+02,1.8948928500e+02,300000,max_evaluations,1.612037
gsk,cec2013,18,30,3,71241416,6.0867050496e+02,2.0867050496e+02,300000,max_evaluations,1.792180
gsk,cec2013,18,30,4,72241453,5.8373542204e+02,1.8373542204e+02,300000,max_evaluations,1.808885
gsk,cec2013,18,30,5,73241490,6.0258884031e+02,2.0258884031e+02,300000,max_evaluations,1.788450
gsk,cec2013,18,30,6,74241527,5.8723769489e+02,1.8723769489e+02,300000,max_evaluations,1.741431
gsk,cec2013,18,30,7,75241564,5.9796338068e+02,1.9796338068e+02,300000,max_evaluations,1.790525
gsk,cec2013,18,30,8,76241601,5.8470656566e+02,1.8470656566e+02,300000,max_evaluations,1.817083
gsk,cec2013,18,30,9,77241638,5.8732400066e+02,1.8732400066e+02,300000,max_evaluations,1.674328
gsk,cec2013,18,30,10,78241675,5.8678926522e+02,1.8678926522e+02,300000,max_evaluations,1.710739
gsk,cec2013,18,30,11,79241712,5.7760538528e+02,1.7760538528e+02,300000,max_evaluations,1.725984
gsk,cec2013,18,30,12,80241749,5.9828853059e+02,1.9828853059e+02,300000,max_evaluations,1.712999
gsk,cec2013,18,30,13,81241786,5.8899845942e+02,1.8899845942e+02,300000,max_evaluations,1.849355
gsk,cec2013,18,30,14,82241823,5.9081614286e+02,1.9081614286e+02,300000,max_evaluations,1.776083
gsk,cec2013,18,30,15,83241860,5.9966818719e+02,1.9966818719e+02,300000,max_evaluations,1.799953
gsk,cec2013,18,30,16,84241897,5.7579173686e+02,1.7579173686e+02,300000,max_evaluations,1.730940
gsk,cec2013,18,30,17,85241934,6.0535762024e+02,2.0535762024e+02,300000,max_evaluations,1.784627
gsk,cec2013,18,30,18,86241971,5.8581774662e+02,1.8581774662e+02,300000,max_evaluations,1.729363
gsk,cec2013,18,30,19,87242008,5.9925780430e+02,1.9925780430e+02,300000,max_evaluations,1.744632
gsk,cec2013,18,30,20,88242045,5.7623458648e+02,1.7623458648e+02,300000,max_evaluations,1.711194
gsk,cec2013,18,30,21,89242082,5.9916595084e+02,1.9916595084e+02,300000,max_evaluations,1.776123
gsk,cec2013,18,30,22,90242119,5.8576202770e+02,1.8576202770e+02,300000,max_evaluations,1.785698
gsk,cec2013,18,30,23,91242156,6.0140692674e+02,2.0140692674e+02,300000,max_evaluations,1.771267
gsk,cec2013,18,30,24,92242193,6.0115707780e+02,2.0115707780e+02,300000,max_evaluations,1.732113
gsk,cec2013,18,30,25,93242230,5.9550765217e+02,1.9550765217e+02,300000,max_evaluations,1.847273
gsk,cec2013,18,30,26,94242267,5.9350071670e+02,1.9350071670e+02,300000,max_evaluations,1.707120
gsk,cec2013,18,30,27,95242304,5.9569516542e+02,1.9569516542e+02,300000,max_evaluations,1.668054
gsk,cec2013,18,30,28,96242341,5.9700917170e+02,1.9700917170e+02,300000,max_evaluations,1.714969
gsk,cec2013,18,30,29,97242378,5.9916303599e+02,1.9916303599e+02,300000,max_evaluations,1.774006
gsk,cec2013,18,30,30,98242415,5.9481583374e+02,1.9481583374e+02,300000,max_evaluations,1.684992
gsk,cec2013,18,30,31,99242452,6.0279350125e+02,2.0279350125e+02,300000,max_evaluations,1.909373
gsk,cec2013,18,30,32,100242489,5.9009914183e+02,1.9009914183e+02,300000,max_evaluations,1.934067
gsk,cec2013,18,30,33,101242526,5.9838565871e+02,1.9838565871e+02,300000,max_evaluations,1.869951
gsk,cec2013,18,30,34,102242563,5.9442443359e+02,1.9442443359e+02,300000,max_evaluations,1.829538
gsk,cec2013,18,30,35,103242600,5.9113729427e+02,1.9113729427e+02,300000,max_evaluations,1.782735
gsk,cec2013,18,30,36,104242637,5.9739847200e+02,1.9739847200e+02,300000,max_evaluations,1.833547
gsk,cec2013,18,30,37,105242674,5.9638164251e+02,1.9638164251e+02,300000,max_evaluations,1.853237
gsk,cec2013,18,30,38,106242711,5.8719459264e+02,1.8719459264e+02,300000,max_evaluations,1.734614
gsk,cec2013,18,30,39,107242748,6.0553629820e+02,2.0553629820e+02,300000,max_evaluations,1.879113
gsk,cec2013,18,30,40,108242785,5.9143083206e+02,1.9143083206e+02,300000,max_evaluations,1.724441
gsk,cec2013,18,30,41,109242822,5.8450408768e+02,1.8450408768e+02,300000,max_evaluations,1.901379
gsk,cec2013,18,30,42,110242859,6.0149066090e+02,2.0149066090e+02,300000,max_evaluations,1.800667
gsk,cec2013,18,30,43,111242896,5.9524778524e+02,1.9524778524e+02,300000,max_evaluations,1.800341
gsk,cec2013,18,30,44,112242933,5.9515122167e+02,1.9515122167e+02,300000,max_evaluations,1.769421
gsk,cec2013,18,30,45,113242970,5.7560829068e+02,1.7560829068e+02,300000,max_evaluations,1.733431
gsk,cec2013,18,30,46,114243007,5.8945069523e+02,1.8945069523e+02,300000,max_evaluations,1.520317
gsk,cec2013,18,30,47,115243044,5.9441253494e+02,1.9441253494e+02,300000,max_evaluations,1.473422
gsk,cec2013,18,30,48,116243081,5.8218678601e+02,1.8218678601e+02,300000,max_evaluations,1.604419
gsk,cec2013,18,30,49,117243118,5.9819023300e+02,1.9819023300e+02,300000,max_evaluations,1.551854
gsk,cec2013,18,30,50,118243155,5.9181995910e+02,1.9181995910e+02,300000,max_evaluations,1.529683
gsk,cec2013,18,30,51,119243192,5.8670190725e+02,1.8670190725e+02,300000,max_evaluations,1.480517
gsk,cec2013,19,30,1,70241375,5.1352090988e+02,1.3520909882e+01,300000,max_evaluations,1.528013
gsk,cec2013,19,30,2,71241412,5.1178331504e+02,1.1783315040e+01,300000,max_evaluations,1.483865
gsk,cec2013,19,30,3,72241449,5.0495591971e+02,4.9559197091e+00,300000,max_evaluations,1.498498
gsk,cec2013,19,30,4,73241486,5.1262440230e+02,1.2624402298e+01,300000,max_evaluations,1.526898
gsk,cec2013,19,30,5,74241523,5.1032263478e+02,1.0322634781e+01,300000,max_evaluations,1.534005
gsk,cec2013,19,30,6,75241560,5.1246397228e+02,1.2463972279e+01,300000,max_evaluations,1.490002
gsk,cec2013,19,30,7,76241597,5.1095989474e+02,1.0959894743e+01,300000,max_evaluations,1.552861
gsk,cec2013,19,30,8,77241634,5.1294426184e+02,1.2944261842e+01,300000,max_evaluations,1.611933
gsk,cec2013,19,30,9,78241671,5.1239841482e+02,1.2398414823e+01,300000,max_evaluations,1.456643
gsk,cec2013,19,30,10,79241708,5.1209111620e+02,1.2091116203e+01,300000,max_evaluations,1.513535
gsk,cec2013,19,30,11,80241745,5.1088821892e+02,1.0888218920e+01,300000,max_evaluations,1.420230
gsk,cec2013,19,30,12,81241782,5.1191339836e+02,1.1913398361e+01,300000,max_evaluations,1.456880
gsk,cec2013,19,30,13,82241819,5.0567958720e+02,5.6795872025e+00,300000,max_evaluations,1.561818
gsk,cec2013,19,30,14,83241856,5.1229905144e+02,1.2299051435e+01,300000,max_evaluations,1.569490
gsk,cec2013,19,30,15,84241893,5.1289896571e+02,1.2898965710e+01,300000,max_evaluations,1.499387
gsk,cec2013,19,30,16,85241930,5.1155955303e+02,1.1559553027e+01,300000,max_evaluations,1.530663
gsk,cec2013,19,30,17,86241967,5.1174303937e+02,1.1743039374e+01,300000,max_evaluations,1.453779
gsk,cec2013,19,30,18,87242004,5.1208888906e+02,1.2088889064e+01,300000,max_evaluations,1.433747
gsk,cec2013,19,30,19,88242041,5.1188131424e+02,1.1881314241e+01,300000,max_evaluations,1.461329
gsk,cec2013,19,30,20,89242078,5.1221740758e+02,1.2217407584e+01,300000,max_evaluations,1.466524
gsk,cec2013,19,30,21,90242115,5.1125619566e+02,1.1256195658e+01,300000,max_evaluations,1.527657
gsk,cec2013,19,30,22,91242152,5.1339232450e+02,1.3392324503e+01,300000,max_evaluations,1.471817
gsk,cec2013,19,30,23,92242189,5.1171687519e+02,1.1716875192e+01,300000,max_evaluations,1.477748
gsk,cec2013,19,30,24,93242226,5.1532256410e+02,1.5322564102e+01,300000,max_evaluations,1.463848
gsk,cec2013,19,30,25,94242263,5.1376707656e+02,1.3767076562e+01,300000,max_evaluations,1.439833
gsk,cec2013,19,30,26,95242300,5.1256438764e+02,1.2564387638e+01,300000,max_evaluations,1.509433
gsk,cec2013,19,30,27,96242337,5.1180943487e+02,1.1809434867e+01,300000,max_evaluations,1.482890
gsk,cec2013,19,30,28,97242374,5.1449607454e+02,1.4496074539e+01,300000,max_evaluations,1.454316
gsk,cec2013,19,30,29,98242411,5.1158068580e+02,1.1580685804e+01,300000,max_evaluations,1.505883
gsk,cec2013,19,30,30,99242448,5.0973598921e+02,9.7359892106e+00,300000,max_evaluations,1.546345
gsk,cec2013,19,30,31,100242485,5.1272980645e+02,1.2729806447e+01,300000,max_evaluations,1.490592
gsk,cec2013,19,30,32,101242522,5.1194893711e+02,1.1948937107e+01,300000,max_evaluations,1.505991
gsk,cec2013,19,30,33,102242559,5.1088165722e+02,1.0881657222e+01,300000,max_evaluations,1.579069
gsk,cec2013,19,30,34,103242596,5.0512587694e+02,5.1258769378e+00,300000,max_evaluations,1.537953
gsk,cec2013,19,30,35,104242633,5.1319176828e+02,1.3191768283e+01,300000,max_evaluations,1.506512
gsk,cec2013,19,30,36,105242670,5.0886950978e+02,8.8695097798e+00,300000,max_evaluations,1.450246
gsk,cec2013,19,30,37,106242707,5.0920005034e+02,9.2000503356e+00,300000,max_evaluations,1.554478
gsk,cec2013,19,30,38,107242744,5.1112805432e+02,1.1128054322e+01,300000,max_evaluations,1.437663
gsk,cec2013,19,30,39,108242781,5.1250625488e+02,1.2506254878e+01,300000,max_evaluations,1.611351
gsk,cec2013,19,30,40,109242818,5.0762240847e+02,7.6224084665e+00,300000,max_evaluations,1.469453
gsk,cec2013,19,30,41,110242855,5.1254228745e+02,1.2542287450e+01,300000,max_evaluations,1.481178
gsk,cec2013,19,30,42,111242892,5.0588632611e+02,5.8863261096e+00,300000,max_evaluations,1.595850
gsk,cec2013,19,30,43,112242929,5.1281792555e+02,1.2817925549e+01,300000,max_evaluations,1.554499
gsk,cec2013,19,30,44,113242966,5.0761327803e+02,7.6132780262e+00,300000,max_evaluations,1.584022
gsk,cec2013,19,30,45,114243003,5.1127762511e+02,1.1277625106e+01,300000,max_evaluations,1.548723
gsk,cec2013,19,30,46,115243040,5.1196249387e+02,1.1962493875e+01,300000,max_evaluations,1.368890
gsk,cec2013,19,30,47,116243077,5.0738546588e+02,7.3854658752e+00,300000,max_evaluations,1.356714
gsk,cec2013,19,30,48,117243114,5.0994022538e+02,9.9402253796e+00,300000,max_evaluations,1.405978
gsk,cec2013,19,30,49,118243151,5.1294587527e+02,1.2945875271e+01,300000,max_evaluations,1.474554
gsk,cec2013,19,30,50,119243188,5.1367550146e+02,1.3675501455e+01,300000,max_evaluations,1.342919
gsk,cec2013,19,30,51,120243225,5.1209879739e+02,1.2098797395e+01,300000,max_evaluations,1.406806
gsk,cec2013,20,30,1,71241408,6.1189699130e+02,1.1896991303e+01,300000,max_evaluations,1.708686
gsk,cec2013,20,30,2,72241445,6.1215932129e+02,1.2159321292e+01,300000,max_evaluations,1.785383
gsk,cec2013,20,30,3,73241482,6.1159996771e+02,1.1599967713e+01,300000,max_evaluations,1.703933
gsk,cec2013,20,30,4,74241519,6.1191311763e+02,1.1913117626e+01,300000,max_evaluations,1.660326
gsk,cec2013,20,30,5,75241556,6.1148333955e+02,1.1483339551e+01,300000,max_evaluations,1.749711
gsk,cec2013,20,30,6,76241593,6.1148429406e+02,1.1484294059e+01,300000,max_evaluations,1.688329
gsk,cec2013,20,30,7,77241630,6.1158991997e+02,1.1589919969e+01,300000,max_evaluations,1.744307
gsk,cec2013,20,30,8,78241667,6.1169327940e+02,1.1693279399e+01,300000,max_evaluations,1.730921
gsk,cec2013,20,30,9,79241704,6.1160531703e+02,1.1605317034e+01,300000,max_evaluations,1.648356
gsk,cec2013,20,30,10,80241741,6.1183389772e+02,1.1833897718e+01,300000,max_evaluations,1.744614
gsk,cec2013,20,30,11,81241778,6.1179731056e+02,1.1797310560e+01,300000,max_evaluations,1.707527
gsk,cec2013,20,30,12,82241815,6.1133443245e+02,1.1334432454e+01,300000,max_evaluations,1.753093
gsk,cec2013,20,30,13,83241852,6.1199681809e+02,1.1996818086e+01,300000,max_evaluations,1.735591
gsk,cec2013,20,30,14,84241889,6.1236204954e+02,1.2362049537e+01,300000,max_evaluations,1.726959
gsk,cec2013,20,30,15,85241926,6.1196374021e+02,1.1963740208e+01,300000,max_evaluations,1.754766
gsk,cec2013,20,30,16,86241963,6.1182703527e+02,1.1827035270e+01,300000,max_evaluations,1.713787
gsk,cec2013,20,30,17,87242000,6.1150841698e+02,1.1508416981e+01,300000,max_evaluations,1.755163
gsk,cec2013,20,30,18,88242037,6.1240841252e+02,1.2408412524e+01,300000,max_evaluations,1.741751
gsk,cec2013,20,30,19,89242074,6.1207109751e+02,1.2071097511e+01,300000,max_evaluations,1.775831
gsk,cec2013,20,30,20,90242111,6.1106429139e+02,1.1064291387e+01,300000,max_evaluations,1.749882
gsk,cec2013,20,30,21,91242148,6.1083604118e+02,1.0836041183e+01,300000,max_evaluations,1.735365
gsk,cec2013,20,30,22,92242185,6.1142348937e+02,1.1423489371e+01,300000,max_evaluations,1.723082
gsk,cec2013,20,30,23,93242222,6.1173167265e+02,1.1731672652e+01,300000,max_evaluations,1.702754
gsk,cec2013,20,30,24,94242259,6.1198570497e+02,1.1985704973e+01,300000,max_evaluations,1.712118
gsk,cec2013,20,30,25,95242296,6.1223398475e+02,1.2233984750e+01,300000,max_evaluations,1.756801
gsk,cec2013,20,30,26,96242333,6.1201164827e+02,1.2011648273e+01,300000,max_evaluations,1.783418
gsk,cec2013,20,30,27,97242370,6.1165591480e+02,1.1655914800e+01,300000,max_evaluations,1.688052
gsk,cec2013,20,30,28,98242407,6.1199804580e+02,1.1998045796e+01,300000,max_evaluations,1.703683
gsk,cec2013,20,30,29,99242444,6.1206525840e+02,1.2065258396e+01,300000,max_evaluations,1.692709
gsk,cec2013,20,30,30,100242481,6.1167661433e+02,1.1676614326e+01,300000,max_evaluations,1.771047
gsk,cec2013,20,30,31,101242518,6.1185904916e+02,1.1859049164e+01,300000,max_evaluations,1.778923
gsk,cec2013,20,30,32,102242555,6.1191523113e+02,1.1915231131e+01,300000,max_evaluations,1.799370
gsk,cec2013,20,30,33,103242592,6.1202470263e+02,1.2024702630e+01,300000,max_evaluations,1.925400
gsk,cec2013,20,30,34,104242629,6.1189254304e+02,1.1892543038e+01,300000,max_evaluations,1.754503
gsk,cec2013,20,30,35,105242666,6.1118354990e+02,1.1183549896e+01,300000,max_evaluations,1.862038
gsk,cec2013,20,30,36,106242703,6.1136131013e+02,1.1361310127e+01,300000,max_evaluations,1.835109
gsk,cec2013,20,30,37,107242740,6.1189582899e+02,1.1895828988e+01,300000,max_evaluations,1.887506
gsk,cec2013,20,30,38,108242777,6.1167530993e+02,1.1675309933e+01,300000,max_evaluations,1.845565
gsk,cec2013,20,30,39,109242814,6.1132744147e+02,1.1327441470e+01,300000,max_evaluations,1.750151
gsk,cec2013,20,30,40,110242851,6.1136224115e+02,1.1362241147e+01,300000,max_evaluations,1.866730
gsk,cec2013,20,30,41,111242888,6.1168167418e+02,1.1681674181e+01,300000,max_evaluations,1.742646
gsk,cec2013,20,30,42,112242925,6.1155991142e+02,1.1559911417e+01,300000,max_evaluations,1.866256
gsk,cec2013,20,30,43,113242962,6.1155372042e+02,1.1553720421e+01,300000,max_evaluations,1.854312
gsk,cec2013,20,30,44,114242999,6.1117662198e+02,1.1176621975e+01,300000,max_evaluations,1.840812
gsk,cec2013,20,30,45,115243036,6.1201486496e+02,1.2014864956e+01,300000,max_evaluations,1.793205
gsk,cec2013,20,30,46,116243073,6.1161380757e+02,1.1613807569e+01,300000,max_evaluations,1.444080
gsk,cec2013,20,30,47,117243110,6.1207478216e+02,1.2074782156e+01,300000,max_evaluations,1.583657
gsk,cec2013,20,30,48,118243147,6.1218452082e+02,1.2184520819e+01,300000,max_evaluations,1.515116
gsk,cec2013,20,30,49,119243184,6.1198575643e+02,1.1985756432e+01,300000,max_evaluations,1.501496
gsk,cec2013,20,30,50,120243221,6.1118928089e+02,1.1189280889e+01,300000,max_evaluations,1.458268
gsk,cec2013,20,30,51,121243258,6.1252587757e+02,1.2525877568e+01,300000,max_evaluations,1.641931
gsk,cec2013,21,30,1,72241441,1.0000000000e+03,3.0000000000e+02,300000,max_evaluations,2.484775
gsk,cec2013,21,30,2,73241478,9.0000000000e+02,2.0000000000e+02,300000,max_evaluations,2.544404
gsk,cec2013,21,30,3,74241515,1.0000000000e+03,3.0000000000e+02,300000,max_evaluations,2.458958
gsk,cec2013,21,30,4,75241552,1.0000000000e+03,3.0000000000e+02,300000,max_evaluations,2.509571
gsk,cec2013,21,30,5,76241589,1.0000000000e+03,3.0000000000e+02,300000,max_evaluations,2.511278
gsk,cec2013,21,30,6,77241626,1.0000000000e+03,3.0000000000e+02,300000,max_evaluations,2.442589
gsk,cec2013,21,30,7,78241663,1.0000000000e+03,3.0000000000e+02,300000,max_evaluations,2.381365
gsk,cec2013,21,30,8,79241700,1.0000000000e+03,3.0000000000e+02,300000,max_evaluations,2.427180
gsk,cec2013,21,30,9,80241737,1.0000000000e+03,3.0000000000e+02,300000,max_evaluations,2.524048
gsk,cec2013,21,30,10,81241774,1.0000000000e+03,3.0000000000e+02,300000,max_evaluations,2.349104
gsk,cec2013,21,30,11,82241811,1.0000000000e+03,3.0000000000e+02,300000,max_evaluations,2.407907
gsk,cec2013,21,30,12,83241848,1.1435441417e+03,4.4354414166e+02,300000,max_evaluations,2.438786
gsk,cec2013,21,30,13,84241885,9.0000000000e+02,2.0000000000e+02,300000,max_evaluations,2.451961
gsk,cec2013,21,30,14,85241922,9.0000000000e+02,2.0000000000e+02,300000,max_evaluations,2.483253
gsk,cec2013,21,30,15,86241959,1.0000000000e+03,3.0000000000e+02,300000,max_evaluations,2.544521
gsk,cec2013,21,30,16,87241996,1.1435441417e+03,4.4354414166e+02,300000,max_evaluations,2.536427
gsk,cec2013,21,30,17,88242033,1.1435441417e+03,4.4354414166e+02,300000,max_evaluations,2.550217
gsk,cec2013,21,30,18,89242070,1.1435441417e+03,4.4354414166e+02,300000,max_evaluations,2.378837
gsk,cec2013,21,30,19,90242107,1.0000000000e+03,3.0000000000e+02,300000,max_evaluations,2.627844
gsk,cec2013,21,30,20,91242144,1.0000000000e+03,3.0000000000e+02,300000,max_evaluations,2.422168
gsk,cec2013,21,30,21,92242181,9.0000000000e+02,2.0000000000e+02,300000,max_evaluations,2.459735
gsk,cec2013,21,30,22,93242218,1.1435441417e+03,4.4354414166e+02,300000,max_evaluations,2.497633
gsk,cec2013,21,30,23,94242255,1.0000000000e+03,3.0000000000e+02,300000,max_evaluations,2.585600
gsk,cec2013,21,30,24,95242292,1.1435441417e+03,4.4354414166e+02,300000,max_evaluations,2.573848
gsk,cec2013,21,30,25,96242329,1.1435441417e+03,4.4354414166e+02,300000,max_evaluations,2.433347
gsk,cec2013,21,30,26,97242366,1.1435441417e+03,4.4354414166e+02,300000,max_evaluations,2.651943
gsk,cec2013,21,30,27,98242403,1.0000000000e+03,3.0000000000e+02,300000,max_evaluations,2.405492
gsk,cec2013,21,30,28,99242440,1.0000000000e+03,3.0000000000e+02,300000,max_evaluations,2.472201
gsk,cec2013,21,30,29,100242477,9.0000000000e+02,2.0000000000e+02,300000,max_evaluations,2.585795
gsk,cec2013,21,30,30,101242514,1.0000000000e+03,3.0000000000e+02,300000,max_evaluations,2.434366
gsk,cec2013,21,30,31,102242551,1.1435441417e+03,4.4354414166e+02,300000,max_evaluations,2.650213
gsk,cec2013,21,30,32,103242588,9.0000000000e+02,2.0000000000e+02,300000,max_evaluations,2.761119
gsk,cec2013,21,30,33,104242625,1.0000000000e+03,3.0000000000e+02,300000,max_evaluations,2.746006
gsk,cec2013,21,30,34,105242662,1.0000000000e+03,3.0000000000e+02,300000,max_evaluations,2.668519
gsk,cec2013,21,30,35,106242699,1.1435441417e+03,4.4354414166e+02,300000,max_evaluations,2.577035
gsk,cec2013,21,30,36,107242736,9.0000000000e+02,2.0000000000e+02,300000,max_evaluations,2.593060
gsk,cec2013,21,30,37,108242773,1.0000000000e+03,3.0000000000e+02,300000,max_evaluations,2.575561
gsk,cec2013,21,30,38,109242810,1.1435441417e+03,4.4354414166e+02,300000,max_evaluations,2.564538
gsk,cec2013,21,30,39,110242847,1.1435441417e+03,4.4354414166e+02,300000,max_evaluations,2.691517
gsk,cec2013,21,30,40,111242884,1.0000000000e+03,3.0000000000e+02,300000,max_evaluations,2.760314
gsk,cec2013,21,30,41,112242921,1.0000000000e+03,3.0000000000e+02,300000,max_evaluations,2.833656
gsk,cec2013,21,30,42,113242958,1.0000000000e+03,3.0000000000e+02,300000,max_evaluations,2.738985
gsk,cec2013,21,30,43,114242995,1.0000000000e+03,3.0000000000e+02,300000,max_evaluations,2.650844
gsk,cec2013,21,30,44,115243032,1.1435441417e+03,4.4354414166e+02,300000,max_evaluations,2.593081
gsk,cec2013,21,30,45,116243069,1.1435441417e+03,4.4354414166e+02,300000,max_evaluations,2.783624
gsk,cec2013,21,30,46,117243106,1.0000000000e+03,3.0000000000e+02,300000,max_evaluations,2.058303
gsk,cec2013,21,30,47,118243143,1.0000000000e+03,3.0000000000e+02,300000,max_evaluations,2.087454
gsk,cec2013,21,30,48,119243180,1.1435441417e+03,4.4354414166e+02,300000,max_evaluations,2.195174
gsk,cec2013,21,30,49,120243217,1.0000000000e+03,3.0000000000e+02,300000,max_evaluations,2.108269
gsk,cec2013,21,30,50,121243254,1.1435441417e+03,4.4354414166e+02,300000,max_evaluations,2.048616
gsk,cec2013,21,30,51,122243291,1.0000000000e+03,3.0000000000e+02,300000,max_evaluations,2.097822
gsk,cec2013,22,30,1,73241474,7.5544296182e+03,6.7544296182e+03,300000,max_evaluations,2.616654
gsk,cec2013,22,30,2,74241511,7.4109996233e+03,6.6109996233e+03,300000,max_evaluations,2.619020
gsk,cec2013,22,30,3,75241548,7.2807279108e+03,6.4807279108e+03,300000,max_evaluations,2.595853
gsk,cec2013,22,30,4,76241585,7.9754030057e+03,7.1754030057e+03,300000,max_evaluations,2.732086
gsk,cec2013,22,30,5,77241622,7.4991388364e+03,6.6991388364e+03,300000,max_evaluations,2.696302
gsk,cec2013,22,30,6,78241659,7.6846191583e+03,6.8846191583e+03,300000,max_evaluations,2.643293
gsk,cec2013,22,30,7,79241696,7.6692360412e+03,6.8692360412e+03,300000,max_evaluations,2.605021
gsk,cec2013,22,30,8,80241733,7.9232837989e+03,7.1232837989e+03,300000,max_evaluations,2.653406
gsk,cec2013,22,30,9,81241770,7.7068899595e+03,6.9068899595e+03,300000,max_evaluations,2.695721
gsk,cec2013,22,30,10,82241807,7.1656622322e+03,6.3656622322e+03,300000,max_evaluations,2.602730
gsk,cec2013,22,30,11,83241844,7.2120716129e+03,6.4120716129e+03,300000,max_evaluations,2.657446
gsk,cec2013,22,30,12,84241881,7.4606063886e+03,6.6606063886e+03,300000,max_evaluations,2.625757
gsk,cec2013,22,30,13,85241918,7.7252083651e+03,6.9252083651e+03,300000,max_evaluations,2.689259
gsk,cec2013,22,30,14,86241955,7.6770635874e+03,6.8770635874e+03,300000,max_evaluations,2.628220
gsk,cec2013,22,30,15,87241992,7.0816770725e+03,6.2816770725e+03,300000,max_evaluations,2.633675
gsk,cec2013,22,30,16,88242029,7.5207437078e+03,6.7207437078e+03,300000,max_evaluations,2.739187
gsk,cec2013,22,30,17,89242066,7.6054439741e+03,6.8054439741e+03,300000,max_evaluations,2.894041
gsk,cec2013,22,30,18,90242103,7.4284069202e+03,6.6284069202e+03,300000,max_evaluations,2.941979
gsk,cec2013,22,30,19,91242140,6.8727307179e+03,6.0727307179e+03,300000,max_evaluations,2.683588
gsk,cec2013,22,30,20,92242177,7.3401531633e+03,6.5401531633e+03,300000,max_evaluations,2.779332
gsk,cec2013,22,30,21,93242214,7.6744312421e+03,6.8744312421e+03,300000,max_evaluations,2.702515
gsk,cec2013,22,30,22,94242251,6.7443485161e+03,5.9443485161e+03,300000,max_evaluations,2.739615
gsk,cec2013,22,30,23,95242288,7.5993512770e+03,6.7993512770e+03,300000,max_evaluations,2.658700
gsk,cec2013,22,30,24,96242325,7.6129604039e+03,6.8129604039e+03,300000,max_evaluations,2.732207
gsk,cec2013,22,30,25,97242362,7.4004776341e+03,6.6004776341e+03,300000,max_evaluations,2.824493
gsk,cec2013,22,30,26,98242399,7.4574341048e+03,6.6574341048e+03,300000,max_evaluations,2.754333
gsk,cec2013,22,30,27,99242436,7.8102960171e+03,7.0102960171e+03,300000,max_evaluations,2.817901
gsk,cec2013,22,30,28,100242473,7.8234888071e+03,7.0234888071e+03,300000,max_evaluations,2.715666
gsk,cec2013,22,30,29,101242510,7.4190174686e+03,6.6190174686e+03,300000,max_evaluations,2.884550
gsk,cec2013,22,30,30,102242547,7.0926122671e+03,6.2926122671e+03,300000,max_evaluations,2.721854
gsk,cec2013,22,30,31,103242584,7.2315007259e+03,6.4315007259e+03,300000,max_evaluations,3.144486
gsk,cec2013,22,30,32,104242621,6.7909863885e+03,5.9909863885e+03,300000,max_evaluations,2.851835
gsk,cec2013,22,30,33,105242658,7.5121879238e+03,6.7121879238e+03,300000,max_evaluations,3.061350
gsk,cec2013,22,30,34,106242695,7.3653242528e+03,6.5653242528e+03,300000,max_evaluations,2.927955
gsk,cec2013,22,30,35,107242732,7.7994729492e+03,6.9994729492e+03,300000,max_evaluations,2.914611
gsk,cec2013,22,30,36,108242769,7.1795289650e+03,6.3795289650e+03,300000,max_evaluations,3.034607
gsk,cec2013,22,30,37,109242806,7.8953097698e+03,7.0953097698e+03,300000,max_evaluations,3.001187
gsk,cec2013,22,30,38,110242843,7.4032840660e+03,6.6032840660e+03,300000,max_evaluations,2.970805
gsk,cec2013,22,30,39,111242880,7.2042465734e+03,6.4042465734e+03,300000,max_evaluations,2.952985
gsk,cec2013,22,30,40,112242917,7.3787455765e+03,6.5787455765e+03,300000,max_evaluations,2.977048
gsk,cec2013,22,30,41,113242954,7.5217372961e+03,6.7217372961e+03,300000,max_evaluations,2.885157
gsk,cec2013,22,30,42,114242991,6.2903425746e+03,5.4903425746e+03,300000,max_evaluations,2.957419
gsk,cec2013,22,30,43,115243028,7.6293688592e+03,6.8293688592e+03,300000,max_evaluations,2.758838
gsk,cec2013,22,30,44,116243065,7.3977935053e+03,6.5977935053e+03,300000,max_evaluations,2.973063
gsk,cec2013,22,30,45,117243102,7.5393412772e+03,6.7393412772e+03,300000,max_evaluations,2.974293
gsk,cec2013,22,30,46,118243139,7.9223222519e+03,7.1223222519e+03,300000,max_evaluations,2.556789
gsk,cec2013,22,30,47,119243176,7.5137350765e+03,6.7137350765e+03,300000,max_evaluations,2.523156
gsk,cec2013,22,30,48,120243213,7.6244356086e+03,6.8244356086e+03,300000,max_evaluations,2.631253
gsk,cec2013,22,30,49,121243250,7.3280338233e+03,6.5280338233e+03,300000,max_evaluations,2.479691
gsk,cec2013,22,30,50,122243287,7.6940597507e+03,6.8940597507e+03,300000,max_evaluations,2.396572
gsk,cec2013,22,30,51,123243324,6.6739569579e+03,5.8739569579e+03,300000,max_evaluations,2.570162
gsk,cec2013,23,30,1,74241507,8.2150636445e+03,7.3150636445e+03,300000,max_evaluations,2.902322
gsk,cec2013,23,30,2,75241544,7.6447339107e+03,6.7447339107e+03,300000,max_evaluations,2.904759
gsk,cec2013,23,30,3,76241581,7.7223036755e+03,6.8223036755e+03,300000,max_evaluations,2.905833
gsk,cec2013,23,30,4,77241618,7.6926992280e+03,6.7926992280e+03,300000,max_evaluations,2.801260
gsk,cec2013,23,30,5,78241655,7.7474569717e+03,6.8474569717e+03,300000,max_evaluations,2.809867
gsk,cec2013,23,30,6,79241692,7.8622472603e+03,6.9622472603e+03,300000,max_evaluations,2.779447
gsk,cec2013,23,30,7,80241729,8.1707348650e+03,7.2707348650e+03,300000,max_evaluations,2.747316
gsk,cec2013,23,30,8,81241766,7.6836193061e+03,6.7836193061e+03,300000,max_evaluations,2.855156
gsk,cec2013,23,30,9,82241803,7.6391842399e+03,6.7391842399e+03,300000,max_evaluations,2.989524
gsk,cec2013,23,30,10,83241840,7.8424293286e+03,6.9424293286e+03,300000,max_evaluations,2.816486
gsk,cec2013,23,30,11,84241877,8.2392830113e+03,7.3392830113e+03,300000,max_evaluations,2.858838
gsk,cec2013,23,30,12,85241914,8.1368457007e+03,7.2368457007e+03,300000,max_evaluations,2.822124
gsk,cec2013,23,30,13,86241951,8.0299183928e+03,7.1299183928e+03,300000,max_evaluations,2.829023
gsk,cec2013,23,30,14,87241988,7.4058247471e+03,6.5058247471e+03,300000,max_evaluations,2.872011
gsk,cec2013,23,30,15,88242025,8.2205099098e+03,7.3205099098e+03,300000,max_evaluations,2.952042
gsk,cec2013,23,30,16,89242062,7.9029501635e+03,7.0029501635e+03,300000,max_evaluations,3.090786
gsk,cec2013,23,30,17,90242099,7.7474325138e+03,6.8474325138e+03,300000,max_evaluations,3.224815
gsk,cec2013,23,30,18,91242136,7.5729222511e+03,6.6729222511e+03,300000,max_evaluations,3.228923
gsk,cec2013,23,30,19,92242173,7.1440847204e+03,6.2440847204e+03,300000,max_evaluations,3.042406
gsk,cec2013,23,30,20,93242210,8.0089261899e+03,7.1089261899e+03,300000,max_evaluations,3.000107
gsk,cec2013,23,30,21,94242247,7.9738465010e+03,7.0738465010e+03,300000,max_evaluations,2.839250
gsk,cec2013,23,30,22,95242284,8.0329535152e+03,7.1329535152e+03,300000,max_evaluations,2.938791
gsk,cec2013,23,30,23,96242321,7.9609182437e+03,7.0609182437e+03,300000,max_evaluations,2.886816
gsk,cec2013,23,30,24,97242358,8.2518799206e+03,7.3518799206e+03,300000,max_evaluations,3.088117
gsk,cec2013,23,30,25,98242395,7.8423079778e+03,6.9423079778e+03,300000,max_evaluations,3.078771
gsk,cec2013,23,30,26,99242432,7.6071787308e+03,6.7071787308e+03,300000,max_evaluations,2.948961
gsk,cec2013,23,30,27,100242469,7.9451017194e+03,7.0451017194e+03,300000,max_evaluations,3.053602
gsk,cec2013,23,30,28,101242506,7.3938340984e+03,6.4938340984e+03,300000,max_evaluations,3.141968
gsk,cec2013,23,30,29,102242543,8.3572397319e+03,7.4572397319e+03,300000,max_evaluations,2.969730
gsk,cec2013,23,30,30,103242580,8.2379506474e+03,7.3379506474e+03,300000,max_evaluations,3.002023
gsk,cec2013,23,30,31,104242617,7.2863810065e+03,6.3863810065e+03,300000,max_evaluations,2.998941
gsk,cec2013,23,30,32,105242654,7.9121667945e+03,7.0121667945e+03,300000,max_evaluations,3.230541
gsk,cec2013,23,30,33,106242691,7.9286985345e+03,7.0286985345e+03,300000,max_evaluations,3.085817
gsk,cec2013,23,30,34,107242728,7.6826225790e+03,6.7826225790e+03,300000,max_evaluations,3.151953
gsk,cec2013,23,30,35,108242765,8.3512400192e+03,7.4512400192e+03,300000,max_evaluations,3.192626
gsk,cec2013,23,30,36,109242802,8.1188958864e+03,7.2188958864e+03,300000,max_evaluations,3.211759
gsk,cec2013,23,30,37,110242839,8.1868593351e+03,7.2868593351e+03,300000,max_evaluations,3.191741
gsk,cec2013,23,30,38,111242876,8.4404590524e+03,7.5404590524e+03,300000,max_evaluations,3.056478
gsk,cec2013,23,30,39,112242913,8.0367139836e+03,7.1367139836e+03,300000,max_evaluations,3.287671
gsk,cec2013,23,30,40,113242950,8.2089627632e+03,7.3089627632e+03,300000,max_evaluations,3.061537
gsk,cec2013,23,30,41,114242987,8.2568864948e+03,7.3568864948e+03,300000,max_evaluations,3.177236
gsk,cec2013,23,30,42,115243024,8.3023085176e+03,7.4023085176e+03,300000,max_evaluations,3.355827
gsk,cec2013,23,30,43,116243061,7.8186804962e+03,6.9186804962e+03,300000,max_evaluations,3.145288
gsk,cec2013,23,30,44,117243098,8.1950940480e+03,7.2950940480e+03,300000,max_evaluations,3.210283
gsk,cec2013,23,30,45,118243135,7.3914121817e+03,6.4914121817e+03,300000,max_evaluations,3.272416
gsk,cec2013,23,30,46,119243172,8.2767899390e+03,7.3767899390e+03,300000,max_evaluations,2.492224
gsk,cec2013,23,30,47,120243209,7.7573224384e+03,6.8573224384e+03,300000,max_evaluations,2.715536
gsk,cec2013,23,30,48,121243246,8.0078553605e+03,7.1078553605e+03,300000,max_evaluations,2.626003
gsk,cec2013,23,30,49,122243283,8.0645356825e+03,7.1645356825e+03,300000,max_evaluations,2.734421
gsk,cec2013,23,30,50,123243320,7.9195099463e+03,7.0195099463e+03,300000,max_evaluations,2.632926
gsk,cec2013,23,30,51,124243357,8.1099612117e+03,7.2099612117e+03,300000,max_evaluations,2.659619
gsk,cec2013,24,30,1,75241540,1.2003250585e+03,2.0032505845e+02,300000,max_evaluations,6.417397
gsk,cec2013,24,30,2,76241577,1.2000249530e+03,2.0002495303e+02,300000,max_evaluations,6.247912
gsk,cec2013,24,30,3,77241614,1.2001978583e+03,2.0019785832e+02,300000,max_evaluations,6.160841
gsk,cec2013,24,30,4,78241651,1.2000156613e+03,2.0001566134e+02,300000,max_evaluations,6.240490
gsk,cec2013,24,30,5,79241688,1.2000139500e+03,2.0001394999e+02,300000,max_evaluations,6.362583
gsk,cec2013,24,30,6,80241725,1.2002710524e+03,2.0027105242e+02,300000,max_evaluations,6.350684
gsk,cec2013,24,30,7,81241762,1.2000311699e+03,2.0003116991e+02,300000,max_evaluations,6.295822
gsk,cec2013,24,30,8,82241799,1.2000522035e+03,2.0005220349e+02,300000,max_evaluations,6.113281
gsk,cec2013,24,30,9,83241836,1.2000253129e+03,2.0002531287e+02,300000,max_evaluations,6.254717
gsk,cec2013,24,30,10,84241873,1.2000395976e+03,2.0003959757e+02,300000,max_evaluations,6.085473
gsk,cec2013,24,30,11,85241910,1.2000901020e+03,2.0009010198e+02,300000,max_evaluations,6.191617
gsk,cec2013,24,30,12,86241947,1.2000071953e+03,2.0000719531e+02,300000,max_evaluations,6.245560
gsk,cec2013,24,30,13,87241984,1.2000263201e+03,2.0002632010e+02,300000,max_evaluations,6.000895
gsk,cec2013,24,30,14,88242021,1.2003983468e+03,2.0039834678e+02,300000,max_evaluations,6.515280
gsk,cec2013,24,30,15,89242058,1.2000108899e+03,2.0001088987e+02,300000,max_evaluations,6.077788
gsk,cec2013,24,30,16,90242095,1.2000132033e+03,2.0001320332e+02,300000,max_evaluations,6.881415
gsk,cec2013,24,30,17,91242132,1.2000075600e+03,2.0000755996e+02,300000,max_evaluations,6.683197
gsk,cec2013,24,30,18,92242169,1.2001225343e+03,2.0012253435e+02,300000,max_evaluations,6.736021
gsk,cec2013,24,30,19,93242206,1.2002106375e+03,2.0021063750e+02,300000,max_evaluations,7.165177
gsk,cec2013,24,30,20,94242243,1.2001428467e+03,2.0014284666e+02,300000,max_evaluations,6.823171
gsk,cec2013,24,30,21,95242280,1.2000022421e+03,2.0000224212e+02,300000,max_evaluations,6.735450
gsk,cec2013,24,30,22,96242317,1.2000414177e+03,2.0004141768e+02,300000,max_evaluations,7.259688
gsk,cec2013,24,30,23,97242354,1.2000184830e+03,2.0001848296e+02,300000,max_evaluations,6.814764
gsk,cec2013,24,30,24,98242391,1.2000005679e+03,2.0000056786e+02,300000,max_evaluations,6.687861
gsk,cec2013,24,30,25,99242428,1.2001524848e+03,2.0015248485e+02,300000,max_evaluations,7.085612
gsk,cec2013,24,30,26,100242465,1.2000624630e+03,2.0006246304e+02,300000,max_evaluations,6.861050
gsk,cec2013,24,30,27,101242502,1.2000410408e+03,2.0004104082e+02,300000,max_evaluations,7.118234
gsk,cec2013,24,30,28,102242539,1.2000887155e+03,2.0008871547e+02,300000,max_evaluations,7.204485
gsk,cec2013,24,30,29,103242576,1.2000381875e+03,2.0003818750e+02,300000,max_evaluations,6.857619
gsk,cec2013,24,30,30,104242613,1.2000549514e+03,2.0005495141e+02,300000,max_evaluations,6.914927
gsk,cec2013,24,30,31,105242650,1.2000003709e+03,2.0000037087e+02,300000,max_evaluations,7.097508
gsk,cec2013,24,30,32,106242687,1.2001334623e+03,2.0013346227e+02,300000,max_evaluations,6.944354
gsk,cec2013,24,30,33,107242724,1.2000365039e+03,2.0003650390e+02,300000,max_evaluations,7.055200
gsk,cec2013,24,30,34,108242761,1.2000997699e+03,2.0009976990e+02,300000,max_evaluations,7.166387
gsk,cec2013,24,30,35,109242798,1.2000556111e+03,2.0005561111e+02,300000,max_evaluations,7.263732
gsk,cec2013,24,30,36,110242835,1.2000142713e+03,2.0001427131e+02,300000,max_evaluations,7.365897
gsk,cec2013,24,30,37,111242872,1.2000127431e+03,2.0001274311e+02,300000,max_evaluations,7.379450
gsk,cec2013,24,30,38,112242909,1.2000054352e+03,2.0000543515e+02,300000,max_evaluations,7.185485
gsk,cec2013,24,30,39,113242946,1.2000396528e+03,2.0003965282e+02,300000,max_evaluations,7.399167
gsk,cec2013,24,30,40,114242983,1.2000116077e+03,2.0001160770e+02,300000,max_evaluations,7.300306
gsk,cec2013,24,30,41,115243020,1.2000548728e+03,2.0005487283e+02,300000,max_evaluations,7.106618
gsk,cec2013,24,30,42,116243057,1.2000314774e+03,2.0003147744e+02,300000,max_evaluations,6.908704
gsk,cec2013,24,30,43,117243094,1.2002882050e+03,2.0028820500e+02,300000,max_evaluations,7.205821
gsk,cec2013,24,30,44,118243131,1.2001314345e+03,2.0013143448e+02,300000,max_evaluations,7.291179
gsk,cec2013,24,30,45,119243168,1.2000115277e+03,2.0001152774e+02,300000,max_evaluations,6.948345
gsk,cec2013,24,30,46,120243205,1.2000495182e+03,2.0004951822e+02,300000,max_evaluations,5.782773
gsk,cec2013,24,30,47,121243242,1.2001177572e+03,2.0011775718e+02,300000,max_evaluations,5.779801
gsk,cec2013,24,30,48,122243279,1.2000908431e+03,2.0009084310e+02,300000,max_evaluations,5.872426
gsk,cec2013,24,30,49,123243316,1.2000169013e+03,2.0001690126e+02,300000,max_evaluations,5.674936
gsk,cec2013,24,30,50,124243353,1.2001369804e+03,2.0013698039e+02,300000,max_evaluations,5.837019
gsk,cec2013,24,30,51,125243390,1.2000186184e+03,2.0001861841e+02,300000,max_evaluations,5.476727
gsk,cec2013,25,30,1,76241573,1.3621280190e+03,2.6212801896e+02,300000,max_evaluations,8.072390
gsk,cec2013,25,30,2,77241610,1.4045618311e+03,3.0456183107e+02,300000,max_evaluations,7.540351
gsk,cec2013,25,30,3,78241647,1.3550420201e+03,2.5504202009e+02,300000,max_evaluations,7.637103
gsk,cec2013,25,30,4,79241684,1.4014723543e+03,3.0147235427e+02,300000,max_evaluations,7.787847
gsk,cec2013,25,30,5,80241721,1.4100773934e+03,3.1007739344e+02,300000,max_evaluations,8.108226
gsk,cec2013,25,30,6,81241758,1.3441891795e+03,2.4418917946e+02,300000,max_evaluations,7.253665
gsk,cec2013,25,30,7,82241795,1.3673835510e+03,2.6738355100e+02,300000,max_evaluations,7.961535
gsk,cec2013,25,30,8,83241832,1.3640976295e+03,2.6409762952e+02,300000,max_evaluations,8.136124
gsk,cec2013,25,30,9,84241869,1.3480506867e+03,2.4805068666e+02,300000,max_evaluations,7.116256
gsk,cec2013,25,30,10,85241906,1.4032907190e+03,3.0329071901e+02,300000,max_evaluations,7.607775
gsk,cec2013,25,30,11,86241943,1.3614404530e+03,2.6144045299e+02,300000,max_evaluations,7.045920
gsk,cec2013,25,30,12,87241980,1.3414435128e+03,2.4144351279e+02,300000,max_evaluations,7.269758
gsk,cec2013,25,30,13,88242017,1.3382247676e+03,2.3822476756e+02,300000,max_evaluations,6.992144
gsk,cec2013,25,30,14,89242054,1.3396844977e+03,2.3968449773e+02,300000,max_evaluations,7.262925
gsk,cec2013,25,30,15,90242091,1.3558256691e+03,2.5582566910e+02,300000,max_evaluations,7.087790
gsk,cec2013,25,30,16,91242128,1.3515368892e+03,2.5153688921e+02,300000,max_evaluations,7.826166
gsk,cec2013,25,30,17,92242165,1.3627063593e+03,2.6270635930e+02,300000,max_evaluations,8.068376
gsk,cec2013,25,30,18,93242202,1.3536700503e+03,2.5367005025e+02,300000,max_evaluations,7.370884
gsk,cec2013,25,30,19,94242239,1.3536152203e+03,2.5361522028e+02,300000,max_evaluations,7.747427
gsk,cec2013,25,30,20,95242276,1.4050637728e+03,3.0506377283e+02,300000,max_evaluations,8.552192
gsk,cec2013,25,30,21,96242313,1.3684868736e+03,2.6848687358e+02,300000,max_evaluations,7.406209
gsk,cec2013,25,30,22,97242350,1.3552067650e+03,2.5520676501e+02,300000,max_evaluations,8.150272
gsk,cec2013,25,30,23,98242387,1.3455727545e+03,2.4557275446e+02,300000,max_evaluations,7.250335
gsk,cec2013,25,30,24,99242424,1.3643903475e+03,2.6439034750e+02,300000,max_evaluations,8.306277
gsk,cec2013,25,30,25,100242461,1.3474637596e+03,2.4746375956e+02,300000,max_evaluations,7.917679
gsk,cec2013,25,30,26,101242498,1.3367420152e+03,2.3674201516e+02,300000,max_evaluations,7.588288
gsk,cec2013,25,30,27,102242535,1.4095993536e+03,3.0959935358e+02,300000,max_evaluations,8.680414
gsk,cec2013,25,30,28,103242572,1.3702518156e+03,2.7025181559e+02,300000,max_evaluations,8.279638
gsk,cec2013,25,30,29,104242609,1.3479192169e+03,2.4791921690e+02,300000,max_evaluations,8.284308
gsk,cec2013,25,30,30,105242646,1.3447400904e+03,2.4474009039e+02,300000,max_evaluations,8.112117
gsk,cec2013,25,30,31,106242683,1.4027089919e+03,3.0270899190e+02,300000,max_evaluations,8.412988
gsk,cec2013,25,30,32,107242720,1.3378172247e+03,2.3781722469e+02,300000,max_evaluations,8.162993
gsk,cec2013,25,30,33,108242757,1.3440741383e+03,2.4407413829e+02,300000,max_evaluations,7.725163
gsk,cec2013,25,30,34,109242794,1.3507599497e+03,2.5075994971e+02,300000,max_evaluations,7.711879
gsk,cec2013,25,30,35,110242831,1.3475473098e+03,2.4754730978e+02,300000,max_evaluations,8.876735
gsk,cec2013,25,30,36,111242868,1.3494850374e+03,2.4948503745e+02,300000,max_evaluations,8.267900
gsk,cec2013,25,30,37,112242905,1.3489085967e+03,2.4890859674e+02,300000,max_evaluations,8.448966
gsk,cec2013,25,30,38,113242942,1.3374726172e+03,2.3747261724e+02,300000,max_evaluations,7.893061
gsk,cec2013,25,30,39,114242979,1.3476639775e+03,2.4766397748e+02,300000,max_evaluations,7.857317
gsk,cec2013,25,30,40,115243016,1.4089687598e+03,3.0896875984e+02,300000,max_evaluations,8.583410
gsk,cec2013,25,30,41,116243053,1.4007239058e+03,3.0072390578e+02,300000,max_evaluations,8.391894
gsk,cec2013,25,30,42,117243090,1.3672250174e+03,2.6722501735e+02,300000,max_evaluations,8.608336
gsk,cec2013,25,30,43,118243127,1.3654691189e+03,2.6546911890e+02,300000,max_evaluations,8.294369
gsk,cec2013,25,30,44,119243164,1.3637498242e+03,2.6374982420e+02,300000,max_evaluations,8.101278
gsk,cec2013,25,30,45,120243201,1.3448279473e+03,2.4482794726e+02,300000,max_evaluations,8.069205
gsk,cec2013,25,30,46,121243238,1.3706946432e+03,2.7069464324e+02,300000,max_evaluations,7.161634
gsk,cec2013,25,30,47,122243275,1.3564430790e+03,2.5644307897e+02,300000,max_evaluations,7.092696
gsk,cec2013,25,30,48,123243312,1.3526183752e+03,2.5261837517e+02,300000,max_evaluations,6.847517
gsk,cec2013,25,30,49,124243349,1.3529609672e+03,2.5296096720e+02,300000,max_evaluations,6.479902
gsk,cec2013,25,30,50,125243386,1.3660581591e+03,2.6605815906e+02,300000,max_evaluations,6.807433
gsk,cec2013,25,30,51,126243423,1.3671211080e+03,2.6712110797e+02,300000,max_evaluations,7.014735
gsk,cec2013,26,30,1,77241606,1.4000095619e+03,2.0000956194e+02,300000,max_evaluations,8.036699
gsk,cec2013,26,30,2,78241643,1.4000135304e+03,2.0001353037e+02,300000,max_evaluations,8.125127
gsk,cec2013,26,30,3,79241680,1.4000163605e+03,2.0001636045e+02,300000,max_evaluations,8.118340
gsk,cec2013,26,30,4,80241717,1.4000088393e+03,2.0000883927e+02,300000,max_evaluations,7.935458
gsk,cec2013,26,30,5,81241754,1.4000133693e+03,2.0001336928e+02,300000,max_evaluations,8.229833
gsk,cec2013,26,30,6,82241791,1.4000032618e+03,2.0000326180e+02,300000,max_evaluations,8.215102
gsk,cec2013,26,30,7,83241828,1.4000282057e+03,2.0002820574e+02,300000,max_evaluations,8.199030
gsk,cec2013,26,30,8,84241865,1.4000135702e+03,2.0001357021e+02,300000,max_evaluations,8.061166
gsk,cec2013,26,30,9,85241902,1.4000114050e+03,2.0001140499e+02,300000,max_evaluations,8.050166
gsk,cec2013,26,30,10,86241939,1.4000159178e+03,2.0001591779e+02,300000,max_evaluations,7.976403
gsk,cec2013,26,30,11,87241976,1.4000131109e+03,2.0001311095e+02,300000,max_evaluations,7.977165
gsk,cec2013,26,30,12,88242013,1.4000132040e+03,2.0001320396e+02,300000,max_evaluations,7.995061
gsk,cec2013,26,30,13,89242050,1.4000120940e+03,2.0001209404e+02,300000,max_evaluations,7.904090
gsk,cec2013,26,30,14,90242087,1.4000126473e+03,2.0001264734e+02,300000,max_evaluations,8.017025
gsk,cec2013,26,30,15,91242124,1.4000152176e+03,2.0001521756e+02,300000,max_evaluations,7.829829
gsk,cec2013,26,30,16,92242161,1.4000143350e+03,2.0001433495e+02,300000,max_evaluations,8.712161
gsk,cec2013,26,30,17,93242198,1.4000072888e+03,2.0000728880e+02,300000,max_evaluations,8.773471
gsk,cec2013,26,30,18,94242235,1.4000120399e+03,2.0001203993e+02,300000,max_evaluations,8.554266
gsk,cec2013,26,30,19,95242272,1.4000182573e+03,2.0001825734e+02,300000,max_evaluations,8.699810
gsk,cec2013,26,30,20,96242309,1.4000173276e+03,2.0001732762e+02,300000,max_evaluations,8.970662
gsk,cec2013,26,30,21,97242346,1.4000134503e+03,2.0001345034e+02,300000,max_evaluations,9.030597
gsk,cec2013,26,30,22,98242383,1.4000167374e+03,2.0001673743e+02,300000,max_evaluations,8.687835
gsk,cec2013,26,30,23,99242420,1.4000146279e+03,2.0001462790e+02,300000,max_evaluations,9.082107
gsk,cec2013,26,30,24,100242457,1.4000061181e+03,2.0000611806e+02,300000,max_evaluations,8.959923
gsk,cec2013,26,30,25,101242494,1.4000383185e+03,2.0003831846e+02,300000,max_evaluations,9.031846
gsk,cec2013,26,30,26,102242531,1.4000090871e+03,2.0000908709e+02,300000,max_evaluations,9.059523
gsk,cec2013,26,30,27,103242568,1.4000119062e+03,2.0001190623e+02,300000,max_evaluations,8.849048
gsk,cec2013,26,30,28,104242605,1.4000264791e+03,2.0002647911e+02,300000,max_evaluations,9.173390
gsk,cec2013,26,30,29,105242642,1.4000162445e+03,2.0001624448e+02,300000,max_evaluations,9.062784
gsk,cec2013,26,30,30,106242679,1.4000137673e+03,2.0001376727e+02,300000,max_evaluations,9.114198
gsk,cec2013,26,30,31,107242716,1.4000414027e+03,2.0004140270e+02,300000,max_evaluations,9.044033
gsk,cec2013,26,30,32,108242753,1.4000173996e+03,2.0001739963e+02,300000,max_evaluations,8.924604
gsk,cec2013,26,30,33,109242790,1.4000226507e+03,2.0002265067e+02,300000,max_evaluations,9.161515
gsk,cec2013,26,30,34,110242827,1.4000070985e+03,2.0000709850e+02,300000,max_evaluations,8.942973
gsk,cec2013,26,30,35,111242864,1.4000128748e+03,2.0001287482e+02,300000,max_evaluations,9.057991
gsk,cec2013,26,30,36,112242901,1.4000323350e+03,2.0003233501e+02,300000,max_evaluations,8.769201
gsk,cec2013,26,30,37,113242938,1.4000164746e+03,2.0001647464e+02,300000,max_evaluations,9.126224
gsk,cec2013,26,30,38,114242975,1.4000117644e+03,2.0001176442e+02,300000,max_evaluations,9.429650
gsk,cec2013,26,30,39,115243012,1.4000055152e+03,2.0000551518e+02,300000,max_evaluations,9.086014
gsk,cec2013,26,30,40,116243049,1.4000117793e+03,2.0001177932e+02,300000,max_evaluations,9.728979
gsk,cec2013,26,30,41,117243086,1.4000185101e+03,2.0001851008e+02,300000,max_evaluations,9.296429
gsk,cec2013,26,30,42,118243123,1.4000150321e+03,2.0001503207e+02,300000,max_evaluations,9.661746
gsk,cec2013,26,30,43,119243160,1.4000107597e+03,2.0001075966e+02,300000,max_evaluations,9.521409
gsk,cec2013,26,30,44,120243197,1.4000184502e+03,2.0001845024e+02,300000,max_evaluations,9.448512
gsk,cec2013,26,30,45,121243234,1.4000112000e+03,2.0001120004e+02,300000,max_evaluations,9.325097
gsk,cec2013,26,30,46,122243271,1.4000157835e+03,2.0001578348e+02,300000,max_evaluations,7.561250
gsk,cec2013,26,30,47,123243308,1.4000121103e+03,2.0001211027e+02,300000,max_evaluations,7.692340
gsk,cec2013,26,30,48,124243345,1.4000088467e+03,2.0000884669e+02,300000,max_evaluations,7.426409
gsk,cec2013,26,30,49,125243382,1.4000192408e+03,2.0001924079e+02,300000,max_evaluations,7.535222
gsk,cec2013,26,30,50,126243419,1.4000083072e+03,2.0000830716e+02,300000,max_evaluations,7.397278
gsk,cec2013,26,30,51,127243456,1.4000085692e+03,2.0000856919e+02,300000,max_evaluations,7.862930
gsk,cec2013,27,30,1,78241639,1.6012532943e+03,3.0125329435e+02,300000,max_evaluations,6.845314
gsk,cec2013,27,30,2,79241676,1.6093407402e+03,3.0934074023e+02,300000,max_evaluations,6.924319
gsk,cec2013,27,30,3,80241713,1.6077190424e+03,3.0771904240e+02,300000,max_evaluations,6.888711
gsk,cec2013,27,30,4,81241750,1.6057350312e+03,3.0573503120e+02,300000,max_evaluations,7.030276
gsk,cec2013,27,30,5,82241787,1.6019456965e+03,3.0194569650e+02,300000,max_evaluations,6.847463
gsk,cec2013,27,30,6,83241824,1.6382207762e+03,3.3822077621e+02,300000,max_evaluations,6.786254
gsk,cec2013,27,30,7,84241861,1.6005214443e+03,3.0052144433e+02,300000,max_evaluations,6.863231
gsk,cec2013,27,30,8,85241898,1.6003619858e+03,3.0036198579e+02,300000,max_evaluations,6.988718
gsk,cec2013,27,30,9,86241935,1.6539977980e+03,3.5399779803e+02,300000,max_evaluations,7.054928
gsk,cec2013,27,30,10,87241972,1.6155544916e+03,3.1555449159e+02,300000,max_evaluations,6.648828
gsk,cec2013,27,30,11,88242009,1.6043391969e+03,3.0433919687e+02,300000,max_evaluations,7.209127
gsk,cec2013,27,30,12,89242046,1.6173271010e+03,3.1732710103e+02,300000,max_evaluations,6.976372
gsk,cec2013,27,30,13,90242083,1.6084977921e+03,3.0849779208e+02,300000,max_evaluations,6.939313
gsk,cec2013,27,30,14,91242120,1.6165506917e+03,3.1655069173e+02,300000,max_evaluations,6.875224
gsk,cec2013,27,30,15,92242157,1.6051682754e+03,3.0516827536e+02,300000,max_evaluations,7.029713
gsk,cec2013,27,30,16,93242194,1.6024250731e+03,3.0242507315e+02,300000,max_evaluations,7.385707
gsk,cec2013,27,30,17,94242231,1.6004025105e+03,3.0040251053e+02,300000,max_evaluations,7.326426
gsk,cec2013,27,30,18,95242268,1.6228124956e+03,3.2281249564e+02,300000,max_evaluations,7.776771
gsk,cec2013,27,30,19,96242305,1.6003586189e+03,3.0035861894e+02,300000,max_evaluations,7.638222
gsk,cec2013,27,30,20,97242342,1.6023559700e+03,3.0235596999e+02,300000,max_evaluations,8.031388
gsk,cec2013,27,30,21,98242379,1.8187015249e+03,5.1870152491e+02,300000,max_evaluations,8.196476
gsk,cec2013,27,30,22,99242416,1.6085696514e+03,3.0856965135e+02,300000,max_evaluations,8.065637
gsk,cec2013,27,30,23,100242453,1.6091249297e+03,3.0912492974e+02,300000,max_evaluations,7.635624
gsk,cec2013,27,30,24,101242490,1.6016800656e+03,3.0168006559e+02,300000,max_evaluations,7.200003
gsk,cec2013,27,30,25,102242527,1.6124654286e+03,3.1246542857e+02,300000,max_evaluations,7.259502
gsk,cec2013,27,30,26,103242564,1.6006971703e+03,3.0069717026e+02,300000,max_evaluations,7.686104
gsk,cec2013,27,30,27,104242601,1.6001018435e+03,3.0010184345e+02,300000,max_evaluations,7.817134
gsk,cec2013,27,30,28,105242638,1.6008960872e+03,3.0089608724e+02,300000,max_evaluations,7.531114
gsk,cec2013,27,30,29,106242675,1.6346323283e+03,3.3463232827e+02,300000,max_evaluations,7.901113
gsk,cec2013,27,30,30,107242712,1.7941506967e+03,4.9415069672e+02,300000,max_evaluations,7.582070
gsk,cec2013,27,30,31,108242749,1.6126635260e+03,3.1266352595e+02,300000,max_evaluations,7.665378
gsk,cec2013,27,30,32,109242786,1.6043922187e+03,3.0439221875e+02,300000,max_evaluations,7.984033
gsk,cec2013,27,30,33,110242823,1.6000559724e+03,3.0005597236e+02,300000,max_evaluations,7.414549
gsk,cec2013,27,30,34,111242860,1.6065516073e+03,3.0655160729e+02,300000,max_evaluations,7.897306
gsk,cec2013,27,30,35,112242897,1.6449972571e+03,3.4499725712e+02,300000,max_evaluations,8.208043
gsk,cec2013,27,30,36,113242934,1.6115425614e+03,3.1154256137e+02,300000,max_evaluations,8.225100
gsk,cec2013,27,30,37,114242971,1.6023146348e+03,3.0231463483e+02,300000,max_evaluations,7.744003
gsk,cec2013,27,30,38,115243008,1.6040406315e+03,3.0404063154e+02,300000,max_evaluations,8.201313
gsk,cec2013,27,30,39,116243045,1.6107698375e+03,3.1076983748e+02,300000,max_evaluations,7.979524
gsk,cec2013,27,30,40,117243082,1.6004355490e+03,3.0043554898e+02,300000,max_evaluations,7.467697
gsk,cec2013,27,30,41,118243119,1.6682972093e+03,3.6829720926e+02,300000,max_evaluations,7.969300
gsk,cec2013,27,30,42,119243156,1.6001867353e+03,3.0018673532e+02,300000,max_evaluations,8.268425
gsk,cec2013,27,30,43,120243193,1.6037286985e+03,3.0372869845e+02,300000,max_evaluations,7.587094
gsk,cec2013,27,30,44,121243230,1.6096004195e+03,3.0960041947e+02,300000,max_evaluations,8.038921
gsk,cec2013,27,30,45,122243267,1.6007388069e+03,3.0073880687e+02,300000,max_evaluations,7.487654
gsk,cec2013,27,30,46,123243304,1.6032146010e+03,3.0321460096e+02,300000,max_evaluations,6.708793
gsk,cec2013,27,30,47,124243341,1.6005423201e+03,3.0054232014e+02,300000,max_evaluations,6.635350
gsk,cec2013,27,30,48,125243378,1.6198415527e+03,3.1984155267e+02,300000,max_evaluations,6.302868
gsk,cec2013,27,30,49,126243415,1.6325258128e+03,3.3252581281e+02,300000,max_evaluations,6.654213
gsk,cec2013,27,30,50,127243452,1.6120311549e+03,3.1203115492e+02,300000,max_evaluations,6.169626
gsk,cec2013,27,30,51,128243489,1.6201430223e+03,3.2014302228e+02,300000,max_evaluations,6.431529
gsk,cec2013,28,30,1,79241672,1.7000000000e+03,3.0000000000e+02,300000,max_evaluations,3.106797
gsk,cec2013,28,30,2,80241709,1.7000000000e+03,3.0000000000e+02,300000,max_evaluations,3.258873
gsk,cec2013,28,30,3,81241746,1.7000000000e+03,3.0000000000e+02,300000,max_evaluations,3.173116
gsk,cec2013,28,30,4,82241783,1.7000000000e+03,3.0000000000e+02,300000,max_evaluations,3.182524
gsk,cec2013,28,30,5,83241820,1.7000000000e+03,3.0000000000e+02,300000,max_evaluations,3.237122
gsk,cec2013,28,30,6,84241857,1.7000000000e+03,3.0000000000e+02,300000,max_evaluations,3.066450
gsk,cec2013,28,30,7,85241894,1.7000000000e+03,3.0000000000e+02,300000,max_evaluations,3.041814
gsk,cec2013,28,30,8,86241931,1.7000000000e+03,3.0000000000e+02,300000,max_evaluations,3.080631
gsk,cec2013,28,30,9,87241968,1.7000000000e+03,3.0000000000e+02,300000,max_evaluations,2.948899
gsk,cec2013,28,30,10,88242005,1.7000000000e+03,3.0000000000e+02,300000,max_evaluations,3.181810
gsk,cec2013,28,30,11,89242042,1.7000000000e+03,3.0000000000e+02,300000,max_evaluations,3.109897
gsk,cec2013,28,30,12,90242079,1.7000000000e+03,3.0000000000e+02,300000,max_evaluations,3.253957
gsk,cec2013,28,30,13,91242116,1.7000000000e+03,3.0000000000e+02,300000,max_evaluations,3.076508
gsk,cec2013,28,30,14,92242153,1.7000000000e+03,3.0000000000e+02,300000,max_evaluations,3.241290
gsk,cec2013,28,30,15,93242190,1.7000000000e+03,3.0000000000e+02,300000,max_evaluations,3.292706
gsk,cec2013,28,30,16,94242227,1.7000000000e+03,3.0000000000e+02,300000,max_evaluations,3.330806
gsk,cec2013,28,30,17,95242264,1.7000000000e+03,3.0000000000e+02,300000,max_evaluations,3.438213
gsk,cec2013,28,30,18,96242301,1.7000000000e+03,3.0000000000e+02,300000,max_evaluations,3.534058
gsk,cec2013,28,30,19,97242338,1.7000000000e+03,3.0000000000e+02,300000,max_evaluations,3.397781
gsk,cec2013,28,30,20,98242375,1.7000000000e+03,3.0000000000e+02,300000,max_evaluations,3.480584
gsk,cec2013,28,30,21,99242412,1.7000000000e+03,3.0000000000e+02,300000,max_evaluations,3.629284
gsk,cec2013,28,30,22,100242449,1.7000000000e+03,3.0000000000e+02,300000,max_evaluations,3.382078
gsk,cec2013,28,30,23,101242486,1.7000000000e+03,3.0000000000e+02,300000,max_evaluations,3.435896
gsk,cec2013,28,30,24,102242523,1.7000000000e+03,3.0000000000e+02,300000,max_evaluations,3.696794
gsk,cec2013,28,30,25,103242560,1.7000000000e+03,3.0000000000e+02,300000,max_evaluations,3.341490
gsk,cec2013,28,30,26,104242597,1.7000000000e+03,3.0000000000e+02,300000,max_evaluations,3.473685
gsk,cec2013,28,30,27,105242634,1.7000000000e+03,3.0000000000e+02,300000,max_evaluations,3.390181
gsk,cec2013,28,30,28,106242671,1.7000000000e+03,3.0000000000e+02,300000,max_evaluations,3.372104
gsk,cec2013,28,30,29,107242708,1.7000000000e+03,3.0000000000e+02,300000,max_evaluations,3.564991
gsk,cec2013,28,30,30,108242745,1.7000000000e+03,3.0000000000e+02,300000,max_evaluations,3.438415
gsk,cec2013,28,30,31,109242782,1.7000000000e+03,3.0000000000e+02,300000,max_evaluations,3.663265
gsk,cec2013,28,30,32,110242819,1.7000000000e+03,3.0000000000e+02,300000,max_evaluations,3.438449
gsk,cec2013,28,30,33,111242856,1.7000000000e+03,3.0000000000e+02,300000,max_evaluations,3.668370
gsk,cec2013,28,30,34,112242893,1.7000000000e+03,3.0000000000e+02,300000,max_evaluations,3.520569
gsk,cec2013,28,30,35,113242930,1.7000000000e+03,3.0000000000e+02,300000,max_evaluations,3.474700
gsk,cec2013,28,30,36,114242967,1.7000000000e+03,3.0000000000e+02,300000,max_evaluations,3.846965
gsk,cec2013,28,30,37,115243004,1.7000000000e+03,3.0000000000e+02,300000,max_evaluations,3.707158
gsk,cec2013,28,30,38,116243041,1.7000000000e+03,3.0000000000e+02,300000,max_evaluations,3.675770
gsk,cec2013,28,30,39,117243078,1.7000000000e+03,3.0000000000e+02,300000,max_evaluations,3.530771
gsk,cec2013,28,30,40,118243115,1.7000000000e+03,3.0000000000e+02,300000,max_evaluations,3.583160
gsk,cec2013,28,30,41,119243152,1.7000000000e+03,3.0000000000e+02,300000,max_evaluations,3.613228
gsk,cec2013,28,30,42,120243189,1.7000000000e+03,3.0000000000e+02,300000,max_evaluations,3.541825
gsk,cec2013,28,30,43,121243226,1.7000000000e+03,3.0000000000e+02,300000,max_evaluations,3.669284
gsk,cec2013,28,30,44,122243263,1.7000000000e+03,3.0000000000e+02,300000,max_evaluations,3.532797
gsk,cec2013,28,30,45,123243300,1.7000000000e+03,3.0000000000e+02,300000,max_evaluations,3.601621
gsk,cec2013,28,30,46,124243337,1.7000000000e+03,3.0000000000e+02,300000,max_evaluations,2.892703
gsk,cec2013,28,30,47,125243374,1.7000000000e+03,3.0000000000e+02,300000,max_evaluations,2.800993
gsk,cec2013,28,30,48,126243411,1.7000000000e+03,3.0000000000e+02,300000,max_evaluations,2.903380
gsk,cec2013,28,30,49,127243448,1.7000000000e+03,3.0000000000e+02,300000,max_evaluations,2.836594
gsk,cec2013,28,30,50,128243485,1.7000000000e+03,3.0000000000e+02,300000,max_evaluations,2.825410
gsk,cec2013,28,30,51,129243522,1.7000000000e+03,3.0000000000e+02,300000,max_evaluations,2.905298
gsk,cec2013,1,50,1,72240841,-1.4000000000e+03,0.0000000000e+00,500000,max_evaluations,2.883075
gsk,cec2013,1,50,2,73240878,-1.4000000000e+03,0.0000000000e+00,500000,max_evaluations,2.780648
gsk,cec2013,1,50,3,74240915,-1.4000000000e+03,0.0000000000e+00,500000,max_evaluations,2.857526
gsk,cec2013,1,50,4,75240952,-1.4000000000e+03,0.0000000000e+00,500000,max_evaluations,2.732368
gsk,cec2013,1,50,5,76240989,-1.4000000000e+03,0.0000000000e+00,500000,max_evaluations,2.719763
gsk,cec2013,1,50,6,77241026,-1.4000000000e+03,0.0000000000e+00,500000,max_evaluations,2.712627
gsk,cec2013,1,50,7,78241063,-1.4000000000e+03,0.0000000000e+00,500000,max_evaluations,2.736380
gsk,cec2013,1,50,8,79241100,-1.4000000000e+03,0.0000000000e+00,500000,max_evaluations,2.798972
gsk,cec2013,1,50,9,80241137,-1.4000000000e+03,0.0000000000e+00,500000,max_evaluations,2.782800
gsk,cec2013,1,50,10,81241174,-1.4000000000e+03,0.0000000000e+00,500000,max_evaluations,2.782142
gsk,cec2013,1,50,11,82241211,-1.4000000000e+03,0.0000000000e+00,500000,max_evaluations,2.724753
gsk,cec2013,1,50,12,83241248,-1.4000000000e+03,0.0000000000e+00,500000,max_evaluations,2.793009
gsk,cec2013,1,50,13,84241285,-1.4000000000e+03,0.0000000000e+00,500000,max_evaluations,2.766183
gsk,cec2013,1,50,14,85241322,-1.4000000000e+03,0.0000000000e+00,500000,max_evaluations,2.879514
gsk,cec2013,1,50,15,86241359,-1.4000000000e+03,0.0000000000e+00,500000,max_evaluations,2.740074
gsk,cec2013,1,50,16,87241396,-1.4000000000e+03,0.0000000000e+00,500000,max_evaluations,3.159037
gsk,cec2013,1,50,17,88241433,-1.4000000000e+03,0.0000000000e+00,500000,max_evaluations,2.836250
gsk,cec2013,1,50,18,89241470,-1.4000000000e+03,0.0000000000e+00,500000,max_evaluations,2.838684
gsk,cec2013,1,50,19,90241507,-1.4000000000e+03,0.0000000000e+00,500000,max_evaluations,3.159648
gsk,cec2013,1,50,20,91241544,-1.4000000000e+03,0.0000000000e+00,500000,max_evaluations,2.720012
gsk,cec2013,1,50,21,92241581,-1.4000000000e+03,0.0000000000e+00,500000,max_evaluations,2.817542
gsk,cec2013,1,50,22,93241618,-1.4000000000e+03,0.0000000000e+00,500000,max_evaluations,2.888743
gsk,cec2013,1,50,23,94241655,-1.4000000000e+03,0.0000000000e+00,500000,max_evaluations,3.181145
gsk,cec2013,1,50,24,95241692,-1.4000000000e+03,0.0000000000e+00,500000,max_evaluations,2.858237
gsk,cec2013,1,50,25,96241729,-1.4000000000e+03,0.0000000000e+00,500000,max_evaluations,2.812172
gsk,cec2013,1,50,26,97241766,-1.4000000000e+03,0.0000000000e+00,500000,max_evaluations,2.849696
gsk,cec2013,1,50,27,98241803,-1.4000000000e+03,0.0000000000e+00,500000,max_evaluations,2.887735
gsk,cec2013,1,50,28,99241840,-1.4000000000e+03,0.0000000000e+00,500000,max_evaluations,2.970280
gsk,cec2013,1,50,29,100241877,-1.4000000000e+03,0.0000000000e+00,500000,max_evaluations,3.055783
gsk,cec2013,1,50,30,101241914,-1.4000000000e+03,0.0000000000e+00,500000,max_evaluations,2.934229
gsk,cec2013,1,50,31,102241951,-1.4000000000e+03,0.0000000000e+00,500000,max_evaluations,3.199442
gsk,cec2013,1,50,32,103241988,-1.4000000000e+03,0.0000000000e+00,500000,max_evaluations,2.979663
gsk,cec2013,1,50,33,104242025,-1.4000000000e+03,0.0000000000e+00,500000,max_evaluations,3.105918
gsk,cec2013,1,50,34,105242062,-1.4000000000e+03,0.0000000000e+00,500000,max_evaluations,3.093505
gsk,cec2013,1,50,35,106242099,-1.4000000000e+03,0.0000000000e+00,500000,max_evaluations,3.137782
gsk,cec2013,1,50,36,107242136,-1.4000000000e+03,0.0000000000e+00,500000,max_evaluations,3.169791
gsk,cec2013,1,50,37,108242173,-1.4000000000e+03,0.0000000000e+00,500000,max_evaluations,3.107267
gsk,cec2013,1,50,38,109242210,-1.4000000000e+03,0.0000000000e+00,500000,max_evaluations,3.169411
gsk,cec2013,1,50,39,110242247,-1.4000000000e+03,0.0000000000e+00,500000,max_evaluations,3.094894
gsk,cec2013,1,50,40,111242284,-1.4000000000e+03,0.0000000000e+00,500000,max_evaluations,3.158064
gsk,cec2013,1,50,41,112242321,-1.4000000000e+03,0.0000000000e+00,500000,max_evaluations,3.134379
gsk,cec2013,1,50,42,113242358,-1.4000000000e+03,0.0000000000e+00,500000,max_evaluations,3.218484
gsk,cec2013,1,50,43,114242395,-1.4000000000e+03,0.0000000000e+00,500000,max_evaluations,3.102142
gsk,cec2013,1,50,44,115242432,-1.4000000000e+03,0.0000000000e+00,500000,max_evaluations,2.989705
gsk,cec2013,1,50,45,116242469,-1.4000000000e+03,0.0000000000e+00,500000,max_evaluations,3.085750
gsk,cec2013,1,50,46,117242506,-1.4000000000e+03,0.0000000000e+00,500000,max_evaluations,2.485887
gsk,cec2013,1,50,47,118242543,-1.4000000000e+03,0.0000000000e+00,500000,max_evaluations,2.265253
gsk,cec2013,1,50,48,119242580,-1.4000000000e+03,0.0000000000e+00,500000,max_evaluations,2.242049
gsk,cec2013,1,50,49,120242617,-1.4000000000e+03,0.0000000000e+00,500000,max_evaluations,2.253985
gsk,cec2013,1,50,50,121242654,-1.4000000000e+03,0.0000000000e+00,500000,max_evaluations,2.206449
gsk,cec2013,1,50,51,122242691,-1.4000000000e+03,0.0000000000e+00,500000,max_evaluations,2.293909
gsk,cec2013,2,50,1,73240874,1.2165070674e+05,1.2295070674e+05,500000,max_evaluations,3.043914
gsk,cec2013,2,50,2,74240911,1.9187627441e+05,1.9317627441e+05,500000,max_evaluations,3.050246
gsk,cec2013,2,50,3,75240948,1.8683693753e+05,1.8813693753e+05,500000,max_evaluations,2.991969
gsk,cec2013,2,50,4,76240985,1.2523627353e+05,1.2653627353e+05,500000,max_evaluations,3.050949
gsk,cec2013,2,50,5,77241022,2.7590108502e+05,2.7720108502e+05,500000,max_evaluations,2.944983
gsk,cec2013,2,50,6,78241059,2.7512457082e+05,2.7642457082e+05,500000,max_evaluations,2.957431
gsk,cec2013,2,50,7,79241096,2.2272809779e+05,2.2402809779e+05,500000,max_evaluations,3.031781
gsk,cec2013,2,50,8,80241133,2.6798772878e+05,2.6928772878e+05,500000,max_evaluations,2.954204
gsk,cec2013,2,50,9,81241170,1.9595193662e+05,1.9725193662e+05,500000,max_evaluations,2.922980
gsk,cec2013,2,50,10,82241207,1.3283917306e+05,1.3413917306e+05,500000,max_evaluations,3.117317
gsk,cec2013,2,50,11,83241244,1.7721179389e+05,1.7851179389e+05,500000,max_evaluations,3.044700
gsk,cec2013,2,50,12,84241281,1.8976567993e+05,1.9106567993e+05,500000,max_evaluations,3.136845
gsk,cec2013,2,50,13,85241318,2.4733121771e+05,2.4863121771e+05,500000,max_evaluations,2.939242
gsk,cec2013,2,50,14,86241355,2.8100033148e+05,2.8230033148e+05,500000,max_evaluations,3.099282
gsk,cec2013,2,50,15,87241392,2.5144621759e+05,2.5274621759e+05,500000,max_evaluations,3.037363
gsk,cec2013,2,50,16,88241429,3.0076314192e+05,3.0206314192e+05,500000,max_evaluations,3.294211
gsk,cec2013,2,50,17,89241466,1.6259748168e+05,1.6389748168e+05,500000,max_evaluations,3.334579
gsk,cec2013,2,50,18,90241503,1.9091303455e+05,1.9221303455e+05,500000,max_evaluations,3.255998
gsk,cec2013,2,50,19,91241540,2.0707331486e+05,2.0837331486e+05,500000,max_evaluations,3.141390
gsk,cec2013,2,50,20,92241577,2.9731653274e+05,2.9861653274e+05,500000,max_evaluations,3.237413
gsk,cec2013,2,50,21,93241614,2.6084811185e+05,2.6214811185e+05,500000,max_evaluations,3.226263
gsk,cec2013,2,50,22,94241651,5.7873575541e+05,5.8003575541e+05,500000,max_evaluations,3.210482
gsk,cec2013,2,50,23,95241688,3.6382996817e+05,3.6512996817e+05,500000,max_evaluations,3.188066
gsk,cec2013,2,50,24,96241725,2.3342191005e+05,2.3472191005e+05,500000,max_evaluations,3.295338
gsk,cec2013,2,50,25,97241762,2.0829412151e+05,2.0959412151e+05,500000,max_evaluations,3.212184
gsk,cec2013,2,50,26,98241799,2.0934010673e+05,2.1064010673e+05,500000,max_evaluations,3.158064
gsk,cec2013,2,50,27,99241836,1.9560656409e+05,1.9690656409e+05,500000,max_evaluations,3.263916
gsk,cec2013,2,50,28,100241873,4.8649412040e+05,4.8779412040e+05,500000,max_evaluations,3.222862
gsk,cec2013,2,50,29,101241910,2.5198214932e+05,2.5328214932e+05,500000,max_evaluations,3.140328
gsk,cec2013,2,50,30,102241947,2.9873480545e+05,3.0003480545e+05,500000,max_evaluations,3.211076
gsk,cec2013,2,50,31,103241984,2.9123024527e+05,2.9253024527e+05,500000,max_evaluations,3.441924
gsk,cec2013,2,50,32,104242021,4.4327956263e+05,4.4457956263e+05,500000,max_evaluations,3.555185
gsk,cec2013,2,50,33,105242058,9.9095079366e+04,1.0039507937e+05,500000,max_evaluations,3.490766
gsk,cec2013,2,50,34,106242095,3.1626217426e+05,3.1756217426e+05,500000,max_evaluations,3.368528
gsk,cec2013,2,50,35,107242132,1.7731805393e+05,1.7861805393e+05,500000,max_evaluations,3.414412
gsk,cec2013,2,50,36,108242169,2.0056291992e+05,2.0186291992e+05,500000,max_evaluations,3.446441
gsk,cec2013,2,50,37,109242206,1.3532058040e+05,1.3662058040e+05,500000,max_evaluations,3.567002
gsk,cec2013,2,50,38,110242243,3.1030575448e+05,3.1160575448e+05,500000,max_evaluations,3.406568
gsk,cec2013,2,50,39,111242280,9.2728199367e+04,9.4028199367e+04,500000,max_evaluations,3.510421
gsk,cec2013,2,50,40,112242317,1.5855901658e+05,1.5985901658e+05,500000,max_evaluations,3.591316
gsk,cec2013,2,50,41,113242354,2.6541337738e+05,2.6671337738e+05,500000,max_evaluations,3.563845
gsk,cec2013,2,50,42,114242391,1.5658908110e+05,1.5788908110e+05,500000,max_evaluations,3.474656
gsk,cec2013,2,50,43,115242428,1.5618424760e+05,1.5748424760e+05,500000,max_evaluations,3.468829
gsk,cec2013,2,50,44,116242465,1.6547794419e+05,1.6677794419e+05,500000,max_evaluations,3.337781
gsk,cec2013,2,50,45,117242502,1.7700802267e+05,1.7830802267e+05,500000,max_evaluations,3.411415
gsk,cec2013,2,50,46,118242539,2.2608763083e+05,2.2738763083e+05,500000,max_evaluations,2.685812
gsk,cec2013,2,50,47,119242576,2.9816123974e+05,2.9946123974e+05,500000,max_evaluations,3.022630
gsk,cec2013,2,50,48,120242613,2.4243946898e+05,2.4373946898e+05,500000,max_evaluations,2.707507
gsk,cec2013,2,50,49,121242650,2.4144624980e+05,2.4274624980e+05,500000,max_evaluations,2.631416
gsk,cec2013,2,50,50,122242687,1.8786458295e+05,1.8916458295e+05,500000,max_evaluations,2.449234
gsk,cec2013,2,50,51,123242724,2.3046810522e+05,2.3176810522e+05,500000,max_evaluations,2.726387
gsk,cec2013,3,50,1,74240907,1.1572493417e+04,1.2772493417e+04,500000,max_evaluations,3.824830
gsk,cec2013,3,50,2,75240944,2.8787154234e+04,2.9987154234e+04,500000,max_evaluations,3.799708
gsk,cec2013,3,50,3,76240981,1.9511496505e+03,3.1511496505e+03,500000,max_evaluations,3.515510
gsk,cec2013,3,50,4,77241018,-1.1041974961e+03,9.5802503896e+01,500000,max_evaluations,3.684414
gsk,cec2013,3,50,5,78241055,4.7508253428e+02,1.6750825343e+03,500000,max_evaluations,3.545964
gsk,cec2013,3,50,6,79241092,2.6428242297e+04,2.7628242297e+04,500000,max_evaluations,3.552397
gsk,cec2013,3,50,7,80241129,-1.1895036362e+03,1.0496363755e+01,500000,max_evaluations,3.788603
gsk,cec2013,3,50,8,81241166,4.3890584596e+04,4.5090584596e+04,500000,max_evaluations,3.755230
gsk,cec2013,3,50,9,82241203,3.5116463092e+02,1.5511646309e+03,500000,max_evaluations,3.503438
gsk,cec2013,3,50,10,83241240,7.8752731146e+04,7.9952731146e+04,500000,max_evaluations,3.860412
gsk,cec2013,3,50,11,84241277,1.9096771342e+04,2.0296771342e+04,500000,max_evaluations,3.798717
gsk,cec2013,3,50,12,85241314,-3.7151585864e+02,8.2848414136e+02,500000,max_evaluations,3.786965
gsk,cec2013,3,50,13,86241351,6.4224469970e+03,7.6224469970e+03,500000,max_evaluations,3.519421
gsk,cec2013,3,50,14,87241388,-1.1997983484e+03,2.0165155602e-01,500000,max_evaluations,3.433478
gsk,cec2013,3,50,15,88241425,-1.0696073839e+03,1.3039261607e+02,500000,max_evaluations,3.529754
gsk,cec2013,3,50,16,89241462,-5.1816097392e+02,6.8183902608e+02,500000,max_evaluations,3.766340
gsk,cec2013,3,50,17,90241499,-1.1965208217e+03,3.4791783231e+00,500000,max_evaluations,3.948443
gsk,cec2013,3,50,18,91241536,5.0208129560e+03,6.2208129560e+03,500000,max_evaluations,3.728520
gsk,cec2013,3,50,19,92241573,-1.1992200468e+03,7.7995319388e-01,500000,max_evaluations,3.716853
gsk,cec2013,3,50,20,93241610,6.1312301759e+04,6.2512301759e+04,500000,max_evaluations,3.884119
gsk,cec2013,3,50,21,94241647,-3.8839549772e+02,8.1160450228e+02,500000,max_evaluations,3.682966
gsk,cec2013,3,50,22,95241684,-1.0256516594e+03,1.7434834055e+02,500000,max_evaluations,3.798126
gsk,cec2013,3,50,23,96241721,3.8612248205e+03,5.0612248205e+03,500000,max_evaluations,4.289583
gsk,cec2013,3,50,24,97241758,6.1338561976e+04,6.2538561976e+04,500000,max_evaluations,4.042809
gsk,cec2013,3,50,25,98241795,5.6172242854e+04,5.7372242854e+04,500000,max_evaluations,4.104762
gsk,cec2013,3,50,26,99241832,-8.0888179429e+02,3.9111820571e+02,500000,max_evaluations,4.300984
gsk,cec2013,3,50,27,100241869,-1.1958713244e+03,4.1286755778e+00,500000,max_evaluations,4.368914
gsk,cec2013,3,50,28,101241906,1.2915233034e+05,1.3035233034e+05,500000,max_evaluations,4.507343
gsk,cec2013,3,50,29,102241943,8.9338205882e+04,9.0538205882e+04,500000,max_evaluations,4.426195
gsk,cec2013,3,50,30,103241980,-1.1998506598e+03,1.4934017158e-01,500000,max_evaluations,4.364616
gsk,cec2013,3,50,31,104242017,-1.1397238371e+03,6.0276162925e+01,500000,max_evaluations,3.912894
gsk,cec2013,3,50,32,105242054,2.7944467549e+04,2.9144467549e+04,500000,max_evaluations,4.003841
gsk,cec2013,3,50,33,106242091,-9.1476542272e+02,2.8523457728e+02,500000,max_evaluations,3.936711
gsk,cec2013,3,50,34,107242128,-1.1878445948e+03,1.2155405183e+01,500000,max_evaluations,3.968259
gsk,cec2013,3,50,35,108242165,-1.1993946455e+03,6.0535453767e-01,500000,max_evaluations,4.088453
gsk,cec2013,3,50,36,109242202,-7.2638178503e+02,4.7361821497e+02,500000,max_evaluations,4.142298
gsk,cec2013,3,50,37,110242239,4.7287805884e+04,4.8487805884e+04,500000,max_evaluations,3.968385
gsk,cec2013,3,50,38,111242276,-1.1977169703e+03,2.2830297174e+00,500000,max_evaluations,4.112372
gsk,cec2013,3,50,39,112242313,-1.1999474152e+03,5.2584847295e-02,500000,max_evaluations,4.250711
gsk,cec2013,3,50,40,113242350,1.5783719130e+06,1.5795719130e+06,500000,max_evaluations,4.134419
gsk,cec2013,3,50,41,114242387,-1.1990589051e+03,9.4109494682e-01,500000,max_evaluations,4.013614
gsk,cec2013,3,50,42,115242424,-1.1287092349e+03,7.1290765149e+01,500000,max_evaluations,4.295678
gsk,cec2013,3,50,43,116242461,6.4598616947e+03,7.6598616947e+03,500000,max_evaluations,4.192542
gsk,cec2013,3,50,44,117242498,-1.1999822997e+03,1.7700306981e-02,500000,max_evaluations,4.198194
gsk,cec2013,3,50,45,118242535,-1.1998196776e+03,1.8032238576e-01,500000,max_evaluations,4.167427
gsk,cec2013,3,50,46,119242572,-5.4028796189e+02,6.5971203811e+02,500000,max_evaluations,3.344659
gsk,cec2013,3,50,47,120242609,-1.1865249371e+03,1.3475062885e+01,500000,max_evaluations,3.438819
gsk,cec2013,3,50,48,121242646,4.5689524110e+05,4.5809524110e+05,500000,max_evaluations,3.224101
gsk,cec2013,3,50,49,122242683,2.4869284362e+03,3.6869284362e+03,500000,max_evaluations,3.169207
gsk,cec2013,3,50,50,123242720,-1.0882367785e+03,1.1176322152e+02,500000,max_evaluations,3.255162
gsk,cec2013,3,50,51,124242757,1.8050839478e+03,3.0050839478e+03,500000,max_evaluations,3.234372
gsk,cec2013,4,50,1,75240940,1.8481052678e+02,1.2848105268e+03,500000,max_evaluations,3.064125
gsk,cec2013,4,50,2,76240977,-5.7445285180e+02,5.2554714820e+02,500000,max_evaluations,3.065411
gsk,cec2013,4,50,3,77241014,-3.2138203765e+02,7.7861796235e+02,500000,max_evaluations,2.971264
gsk,cec2013,4,50,4,78241051,5.3419702156e+02,1.6341970216e+03,500000,max_evaluations,3.039852
gsk,cec2013,4,50,5,79241088,-5.2145265914e+02,5.7854734086e+02,500000,max_evaluations,3.149393
gsk,cec2013,4,50,6,80241125,1.1268164597e+02,1.2126816460e+03,500000,max_evaluations,3.045693
gsk,cec2013,4,50,7,81241162,8.0062510650e+01,1.1800625106e+03,500000,max_evaluations,3.130306
gsk,cec2013,4,50,8,82241199,-4.6167182905e+02,6.3832817095e+02,500000,max_evaluations,3.016949
gsk,cec2013,4,50,9,83241236,-2.2165844575e+02,8.7834155425e+02,500000,max_evaluations,3.064664
gsk,cec2013,4,50,10,84241273,-5.0070846700e+02,5.9929153300e+02,500000,max_evaluations,3.085112
gsk,cec2013,4,50,11,85241310,4.5569389554e+02,1.5556938955e+03,500000,max_evaluations,3.031228
gsk,cec2013,4,50,12,86241347,-1.9890454318e+02,9.0109545682e+02,500000,max_evaluations,3.024040
gsk,cec2013,4,50,13,87241384,-6.3376318440e+00,1.0936623682e+03,500000,max_evaluations,3.090482
gsk,cec2013,4,50,14,88241421,-6.1784604026e+01,1.0382153960e+03,500000,max_evaluations,3.175078
gsk,cec2013,4,50,15,89241458,2.3537308991e+02,1.3353730899e+03,500000,max_evaluations,3.003767
gsk,cec2013,4,50,16,90241495,3.3749018646e+02,1.4374901865e+03,500000,max_evaluations,3.437263
gsk,cec2013,4,50,17,91241532,-1.4017113329e+02,9.5982886671e+02,500000,max_evaluations,3.143061
gsk,cec2013,4,50,18,92241569,-1.1619813562e+02,9.8380186438e+02,500000,max_evaluations,3.335911
gsk,cec2013,4,50,19,93241606,8.0385295832e+01,1.1803852958e+03,500000,max_evaluations,3.179562
gsk,cec2013,4,50,20,94241643,-2.5256040698e+02,8.4743959302e+02,500000,max_evaluations,3.199700
gsk,cec2013,4,50,21,95241680,1.9771300546e+02,1.2977130055e+03,500000,max_evaluations,3.437635
gsk,cec2013,4,50,22,96241717,9.7788696658e+02,2.0778869666e+03,500000,max_evaluations,3.324970
gsk,cec2013,4,50,23,97241754,-4.2665507997e+02,6.7334492003e+02,500000,max_evaluations,3.159915
gsk,cec2013,4,50,24,98241791,-7.5722823695e+01,1.0242771763e+03,500000,max_evaluations,3.374392
gsk,cec2013,4,50,25,99241828,-1.1652848044e+02,9.8347151956e+02,500000,max_evaluations,3.497127
gsk,cec2013,4,50,26,100241865,-1.9623661218e+02,9.0376338782e+02,500000,max_evaluations,3.203651
gsk,cec2013,4,50,27,101241902,-1.3536390680e+02,9.6463609320e+02,500000,max_evaluations,3.455574
gsk,cec2013,4,50,28,102241939,-1.8132372828e+02,9.1867627172e+02,500000,max_evaluations,3.354881
gsk,cec2013,4,50,29,103241976,-2.6804896132e+02,8.3195103868e+02,500000,max_evaluations,3.244947
gsk,cec2013,4,50,30,104242013,-7.5962420949e+01,1.0240375791e+03,500000,max_evaluations,3.303738
gsk,cec2013,4,50,31,105242050,-2.1138843916e+02,8.8861156084e+02,500000,max_evaluations,3.440598
gsk,cec2013,4,50,32,106242087,6.0355430340e+01,1.1603554303e+03,500000,max_evaluations,3.345600
gsk,cec2013,4,50,33,107242124,-1.4737056465e+02,9.5262943535e+02,500000,max_evaluations,3.472633
gsk,cec2013,4,50,34,108242161,5.3397859033e+02,1.6339785903e+03,500000,max_evaluations,3.533982
gsk,cec2013,4,50,35,109242198,2.3416248749e+02,1.3341624875e+03,500000,max_evaluations,3.419354
gsk,cec2013,4,50,36,110242235,-1.0266652850e+02,9.9733347150e+02,500000,max_evaluations,3.655761
gsk,cec2013,4,50,37,111242272,-1.7624234521e+02,9.2375765479e+02,500000,max_evaluations,3.595400
gsk,cec2013,4,50,38,112242309,2.0233194184e+02,1.3023319418e+03,500000,max_evaluations,3.432202
gsk,cec2013,4,50,39,113242346,-4.8076485041e+02,6.1923514959e+02,500000,max_evaluations,3.372135
gsk,cec2013,4,50,40,114242383,1.2560581539e+02,1.2256058154e+03,500000,max_evaluations,3.721660
gsk,cec2013,4,50,41,115242420,6.3639962423e+02,1.7363996242e+03,500000,max_evaluations,3.496020
gsk,cec2013,4,50,42,116242457,-1.7475654558e+02,9.2524345442e+02,500000,max_evaluations,3.411071
gsk,cec2013,4,50,43,117242494,3.8846478116e+00,1.1038846478e+03,500000,max_evaluations,3.549230
gsk,cec2013,4,50,44,118242531,1.8632927842e+02,1.2863292784e+03,500000,max_evaluations,3.509270
gsk,cec2013,4,50,45,119242568,-2.4099752935e+02,8.5900247065e+02,500000,max_evaluations,3.623006
gsk,cec2013,4,50,46,120242605,6.2860424280e+02,1.7286042428e+03,500000,max_evaluations,2.935259
gsk,cec2013,4,50,47,121242642,5.8542807244e+02,1.6854280724e+03,500000,max_evaluations,2.883856
gsk,cec2013,4,50,48,122242679,-1.1430530365e+02,9.8569469635e+02,500000,max_evaluations,2.797331
gsk,cec2013,4,50,49,123242716,-2.7969905790e+02,8.2030094210e+02,500000,max_evaluations,2.889911
gsk,cec2013,4,50,50,124242753,-2.0448364365e+02,8.9551635635e+02,500000,max_evaluations,2.835323
gsk,cec2013,4,50,51,125242790,2.8921704053e+02,1.3892170405e+03,500000,max_evaluations,2.772786
gsk,cec2013,5,50,1,76240973,-1.0000000000e+03,0.0000000000e+00,500000,max_evaluations,3.274237
gsk,cec2013,5,50,2,77241010,-1.0000000000e+03,0.0000000000e+00,500000,max_evaluations,3.332516
gsk,cec2013,5,50,3,78241047,-1.0000000000e+03,0.0000000000e+00,500000,max_evaluations,3.224957
gsk,cec2013,5,50,4,79241084,-1.0000000000e+03,0.0000000000e+00,500000,max_evaluations,3.092732
gsk,cec2013,5,50,5,80241121,-1.0000000000e+03,0.0000000000e+00,500000,max_evaluations,3.276296
gsk,cec2013,5,50,6,81241158,-1.0000000000e+03,0.0000000000e+00,500000,max_evaluations,3.309046
gsk,cec2013,5,50,7,82241195,-1.0000000000e+03,0.0000000000e+00,500000,max_evaluations,3.168706
gsk,cec2013,5,50,8,83241232,-1.0000000000e+03,0.0000000000e+00,500000,max_evaluations,3.170313
gsk,cec2013,5,50,9,84241269,-1.0000000000e+03,0.0000000000e+00,500000,max_evaluations,3.211254
gsk,cec2013,5,50,10,85241306,-1.0000000000e+03,0.0000000000e+00,500000,max_evaluations,3.363654
gsk,cec2013,5,50,11,86241343,-1.0000000000e+03,0.0000000000e+00,500000,max_evaluations,3.256655
gsk,cec2013,5,50,12,87241380,-1.0000000000e+03,0.0000000000e+00,500000,max_evaluations,3.315077
gsk,cec2013,5,50,13,88241417,-1.0000000000e+03,0.0000000000e+00,500000,max_evaluations,3.295914
gsk,cec2013,5,50,14,89241454,-1.0000000000e+03,0.0000000000e+00,500000,max_evaluations,3.245111
gsk,cec2013,5,50,15,90241491,-1.0000000000e+03,0.0000000000e+00,500000,max_evaluations,3.276249
gsk,cec2013,5,50,16,91241528,-1.0000000000e+03,0.0000000000e+00,500000,max_evaluations,3.657951
gsk,cec2013,5,50,17,92241565,-1.0000000000e+03,0.0000000000e+00,500000,max_evaluations,3.460211
gsk,cec2013,5,50,18,93241602,-1.0000000000e+03,0.0000000000e+00,500000,max_evaluations,3.299686
gsk,cec2013,5,50,19,94241639,-1.0000000000e+03,0.0000000000e+00,500000,max_evaluations,3.333521
gsk,cec2013,5,50,20,95241676,-1.0000000000e+03,0.0000000000e+00,500000,max_evaluations,3.665186
gsk,cec2013,5,50,21,96241713,-1.0000000000e+03,0.0000000000e+00,500000,max_evaluations,3.267434
gsk,cec2013,5,50,22,97241750,-1.0000000000e+03,0.0000000000e+00,500000,max_evaluations,3.546741
gsk,cec2013,5,50,23,98241787,-1.0000000000e+03,0.0000000000e+00,500000,max_evaluations,3.662997
gsk,cec2013,5,50,24,99241824,-1.0000000000e+03,0.0000000000e+00,500000,max_evaluations,3.635697
gsk,cec2013,5,50,25,100241861,-1.0000000000e+03,0.0000000000e+00,500000,max_evaluations,3.452763
gsk,cec2013,5,50,26,101241898,-1.0000000000e+03,0.0000000000e+00,500000,max_evaluations,3.613002
gsk,cec2013,5,50,27,102241935,-1.0000000000e+03,0.0000000000e+00,500000,max_evaluations,3.601199
gsk,cec2013,5,50,28,103241972,-1.0000000000e+03,0.0000000000e+00,500000,max_evaluations,3.373871
gsk,cec2013,5,50,29,104242009,-1.0000000000e+03,0.0000000000e+00,500000,max_evaluations,3.534557
gsk,cec2013,5,50,30,105242046,-1.0000000000e+03,0.0000000000e+00,500000,max_evaluations,3.466872
gsk,cec2013,5,50,31,106242083,-1.0000000000e+03,0.0000000000e+00,500000,max_evaluations,3.965198
gsk,cec2013,5,50,32,107242120,-1.0000000000e+03,0.0000000000e+00,500000,max_evaluations,3.848291
gsk,cec2013,5,50,33,108242157,-1.0000000000e+03,0.0000000000e+00,500000,max_evaluations,3.785556
gsk,cec2013,5,50,34,109242194,-1.0000000000e+03,0.0000000000e+00,500000,max_evaluations,3.526754
gsk,cec2013,5,50,35,110242231,-1.0000000000e+03,0.0000000000e+00,500000,max_evaluations,3.623773
gsk,cec2013,5,50,36,111242268,-1.0000000000e+03,0.0000000000e+00,500000,max_evaluations,3.543984
gsk,cec2013,5,50,37,112242305,-1.0000000000e+03,0.0000000000e+00,500000,max_evaluations,3.926014
gsk,cec2013,5,50,38,113242342,-1.0000000000e+03,0.0000000000e+00,500000,max_evaluations,3.624297
gsk,cec2013,5,50,39,114242379,-1.0000000000e+03,0.0000000000e+00,500000,max_evaluations,3.576068
gsk,cec2013,5,50,40,115242416,-1.0000000000e+03,0.0000000000e+00,500000,max_evaluations,3.757333
gsk,cec2013,5,50,41,116242453,-1.0000000000e+03,0.0000000000e+00,500000,max_evaluations,3.799108
gsk,cec2013,5,50,42,117242490,-1.0000000000e+03,0.0000000000e+00,500000,max_evaluations,3.760546
gsk,cec2013,5,50,43,118242527,-1.0000000000e+03,0.0000000000e+00,500000,max_evaluations,3.873675
gsk,cec2013,5,50,44,119242564,-1.0000000000e+03,0.0000000000e+00,500000,max_evaluations,3.637120
gsk,cec2013,5,50,45,120242601,-1.0000000000e+03,0.0000000000e+00,500000,max_evaluations,3.705444
gsk,cec2013,5,50,46,121242638,-1.0000000000e+03,0.0000000000e+00,500000,max_evaluations,2.975451
gsk,cec2013,5,50,47,122242675,-1.0000000000e+03,0.0000000000e+00,500000,max_evaluations,3.098873
gsk,cec2013,5,50,48,123242712,-1.0000000000e+03,0.0000000000e+00,500000,max_evaluations,2.806428
gsk,cec2013,5,50,49,124242749,-1.0000000000e+03,0.0000000000e+00,500000,max_evaluations,3.076935
gsk,cec2013,5,50,50,125242786,-1.0000000000e+03,0.0000000000e+00,500000,max_evaluations,3.058635
gsk,cec2013,5,50,51,126242823,-1.0000000000e+03,0.0000000000e+00,500000,max_evaluations,2.868976
gsk,cec2013,6,50,1,77241006,-8.5431149516e+02,4.5688504843e+01,500000,max_evaluations,3.035056
gsk,cec2013,6,50,2,78241043,-8.0321063122e+02,9.6789368784e+01,500000,max_evaluations,3.144666
gsk,cec2013,6,50,3,79241080,-8.5652639727e+02,4.3473602730e+01,500000,max_evaluations,3.107758
gsk,cec2013,6,50,4,80241117,-8.5655131065e+02,4.3448689351e+01,500000,max_evaluations,3.023166
gsk,cec2013,6,50,5,81241154,-8.1106056320e+02,8.8939436801e+01,500000,max_evaluations,3.088035
gsk,cec2013,6,50,6,82241191,-8.5652983827e+02,4.3470161732e+01,500000,max_evaluations,3.087437
gsk,cec2013,6,50,7,83241228,-8.5655264738e+02,4.3447352616e+01,500000,max_evaluations,3.078506
gsk,cec2013,6,50,8,84241265,-8.0896676235e+02,9.1033237650e+01,500000,max_evaluations,3.048562
gsk,cec2013,6,50,9,85241302,-8.5655266846e+02,4.3447331535e+01,500000,max_evaluations,3.007074
gsk,cec2013,6,50,10,86241339,-8.5651661113e+02,4.3483388868e+01,500000,max_evaluations,3.102368
gsk,cec2013,6,50,11,87241376,-8.5644952521e+02,4.3550474789e+01,500000,max_evaluations,3.011394
gsk,cec2013,6,50,12,88241413,-8.5633655005e+02,4.3663449951e+01,500000,max_evaluations,3.075674
gsk,cec2013,6,50,13,89241450,-8.5565038737e+02,4.4349612629e+01,500000,max_evaluations,3.023276
gsk,cec2013,6,50,14,90241487,-8.5655065106e+02,4.3449348945e+01,500000,max_evaluations,3.059436
gsk,cec2013,6,50,15,91241524,-8.5655266846e+02,4.3447331535e+01,500000,max_evaluations,3.116088
gsk,cec2013,6,50,16,92241561,-8.5520797393e+02,4.4792026066e+01,500000,max_evaluations,3.186676
gsk,cec2013,6,50,17,93241598,-8.5597394241e+02,4.4026057590e+01,500000,max_evaluations,3.306702
gsk,cec2013,6,50,18,94241635,-8.5655266774e+02,4.3447332256e+01,500000,max_evaluations,3.334419
gsk,cec2013,6,50,19,95241672,-8.5655266248e+02,4.3447337515e+01,500000,max_evaluations,3.134789
gsk,cec2013,6,50,20,96241709,-8.5655266833e+02,4.3447331668e+01,500000,max_evaluations,3.205506
gsk,cec2013,6,50,21,97241746,-8.5638581845e+02,4.3614181552e+01,500000,max_evaluations,3.351250
gsk,cec2013,6,50,22,98241783,-8.5655266847e+02,4.3447331535e+01,500000,max_evaluations,3.265013
gsk,cec2013,6,50,23,99241820,-8.5655266835e+02,4.3447331653e+01,500000,max_evaluations,3.264175
gsk,cec2013,6,50,24,100241857,-8.1036644585e+02,8.9633554145e+01,500000,max_evaluations,3.290052
gsk,cec2013,6,50,25,101241894,-8.5643207881e+02,4.3567921191e+01,500000,max_evaluations,3.290210
gsk,cec2013,6,50,26,102241931,-8.5654364105e+02,4.3456358952e+01,500000,max_evaluations,3.312910
gsk,cec2013,6,50,27,103241968,-8.0433503603e+02,9.5664963973e+01,500000,max_evaluations,3.230264
gsk,cec2013,6,50,28,104242005,-8.0872099412e+02,9.1279005877e+01,500000,max_evaluations,3.292690
gsk,cec2013,6,50,29,105242042,-8.5082350840e+02,4.9176491604e+01,500000,max_evaluations,3.251370
gsk,cec2013,6,50,30,106242079,-8.5630033382e+02,4.3699666182e+01,500000,max_evaluations,3.288996
gsk,cec2013,6,50,31,107242116,-8.5613690836e+02,4.3863091640e+01,500000,max_evaluations,3.471975
gsk,cec2013,6,50,32,108242153,-8.5655222896e+02,4.3447771039e+01,500000,max_evaluations,3.589050
gsk,cec2013,6,50,33,109242190,-8.5654636523e+02,4.3453634772e+01,500000,max_evaluations,3.348461
gsk,cec2013,6,50,34,110242227,-8.5644536068e+02,4.3554639318e+01,500000,max_evaluations,3.369524
gsk,cec2013,6,50,35,111242264,-8.1207628807e+02,8.7923711934e+01,500000,max_evaluations,3.344913
gsk,cec2013,6,50,36,112242301,-8.5637237797e+02,4.3627622033e+01,500000,max_evaluations,3.310566
gsk,cec2013,6,50,37,113242338,-8.5655198362e+02,4.3448016382e+01,500000,max_evaluations,3.531287
gsk,cec2013,6,50,38,114242375,-8.5654938069e+02,4.3450619312e+01,500000,max_evaluations,3.436085
gsk,cec2013,6,50,39,115242412,-8.5638164590e+02,4.3618354100e+01,500000,max_evaluations,3.621312
gsk,cec2013,6,50,40,116242449,-8.5655200525e+02,4.3447994751e+01,500000,max_evaluations,3.398167
gsk,cec2013,6,50,41,117242486,-8.5655266845e+02,4.3447331551e+01,500000,max_evaluations,3.552279
gsk,cec2013,6,50,42,118242523,-8.5655266761e+02,4.3447332387e+01,500000,max_evaluations,3.552536
gsk,cec2013,6,50,43,119242560,-8.5644271937e+02,4.3557280629e+01,500000,max_evaluations,3.561969
gsk,cec2013,6,50,44,120242597,-8.5651970608e+02,4.3480293922e+01,500000,max_evaluations,3.416950
gsk,cec2013,6,50,45,121242634,-8.5655266755e+02,4.3447332446e+01,500000,max_evaluations,3.536860
gsk,cec2013,6,50,46,122242671,-8.5650820812e+02,4.3491791880e+01,500000,max_evaluations,2.517621
gsk,cec2013,6,50,47,123242708,-8.5643664432e+02,4.3563355682e+01,500000,max_evaluations,2.772640
gsk,cec2013,6,50,48,124242745,-8.5416325640e+02,4.5836743600e+01,500000,max_evaluations,2.709583
gsk,cec2013,6,50,49,125242782,-8.5647318139e+02,4.3526818608e+01,500000,max_evaluations,2.716025
gsk,cec2013,6,50,50,126242819,-8.5655266303e+02,4.3447336966e+01,500000,max_evaluations,2.691516
gsk,cec2013,6,50,51,127242856,-8.5655266845e+02,4.3447331547e+01,500000,max_evaluations,2.643463
gsk,cec2013,7,50,1,78241039,-7.9563021285e+02,4.3697871527e+00,500000,max_evaluations,4.730798
gsk,cec2013,7,50,2,79241076,-7.9940420211e+02,5.9579789461e-01,500000,max_evaluations,5.048047
gsk,cec2013,7,50,3,80241113,-7.9734063044e+02,2.6593695596e+00,500000,max_evaluations,4.757451
gsk,cec2013,7,50,4,81241150,-7.9677155580e+02,3.2284441994e+00,500000,max_evaluations,4.796888
gsk,cec2013,7,50,5,82241187,-7.9962087194e+02,3.7912805785e-01,500000,max_evaluations,4.612314
gsk,cec2013,7,50,6,83241224,-7.9732369222e+02,2.6763077820e+00,500000,max_evaluations,4.576008
gsk,cec2013,7,50,7,84241261,-7.9689944479e+02,3.1005552108e+00,500000,max_evaluations,4.829301
gsk,cec2013,7,50,8,85241298,-7.9894573881e+02,1.0542611870e+00,500000,max_evaluations,4.780751
gsk,cec2013,7,50,9,86241335,-7.9949924033e+02,5.0075967265e-01,500000,max_evaluations,5.136495
gsk,cec2013,7,50,10,87241372,-7.9858856953e+02,1.4114304736e+00,500000,max_evaluations,4.856586
gsk,cec2013,7,50,11,88241409,-7.9897027040e+02,1.0297296048e+00,500000,max_evaluations,4.935886
gsk,cec2013,7,50,12,89241446,-7.9958343257e+02,4.1656743395e-01,500000,max_evaluations,4.918329
gsk,cec2013,7,50,13,90241483,-7.9942563628e+02,5.7436371876e-01,500000,max_evaluations,5.079936
gsk,cec2013,7,50,14,91241520,-7.9796752362e+02,2.0324763818e+00,500000,max_evaluations,4.751417
gsk,cec2013,7,50,15,92241557,-7.9943321827e+02,5.6678173466e-01,500000,max_evaluations,4.730156
gsk,cec2013,7,50,16,93241594,-7.9870260919e+02,1.2973908062e+00,500000,max_evaluations,5.682837
gsk,cec2013,7,50,17,94241631,-7.9478631047e+02,5.2136895290e+00,500000,max_evaluations,5.640893
gsk,cec2013,7,50,18,95241668,-7.9851016225e+02,1.4898377485e+00,500000,max_evaluations,5.377612
gsk,cec2013,7,50,19,96241705,-7.9514284359e+02,4.8571564101e+00,500000,max_evaluations,5.350466
gsk,cec2013,7,50,20,97241742,-7.9555796218e+02,4.4420378242e+00,500000,max_evaluations,5.442776
gsk,cec2013,7,50,21,98241779,-7.9689091548e+02,3.1090845228e+00,500000,max_evaluations,5.729937
gsk,cec2013,7,50,22,99241816,-7.9754807752e+02,2.4519224795e+00,500000,max_evaluations,5.649244
gsk,cec2013,7,50,23,100241853,-7.9845215320e+02,1.5478468050e+00,500000,max_evaluations,5.411847
gsk,cec2013,7,50,24,101241890,-7.9544122800e+02,4.5587720046e+00,500000,max_evaluations,5.667106
gsk,cec2013,7,50,25,102241927,-7.9931631580e+02,6.8368419871e-01,500000,max_evaluations,5.377195
gsk,cec2013,7,50,26,103241964,-7.9967386984e+02,3.2613015835e-01,500000,max_evaluations,5.513920
gsk,cec2013,7,50,27,104242001,-7.9944074550e+02,5.5925449551e-01,500000,max_evaluations,5.384576
gsk,cec2013,7,50,28,105242038,-7.9901625429e+02,9.8374570562e-01,500000,max_evaluations,5.318685
gsk,cec2013,7,50,29,106242075,-7.9606334351e+02,3.9366564891e+00,500000,max_evaluations,5.397032
gsk,cec2013,7,50,30,107242112,-7.9763461293e+02,2.3653870662e+00,500000,max_evaluations,5.621252
gsk,cec2013,7,50,31,108242149,-7.9395383991e+02,6.0461600948e+00,500000,max_evaluations,5.262221
gsk,cec2013,7,50,32,109242186,-7.9704647091e+02,2.9535290905e+00,500000,max_evaluations,5.710875
gsk,cec2013,7,50,33,110242223,-7.9811648959e+02,1.8835104069e+00,500000,max_evaluations,5.485761
gsk,cec2013,7,50,34,111242260,-7.9935012595e+02,6.4987404692e-01,500000,max_evaluations,5.528184
gsk,cec2013,7,50,35,112242297,-7.9574204056e+02,4.2579594410e+00,500000,max_evaluations,5.649644
gsk,cec2013,7,50,36,113242334,-7.9729229299e+02,2.7077070060e+00,500000,max_evaluations,6.020073
gsk,cec2013,7,50,37,114242371,-7.9816574437e+02,1.8342556251e+00,500000,max_evaluations,6.075122
gsk,cec2013,7,50,38,115242408,-7.9463543878e+02,5.3645612204e+00,500000,max_evaluations,5.368432
gsk,cec2013,7,50,39,116242445,-7.9909097091e+02,9.0902909115e-01,500000,max_evaluations,6.138759
gsk,cec2013,7,50,40,117242482,-7.9812101204e+02,1.8789879589e+00,500000,max_evaluations,5.777343
gsk,cec2013,7,50,41,118242519,-7.9743558845e+02,2.5644115546e+00,500000,max_evaluations,5.417536
gsk,cec2013,7,50,42,119242556,-7.9851913549e+02,1.4808645094e+00,500000,max_evaluations,5.802587
gsk,cec2013,7,50,43,120242593,-7.9802910561e+02,1.9708943923e+00,500000,max_evaluations,5.800862
gsk,cec2013,7,50,44,121242630,-7.9949092727e+02,5.0907272841e-01,500000,max_evaluations,5.761597
gsk,cec2013,7,50,45,122242667,-7.9869795962e+02,1.3020403786e+00,500000,max_evaluations,5.642476
gsk,cec2013,7,50,46,123242704,-7.9838211169e+02,1.6178883065e+00,500000,max_evaluations,4.670841
gsk,cec2013,7,50,47,124242741,-7.9905620936e+02,9.4379064062e-01,500000,max_evaluations,4.783589
gsk,cec2013,7,50,48,125242778,-7.9799326280e+02,2.0067372040e+00,500000,max_evaluations,4.603349
gsk,cec2013,7,50,49,126242815,-7.9942185654e+02,5.7814345586e-01,500000,max_evaluations,4.437419
gsk,cec2013,7,50,50,127242852,-7.9689104292e+02,3.1089570776e+00,500000,max_evaluations,4.361091
gsk,cec2013,7,50,51,128242889,-7.9909429143e+02,9.0570856735e-01,500000,max_evaluations,4.646704
gsk,cec2013,8,50,1,79241072,-6.7893136775e+02,2.1068632252e+01,500000,max_evaluations,4.527488
gsk,cec2013,8,50,2,80241109,-6.7900635432e+02,2.0993645683e+01,500000,max_evaluations,4.707747
gsk,cec2013,8,50,3,81241146,-6.7884641954e+02,2.1153580456e+01,500000,max_evaluations,4.760536
gsk,cec2013,8,50,4,82241183,-6.7888038193e+02,2.1119618073e+01,500000,max_evaluations,4.686330
gsk,cec2013,8,50,5,83241220,-6.7885070913e+02,2.1149290871e+01,500000,max_evaluations,4.656863
gsk,cec2013,8,50,6,84241257,-6.7882819912e+02,2.1171800884e+01,500000,max_evaluations,4.604778
gsk,cec2013,8,50,7,85241294,-6.7885423291e+02,2.1145767086e+01,500000,max_evaluations,4.487859
gsk,cec2013,8,50,8,86241331,-6.7881332811e+02,2.1186671892e+01,500000,max_evaluations,4.530650
gsk,cec2013,8,50,9,87241368,-6.7886203283e+02,2.1137967170e+01,500000,max_evaluations,4.579435
gsk,cec2013,8,50,10,88241405,-6.7894995099e+02,2.1050049011e+01,500000,max_evaluations,4.565331
gsk,cec2013,8,50,11,89241442,-6.7888400965e+02,2.1115990350e+01,500000,max_evaluations,4.518252
gsk,cec2013,8,50,12,90241479,-6.7885271381e+02,2.1147286186e+01,500000,max_evaluations,4.456483
gsk,cec2013,8,50,13,91241516,-6.7886885558e+02,2.1131144425e+01,500000,max_evaluations,4.410496
gsk,cec2013,8,50,14,92241553,-6.7887613953e+02,2.1123860473e+01,500000,max_evaluations,4.702031
gsk,cec2013,8,50,15,93241590,-6.7889509998e+02,2.1104900017e+01,500000,max_evaluations,4.433898
gsk,cec2013,8,50,16,94241627,-6.7884843001e+02,2.1151569986e+01,500000,max_evaluations,4.935450
gsk,cec2013,8,50,17,95241664,-6.7881736086e+02,2.1182639143e+01,500000,max_evaluations,5.037452
gsk,cec2013,8,50,18,96241701,-6.7885974018e+02,2.1140259816e+01,500000,max_evaluations,5.174324
gsk,cec2013,8,50,19,97241738,-6.7891007662e+02,2.1089923380e+01,500000,max_evaluations,5.425413
gsk,cec2013,8,50,20,98241775,-6.7884581330e+02,2.1154186698e+01,500000,max_evaluations,5.003943
gsk,cec2013,8,50,21,99241812,-6.7882336592e+02,2.1176634078e+01,500000,max_evaluations,5.070116
gsk,cec2013,8,50,22,100241849,-6.7887645919e+02,2.1123540812e+01,500000,max_evaluations,5.247402
gsk,cec2013,8,50,23,101241886,-6.7892236603e+02,2.1077633966e+01,500000,max_evaluations,4.874865
gsk,cec2013,8,50,24,102241923,-6.7884925668e+02,2.1150743315e+01,500000,max_evaluations,4.970921
gsk,cec2013,8,50,25,103241960,-6.7887101560e+02,2.1128984403e+01,500000,max_evaluations,5.192249
gsk,cec2013,8,50,26,104241997,-6.7893426621e+02,2.1065733785e+01,500000,max_evaluations,5.234436
gsk,cec2013,8,50,27,105242034,-6.7887032483e+02,2.1129675168e+01,500000,max_evaluations,5.145176
gsk,cec2013,8,50,28,106242071,-6.7889723607e+02,2.1102763932e+01,500000,max_evaluations,4.992529
gsk,cec2013,8,50,29,107242108,-6.7885560635e+02,2.1144393650e+01,500000,max_evaluations,5.573609
gsk,cec2013,8,50,30,108242145,-6.7884687136e+02,2.1153128640e+01,500000,max_evaluations,5.320442
gsk,cec2013,8,50,31,109242182,-6.7885183186e+02,2.1148168141e+01,500000,max_evaluations,5.317141
gsk,cec2013,8,50,32,110242219,-6.7884880281e+02,2.1151197194e+01,500000,max_evaluations,5.216369
gsk,cec2013,8,50,33,111242256,-6.7883475553e+02,2.1165244474e+01,500000,max_evaluations,5.299318
gsk,cec2013,8,50,34,112242293,-6.7882055247e+02,2.1179447532e+01,500000,max_evaluations,5.324673
gsk,cec2013,8,50,35,113242330,-6.7884629354e+02,2.1153706456e+01,500000,max_evaluations,5.347267
gsk,cec2013,8,50,36,114242367,-6.7890473611e+02,2.1095263891e+01,500000,max_evaluations,5.380224
gsk,cec2013,8,50,37,115242404,-6.7893655526e+02,2.1063444743e+01,500000,max_evaluations,5.581060
gsk,cec2013,8,50,38,116242441,-6.7882565773e+02,2.1174342266e+01,500000,max_evaluations,5.286733
gsk,cec2013,8,50,39,117242478,-6.7888435823e+02,2.1115641768e+01,500000,max_evaluations,5.388579
gsk,cec2013,8,50,40,118242515,-6.7891148848e+02,2.1088511523e+01,500000,max_evaluations,5.587663
gsk,cec2013,8,50,41,119242552,-6.7890946428e+02,2.1090535722e+01,500000,max_evaluations,5.349697
gsk,cec2013,8,50,42,120242589,-6.7889470608e+02,2.1105293915e+01,500000,max_evaluations,5.471971
gsk,cec2013,8,50,43,121242626,-6.7886850121e+02,2.1131498790e+01,500000,max_evaluations,5.435425
gsk,cec2013,8,50,44,122242663,-6.7882949552e+02,2.1170504483e+01,500000,max_evaluations,5.222814
gsk,cec2013,8,50,45,123242700,-6.7881734023e+02,2.1182659771e+01,500000,max_evaluations,5.471865
gsk,cec2013,8,50,46,124242737,-6.7882556685e+02,2.1174433146e+01,500000,max_evaluations,4.030658
gsk,cec2013,8,50,47,125242774,-6.7882787969e+02,2.1172120309e+01,500000,max_evaluations,4.390133
gsk,cec2013,8,50,48,126242811,-6.7887542726e+02,2.1124572743e+01,500000,max_evaluations,4.407757
gsk,cec2013,8,50,49,127242848,-6.7880877615e+02,2.1191223851e+01,500000,max_evaluations,4.400570
gsk,cec2013,8,50,50,128242885,-6.7881653654e+02,2.1183463462e+01,500000,max_evaluations,4.535363
gsk,cec2013,8,50,51,129242922,-6.7884138870e+02,2.1158611295e+01,500000,max_evaluations,4.440151
gsk,cec2013,9,50,1,80241105,-5.3113252473e+02,6.8867475270e+01,500000,max_evaluations,16.898219
gsk,cec2013,9,50,2,81241142,-5.2851691502e+02,7.1483084980e+01,500000,max_evaluations,18.709554
gsk,cec2013,9,50,3,82241179,-5.2984345609e+02,7.0156543910e+01,500000,max_evaluations,18.600117
gsk,cec2013,9,50,4,83241216,-5.3058235163e+02,6.9417648371e+01,500000,max_evaluations,18.476569
gsk,cec2013,9,50,5,84241253,-5.3140179018e+02,6.8598209823e+01,500000,max_evaluations,18.824176
gsk,cec2013,9,50,6,85241290,-5.3017287063e+02,6.9827129373e+01,500000,max_evaluations,18.708233
gsk,cec2013,9,50,7,86241327,-5.2824727386e+02,7.1752726140e+01,500000,max_evaluations,18.466749
gsk,cec2013,9,50,8,87241364,-5.2790581549e+02,7.2094184514e+01,500000,max_evaluations,18.671882
gsk,cec2013,9,50,9,88241401,-5.2818076091e+02,7.1819239088e+01,500000,max_evaluations,18.401272
gsk,cec2013,9,50,10,89241438,-5.2707934991e+02,7.2920650095e+01,500000,max_evaluations,16.720031
gsk,cec2013,9,50,11,90241475,-5.2766326666e+02,7.2336733341e+01,500000,max_evaluations,16.944454
gsk,cec2013,9,50,12,91241512,-5.2928793741e+02,7.0712062593e+01,500000,max_evaluations,16.750330
gsk,cec2013,9,50,13,92241549,-5.3110897697e+02,6.8891023032e+01,500000,max_evaluations,16.784410
gsk,cec2013,9,50,14,93241586,-5.2808565408e+02,7.1914345924e+01,500000,max_evaluations,16.767893
gsk,cec2013,9,50,15,94241623,-5.3005550900e+02,6.9944491000e+01,500000,max_evaluations,17.192741
gsk,cec2013,9,50,16,95241660,-5.3038135363e+02,6.9618646371e+01,500000,max_evaluations,18.264861
gsk,cec2013,9,50,17,96241697,-5.2864300416e+02,7.1356995844e+01,500000,max_evaluations,18.016532
gsk,cec2013,9,50,18,97241734,-5.3312415511e+02,6.6875844885e+01,500000,max_evaluations,18.208273
gsk,cec2013,9,50,19,98241771,-5.3035325161e+02,6.9646748388e+01,500000,max_evaluations,18.172235
gsk,cec2013,9,50,20,99241808,-5.2683469024e+02,7.3165309759e+01,500000,max_evaluations,18.396040
gsk,cec2013,9,50,21,100241845,-5.3101705584e+02,6.8982944162e+01,500000,max_evaluations,18.306097
gsk,cec2013,9,50,22,101241882,-5.3212647837e+02,6.7873521634e+01,500000,max_evaluations,18.409260
gsk,cec2013,9,50,23,102241919,-5.2931055531e+02,7.0689444687e+01,500000,max_evaluations,19.531973
gsk,cec2013,9,50,24,103241956,-5.3199818470e+02,6.8001815300e+01,500000,max_evaluations,19.599580
gsk,cec2013,9,50,25,104241993,-5.3112524916e+02,6.8874750844e+01,500000,max_evaluations,19.752476
gsk,cec2013,9,50,26,105242030,-5.3126397450e+02,6.8736025500e+01,500000,max_evaluations,19.919156
gsk,cec2013,9,50,27,106242067,-5.2703663716e+02,7.2963362840e+01,500000,max_evaluations,19.748610
gsk,cec2013,9,50,28,107242104,-5.2940519672e+02,7.0594803284e+01,500000,max_evaluations,19.606720
gsk,cec2013,9,50,29,108242141,-5.3145889223e+02,6.8541107775e+01,500000,max_evaluations,19.602795
gsk,cec2013,9,50,30,109242178,-5.3080228132e+02,6.9197718682e+01,500000,max_evaluations,19.902465
gsk,cec2013,9,50,31,110242215,-5.3024207299e+02,6.9757927007e+01,500000,max_evaluations,20.520121
gsk,cec2013,9,50,32,111242252,-5.3096035859e+02,6.9039641414e+01,500000,max_evaluations,20.630578
gsk,cec2013,9,50,33,112242289,-5.2742062170e+02,7.2579378297e+01,500000,max_evaluations,20.553790
gsk,cec2013,9,50,34,113242326,-5.3064095397e+02,6.9359046025e+01,500000,max_evaluations,20.454375
gsk,cec2013,9,50,35,114242363,-5.3481216463e+02,6.5187835370e+01,500000,max_evaluations,20.640212
gsk,cec2013,9,50,36,115242400,-5.2768516014e+02,7.2314839863e+01,500000,max_evaluations,20.535263
gsk,cec2013,9,50,37,116242437,-5.2969223111e+02,7.0307768888e+01,500000,max_evaluations,20.531703
gsk,cec2013,9,50,38,117242474,-5.2695519592e+02,7.3044804077e+01,500000,max_evaluations,19.860881
gsk,cec2013,9,50,39,118242511,-5.2773955783e+02,7.2260442170e+01,500000,max_evaluations,20.069478
gsk,cec2013,9,50,40,119242548,-5.2941274760e+02,7.0587252403e+01,500000,max_evaluations,19.948930
gsk,cec2013,9,50,41,120242585,-5.2950678194e+02,7.0493218057e+01,500000,max_evaluations,20.029368
gsk,cec2013,9,50,42,121242622,-5.3044510780e+02,6.9554892200e+01,500000,max_evaluations,20.051751
gsk,cec2013,9,50,43,122242659,-5.3102232706e+02,6.8977672940e+01,500000,max_evaluations,19.787815
gsk,cec2013,9,50,44,123242696,-5.3107556620e+02,6.8924433799e+01,500000,max_evaluations,19.983711
gsk,cec2013,9,50,45,124242733,-5.3100382921e+02,6.8996170793e+01,500000,max_evaluations,19.908359
gsk,cec2013,9,50,46,125242770,-5.3012790043e+02,6.9872099568e+01,500000,max_evaluations,15.334122
gsk,cec2013,9,50,47,126242807,-5.2890839567e+02,7.1091604332e+01,500000,max_evaluations,15.094226
gsk,cec2013,9,50,48,127242844,-5.3085493824e+02,6.9145061757e+01,500000,max_evaluations,15.413988
gsk,cec2013,9,50,49,128242881,-5.2968624934e+02,7.0313750665e+01,500000,max_evaluations,15.164520
gsk,cec2013,9,50,50,129242918,-5.2950524171e+02,7.0494758294e+01,500000,max_evaluations,15.123570
gsk,cec2013,9,50,51,130242955,-5.3039596213e+02,6.9604037873e+01,500000,max_evaluations,14.910524
gsk,cec2013,10,50,1,81241138,-4.9987186507e+02,1.2813492531e-01,500000,max_evaluations,3.348192
gsk,cec2013,10,50,2,82241175,-4.9970448558e+02,2.9551442338e-01,500000,max_evaluations,3.227165
gsk,cec2013,10,50,3,83241212,-4.9984478651e+02,1.5521348853e-01,500000,max_evaluations,3.395945
gsk,cec2013,10,50,4,84241249,-4.9977342002e+02,2.2657997783e-01,500000,max_evaluations,3.308440
gsk,cec2013,10,50,5,85241286,-4.9978578050e+02,2.1421950080e-01,500000,max_evaluations,3.220486
gsk,cec2013,10,50,6,86241323,-4.9980297965e+02,1.9702034809e-01,500000,max_evaluations,3.362812
gsk,cec2013,10,50,7,87241360,-4.9982506200e+02,1.7493800397e-01,500000,max_evaluations,3.448742
gsk,cec2013,10,50,8,88241397,-4.9970701072e+02,2.9298927735e-01,500000,max_evaluations,3.347841
gsk,cec2013,10,50,9,89241434,-4.9964014611e+02,3.5985389443e-01,500000,max_evaluations,3.436418
gsk,cec2013,10,50,10,90241471,-4.9956931098e+02,4.3068902093e-01,500000,max_evaluations,3.313398
gsk,cec2013,10,50,11,91241508,-4.9987685891e+02,1.2314108842e-01,500000,max_evaluations,3.268428
gsk,cec2013,10,50,12,92241545,-4.9957875532e+02,4.2124468097e-01,500000,max_evaluations,3.302496
gsk,cec2013,10,50,13,93241582,-4.9993597313e+02,6.4026866751e-02,500000,max_evaluations,3.342044
gsk,cec2013,10,50,14,94241619,-4.9975120441e+02,2.4879558605e-01,500000,max_evaluations,3.239475
gsk,cec2013,10,50,15,95241656,-4.9981773000e+02,1.8227000054e-01,500000,max_evaluations,3.280021
gsk,cec2013,10,50,16,96241693,-4.9976849270e+02,2.3150730044e-01,500000,max_evaluations,3.716057
gsk,cec2013,10,50,17,97241730,-4.9981759708e+02,1.8240292358e-01,500000,max_evaluations,3.633122
gsk,cec2013,10,50,18,98241767,-4.9949262402e+02,5.0737597507e-01,500000,max_evaluations,3.478911
gsk,cec2013,10,50,19,99241804,-4.9979071779e+02,2.0928221002e-01,500000,max_evaluations,3.722277
gsk,cec2013,10,50,20,100241841,-4.9970674509e+02,2.9325490870e-01,500000,max_evaluations,3.615422
gsk,cec2013,10,50,21,101241878,-4.9956662891e+02,4.3337109160e-01,500000,max_evaluations,3.736912
gsk,cec2013,10,50,22,102241915,-4.9973649150e+02,2.6350849531e-01,500000,max_evaluations,3.678843
gsk,cec2013,10,50,23,103241952,-4.9989415894e+02,1.0584106210e-01,500000,max_evaluations,3.552065
gsk,cec2013,10,50,24,104241989,-4.9976845582e+02,2.3154417684e-01,500000,max_evaluations,3.623310
gsk,cec2013,10,50,25,105242026,-4.9979077908e+02,2.0922091690e-01,500000,max_evaluations,3.540032
gsk,cec2013,10,50,26,106242063,-4.9973898954e+02,2.6101046242e-01,500000,max_evaluations,3.729837
gsk,cec2013,10,50,27,107242100,-4.9984728463e+02,1.5271536873e-01,500000,max_evaluations,3.813693
gsk,cec2013,10,50,28,108242137,-4.9973404506e+02,2.6595494287e-01,500000,max_evaluations,3.677201
gsk,cec2013,10,50,29,109242174,-4.9981509889e+02,1.8490111039e-01,500000,max_evaluations,3.581314
gsk,cec2013,10,50,30,110242211,-4.9966767740e+02,3.3232259733e-01,500000,max_evaluations,3.831100
gsk,cec2013,10,50,31,111242248,-4.9987440506e+02,1.2559493522e-01,500000,max_evaluations,3.928496
gsk,cec2013,10,50,32,112242285,-4.9988178880e+02,1.1821120281e-01,500000,max_evaluations,4.118282
gsk,cec2013,10,50,33,113242322,-4.9982033609e+02,1.7966390971e-01,500000,max_evaluations,3.685596
gsk,cec2013,10,50,34,114242359,-4.9981285401e+02,1.8714599110e-01,500000,max_evaluations,3.847882
gsk,cec2013,10,50,35,115242396,-4.9974626280e+02,2.5373719978e-01,500000,max_evaluations,3.757856
gsk,cec2013,10,50,36,116242433,-4.9991630035e+02,8.3699649959e-02,500000,max_evaluations,3.894232
gsk,cec2013,10,50,37,117242470,-4.9980782108e+02,1.9217891753e-01,500000,max_evaluations,3.798689
gsk,cec2013,10,50,38,118242507,-4.9991624135e+02,8.3758651458e-02,500000,max_evaluations,3.687004
gsk,cec2013,10,50,39,119242544,-4.9984240390e+02,1.5759609682e-01,500000,max_evaluations,3.856544
gsk,cec2013,10,50,40,120242581,-4.9972171389e+02,2.7828610583e-01,500000,max_evaluations,3.841832
gsk,cec2013,10,50,41,121242618,-4.9974388021e+02,2.5611979369e-01,500000,max_evaluations,3.834446
gsk,cec2013,10,50,42,122242655,-4.9979062915e+02,2.0937085000e-01,500000,max_evaluations,3.955572
gsk,cec2013,10,50,43,123242692,-4.9982014199e+02,1.7985801430e-01,500000,max_evaluations,3.980260
gsk,cec2013,10,50,44,124242729,-4.9980294019e+02,1.9705980768e-01,500000,max_evaluations,3.905573
gsk,cec2013,10,50,45,125242766,-4.9964291022e+02,3.5708977661e-01,500000,max_evaluations,4.024707
gsk,cec2013,10,50,46,126242803,-4.9966488678e+02,3.3511321973e-01,500000,max_evaluations,3.166651
gsk,cec2013,10,50,47,127242840,-4.9976363413e+02,2.3636586762e-01,500000,max_evaluations,3.145321
gsk,cec2013,10,50,48,128242877,-4.9974400233e+02,2.5599767254e-01,500000,max_evaluations,3.195341
gsk,cec2013,10,50,49,129242914,-4.9938724527e+02,6.1275473040e-01,500000,max_evaluations,2.962853
gsk,cec2013,10,50,50,130242951,-4.9989415894e+02,1.0584106210e-01,500000,max_evaluations,3.085532
gsk,cec2013,10,50,51,131242988,-4.9970448556e+02,2.9551444361e-01,500000,max_evaluations,3.166251
gsk,cec2013,11,50,1,82241171,-8.8992621229e+01,3.1100737877e+02,500000,max_evaluations,3.810305
gsk,cec2013,11,50,2,83241208,-8.5791075348e+01,3.1420892465e+02,500000,max_evaluations,3.961463
gsk,cec2013,11,50,3,84241245,-1.1605853398e+02,2.8394146602e+02,500000,max_evaluations,3.814067
gsk,cec2013,11,50,4,85241282,-3.6610018597e+02,3.3899814027e+01,500000,max_evaluations,3.882240
gsk,cec2013,11,50,5,86241319,-1.8271591785e+02,2.1728408215e+02,500000,max_evaluations,3.934673
gsk,cec2013,11,50,6,87241356,-9.5730419411e+01,3.0426958059e+02,500000,max_evaluations,3.922870
gsk,cec2013,11,50,7,88241393,-3.6020168310e+02,3.9798316898e+01,500000,max_evaluations,3.903697
gsk,cec2013,11,50,8,89241430,-1.4530097283e+02,2.5469902717e+02,500000,max_evaluations,4.062951
gsk,cec2013,11,50,9,90241467,-3.8408065509e+02,1.5919344913e+01,500000,max_evaluations,3.718394
gsk,cec2013,11,50,10,91241504,-3.7214115648e+02,2.7858843524e+01,500000,max_evaluations,3.723957
gsk,cec2013,11,50,11,92241541,-3.6716636119e+02,3.2833638808e+01,500000,max_evaluations,3.920669
gsk,cec2013,11,50,12,93241578,-3.7112655745e+02,2.8873442555e+01,500000,max_evaluations,3.836450
gsk,cec2013,11,50,13,94241615,-3.7611774524e+02,2.3882254755e+01,500000,max_evaluations,3.818296
gsk,cec2013,11,50,14,95241652,-9.7757076776e+01,3.0224292322e+02,500000,max_evaluations,3.957718
gsk,cec2013,11,50,15,96241689,-1.1143077945e+02,2.8856922055e+02,500000,max_evaluations,3.944789
gsk,cec2013,11,50,16,97241726,-3.5323697474e+02,4.6763025260e+01,500000,max_evaluations,4.193357
gsk,cec2013,11,50,17,98241763,-1.2181618865e+02,2.7818381135e+02,500000,max_evaluations,4.088801
gsk,cec2013,11,50,18,99241800,-3.7910586988e+02,2.0894130123e+01,500000,max_evaluations,4.160785
gsk,cec2013,11,50,19,100241837,-3.7165620396e+02,2.8343796040e+01,500000,max_evaluations,4.555043
gsk,cec2013,11,50,20,101241874,-7.8652199016e+01,3.2134780098e+02,500000,max_evaluations,4.340747
gsk,cec2013,11,50,21,102241911,-1.5822804296e+02,2.4177195704e+02,500000,max_evaluations,4.104168
gsk,cec2013,11,50,22,103241948,-1.2068163679e+02,2.7931836321e+02,500000,max_evaluations,4.318199
gsk,cec2013,11,50,23,104241985,-3.7512602337e+02,2.4873976628e+01,500000,max_evaluations,4.345910
gsk,cec2013,11,50,24,105242022,-9.7409727730e+01,3.0259027227e+02,500000,max_evaluations,4.329574
gsk,cec2013,11,50,25,106242059,-3.7811090578e+02,2.1889094218e+01,500000,max_evaluations,4.076333
gsk,cec2013,11,50,26,107242096,-3.8308569603e+02,1.6914303971e+01,500000,max_evaluations,4.156396
gsk,cec2013,11,50,27,108242133,-3.4925715845e+02,5.0742841551e+01,500000,max_evaluations,4.198857
gsk,cec2013,11,50,28,109242170,-3.7612098767e+02,2.3879012332e+01,500000,max_evaluations,4.207392
gsk,cec2013,11,50,29,110242207,-3.7311651400e+02,2.6883485998e+01,500000,max_evaluations,4.199722
gsk,cec2013,11,50,30,111242244,-3.7413107459e+02,2.5868925409e+01,500000,max_evaluations,4.619776
gsk,cec2013,11,50,31,112242281,-1.0378500886e+02,2.9621499114e+02,500000,max_evaluations,4.481213
gsk,cec2013,11,50,32,113242318,-3.8308569603e+02,1.6914303971e+01,500000,max_evaluations,4.432884
gsk,cec2013,11,50,33,114242355,-3.8109567161e+02,1.8904328386e+01,500000,max_evaluations,4.441746
gsk,cec2013,11,50,34,115242392,-3.7612098767e+02,2.3879012332e+01,500000,max_evaluations,4.554229
gsk,cec2013,11,50,35,116242429,-1.0741574562e+02,2.9258425438e+02,500000,max_evaluations,4.495676
gsk,cec2013,11,50,36,117242466,-3.7413106955e+02,2.5868930447e+01,500000,max_evaluations,4.577122
gsk,cec2013,11,50,37,118242503,-3.6816131246e+02,3.1838687540e+01,500000,max_evaluations,4.347685
gsk,cec2013,11,50,38,119242540,-9.3880475426e+01,3.0611952457e+02,500000,max_evaluations,4.468922
gsk,cec2013,11,50,39,120242577,-3.7910586484e+02,2.0894135161e+01,500000,max_evaluations,4.236385
gsk,cec2013,11,50,40,121242614,-8.8556685704e+01,3.1144331430e+02,500000,max_evaluations,4.349100
gsk,cec2013,11,50,41,122242651,-1.0460690479e+02,2.9539309521e+02,500000,max_evaluations,4.674502
gsk,cec2013,11,50,42,123242688,-9.0988300678e+01,3.0901169932e+02,500000,max_evaluations,4.632715
gsk,cec2013,11,50,43,124242725,-9.0273455341e+01,3.0972654466e+02,500000,max_evaluations,4.739459
gsk,cec2013,11,50,44,125242762,-3.7711594156e+02,2.2884058439e+01,500000,max_evaluations,4.602955
gsk,cec2013,11,50,45,126242799,-3.7214115144e+02,2.7858848561e+01,500000,max_evaluations,4.597821
gsk,cec2013,11,50,46,127242836,-1.0229883276e+02,2.9770116724e+02,500000,max_evaluations,3.575294
gsk,cec2013,11,50,47,128242873,-3.6318652496e+02,3.6813475039e+01,500000,max_evaluations,3.616995
gsk,cec2013,11,50,48,129242910,-3.6219159111e+02,3.7808408893e+01,500000,max_evaluations,3.704608
gsk,cec2013,11,50,49,130242947,-8.3930773798e+01,3.1606922620e+02,500000,max_evaluations,3.792130
gsk,cec2013,11,50,50,131242984,-1.3546758765e+02,2.6453241235e+02,500000,max_evaluations,3.818351
gsk,cec2013,11,50,51,132243021,-3.7015123333e+02,2.9848766675e+01,500000,max_evaluations,3.696749
gsk,cec2013,12,50,1,83241204,3.8313189866e+01,3.3831318987e+02,500000,max_evaluations,4.699987
gsk,cec2013,12,50,2,84241241,3.7036481491e+01,3.3703648149e+02,500000,max_evaluations,4.850982
gsk,cec2013,12,50,3,85241278,2.7689117054e+01,3.2768911705e+02,500000,max_evaluations,4.587931
gsk,cec2013,12,50,4,86241315,1.4237753019e+01,3.1423775302e+02,500000,max_evaluations,4.782195
gsk,cec2013,12,50,5,87241352,2.7608284222e+01,3.2760828422e+02,500000,max_evaluations,4.573956
gsk,cec2013,12,50,6,88241389,1.5151562740e+01,3.1515156274e+02,500000,max_evaluations,4.745051
gsk,cec2013,12,50,7,89241426,4.3703415372e+01,3.4370341537e+02,500000,max_evaluations,4.638605
gsk,cec2013,12,50,8,90241463,4.2576585609e+01,3.4257658561e+02,500000,max_evaluations,4.649678
gsk,cec2013,12,50,9,91241500,1.8203843617e+01,3.1820384362e+02,500000,max_evaluations,4.823241
gsk,cec2013,12,50,10,92241537,4.2438382394e+01,3.4243838239e+02,500000,max_evaluations,4.647944
gsk,cec2013,12,50,11,93241574,3.4550395887e+01,3.3455039589e+02,500000,max_evaluations,4.677196
gsk,cec2013,12,50,12,94241611,3.9759850638e+01,3.3975985064e+02,500000,max_evaluations,4.558389
gsk,cec2013,12,50,13,95241648,4.4634640322e+01,3.4463464032e+02,500000,max_evaluations,4.664860
gsk,cec2013,12,50,14,96241685,8.0484909371e+00,3.0804849094e+02,500000,max_evaluations,4.725637
gsk,cec2013,12,50,15,97241722,3.8989716587e+01,3.3898971659e+02,500000,max_evaluations,4.590479
gsk,cec2013,12,50,16,98241759,1.8525505879e+01,3.1852550588e+02,500000,max_evaluations,5.007061
gsk,cec2013,12,50,17,99241796,3.1235096189e+01,3.3123509619e+02,500000,max_evaluations,5.667735
gsk,cec2013,12,50,18,100241833,-1.2876069153e+01,2.8712393085e+02,500000,max_evaluations,5.068696
gsk,cec2013,12,50,19,101241870,4.7864014987e+01,3.4786401499e+02,500000,max_evaluations,5.310386
gsk,cec2013,12,50,20,102241907,9.4011207833e+00,3.0940112078e+02,500000,max_evaluations,5.651691
gsk,cec2013,12,50,21,103241944,4.4107861429e+01,3.4410786143e+02,500000,max_evaluations,5.146564
gsk,cec2013,12,50,22,104241981,6.0490033031e+00,3.0604900330e+02,500000,max_evaluations,5.404235
gsk,cec2013,12,50,23,105242018,2.1017866365e+01,3.2101786636e+02,500000,max_evaluations,5.116018
gsk,cec2013,12,50,24,106242055,3.5644344698e+01,3.3564434470e+02,500000,max_evaluations,5.547669
gsk,cec2013,12,50,25,107242092,5.3515082890e+01,3.5351508289e+02,500000,max_evaluations,5.404613
gsk,cec2013,12,50,26,108242129,3.2195377888e+01,3.3219537789e+02,500000,max_evaluations,5.075322
gsk,cec2013,12,50,27,109242166,2.2410562145e+01,3.2241056215e+02,500000,max_evaluations,5.436472
gsk,cec2013,12,50,28,110242203,2.1534997863e+01,3.2153499786e+02,500000,max_evaluations,5.404346
gsk,cec2013,12,50,29,111242240,2.1481021131e+01,3.2148102113e+02,500000,max_evaluations,5.481026
gsk,cec2013,12,50,30,112242277,5.1334036048e+01,3.5133403605e+02,500000,max_evaluations,5.489694
gsk,cec2013,12,50,31,113242314,3.4758324617e+01,3.3475832462e+02,500000,max_evaluations,5.589872
gsk,cec2013,12,50,32,114242351,3.3284242214e+01,3.3328424221e+02,500000,max_evaluations,5.596235
gsk,cec2013,12,50,33,115242388,9.6375685636e-01,3.0096375686e+02,500000,max_evaluations,5.589375
gsk,cec2013,12,50,34,116242425,2.0885895240e+01,3.2088589524e+02,500000,max_evaluations,5.655305
gsk,cec2013,12,50,35,117242462,2.2524276772e+01,3.2252427677e+02,500000,max_evaluations,5.506257
gsk,cec2013,12,50,36,118242499,1.3067638934e+01,3.1306763893e+02,500000,max_evaluations,5.621121
gsk,cec2013,12,50,37,119242536,1.0574116019e+01,3.1057411602e+02,500000,max_evaluations,5.743980
gsk,cec2013,12,50,38,120242573,2.5591860273e+01,3.2559186027e+02,500000,max_evaluations,5.496312
gsk,cec2013,12,50,39,121242610,2.0637092744e+01,3.2063709274e+02,500000,max_evaluations,5.746143
gsk,cec2013,12,50,40,122242647,3.0661237977e+01,3.3066123798e+02,500000,max_evaluations,5.836852
gsk,cec2013,12,50,41,123242684,3.3778466517e+01,3.3377846652e+02,500000,max_evaluations,5.791438
gsk,cec2013,12,50,42,124242721,2.3889001178e+01,3.2388900118e+02,500000,max_evaluations,5.741124
gsk,cec2013,12,50,43,125242758,1.6768053103e+01,3.1676805310e+02,500000,max_evaluations,5.773412
gsk,cec2013,12,50,44,126242795,1.2863734231e+00,3.0128637342e+02,500000,max_evaluations,5.702643
gsk,cec2013,12,50,45,127242832,2.4785514531e+01,3.2478551453e+02,500000,max_evaluations,5.773400
gsk,cec2013,12,50,46,128242869,1.9634590690e+01,3.1963459069e+02,500000,max_evaluations,4.552796
gsk,cec2013,12,50,47,129242906,3.5953727481e+01,3.3595372748e+02,500000,max_evaluations,4.367437
gsk,cec2013,12,50,48,130242943,1.6235537059e+01,3.1623553706e+02,500000,max_evaluations,4.599227
gsk,cec2013,12,50,49,131242980,5.1131754340e+00,3.0511317543e+02,500000,max_evaluations,4.480841
gsk,cec2013,12,50,50,132243017,8.2553960079e+00,3.0825539601e+02,500000,max_evaluations,4.325101
gsk,cec2013,12,50,51,133243054,2.0096560696e+01,3.2009656070e+02,500000,max_evaluations,4.487580
gsk,cec2013,13,50,1,84241237,1.2215174373e+02,3.2215174373e+02,500000,max_evaluations,5.648225
gsk,cec2013,13,50,2,85241274,1.1860915832e+02,3.1860915832e+02,500000,max_evaluations,5.814027
gsk,cec2013,13,50,3,86241311,1.2887499780e+02,3.2887499780e+02,500000,max_evaluations,5.785117
gsk,cec2013,13,50,4,87241348,1.4156210204e+02,3.4156210204e+02,500000,max_evaluations,5.846449
gsk,cec2013,13,50,5,88241385,1.4961730259e+02,3.4961730259e+02,500000,max_evaluations,5.892267
gsk,cec2013,13,50,6,89241422,1.2753575319e+02,3.2753575319e+02,500000,max_evaluations,5.757664
gsk,cec2013,13,50,7,90241459,1.3020747621e+02,3.3020747621e+02,500000,max_evaluations,5.755776
gsk,cec2013,13,50,8,91241496,1.4193868542e+02,3.4193868542e+02,500000,max_evaluations,6.004646
gsk,cec2013,13,50,9,92241533,1.3421198195e+02,3.3421198195e+02,500000,max_evaluations,5.671842
gsk,cec2013,13,50,10,93241570,1.4252610193e+02,3.4252610193e+02,500000,max_evaluations,5.673927
gsk,cec2013,13,50,11,94241607,1.4741005327e+02,3.4741005327e+02,500000,max_evaluations,5.763023
gsk,cec2013,13,50,12,95241644,1.4183983856e+02,3.4183983856e+02,500000,max_evaluations,5.621534
gsk,cec2013,13,50,13,96241681,1.1746579316e+02,3.1746579316e+02,500000,max_evaluations,5.566232
gsk,cec2013,13,50,14,97241718,1.5775787581e+02,3.5775787581e+02,500000,max_evaluations,5.544320
gsk,cec2013,13,50,15,98241755,1.1632654178e+02,3.1632654178e+02,500000,max_evaluations,5.484049
gsk,cec2013,13,50,16,99241792,1.3617034472e+02,3.3617034472e+02,500000,max_evaluations,6.034337
gsk,cec2013,13,50,17,100241829,1.2773522595e+02,3.2773522595e+02,500000,max_evaluations,6.026201
gsk,cec2013,13,50,18,101241866,1.1298692066e+02,3.1298692066e+02,500000,max_evaluations,6.041330
gsk,cec2013,13,50,19,102241903,1.0723706026e+02,3.0723706026e+02,500000,max_evaluations,5.889831
gsk,cec2013,13,50,20,103241940,1.1888519776e+02,3.1888519776e+02,500000,max_evaluations,5.975189
gsk,cec2013,13,50,21,104241977,1.1814419105e+02,3.1814419105e+02,500000,max_evaluations,6.371718
gsk,cec2013,13,50,22,105242014,1.4299905734e+02,3.4299905734e+02,500000,max_evaluations,6.036678
gsk,cec2013,13,50,23,106242051,1.4051252967e+02,3.4051252967e+02,500000,max_evaluations,6.528942
gsk,cec2013,13,50,24,107242088,1.2334119162e+02,3.2334119162e+02,500000,max_evaluations,6.536416
gsk,cec2013,13,50,25,108242125,1.2697737679e+02,3.2697737679e+02,500000,max_evaluations,6.060915
gsk,cec2013,13,50,26,109242162,8.8298143557e+01,2.8829814356e+02,500000,max_evaluations,6.210739
gsk,cec2013,13,50,27,110242199,1.3315467982e+02,3.3315467982e+02,500000,max_evaluations,6.408564
gsk,cec2013,13,50,28,111242236,1.4186330063e+02,3.4186330063e+02,500000,max_evaluations,6.587668
gsk,cec2013,13,50,29,112242273,1.3488176122e+02,3.3488176122e+02,500000,max_evaluations,6.318578
gsk,cec2013,13,50,30,113242310,1.4390534465e+02,3.4390534465e+02,500000,max_evaluations,6.581747
gsk,cec2013,13,50,31,114242347,1.3858580112e+02,3.3858580112e+02,500000,max_evaluations,7.013365
gsk,cec2013,13,50,32,115242384,1.2341594967e+02,3.2341594967e+02,500000,max_evaluations,7.316048
gsk,cec2013,13,50,33,116242421,1.3766989359e+02,3.3766989359e+02,500000,max_evaluations,7.102556
gsk,cec2013,13,50,34,117242458,1.1970466723e+02,3.1970466723e+02,500000,max_evaluations,7.415922
gsk,cec2013,13,50,35,118242495,1.3198180880e+02,3.3198180880e+02,500000,max_evaluations,7.137220
gsk,cec2013,13,50,36,119242532,1.3051923197e+02,3.3051923197e+02,500000,max_evaluations,7.276568
gsk,cec2013,13,50,37,120242569,1.0580486440e+02,3.0580486440e+02,500000,max_evaluations,7.316718
gsk,cec2013,13,50,38,121242606,1.3127750686e+02,3.3127750686e+02,500000,max_evaluations,7.199005
gsk,cec2013,13,50,39,122242643,1.2084519058e+02,3.2084519058e+02,500000,max_evaluations,7.398600
gsk,cec2013,13,50,40,123242680,1.3685201988e+02,3.3685201988e+02,500000,max_evaluations,7.364262
gsk,cec2013,13,50,41,124242717,1.3904585211e+02,3.3904585211e+02,500000,max_evaluations,7.274270
gsk,cec2013,13,50,42,125242754,1.6576284220e+02,3.6576284220e+02,500000,max_evaluations,7.318202
gsk,cec2013,13,50,43,126242791,8.8647846999e+01,2.8864784700e+02,500000,max_evaluations,7.328084
gsk,cec2013,13,50,44,127242828,1.1156503681e+02,3.1156503681e+02,500000,max_evaluations,7.284700
gsk,cec2013,13,50,45,128242865,1.1349536338e+02,3.1349536338e+02,500000,max_evaluations,7.268657
gsk,cec2013,13,50,46,129242902,1.3712760788e+02,3.3712760788e+02,500000,max_evaluations,5.136303
gsk,cec2013,13,50,47,130242939,1.2142454571e+02,3.2142454571e+02,500000,max_evaluations,5.272280
gsk,cec2013,13,50,48,131242976,1.3232424996e+02,3.3232424996e+02,500000,max_evaluations,5.110257
gsk,cec2013,13,50,49,132243013,1.5754174111e+02,3.5754174111e+02,500000,max_evaluations,4.878972
gsk,cec2013,13,50,50,133243050,1.5124356711e+02,3.5124356711e+02,500000,max_evaluations,4.857898
gsk,cec2013,13,50,51,134243087,1.3594757817e+02,3.3594757817e+02,500000,max_evaluations,5.076953
gsk,cec2013,14,50,1,85241270,1.2193845176e+04,1.2293845176e+04,500000,max_evaluations,3.943862
gsk,cec2013,14,50,2,86241307,1.3153000199e+04,1.3253000199e+04,500000,max_evaluations,4.061574
gsk,cec2013,14,50,3,87241344,1.3006018161e+04,1.3106018161e+04,500000,max_evaluations,4.067434
gsk,cec2013,14,50,4,88241381,1.2765826772e+04,1.2865826772e+04,500000,max_evaluations,4.379162
gsk,cec2013,14,50,5,89241418,1.2721808171e+04,1.2821808171e+04,500000,max_evaluations,3.979887
gsk,cec2013,14,50,6,90241455,1.2999041977e+04,1.3099041977e+04,500000,max_evaluations,3.985673
gsk,cec2013,14,50,7,91241492,1.3054835863e+04,1.3154835863e+04,500000,max_evaluations,4.086542
gsk,cec2013,14,50,8,92241529,1.1451866342e+04,1.1551866342e+04,500000,max_evaluations,4.096296
gsk,cec2013,14,50,9,93241566,1.3196242932e+04,1.3296242932e+04,500000,max_evaluations,4.197335
gsk,cec2013,14,50,10,94241603,1.3100762364e+04,1.3200762364e+04,500000,max_evaluations,4.069911
gsk,cec2013,14,50,11,95241640,1.2798441090e+04,1.2898441090e+04,500000,max_evaluations,3.934026
gsk,cec2013,14,50,12,96241677,1.3454814609e+04,1.3554814609e+04,500000,max_evaluations,3.976989
gsk,cec2013,14,50,13,97241714,1.2886557460e+04,1.2986557460e+04,500000,max_evaluations,3.926107
gsk,cec2013,14,50,14,98241751,1.3273772151e+04,1.3373772151e+04,500000,max_evaluations,3.985682
gsk,cec2013,14,50,15,99241788,1.2975373579e+04,1.3075373579e+04,500000,max_evaluations,3.993727
gsk,cec2013,14,50,16,100241825,1.3046344228e+04,1.3146344228e+04,500000,max_evaluations,4.491375
gsk,cec2013,14,50,17,101241862,1.2795151682e+04,1.2895151682e+04,500000,max_evaluations,4.341790
gsk,cec2013,14,50,18,102241899,1.3049537899e+04,1.3149537899e+04,500000,max_evaluations,4.285796
gsk,cec2013,14,50,19,103241936,1.3063794129e+04,1.3163794129e+04,500000,max_evaluations,4.294399
gsk,cec2013,14,50,20,104241973,1.3176192123e+04,1.3276192123e+04,500000,max_evaluations,4.215010
gsk,cec2013,14,50,21,105242010,1.2783084644e+04,1.2883084644e+04,500000,max_evaluations,4.607024
gsk,cec2013,14,50,22,106242047,1.2816085241e+04,1.2916085241e+04,500000,max_evaluations,4.222962
gsk,cec2013,14,50,23,107242084,1.2921845558e+04,1.3021845558e+04,500000,max_evaluations,4.311164
gsk,cec2013,14,50,24,108242121,1.2763844138e+04,1.2863844138e+04,500000,max_evaluations,4.502740
gsk,cec2013,14,50,25,109242158,1.2248227472e+04,1.2348227472e+04,500000,max_evaluations,4.576430
gsk,cec2013,14,50,26,110242195,1.3069789166e+04,1.3169789166e+04,500000,max_evaluations,4.374560
gsk,cec2013,14,50,27,111242232,1.3031173716e+04,1.3131173716e+04,500000,max_evaluations,4.489062
gsk,cec2013,14,50,28,112242269,1.2698524293e+04,1.2798524293e+04,500000,max_evaluations,4.342371
gsk,cec2013,14,50,29,113242306,1.3283108459e+04,1.3383108459e+04,500000,max_evaluations,4.579991
gsk,cec2013,14,50,30,114242343,1.2519193005e+04,1.2619193005e+04,500000,max_evaluations,4.510560
gsk,cec2013,14,50,31,115242380,1.3061525088e+04,1.3161525088e+04,500000,max_evaluations,4.645974
gsk,cec2013,14,50,32,116242417,1.2423801497e+04,1.2523801497e+04,500000,max_evaluations,4.594452
gsk,cec2013,14,50,33,117242454,1.3080215294e+04,1.3180215294e+04,500000,max_evaluations,4.526094
gsk,cec2013,14,50,34,118242491,1.3166482434e+04,1.3266482434e+04,500000,max_evaluations,4.658016
gsk,cec2013,14,50,35,119242528,1.2579916457e+04,1.2679916457e+04,500000,max_evaluations,4.541188
gsk,cec2013,14,50,36,120242565,1.2047789203e+04,1.2147789203e+04,500000,max_evaluations,4.477595
gsk,cec2013,14,50,37,121242602,1.3249825744e+04,1.3349825744e+04,500000,max_evaluations,4.469729
gsk,cec2013,14,50,38,122242639,1.2706706076e+04,1.2806706076e+04,500000,max_evaluations,4.569395
gsk,cec2013,14,50,39,123242676,1.2720177928e+04,1.2820177928e+04,500000,max_evaluations,4.543015
gsk,cec2013,14,50,40,124242713,1.2947936121e+04,1.3047936121e+04,500000,max_evaluations,4.698214
gsk,cec2013,14,50,41,125242750,1.2936807858e+04,1.3036807858e+04,500000,max_evaluations,4.745181
gsk,cec2013,14,50,42,126242787,1.3441239812e+04,1.3541239812e+04,500000,max_evaluations,4.698728
gsk,cec2013,14,50,43,127242824,1.3200269170e+04,1.3300269170e+04,500000,max_evaluations,4.746265
gsk,cec2013,14,50,44,128242861,1.2866330545e+04,1.2966330545e+04,500000,max_evaluations,4.721739
gsk,cec2013,14,50,45,129242898,1.2553997471e+04,1.2653997471e+04,500000,max_evaluations,4.781853
gsk,cec2013,14,50,46,130242935,1.3099939912e+04,1.3199939912e+04,500000,max_evaluations,3.710607
gsk,cec2013,14,50,47,131242972,1.2977660800e+04,1.3077660800e+04,500000,max_evaluations,3.786333
gsk,cec2013,14,50,48,132243009,1.3080740574e+04,1.3180740574e+04,500000,max_evaluations,3.700477
gsk,cec2013,14,50,49,133243046,1.2854672744e+04,1.2954672744e+04,500000,max_evaluations,3.751597
gsk,cec2013,14,50,50,134243083,1.3179791357e+04,1.3279791357e+04,500000,max_evaluations,3.728193
gsk,cec2013,14,50,51,135243120,1.3180152713e+04,1.3280152713e+04,500000,max_evaluations,3.638015
gsk,cec2013,15,50,1,86241303,1.3601059080e+04,1.3501059080e+04,500000,max_evaluations,4.148045
gsk,cec2013,15,50,2,87241340,1.3737790007e+04,1.3637790007e+04,500000,max_evaluations,4.260428
gsk,cec2013,15,50,3,88241377,1.3918998333e+04,1.3818998333e+04,500000,max_evaluations,4.116630
gsk,cec2013,15,50,4,89241414,1.4317664419e+04,1.4217664419e+04,500000,max_evaluations,4.293306
gsk,cec2013,15,50,5,90241451,1.3730955056e+04,1.3630955056e+04,500000,max_evaluations,4.488597
gsk,cec2013,15,50,6,91241488,1.3601518627e+04,1.3501518627e+04,500000,max_evaluations,4.240613
gsk,cec2013,15,50,7,92241525,1.4059863959e+04,1.3959863959e+04,500000,max_evaluations,4.170958
gsk,cec2013,15,50,8,93241562,1.3984581338e+04,1.3884581338e+04,500000,max_evaluations,4.172945
gsk,cec2013,15,50,9,94241599,1.4006503974e+04,1.3906503974e+04,500000,max_evaluations,4.255482
gsk,cec2013,15,50,10,95241636,1.4078017805e+04,1.3978017805e+04,500000,max_evaluations,4.078262
gsk,cec2013,15,50,11,96241673,1.3882010274e+04,1.3782010274e+04,500000,max_evaluations,4.286881
gsk,cec2013,15,50,12,97241710,1.4035106501e+04,1.3935106501e+04,500000,max_evaluations,4.154001
gsk,cec2013,15,50,13,98241747,1.4224266855e+04,1.4124266855e+04,500000,max_evaluations,4.023163
gsk,cec2013,15,50,14,99241784,1.4006004962e+04,1.3906004962e+04,500000,max_evaluations,4.108493
gsk,cec2013,15,50,15,100241821,1.4770033637e+04,1.4670033637e+04,500000,max_evaluations,4.080946
gsk,cec2013,15,50,16,101241858,1.3716917188e+04,1.3616917188e+04,500000,max_evaluations,4.615836
gsk,cec2013,15,50,17,102241895,1.3700871936e+04,1.3600871936e+04,500000,max_evaluations,4.638936
gsk,cec2013,15,50,18,103241932,1.3215417567e+04,1.3115417567e+04,500000,max_evaluations,4.729347
gsk,cec2013,15,50,19,104241969,1.4455825544e+04,1.4355825544e+04,500000,max_evaluations,4.706046
gsk,cec2013,15,50,20,105242006,1.4185935531e+04,1.4085935531e+04,500000,max_evaluations,4.723249
gsk,cec2013,15,50,21,106242043,1.3550436122e+04,1.3450436122e+04,500000,max_evaluations,4.837709
gsk,cec2013,15,50,22,107242080,1.3213800201e+04,1.3113800201e+04,500000,max_evaluations,4.629000
gsk,cec2013,15,50,23,108242117,1.3748620295e+04,1.3648620295e+04,500000,max_evaluations,4.863583
gsk,cec2013,15,50,24,109242154,1.3871580456e+04,1.3771580456e+04,500000,max_evaluations,4.902993
gsk,cec2013,15,50,25,110242191,1.3744294076e+04,1.3644294076e+04,500000,max_evaluations,4.855033
gsk,cec2013,15,50,26,111242228,1.3743182089e+04,1.3643182089e+04,500000,max_evaluations,4.838615
gsk,cec2013,15,50,27,112242265,1.4178543060e+04,1.4078543060e+04,500000,max_evaluations,4.671882
gsk,cec2013,15,50,28,113242302,1.3993739673e+04,1.3893739673e+04,500000,max_evaluations,4.498547
gsk,cec2013,15,50,29,114242339,1.3882879626e+04,1.3782879626e+04,500000,max_evaluations,4.918667
gsk,cec2013,15,50,30,115242376,1.3706030821e+04,1.3606030821e+04,500000,max_evaluations,4.908692
gsk,cec2013,15,50,31,116242413,1.4147879417e+04,1.4047879417e+04,500000,max_evaluations,4.931102
gsk,cec2013,15,50,32,117242450,1.4397795805e+04,1.4297795805e+04,500000,max_evaluations,4.963250
gsk,cec2013,15,50,33,118242487,1.4021907411e+04,1.3921907411e+04,500000,max_evaluations,4.863287
gsk,cec2013,15,50,34,119242524,1.3812169354e+04,1.3712169354e+04,500000,max_evaluations,4.855512
gsk,cec2013,15,50,35,120242561,1.2965407048e+04,1.2865407048e+04,500000,max_evaluations,4.947285
gsk,cec2013,15,50,36,121242598,1.3338307079e+04,1.3238307079e+04,500000,max_evaluations,5.030019
gsk,cec2013,15,50,37,122242635,1.4354511224e+04,1.4254511224e+04,500000,max_evaluations,5.279542
gsk,cec2013,15,50,38,123242672,1.3129310760e+04,1.3029310760e+04,500000,max_evaluations,4.927586
gsk,cec2013,15,50,39,124242709,1.3665160359e+04,1.3565160359e+04,500000,max_evaluations,5.171774
gsk,cec2013,15,50,40,125242746,1.4114317778e+04,1.4014317778e+04,500000,max_evaluations,5.063842
gsk,cec2013,15,50,41,126242783,1.3856017689e+04,1.3756017689e+04,500000,max_evaluations,5.236823
gsk,cec2013,15,50,42,127242820,1.3586318952e+04,1.3486318952e+04,500000,max_evaluations,5.066603
gsk,cec2013,15,50,43,128242857,1.4300763901e+04,1.4200763901e+04,500000,max_evaluations,5.203490
gsk,cec2013,15,50,44,129242894,1.3950359272e+04,1.3850359272e+04,500000,max_evaluations,5.097079
gsk,cec2013,15,50,45,130242931,1.4286981554e+04,1.4186981554e+04,500000,max_evaluations,5.147960
gsk,cec2013,15,50,46,131242968,1.4166108554e+04,1.4066108554e+04,500000,max_evaluations,3.648657
gsk,cec2013,15,50,47,132243005,1.3840931644e+04,1.3740931644e+04,500000,max_evaluations,3.639341
gsk,cec2013,15,50,48,133243042,1.2775141875e+04,1.2675141875e+04,500000,max_evaluations,3.558622
gsk,cec2013,15,50,49,134243079,1.3652098538e+04,1.3552098538e+04,500000,max_evaluations,3.554834
gsk,cec2013,15,50,50,135243116,1.4006701851e+04,1.3906701851e+04,500000,max_evaluations,3.624620
gsk,cec2013,15,50,51,136243153,1.4043691849e+04,1.3943691849e+04,500000,max_evaluations,3.544325
gsk,cec2013,16,50,1,87241336,2.0342272029e+02,3.4227202856e+00,500000,max_evaluations,5.573086
gsk,cec2013,16,50,2,88241373,2.0329892408e+02,3.2989240780e+00,500000,max_evaluations,5.795825
gsk,cec2013,16,50,3,89241410,2.0356162201e+02,3.5616220134e+00,500000,max_evaluations,5.770240
gsk,cec2013,16,50,4,90241447,2.0232474799e+02,2.3247479891e+00,500000,max_evaluations,5.686293
gsk,cec2013,16,50,5,91241484,2.0350853034e+02,3.5085303448e+00,500000,max_evaluations,5.559309
gsk,cec2013,16,50,6,92241521,2.0349513059e+02,3.4951305894e+00,500000,max_evaluations,5.971370
gsk,cec2013,16,50,7,93241558,2.0326545484e+02,3.2654548442e+00,500000,max_evaluations,5.860106
gsk,cec2013,16,50,8,94241595,2.0335154355e+02,3.3515435502e+00,500000,max_evaluations,5.706126
gsk,cec2013,16,50,9,95241632,2.0333938595e+02,3.3393859536e+00,500000,max_evaluations,5.675018
gsk,cec2013,16,50,10,96241669,2.0296670225e+02,2.9667022524e+00,500000,max_evaluations,5.491495
gsk,cec2013,16,50,11,97241706,2.0358222762e+02,3.5822276200e+00,500000,max_evaluations,5.494162
gsk,cec2013,16,50,12,98241743,2.0342193569e+02,3.4219356913e+00,500000,max_evaluations,5.685459
gsk,cec2013,16,50,13,99241780,2.0297894005e+02,2.9789400501e+00,500000,max_evaluations,5.603443
gsk,cec2013,16,50,14,100241817,2.0309983376e+02,3.0998337564e+00,500000,max_evaluations,5.643840
gsk,cec2013,16,50,15,101241854,2.0367378159e+02,3.6737815929e+00,500000,max_evaluations,5.583138
gsk,cec2013,16,50,16,102241891,2.0339852523e+02,3.3985252264e+00,500000,max_evaluations,6.431588
gsk,cec2013,16,50,17,103241928,2.0344240354e+02,3.4424035371e+00,500000,max_evaluations,6.493641
gsk,cec2013,16,50,18,104241965,2.0332749729e+02,3.3274972911e+00,500000,max_evaluations,6.713455
gsk,cec2013,16,50,19,105242002,2.0352001456e+02,3.5200145584e+00,500000,max_evaluations,6.303102
gsk,cec2013,16,50,20,106242039,2.0306595893e+02,3.0659589316e+00,500000,max_evaluations,6.451007
gsk,cec2013,16,50,21,107242076,2.0339702450e+02,3.3970244987e+00,500000,max_evaluations,6.332251
gsk,cec2013,16,50,22,108242113,2.0346052235e+02,3.4605223484e+00,500000,max_evaluations,6.561549
gsk,cec2013,16,50,23,109242150,2.0347309491e+02,3.4730949117e+00,500000,max_evaluations,6.876962
gsk,cec2013,16,50,24,110242187,2.0351192789e+02,3.5119278854e+00,500000,max_evaluations,6.779866
gsk,cec2013,16,50,25,111242224,2.0277542788e+02,2.7754278804e+00,500000,max_evaluations,6.513406
gsk,cec2013,16,50,26,112242261,2.0346749220e+02,3.4674921961e+00,500000,max_evaluations,7.054825
gsk,cec2013,16,50,27,113242298,2.0381935044e+02,3.8193504417e+00,500000,max_evaluations,6.811106
gsk,cec2013,16,50,28,114242335,2.0359284448e+02,3.5928444789e+00,500000,max_evaluations,6.861995
gsk,cec2013,16,50,29,115242372,2.0399967980e+02,3.9996797955e+00,500000,max_evaluations,6.814803
gsk,cec2013,16,50,30,116242409,2.0297822790e+02,2.9782278972e+00,500000,max_evaluations,6.915451
gsk,cec2013,16,50,31,117242446,2.0365341336e+02,3.6534133595e+00,500000,max_evaluations,6.370402
gsk,cec2013,16,50,32,118242483,2.0295396150e+02,2.9539615000e+00,500000,max_evaluations,6.507729
gsk,cec2013,16,50,33,119242520,2.0346507388e+02,3.4650738769e+00,500000,max_evaluations,6.606162
gsk,cec2013,16,50,34,120242557,2.0338110697e+02,3.3811069727e+00,500000,max_evaluations,6.415206
gsk,cec2013,16,50,35,121242594,2.0354281940e+02,3.5428194039e+00,500000,max_evaluations,6.517927
gsk,cec2013,16,50,36,122242631,2.0324793258e+02,3.2479325841e+00,500000,max_evaluations,6.288657
gsk,cec2013,16,50,37,123242668,2.0357973722e+02,3.5797372242e+00,500000,max_evaluations,6.546168
gsk,cec2013,16,50,38,124242705,2.0246405524e+02,2.4640552355e+00,500000,max_evaluations,6.957967
gsk,cec2013,16,50,39,125242742,2.0308717631e+02,3.0871763086e+00,500000,max_evaluations,6.718473
gsk,cec2013,16,50,40,126242779,2.0323771060e+02,3.2377106018e+00,500000,max_evaluations,6.782985
gsk,cec2013,16,50,41,127242816,2.0325486643e+02,3.2548664298e+00,500000,max_evaluations,6.451824
gsk,cec2013,16,50,42,128242853,2.0333910416e+02,3.3391041635e+00,500000,max_evaluations,6.661512
gsk,cec2013,16,50,43,129242890,2.0314829964e+02,3.1482996425e+00,500000,max_evaluations,6.808250
gsk,cec2013,16,50,44,130242927,2.0353520891e+02,3.5352089078e+00,500000,max_evaluations,6.941500
gsk,cec2013,16,50,45,131242964,2.0334335309e+02,3.3433530945e+00,500000,max_evaluations,6.676733
gsk,cec2013,16,50,46,132243001,2.0323652922e+02,3.2365292200e+00,500000,max_evaluations,5.061689
gsk,cec2013,16,50,47,133243038,2.0324210624e+02,3.2421062403e+00,500000,max_evaluations,4.982004
gsk,cec2013,16,50,48,134243075,2.0324090997e+02,3.2409099654e+00,500000,max_evaluations,5.192883
gsk,cec2013,16,50,49,135243112,2.0319318541e+02,3.1931854113e+00,500000,max_evaluations,5.162763
gsk,cec2013,16,50,50,136243149,2.0359365816e+02,3.5936581636e+00,500000,max_evaluations,5.265256
gsk,cec2013,16,50,51,137243186,2.0321609486e+02,3.2160948577e+00,500000,max_evaluations,5.109820
gsk,cec2013,17,50,1,88241369,6.5172821805e+02,3.5172821805e+02,500000,max_evaluations,3.839723
gsk,cec2013,17,50,2,89241406,6.5021674362e+02,3.5021674362e+02,500000,max_evaluations,4.052254
gsk,cec2013,17,50,3,90241443,6.7046774577e+02,3.7046774577e+02,500000,max_evaluations,3.905755
gsk,cec2013,17,50,4,91241480,6.7481334872e+02,3.7481334872e+02,500000,max_evaluations,4.060841
gsk,cec2013,17,50,5,92241517,6.4602820085e+02,3.4602820085e+02,500000,max_evaluations,3.709248
gsk,cec2013,17,50,6,93241554,6.6069032927e+02,3.6069032927e+02,500000,max_evaluations,3.991132
gsk,cec2013,17,50,7,94241591,6.7410310647e+02,3.7410310647e+02,500000,max_evaluations,3.968108
gsk,cec2013,17,50,8,95241628,6.5819508725e+02,3.5819508725e+02,500000,max_evaluations,3.953835
gsk,cec2013,17,50,9,96241665,6.4038441255e+02,3.4038441255e+02,500000,max_evaluations,3.835605
gsk,cec2013,17,50,10,97241702,6.6818836480e+02,3.6818836480e+02,500000,max_evaluations,3.808485
gsk,cec2013,17,50,11,98241739,6.3591345696e+02,3.3591345696e+02,500000,max_evaluations,3.771762
gsk,cec2013,17,50,12,99241776,6.3638466383e+02,3.3638466383e+02,500000,max_evaluations,3.628993
gsk,cec2013,17,50,13,100241813,6.4751513903e+02,3.4751513903e+02,500000,max_evaluations,3.720091
gsk,cec2013,17,50,14,101241850,6.5307571693e+02,3.5307571693e+02,500000,max_evaluations,3.704478
gsk,cec2013,17,50,15,102241887,6.6385196050e+02,3.6385196050e+02,500000,max_evaluations,3.668613
gsk,cec2013,17,50,16,103241924,6.4786280393e+02,3.4786280393e+02,500000,max_evaluations,3.890353
gsk,cec2013,17,50,17,104241961,6.5960756194e+02,3.5960756194e+02,500000,max_evaluations,3.920098
gsk,cec2013,17,50,18,105241998,6.7013217650e+02,3.7013217650e+02,500000,max_evaluations,3.950607
gsk,cec2013,17,50,19,106242035,6.2822041931e+02,3.2822041931e+02,500000,max_evaluations,4.180805
gsk,cec2013,17,50,20,107242072,6.5182665397e+02,3.5182665397e+02,500000,max_evaluations,3.896689
gsk,cec2013,17,50,21,108242109,6.5312876085e+02,3.5312876085e+02,500000,max_evaluations,3.736451
gsk,cec2013,17,50,22,109242146,6.4969321858e+02,3.4969321858e+02,500000,max_evaluations,3.960969
gsk,cec2013,17,50,23,110242183,6.5507549028e+02,3.5507549028e+02,500000,max_evaluations,4.114107
gsk,cec2013,17,50,24,111242220,6.6069779375e+02,3.6069779375e+02,500000,max_evaluations,4.028924
gsk,cec2013,17,50,25,112242257,6.5176468179e+02,3.5176468179e+02,500000,max_evaluations,3.944274
gsk,cec2013,17,50,26,113242294,6.5431793989e+02,3.5431793989e+02,500000,max_evaluations,3.998053
gsk,cec2013,17,50,27,114242331,6.5987076601e+02,3.5987076601e+02,500000,max_evaluations,4.308018
gsk,cec2013,17,50,28,115242368,6.2938590952e+02,3.2938590952e+02,500000,max_evaluations,4.134552
gsk,cec2013,17,50,29,116242405,6.0785752525e+02,3.0785752525e+02,500000,max_evaluations,4.164355
gsk,cec2013,17,50,30,117242442,6.4385943604e+02,3.4385943604e+02,500000,max_evaluations,4.311065
gsk,cec2013,17,50,31,118242479,6.7341436321e+02,3.7341436321e+02,500000,max_evaluations,4.172162
gsk,cec2013,17,50,32,119242516,6.4901954531e+02,3.4901954531e+02,500000,max_evaluations,4.055157
gsk,cec2013,17,50,33,120242553,6.6505782641e+02,3.6505782641e+02,500000,max_evaluations,4.086116
gsk,cec2013,17,50,34,121242590,6.4913085996e+02,3.4913085996e+02,500000,max_evaluations,4.145761
gsk,cec2013,17,50,35,122242627,6.6135077894e+02,3.6135077894e+02,500000,max_evaluations,4.188451
gsk,cec2013,17,50,36,123242664,6.6829573091e+02,3.6829573091e+02,500000,max_evaluations,4.059952
gsk,cec2013,17,50,37,124242701,6.5713584686e+02,3.5713584686e+02,500000,max_evaluations,4.323116
gsk,cec2013,17,50,38,125242738,6.5452518502e+02,3.5452518502e+02,500000,max_evaluations,4.483179
gsk,cec2013,17,50,39,126242775,6.7143846697e+02,3.7143846697e+02,500000,max_evaluations,4.384240
gsk,cec2013,17,50,40,127242812,6.5079085870e+02,3.5079085870e+02,500000,max_evaluations,4.161600
gsk,cec2013,17,50,41,128242849,6.6915355543e+02,3.6915355543e+02,500000,max_evaluations,4.482203
gsk,cec2013,17,50,42,129242886,6.5899928355e+02,3.5899928355e+02,500000,max_evaluations,4.341656
gsk,cec2013,17,50,43,130242923,6.5459946761e+02,3.5459946761e+02,500000,max_evaluations,4.316625
gsk,cec2013,17,50,44,131242960,6.3448780077e+02,3.3448780077e+02,500000,max_evaluations,4.423835
gsk,cec2013,17,50,45,132242997,6.5130217635e+02,3.5130217635e+02,500000,max_evaluations,4.282598
gsk,cec2013,17,50,46,133243034,6.2367765440e+02,3.2367765440e+02,500000,max_evaluations,3.499264
gsk,cec2013,17,50,47,134243071,6.5977147391e+02,3.5977147391e+02,500000,max_evaluations,3.314473
gsk,cec2013,17,50,48,135243108,6.5820720629e+02,3.5820720629e+02,500000,max_evaluations,3.307428
gsk,cec2013,17,50,49,136243145,6.6792182424e+02,3.6792182424e+02,500000,max_evaluations,3.237669
gsk,cec2013,17,50,50,137243182,6.5289810151e+02,3.5289810151e+02,500000,max_evaluations,3.484688
gsk,cec2013,17,50,51,138243219,6.6579836014e+02,3.6579836014e+02,500000,max_evaluations,3.497111
gsk,cec2013,18,50,1,89241402,7.8340481701e+02,3.8340481701e+02,500000,max_evaluations,3.900863
gsk,cec2013,18,50,2,90241439,7.9606242667e+02,3.9606242667e+02,500000,max_evaluations,4.014793
gsk,cec2013,18,50,3,91241476,7.6362177553e+02,3.6362177553e+02,500000,max_evaluations,3.937760
gsk,cec2013,18,50,4,92241513,7.5909096660e+02,3.5909096660e+02,500000,max_evaluations,3.950124
gsk,cec2013,18,50,5,93241550,7.8011529623e+02,3.8011529623e+02,500000,max_evaluations,3.873562
gsk,cec2013,18,50,6,94241587,7.7258331900e+02,3.7258331900e+02,500000,max_evaluations,4.052937
gsk,cec2013,18,50,7,95241624,7.8994664916e+02,3.8994664916e+02,500000,max_evaluations,4.060605
gsk,cec2013,18,50,8,96241661,7.7070204997e+02,3.7070204997e+02,500000,max_evaluations,4.080923
gsk,cec2013,18,50,9,97241698,7.8390623724e+02,3.8390623724e+02,500000,max_evaluations,3.923574
gsk,cec2013,18,50,10,98241735,7.8180165391e+02,3.8180165391e+02,500000,max_evaluations,3.965776
gsk,cec2013,18,50,11,99241772,7.6328440067e+02,3.6328440067e+02,500000,max_evaluations,3.918157
gsk,cec2013,18,50,12,100241809,7.7555905501e+02,3.7555905501e+02,500000,max_evaluations,3.995975
gsk,cec2013,18,50,13,101241846,7.4828603077e+02,3.4828603077e+02,500000,max_evaluations,3.945069
gsk,cec2013,18,50,14,102241883,7.7957372021e+02,3.7957372021e+02,500000,max_evaluations,3.853349
gsk,cec2013,18,50,15,103241920,7.6416782452e+02,3.6416782452e+02,500000,max_evaluations,3.908328
gsk,cec2013,18,50,16,104241957,7.8197232113e+02,3.8197232113e+02,500000,max_evaluations,4.152822
gsk,cec2013,18,50,17,105241994,7.8843407284e+02,3.8843407284e+02,500000,max_evaluations,4.362208
gsk,cec2013,18,50,18,106242031,7.7884897822e+02,3.7884897822e+02,500000,max_evaluations,4.137596
gsk,cec2013,18,50,19,107242068,7.7091995267e+02,3.7091995267e+02,500000,max_evaluations,4.289884
gsk,cec2013,18,50,20,108242105,7.8029946004e+02,3.8029946004e+02,500000,max_evaluations,4.176143
gsk,cec2013,18,50,21,109242142,7.8229337601e+02,3.8229337601e+02,500000,max_evaluations,4.431608
gsk,cec2013,18,50,22,110242179,7.6151776794e+02,3.6151776794e+02,500000,max_evaluations,4.355448
gsk,cec2013,18,50,23,111242216,7.8543048149e+02,3.8543048149e+02,500000,max_evaluations,4.353940
gsk,cec2013,18,50,24,112242253,7.7080505068e+02,3.7080505068e+02,500000,max_evaluations,4.350109
gsk,cec2013,18,50,25,113242290,7.8596014995e+02,3.8596014995e+02,500000,max_evaluations,4.293271
gsk,cec2013,18,50,26,114242327,7.7416707239e+02,3.7416707239e+02,500000,max_evaluations,4.107903
gsk,cec2013,18,50,27,115242364,7.6968292608e+02,3.6968292608e+02,500000,max_evaluations,4.266339
gsk,cec2013,18,50,28,116242401,7.6996457563e+02,3.6996457563e+02,500000,max_evaluations,4.250001
gsk,cec2013,18,50,29,117242438,7.6111917081e+02,3.6111917081e+02,500000,max_evaluations,4.325714
gsk,cec2013,18,50,30,118242475,7.6704995928e+02,3.6704995928e+02,500000,max_evaluations,4.211982
gsk,cec2013,18,50,31,119242512,7.8398527605e+02,3.8398527605e+02,500000,max_evaluations,4.611336
gsk,cec2013,18,50,32,120242549,7.7443385568e+02,3.7443385568e+02,500000,max_evaluations,4.512179
gsk,cec2013,18,50,33,121242586,7.7996627358e+02,3.7996627358e+02,500000,max_evaluations,4.794671
gsk,cec2013,18,50,34,122242623,7.7215657550e+02,3.7215657550e+02,500000,max_evaluations,4.588979
gsk,cec2013,18,50,35,123242660,7.5463262102e+02,3.5463262102e+02,500000,max_evaluations,4.766753
gsk,cec2013,18,50,36,124242697,7.8020708427e+02,3.8020708427e+02,500000,max_evaluations,4.551337
gsk,cec2013,18,50,37,125242734,7.7347966775e+02,3.7347966775e+02,500000,max_evaluations,4.499219
gsk,cec2013,18,50,38,126242771,7.6044583312e+02,3.6044583312e+02,500000,max_evaluations,4.499514
gsk,cec2013,18,50,39,127242808,7.7370101432e+02,3.7370101432e+02,500000,max_evaluations,4.690573
gsk,cec2013,18,50,40,128242845,7.5158246911e+02,3.5158246911e+02,500000,max_evaluations,4.603076
gsk,cec2013,18,50,41,129242882,7.4828931574e+02,3.4828931574e+02,500000,max_evaluations,4.772837
gsk,cec2013,18,50,42,130242919,7.7945028988e+02,3.7945028988e+02,500000,max_evaluations,4.424882
gsk,cec2013,18,50,43,131242956,7.5058570037e+02,3.5058570037e+02,500000,max_evaluations,4.706806
gsk,cec2013,18,50,44,132242993,7.3846748446e+02,3.3846748446e+02,500000,max_evaluations,4.580680
gsk,cec2013,18,50,45,133243030,7.4586132541e+02,3.4586132541e+02,500000,max_evaluations,4.675952
gsk,cec2013,18,50,46,134243067,7.7211281032e+02,3.7211281032e+02,500000,max_evaluations,3.953001
gsk,cec2013,18,50,47,135243104,7.6841884211e+02,3.6841884211e+02,500000,max_evaluations,3.479317
gsk,cec2013,18,50,48,136243141,7.6957798614e+02,3.6957798614e+02,500000,max_evaluations,3.481714
gsk,cec2013,18,50,49,137243178,7.9284940936e+02,3.9284940936e+02,500000,max_evaluations,3.475179
gsk,cec2013,18,50,50,138243215,7.8544377847e+02,3.8544377847e+02,500000,max_evaluations,3.592664
gsk,cec2013,18,50,51,139243252,7.8254292623e+02,3.8254292623e+02,500000,max_evaluations,3.621227
gsk,cec2013,19,50,1,90241435,5.0510719610e+02,5.1071960972e+00,500000,max_evaluations,3.337356
gsk,cec2013,19,50,2,91241472,5.2625914007e+02,2.6259140073e+01,500000,max_evaluations,3.275550
gsk,cec2013,19,50,3,92241509,5.1072912731e+02,1.0729127308e+01,500000,max_evaluations,3.374588
gsk,cec2013,19,50,4,93241546,5.1229634893e+02,1.2296348931e+01,500000,max_evaluations,3.394113
gsk,cec2013,19,50,5,94241583,5.1764444876e+02,1.7644448760e+01,500000,max_evaluations,3.375715
gsk,cec2013,19,50,6,95241620,5.0302412421e+02,3.0241242140e+00,500000,max_evaluations,3.356821
gsk,cec2013,19,50,7,96241657,5.1540067799e+02,1.5400677987e+01,500000,max_evaluations,3.357311
gsk,cec2013,19,50,8,97241694,5.0337632476e+02,3.3763247564e+00,500000,max_evaluations,3.426598
gsk,cec2013,19,50,9,98241731,5.0454804613e+02,4.5480461296e+00,500000,max_evaluations,3.202948
gsk,cec2013,19,50,10,99241768,5.0427666382e+02,4.2766638192e+00,500000,max_evaluations,3.356863
gsk,cec2013,19,50,11,100241805,5.1481604427e+02,1.4816044269e+01,500000,max_evaluations,3.289783
gsk,cec2013,19,50,12,101241842,5.1277307097e+02,1.2773070967e+01,500000,max_evaluations,3.160730
gsk,cec2013,19,50,13,102241879,5.1575541581e+02,1.5755415809e+01,500000,max_evaluations,3.332411
gsk,cec2013,19,50,14,103241916,5.0416677369e+02,4.1667736925e+00,500000,max_evaluations,3.254076
gsk,cec2013,19,50,15,104241953,5.1696938410e+02,1.6969384097e+01,500000,max_evaluations,3.312227
gsk,cec2013,19,50,16,105241990,5.1954265882e+02,1.9542658822e+01,500000,max_evaluations,3.846929
gsk,cec2013,19,50,17,106242027,5.1841454767e+02,1.8414547675e+01,500000,max_evaluations,3.948525
gsk,cec2013,19,50,18,107242064,5.0234339200e+02,2.3433919986e+00,500000,max_evaluations,3.886109
gsk,cec2013,19,50,19,108242101,5.1459347361e+02,1.4593473610e+01,500000,max_evaluations,3.672565
gsk,cec2013,19,50,20,109242138,5.2452220634e+02,2.4522206336e+01,500000,max_evaluations,3.974584
gsk,cec2013,19,50,21,110242175,5.0614911061e+02,6.1491106074e+00,500000,max_evaluations,3.659811
gsk,cec2013,19,50,22,111242212,5.1531085599e+02,1.5310855992e+01,500000,max_evaluations,3.755635
gsk,cec2013,19,50,23,112242249,5.1797545415e+02,1.7975454147e+01,500000,max_evaluations,4.026847
gsk,cec2013,19,50,24,113242286,5.1601355649e+02,1.6013556489e+01,500000,max_evaluations,3.957898
gsk,cec2013,19,50,25,114242323,5.1800200802e+02,1.8002008017e+01,500000,max_evaluations,3.915424
gsk,cec2013,19,50,26,115242360,5.1957796505e+02,1.9577965049e+01,500000,max_evaluations,3.707336
gsk,cec2013,19,50,27,116242397,5.0370368633e+02,3.7036863265e+00,500000,max_evaluations,3.659916
gsk,cec2013,19,50,28,117242434,5.0286015104e+02,2.8601510361e+00,500000,max_evaluations,3.610402
gsk,cec2013,19,50,29,118242471,5.1355364200e+02,1.3553642003e+01,500000,max_evaluations,3.924965
gsk,cec2013,19,50,30,119242508,5.0988886488e+02,9.8888648848e+00,500000,max_evaluations,4.021059
gsk,cec2013,19,50,31,120242545,5.1905061270e+02,1.9050612700e+01,500000,max_evaluations,4.011469
gsk,cec2013,19,50,32,121242582,5.2567258915e+02,2.5672589153e+01,500000,max_evaluations,3.955674
gsk,cec2013,19,50,33,122242619,5.2673095794e+02,2.6730957940e+01,500000,max_evaluations,4.046455
gsk,cec2013,19,50,34,123242656,5.1142241196e+02,1.1422411958e+01,500000,max_evaluations,3.874970
gsk,cec2013,19,50,35,124242693,5.2082608337e+02,2.0826083368e+01,500000,max_evaluations,4.124736
gsk,cec2013,19,50,36,125242730,5.1787022646e+02,1.7870226463e+01,500000,max_evaluations,4.053730
gsk,cec2013,19,50,37,126242767,5.0161799138e+02,1.6179913845e+00,500000,max_evaluations,3.918657
gsk,cec2013,19,50,38,127242804,5.1431715450e+02,1.4317154504e+01,500000,max_evaluations,4.104307
gsk,cec2013,19,50,39,128242841,5.1449725550e+02,1.4497255501e+01,500000,max_evaluations,4.058636
gsk,cec2013,19,50,40,129242878,5.2224756690e+02,2.2247566896e+01,500000,max_evaluations,4.066064
gsk,cec2013,19,50,41,130242915,5.2620678730e+02,2.6206787298e+01,500000,max_evaluations,4.199054
gsk,cec2013,19,50,42,131242952,5.0470862036e+02,4.7086203641e+00,500000,max_evaluations,4.035880
gsk,cec2013,19,50,43,132242989,5.1616786420e+02,1.6167864198e+01,500000,max_evaluations,4.027269
gsk,cec2013,19,50,44,133243026,5.1401791238e+02,1.4017912377e+01,500000,max_evaluations,4.122524
gsk,cec2013,19,50,45,134243063,5.0940687175e+02,9.4068717479e+00,500000,max_evaluations,4.016385
gsk,cec2013,19,50,46,135243100,5.0476222046e+02,4.7622204573e+00,500000,max_evaluations,2.957704
gsk,cec2013,19,50,47,136243137,5.1295329555e+02,1.2953295546e+01,500000,max_evaluations,3.002598
gsk,cec2013,19,50,48,137243174,5.0318285609e+02,3.1828560882e+00,500000,max_evaluations,2.974145
gsk,cec2013,19,50,49,138243211,5.2285115937e+02,2.2851159366e+01,500000,max_evaluations,3.003869
gsk,cec2013,19,50,50,139243248,5.0325932141e+02,3.2593214079e+00,500000,max_evaluations,3.104178
gsk,cec2013,19,50,51,140243285,5.1805694421e+02,1.8056944205e+01,500000,max_evaluations,3.086306
gsk,cec2013,20,50,1,91241468,6.2107550120e+02,2.1075501199e+01,500000,max_evaluations,4.003477
gsk,cec2013,20,50,2,92241505,6.2078681534e+02,2.0786815337e+01,500000,max_evaluations,4.130738
gsk,cec2013,20,50,3,93241542,6.2102162503e+02,2.1021625028e+01,500000,max_evaluations,4.155537
gsk,cec2013,20,50,4,94241579,6.2177528750e+02,2.1775287503e+01,500000,max_evaluations,3.910862
gsk,cec2013,20,50,5,95241616,6.2004589717e+02,2.0045897168e+01,500000,max_evaluations,4.097843
gsk,cec2013,20,50,6,96241653,6.2073342667e+02,2.0733426674e+01,500000,max_evaluations,4.198494
gsk,cec2013,20,50,7,97241690,6.2145110654e+02,2.1451106543e+01,500000,max_evaluations,3.938718
gsk,cec2013,20,50,8,98241727,6.2123336790e+02,2.1233367901e+01,500000,max_evaluations,3.948788
gsk,cec2013,20,50,9,99241764,6.2136311756e+02,2.1363117555e+01,500000,max_evaluations,4.109696
gsk,cec2013,20,50,10,100241801,6.2153331837e+02,2.1533318374e+01,500000,max_evaluations,3.950172
gsk,cec2013,20,50,11,101241838,6.2123959559e+02,2.1239595590e+01,500000,max_evaluations,3.944617
gsk,cec2013,20,50,12,102241875,6.2180605506e+02,2.1806055061e+01,500000,max_evaluations,3.920500
gsk,cec2013,20,50,13,103241912,6.2135355615e+02,2.1353556148e+01,500000,max_evaluations,4.026058
gsk,cec2013,20,50,14,104241949,6.2161648244e+02,2.1616482441e+01,500000,max_evaluations,3.975772
gsk,cec2013,20,50,15,105241986,6.2172640904e+02,2.1726409039e+01,500000,max_evaluations,3.950272
gsk,cec2013,20,50,16,106242023,6.2190746014e+02,2.1907460138e+01,500000,max_evaluations,4.189322
gsk,cec2013,20,50,17,107242060,6.2178436824e+02,2.1784368243e+01,500000,max_evaluations,4.260867
gsk,cec2013,20,50,18,108242097,6.2170763427e+02,2.1707634274e+01,500000,max_evaluations,4.319363
gsk,cec2013,20,50,19,109242134,6.2085833018e+02,2.0858330181e+01,500000,max_evaluations,4.146695
gsk,cec2013,20,50,20,110242171,6.2100290844e+02,2.1002908439e+01,500000,max_evaluations,4.459330
gsk,cec2013,20,50,21,111242208,6.2117308007e+02,2.1173080071e+01,500000,max_evaluations,4.052689
gsk,cec2013,20,50,22,112242245,6.2117095488e+02,2.1170954883e+01,500000,max_evaluations,4.291148
gsk,cec2013,20,50,23,113242282,6.2079564112e+02,2.0795641119e+01,500000,max_evaluations,4.486994
gsk,cec2013,20,50,24,114242319,6.2136206768e+02,2.1362067681e+01,500000,max_evaluations,4.338807
gsk,cec2013,20,50,25,115242356,6.2152848649e+02,2.1528486489e+01,500000,max_evaluations,4.171929
gsk,cec2013,20,50,26,116242393,6.2119906762e+02,2.1199067617e+01,500000,max_evaluations,4.334714
gsk,cec2013,20,50,27,117242430,6.2162046928e+02,2.1620469282e+01,500000,max_evaluations,4.605147
gsk,cec2013,20,50,28,118242467,6.2141915695e+02,2.1419156951e+01,500000,max_evaluations,4.251245
gsk,cec2013,20,50,29,119242504,6.2084815461e+02,2.0848154615e+01,500000,max_evaluations,4.376290
gsk,cec2013,20,50,30,120242541,6.2147099077e+02,2.1470990774e+01,500000,max_evaluations,4.515891
gsk,cec2013,20,50,31,121242578,6.2102977782e+02,2.1029777817e+01,500000,max_evaluations,4.427069
gsk,cec2013,20,50,32,122242615,6.2178819086e+02,2.1788190858e+01,500000,max_evaluations,4.395430
gsk,cec2013,20,50,33,123242652,6.2114278183e+02,2.1142781831e+01,500000,max_evaluations,4.428572
gsk,cec2013,20,50,34,124242689,6.2161453847e+02,2.1614538474e+01,500000,max_evaluations,4.424013
gsk,cec2013,20,50,35,125242726,6.2131165914e+02,2.1311659144e+01,500000,max_evaluations,4.637268
gsk,cec2013,20,50,36,126242763,6.2100784478e+02,2.1007844781e+01,500000,max_evaluations,4.520738
gsk,cec2013,20,50,37,127242800,6.2090864709e+02,2.0908647094e+01,500000,max_evaluations,4.906948
gsk,cec2013,20,50,38,128242837,6.2137583641e+02,2.1375836405e+01,500000,max_evaluations,4.656273
gsk,cec2013,20,50,39,129242874,6.2124693905e+02,2.1246939048e+01,500000,max_evaluations,4.955676
gsk,cec2013,20,50,40,130242911,6.2099587404e+02,2.0995874039e+01,500000,max_evaluations,4.773494
gsk,cec2013,20,50,41,131242948,6.2142475651e+02,2.1424756510e+01,500000,max_evaluations,4.858480
gsk,cec2013,20,50,42,132242985,6.2146353862e+02,2.1463538615e+01,500000,max_evaluations,4.563797
gsk,cec2013,20,50,43,133243022,6.2112415916e+02,2.1124159155e+01,500000,max_evaluations,4.883675
gsk,cec2013,20,50,44,134243059,6.2149731761e+02,2.1497317610e+01,500000,max_evaluations,4.763687
gsk,cec2013,20,50,45,135243096,6.2097481763e+02,2.0974817628e+01,500000,max_evaluations,4.824884
gsk,cec2013,20,50,46,136243133,6.2082946140e+02,2.0829461397e+01,500000,max_evaluations,3.677960
gsk,cec2013,20,50,47,137243170,6.2156742911e+02,2.1567429113e+01,500000,max_evaluations,3.773186
gsk,cec2013,20,50,48,138243207,6.2178995675e+02,2.1789956748e+01,500000,max_evaluations,3.880221
gsk,cec2013,20,50,49,139243244,6.2108772224e+02,2.1087722243e+01,500000,max_evaluations,3.936207
gsk,cec2013,20,50,50,140243281,6.2153906797e+02,2.1539067971e+01,500000,max_evaluations,3.880008
gsk,cec2013,20,50,51,141243318,6.2175101010e+02,2.1751010103e+01,500000,max_evaluations,3.716684
gsk,cec2013,21,50,1,92241501,1.8221857638e+03,1.1221857638e+03,500000,max_evaluations,6.228132
gsk,cec2013,21,50,2,93241538,1.5364424878e+03,8.3644248782e+02,500000,max_evaluations,5.993257
gsk,cec2013,21,50,3,94241575,1.8221857638e+03,1.1221857638e+03,500000,max_evaluations,6.273111
gsk,cec2013,21,50,4,95241612,9.0000000000e+02,2.0000000000e+02,500000,max_evaluations,6.297558
gsk,cec2013,21,50,5,96241649,1.5364424878e+03,8.3644248782e+02,500000,max_evaluations,6.055417
gsk,cec2013,21,50,6,97241686,1.8221857638e+03,1.1221857638e+03,500000,max_evaluations,6.353630
gsk,cec2013,21,50,7,98241723,1.5364424878e+03,8.3644248782e+02,500000,max_evaluations,6.113689
gsk,cec2013,21,50,8,99241760,1.5364424878e+03,8.3644248782e+02,500000,max_evaluations,6.230669
gsk,cec2013,21,50,9,100241797,1.5364424878e+03,8.3644248782e+02,500000,max_evaluations,5.973062
gsk,cec2013,21,50,10,101241834,1.5364424878e+03,8.3644248782e+02,500000,max_evaluations,6.022310
gsk,cec2013,21,50,11,102241871,1.8221857638e+03,1.1221857638e+03,500000,max_evaluations,5.945931
gsk,cec2013,21,50,12,103241908,1.5364424878e+03,8.3644248782e+02,500000,max_evaluations,5.967580
gsk,cec2013,21,50,13,104241945,1.5364424878e+03,8.3644248782e+02,500000,max_evaluations,5.918846
gsk,cec2013,21,50,14,105241982,1.8221857638e+03,1.1221857638e+03,500000,max_evaluations,6.140080
gsk,cec2013,21,50,15,106242019,1.8221857638e+03,1.1221857638e+03,500000,max_evaluations,5.958817
gsk,cec2013,21,50,16,107242056,1.8221857638e+03,1.1221857638e+03,500000,max_evaluations,7.007557
gsk,cec2013,21,50,17,108242093,1.8221857638e+03,1.1221857638e+03,500000,max_evaluations,6.910387
gsk,cec2013,21,50,18,109242130,1.5364424878e+03,8.3644248782e+02,500000,max_evaluations,6.687780
gsk,cec2013,21,50,19,110242167,1.8221857638e+03,1.1221857638e+03,500000,max_evaluations,6.805691
gsk,cec2013,21,50,20,111242204,9.0000000000e+02,2.0000000000e+02,500000,max_evaluations,7.254339
gsk,cec2013,21,50,21,112242241,1.8221857638e+03,1.1221857638e+03,500000,max_evaluations,6.760185
gsk,cec2013,21,50,22,113242278,1.5364424878e+03,8.3644248782e+02,500000,max_evaluations,6.625796
gsk,cec2013,21,50,23,114242315,1.8221857638e+03,1.1221857638e+03,500000,max_evaluations,7.169283
gsk,cec2013,21,50,24,115242352,9.0000000000e+02,2.0000000000e+02,500000,max_evaluations,7.245775
gsk,cec2013,21,50,25,116242389,9.0000000000e+02,2.0000000000e+02,500000,max_evaluations,6.632338
gsk,cec2013,21,50,26,117242426,1.8221857638e+03,1.1221857638e+03,500000,max_evaluations,6.969956
gsk,cec2013,21,50,27,118242463,1.8221857638e+03,1.1221857638e+03,500000,max_evaluations,7.174513
gsk,cec2013,21,50,28,119242500,1.8221857638e+03,1.1221857638e+03,500000,max_evaluations,7.268296
gsk,cec2013,21,50,29,120242537,1.8221857638e+03,1.1221857638e+03,500000,max_evaluations,7.278848
gsk,cec2013,21,50,30,121242574,1.8221857638e+03,1.1221857638e+03,500000,max_evaluations,7.201015
gsk,cec2013,21,50,31,122242611,1.5364424878e+03,8.3644248782e+02,500000,max_evaluations,7.432913
gsk,cec2013,21,50,32,123242648,1.8221857638e+03,1.1221857638e+03,500000,max_evaluations,7.593805
gsk,cec2013,21,50,33,124242685,1.5364424878e+03,8.3644248782e+02,500000,max_evaluations,7.641201
gsk,cec2013,21,50,34,125242722,9.0000000000e+02,2.0000000000e+02,500000,max_evaluations,7.660251
gsk,cec2013,21,50,35,126242759,1.8221857638e+03,1.1221857638e+03,500000,max_evaluations,7.555673
gsk,cec2013,21,50,36,127242796,1.5364424878e+03,8.3644248782e+02,500000,max_evaluations,7.586035
gsk,cec2013,21,50,37,128242833,1.8221857638e+03,1.1221857638e+03,500000,max_evaluations,7.697894
gsk,cec2013,21,50,38,129242870,9.0000000000e+02,2.0000000000e+02,500000,max_evaluations,8.494804
gsk,cec2013,21,50,39,130242907,9.0000000000e+02,2.0000000000e+02,500000,max_evaluations,8.464431
gsk,cec2013,21,50,40,131242944,1.8221857638e+03,1.1221857638e+03,500000,max_evaluations,8.177053
gsk,cec2013,21,50,41,132242981,1.8221857638e+03,1.1221857638e+03,500000,max_evaluations,8.431868
gsk,cec2013,21,50,42,133243018,1.5364424878e+03,8.3644248782e+02,500000,max_evaluations,8.384191
gsk,cec2013,21,50,43,134243055,9.0000000000e+02,2.0000000000e+02,500000,max_evaluations,8.401956
gsk,cec2013,21,50,44,135243092,1.5364424878e+03,8.3644248782e+02,500000,max_evaluations,8.433264
gsk,cec2013,21,50,45,136243129,9.0000000000e+02,2.0000000000e+02,500000,max_evaluations,8.400341
gsk,cec2013,21,50,46,137243166,1.8221857638e+03,1.1221857638e+03,500000,max_evaluations,5.690049
gsk,cec2013,21,50,47,138243203,1.5364424878e+03,8.3644248782e+02,500000,max_evaluations,5.869691
gsk,cec2013,21,50,48,139243240,1.5364424878e+03,8.3644248782e+02,500000,max_evaluations,5.708439
gsk,cec2013,21,50,49,140243277,1.8221857638e+03,1.1221857638e+03,500000,max_evaluations,5.827908
gsk,cec2013,21,50,50,141243314,1.5364424878e+03,8.3644248782e+02,500000,max_evaluations,5.746035
gsk,cec2013,21,50,51,142243351,1.5364424878e+03,8.3644248782e+02,500000,max_evaluations,5.659452
gsk,cec2013,22,50,1,93241534,1.3844952938e+04,1.3044952938e+04,500000,max_evaluations,6.330103
gsk,cec2013,22,50,2,94241571,1.3709961168e+04,1.2909961168e+04,500000,max_evaluations,6.576874
gsk,cec2013,22,50,3,95241608,1.2859235235e+04,1.2059235235e+04,500000,max_evaluations,6.426467
gsk,cec2013,22,50,4,96241645,1.3597987781e+04,1.2797987781e+04,500000,max_evaluations,6.410864
gsk,cec2013,22,50,5,97241682,1.3340108921e+04,1.2540108921e+04,500000,max_evaluations,6.436088
gsk,cec2013,22,50,6,98241719,1.2841424380e+04,1.2041424380e+04,500000,max_evaluations,6.264536
gsk,cec2013,22,50,7,99241756,1.3137141505e+04,1.2337141505e+04,500000,max_evaluations,6.573745
gsk,cec2013,22,50,8,100241793,1.3387888412e+04,1.2587888412e+04,500000,max_evaluations,6.465441
gsk,cec2013,22,50,9,101241830,1.3669580220e+04,1.2869580220e+04,500000,max_evaluations,6.758511
gsk,cec2013,22,50,10,102241867,1.3881280356e+04,1.3081280356e+04,500000,max_evaluations,6.379098
gsk,cec2013,22,50,11,103241904,1.2963889300e+04,1.2163889300e+04,500000,max_evaluations,6.391817
gsk,cec2013,22,50,12,104241941,1.3462826491e+04,1.2662826491e+04,500000,max_evaluations,6.291528
gsk,cec2013,22,50,13,105241978,1.3492168609e+04,1.2692168609e+04,500000,max_evaluations,6.174389
gsk,cec2013,22,50,14,106242015,1.3131590252e+04,1.2331590252e+04,500000,max_evaluations,6.328790
gsk,cec2013,22,50,15,107242052,1.3790802650e+04,1.2990802650e+04,500000,max_evaluations,6.397339
gsk,cec2013,22,50,16,108242089,1.3024369237e+04,1.2224369237e+04,500000,max_evaluations,6.733002
gsk,cec2013,22,50,17,109242126,1.3552440740e+04,1.2752440740e+04,500000,max_evaluations,7.253843
gsk,cec2013,22,50,18,110242163,1.3242332669e+04,1.2442332669e+04,500000,max_evaluations,6.774006
gsk,cec2013,22,50,19,111242200,1.3108751546e+04,1.2308751546e+04,500000,max_evaluations,7.005287
gsk,cec2013,22,50,20,112242237,1.3077746007e+04,1.2277746007e+04,500000,max_evaluations,7.011385
gsk,cec2013,22,50,21,113242274,1.3680779039e+04,1.2880779039e+04,500000,max_evaluations,6.914295
gsk,cec2013,22,50,22,114242311,1.4162825074e+04,1.3362825074e+04,500000,max_evaluations,6.982105
gsk,cec2013,22,50,23,115242348,1.4012658221e+04,1.3212658221e+04,500000,max_evaluations,7.035611
gsk,cec2013,22,50,24,116242385,1.3069796641e+04,1.2269796641e+04,500000,max_evaluations,7.239932
gsk,cec2013,22,50,25,117242422,1.3092799708e+04,1.2292799708e+04,500000,max_evaluations,7.122029
gsk,cec2013,22,50,26,118242459,1.2835497481e+04,1.2035497481e+04,500000,max_evaluations,7.056932
gsk,cec2013,22,50,27,119242496,1.3767427081e+04,1.2967427081e+04,500000,max_evaluations,7.348737
gsk,cec2013,22,50,28,120242533,1.2995819400e+04,1.2195819400e+04,500000,max_evaluations,7.256576
gsk,cec2013,22,50,29,121242570,1.3825027041e+04,1.3025027041e+04,500000,max_evaluations,7.164009
gsk,cec2013,22,50,30,122242607,1.3575197741e+04,1.2775197741e+04,500000,max_evaluations,7.225081
gsk,cec2013,22,50,31,123242644,1.3760762968e+04,1.2960762968e+04,500000,max_evaluations,7.273909
gsk,cec2013,22,50,32,124242681,1.3466775389e+04,1.2666775389e+04,500000,max_evaluations,7.158379
gsk,cec2013,22,50,33,125242718,1.3054765510e+04,1.2254765510e+04,500000,max_evaluations,7.366549
gsk,cec2013,22,50,34,126242755,1.3336972966e+04,1.2536972966e+04,500000,max_evaluations,7.254080
gsk,cec2013,22,50,35,127242792,1.3547717012e+04,1.2747717012e+04,500000,max_evaluations,7.259750
gsk,cec2013,22,50,36,128242829,1.3454937911e+04,1.2654937911e+04,500000,max_evaluations,7.207616
gsk,cec2013,22,50,37,129242866,1.3767236121e+04,1.2967236121e+04,500000,max_evaluations,7.439092
gsk,cec2013,22,50,38,130242903,1.3107744833e+04,1.2307744833e+04,500000,max_evaluations,7.926395
gsk,cec2013,22,50,39,131242940,1.3781787765e+04,1.2981787765e+04,500000,max_evaluations,8.211346
gsk,cec2013,22,50,40,132242977,1.3880288316e+04,1.3080288316e+04,500000,max_evaluations,8.124680
gsk,cec2013,22,50,41,133243014,1.3311954702e+04,1.2511954702e+04,500000,max_evaluations,7.979801
gsk,cec2013,22,50,42,134243051,1.3864957870e+04,1.3064957870e+04,500000,max_evaluations,7.791986
gsk,cec2013,22,50,43,135243088,1.3429125427e+04,1.2629125427e+04,500000,max_evaluations,7.782084
gsk,cec2013,22,50,44,136243125,1.3858619851e+04,1.3058619851e+04,500000,max_evaluations,8.482154
gsk,cec2013,22,50,45,137243162,1.3199761003e+04,1.2399761003e+04,500000,max_evaluations,8.168327
gsk,cec2013,22,50,46,138243199,1.3393596787e+04,1.2593596787e+04,500000,max_evaluations,6.748704
gsk,cec2013,22,50,47,139243236,1.3671966795e+04,1.2871966795e+04,500000,max_evaluations,6.598034
gsk,cec2013,22,50,48,140243273,1.2761349545e+04,1.1961349545e+04,500000,max_evaluations,6.576074
gsk,cec2013,22,50,49,141243310,1.4038447269e+04,1.3238447269e+04,500000,max_evaluations,6.597983
gsk,cec2013,22,50,50,142243347,1.3175445343e+04,1.2375445343e+04,500000,max_evaluations,6.523158
gsk,cec2013,22,50,51,143243384,1.3506924385e+04,1.2706924385e+04,500000,max_evaluations,6.482339
gsk,cec2013,23,50,1,94241567,1.4692815603e+04,1.3792815603e+04,500000,max_evaluations,7.115899
gsk,cec2013,23,50,2,95241604,1.3935365826e+04,1.3035365826e+04,500000,max_evaluations,7.217881
gsk,cec2013,23,50,3,96241641,1.4449854378e+04,1.3549854378e+04,500000,max_evaluations,7.413717
gsk,cec2013,23,50,4,97241678,1.4563717365e+04,1.3663717365e+04,500000,max_evaluations,7.303440
gsk,cec2013,23,50,5,98241715,1.4601224757e+04,1.3701224757e+04,500000,max_evaluations,7.203220
gsk,cec2013,23,50,6,99241752,1.4549676106e+04,1.3649676106e+04,500000,max_evaluations,7.107479
gsk,cec2013,23,50,7,100241789,1.4523687797e+04,1.3623687797e+04,500000,max_evaluations,7.450017
gsk,cec2013,23,50,8,101241826,1.3839121622e+04,1.2939121622e+04,500000,max_evaluations,7.442877
gsk,cec2013,23,50,9,102241863,1.4880505654e+04,1.3980505654e+04,500000,max_evaluations,7.299559
gsk,cec2013,23,50,10,103241900,1.3947660821e+04,1.3047660821e+04,500000,max_evaluations,7.063931
gsk,cec2013,23,50,11,104241937,1.4631270973e+04,1.3731270973e+04,500000,max_evaluations,7.037042
gsk,cec2013,23,50,12,105241974,1.4644157958e+04,1.3744157958e+04,500000,max_evaluations,7.043401
gsk,cec2013,23,50,13,106242011,1.4266834115e+04,1.3366834115e+04,500000,max_evaluations,6.967559
gsk,cec2013,23,50,14,107242048,1.3683089057e+04,1.2783089057e+04,500000,max_evaluations,7.080527
gsk,cec2013,23,50,15,108242085,1.4345717265e+04,1.3445717265e+04,500000,max_evaluations,7.218088
gsk,cec2013,23,50,16,109242122,1.4533504019e+04,1.3633504019e+04,500000,max_evaluations,7.489557
gsk,cec2013,23,50,17,110242159,1.4485001542e+04,1.3585001542e+04,500000,max_evaluations,7.491441
gsk,cec2013,23,50,18,111242196,1.4334599663e+04,1.3434599663e+04,500000,max_evaluations,7.567027
gsk,cec2013,23,50,19,112242233,1.4610552253e+04,1.3710552253e+04,500000,max_evaluations,7.673808
gsk,cec2013,23,50,20,113242270,1.4719030423e+04,1.3819030423e+04,500000,max_evaluations,7.671131
gsk,cec2013,23,50,21,114242307,1.4033290943e+04,1.3133290943e+04,500000,max_evaluations,8.038533
gsk,cec2013,23,50,22,115242344,1.4686952312e+04,1.3786952312e+04,500000,max_evaluations,7.948103
gsk,cec2013,23,50,23,116242381,1.3964353583e+04,1.3064353583e+04,500000,max_evaluations,7.799583
gsk,cec2013,23,50,24,117242418,1.4279815853e+04,1.3379815853e+04,500000,max_evaluations,7.856258
gsk,cec2013,23,50,25,118242455,1.4439855153e+04,1.3539855153e+04,500000,max_evaluations,7.752544
gsk,cec2013,23,50,26,119242492,1.4283841108e+04,1.3383841108e+04,500000,max_evaluations,7.827544
gsk,cec2013,23,50,27,120242529,1.4705368346e+04,1.3805368346e+04,500000,max_evaluations,8.172469
gsk,cec2013,23,50,28,121242566,1.3808640372e+04,1.2908640372e+04,500000,max_evaluations,7.860829
gsk,cec2013,23,50,29,122242603,1.4678077812e+04,1.3778077812e+04,500000,max_evaluations,8.006729
gsk,cec2013,23,50,30,123242640,1.5146857804e+04,1.4246857804e+04,500000,max_evaluations,7.994283
gsk,cec2013,23,50,31,124242677,1.3684870561e+04,1.2784870561e+04,500000,max_evaluations,8.310081
gsk,cec2013,23,50,32,125242714,1.4229690865e+04,1.3329690865e+04,500000,max_evaluations,8.475489
gsk,cec2013,23,50,33,126242751,1.3144053587e+04,1.2244053587e+04,500000,max_evaluations,8.596088
gsk,cec2013,23,50,34,127242788,1.4515842874e+04,1.3615842874e+04,500000,max_evaluations,8.454156
gsk,cec2013,23,50,35,128242825,1.4610417604e+04,1.3710417604e+04,500000,max_evaluations,8.370275
gsk,cec2013,23,50,36,129242862,1.5031313379e+04,1.4131313379e+04,500000,max_evaluations,8.538063
gsk,cec2013,23,50,37,130242899,1.4279663595e+04,1.3379663595e+04,500000,max_evaluations,8.345488
gsk,cec2013,23,50,38,131242936,1.4286795355e+04,1.3386795355e+04,500000,max_evaluations,8.442319
gsk,cec2013,23,50,39,132242973,1.4292338278e+04,1.3392338278e+04,500000,max_evaluations,8.456975
gsk,cec2013,23,50,40,133243010,1.4631144581e+04,1.3731144581e+04,500000,max_evaluations,8.227539
gsk,cec2013,23,50,41,134243047,1.4623634394e+04,1.3723634394e+04,500000,max_evaluations,8.298117
gsk,cec2013,23,50,42,135243084,1.3853130056e+04,1.2953130056e+04,500000,max_evaluations,8.319731
gsk,cec2013,23,50,43,136243121,1.4206345472e+04,1.3306345472e+04,500000,max_evaluations,8.267028
gsk,cec2013,23,50,44,137243158,1.4505844359e+04,1.3605844359e+04,500000,max_evaluations,8.251035
gsk,cec2013,23,50,45,138243195,1.3961424294e+04,1.3061424294e+04,500000,max_evaluations,8.271455
gsk,cec2013,23,50,46,139243232,1.4092996365e+04,1.3192996365e+04,500000,max_evaluations,6.467413
gsk,cec2013,23,50,47,140243269,1.4587751897e+04,1.3687751897e+04,500000,max_evaluations,6.692355
gsk,cec2013,23,50,48,141243306,1.4545211310e+04,1.3645211310e+04,500000,max_evaluations,6.729645
gsk,cec2013,23,50,49,142243343,1.4563201344e+04,1.3663201344e+04,500000,max_evaluations,6.616831
gsk,cec2013,23,50,50,143243380,1.4669590401e+04,1.3769590401e+04,500000,max_evaluations,6.752535
gsk,cec2013,23,50,51,144243417,1.4753168705e+04,1.3853168705e+04,500000,max_evaluations,6.524384
gsk,cec2013,24,50,1,95241600,1.2035400988e+03,2.0354009876e+02,500000,max_evaluations,17.623683
gsk,cec2013,24,50,2,96241637,1.2031085435e+03,2.0310854354e+02,500000,max_evaluations,17.418526
gsk,cec2013,24,50,3,97241674,1.2111345811e+03,2.1113458110e+02,500000,max_evaluations,16.938180
gsk,cec2013,24,50,4,98241711,1.2043785729e+03,2.0437857294e+02,500000,max_evaluations,17.003147
gsk,cec2013,24,50,5,99241748,1.2084068611e+03,2.0840686107e+02,500000,max_evaluations,17.477623
gsk,cec2013,24,50,6,100241785,1.2051872304e+03,2.0518723036e+02,500000,max_evaluations,17.442558
gsk,cec2013,24,50,7,101241822,1.2253274014e+03,2.2532740143e+02,500000,max_evaluations,17.680710
gsk,cec2013,24,50,8,102241859,1.2052811695e+03,2.0528116954e+02,500000,max_evaluations,17.769560
gsk,cec2013,24,50,9,103241896,1.2061136766e+03,2.0611367661e+02,500000,max_evaluations,17.247276
gsk,cec2013,24,50,10,104241933,1.2058847448e+03,2.0588474482e+02,500000,max_evaluations,16.887176
gsk,cec2013,24,50,11,105241970,1.2039793299e+03,2.0397932995e+02,500000,max_evaluations,17.162957
gsk,cec2013,24,50,12,106242007,1.2016670830e+03,2.0166708296e+02,500000,max_evaluations,17.111913
gsk,cec2013,24,50,13,107242044,1.2117056098e+03,2.1170560981e+02,500000,max_evaluations,17.196506
gsk,cec2013,24,50,14,108242081,1.2084539209e+03,2.0845392088e+02,500000,max_evaluations,17.752494
gsk,cec2013,24,50,15,109242118,1.2156471821e+03,2.1564718209e+02,500000,max_evaluations,16.870946
gsk,cec2013,24,50,16,110242155,1.2449296753e+03,2.4492967533e+02,500000,max_evaluations,21.157514
gsk,cec2013,24,50,17,111242192,1.2495613516e+03,2.4956135156e+02,500000,max_evaluations,21.047896
gsk,cec2013,24,50,18,112242229,1.2440891284e+03,2.4408912841e+02,500000,max_evaluations,21.263589
gsk,cec2013,24,50,19,113242266,1.2105368136e+03,2.1053681363e+02,500000,max_evaluations,21.193647
gsk,cec2013,24,50,20,114242303,1.2172001317e+03,2.1720013172e+02,500000,max_evaluations,21.135322
gsk,cec2013,24,50,21,115242340,1.2202240848e+03,2.2022408482e+02,500000,max_evaluations,21.060061
gsk,cec2013,24,50,22,116242377,1.2083992008e+03,2.0839920083e+02,500000,max_evaluations,21.234805
gsk,cec2013,24,50,23,117242414,1.2023050377e+03,2.0230503770e+02,500000,max_evaluations,20.565716
gsk,cec2013,24,50,24,118242451,1.2016933198e+03,2.0169331982e+02,500000,max_evaluations,20.410009
gsk,cec2013,24,50,25,119242488,1.2044053368e+03,2.0440533681e+02,500000,max_evaluations,20.644523
gsk,cec2013,24,50,26,120242525,1.2003154819e+03,2.0031548193e+02,500000,max_evaluations,20.349036
gsk,cec2013,24,50,27,121242562,1.2131388986e+03,2.1313889858e+02,500000,max_evaluations,20.998582
gsk,cec2013,24,50,28,122242599,1.2160131473e+03,2.1601314725e+02,500000,max_evaluations,21.202512
gsk,cec2013,24,50,29,123242636,1.2027451301e+03,2.0274513011e+02,500000,max_evaluations,20.617995
gsk,cec2013,24,50,30,124242673,1.2028491819e+03,2.0284918186e+02,500000,max_evaluations,20.628153
gsk,cec2013,24,50,31,125242710,1.2030047277e+03,2.0300472770e+02,500000,max_evaluations,22.064328
gsk,cec2013,24,50,32,126242747,1.2048312241e+03,2.0483122410e+02,500000,max_evaluations,22.113555
gsk,cec2013,24,50,33,127242784,1.2039630344e+03,2.0396303440e+02,500000,max_evaluations,21.822107
gsk,cec2013,24,50,34,128242821,1.2007624465e+03,2.0076244652e+02,500000,max_evaluations,23.062005
gsk,cec2013,24,50,35,129242858,1.2025006372e+03,2.0250063720e+02,500000,max_evaluations,23.201990
gsk,cec2013,24,50,36,130242895,1.2003752727e+03,2.0037527270e+02,500000,max_evaluations,22.048913
gsk,cec2013,24,50,37,131242932,1.2007831654e+03,2.0078316538e+02,500000,max_evaluations,23.148964
gsk,cec2013,24,50,38,132242969,1.2174860561e+03,2.1748605612e+02,500000,max_evaluations,23.097739
gsk,cec2013,24,50,39,133243006,1.2033235510e+03,2.0332355102e+02,500000,max_evaluations,23.099880
gsk,cec2013,24,50,40,134243043,1.2001319131e+03,2.0013191308e+02,500000,max_evaluations,23.035799
gsk,cec2013,24,50,41,135243080,1.2022852504e+03,2.0228525041e+02,500000,max_evaluations,22.196408
gsk,cec2013,24,50,42,136243117,1.2222634070e+03,2.2226340705e+02,500000,max_evaluations,22.131204
gsk,cec2013,24,50,43,137243154,1.2025176788e+03,2.0251767882e+02,500000,max_evaluations,23.153125
gsk,cec2013,24,50,44,138243191,1.2006170447e+03,2.0061704473e+02,500000,max_evaluations,21.781297
gsk,cec2013,24,50,45,139243228,1.2027563299e+03,2.0275632989e+02,500000,max_evaluations,22.023698
gsk,cec2013,24,50,46,140243265,1.2017141912e+03,2.0171419117e+02,500000,max_evaluations,15.203397
gsk,cec2013,24,50,47,141243302,1.2010095387e+03,2.0100953869e+02,500000,max_evaluations,14.990110
gsk,cec2013,24,50,48,142243339,1.2102081326e+03,2.1020813260e+02,500000,max_evaluations,14.969117
gsk,cec2013,24,50,49,143243376,1.2090952786e+03,2.0909527863e+02,500000,max_evaluations,14.716594
gsk,cec2013,24,50,50,144243413,1.2147290580e+03,2.1472905797e+02,500000,max_evaluations,14.873194
gsk,cec2013,24,50,51,145243450,1.2037240693e+03,2.0372406930e+02,500000,max_evaluations,14.542054
gsk,cec2013,25,50,1,96241633,1.4095146678e+03,3.0951466783e+02,500000,max_evaluations,21.178098
gsk,cec2013,25,50,2,97241670,1.5035297954e+03,4.0352979537e+02,500000,max_evaluations,21.635179
gsk,cec2013,25,50,3,98241707,1.4363392530e+03,3.3633925296e+02,500000,max_evaluations,19.717843
gsk,cec2013,25,50,4,99241744,1.5069800361e+03,4.0698003606e+02,500000,max_evaluations,20.847855
gsk,cec2013,25,50,5,100241781,1.5000146076e+03,4.0001460756e+02,500000,max_evaluations,20.866399
gsk,cec2013,25,50,6,101241818,1.4220235977e+03,3.2202359775e+02,500000,max_evaluations,20.339557
gsk,cec2013,25,50,7,102241855,1.4434625278e+03,3.4346252782e+02,500000,max_evaluations,20.315884
gsk,cec2013,25,50,8,103241892,1.5071673361e+03,4.0716733608e+02,500000,max_evaluations,20.739773
gsk,cec2013,25,50,9,104241929,1.4053043537e+03,3.0530435372e+02,500000,max_evaluations,21.133527
gsk,cec2013,25,50,10,105241966,1.4461409559e+03,3.4614095589e+02,500000,max_evaluations,21.881574
gsk,cec2013,25,50,11,106242003,1.4393634662e+03,3.3936346621e+02,500000,max_evaluations,21.272072
gsk,cec2013,25,50,12,107242040,1.4942698755e+03,3.9426987548e+02,500000,max_evaluations,21.964674
gsk,cec2013,25,50,13,108242077,1.5004550083e+03,4.0045500833e+02,500000,max_evaluations,21.126771
gsk,cec2013,25,50,14,109242114,1.4387307009e+03,3.3873070089e+02,500000,max_evaluations,20.289299
gsk,cec2013,25,50,15,110242151,1.5065245976e+03,4.0652459755e+02,500000,max_evaluations,21.490725
gsk,cec2013,25,50,16,111242188,1.3986600927e+03,2.9866009268e+02,500000,max_evaluations,23.647745
gsk,cec2013,25,50,17,112242225,1.5007264778e+03,4.0072647782e+02,500000,max_evaluations,25.765153
gsk,cec2013,25,50,18,113242262,1.4977244386e+03,3.9772443861e+02,500000,max_evaluations,25.476630
gsk,cec2013,25,50,19,114242299,1.4288546053e+03,3.2885460535e+02,500000,max_evaluations,24.925589
gsk,cec2013,25,50,20,115242336,1.4326875361e+03,3.3268753612e+02,500000,max_evaluations,24.063773
gsk,cec2013,25,50,21,116242373,1.4213035643e+03,3.2130356426e+02,500000,max_evaluations,23.865720
gsk,cec2013,25,50,22,117242410,1.4167225329e+03,3.1672253291e+02,500000,max_evaluations,24.032350
gsk,cec2013,25,50,23,118242447,1.3970505163e+03,2.9705051634e+02,500000,max_evaluations,23.393306
gsk,cec2013,25,50,24,119242484,1.4644915967e+03,3.6449159670e+02,500000,max_evaluations,25.623683
gsk,cec2013,25,50,25,120242521,1.4987215862e+03,3.9872158623e+02,500000,max_evaluations,25.979635
gsk,cec2013,25,50,26,121242558,1.4397942148e+03,3.3979421476e+02,500000,max_evaluations,25.805375
gsk,cec2013,25,50,27,122242595,1.5106543081e+03,4.1065430815e+02,500000,max_evaluations,26.205923
gsk,cec2013,25,50,28,123242632,1.5100135801e+03,4.1001358013e+02,500000,max_evaluations,25.890911
gsk,cec2013,25,50,29,124242669,1.4940694656e+03,3.9406946562e+02,500000,max_evaluations,26.019202
gsk,cec2013,25,50,30,125242706,1.5030999412e+03,4.0309994122e+02,500000,max_evaluations,25.956059
gsk,cec2013,25,50,31,126242743,1.5058355130e+03,4.0583551298e+02,500000,max_evaluations,27.663797
gsk,cec2013,25,50,32,127242780,1.4993074558e+03,3.9930745582e+02,500000,max_evaluations,26.655498
gsk,cec2013,25,50,33,128242817,1.4592262681e+03,3.5922626810e+02,500000,max_evaluations,26.687855
gsk,cec2013,25,50,34,129242854,1.5108758099e+03,4.1087580988e+02,500000,max_evaluations,27.561815
gsk,cec2013,25,50,35,130242891,1.4933888581e+03,3.9338885810e+02,500000,max_evaluations,27.435872
gsk,cec2013,25,50,36,131242928,1.4152434401e+03,3.1524344007e+02,500000,max_evaluations,25.393753
gsk,cec2013,25,50,37,132242965,1.4245758607e+03,3.2457586073e+02,500000,max_evaluations,27.510366
gsk,cec2013,25,50,38,133243002,1.5082955122e+03,4.0829551218e+02,500000,max_evaluations,26.966194
gsk,cec2013,25,50,39,134243039,1.4993617422e+03,3.9936174223e+02,500000,max_evaluations,27.716838
gsk,cec2013,25,50,40,135243076,1.4883821315e+03,3.8838213154e+02,500000,max_evaluations,26.693017
gsk,cec2013,25,50,41,136243113,1.5029685957e+03,4.0296859572e+02,500000,max_evaluations,26.768438
gsk,cec2013,25,50,42,137243150,1.5045660464e+03,4.0456604641e+02,500000,max_evaluations,26.645386
gsk,cec2013,25,50,43,138243187,1.4942107997e+03,3.9421079971e+02,500000,max_evaluations,26.813742
gsk,cec2013,25,50,44,139243224,1.4932446115e+03,3.9324461151e+02,500000,max_evaluations,26.447156
gsk,cec2013,25,50,45,140243261,1.5014660037e+03,4.0146600373e+02,500000,max_evaluations,26.591076
gsk,cec2013,25,50,46,141243298,1.5048060208e+03,4.0480602080e+02,500000,max_evaluations,19.569526
gsk,cec2013,25,50,47,142243335,1.5049237642e+03,4.0492376423e+02,500000,max_evaluations,19.291825
gsk,cec2013,25,50,48,143243372,1.4394955397e+03,3.3949553966e+02,500000,max_evaluations,18.957918
gsk,cec2013,25,50,49,144243409,1.4891489607e+03,3.8914896068e+02,500000,max_evaluations,19.322594
gsk,cec2013,25,50,50,145243446,1.4444977387e+03,3.4449773869e+02,500000,max_evaluations,17.784068
gsk,cec2013,25,50,51,146243483,1.4937742079e+03,3.9377420789e+02,500000,max_evaluations,18.540657
gsk,cec2013,26,50,1,97241666,1.4000230700e+03,2.0002306996e+02,500000,max_evaluations,23.109897
gsk,cec2013,26,50,2,98241703,1.5319060440e+03,3.3190604399e+02,500000,max_evaluations,18.971188
gsk,cec2013,26,50,3,99241740,1.5168924632e+03,3.1689246322e+02,500000,max_evaluations,19.826718
gsk,cec2013,26,50,4,100241777,1.4000765983e+03,2.0007659827e+02,500000,max_evaluations,22.953703
gsk,cec2013,26,50,5,101241814,1.5010033755e+03,3.0100337546e+02,500000,max_evaluations,20.613245
gsk,cec2013,26,50,6,102241851,1.4000465024e+03,2.0004650245e+02,500000,max_evaluations,23.148663
gsk,cec2013,26,50,7,103241888,1.4000360638e+03,2.0003606384e+02,500000,max_evaluations,22.608207
gsk,cec2013,26,50,8,104241925,1.5276579679e+03,3.2765796793e+02,500000,max_evaluations,19.896527
gsk,cec2013,26,50,9,105241962,1.5350115674e+03,3.3501156742e+02,500000,max_evaluations,20.138552
gsk,cec2013,26,50,10,106241999,1.5258521009e+03,3.2585210093e+02,500000,max_evaluations,19.047829
gsk,cec2013,26,50,11,107242036,1.5258838891e+03,3.2588388910e+02,500000,max_evaluations,19.410729
gsk,cec2013,26,50,12,108242073,1.5271602346e+03,3.2716023457e+02,500000,max_evaluations,19.275888
gsk,cec2013,26,50,13,109242110,1.4000296049e+03,2.0002960487e+02,500000,max_evaluations,22.569052
gsk,cec2013,26,50,14,110242147,1.5138688095e+03,3.1386880948e+02,500000,max_evaluations,19.276235
gsk,cec2013,26,50,15,111242184,1.5204492310e+03,3.2044923099e+02,500000,max_evaluations,19.214264
gsk,cec2013,26,50,16,112242221,1.4000435903e+03,2.0004359032e+02,500000,max_evaluations,29.652839
gsk,cec2013,26,50,17,113242258,1.4000238835e+03,2.0002388349e+02,500000,max_evaluations,29.271012
gsk,cec2013,26,50,18,114242295,1.6803170058e+03,4.8031700581e+02,500000,max_evaluations,29.764545
gsk,cec2013,26,50,19,115242332,1.5376624221e+03,3.3766242214e+02,500000,max_evaluations,26.283359
gsk,cec2013,26,50,20,116242369,1.4000495501e+03,2.0004955011e+02,500000,max_evaluations,29.381026
gsk,cec2013,26,50,21,117242406,1.5160733245e+03,3.1607332446e+02,500000,max_evaluations,24.883803
gsk,cec2013,26,50,22,118242443,1.5215978219e+03,3.2159782195e+02,500000,max_evaluations,24.302993
gsk,cec2013,26,50,23,119242480,1.5178020152e+03,3.1780201525e+02,500000,max_evaluations,24.070436
gsk,cec2013,26,50,24,120242517,1.4000134384e+03,2.0001343839e+02,500000,max_evaluations,27.863185
gsk,cec2013,26,50,25,121242554,1.4001092607e+03,2.0010926074e+02,500000,max_evaluations,28.213471
gsk,cec2013,26,50,26,122242591,1.4982009026e+03,2.9820090258e+02,500000,max_evaluations,27.403349
gsk,cec2013,26,50,27,123242628,1.5365054675e+03,3.3650546751e+02,500000,max_evaluations,26.850110
gsk,cec2013,26,50,28,124242665,1.4001087173e+03,2.0010871725e+02,500000,max_evaluations,28.650888
gsk,cec2013,26,50,29,125242702,1.4000480366e+03,2.0004803658e+02,500000,max_evaluations,28.916096
gsk,cec2013,26,50,30,126242739,1.5187738409e+03,3.1877384094e+02,500000,max_evaluations,24.787635
gsk,cec2013,26,50,31,127242776,1.4000488339e+03,2.0004883395e+02,500000,max_evaluations,29.804384
gsk,cec2013,26,50,32,128242813,1.5372843434e+03,3.3728434336e+02,500000,max_evaluations,25.720126
gsk,cec2013,26,50,33,129242850,1.4000779817e+03,2.0007798171e+02,500000,max_evaluations,30.012466
gsk,cec2013,26,50,34,130242887,1.5506018781e+03,3.5060187806e+02,500000,max_evaluations,30.388736
gsk,cec2013,26,50,35,131242924,1.4000231530e+03,2.0002315295e+02,500000,max_evaluations,29.565632
gsk,cec2013,26,50,36,132242961,1.4000182880e+03,2.0001828802e+02,500000,max_evaluations,29.594897
gsk,cec2013,26,50,37,133242998,1.4000408384e+03,2.0004083844e+02,500000,max_evaluations,30.821032
gsk,cec2013,26,50,38,134243035,1.5144329846e+03,3.1443298457e+02,500000,max_evaluations,27.515930
gsk,cec2013,26,50,39,135243072,1.5279648552e+03,3.2796485523e+02,500000,max_evaluations,27.486555
gsk,cec2013,26,50,40,136243109,1.5306378723e+03,3.3063787230e+02,500000,max_evaluations,25.482323
gsk,cec2013,26,50,41,137243146,1.5410679546e+03,3.4106795461e+02,500000,max_evaluations,28.318220
gsk,cec2013,26,50,42,138243183,1.4000263033e+03,2.0002630326e+02,500000,max_evaluations,30.994401
gsk,cec2013,26,50,43,139243220,1.4000362498e+03,2.0003624976e+02,500000,max_evaluations,30.602110
gsk,cec2013,26,50,44,140243257,1.4000511000e+03,2.0005110005e+02,500000,max_evaluations,29.576373
gsk,cec2013,26,50,45,141243294,1.4000458628e+03,2.0004586275e+02,500000,max_evaluations,29.470435
gsk,cec2013,26,50,46,142243331,1.4000288063e+03,2.0002880634e+02,500000,max_evaluations,22.668849
gsk,cec2013,26,50,47,143243368,1.5050916816e+03,3.0509168162e+02,500000,max_evaluations,18.827435
gsk,cec2013,26,50,48,144243405,1.4000377404e+03,2.0003774036e+02,500000,max_evaluations,20.977709
gsk,cec2013,26,50,49,145243442,1.5291721610e+03,3.2917216101e+02,500000,max_evaluations,17.901355
gsk,cec2013,26,50,50,146243479,1.4001204640e+03,2.0012046402e+02,500000,max_evaluations,21.396966
gsk,cec2013,26,50,51,147243516,1.5202980521e+03,3.2029805207e+02,500000,max_evaluations,17.522415
gsk,cec2013,27,50,1,98241699,1.6473167476e+03,3.4731674757e+02,500000,max_evaluations,17.600856
gsk,cec2013,27,50,2,99241736,1.9845024370e+03,6.8450243701e+02,500000,max_evaluations,17.927687
gsk,cec2013,27,50,3,100241773,1.7511541485e+03,4.5115414852e+02,500000,max_evaluations,17.939434
gsk,cec2013,27,50,4,101241810,1.9205795487e+03,6.2057954872e+02,500000,max_evaluations,18.949542
gsk,cec2013,27,50,5,102241847,1.7846606704e+03,4.8466067037e+02,500000,max_evaluations,17.805518
gsk,cec2013,27,50,6,103241884,2.0439283457e+03,7.4392834569e+02,500000,max_evaluations,18.437596
gsk,cec2013,27,50,7,104241921,1.7355338870e+03,4.3553388700e+02,500000,max_evaluations,18.148811
gsk,cec2013,27,50,8,105241958,1.9600780608e+03,6.6007806079e+02,500000,max_evaluations,18.711177
gsk,cec2013,27,50,9,106241995,1.7868754321e+03,4.8687543212e+02,500000,max_evaluations,18.581133
gsk,cec2013,27,50,10,107242032,1.8850512835e+03,5.8505128347e+02,500000,max_evaluations,18.649114
gsk,cec2013,27,50,11,108242069,1.8340573029e+03,5.3405730285e+02,500000,max_evaluations,18.633777
gsk,cec2013,27,50,12,109242106,2.0743609749e+03,7.7436097493e+02,500000,max_evaluations,19.047081
gsk,cec2013,27,50,13,110242143,1.8069038243e+03,5.0690382428e+02,500000,max_evaluations,18.230027
gsk,cec2013,27,50,14,111242180,1.7911424054e+03,4.9114240536e+02,500000,max_evaluations,18.329209
gsk,cec2013,27,50,15,112242217,1.7137116213e+03,4.1371162134e+02,500000,max_evaluations,18.301061
gsk,cec2013,27,50,16,113242254,1.8784762437e+03,5.7847624370e+02,500000,max_evaluations,21.105672
gsk,cec2013,27,50,17,114242291,1.6902994193e+03,3.9029941934e+02,500000,max_evaluations,20.974954
gsk,cec2013,27,50,18,115242328,1.7119443039e+03,4.1194430387e+02,500000,max_evaluations,21.130596
gsk,cec2013,27,50,19,116242365,2.1169607818e+03,8.1696078176e+02,500000,max_evaluations,21.492053
gsk,cec2013,27,50,20,117242402,1.9554654252e+03,6.5546542519e+02,500000,max_evaluations,21.514808
gsk,cec2013,27,50,21,118242439,1.9178965527e+03,6.1789655270e+02,500000,max_evaluations,21.698867
gsk,cec2013,27,50,22,119242476,1.6884504366e+03,3.8845043664e+02,500000,max_evaluations,21.697247
gsk,cec2013,27,50,23,120242513,2.0605269572e+03,7.6052695721e+02,500000,max_evaluations,21.181416
gsk,cec2013,27,50,24,121242550,1.6887234041e+03,3.8872340412e+02,500000,max_evaluations,21.392977
gsk,cec2013,27,50,25,122242587,1.6782141139e+03,3.7821411389e+02,500000,max_evaluations,20.583731
gsk,cec2013,27,50,26,123242624,2.1030733621e+03,8.0307336211e+02,500000,max_evaluations,21.652360
gsk,cec2013,27,50,27,124242661,1.9138608097e+03,6.1386080974e+02,500000,max_evaluations,21.458789
gsk,cec2013,27,50,28,125242698,1.8624701228e+03,5.6247012281e+02,500000,max_evaluations,20.535954
gsk,cec2013,27,50,29,126242735,1.8546824552e+03,5.5468245524e+02,500000,max_evaluations,21.332602
gsk,cec2013,27,50,30,127242772,1.7893223539e+03,4.8932235388e+02,500000,max_evaluations,21.277271
gsk,cec2013,27,50,31,128242809,1.9266429393e+03,6.2664293930e+02,500000,max_evaluations,23.702598
gsk,cec2013,27,50,32,129242846,2.2113955065e+03,9.1139550650e+02,500000,max_evaluations,24.205524
gsk,cec2013,27,50,33,130242883,1.9618389989e+03,6.6183899892e+02,500000,max_evaluations,23.426726
gsk,cec2013,27,50,34,131242920,2.0604299563e+03,7.6042995634e+02,500000,max_evaluations,22.638691
gsk,cec2013,27,50,35,132242957,1.9864664472e+03,6.8646644718e+02,500000,max_evaluations,22.559189
gsk,cec2013,27,50,36,133242994,1.8279468911e+03,5.2794689110e+02,500000,max_evaluations,22.582057
gsk,cec2013,27,50,37,134243031,1.9823977034e+03,6.8239770344e+02,500000,max_evaluations,22.603663
gsk,cec2013,27,50,38,135243068,1.8699551305e+03,5.6995513055e+02,500000,max_evaluations,23.538315
gsk,cec2013,27,50,39,136243105,1.7936650793e+03,4.9366507926e+02,500000,max_evaluations,23.324621
gsk,cec2013,27,50,40,137243142,1.8251467832e+03,5.2514678320e+02,500000,max_evaluations,23.585713
gsk,cec2013,27,50,41,138243179,1.7645926721e+03,4.6459267208e+02,500000,max_evaluations,23.629701
gsk,cec2013,27,50,42,139243216,2.0323931398e+03,7.3239313979e+02,500000,max_evaluations,22.905457
gsk,cec2013,27,50,43,140243253,1.6909081360e+03,3.9090813604e+02,500000,max_evaluations,22.145380
gsk,cec2013,27,50,44,141243290,2.0378872462e+03,7.3788724618e+02,500000,max_evaluations,22.879881
gsk,cec2013,27,50,45,142243327,1.9222478071e+03,6.2224780706e+02,500000,max_evaluations,22.624813
gsk,cec2013,27,50,46,143243364,1.7178288334e+03,4.1782883341e+02,500000,max_evaluations,15.499570
gsk,cec2013,27,50,47,144243401,1.6976473018e+03,3.9764730183e+02,500000,max_evaluations,15.752780
gsk,cec2013,27,50,48,145243438,1.7865260526e+03,4.8652605259e+02,500000,max_evaluations,15.439834
gsk,cec2013,27,50,49,146243475,1.7790949309e+03,4.7909493091e+02,500000,max_evaluations,15.653768
gsk,cec2013,27,50,50,147243512,1.8035796877e+03,5.0357968770e+02,500000,max_evaluations,15.362144
gsk,cec2013,27,50,51,148243549,1.7480190344e+03,4.4801903436e+02,500000,max_evaluations,15.807794
gsk,cec2013,28,50,1,99241732,1.8000000000e+03,4.0000000000e+02,500000,max_evaluations,8.723127
gsk,cec2013,28,50,2,100241769,1.8000000000e+03,4.0000000000e+02,500000,max_evaluations,8.803423
gsk,cec2013,28,50,3,101241806,1.8000000000e+03,4.0000000000e+02,500000,max_evaluations,8.589935
gsk,cec2013,28,50,4,102241843,1.8000000000e+03,4.0000000000e+02,500000,max_evaluations,9.033205
gsk,cec2013,28,50,5,103241880,4.7441661585e+03,3.3441661585e+03,500000,max_evaluations,9.344209
gsk,cec2013,28,50,6,104241917,1.8000000000e+03,4.0000000000e+02,500000,max_evaluations,8.988046
gsk,cec2013,28,50,7,105241954,1.8000000000e+03,4.0000000000e+02,500000,max_evaluations,8.697545
gsk,cec2013,28,50,8,106241991,1.8000000000e+03,4.0000000000e+02,500000,max_evaluations,8.745432
gsk,cec2013,28,50,9,107242028,1.8000000000e+03,4.0000000000e+02,500000,max_evaluations,8.871736
gsk,cec2013,28,50,10,108242065,1.8000000000e+03,4.0000000000e+02,500000,max_evaluations,9.123963
gsk,cec2013,28,50,11,109242102,1.8000000000e+03,4.0000000000e+02,500000,max_evaluations,9.118438
gsk,cec2013,28,50,12,110242139,1.8000000000e+03,4.0000000000e+02,500000,max_evaluations,8.975466
gsk,cec2013,28,50,13,111242176,1.8000000000e+03,4.0000000000e+02,500000,max_evaluations,8.666342
gsk,cec2013,28,50,14,112242213,1.8000000000e+03,4.0000000000e+02,500000,max_evaluations,8.863363
gsk,cec2013,28,50,15,113242250,1.8000000000e+03,4.0000000000e+02,500000,max_evaluations,8.976011
gsk,cec2013,28,50,16,114242287,1.8000000000e+03,4.0000000000e+02,500000,max_evaluations,9.465917
gsk,cec2013,28,50,17,115242324,1.8000000000e+03,4.0000000000e+02,500000,max_evaluations,9.289028
gsk,cec2013,28,50,18,116242361,1.8000000000e+03,4.0000000000e+02,500000,max_evaluations,9.607831
gsk,cec2013,28,50,19,117242398,1.8000000000e+03,4.0000000000e+02,500000,max_evaluations,9.544424
gsk,cec2013,28,50,20,118242435,1.8000000000e+03,4.0000000000e+02,500000,max_evaluations,9.200116
gsk,cec2013,28,50,21,119242472,1.8000000000e+03,4.0000000000e+02,500000,max_evaluations,10.026181
gsk,cec2013,28,50,22,120242509,1.8000000000e+03,4.0000000000e+02,500000,max_evaluations,9.994885
gsk,cec2013,28,50,23,121242546,1.8000000000e+03,4.0000000000e+02,500000,max_evaluations,9.573855
gsk,cec2013,28,50,24,122242583,1.8000000000e+03,4.0000000000e+02,500000,max_evaluations,10.172507
gsk,cec2013,28,50,25,123242620,1.8000000000e+03,4.0000000000e+02,500000,max_evaluations,9.879670
gsk,cec2013,28,50,26,124242657,1.8000000000e+03,4.0000000000e+02,500000,max_evaluations,9.798649
gsk,cec2013,28,50,27,125242694,4.7235426170e+03,3.3235426170e+03,500000,max_evaluations,10.325248
gsk,cec2013,28,50,28,126242731,1.8000000000e+03,4.0000000000e+02,500000,max_evaluations,9.714222
gsk,cec2013,28,50,29,127242768,1.8000000000e+03,4.0000000000e+02,500000,max_evaluations,9.980712
gsk,cec2013,28,50,30,128242805,1.8000000000e+03,4.0000000000e+02,500000,max_evaluations,9.449058
gsk,cec2013,28,50,31,129242842,1.8000000000e+03,4.0000000000e+02,500000,max_evaluations,11.867710
gsk,cec2013,28,50,32,130242879,1.8000000000e+03,4.0000000000e+02,500000,max_evaluations,11.869518
gsk,cec2013,28,50,33,131242916,1.8000000000e+03,4.0000000000e+02,500000,max_evaluations,11.587670
gsk,cec2013,28,50,34,132242953,1.8000000000e+03,4.0000000000e+02,500000,max_evaluations,12.244594
gsk,cec2013,28,50,35,133242990,1.8000000000e+03,4.0000000000e+02,500000,max_evaluations,11.983491
gsk,cec2013,28,50,36,134243027,1.8000000000e+03,4.0000000000e+02,500000,max_evaluations,12.284351
gsk,cec2013,28,50,37,135243064,1.8000000000e+03,4.0000000000e+02,500000,max_evaluations,11.842197
gsk,cec2013,28,50,38,136243101,1.8000000000e+03,4.0000000000e+02,500000,max_evaluations,12.297359
gsk,cec2013,28,50,39,137243138,1.8000000000e+03,4.0000000000e+02,500000,max_evaluations,11.873290
gsk,cec2013,28,50,40,138243175,1.8000000000e+03,4.0000000000e+02,500000,max_evaluations,12.020800
gsk,cec2013,28,50,41,139243212,1.8000000000e+03,4.0000000000e+02,500000,max_evaluations,11.730264
gsk,cec2013,28,50,42,140243249,1.8000000000e+03,4.0000000000e+02,500000,max_evaluations,11.879978
gsk,cec2013,28,50,43,141243286,1.8000000000e+03,4.0000000000e+02,500000,max_evaluations,11.887136
gsk,cec2013,28,50,44,142243323,1.8000000000e+03,4.0000000000e+02,500000,max_evaluations,11.773455
gsk,cec2013,28,50,45,143243360,1.8000000000e+03,4.0000000000e+02,500000,max_evaluations,11.763321
gsk,cec2013,28,50,46,144243397,1.8000000000e+03,4.0000000000e+02,500000,max_evaluations,8.447448
gsk,cec2013,28,50,47,145243434,1.8000000000e+03,4.0000000000e+02,500000,max_evaluations,8.379197
gsk,cec2013,28,50,48,146243471,1.8000000000e+03,4.0000000000e+02,500000,max_evaluations,8.589982
gsk,cec2013,28,50,49,147243508,1.8000000000e+03,4.0000000000e+02,500000,max_evaluations,8.515325
gsk,cec2013,28,50,50,148243545,1.8000000000e+03,4.0000000000e+02,500000,max_evaluations,8.662178
gsk,cec2013,28,50,51,149243582,1.8000000000e+03,4.0000000000e+02,500000,max_evaluations,7.998083
