Eval,BestError,Log10Error
1000,6.0336033440764725e+08,8.7805767557658605e+00
1500,5.7436909042134011e+08,8.7591910603765761e+00
2000,5.2039519277472687e+08,8.7163332760504773e+00
2500,3.8739935175897712e+08,8.5881588896723677e+00
3000,2.7280253202757728e+08,8.4358483969246958e+00
3500,2.5285048011961234e+08,8.4028637826199386e+00
4000,2.5285048011961234e+08,8.4028637826199386e+00
4500,2.5285048011961234e+08,8.4028637826199386e+00
5000,2.5285048011961234e+08,8.4028637826199386e+00
5500,2.5285048011961234e+08,8.4028637826199386e+00
6000,2.2455282512387025e+08,8.3513185233399021e+00
6500,1.2307998261774884e+08,8.0901874262411972e+00
7000,1.2307998261774884e+08,8.0901874262411972e+00
7500,1.2307998261774884e+08,8.0901874262411972e+00
8000,1.2307998261774884e+08,8.0901874262411972e+00
8500,1.2307998261774884e+08,8.0901874262411972e+00
9000,1.2307998261774884e+08,8.0901874262411972e+00
9500,1.2307998261774884e+08,8.0901874262411972e+00
10000,1.2307998261774884e+08,8.0901874262411972e+00
10500,1.2307998261774884e+08,8.0901874262411972e+00
11000,1.2307998261774884e+08,8.0901874262411972e+00
11500,1.2307998261774884e+08,8.0901874262411972e+00
12000,1.0529775723252966e+08,8.0224191211198690e+00
12500,1.0529775723252966e+08,8.0224191211198690e+00
13000,1.0394754780229084e+08,8.0168142484679183e+00
13500,1.0394754780229084e+08,8.0168142484679183e+00
14000,1.0394754780229084e+08,8.0168142484679183e+00
14500,1.0394754780229084e+08,8.0168142484679183e+00
15000,1.0394754780229084e+08,8.0168142484679183e+00
15500,4.2604553269408852e+07,7.6294560158657880e+00
16000,3.9180701958641224e+07,7.5930722125171526e+00
16500,3.9180701958641224e+07,7.5930722125171526e+00
17000,3.9180701958641224e+07,7.5930722125171526e+00
17500,3.9180701958641224e+07,7.5930722125171526e+00
18000,3.9180701958641224e+07,7.5930722125171526e+00
18500,3.9180701958641224e+07,7.5930722125171526e+00
19000,3.9180701958641224e+07,7.5930722125171526e+00
19500,3.9180701958641224e+07,7.5930722125171526e+00
20000,3.9180701958641224e+07,7.5930722125171526e+00
20500,3.9180701958641224e+07,7.5930722125171526e+00
21000,3.9180701958641224e+07,7.5930722125171526e+00
21500,3.9180701958641224e+07,7.5930722125171526e+00
22000,3.9180701958641224e+07,7.5930722125171526e+00
22500,3.9180701958641224e+07,7.5930722125171526e+00
23000,3.9180701958641224e+07,7.5930722125171526e+00
23500,3.9180701958641224e+07,7.5930722125171526e+00
24000,3.9180701958641224e+07,7.5930722125171526e+00
24500,3.9180701958641224e+07,7.5930722125171526e+00
25000,3.9180701958641224e+07,7.5930722125171526e+00
25500,2.8931840056025870e+07,7.4613760555202884e+00
26000,2.8931840056025870e+07,7.4613760555202884e+00
26500,2.8931840056025870e+07,7.4613760555202884e+00
27000,2.8931840056025870e+07,7.4613760555202884e+00
27500,2.8931840056025870e+07,7.4613760555202884e+00
28000,2.8931840056025870e+07,7.4613760555202884e+00
28500,2.8931840056025870e+07,7.4613760555202884e+00
29000,2.8931840056025870e+07,7.4613760555202884e+00
29500,2.8931840056025870e+07,7.4613760555202884e+00
30000,2.8931840056025870e+07,7.4613760555202884e+00
30500,2.8931840056025870e+07,7.4613760555202884e+00
31000,2.8931840056025870e+07,7.4613760555202884e+00
31500,2.8931840056025870e+07,7.4613760555202884e+00
32000,2.8931840056025870e+07,7.4613760555202884e+00
32500,2.8931840056025870e+07,7.4613760555202884e+00
33000,2.8931840056025870e+07,7.4613760555202884e+00
33500,2.8931840056025870e+07,7.4613760555202884e+00
34000,2.8931840056025870e+07,7.4613760555202884e+00
34500,2.8931840056025870e+07,7.4613760555202884e+00
35000,2.8931840056025870e+07,7.4613760555202884e+00
35500,2.8931840056025870e+07,7.4613760555202884e+00
36000,2.8931840056025870e+07,7.4613760555202884e+00
36500,2.8931840056025870e+07,7.4613760555202884e+00
37000,2.8931840056025870e+07,7.4613760555202884e+00
37500,2.8931840056025870e+07,7.4613760555202884e+00
38000,2.8931840056025870e+07,7.4613760555202884e+00
38500,2.8931840056025870e+07,7.4613760555202884e+00
39000,2.8931840056025870e+07,7.4613760555202884e+00
39500,2.8931840056025870e+07,7.4613760555202884e+00
40000,2.8931840056025870e+07,7.4613760555202884e+00
40500,2.1415105927096516e+07,7.3307202269202945e+00
41000,2.1415105927096516e+07,7.3307202269202945e+00
41500,2.1415105927096516e+07,7.3307202269202945e+00
42000,2.1415105927096516e+07,7.3307202269202945e+00
42500,2.1415105927096516e+07,7.3307202269202945e+00
43000,2.1415105927096516e+07,7.3307202269202945e+00
43500,2.1415105927096516e+07,7.3307202269202945e+00
44000,2.1415105927096516e+07,7.3307202269202945e+00
44500,2.1415105927096516e+07,7.3307202269202945e+00
45000,2.1415105927096516e+07,7.3307202269202945e+00
45500,2.1415105927096516e+07,7.3307202269202945e+00
46000,2.1415105927096516e+07,7.3307202269202945e+00
46500,2.1415105927096516e+07,7.3307202269202945e+00
47000,2.1415105927096516e+07,7.3307202269202945e+00
47500,2.1415105927096516e+07,7.3307202269202945e+00
48000,2.1415105927096516e+07,7.3307202269202945e+00
48500,2.1415105927096516e+07,7.3307202269202945e+00
49000,2.1415105927096516e+07,7.3307202269202945e+00
49500,2.1415105927096516e+07,7.3307202269202945e+00
50000,2.1415105927096516e+07,7.3307202269202945e+00
50500,2.1415105927096516e+07,7.3307202269202945e+00
51000,2.1415105927096516e+07,7.3307202269202945e+00
51500,2.1415105927096516e+07,7.3307202269202945e+00
52000,2.1415105927096516e+07,7.3307202269202945e+00
52500,2.1415105927096516e+07,7.3307202269202945e+00
53000,2.1415105927096516e+07,7.3307202269202945e+00
53500,2.1415105927096516e+07,7.3307202269202945e+00
54000,2.1415105927096516e+07,7.3307202269202945e+00
54500,2.1415105927096516e+07,7.3307202269202945e+00
55000,2.1415105927096516e+07,7.3307202269202945e+00
55500,2.1415105927096516e+07,7.3307202269202945e+00
56000,2.1415105927096516e+07,7.3307202269202945e+00
56500,2.1415105927096516e+07,7.3307202269202945e+00
57000,2.1415105927096516e+07,7.3307202269202945e+00
57500,2.1415105927096516e+07,7.3307202269202945e+00
58000,2.1415105927096516e+07,7.3307202269202945e+00
58500,2.1415105927096516e+07,7.3307202269202945e+00
59000,2.1415105927096516e+07,7.3307202269202945e+00
59500,2.1415105927096516e+07,7.3307202269202945e+00
60000,1.9311089360885397e+07,7.2858067735244454e+00
60500,1.9311089360885397e+07,7.2858067735244454e+00
61000,1.9311089360885397e+07,7.2858067735244454e+00
61500,1.9311089360885397e+07,7.2858067735244454e+00
62000,1.9311089360885397e+07,7.2858067735244454e+00
62500,1.9311089360885397e+07,7.2858067735244454e+00
63000,1.9311089360885397e+07,7.2858067735244454e+00
63500,1.9311089360885397e+07,7.2858067735244454e+00
64000,1.9311089360885397e+07,7.2858067735244454e+00
64500,1.9311089360885397e+07,7.2858067735244454e+00
65000,1.9311089360885397e+07,7.2858067735244454e+00
65500,1.9311089360885397e+07,7.2858067735244454e+00
66000,1.9311089360885397e+07,7.2858067735244454e+00
66500,1.9311089360885397e+07,7.2858067735244454e+00
67000,1.9311089360885397e+07,7.2858067735244454e+00
67500,1.9311089360885397e+07,7.2858067735244454e+00
68000,1.9311089360885397e+07,7.2858067735244454e+00
68500,1.9311089360885397e+07,7.2858067735244454e+00
69000,1.9311089360885397e+07,7.2858067735244454e+00
69500,1.9311089360885397e+07,7.2858067735244454e+00
70000,1.9311089360885397e+07,7.2858067735244454e+00
70500,1.9311089360885397e+07,7.2858067735244454e+00
71000,1.9311089360885397e+07,7.2858067735244454e+00
71500,1.9311089360885397e+07,7.2858067735244454e+00
72000,1.9311089360885397e+07,7.2858067735244454e+00
72500,1.9311089360885397e+07,7.2858067735244454e+00
73000,1.9311089360885397e+07,7.2858067735244454e+00
73500,1.9311089360885397e+07,7.2858067735244454e+00
74000,1.9311089360885397e+07,7.2858067735244454e+00
74500,1.9311089360885397e+07,7.2858067735244454e+00
75000,1.9311089360885397e+07,7.2858067735244454e+00
75500,1.9311089360885397e+07,7.2858067735244454e+00
76000,1.8825489099148087e+07,7.2747462682885029e+00
76500,1.8825489099148087e+07,7.2747462682885029e+00
77000,1.8825489099148087e+07,7.2747462682885029e+00
77500,1.8825489099148087e+07,7.2747462682885029e+00
78000,1.8825489099148087e+07,7.2747462682885029e+00
78500,1.8825489099148087e+07,7.2747462682885029e+00
79000,1.8825489099148087e+07,7.2747462682885029e+00
79500,1.8825489099148087e+07,7.2747462682885029e+00
80000,1.8825489099148087e+07,7.2747462682885029e+00
80500,1.8825489099148087e+07,7.2747462682885029e+00
81000,1.8825489099148087e+07,7.2747462682885029e+00
81500,1.8825489099148087e+07,7.2747462682885029e+00
82000,1.8825489099148087e+07,7.2747462682885029e+00
82500,1.8825489099148087e+07,7.2747462682885029e+00
83000,1.8825489099148087e+07,7.2747462682885029e+00
83500,1.6221993850966400e+07,7.2101042324432685e+00
84000,1.6221993850966400e+07,7.2101042324432685e+00
84500,1.6221993850966400e+07,7.2101042324432685e+00
85000,1.6221993850966400e+07,7.2101042324432685e+00
85500,1.6221993850966400e+07,7.2101042324432685e+00
86000,1.6221993850966400e+07,7.2101042324432685e+00
86500,1.6221993850966400e+07,7.2101042324432685e+00
87000,1.6221993850966400e+07,7.2101042324432685e+00
87500,1.6221993850966400e+07,7.2101042324432685e+00
88000,1.6221993850966400e+07,7.2101042324432685e+00
88500,1.6221993850966400e+07,7.2101042324432685e+00
89000,1.6221993850966400e+07,7.2101042324432685e+00
89500,1.6221993850966400e+07,7.2101042324432685e+00
90000,1.6221993850966400e+07,7.2101042324432685e+00
90500,1.6221993850966400e+07,7.2101042324432685e+00
91000,1.6221993850966400e+07,7.2101042324432685e+00
91500,1.6221993850966400e+07,7.2101042324432685e+00
92000,1.6221993850966400e+07,7.2101042324432685e+00
92500,1.6221993850966400e+07,7.2101042324432685e+00
93000,1.6221993850966400e+07,7.2101042324432685e+00
93500,1.6221993850966400e+07,7.2101042324432685e+00
94000,1.6221993850966400e+07,7.2101042324432685e+00
94500,1.6221993850966400e+07,7.2101042324432685e+00
95000,1.6221993850966400e+07,7.2101042324432685e+00
95500,1.6221993850966400e+07,7.2101042324432685e+00
96000,1.6221993850966400e+07,7.2101042324432685e+00
96500,1.6221993850966400e+07,7.2101042324432685e+00
97000,1.6221993850966400e+07,7.2101042324432685e+00
97500,1.6221993850966400e+07,7.2101042324432685e+00
98000,1.6221993850966400e+07,7.2101042324432685e+00
98500,1.6221993850966400e+07,7.2101042324432685e+00
99000,1.6221993850966400e+07,7.2101042324432685e+00
99500,1.6221993850966400e+07,7.2101042324432685e+00
100000,1.6221993850966400e+07,7.2101042324432685e+00
100500,1.6221993850966400e+07,7.2101042324432685e+00
101000,1.6221993850966400e+07,7.2101042324432685e+00
101500,1.6221993850966400e+07,7.2101042324432685e+00
102000,1.6221993850966400e+07,7.2101042324432685e+00
102500,1.6221993850966400e+07,7.2101042324432685e+00
103000,1.6221993850966400e+07,7.2101042324432685e+00
103500,1.6221993850966400e+07,7.2101042324432685e+00
104000,1.6221993850966400e+07,7.2101042324432685e+00
104500,1.6221993850966400e+07,7.2101042324432685e+00
105000,1.6221993850966400e+07,7.2101042324432685e+00
105500,1.6221993850966400e+07,7.2101042324432685e+00
106000,1.6221993850966400e+07,7.2101042324432685e+00
106500,1.6221993850966400e+07,7.2101042324432685e+00
107000,1.6221993850966400e+07,7.2101042324432685e+00
107500,1.6221993850966400e+07,7.2101042324432685e+00
108000,1.6221993850966400e+07,7.2101042324432685e+00
108500,1.0683149203537671e+07,7.0286992939017878e+00
109000,1.0683149203537671e+07,7.0286992939017878e+00
109500,1.0683149203537671e+07,7.0286992939017878e+00
110000,1.0683149203537671e+07,7.0286992939017878e+00
110500,1.0683149203537671e+07,7.0286992939017878e+00
111000,1.0683149203537671e+07,7.0286992939017878e+00
111500,1.0683149203537671e+07,7.0286992939017878e+00
112000,1.0683149203537671e+07,7.0286992939017878e+00
112500,1.0683149203537671e+07,7.0286992939017878e+00
113000,1.0683149203537671e+07,7.0286992939017878e+00
113500,1.0683149203537671e+07,7.0286992939017878e+00
114000,1.0683149203537671e+07,7.0286992939017878e+00
114500,1.0683149203537671e+07,7.0286992939017878e+00
115000,1.0683149203537671e+07,7.0286992939017878e+00
115500,1.0683149203537671e+07,7.0286992939017878e+00
116000,1.0683149203537671e+07,7.0286992939017878e+00
116500,1.0683149203537671e+07,7.0286992939017878e+00
117000,1.0683149203537671e+07,7.0286992939017878e+00
117500,1.0031423007839449e+07,7.0013625442484129e+00
118000,1.0031423007839449e+07,7.0013625442484129e+00
118500,1.0031423007839449e+07,7.0013625442484129e+00
119000,1.0031423007839449e+07,7.0013625442484129e+00
119500,1.0031423007839449e+07,7.0013625442484129e+00
120000,1.0031423007839449e+07,7.0013625442484129e+00
120500,1.0031423007839449e+07,7.0013625442484129e+00
121000,1.0031423007839449e+07,7.0013625442484129e+00
121500,1.0031423007839449e+07,7.0013625442484129e+00
122000,1.0031423007839449e+07,7.0013625442484129e+00
122500,1.0031423007839449e+07,7.0013625442484129e+00
123000,1.0031423007839449e+07,7.0013625442484129e+00
123500,1.0031423007839449e+07,7.0013625442484129e+00
124000,1.0031423007839449e+07,7.0013625442484129e+00
124500,1.0031423007839449e+07,7.0013625442484129e+00
125000,1.0031423007839449e+07,7.0013625442484129e+00
125500,1.0031423007839449e+07,7.0013625442484129e+00
126000,1.0031423007839449e+07,7.0013625442484129e+00
126500,1.0031423007839449e+07,7.0013625442484129e+00
127000,1.0031423007839449e+07,7.0013625442484129e+00
127500,1.0031423007839449e+07,7.0013625442484129e+00
128000,1.0031423007839449e+07,7.0013625442484129e+00
128500,1.0031423007839449e+07,7.0013625442484129e+00
129000,9.0272143591153473e+06,6.9555537552852247e+00
129500,9.0272143591153473e+06,6.9555537552852247e+00
130000,9.0272143591153473e+06,6.9555537552852247e+00
130500,9.0272143591153473e+06,6.9555537552852247e+00
131000,9.0272143591153473e+06,6.9555537552852247e+00
131500,9.0272143591153473e+06,6.9555537552852247e+00
132000,9.0272143591153473e+06,6.9555537552852247e+00
132500,9.0272143591153473e+06,6.9555537552852247e+00
133000,9.0272143591153473e+06,6.9555537552852247e+00
133500,9.0272143591153473e+06,6.9555537552852247e+00
134000,9.0272143591153473e+06,6.9555537552852247e+00
134500,9.0272143591153473e+06,6.9555537552852247e+00
135000,9.0272143591153473e+06,6.9555537552852247e+00
135500,9.0272143591153473e+06,6.9555537552852247e+00
136000,9.0272143591153473e+06,6.9555537552852247e+00
136500,9.0272143591153473e+06,6.9555537552852247e+00
137000,9.0272143591153473e+06,6.9555537552852247e+00
137500,9.0272143591153473e+06,6.9555537552852247e+00
138000,9.0272143591153473e+06,6.9555537552852247e+00
138500,9.0272143591153473e+06,6.9555537552852247e+00
139000,9.0272143591153473e+06,6.9555537552852247e+00
139500,9.0272143591153473e+06,6.9555537552852247e+00
140000,9.0272143591153473e+06,6.9555537552852247e+00
140500,9.0272143591153473e+06,6.9555537552852247e+00
141000,9.0272143591153473e+06,6.9555537552852247e+00
141500,9.0272143591153473e+06,6.9555537552852247e+00
142000,9.0272143591153473e+06,6.9555537552852247e+00
142500,9.0272143591153473e+06,6.9555537552852247e+00
143000,9.0272143591153473e+06,6.9555537552852247e+00
143500,9.0272143591153473e+06,6.9555537552852247e+00
144000,9.0272143591153473e+06,6.9555537552852247e+00
144500,9.0272143591153473e+06,6.9555537552852247e+00
145000,9.0272143591153473e+06,6.9555537552852247e+00
145500,9.0272143591153473e+06,6.9555537552852247e+00
146000,9.0272143591153473e+06,6.9555537552852247e+00
146500,9.0272143591153473e+06,6.9555537552852247e+00
147000,9.0272143591153473e+06,6.9555537552852247e+00
147500,9.0272143591153473e+06,6.9555537552852247e+00
148000,9.0272143591153473e+06,6.9555537552852247e+00
148500,9.0272143591153473e+06,6.9555537552852247e+00
149000,9.0272143591153473e+06,6.9555537552852247e+00
149500,9.0272143591153473e+06,6.9555537552852247e+00
150000,9.0272143591153473e+06,6.9555537552852247e+00
150500,9.0272143591153473e+06,6.9555537552852247e+00
151000,9.0272143591153473e+06,6.9555537552852247e+00
151500,9.0272143591153473e+06,6.9555537552852247e+00
152000,9.0272143591153473e+06,6.9555537552852247e+00
152500,9.0272143591153473e+06,6.9555537552852247e+00
153000,9.0272143591153473e+06,6.9555537552852247e+00
153500,9.0272143591153473e+06,6.9555537552852247e+00
154000,7.3175629089043736e+06,6.8643664647406215e+00
154500,7.3175629089043736e+06,6.8643664647406215e+00
155000,7.3175629089043736e+06,6.8643664647406215e+00
155500,7.3175629089043736e+06,6.8643664647406215e+00
156000,7.3175629089043736e+06,6.8643664647406215e+00
156500,7.3175629089043736e+06,6.8643664647406215e+00
157000,7.3175629089043736e+06,6.8643664647406215e+00
157500,7.3175629089043736e+06,6.8643664647406215e+00
158000,7.3175629089043736e+06,6.8643664647406215e+00
158500,7.3175629089043736e+06,6.8643664647406215e+00
159000,7.3175629089043736e+06,6.8643664647406215e+00
159500,7.3175629089043736e+06,6.8643664647406215e+00
160000,7.3175629089043736e+06,6.8643664647406215e+00
160500,7.3175629089043736e+06,6.8643664647406215e+00
161000,7.3175629089043736e+06,6.8643664647406215e+00
161500,7.3175629089043736e+06,6.8643664647406215e+00
162000,7.3175629089043736e+06,6.8643664647406215e+00
162500,7.3175629089043736e+06,6.8643664647406215e+00
163000,7.3175629089043736e+06,6.8643664647406215e+00
163500,7.3175629089043736e+06,6.8643664647406215e+00
164000,7.3175629089043736e+06,6.8643664647406215e+00
164500,7.3175629089043736e+06,6.8643664647406215e+00
165000,7.3175629089043736e+06,6.8643664647406215e+00
165500,7.3175629089043736e+06,6.8643664647406215e+00
166000,7.3175629089043736e+06,6.8643664647406215e+00
166500,7.3175629089043736e+06,6.8643664647406215e+00
167000,7.3175629089043736e+06,6.8643664647406215e+00
167500,7.3175629089043736e+06,6.8643664647406215e+00
168000,7.3175629089043736e+06,6.8643664647406215e+00
168500,3.8427410131284683e+06,6.5846411155704212e+00
169000,3.8427410131284683e+06,6.5846411155704212e+00
169500,3.8427410131284683e+06,6.5846411155704212e+00
170000,3.8427410131284683e+06,6.5846411155704212e+00
170500,3.8427410131284683e+06,6.5846411155704212e+00
171000,3.8427410131284683e+06,6.5846411155704212e+00
171500,3.8427410131284683e+06,6.5846411155704212e+00
172000,3.8427410131284683e+06,6.5846411155704212e+00
172500,3.8427410131284683e+06,6.5846411155704212e+00
173000,3.8427410131284683e+06,6.5846411155704212e+00
173500,3.8427410131284683e+06,6.5846411155704212e+00
174000,3.8427410131284683e+06,6.5846411155704212e+00
174500,3.8427410131284683e+06,6.5846411155704212e+00
175000,3.8427410131284683e+06,6.5846411155704212e+00
175500,3.8427410131284683e+06,6.5846411155704212e+00
176000,3.8427410131284683e+06,6.5846411155704212e+00
176500,3.8427410131284683e+06,6.5846411155704212e+00
177000,3.8427410131284683e+06,6.5846411155704212e+00
177500,3.8427410131284683e+06,6.5846411155704212e+00
178000,3.8427410131284683e+06,6.5846411155704212e+00
178500,3.8427410131284683e+06,6.5846411155704212e+00
179000,3.8427410131284683e+06,6.5846411155704212e+00
179500,3.8427410131284683e+06,6.5846411155704212e+00
180000,3.8427410131284683e+06,6.5846411155704212e+00
180500,3.8427410131284683e+06,6.5846411155704212e+00
181000,3.8427410131284683e+06,6.5846411155704212e+00
181500,3.8427410131284683e+06,6.5846411155704212e+00
182000,3.8427410131284683e+06,6.5846411155704212e+00
182500,3.8427410131284683e+06,6.5846411155704212e+00
183000,3.8427410131284683e+06,6.5846411155704212e+00
183500,3.8427410131284683e+06,6.5846411155704212e+00
184000,3.8427410131284683e+06,6.5846411155704212e+00
184500,3.8427410131284683e+06,6.5846411155704212e+00
185000,3.8427410131284683e+06,6.5846411155704212e+00
185500,3.8427410131284683e+06,6.5846411155704212e+00
186000,3.8427410131284683e+06,6.5846411155704212e+00
186500,3.8427410131284683e+06,6.5846411155704212e+00
187000,3.8427410131284683e+06,6.5846411155704212e+00
187500,3.8427410131284683e+06,6.5846411155704212e+00
188000,3.3412372301936876e+06,6.5239073119465569e+00
188500,3.3412372301936876e+06,6.5239073119465569e+00
189000,3.3412372301936876e+06,6.5239073119465569e+00
189500,3.3412372301936876e+06,6.5239073119465569e+00
190000,3.3412372301936876e+06,6.5239073119465569e+00
190500,3.3412372301936876e+06,6.5239073119465569e+00
191000,3.3412372301936876e+06,6.5239073119465569e+00
191500,3.3412372301936876e+06,6.5239073119465569e+00
192000,2.5106301329623442e+06,6.3997827369880964e+00
192500,2.5106301329623442e+06,6.3997827369880964e+00
193000,2.5106301329623442e+06,6.3997827369880964e+00
193500,2.5106301329623442e+06,6.3997827369880964e+00
194000,2.5106301329623442e+06,6.3997827369880964e+00
194500,2.5106301329623442e+06,6.3997827369880964e+00
195000,2.5106301329623442e+06,6.3997827369880964e+00
195500,2.5106301329623442e+06,6.3997827369880964e+00
196000,2.5106301329623442e+06,6.3997827369880964e+00
196500,2.5106301329623442e+06,6.3997827369880964e+00
197000,2.5106301329623442e+06,6.3997827369880964e+00
197500,2.5106301329623442e+06,6.3997827369880964e+00
198000,2.5106301329623442e+06,6.3997827369880964e+00
198500,2.5106301329623442e+06,6.3997827369880964e+00
199000,2.5106301329623442e+06,6.3997827369880964e+00
199500,2.5106301329623442e+06,6.3997827369880964e+00
200000,2.5106301329623442e+06,6.3997827369880964e+00
200500,2.5106301329623442e+06,6.3997827369880964e+00
201000,2.5106301329623442e+06,6.3997827369880964e+00
201500,2.5106301329623442e+06,6.3997827369880964e+00
202000,2.5106301329623442e+06,6.3997827369880964e+00
202500,2.5106301329623442e+06,6.3997827369880964e+00
203000,2.5106301329623442e+06,6.3997827369880964e+00
203500,2.5106301329623442e+06,6.3997827369880964e+00
204000,2.5106301329623442e+06,6.3997827369880964e+00
204500,2.5106301329623442e+06,6.3997827369880964e+00
205000,2.5106301329623442e+06,6.3997827369880964e+00
205500,2.5106301329623442e+06,6.3997827369880964e+00
206000,2.5106301329623442e+06,6.3997827369880964e+00
206500,1.8372359740159046e+06,6.2641649405362418e+00
207000,1.8372359740159046e+06,6.2641649405362418e+00
207500,1.8372359740159046e+06,6.2641649405362418e+00
208000,1.8372359740159046e+06,6.2641649405362418e+00
208500,1.8372359740159046e+06,6.2641649405362418e+00
209000,1.8372359740159046e+06,6.2641649405362418e+00
209500,1.8372359740159046e+06,6.2641649405362418e+00
210000,1.8372359740159046e+06,6.2641649405362418e+00
210500,1.8372359740159046e+06,6.2641649405362418e+00
211000,1.8372359740159046e+06,6.2641649405362418e+00
211500,1.8372359740159046e+06,6.2641649405362418e+00
212000,1.8372359740159046e+06,6.2641649405362418e+00
212500,1.7334688644027298e+06,6.2389160455081223e+00
213000,1.7334688644027298e+06,6.2389160455081223e+00
213500,1.7334688644027298e+06,6.2389160455081223e+00
214000,1.7334688644027298e+06,6.2389160455081223e+00
214500,1.7334688644027298e+06,6.2389160455081223e+00
215000,1.7334688644027298e+06,6.2389160455081223e+00
215500,1.7334688644027298e+06,6.2389160455081223e+00
216000,1.7334688644027298e+06,6.2389160455081223e+00
216500,1.7334688644027298e+06,6.2389160455081223e+00
217000,1.7334688644027298e+06,6.2389160455081223e+00
217500,1.7334688644027298e+06,6.2389160455081223e+00
218000,1.7334688644027298e+06,6.2389160455081223e+00
218500,1.7334688644027298e+06,6.2389160455081223e+00
219000,1.7334688644027298e+06,6.2389160455081223e+00
219500,1.7334688644027298e+06,6.2389160455081223e+00
220000,1.7334688644027298e+06,6.2389160455081223e+00
220500,1.7334688644027298e+06,6.2389160455081223e+00
221000,1.7334688644027298e+06,6.2389160455081223e+00
221500,1.7334688644027298e+06,6.2389160455081223e+00
222000,1.7334688644027298e+06,6.2389160455081223e+00
222500,1.7334688644027298e+06,6.2389160455081223e+00
223000,1.7334688644027298e+06,6.2389160455081223e+00
223500,1.7334688644027298e+06,6.2389160455081223e+00
224000,1.6762235960578173e+06,6.2243319498892120e+00
224500,1.6762235960578173e+06,6.2243319498892120e+00
225000,1.6762235960578173e+06,6.2243319498892120e+00
225500,1.6762235960578173e+06,6.2243319498892120e+00
226000,1.5023960712543791e+06,6.1767844392492623e+00
226500,1.5023960712543791e+06,6.1767844392492623e+00
227000,1.5023960712543791e+06,6.1767844392492623e+00
227500,1.5023960712543791e+06,6.1767844392492623e+00
228000,1.1050432515637446e+06,6.0433792767069763e+00
228500,1.1050432515637446e+06,6.0433792767069763e+00
229000,1.1050432515637446e+06,6.0433792767069763e+00
229500,1.1050432515637446e+06,6.0433792767069763e+00
230000,1.1050432515637446e+06,6.0433792767069763e+00
230500,1.1050432515637446e+06,6.0433792767069763e+00
231000,1.1050432515637446e+06,6.0433792767069763e+00
231500,1.1050432515637446e+06,6.0433792767069763e+00
232000,1.1050432515637446e+06,6.0433792767069763e+00
232500,1.1050432515637446e+06,6.0433792767069763e+00
233000,1.1050432515637446e+06,6.0433792767069763e+00
233500,1.1050432515637446e+06,6.0433792767069763e+00
234000,1.1050432515637446e+06,6.0433792767069763e+00
234500,1.1050432515637446e+06,6.0433792767069763e+00
235000,9.9451906412824523e+05,5.9976131126151486e+00
235500,9.9451906412824523e+05,5.9976131126151486e+00
236000,9.9451906412824523e+05,5.9976131126151486e+00
236500,9.9451906412824523e+05,5.9976131126151486e+00
237000,9.9451906412824523e+05,5.9976131126151486e+00
237500,9.9451906412824523e+05,5.9976131126151486e+00
238000,9.9451906412824523e+05,5.9976131126151486e+00
238500,8.8522763615410239e+05,5.9470549638203751e+00
239000,8.8522763615410239e+05,5.9470549638203751e+00
239500,8.8522763615410239e+05,5.9470549638203751e+00
240000,8.8522763615410239e+05,5.9470549638203751e+00
240500,8.8522763615410239e+05,5.9470549638203751e+00
241000,8.8522763615410239e+05,5.9470549638203751e+00
241500,8.8522763615410239e+05,5.9470549638203751e+00
242000,8.8522763615410239e+05,5.9470549638203751e+00
242500,8.7027526901920710e+05,5.9396566421675088e+00
243000,8.7027526901920710e+05,5.9396566421675088e+00
243500,8.7027526901920710e+05,5.9396566421675088e+00
244000,8.7027526901920710e+05,5.9396566421675088e+00
244500,8.7027526901920710e+05,5.9396566421675088e+00
245000,8.7027526901920710e+05,5.9396566421675088e+00
245500,8.7027526901920710e+05,5.9396566421675088e+00
246000,8.5085538864316652e+05,5.9298557536791039e+00
246500,7.8015396851481614e+05,5.8921803220206721e+00
247000,7.6181987803918484e+05,5.8818523004463499e+00
247500,7.6181987803918484e+05,5.8818523004463499e+00
248000,7.5611476374229544e+05,5.8785877180902748e+00
248500,7.5611476374229544e+05,5.8785877180902748e+00
249000,6.2118773324275168e+05,5.7932228710140485e+00
249500,6.2118773324275168e+05,5.7932228710140485e+00
250000,5.5806956593805738e+05,5.7466883391166288e+00
250500,5.5806956593805738e+05,5.7466883391166288e+00
251000,5.3067011137795972e+05,5.7248246278043196e+00
251500,5.3067011137795972e+05,5.7248246278043196e+00
252000,5.3067011137795972e+05,5.7248246278043196e+00
252500,5.3067011137795972e+05,5.7248246278043196e+00
253000,5.3067011137795972e+05,5.7248246278043196e+00
253500,5.3067011137795972e+05,5.7248246278043196e+00
254000,5.3067011137795972e+05,5.7248246278043196e+00
254500,5.3067011137795972e+05,5.7248246278043196e+00
255000,5.3067011137795972e+05,5.7248246278043196e+00
255500,5.3067011137795972e+05,5.7248246278043196e+00
256000,5.3067011137795972e+05,5.7248246278043196e+00
256500,5.3067011137795972e+05,5.7248246278043196e+00
257000,4.9684332109772519e+05,5.6962194561166752e+00
257500,4.9684332109772519e+05,5.6962194561166752e+00
258000,4.9684332109772519e+05,5.6962194561166752e+00
258500,4.9684332109772519e+05,5.6962194561166752e+00
259000,4.9684332109772519e+05,5.6962194561166752e+00
259500,4.9684332109772519e+05,5.6962194561166752e+00
260000,4.9684332109772519e+05,5.6962194561166752e+00
260500,4.9565659872169170e+05,5.6951808923550411e+00
261000,4.1537423018984089e+05,5.6184395494125843e+00
261500,4.1537423018984089e+05,5.6184395494125843e+00
262000,4.1537423018984089e+05,5.6184395494125843e+00
262500,4.1537423018984089e+05,5.6184395494125843e+00
263000,4.0476318046839879e+05,5.6072009997638759e+00
263500,4.0054063783375034e+05,5.6026465850685048e+00
264000,4.0054063783375034e+05,5.6026465850685048e+00
264500,3.6027755846048181e+05,5.5566372109421174e+00
265000,2.8600585179530759e+05,5.4563749190605542e+00
265500,2.8600585179530759e+05,5.4563749190605542e+00
266000,2.8600585179530759e+05,5.4563749190605542e+00
266500,2.8600585179530759e+05,5.4563749190605542e+00
267000,2.8600585179530759e+05,5.4563749190605542e+00
267500,2.8600585179530759e+05,5.4563749190605542e+00
268000,2.8600585179530759e+05,5.4563749190605542e+00
268500,2.8600585179530759e+05,5.4563749190605542e+00
269000,2.8600585179530759e+05,5.4563749190605542e+00
269500,2.8600585179530759e+05,5.4563749190605542e+00
270000,2.8600585179530759e+05,5.4563749190605542e+00
270500,2.8600585179530759e+05,5.4563749190605542e+00
271000,2.8600585179530759e+05,5.4563749190605542e+00
271500,2.2889945027756860e+05,5.3596447496788890e+00
272000,2.2889945027756860e+05,5.3596447496788890e+00
272500,2.2889945027756860e+05,5.3596447496788890e+00
273000,2.2889945027756860e+05,5.3596447496788890e+00
273500,2.2889945027756860e+05,5.3596447496788890e+00
274000,2.2889945027756860e+05,5.3596447496788890e+00
274500,2.2889945027756860e+05,5.3596447496788890e+00
275000,2.2889945027756860e+05,5.3596447496788890e+00
275500,2.2889945027756860e+05,5.3596447496788890e+00
276000,2.2889945027756860e+05,5.3596447496788890e+00
276500,1.5399122437009291e+05,5.1874959720297218e+00
277000,1.5399122437009291e+05,5.1874959720297218e+00
277500,1.5399122437009291e+05,5.1874959720297218e+00
278000,1.5399122437009291e+05,5.1874959720297218e+00
278500,1.5399122437009291e+05,5.1874959720297218e+00
279000,1.5399122437009291e+05,5.1874959720297218e+00
279500,1.5399122437009291e+05,5.1874959720297218e+00
280000,1.5399122437009291e+05,5.1874959720297218e+00
280500,1.5399122437009291e+05,5.1874959720297218e+00
281000,1.5399122437009291e+05,5.1874959720297218e+00
281500,1.5399122437009291e+05,5.1874959720297218e+00
282000,1.5399122437009291e+05,5.1874959720297218e+00
282500,1.5399122437009291e+05,5.1874959720297218e+00
283000,1.5399122437009291e+05,5.1874959720297218e+00
283500,1.5399122437009291e+05,5.1874959720297218e+00
284000,1.5399122437009291e+05,5.1874959720297218e+00
284500,1.3048788475081435e+05,5.1155701911369924e+00
285000,1.3048788475081435e+05,5.1155701911369924e+00
285500,1.3048788475081435e+05,5.1155701911369924e+00
286000,1.3048788475081435e+05,5.1155701911369924e+00
286500,1.3048788475081435e+05,5.1155701911369924e+00
287000,1.3048788475081435e+05,5.1155701911369924e+00
287500,1.3048788475081435e+05,5.1155701911369924e+00
288000,1.3048788475081435e+05,5.1155701911369924e+00
288500,1.3048788475081435e+05,5.1155701911369924e+00
289000,1.3048788475081435e+05,5.1155701911369924e+00
289500,1.3048788475081435e+05,5.1155701911369924e+00
290000,1.3048788475081435e+05,5.1155701911369924e+00
290500,1.3048788475081435e+05,5.1155701911369924e+00
291000,1.3048788475081435e+05,5.1155701911369924e+00
291500,1.3048788475081435e+05,5.1155701911369924e+00
292000,1.3048788475081435e+05,5.1155701911369924e+00
292500,1.3048788475081435e+05,5.1155701911369924e+00
293000,1.3048788475081435e+05,5.1155701911369924e+00
293500,1.3048788475081435e+05,5.1155701911369924e+00
294000,1.3048788475081435e+05,5.1155701911369924e+00
294500,1.3048788475081435e+05,5.1155701911369924e+00
295000,1.1598335916201166e+05,5.0643956828257091e+00
295500,1.1598335916201166e+05,5.0643956828257091e+00
296000,1.1598335916201166e+05,5.0643956828257091e+00
296500,1.1598335916201166e+05,5.0643956828257091e+00
297000,1.1469936955007422e+05,5.0595610307898786e+00
297500,1.1133392251258327e+05,5.0466275103848961e+00
298000,1.1133392251258327e+05,5.0466275103848961e+00
298500,1.0689639670040345e+05,5.0289630661114337e+00
299000,1.0233342187475890e+05,5.0100174965200903e+00
299500,1.0196351085496158e+05,5.0084447808839885e+00
300000,1.0196351085496158e+05,5.0084447808839885e+00
300500,1.0196351085496158e+05,5.0084447808839885e+00
301000,1.0196351085496158e+05,5.0084447808839885e+00
301500,8.2395553869119438e+04,4.9159037774470722e+00
302000,8.2395553869119438e+04,4.9159037774470722e+00
302500,8.2395553869119438e+04,4.9159037774470722e+00
303000,8.2395553869119438e+04,4.9159037774470722e+00
303500,7.8165341208317608e+04,4.8930142280142430e+00
304000,7.8165341208317608e+04,4.8930142280142430e+00
304500,7.8165341208317608e+04,4.8930142280142430e+00
305000,7.4625936542904528e+04,4.8728897944940517e+00
305500,7.1729494855461526e+04,4.8556977723904620e+00
306000,7.1729494855461526e+04,4.8556977723904620e+00
306500,7.1729494855461526e+04,4.8556977723904620e+00
307000,7.1729494855461526e+04,4.8556977723904620e+00
307500,7.1729494855461526e+04,4.8556977723904620e+00
308000,7.1729494855461526e+04,4.8556977723904620e+00
308500,7.1729494855461526e+04,4.8556977723904620e+00
309000,7.1729494855461526e+04,4.8556977723904620e+00
309500,7.1729494855461526e+04,4.8556977723904620e+00
310000,7.1729494855461526e+04,4.8556977723904620e+00
310500,7.1729494855461526e+04,4.8556977723904620e+00
311000,7.1729494855461526e+04,4.8556977723904620e+00
311500,7.1729494855461526e+04,4.8556977723904620e+00
312000,7.1729494855461526e+04,4.8556977723904620e+00
312500,7.1729494855461526e+04,4.8556977723904620e+00
313000,7.1729494855461526e+04,4.8556977723904620e+00
313500,7.0504367750082922e+04,4.8482160223956807e+00
314000,7.0504367750082922e+04,4.8482160223956807e+00
314500,7.0504367750082922e+04,4.8482160223956807e+00
315000,7.0504367750082922e+04,4.8482160223956807e+00
315500,7.0504367750082922e+04,4.8482160223956807e+00
316000,7.0504367750082922e+04,4.8482160223956807e+00
316500,6.8604091740609540e+04,4.8363500190212383e+00
317000,6.8604091740609540e+04,4.8363500190212383e+00
317500,6.8604091740609540e+04,4.8363500190212383e+00
318000,6.8604091740609540e+04,4.8363500190212383e+00
318500,6.8604091740609540e+04,4.8363500190212383e+00
319000,6.8604091740609540e+04,4.8363500190212383e+00
319500,6.8604091740609540e+04,4.8363500190212383e+00
320000,6.8604091740609540e+04,4.8363500190212383e+00
320500,6.6838397155130166e+04,4.8250260265740037e+00
321000,6.6838397155130166e+04,4.8250260265740037e+00
321500,6.6838397155130166e+04,4.8250260265740037e+00
322000,6.6838397155130166e+04,4.8250260265740037e+00
322500,6.6028368102200868e+04,4.8197305637735823e+00
323000,6.1251580635195605e+04,4.7871173004208316e+00
323500,5.9515946034524648e+04,4.7746333413080322e+00
324000,5.1535334526162413e+04,4.7121050994835034e+00
324500,5.1535334526162413e+04,4.7121050994835034e+00
325000,5.1535334526162413e+04,4.7121050994835034e+00
325500,5.1535334526162413e+04,4.7121050994835034e+00
326000,5.1535334526162413e+04,4.7121050994835034e+00
326500,5.1535334526162413e+04,4.7121050994835034e+00
327000,5.1535334526162413e+04,4.7121050994835034e+00
327500,4.7949115494347163e+04,4.6807806002560621e+00
328000,4.7949115494347163e+04,4.6807806002560621e+00
328500,4.7182338030627492e+04,4.6737794577162077e+00
329000,4.7182338030627492e+04,4.6737794577162077e+00
329500,4.3920085424534496e+04,4.6426631761453114e+00
330000,4.3920085424534496e+04,4.6426631761453114e+00
330500,4.3347385965032649e+04,4.6369629127651306e+00
331000,4.3347385965032649e+04,4.6369629127651306e+00
331500,4.3347385965032649e+04,4.6369629127651306e+00
332000,4.3347385965032649e+04,4.6369629127651306e+00
332500,4.1309519964097752e+04,4.6160501483013316e+00
333000,4.1309519964097752e+04,4.6160501483013316e+00
333500,4.1309519964097752e+04,4.6160501483013316e+00
334000,4.1309519964097752e+04,4.6160501483013316e+00
334500,3.8544925047403725e+04,4.5859672054999026e+00
335000,3.8544925047403725e+04,4.5859672054999026e+00
335500,3.8544925047403725e+04,4.5859672054999026e+00
336000,3.8544925047403725e+04,4.5859672054999026e+00
336500,3.8544925047403725e+04,4.5859672054999026e+00
337000,3.8544925047403725e+04,4.5859672054999026e+00
337500,3.8544925047403725e+04,4.5859672054999026e+00
338000,3.8544925047403725e+04,4.5859672054999026e+00
338500,3.8544925047403725e+04,4.5859672054999026e+00
339000,3.8544925047403725e+04,4.5859672054999026e+00
339500,3.7806789412312966e+04,4.5775697982374677e+00
340000,3.7806789412312966e+04,4.5775697982374677e+00
340500,3.7806789412312966e+04,4.5775697982374677e+00
341000,3.7320808315718728e+04,4.5719510413781776e+00
341500,3.7320808315718728e+04,4.5719510413781776e+00
342000,3.5748423698163992e+04,4.5532568966466940e+00
342500,3.5748423698163992e+04,4.5532568966466940e+00
343000,3.5748423698163992e+04,4.5532568966466940e+00
343500,3.5748423698163992e+04,4.5532568966466940e+00
344000,3.5748423698163992e+04,4.5532568966466940e+00
344500,3.5748423698163992e+04,4.5532568966466940e+00
345000,3.5748423698163992e+04,4.5532568966466940e+00
345500,3.5748423698163992e+04,4.5532568966466940e+00
346000,3.5748423698163992e+04,4.5532568966466940e+00
346500,3.4842369382760189e+04,4.5421076806315392e+00
347000,3.4842369382760189e+04,4.5421076806315392e+00
347500,3.4842369382760189e+04,4.5421076806315392e+00
348000,3.4842369382760189e+04,4.5421076806315392e+00
348500,3.4807729262477253e+04,4.5416756923178294e+00
349000,3.4737372969335069e+04,4.5407969716222709e+00
349500,3.4542378651974112e+04,4.5383522405811085e+00
350000,3.4542378651974112e+04,4.5383522405811085e+00
350500,3.4371708947555519e+04,4.5362011256211447e+00
351000,3.4371708947555519e+04,4.5362011256211447e+00
351500,3.3586432821702183e+04,4.5261638803490323e+00
352000,3.2500973592315626e+04,4.5118963708077109e+00
352500,3.2500973592315626e+04,4.5118963708077109e+00
353000,3.1674059657962320e+04,4.5007037303772597e+00
353500,3.1674059657962320e+04,4.5007037303772597e+00
354000,3.1674059657962320e+04,4.5007037303772597e+00
354500,3.1674059657962320e+04,4.5007037303772597e+00
355000,3.1674059657962320e+04,4.5007037303772597e+00
355500,3.1674059657962320e+04,4.5007037303772597e+00
356000,3.1177461068954726e+04,4.4938407455982210e+00
356500,3.1177461068954726e+04,4.4938407455982210e+00
357000,3.1177461068954726e+04,4.4938407455982210e+00
357500,3.1177461068954726e+04,4.4938407455982210e+00
358000,3.1177461068954726e+04,4.4938407455982210e+00
358500,3.0544616385686066e+04,4.4849346751342285e+00
359000,3.0544616385686066e+04,4.4849346751342285e+00
359500,3.0544616385686066e+04,4.4849346751342285e+00
360000,3.0056645985227653e+04,4.4779405161252290e+00
360500,3.0056645985227653e+04,4.4779405161252290e+00
361000,2.9988954155865267e+04,4.4769613203024887e+00
361500,2.9988954155865267e+04,4.4769613203024887e+00
362000,2.9988954155865267e+04,4.4769613203024887e+00
362500,2.9988954155865267e+04,4.4769613203024887e+00
363000,2.9988954155865267e+04,4.4769613203024887e+00
363500,2.9988954155865267e+04,4.4769613203024887e+00
364000,2.9988954155865267e+04,4.4769613203024887e+00
364500,2.9609936228513947e+04,4.4714374720419734e+00
365000,2.9609936228513947e+04,4.4714374720419734e+00
365500,2.8583365481757315e+04,4.4561133624572546e+00
366000,2.8583365481757315e+04,4.4561133624572546e+00
366500,2.8583365481757315e+04,4.4561133624572546e+00
367000,2.8583365481757315e+04,4.4561133624572546e+00
367500,2.8583365481757315e+04,4.4561133624572546e+00
368000,2.8583365481757315e+04,4.4561133624572546e+00
368500,2.8583365481757315e+04,4.4561133624572546e+00
369000,2.8547908618934351e+04,4.4555742979224950e+00
369500,2.8547908618934351e+04,4.4555742979224950e+00
370000,2.8547908618934351e+04,4.4555742979224950e+00
370500,2.8528737249832895e+04,4.4552825491696497e+00
371000,2.8485785820918762e+04,4.4546282045889569e+00
371500,2.8170183997728644e+04,4.4497896836537629e+00
372000,2.8170183997728644e+04,4.4497896836537629e+00
372500,2.8170183997728644e+04,4.4497896836537629e+00
373000,2.7625859400154299e+04,4.4413157971706090e+00
373500,2.7625859400154299e+04,4.4413157971706090e+00
374000,2.7625859400154299e+04,4.4413157971706090e+00
374500,2.7390621410087093e+04,4.4376018851897214e+00
375000,2.7390621410087093e+04,4.4376018851897214e+00
375500,2.7390621410087093e+04,4.4376018851897214e+00
376000,2.7390621410087093e+04,4.4376018851897214e+00
376500,2.7236804073677515e+04,4.4351561467578327e+00
377000,2.7236804073677515e+04,4.4351561467578327e+00
377500,2.7236804073677515e+04,4.4351561467578327e+00
378000,2.7001084435588175e+04,4.4313812069343284e+00
378500,2.6715795440331418e+04,4.4267681094642271e+00
379000,2.6715795440331418e+04,4.4267681094642271e+00
379500,2.6590318184710773e+04,4.4247235342114966e+00
380000,2.6590318184710773e+04,4.4247235342114966e+00
380500,2.6419532590083345e+04,4.4219251298817168e+00
381000,2.6350302974933773e+04,4.4207856130812200e+00
381500,2.6350302974933773e+04,4.4207856130812200e+00
382000,2.6350302974933773e+04,4.4207856130812200e+00
382500,2.6350302974933773e+04,4.4207856130812200e+00
383000,2.5497721687716417e+04,4.4065013764081780e+00
383500,2.5497721687716417e+04,4.4065013764081780e+00
384000,2.5497721687716417e+04,4.4065013764081780e+00
384500,2.5497721687716417e+04,4.4065013764081780e+00
385000,2.5497721687716417e+04,4.4065013764081780e+00
385500,2.5497721687716417e+04,4.4065013764081780e+00
386000,2.5497721687716417e+04,4.4065013764081780e+00
386500,2.5497721687716417e+04,4.4065013764081780e+00
387000,2.5415322971887581e+04,4.4050956329849100e+00
387500,2.4044306408407101e+04,4.3810122537597511e+00
388000,2.4044306408407101e+04,4.3810122537597511e+00
388500,2.4044306408407101e+04,4.3810122537597511e+00
389000,2.4044306408407101e+04,4.3810122537597511e+00
389500,2.4044306408407101e+04,4.3810122537597511e+00
390000,2.4044306408407101e+04,4.3810122537597511e+00
390500,2.4044306408407101e+04,4.3810122537597511e+00
391000,2.4044306408407101e+04,4.3810122537597511e+00
391500,2.4044306408407101e+04,4.3810122537597511e+00
392000,2.4044306408407101e+04,4.3810122537597511e+00
392500,2.4044306408407101e+04,4.3810122537597511e+00
393000,2.4044306408407101e+04,4.3810122537597511e+00
393500,2.4044306408407101e+04,4.3810122537597511e+00
394000,2.4044306408407101e+04,4.3810122537597511e+00
394500,2.4044306408407101e+04,4.3810122537597511e+00
395000,2.4044306408407101e+04,4.3810122537597511e+00
395500,2.4044306408407101e+04,4.3810122537597511e+00
396000,2.4044306408407101e+04,4.3810122537597511e+00
396500,2.4044306408407101e+04,4.3810122537597511e+00
397000,2.3839717045602814e+04,4.3773010964430901e+00
397500,2.3827273025829021e+04,4.3770743412300952e+00
398000,2.3827273025829021e+04,4.3770743412300952e+00
398500,2.3827273025829021e+04,4.3770743412300952e+00
399000,2.3827273025829021e+04,4.3770743412300952e+00
399500,2.3827273025829021e+04,4.3770743412300952e+00
400000,2.3608295614467115e+04,4.3730646346030539e+00
400500,2.3344486157828454e+04,4.3681843189917906e+00
401000,2.3344486157828454e+04,4.3681843189917906e+00
401500,2.3309636791739740e+04,4.3675355064432644e+00
402000,2.3308237767134808e+04,4.3675094396750174e+00
402500,2.3308237767134808e+04,4.3675094396750174e+00
403000,2.3245529193802900e+04,4.3663394375198541e+00
403500,2.2368245658575783e+04,4.3496319237176815e+00
404000,2.2368245658575783e+04,4.3496319237176815e+00
404500,2.2368245658575783e+04,4.3496319237176815e+00
405000,2.2368245658575783e+04,4.3496319237176815e+00
405500,2.2368245658575783e+04,4.3496319237176815e+00
406000,2.2235575726143721e+04,4.3470483787343719e+00
406500,2.2140234213965272e+04,4.3451822108197895e+00
407000,2.2140234213965272e+04,4.3451822108197895e+00
407500,2.2086215116685704e+04,4.3441212978191990e+00
408000,2.1666219751028846e+04,4.3357831436925540e+00
408500,2.1666219751028846e+04,4.3357831436925540e+00
409000,2.1483883670639152e+04,4.3321127921238549e+00
409500,2.1483883670639152e+04,4.3321127921238549e+00
410000,2.0977531865331490e+04,4.3217543894665820e+00
410500,2.0977531865331490e+04,4.3217543894665820e+00
411000,2.0867704222714161e+04,4.3194746724363133e+00
411500,2.0867704222714161e+04,4.3194746724363133e+00
412000,2.0867704222714161e+04,4.3194746724363133e+00
412500,2.0867704222714161e+04,4.3194746724363133e+00
413000,2.0867704222714161e+04,4.3194746724363133e+00
413500,2.0867704222714161e+04,4.3194746724363133e+00
414000,2.0867704222714161e+04,4.3194746724363133e+00
414500,1.9867609128317174e+04,4.2981456071775836e+00
415000,1.9867609128317174e+04,4.2981456071775836e+00
415500,1.9867609128317174e+04,4.2981456071775836e+00
416000,1.9867609128317174e+04,4.2981456071775836e+00
416500,1.9565187771598408e+04,4.2914840202805387e+00
417000,1.9565187771598408e+04,4.2914840202805387e+00
417500,1.9565187771598408e+04,4.2914840202805387e+00
418000,1.9565187771598408e+04,4.2914840202805387e+00
418500,1.9565187771598408e+04,4.2914840202805387e+00
419000,1.9396887459227823e+04,4.2877320460265169e+00
419500,1.9396887459227823e+04,4.2877320460265169e+00
420000,1.9396887459227823e+04,4.2877320460265169e+00
420500,1.9225311266381566e+04,4.2838733799521469e+00
421000,1.8752334351950569e+04,4.2730553378273646e+00
421500,1.8752334351950569e+04,4.2730553378273646e+00
422000,1.8752334351950569e+04,4.2730553378273646e+00
422500,1.8484880299888238e+04,4.2668166426144900e+00
423000,1.8484880299888238e+04,4.2668166426144900e+00
423500,1.8484880299888238e+04,4.2668166426144900e+00
424000,1.8484880299888238e+04,4.2668166426144900e+00
424500,1.8300950709360681e+04,4.2624736513208434e+00
425000,1.7984384476284376e+04,4.2548955784832660e+00
425500,1.7467872742205422e+04,4.2422400193175829e+00
426000,1.7467872742205422e+04,4.2422400193175829e+00
426500,1.7467872742205422e+04,4.2422400193175829e+00
427000,1.7467872742205422e+04,4.2422400193175829e+00
427500,1.7467872742205422e+04,4.2422400193175829e+00
428000,1.7194085697827180e+04,4.2353790869945778e+00
428500,1.6959143052903397e+04,4.2294039035340205e+00
429000,1.6959143052903397e+04,4.2294039035340205e+00
429500,1.6959143052903397e+04,4.2294039035340205e+00
430000,1.6529530216332183e+04,4.2182605107188236e+00
430500,1.6529530216332183e+04,4.2182605107188236e+00
431000,1.6529530216332183e+04,4.2182605107188236e+00
431500,1.6529530216332183e+04,4.2182605107188236e+00
432000,1.6473190694742199e+04,4.2167777258797106e+00
432500,1.6435099015967236e+04,4.2157723249043277e+00
433000,1.5832186881652204e+04,4.1995409076000145e+00
433500,1.5832186881652204e+04,4.1995409076000145e+00
434000,1.5832186881652204e+04,4.1995409076000145e+00
434500,1.5630172305224245e+04,4.1939637656580624e+00
435000,1.5630172305224245e+04,4.1939637656580624e+00
435500,1.5218307432770591e+04,4.1823663532569233e+00
436000,1.5218307432770591e+04,4.1823663532569233e+00
436500,1.5218307432770591e+04,4.1823663532569233e+00
437000,1.5218307432770591e+04,4.1823663532569233e+00
437500,1.5218307432770591e+04,4.1823663532569233e+00
438000,1.4972121932949427e+04,4.1752833553507109e+00
438500,1.4972121932949427e+04,4.1752833553507109e+00
439000,1.4951877860731460e+04,4.1746957407097938e+00
439500,1.4951877860731460e+04,4.1746957407097938e+00
440000,1.4705951167005027e+04,4.1674931195076468e+00
440500,1.4705951167005027e+04,4.1674931195076468e+00
441000,1.4705951167005027e+04,4.1674931195076468e+00
441500,1.4490732836236362e+04,4.1610903494936480e+00
442000,1.4438856386077932e+04,4.1595327967734974e+00
442500,1.4225775326458899e+04,4.1530759454239963e+00
443000,1.4225775326458899e+04,4.1530759454239963e+00
443500,1.4018205140004527e+04,4.1466924110848282e+00
444000,1.4018205140004527e+04,4.1466924110848282e+00
444500,1.3926691011734954e+04,4.1438479401098531e+00
445000,1.3926691011734954e+04,4.1438479401098531e+00
445500,1.3640385280969585e+04,4.1348266374052072e+00
446000,1.3597820927121829e+04,4.1334693175503343e+00
446500,1.3490262716418631e+04,4.1300204074317204e+00
447000,1.3490262716418631e+04,4.1300204074317204e+00
447500,1.3247546951528671e+04,4.1221354674015913e+00
448000,1.3247546951528671e+04,4.1221354674015913e+00
448500,1.3192808580656829e+04,4.1203372611443410e+00
449000,1.3192808580656829e+04,4.1203372611443410e+00
449500,1.2977757235212794e+04,4.1131996458904201e+00
450000,1.2977757235212794e+04,4.1131996458904201e+00
450500,1.2908806625237821e+04,4.1108860950913826e+00
451000,1.2908806625237821e+04,4.1108860950913826e+00
451500,1.2531896252370336e+04,4.0980167908370548e+00
452000,1.2468240917762976e+04,4.0958051853471984e+00
452500,1.2468240917762976e+04,4.0958051853471984e+00
453000,1.2468240917762976e+04,4.0958051853471984e+00
453500,1.2432996796304362e+04,4.0945758217416230e+00
454000,1.2194278539201734e+04,4.0861561108644100e+00
454500,1.2194278539201734e+04,4.0861561108644100e+00
455000,1.2194278539201734e+04,4.0861561108644100e+00
455500,1.2104188392181259e+04,4.0829356745200904e+00
456000,1.2104188392181259e+04,4.0829356745200904e+00
456500,1.1864670379872441e+04,4.0742556773033787e+00
457000,1.1864670379872441e+04,4.0742556773033787e+00
457500,1.1864670379872441e+04,4.0742556773033787e+00
458000,1.1864670379872441e+04,4.0742556773033787e+00
458500,1.1748859722049812e+04,4.0699957184841571e+00
459000,1.1385112800757259e+04,4.0563373378500414e+00
459500,1.1385112800757259e+04,4.0563373378500414e+00
460000,1.1385112800757259e+04,4.0563373378500414e+00
460500,1.1385112800757259e+04,4.0563373378500414e+00
461000,1.1385112800757259e+04,4.0563373378500414e+00
461500,1.1039536194844943e+04,4.0429508277182915e+00
462000,1.1039536194844943e+04,4.0429508277182915e+00
462500,1.1039536194844943e+04,4.0429508277182915e+00
463000,1.0918029764533791e+04,4.0381442739372586e+00
463500,1.0918029764533791e+04,4.0381442739372586e+00
464000,1.0734180443964826e+04,4.0307688915993802e+00
464500,1.0734180443964826e+04,4.0307688915993802e+00
465000,1.0564829423921648e+04,4.0238624894765849e+00
465500,1.0458604854585241e+04,4.0194737548595407e+00
466000,1.0350172725204717e+04,4.0149475974236006e+00
466500,1.0350172725204717e+04,4.0149475974236006e+00
467000,1.0117326197538443e+04,4.0050657525152147e+00
467500,1.0023218470248416e+04,4.0010071965245411e+00
468000,1.0023218470248416e+04,4.0010071965245411e+00
468500,9.6283259107565864e+03,3.9835507823557577e+00
469000,9.4562371889146762e+03,3.9757183569958214e+00
469500,9.4562371889146762e+03,3.9757183569958214e+00
470000,9.4562371889146762e+03,3.9757183569958214e+00
470500,9.3252969071252501e+03,3.9696626681561544e+00
471000,9.1015916824754222e+03,3.9591173481968038e+00
471500,9.1015916824754222e+03,3.9591173481968038e+00
472000,8.9365328857695386e+03,3.9511690578748970e+00
472500,8.7141431569904726e+03,3.9402246903002536e+00
473000,8.7141431569904726e+03,3.9402246903002536e+00
473500,8.4985023691151837e+03,3.9293423998160972e+00
474000,8.3044773362241685e+03,3.9193123042002145e+00
474500,8.3044773362241685e+03,3.9193123042002145e+00
475000,8.3044773362241685e+03,3.9193123042002145e+00
475500,8.2075553017565526e+03,3.9142138176477128e+00
476000,8.0093017857928680e+03,3.9035946579326666e+00
476500,8.0093017857928680e+03,3.9035946579326666e+00
477000,7.9985869766073574e+03,3.9030132716839332e+00
477500,7.9985869766073574e+03,3.9030132716839332e+00
478000,7.9985869766073574e+03,3.9030132716839332e+00
478500,7.9985869766073574e+03,3.9030132716839332e+00
479000,7.8053923801422716e+03,3.8923947401014822e+00
479500,7.8053923801422716e+03,3.8923947401014822e+00
480000,7.8053923801422716e+03,3.8923947401014822e+00
480500,7.7132539180983949e+03,3.8872376284471666e+00
481000,7.6569955341417080e+03,3.8840583937965403e+00
481500,7.5906770356780826e+03,3.8802805136749017e+00
482000,7.4629844802791122e+03,3.8729125384800831e+00
482500,7.3472203385485154e+03,3.8661230642599049e+00
483000,7.3472203385485154e+03,3.8661230642599049e+00
483500,7.0508949071328680e+03,3.8482442416104674e+00
484000,7.0508949071328680e+03,3.8482442416104674e+00
484500,6.8716781361887188e+03,3.8370628092994972e+00
485000,6.8716781361887188e+03,3.8370628092994972e+00
485500,6.8716781361887188e+03,3.8370628092994972e+00
486000,6.8404502328662638e+03,3.8350846875701623e+00
486500,6.8404502328662638e+03,3.8350846875701623e+00
487000,6.7600542004382660e+03,3.8299501780210576e+00
487500,6.7319348304604046e+03,3.8281399030690224e+00
488000,6.4498855640039637e+03,3.8095520093077493e+00
488500,6.4498855640039637e+03,3.8095520093077493e+00
489000,6.2582695084643519e+03,3.7964542618332811e+00
489500,6.2582695084643519e+03,3.7964542618332811e+00
490000,6.1139605943736597e+03,3.7863226352894443e+00
490500,6.1139605943736597e+03,3.7863226352894443e+00
491000,6.1139605943736597e+03,3.7863226352894443e+00
491500,6.1139605943736597e+03,3.7863226352894443e+00
492000,6.0297114824347937e+03,3.7802965319437583e+00
492500,6.0297114824347937e+03,3.7802965319437583e+00
493000,6.0297114824347937e+03,3.7802965319437583e+00
493500,5.8992815819567641e+03,3.7707991262202487e+00
494000,5.8992815819567641e+03,3.7707991262202487e+00
494500,5.8721945401283692e+03,3.7688004349026918e+00
495000,5.8380937101727914e+03,3.7662710617866835e+00
495500,5.8380937101727914e+03,3.7662710617866835e+00
496000,5.8380937101727914e+03,3.7662710617866835e+00
496500,5.7880624049641410e+03,3.7625332048909299e+00
497000,5.4540913426230509e+03,3.7367224070315310e+00
497500,5.4540913426230509e+03,3.7367224070315310e+00
498000,5.4540913426230509e+03,3.7367224070315310e+00
498500,5.4540913426230509e+03,3.7367224070315310e+00
499000,5.4540913426230509e+03,3.7367224070315310e+00
499500,5.4540913426230509e+03,3.7367224070315310e+00
500000,5.2604763737510639e+03,3.7210250744053743e+00
500500,5.2604763737510639e+03,3.7210250744053743e+00
501000,5.2604763737510639e+03,3.7210250744053743e+00
501500,5.2604763737510639e+03,3.7210250744053743e+00
502000,5.2353833110548712e+03,3.7189484842539726e+00
502500,5.2353833110548712e+03,3.7189484842539726e+00
503000,5.2353833110548712e+03,3.7189484842539726e+00
503500,5.1416408039032858e+03,3.7111017334636709e+00
504000,5.0460943239551716e+03,3.7029553642930058e+00
504500,5.0460943239551716e+03,3.7029553642930058e+00
505000,4.8389120859999903e+03,3.6847477318602424e+00
505500,4.8389120859999903e+03,3.6847477318602424e+00
506000,4.8389120859999903e+03,3.6847477318602424e+00
506500,4.8389120859999903e+03,3.6847477318602424e+00
507000,4.8389120859999903e+03,3.6847477318602424e+00
507500,4.7559535428724566e+03,3.6772376036899930e+00
508000,4.6336934991285025e+03,3.6659273035067184e+00
508500,4.6336934991285025e+03,3.6659273035067184e+00
509000,4.6336934991285025e+03,3.6659273035067184e+00
509500,4.6336934991285025e+03,3.6659273035067184e+00
510000,4.6172074273987255e+03,3.6643793856083455e+00
510500,4.6172074273987255e+03,3.6643793856083455e+00
511000,4.6172074273987255e+03,3.6643793856083455e+00
511500,4.6172074273987255e+03,3.6643793856083455e+00
512000,4.5901014104263977e+03,3.6618222806357519e+00
512500,4.5901014104263977e+03,3.6618222806357519e+00
513000,4.5901014104263977e+03,3.6618222806357519e+00
513500,4.5901014104263977e+03,3.6618222806357519e+00
514000,4.5901014104263977e+03,3.6618222806357519e+00
514500,4.5111674602109379e+03,3.6542889489544321e+00
515000,4.5111674602109379e+03,3.6542889489544321e+00
515500,4.5111674602109379e+03,3.6542889489544321e+00
516000,4.5111674602109379e+03,3.6542889489544321e+00
516500,4.4641923802359906e+03,3.6497429018512615e+00
517000,4.4170209477937206e+03,3.6451294589119225e+00
517500,4.3450015088134223e+03,3.6379899315946345e+00
518000,4.3450015088134223e+03,3.6379899315946345e+00
518500,4.3450015088134223e+03,3.6379899315946345e+00
519000,4.3450015088134223e+03,3.6379899315946345e+00
519500,4.3450015088134223e+03,3.6379899315946345e+00
520000,4.3450015088134223e+03,3.6379899315946345e+00
520500,4.3180187854450787e+03,3.6352845273908456e+00
521000,4.3180187854450787e+03,3.6352845273908456e+00
521500,4.3113860523228332e+03,3.6346169124124459e+00
522000,4.3113860523228332e+03,3.6346169124124459e+00
522500,4.3113860523228332e+03,3.6346169124124459e+00
523000,4.2971649522180560e+03,3.6331820249576072e+00
523500,4.1313618989876368e+03,3.6160932399655032e+00
524000,4.1313618989876368e+03,3.6160932399655032e+00
524500,4.1313618989876368e+03,3.6160932399655032e+00
525000,4.1313618989876368e+03,3.6160932399655032e+00
525500,4.1313618989876368e+03,3.6160932399655032e+00
526000,4.1313618989876368e+03,3.6160932399655032e+00
526500,4.1235850594313524e+03,3.6152749574199858e+00
527000,4.1235850594313524e+03,3.6152749574199858e+00
527500,4.1235850594313524e+03,3.6152749574199858e+00
528000,4.0026529400201425e+03,3.6023479351541936e+00
528500,4.0026529400201425e+03,3.6023479351541936e+00
529000,4.0026529400201425e+03,3.6023479351541936e+00
529500,4.0026529400201425e+03,3.6023479351541936e+00
530000,3.9996716469206485e+03,3.6020243393820195e+00
530500,3.9959940615039868e+03,3.6016248341440433e+00
531000,3.9842479660236481e+03,3.6003463596022041e+00
531500,3.9842479660236481e+03,3.6003463596022041e+00
532000,3.8874055996896350e+03,3.5896598559174246e+00
532500,3.8636454561725309e+03,3.5869972669431456e+00
533000,3.8636454561725309e+03,3.5869972669431456e+00
533500,3.8391413953021802e+03,3.5842341074465738e+00
534000,3.7884324653253889e+03,3.5784595496828620e+00
534500,3.7884324653253889e+03,3.5784595496828620e+00
535000,3.7764361607413612e+03,3.5770821475074097e+00
535500,3.7094498477657621e+03,3.5693095037399805e+00
536000,3.7094498477657621e+03,3.5693095037399805e+00
536500,3.7094498477657621e+03,3.5693095037399805e+00
537000,3.6447817181286082e+03,3.5616715240254941e+00
537500,3.6447817181286082e+03,3.5616715240254941e+00
538000,3.6095619108024721e+03,3.5574544951836566e+00
538500,3.6095619108024721e+03,3.5574544951836566e+00
539000,3.6095619108024721e+03,3.5574544951836566e+00
539500,3.5714527930661561e+03,3.5528449140583858e+00
540000,3.5194903779958750e+03,3.5464797822146443e+00
540500,3.5042555273413159e+03,3.5445957670360380e+00
541000,3.5042555273413159e+03,3.5445957670360380e+00
541500,3.4768701738325281e+03,3.5411884744506463e+00
542000,3.4768701738325281e+03,3.5411884744506463e+00
542500,3.4768701738325281e+03,3.5411884744506463e+00
543000,3.4768701738325281e+03,3.5411884744506463e+00
543500,3.4768701738325281e+03,3.5411884744506463e+00
544000,3.4768701738325281e+03,3.5411884744506463e+00
544500,3.4768701738325281e+03,3.5411884744506463e+00
545000,3.4768701738325281e+03,3.5411884744506463e+00
545500,3.3574941114653870e+03,3.5260152596548759e+00
546000,3.3574941114653870e+03,3.5260152596548759e+00
546500,3.3574941114653870e+03,3.5260152596548759e+00
547000,3.3574941114653870e+03,3.5260152596548759e+00
547500,3.3574941114653870e+03,3.5260152596548759e+00
548000,3.3574941114653870e+03,3.5260152596548759e+00
548500,3.3574941114653870e+03,3.5260152596548759e+00
549000,3.3574941114653870e+03,3.5260152596548759e+00
549500,3.3574941114653870e+03,3.5260152596548759e+00
550000,3.3574941114653870e+03,3.5260152596548759e+00
550500,3.3574941114653870e+03,3.5260152596548759e+00
551000,3.3574941114653870e+03,3.5260152596548759e+00
551500,3.3574941114653870e+03,3.5260152596548759e+00
552000,3.3505855499991299e+03,3.5251207111894751e+00
552500,3.3505855499991299e+03,3.5251207111894751e+00
553000,3.3432469142441569e+03,3.5241684524327717e+00
553500,3.3432469142441569e+03,3.5241684524327717e+00
554000,3.3341574112145572e+03,3.5229860997535596e+00
554500,3.3341574112145572e+03,3.5229860997535596e+00
555000,3.2640038334413148e+03,3.5137506601435367e+00
555500,3.2640038334413148e+03,3.5137506601435367e+00
556000,3.2640038334413148e+03,3.5137506601435367e+00
556500,3.2640038334413148e+03,3.5137506601435367e+00
557000,3.2640038334413148e+03,3.5137506601435367e+00
557500,3.2640038334413148e+03,3.5137506601435367e+00
558000,3.2640038334413148e+03,3.5137506601435367e+00
558500,3.2640038334413148e+03,3.5137506601435367e+00
559000,3.2294477163299180e+03,3.5091282578547949e+00
559500,3.2294477163299180e+03,3.5091282578547949e+00
560000,3.2294477163299180e+03,3.5091282578547949e+00
560500,3.2005313011737799e+03,3.5052220789495800e+00
561000,3.1353493347351200e+03,3.4962859361382290e+00
561500,3.1353493347351200e+03,3.4962859361382290e+00
562000,3.1353493347351200e+03,3.4962859361382290e+00
562500,3.1353493347351200e+03,3.4962859361382290e+00
563000,3.1353493347351200e+03,3.4962859361382290e+00
563500,3.1353493347351200e+03,3.4962859361382290e+00
564000,3.0720593618491062e+03,3.4874296033758871e+00
564500,3.0720593618491062e+03,3.4874296033758871e+00
565000,3.0720593618491062e+03,3.4874296033758871e+00
565500,3.0720593618491062e+03,3.4874296033758871e+00
566000,3.0720593618491062e+03,3.4874296033758871e+00
566500,3.0720593618491062e+03,3.4874296033758871e+00
567000,3.0720593618491062e+03,3.4874296033758871e+00
567500,3.0720593618491062e+03,3.4874296033758871e+00
568000,3.0554817608431372e+03,3.4850796956196413e+00
568500,3.0554817608431372e+03,3.4850796956196413e+00
569000,3.0400451665388700e+03,3.4828800360537802e+00
569500,3.0400451665388700e+03,3.4828800360537802e+00
570000,3.0232423122130790e+03,3.4804729571810094e+00
570500,3.0232423122130790e+03,3.4804729571810094e+00
571000,3.0232423122130790e+03,3.4804729571810094e+00
571500,3.0232423122130790e+03,3.4804729571810094e+00
572000,3.0232423122130790e+03,3.4804729571810094e+00
572500,3.0232423122130790e+03,3.4804729571810094e+00
573000,3.0121300809949789e+03,3.4788737232519189e+00
573500,2.9919058208033239e+03,3.4759479186880227e+00
574000,2.9339781974698699e+03,3.4674568822565113e+00
574500,2.9339781974698699e+03,3.4674568822565113e+00
575000,2.9339781974698699e+03,3.4674568822565113e+00
575500,2.9339781974698699e+03,3.4674568822565113e+00
576000,2.9339781974698699e+03,3.4674568822565113e+00
576500,2.8889902581149090e+03,3.4607460773741132e+00
577000,2.8889902581149090e+03,3.4607460773741132e+00
577500,2.8889902581149090e+03,3.4607460773741132e+00
578000,2.8889902581149090e+03,3.4607460773741132e+00
578500,2.8824869045141968e+03,3.4597673429189859e+00
579000,2.8606424883411642e+03,3.4564635848089451e+00
579500,2.8606424883411642e+03,3.4564635848089451e+00
580000,2.8457787656688829e+03,3.4542011344749568e+00
580500,2.8457787656688829e+03,3.4542011344749568e+00
581000,2.8420380475254728e+03,3.4536298877081846e+00
581500,2.8077114106420499e+03,3.4483524669881773e+00
582000,2.8077114106420499e+03,3.4483524669881773e+00
582500,2.8011518750940072e+03,3.4473366563877015e+00
583000,2.8011518750940072e+03,3.4473366563877015e+00
583500,2.7925338422564291e+03,3.4459984449626382e+00
584000,2.7129296453296370e+03,3.4334385313062699e+00
584500,2.7129296453296370e+03,3.4334385313062699e+00
585000,2.7129296453296370e+03,3.4334385313062699e+00
585500,2.7129296453296370e+03,3.4334385313062699e+00
586000,2.7129296453296370e+03,3.4334385313062699e+00
586500,2.7129296453296370e+03,3.4334385313062699e+00
587000,2.7129296453296370e+03,3.4334385313062699e+00
587500,2.7129296453296370e+03,3.4334385313062699e+00
588000,2.6875851196123085e+03,3.4293622278604143e+00
588500,2.6840462110098488e+03,3.4287899887748288e+00
589000,2.6711158341485570e+03,3.4266927218067509e+00
589500,2.6518474048966368e+03,3.4235485298692212e+00
590000,2.5850963815344739e+03,3.4124767397658466e+00
590500,2.5850963815344739e+03,3.4124767397658466e+00
591000,2.5850963815344739e+03,3.4124767397658466e+00
591500,2.5695486962666291e+03,3.4098568525405493e+00
592000,2.5695486962666291e+03,3.4098568525405493e+00
592500,2.5695486962666291e+03,3.4098568525405493e+00
593000,2.5587901225476930e+03,3.4080346655833900e+00
593500,2.5448569385023970e+03,3.4056633730911194e+00
594000,2.5448569385023970e+03,3.4056633730911194e+00
594500,2.5177761884715660e+03,3.4010171219466492e+00
595000,2.5177761884715660e+03,3.4010171219466492e+00
595500,2.4992763191501749e+03,3.3978142742329429e+00
596000,2.4744727224762942e+03,3.3934826706978640e+00
596500,2.4451861507663971e+03,3.3883119273341809e+00
597000,2.4451861507663971e+03,3.3883119273341809e+00
597500,2.4451861507663971e+03,3.3883119273341809e+00
598000,2.4451861507663971e+03,3.3883119273341809e+00
598500,2.4451861507663971e+03,3.3883119273341809e+00
599000,2.4390045847986921e+03,3.3872126166937639e+00
599500,2.3979480323922021e+03,3.3798397669655573e+00
600000,2.3937706036982690e+03,3.3790825293947684e+00
600500,2.3937706036982690e+03,3.3790825293947684e+00
601000,2.3937706036982690e+03,3.3790825293947684e+00
601500,2.3890827500464179e+03,3.3782311925569704e+00
602000,2.3890827500464179e+03,3.3782311925569704e+00
602500,2.3681395975881301e+03,3.3744072996873964e+00
603000,2.3352177291661528e+03,3.3683273791921029e+00
603500,2.3352177291661528e+03,3.3683273791921029e+00
604000,2.3352177291661528e+03,3.3683273791921029e+00
604500,2.2919732533560496e+03,3.3602095452379115e+00
605000,2.2919732533560496e+03,3.3602095452379115e+00
605500,2.2919732533560496e+03,3.3602095452379115e+00
606000,2.2919732533560496e+03,3.3602095452379115e+00
606500,2.2919732533560496e+03,3.3602095452379115e+00
607000,2.2919732533560496e+03,3.3602095452379115e+00
607500,2.2919732533560496e+03,3.3602095452379115e+00
608000,2.2917260645765245e+03,3.3601627041536286e+00
608500,2.2538170781364292e+03,3.3529186654014489e+00
609000,2.2538170781364292e+03,3.3529186654014489e+00
609500,2.2538170781364292e+03,3.3529186654014489e+00
610000,2.2538170781364292e+03,3.3529186654014489e+00
610500,2.2538170781364292e+03,3.3529186654014489e+00
611000,2.2538170781364292e+03,3.3529186654014489e+00
611500,2.2538170781364292e+03,3.3529186654014489e+00
612000,2.2538170781364292e+03,3.3529186654014489e+00
612500,2.2538170781364292e+03,3.3529186654014489e+00
613000,2.2538170781364292e+03,3.3529186654014489e+00
613500,2.2538170781364292e+03,3.3529186654014489e+00
614000,2.2361882283453638e+03,3.3495083569474700e+00
614500,2.2361882283453638e+03,3.3495083569474700e+00
615000,2.2361882283453638e+03,3.3495083569474700e+00
615500,2.2141003023712751e+03,3.3451972912399328e+00
616000,2.2141003023712751e+03,3.3451972912399328e+00
616500,2.2141003023712751e+03,3.3451972912399328e+00
617000,2.2141003023712751e+03,3.3451972912399328e+00
617500,2.2141003023712751e+03,3.3451972912399328e+00
618000,2.2141003023712751e+03,3.3451972912399328e+00
618500,2.2141003023712751e+03,3.3451972912399328e+00
619000,2.2141003023712751e+03,3.3451972912399328e+00
619500,2.2141003023712751e+03,3.3451972912399328e+00
620000,2.2141003023712751e+03,3.3451972912399328e+00
620500,2.2141003023712751e+03,3.3451972912399328e+00
621000,2.2040408615780402e+03,3.3432196418101303e+00
621500,2.1892125136694963e+03,3.3402879219307628e+00
622000,2.1885890653091510e+03,3.3401642250570713e+00
622500,2.1885890653091510e+03,3.3401642250570713e+00
623000,2.1885890653091510e+03,3.3401642250570713e+00
623500,2.1885890653091510e+03,3.3401642250570713e+00
624000,2.1885890653091510e+03,3.3401642250570713e+00
624500,2.1885890653091510e+03,3.3401642250570713e+00
625000,2.1777656810361218e+03,3.3380111495669129e+00
625500,2.1772755157051160e+03,3.3379133887927854e+00
626000,2.1578682827400394e+03,3.3340249316235284e+00
626500,2.1578682827400394e+03,3.3340249316235284e+00
627000,2.1578682827400394e+03,3.3340249316235284e+00
627500,2.1576677305927460e+03,3.3339845664449288e+00
628000,2.1476081470534614e+03,3.3319550428110598e+00
628500,2.1476081470534614e+03,3.3319550428110598e+00
629000,2.1363971127385234e+03,3.3296819823646082e+00
629500,2.1314507472285541e+03,3.3286753015836701e+00
630000,2.1196102357777108e+03,3.3262560080922658e+00
630500,2.1189846267426592e+03,3.3261278059108648e+00
631000,2.1077912969647136e+03,3.3238276069846626e+00
631500,2.1077912969647136e+03,3.3238276069846626e+00
632000,2.1077912969647136e+03,3.3238276069846626e+00
632500,2.1077912969647136e+03,3.3238276069846626e+00
633000,2.0825452691829714e+03,3.3185944506275322e+00
633500,2.0825452691829714e+03,3.3185944506275322e+00
634000,2.0825452691829714e+03,3.3185944506275322e+00
634500,2.0762034702009714e+03,3.3172699125942384e+00
635000,2.0448434734077150e+03,3.3106600696846744e+00
635500,2.0448434734077150e+03,3.3106600696846744e+00
636000,2.0448434734077150e+03,3.3106600696846744e+00
636500,2.0448434734077150e+03,3.3106600696846744e+00
637000,2.0448434734077150e+03,3.3106600696846744e+00
637500,2.0397912460891043e+03,3.3095857236462107e+00
638000,2.0331237554563863e+03,3.3081638147797121e+00
638500,2.0331237554563863e+03,3.3081638147797121e+00
639000,2.0236365600619133e+03,3.3061325169955325e+00
639500,2.0165680396162315e+03,3.3046128798181598e+00
640000,2.0165680396162315e+03,3.3046128798181598e+00
640500,2.0102360693860530e+03,3.3032470612073599e+00
641000,2.0102360693860530e+03,3.3032470612073599e+00
641500,2.0102360693860530e+03,3.3032470612073599e+00
642000,1.9997424957875974e+03,3.3009740757347430e+00
642500,1.9997424957875974e+03,3.3009740757347430e+00
643000,1.9997424957875974e+03,3.3009740757347430e+00
643500,1.9997424957875974e+03,3.3009740757347430e+00
644000,1.9997424957875974e+03,3.3009740757347430e+00
644500,1.9997424957875974e+03,3.3009740757347430e+00
645000,1.9997424957875974e+03,3.3009740757347430e+00
645500,1.9997424957875974e+03,3.3009740757347430e+00
646000,1.9997424957875974e+03,3.3009740757347430e+00
646500,1.9921531598384040e+03,3.2993227246075882e+00
647000,1.9921531598384040e+03,3.2993227246075882e+00
647500,1.9786101004383761e+03,3.2963602217400036e+00
648000,1.9786101004383761e+03,3.2963602217400036e+00
648500,1.9786101004383761e+03,3.2963602217400036e+00
649000,1.9786101004383761e+03,3.2963602217400036e+00
649500,1.9786101004383761e+03,3.2963602217400036e+00
650000,1.9786101004383761e+03,3.2963602217400036e+00
650500,1.9737649063507249e+03,3.2952954229258729e+00
651000,1.9709538685110083e+03,3.2946764594465812e+00
651500,1.9709538685110083e+03,3.2946764594465812e+00
652000,1.9697506546676186e+03,3.2944112534937373e+00
652500,1.9667001759224545e+03,3.2937381566314152e+00
653000,1.9625405539058349e+03,3.2928186397640684e+00
653500,1.9515664627128560e+03,3.2903833462388077e+00
654000,1.9515664627128560e+03,3.2903833462388077e+00
654500,1.9482262551468957e+03,3.2896393917909745e+00
655000,1.9458814845332399e+03,3.2891163856853485e+00
655500,1.9458814845332399e+03,3.2891163856853485e+00
656000,1.9438091419708730e+03,3.2886536203340517e+00
656500,1.9438091419708730e+03,3.2886536203340517e+00
657000,1.9352955970993467e+03,3.2867473085717376e+00
657500,1.9352955970993467e+03,3.2867473085717376e+00
658000,1.9352955970993467e+03,3.2867473085717376e+00
658500,1.9352955970993467e+03,3.2867473085717376e+00
659000,1.9294418417224683e+03,3.2854316923659939e+00
659500,1.9179907775303727e+03,3.2828465145774506e+00
660000,1.9179907775303727e+03,3.2828465145774506e+00
660500,1.9057625172901990e+03,3.2800687809527393e+00
661000,1.9057625172901990e+03,3.2800687809527393e+00
661500,1.9021369090311664e+03,3.2792417726943968e+00
662000,1.9021369090311664e+03,3.2792417726943968e+00
662500,1.9021369090311664e+03,3.2792417726943968e+00
663000,1.9021369090311664e+03,3.2792417726943968e+00
663500,1.9021369090311664e+03,3.2792417726943968e+00
664000,1.9004175748727289e+03,3.2788490380779156e+00
664500,1.8923626791006127e+03,3.2770043743688704e+00
665000,1.8923626791006127e+03,3.2770043743688704e+00
665500,1.8864152439899663e+03,3.2756372972686005e+00
666000,1.8838431926071553e+03,3.2750447501449504e+00
666500,1.8838431926071553e+03,3.2750447501449504e+00
667000,1.8727282538053350e+03,3.2724747627276005e+00
667500,1.8613167001928771e+03,3.2698202739605966e+00
668000,1.8613167001928771e+03,3.2698202739605966e+00
668500,1.8613167001928771e+03,3.2698202739605966e+00
669000,1.8613167001928771e+03,3.2698202739605966e+00
669500,1.8613167001928771e+03,3.2698202739605966e+00
670000,1.8613167001928771e+03,3.2698202739605966e+00
670500,1.8613167001928771e+03,3.2698202739605966e+00
671000,1.8589758762912390e+03,3.2692737540206473e+00
671500,1.8589758762912390e+03,3.2692737540206473e+00
672000,1.8527489290353415e+03,3.2678165708989035e+00
672500,1.8527489290353415e+03,3.2678165708989035e+00
673000,1.8524249813951074e+03,3.2677406291610316e+00
673500,1.8469946070401820e+03,3.2664656273643837e+00
674000,1.8424998258124131e+03,3.2654074554734440e+00
674500,1.8424998258124131e+03,3.2654074554734440e+00
675000,1.8424998258124131e+03,3.2654074554734440e+00
675500,1.8424998258124131e+03,3.2654074554734440e+00
676000,1.8424998258124131e+03,3.2654074554734440e+00
676500,1.8309141202429746e+03,3.2626679740235494e+00
677000,1.8309141202429746e+03,3.2626679740235494e+00
677500,1.8309141202429746e+03,3.2626679740235494e+00
678000,1.8156397886561067e+03,3.2590296914779762e+00
678500,1.8156397886561067e+03,3.2590296914779762e+00
679000,1.8156397886561067e+03,3.2590296914779762e+00
679500,1.8149994212164549e+03,3.2588764908803740e+00
680000,1.8118556998624520e+03,3.2581236065588146e+00
680500,1.8118556998624520e+03,3.2581236065588146e+00
681000,1.8118556998624520e+03,3.2581236065588146e+00
681500,1.8114033957743504e+03,3.2580151775641224e+00
682000,1.8073768447250650e+03,3.2570487140005682e+00
682500,1.7933191904595938e+03,3.2536575959302341e+00
683000,1.7933191904595938e+03,3.2536575959302341e+00
683500,1.7861360594277439e+03,3.2519145383196215e+00
684000,1.7848120098932277e+03,3.2515924796271980e+00
684500,1.7824711808914167e+03,3.2510225168795777e+00
685000,1.7824711808914167e+03,3.2510225168795777e+00
685500,1.7760595659505716e+03,3.2494575271688402e+00
686000,1.7740743863584903e+03,3.2489718257029963e+00
686500,1.7740743863584903e+03,3.2489718257029963e+00
687000,1.7329296395902093e+03,3.2387809298471839e+00
687500,1.7329296395902093e+03,3.2387809298471839e+00
688000,1.7329296395902093e+03,3.2387809298471839e+00
688500,1.7329296395902093e+03,3.2387809298471839e+00
689000,1.7329296395902093e+03,3.2387809298471839e+00
689500,1.7329296395902093e+03,3.2387809298471839e+00
690000,1.7329296395902093e+03,3.2387809298471839e+00
690500,1.7329296395902093e+03,3.2387809298471839e+00
691000,1.7329296395902093e+03,3.2387809298471839e+00
691500,1.7329296395902093e+03,3.2387809298471839e+00
692000,1.7243503110944976e+03,3.2366254997255828e+00
692500,1.7232669194715295e+03,3.2363525512004907e+00
693000,1.7170754383939061e+03,3.2347893759754123e+00
693500,1.7051194972450153e+03,3.2317548203816320e+00
694000,1.6978131101801930e+03,3.2298898827957396e+00
694500,1.6978131101801930e+03,3.2298898827957396e+00
695000,1.6978131101801930e+03,3.2298898827957396e+00
695500,1.6811875098428659e+03,3.2256161548127764e+00
696000,1.6811875098428659e+03,3.2256161548127764e+00
696500,1.6811875098428659e+03,3.2256161548127764e+00
697000,1.6704552938644083e+03,3.2228348571739098e+00
697500,1.6704552938644083e+03,3.2228348571739098e+00
698000,1.6704552938644083e+03,3.2228348571739098e+00
698500,1.6704552938644083e+03,3.2228348571739098e+00
699000,1.6575756883946165e+03,3.2194733683296817e+00
699500,1.6575756883946165e+03,3.2194733683296817e+00
700000,1.6575756883946165e+03,3.2194733683296817e+00
700504,1.6575506500549936e+03,3.2194668080893627e+00
701004,1.6575506500549936e+03,3.2194668080893627e+00
701504,1.6575506500549936e+03,3.2194668080893627e+00
702004,1.6575506500549936e+03,3.2194668080893627e+00
702508,1.6575131849432732e+03,3.2194569917527280e+00
703008,1.6575131849432732e+03,3.2194569917527280e+00
703508,1.6566246643816876e+03,3.2192241229924390e+00
704008,1.6510063366534223e+03,3.2177487401121780e+00
704512,1.6506987519277629e+03,3.2176678229218938e+00
705012,1.6506987519277629e+03,3.2176678229218938e+00
705512,1.6404461286689591e+03,3.2149619729689696e+00
706012,1.6311519503534128e+03,3.2124944197319998e+00
706516,1.6310965718293121e+03,3.2124796749403193e+00
707016,1.6310965718293121e+03,3.2124796749403193e+00
707516,1.6240489853199906e+03,3.2105991244946419e+00
708016,1.6240489853199906e+03,3.2105991244946419e+00
708520,1.6240069350244071e+03,3.2105878794842213e+00
709020,1.6240069350244071e+03,3.2105878794842213e+00
709520,1.6212433879562191e+03,3.2098482178785765e+00
710020,1.6205088936892826e+03,3.2096514188730607e+00
710524,1.6136626913378470e+03,3.2078127580190396e+00
711024,1.6136626913378470e+03,3.2078127580190396e+00
711524,1.6049364710906425e+03,3.2054578462107810e+00
712024,1.6049364710906425e+03,3.2054578462107810e+00
712528,1.6049136516901431e+03,3.2054516712559771e+00
713028,1.6049136516901431e+03,3.2054516712559771e+00
713528,1.6049136516901431e+03,3.2054516712559771e+00
714028,1.6049136516901431e+03,3.2054516712559771e+00
714532,1.6046613668842920e+03,3.2053833968591237e+00
715032,1.6046613668842920e+03,3.2053833968591237e+00
715532,1.5998879252039269e+03,3.2040895606744977e+00
716032,1.5998879252039269e+03,3.2040895606744977e+00
716536,1.5997863823093610e+03,3.2040619956697109e+00
717036,1.5997863823093610e+03,3.2040619956697109e+00
717536,1.5997863823093610e+03,3.2040619956697109e+00
718036,1.5997863823093610e+03,3.2040619956697109e+00
718540,1.5996448393651663e+03,3.2040235692648924e+00
719040,1.5980153876648646e+03,3.2035809569215052e+00
719540,1.5980153876648646e+03,3.2035809569215052e+00
720040,1.5974108244463423e+03,3.2034166229920258e+00
720544,1.5779814478978606e+03,3.1981018929653220e+00
721044,1.5779814478978606e+03,3.1981018929653220e+00
721544,1.5779814478978606e+03,3.1981018929653220e+00
722044,1.5779814478978606e+03,3.1981018929653220e+00
722548,1.5779427476656840e+03,3.1980912416972673e+00
723048,1.5779427476656840e+03,3.1980912416972673e+00
723548,1.5779427476656840e+03,3.1980912416972673e+00
724048,1.5779427476656840e+03,3.1980912416972673e+00
724552,1.5779136825736555e+03,3.1980832420880558e+00
725052,1.5779136825736555e+03,3.1980832420880558e+00
725552,1.5779136825736555e+03,3.1980832420880558e+00
726052,1.5772383803491794e+03,3.1978973366050005e+00
726556,1.5693532595087711e+03,3.1957207137506507e+00
727056,1.5693532595087711e+03,3.1957207137506507e+00
727556,1.5640577608269655e+03,3.1942527875634812e+00
728056,1.5604912500030996e+03,3.1932613378292758e+00
728560,1.5604331977029619e+03,3.1932451812102758e+00
729060,1.5510759027677809e+03,3.1906330507772642e+00
729560,1.5510759027677809e+03,3.1906330507772642e+00
730060,1.5435091758236149e+03,3.1885092156112584e+00
730564,1.5434914566554421e+03,3.1885042299712292e+00
731064,1.5434914566554421e+03,3.1885042299712292e+00
731564,1.5428469052887719e+03,3.1883228337190430e+00
732064,1.5316451177113063e+03,3.1851581508882756e+00
732568,1.5314016987461523e+03,3.1850891245103492e+00
733068,1.5314016987461523e+03,3.1850891245103492e+00
733568,1.5264706112024637e+03,3.1836884473405669e+00
734068,1.5264706112024637e+03,3.1836884473405669e+00
734572,1.5264668933774465e+03,3.1836873895849549e+00
735072,1.5264668933774465e+03,3.1836873895849549e+00
735572,1.5264668933774465e+03,3.1836873895849549e+00
736072,1.5252925496740527e+03,3.1833531489444766e+00
736576,1.5252644676570235e+03,3.1833451531161949e+00
737076,1.5252644676570235e+03,3.1833451531161949e+00
737576,1.5242382604982567e+03,3.1830528588224070e+00
738076,1.5190434136439544e+03,3.1815701860001018e+00
738580,1.5163859991437621e+03,3.1808097659135393e+00
739080,1.5125917476718296e+03,3.1797217266627844e+00
739580,1.5125917476718296e+03,3.1797217266627844e+00
740080,1.5125917476718296e+03,3.1797217266627844e+00
740584,1.5088471406009039e+03,3.1786452441783988e+00
741084,1.5088471406009039e+03,3.1786452441783988e+00
741584,1.4961975028188162e+03,3.1749889255624515e+00
742084,1.4961975028188162e+03,3.1749889255624515e+00
742588,1.4961252443365190e+03,3.1749679509131306e+00
743088,1.4907783396923201e+03,3.1734130740332103e+00
743588,1.4820882441479475e+03,3.1708740624864804e+00
744088,1.4820882441479475e+03,3.1708740624864804e+00
744592,1.4797028728125520e+03,3.1701745169808522e+00
745092,1.4638592630420544e+03,3.1654993252044266e+00
745592,1.4638592630420544e+03,3.1654993252044266e+00
746092,1.4638592630420544e+03,3.1654993252044266e+00
746596,1.4614820769428757e+03,3.1647934937047197e+00
747096,1.4502173113930889e+03,3.1614330850401005e+00
747596,1.4492106455980540e+03,3.1611315156105744e+00
748096,1.4399712069253133e+03,3.1583538082074218e+00
748600,1.4399694705709053e+03,3.1583532845236224e+00
749100,1.4399694705709053e+03,3.1583532845236224e+00
749600,1.4399694705709053e+03,3.1583532845236224e+00
750100,1.4399694705709053e+03,3.1583532845236224e+00
750604,1.4399601977378125e+03,3.1583504878301558e+00
751104,1.4277024193846833e+03,3.1546376954745221e+00
751604,1.4277024193846833e+03,3.1546376954745221e+00
752104,1.4277024193846833e+03,3.1546376954745221e+00
752608,1.4223428636071640e+03,3.1530042980984985e+00
753108,1.4223428636071640e+03,3.1530042980984985e+00
753608,1.4223428636071640e+03,3.1530042980984985e+00
754108,1.4223428636071640e+03,3.1530042980984985e+00
754612,1.4223428636071640e+03,3.1530042980984985e+00
755112,1.4170862974337006e+03,3.1513962986299986e+00
755612,1.4170862974337006e+03,3.1513962986299986e+00
756112,1.4170862974337006e+03,3.1513962986299986e+00
756616,1.4142494291891210e+03,3.1505260121251459e+00
757116,1.4113597728404361e+03,3.1496377348337012e+00
757616,1.4030975368991867e+03,3.1470878622362983e+00
758116,1.4030975368991867e+03,3.1470878622362983e+00
758620,1.4030975368991867e+03,3.1470878622362983e+00
759120,1.3954926127787608e+03,3.1447275418365366e+00
759620,1.3917870783035830e+03,3.1435728000800327e+00
760120,1.3917870783035830e+03,3.1435728000800327e+00
760624,1.3860936496506899e+03,3.1417925738201862e+00
761124,1.3642426497780359e+03,3.1348916225838703e+00
761624,1.3383733440818064e+03,3.1265772783477455e+00
762124,1.3383733440818064e+03,3.1265772783477455e+00
762628,1.3383733440818064e+03,3.1265772783477455e+00
763128,1.3139143398540537e+03,3.1185670524830060e+00
763628,1.3100343448110091e+03,3.1172826815842987e+00
764128,1.2851758385273661e+03,3.1089625521635798e+00
764632,1.2834198585205729e+03,3.1083687549015480e+00
765132,1.2512915327531780e+03,3.0973585057890105e+00
765632,1.2512915327531780e+03,3.0973585057890105e+00
766132,1.1956302355329453e+03,3.0775968891031762e+00
766636,1.1895443785587161e+03,3.0753806489824851e+00
767136,1.1895443785587161e+03,3.0753806489824851e+00
767636,1.1895443785587161e+03,3.0753806489824851e+00
768136,1.1895443785587161e+03,3.0753806489824851e+00
768640,1.1868119206070933e+03,3.0743818998186176e+00
769140,1.1868119206070933e+03,3.0743818998186176e+00
769640,1.1868119206070933e+03,3.0743818998186176e+00
770140,1.1868119206070933e+03,3.0743818998186176e+00
770644,1.1868119206070933e+03,3.0743818998186176e+00
771144,1.1868119206070933e+03,3.0743818998186176e+00
771644,1.1868119206070933e+03,3.0743818998186176e+00
772144,1.1868119206070933e+03,3.0743818998186176e+00
772648,1.1868119206070933e+03,3.0743818998186176e+00
773148,1.1868119206070933e+03,3.0743818998186176e+00
773648,1.1746954020244730e+03,3.0699252688467027e+00
774148,1.1746954020244730e+03,3.0699252688467027e+00
774652,1.1643270387236626e+03,3.0660749830322396e+00
775152,1.1643270387236626e+03,3.0660749830322396e+00
775652,1.1643270387236626e+03,3.0660749830322396e+00
776152,1.1582271635292491e+03,3.0637937460856350e+00
776656,1.1522009245310530e+03,3.0615282193704365e+00
777156,1.1522009245310530e+03,3.0615282193704365e+00
777656,1.1522009245310530e+03,3.0615282193704365e+00
778156,1.1352139122420085e+03,3.0550777048357038e+00
778660,1.1352139122420085e+03,3.0550777048357038e+00
779160,1.1352139122420085e+03,3.0550777048357038e+00
779660,1.1352139122420085e+03,3.0550777048357038e+00
780160,1.1352139122420085e+03,3.0550777048357038e+00
780664,1.1352139122420085e+03,3.0550777048357038e+00
781164,1.1352139122420085e+03,3.0550777048357038e+00
781664,1.1352139122420085e+03,3.0550777048357038e+00
782164,1.1352139122420085e+03,3.0550777048357038e+00
782668,1.1352139122420085e+03,3.0550777048357038e+00
783168,1.1352139122420085e+03,3.0550777048357038e+00
783668,1.1319747372302118e+03,3.0538367346226205e+00
784168,1.1319747372302118e+03,3.0538367346226205e+00
784672,1.1319747372302118e+03,3.0538367346226205e+00
785172,1.1319747372302118e+03,3.0538367346226205e+00
785672,1.1319747372302118e+03,3.0538367346226205e+00
786172,1.1319747372302118e+03,3.0538367346226205e+00
786676,1.1237552748856715e+03,3.0506717433160242e+00
787176,1.1237552748856715e+03,3.0506717433160242e+00
787676,1.1212238786689411e+03,3.0496923383423753e+00
788176,1.1168892081664335e+03,3.0480100946300501e+00
788680,1.1028246826766995e+03,3.0425064776280863e+00
789180,1.1028246826766995e+03,3.0425064776280863e+00
789680,1.1028246826766995e+03,3.0425064776280863e+00
790180,1.1028246826766995e+03,3.0425064776280863e+00
790684,1.1028246826766995e+03,3.0425064776280863e+00
791184,1.1028246826766995e+03,3.0425064776280863e+00
791684,1.1028246826766995e+03,3.0425064776280863e+00
792184,1.1028246826766995e+03,3.0425064776280863e+00
792688,1.1028246826766995e+03,3.0425064776280863e+00
793188,1.0994377105132926e+03,3.0411706291068423e+00
793688,1.0994377105132926e+03,3.0411706291068423e+00
794188,1.0994377105132926e+03,3.0411706291068423e+00
794692,1.0972713781969837e+03,3.0403140509820719e+00
795192,1.0875436303201891e+03,3.0364466890999702e+00
795692,1.0875436303201891e+03,3.0364466890999702e+00
796192,1.0875436303201891e+03,3.0364466890999702e+00
796696,1.0875436303201891e+03,3.0364466890999702e+00
797196,1.0875436303201891e+03,3.0364466890999702e+00
797696,1.0867852495596544e+03,3.0361437353049987e+00
798196,1.0867852495596544e+03,3.0361437353049987e+00
798700,1.0830021128231381e+03,3.0346293038889725e+00
799200,1.0830021128231381e+03,3.0346293038889725e+00
799700,1.0814610267300695e+03,3.0340108731222641e+00
800200,1.0814610267300695e+03,3.0340108731222641e+00
800704,1.0813976107142969e+03,3.0339854056920350e+00
801204,1.0706334160039030e+03,3.0296407942123893e+00
801704,1.0706334160039030e+03,3.0296407942123893e+00
802204,1.0692368497751120e+03,3.0290739177034816e+00
802708,1.0687032464001641e+03,3.0288571286489225e+00
803208,1.0687032464001641e+03,3.0288571286489225e+00
803708,1.0687032464001641e+03,3.0288571286489225e+00
804208,1.0687032464001641e+03,3.0288571286489225e+00
804712,1.0686505063561754e+03,3.0288356958748159e+00
805212,1.0686505063561754e+03,3.0288356958748159e+00
805712,1.0645284484480208e+03,3.0271572720109829e+00
806212,1.0593272465068731e+03,3.0250301427306110e+00
806716,1.0561011889414394e+03,3.0237055315439347e+00
807216,1.0561011889414394e+03,3.0237055315439347e+00
807716,1.0484404097989877e+03,3.0205437515100670e+00
808216,1.0484404097989877e+03,3.0205437515100670e+00
808720,1.0482982050504916e+03,3.0204848421760859e+00
809220,1.0447275993578687e+03,3.0190030679424260e+00
809720,1.0447275993578687e+03,3.0190030679424260e+00
810220,1.0402995977880596e+03,3.0171584305761932e+00
810724,1.0402147399985706e+03,3.0171230035002314e+00
811224,1.0402147399985706e+03,3.0171230035002314e+00
811724,1.0402147399985706e+03,3.0171230035002314e+00
812224,1.0349048661607389e+03,3.0149004290196317e+00
812728,1.0348246538726153e+03,3.0148667668876543e+00
813228,1.0348246538726153e+03,3.0148667668876543e+00
813728,1.0341982634267683e+03,3.0146038041914123e+00
814228,1.0246087428094816e+03,3.0105580573159565e+00
814732,1.0245316581443467e+03,3.0105253826932632e+00
815232,1.0245316581443467e+03,3.0105253826932632e+00
815732,1.0245316581443467e+03,3.0105253826932632e+00
816232,1.0245316581443467e+03,3.0105253826932632e+00
816736,1.0244445315341511e+03,3.0104884485343910e+00
817236,1.0244445315341511e+03,3.0104884485343910e+00
817736,1.0088275583716850e+03,3.0038169374481329e+00
818236,1.0088275583716850e+03,3.0038169374481329e+00
818740,1.0087734547608350e+03,3.0037936455291701e+00
819240,1.0087734547608350e+03,3.0037936455291701e+00
819740,1.0087734547608350e+03,3.0037936455291701e+00
820240,1.0087734547608350e+03,3.0037936455291701e+00
820744,1.0071181071512383e+03,3.0030804042937325e+00
821244,1.0062306410559360e+03,3.0026975380333578e+00
821744,1.0017774981657860e+03,3.0007712723802626e+00
822244,1.0004230775758380e+03,3.0001837013993717e+00
822748,1.0001806063995680e+03,3.0000784292805269e+00
823248,9.9890698991645149e+02,2.9995250521433423e+00
823748,9.8701181402954126e+02,2.9943223509848669e+00
824248,9.8426442144732198e+02,2.9931117867938486e+00
824752,9.7753574373819265e+02,2.9901326463998226e+00
825252,9.7753574373819265e+02,2.9901326463998226e+00
825752,9.7753574373819265e+02,2.9901326463998226e+00
826252,9.7646079267136838e+02,2.9896548099707045e+00
826756,9.6718371676215804e+02,2.9855089762523530e+00
827256,9.6718371676215804e+02,2.9855089762523530e+00
827756,9.6718371676215804e+02,2.9855089762523530e+00
828256,9.6718371676215804e+02,2.9855089762523530e+00
828760,9.6413608131475439e+02,2.9841383359704170e+00
829260,9.6413608131475439e+02,2.9841383359704170e+00
829760,9.6413608131475439e+02,2.9841383359704170e+00
830260,9.6413608131475439e+02,2.9841383359704170e+00
830764,9.6286411492396905e+02,2.9835650012442549e+00
831264,9.5619248537480598e+02,2.9805453262944295e+00
831764,9.5619248537480598e+02,2.9805453262944295e+00
832264,9.5619248537480598e+02,2.9805453262944295e+00
832768,9.5617193522561001e+02,2.9805359924914132e+00
833268,9.5088754647621704e+02,2.9781291595950758e+00
833768,9.5088754647621704e+02,2.9781291595950758e+00
834268,9.5088754647621704e+02,2.9781291595950758e+00
834772,9.5073053089992754e+02,2.9780574406738882e+00
835272,9.5073053089992754e+02,2.9780574406738882e+00
835772,9.4470363937493505e+02,2.9752955884348635e+00
836272,9.4103806057973270e+02,2.9736071889591176e+00
836776,9.4093292721186197e+02,2.9735586665941356e+00
837276,9.3709734008089936e+02,2.9717847051506681e+00
837776,9.3709734008089936e+02,2.9717847051506681e+00
838276,9.3401164184472145e+02,2.9703522894607270e+00
838780,9.3366431975654632e+02,2.9701907624387194e+00
839280,9.3361185010078134e+02,2.9701663554631041e+00
839780,9.2875614991097405e+02,2.9679017025302010e+00
840280,9.2853014033511772e+02,2.9677960056189043e+00
840784,9.1942440980260506e+02,2.9635160296534151e+00
841284,9.1942440980260506e+02,2.9635160296534151e+00
841784,9.1574687637385659e+02,2.9617754459542058e+00
842284,9.1255007833286072e+02,2.9602567067141088e+00
842788,9.1103394041706269e+02,2.9595345568426685e+00
843288,9.1103394041706269e+02,2.9595345568426685e+00
843788,9.0608718115692363e+02,2.9571699862792609e+00
844288,8.9248868515010099e+02,2.9506027188928874e+00
844792,8.9247326318785599e+02,2.9505952143372753e+00
845292,8.9247326318785599e+02,2.9505952143372753e+00
845792,8.9247326318785599e+02,2.9505952143372753e+00
846292,8.9247326318785599e+02,2.9505952143372753e+00
846796,8.9242918720716204e+02,2.9505737655962538e+00
847296,8.9242918720716204e+02,2.9505737655962538e+00
847796,8.9242918720716204e+02,2.9505737655962538e+00
848296,8.9242918720716204e+02,2.9505737655962538e+00
848800,8.8650648641708949e+02,2.9476819176073747e+00
849300,8.8650648641708949e+02,2.9476819176073747e+00
849800,8.8650648641708949e+02,2.9476819176073747e+00
850300,8.8232062793361729e+02,2.9456264327947017e+00
850804,8.7835847799818430e+02,2.9436717975039168e+00
851304,8.7835847799818430e+02,2.9436717975039168e+00
851804,8.7655159159908362e+02,2.9427774826516084e+00
852304,8.7321450973592505e+02,2.9411209435349162e+00
852808,8.5825145899339532e+02,2.9336145503817868e+00
853308,8.5825145899339532e+02,2.9336145503817868e+00
853808,8.5825145899339532e+02,2.9336145503817868e+00
854308,8.5825145899339532e+02,2.9336145503817868e+00
854812,8.5823711502972856e+02,2.9336072919538969e+00
855312,8.5823711502972856e+02,2.9336072919538969e+00
855812,8.5823711502972856e+02,2.9336072919538969e+00
856312,8.5823711502972856e+02,2.9336072919538969e+00
856816,8.5823711502972856e+02,2.9336072919538969e+00
857316,8.5823711502972856e+02,2.9336072919538969e+00
857816,8.5462604479039999e+02,2.9317761238385356e+00
858316,8.5401960912127799e+02,2.9314678426274079e+00
858820,8.5396484203885939e+02,2.9314399910369833e+00
859320,8.5396484203885939e+02,2.9314399910369833e+00
859820,8.5216320151592504e+02,2.9305227763750792e+00
860320,8.5216320151592504e+02,2.9305227763750792e+00
860824,8.5186373916043067e+02,2.9303701322510181e+00
861324,8.4984590410814803e+02,2.9293401856408110e+00
861824,8.4605799799948272e+02,2.9274001353177237e+00
862324,8.4177519063269256e+02,2.9251961217801465e+00
862828,8.3529341438682297e+02,2.9218390573585249e+00
863328,8.3529341438682297e+02,2.9218390573585249e+00
863828,8.3529341438682297e+02,2.9218390573585249e+00
864328,8.3529341438682297e+02,2.9218390573585249e+00
864832,8.3529341438682297e+02,2.9218390573585249e+00
865332,8.3529341438682297e+02,2.9218390573585249e+00
865832,8.3529341438682297e+02,2.9218390573585249e+00
866332,8.3313022117593846e+02,2.9207128884633136e+00
866836,8.2925435795785495e+02,2.9186877625334864e+00
867336,8.2905990101541556e+02,2.9185859102132770e+00
867836,8.2335095709252801e+02,2.9155849946769901e+00
868336,8.2335095709252801e+02,2.9155849946769901e+00
868840,8.2335095709252801e+02,2.9155849946769901e+00
869340,8.2335095709252801e+02,2.9155849946769901e+00
869840,8.2043938856847944e+02,2.9140465022903150e+00
870340,8.2043938856847944e+02,2.9140465022903150e+00
870844,8.1993839358068271e+02,2.9137812227092406e+00
871344,8.1993839358068271e+02,2.9137812227092406e+00
871844,8.1950211341541001e+02,2.9135500779107484e+00
872344,8.1517084902526597e+02,2.9112486406575546e+00
872848,8.1517084902526597e+02,2.9112486406575546e+00
873348,8.1517084902526597e+02,2.9112486406575546e+00
873848,8.1292128114851766e+02,2.9100484929273818e+00
874348,8.1292128114851766e+02,2.9100484929273818e+00
874852,8.1242460346788130e+02,2.9097830671066496e+00
875352,8.1242460346788130e+02,2.9097830671066496e+00
875852,8.1183197796273362e+02,2.9094661541249396e+00
876352,8.1183197796273362e+02,2.9094661541249396e+00
876856,8.0676815972990471e+02,2.9067487498202604e+00
877356,8.0676815972990471e+02,2.9067487498202604e+00
877856,8.0511160854234640e+02,2.9058560885843607e+00
878356,8.0477924799883397e+02,2.9056767691584331e+00
878860,7.9975029128545100e+02,2.9029544069351267e+00
879360,7.9975029128545100e+02,2.9029544069351267e+00
879860,7.9975029128545100e+02,2.9029544069351267e+00
880360,7.9975029128545100e+02,2.9029544069351267e+00
880864,7.9974454538366695e+02,2.9029512866831810e+00
881364,7.9974454538366695e+02,2.9029512866831810e+00
881864,7.9890396138644246e+02,2.9024945746246287e+00
882364,7.9721890796179559e+02,2.9015775904876722e+00
882868,7.9721890796179559e+02,2.9015775904876722e+00
883368,7.9721890796179559e+02,2.9015775904876722e+00
883868,7.9659248270332637e+02,2.9012362037355381e+00
884368,7.9659248270332637e+02,2.9012362037355381e+00
884872,7.9590728812911300e+02,2.9008624815580859e+00
885372,7.9590728812911300e+02,2.9008624815580859e+00
885872,7.9110640501868795e+02,2.8982349006969068e+00
886372,7.9110640501868795e+02,2.8982349006969068e+00
886876,7.8649610864617534e+02,2.8956965782019326e+00
887376,7.8649610864617534e+02,2.8956965782019326e+00
887876,7.8649610864617534e+02,2.8956965782019326e+00
888376,7.8649610864617534e+02,2.8956965782019326e+00
888880,7.8649610864617534e+02,2.8956965782019326e+00
889380,7.8279581697408696e+02,2.8936484962527933e+00
889880,7.8279581697408696e+02,2.8936484962527933e+00
890380,7.8279581697408696e+02,2.8936484962527933e+00
890884,7.8279581697408696e+02,2.8936484962527933e+00
891384,7.8174674069949151e+02,2.8930660792348601e+00
891884,7.8149461660583700e+02,2.8929259906899061e+00
892384,7.8149461660583700e+02,2.8929259906899061e+00
892888,7.7881215875214457e+02,2.8914327230710857e+00
893388,7.7655766938457498e+02,2.8901737132075236e+00
893888,7.7655766938457498e+02,2.8901737132075236e+00
894388,7.7455428523287037e+02,2.8890518610247300e+00
894892,7.7455428523287037e+02,2.8890518610247300e+00
895392,7.7455428523287037e+02,2.8890518610247300e+00
895892,7.7455428523287037e+02,2.8890518610247300e+00
896392,7.7374456901001497e+02,2.8885976136827662e+00
896896,7.7310843056055103e+02,2.8882404091727318e+00
897396,7.7049667967138339e+02,2.8867707715378863e+00
897896,7.7049667967138339e+02,2.8867707715378863e+00
898396,7.7049667967138339e+02,2.8867707715378863e+00
898900,7.7049667967138339e+02,2.8867707715378863e+00
899400,7.6760041653066901e+02,2.8851352017290437e+00
899900,7.6760041653066901e+02,2.8851352017290437e+00
900400,7.6760041653066901e+02,2.8851352017290437e+00
900904,7.6755503011697147e+02,2.8851095221549379e+00
901404,7.6755503011697147e+02,2.8851095221549379e+00
901904,7.6755503011697147e+02,2.8851095221549379e+00
902404,7.6755503011697147e+02,2.8851095221549379e+00
902908,7.6568099083387460e+02,2.8840478652231907e+00
903408,7.6509464647889172e+02,2.8837151631287612e+00
903908,7.6509464647889172e+02,2.8837151631287612e+00
904408,7.6341147890560933e+02,2.8827586858565755e+00
904912,7.6339511529277024e+02,2.8827493767184209e+00
905412,7.6339511529277024e+02,2.8827493767184209e+00
905912,7.6209795995667355e+02,2.8820107990748340e+00
906412,7.6132469295273302e+02,2.8815699160131980e+00
906916,7.6127937557220957e+02,2.8815440641338972e+00
907416,7.6127937557220957e+02,2.8815440641338972e+00
907916,7.5987597473153573e+02,2.8807427134844610e+00
908416,7.5758463149422323e+02,2.8794311559042018e+00
908920,7.5708795439895766e+02,2.8791463364237386e+00
909420,7.5708795439895766e+02,2.8791463364237386e+00
909920,7.5623371778592764e+02,2.8786560371126257e+00
910420,7.5623371778592764e+02,2.8786560371126257e+00
910924,7.5567769926861547e+02,2.8783366059844964e+00
911424,7.5439576840934251e+02,2.8775992436719728e+00
911924,7.5333688050591195e+02,2.8769892293576285e+00
912424,7.5333688050591195e+02,2.8769892293576285e+00
912928,7.5021081804987705e+02,2.8751833223920062e+00
913428,7.5021081804987705e+02,2.8751833223920062e+00
913928,7.4643445800105837e+02,2.8729916797393753e+00
914428,7.4643445800105837e+02,2.8729916797393753e+00
914932,7.4629359758765167e+02,2.8729097158475416e+00
915432,7.4629359758765167e+02,2.8729097158475416e+00
915932,7.4629359758765167e+02,2.8729097158475416e+00
916432,7.4532811258445804e+02,2.8723475024325111e+00
916936,7.4531797494582395e+02,2.8723415953019651e+00
917436,7.4266106395781196e+02,2.8707906554336660e+00
917936,7.4266106395781196e+02,2.8707906554336660e+00
918436,7.4266106395781196e+02,2.8707906554336660e+00
918940,7.4198700247471902e+02,2.8703962977278845e+00
919440,7.4094304505398532e+02,2.8697848258343583e+00
919940,7.3734389180176697e+02,2.8676700868801048e+00
920440,7.3734389180176697e+02,2.8676700868801048e+00
920944,7.3732878782004354e+02,2.8676611905656779e+00
921444,7.3732878782004354e+02,2.8676611905656779e+00
921944,7.3732878782004354e+02,2.8676611905656779e+00
922444,7.3595401828773299e+02,2.8668506808759036e+00
922948,7.3594782430000441e+02,2.8668470257209013e+00
923448,7.3534171244513527e+02,2.8664892021351247e+00
923948,7.3534171244513527e+02,2.8664892021351247e+00
924448,7.3527141192069575e+02,2.8664476805012478e+00
924952,7.3526932501377860e+02,2.8664464478496989e+00
925452,7.3526932501377860e+02,2.8664464478496989e+00
925952,7.3210810221750103e+02,2.8645752132034930e+00
926452,7.3210810221750103e+02,2.8645752132034930e+00
926956,7.3204857032545169e+02,2.8645398968022997e+00
927456,7.3204857032545169e+02,2.8645398968022997e+00
927956,7.2845624308537504e+02,2.8624034696855518e+00
928456,7.2845624308537504e+02,2.8624034696855518e+00
928960,7.2844746772139752e+02,2.8623982379161164e+00
929460,7.2844746772139752e+02,2.8623982379161164e+00
929960,7.2792247485392454e+02,2.8620851285768025e+00
930460,7.2644266549094300e+02,2.8612013432816670e+00
930964,7.2460453017566999e+02,2.8601010448850284e+00
931464,7.1894008254205198e+02,2.8566926971900126e+00
931964,7.1894008254205198e+02,2.8566926971900126e+00
932464,7.1894008254205198e+02,2.8566926971900126e+00
932968,7.1875203704909802e+02,2.8565790885539357e+00
933468,7.1456856416058201e+02,2.8540439064761434e+00
933968,7.1422423715809100e+02,2.8538345838649026e+00
934468,7.1295889401550903e+02,2.8530644911185368e+00
934972,7.1295191595439337e+02,2.8530602404551493e+00
935472,7.1181078353448197e+02,2.8523645630356924e+00
935972,7.1181078353448197e+02,2.8523645630356924e+00
936472,7.1181078353448197e+02,2.8523645630356924e+00
936976,7.1176641663399300e+02,2.8523374927790663e+00
937476,7.1176641663399300e+02,2.8523374927790663e+00
937976,7.1176641663399300e+02,2.8523374927790663e+00
938476,7.1069245025135206e+02,2.8516817019183063e+00
938980,7.1069167049255395e+02,2.8516812254180577e+00
939480,7.0935683353145851e+02,2.8508647568318879e+00
939980,7.0734960496318945e+02,2.8496341153231963e+00
940480,7.0668897409279634e+02,2.8492283154154556e+00
940984,7.0484285841776898e+02,2.8480923037587527e+00
941484,7.0484285841776898e+02,2.8480923037587527e+00
941984,7.0405743624777301e+02,2.8476080898636735e+00
942484,7.0405743624777301e+02,2.8476080898636735e+00
942988,7.0404975364100665e+02,2.8476033508583627e+00
943488,7.0162357260673525e+02,2.8461041716935775e+00
943988,7.0162357260673525e+02,2.8461041716935775e+00
944488,7.0016596276335395e+02,2.8452009945419063e+00
944992,6.9909298421893436e+02,2.8445349437678411e+00
945492,6.9909298421893436e+02,2.8445349437678411e+00
945992,6.9909298421893436e+02,2.8445349437678411e+00
946492,6.9687919367715267e+02,2.8431574982319190e+00
946996,6.9609415842991166e+02,2.8426679892092874e+00
947496,6.9609415842991166e+02,2.8426679892092874e+00
947996,6.9410500270914326e+02,2.8414251745581667e+00
948496,6.9400970740777939e+02,2.8413655451582374e+00
949000,6.9400729319008269e+02,2.8413640343965922e+00
949500,6.9400729319008269e+02,2.8413640343965922e+00
950000,6.9400729319008269e+02,2.8413640343965922e+00
950500,6.9251019616936173e+02,2.8404261721155351e+00
951004,6.9247246473082851e+02,2.8404025089231850e+00
951504,6.9247246473082851e+02,2.8404025089231850e+00
952004,6.8987969057921737e+02,2.8387733599064360e+00
952504,6.8987969057921737e+02,2.8387733599064360e+00
953008,6.8987412929089601e+02,2.8387698589386612e+00
953508,6.8987412929089601e+02,2.8387698589386612e+00
954008,6.8962414613026340e+02,2.8386124592371114e+00
954508,6.8559983968264351e+02,2.8360707073618285e+00
955012,6.8559726511512872e+02,2.8360690764942298e+00
955512,6.8559726511512872e+02,2.8360690764942298e+00
956012,6.8559726511512872e+02,2.8360690764942298e+00
956512,6.8559726511512872e+02,2.8360690764942298e+00
957016,6.8559726511512872e+02,2.8360690764942298e+00
957516,6.8559726511512872e+02,2.8360690764942298e+00
958016,6.8446679951529131e+02,2.8353523872589119e+00
958516,6.8407195146458525e+02,2.8351017837093266e+00
959020,6.8340301874158899e+02,2.8346768928413200e+00
959520,6.8337450645057424e+02,2.8346587732418569e+00
980020,5.0400904806908147e+02,2.7024383330550528e+00
980520,5.0400904806908147e+02,2.7024383330550528e+00
981024,5.0400904806908147e+02,2.7024383330550528e+00
981524,5.0400904806908147e+02,2.7024383330550528e+00
982024,5.0400904806908147e+02,2.7024383330550528e+00
982524,5.0400904806908147e+02,2.7024383330550528e+00
983028,5.0400904806908147e+02,2.7024383330550528e+00
983528,5.0400904806908147e+02,2.7024383330550528e+00
984028,5.0400904806908147e+02,2.7024383330550528e+00
984528,5.0400904806908147e+02,2.7024383330550528e+00
985032,5.0400904806908147e+02,2.7024383330550528e+00
985532,5.0400904806908147e+02,2.7024383330550528e+00
986032,5.0400904806908147e+02,2.7024383330550528e+00
986532,5.0400904806908147e+02,2.7024383330550528e+00
987036,5.0400904806908147e+02,2.7024383330550528e+00
987536,5.0400904806908147e+02,2.7024383330550528e+00
988036,5.0400904806908147e+02,2.7024383330550528e+00
988536,5.0400904806908147e+02,2.7024383330550528e+00
989040,5.0398631007767932e+02,2.7024187397422121e+00
989540,5.0398631007767932e+02,2.7024187397422121e+00
990040,5.0398631007767932e+02,2.7024187397422121e+00
990540,5.0398631007767932e+02,2.7024187397422121e+00
991044,5.0398631007767932e+02,2.7024187397422121e+00
991544,5.0398631007767932e+02,2.7024187397422121e+00
992044,5.0398631007767932e+02,2.7024187397422121e+00
992544,5.0398631007767932e+02,2.7024187397422121e+00
993048,5.0398631007767932e+02,2.7024187397422121e+00
993548,5.0398631007767932e+02,2.7024187397422121e+00
994048,5.0398631007767932e+02,2.7024187397422121e+00
994548,5.0398631007767932e+02,2.7024187397422121e+00
995052,5.0398631007767932e+02,2.7024187397422121e+00
995552,5.0398631007767932e+02,2.7024187397422121e+00
996052,5.0398631007767932e+02,2.7024187397422121e+00
996552,5.0398631007767932e+02,2.7024187397422121e+00
997056,5.0398631007767932e+02,2.7024187397422121e+00
997556,5.0398631007767932e+02,2.7024187397422121e+00
998056,5.0398631007767932e+02,2.7024187397422121e+00
998556,5.0398631007767932e+02,2.7024187397422121e+00
999060,5.0398607658252831e+02,2.7024185385350026e+00
999560,5.0398607658252831e+02,2.7024185385350026e+00
1000000,5.0398607658252831e+02,2.7024185385350026e+00
