Eval,BestError,Log10Error
100,2.3055433494972927e+05,5.3627732923634834e+00
200,2.3055433494972927e+05,5.3627732923634834e+00
300,2.2252454560016879e+05,5.3473779228709244e+00
400,2.2252454560016879e+05,5.3473779228709244e+00
500,2.0845464186006100e+05,5.3190115704230490e+00
600,1.7338997160957576e+05,5.2390239754898476e+00
700,1.5175705013437726e+05,5.1811488761119362e+00
800,1.5175705013437726e+05,5.1811488761119362e+00
900,1.4325519507801082e+05,5.1561103803972133e+00
1000,1.1952088579426298e+05,5.0774438031304179e+00
1100,1.0920475475219078e+05,5.0382415478713245e+00
1200,1.0920475475219078e+05,5.0382415478713245e+00
1300,1.0920475475219078e+05,5.0382415478713245e+00
1400,1.0693735622751097e+05,5.0291294429960756e+00
1500,9.4490225871589661e+04,4.9753868871381366e+00
1600,9.4490225871589661e+04,4.9753868871381366e+00
1700,8.9077637524489561e+04,4.9497686903592681e+00
1800,8.9077637524489561e+04,4.9497686903592681e+00
1900,8.7912152142789520e+04,4.9440489119768056e+00
2000,8.7912152142789520e+04,4.9440489119768056e+00
2100,7.7529382581270780e+04,4.8894663254035997e+00
2200,7.7529382581270780e+04,4.8894663254035997e+00
2300,7.3867046288663056e+04,4.8684507332949600e+00
2400,7.3218816899428508e+04,4.8646227070885208e+00
2500,6.6754748754717089e+04,4.8244821656862378e+00
2600,6.6754748754717089e+04,4.8244821656862378e+00
2700,6.6754748754717089e+04,4.8244821656862378e+00
2800,6.5740155760190217e+04,4.8178307287342115e+00
2900,6.5740155760190217e+04,4.8178307287342115e+00
3000,6.5740155760190217e+04,4.8178307287342115e+00
3100,6.4282186012523154e+04,4.8080906371801921e+00
3200,5.7631312805231202e+04,4.7606585126504850e+00
3300,5.7631312805231202e+04,4.7606585126504850e+00
3400,5.7631312805231202e+04,4.7606585126504850e+00
3500,5.5682490893647111e+04,4.7457186547125891e+00
3600,5.5137557285704344e+04,4.7414475220011969e+00
3700,5.1926741733492403e+04,4.7153910726131745e+00
3800,5.1926741733492403e+04,4.7153910726131745e+00
3900,5.1926741733492403e+04,4.7153910726131745e+00
4000,4.9349420171073609e+04,4.6932820543109743e+00
4100,4.9349420171073609e+04,4.6932820543109743e+00
4200,4.9349420171073609e+04,4.6932820543109743e+00
4300,4.8415814746658616e+04,4.6849872446061083e+00
4400,4.6525334323573938e+04,4.6676895025843557e+00
4500,4.4852461345108321e+04,4.6517862805856405e+00
4600,4.4852461345108321e+04,4.6517862805856405e+00
4700,4.4852461345108321e+04,4.6517862805856405e+00
4800,4.4852461345108321e+04,4.6517862805856405e+00
4900,4.4297612734583679e+04,4.6463803220665598e+00
5000,4.3903499753991033e+04,4.6424991412732055e+00
5100,4.3456806467356757e+04,4.6380578079356187e+00
5200,4.2883687501441862e+04,4.6322921225959224e+00
5300,4.1168645558308825e+04,4.6145665790152490e+00
5400,4.1168645558308825e+04,4.6145665790152490e+00
5500,3.7767551218515524e+04,4.5771188268512786e+00
5600,3.7767551218515524e+04,4.5771188268512786e+00
5700,3.7767551218515524e+04,4.5771188268512786e+00
5800,3.7767551218515524e+04,4.5771188268512786e+00
5900,3.7767551218515524e+04,4.5771188268512786e+00
6000,3.5922377339044200e+04,4.5553650705081719e+00
6100,3.5922377339044200e+04,4.5553650705081719e+00
6200,3.5922377339044200e+04,4.5553650705081719e+00
6300,3.5922377339044200e+04,4.5553650705081719e+00
6400,3.5922377339044200e+04,4.5553650705081719e+00
6500,3.3408489246264049e+04,4.5238568370016239e+00
6600,3.3408489246264049e+04,4.5238568370016239e+00
6700,3.3384053971691254e+04,4.5235390738240913e+00
6800,3.3055890950288151e+04,4.5192488671263664e+00
6900,3.3055890950288151e+04,4.5192488671263664e+00
7000,3.3055890950288151e+04,4.5192488671263664e+00
7100,3.0832645949345027e+04,4.4890107959523196e+00
7200,3.0832645949345027e+04,4.4890107959523196e+00
7300,3.0832645949345027e+04,4.4890107959523196e+00
7400,3.0832645949345027e+04,4.4890107959523196e+00
7500,2.9570705239416900e+04,4.4708616822513410e+00
7600,2.9570705239416900e+04,4.4708616822513410e+00
7700,2.9570705239416900e+04,4.4708616822513410e+00
7800,2.9570705239416900e+04,4.4708616822513410e+00
7900,2.8798030714353663e+04,4.4593627905671838e+00
8000,2.8798030714353663e+04,4.4593627905671838e+00
8100,2.7874443069034336e+04,4.4452061989454918e+00
8200,2.7874443069034336e+04,4.4452061989454918e+00
8300,2.7874443069034336e+04,4.4452061989454918e+00
8400,2.7874443069034336e+04,4.4452061989454918e+00
8500,2.7417242832560521e+04,4.4380237785785486e+00
8600,2.7351776396950951e+04,4.4369855374095062e+00
8700,2.7351776396950951e+04,4.4369855374095062e+00
8800,2.6228650711348582e+04,4.4187759496186363e+00
8900,2.6228650711348582e+04,4.4187759496186363e+00
9000,2.6228650711348582e+04,4.4187759496186363e+00
9100,2.4453985501857511e+04,4.3883496503883688e+00
9200,2.4191195586818281e+04,4.3836573327656270e+00
9300,2.4191195586818281e+04,4.3836573327656270e+00
9400,2.4191195586818281e+04,4.3836573327656270e+00
9500,2.4191195586818281e+04,4.3836573327656270e+00
9600,2.3937828621733599e+04,4.3790847534067305e+00
9700,2.3064054725020131e+04,4.3629356598495441e+00
9800,2.3064054725020131e+04,4.3629356598495441e+00
9900,2.3064054725020131e+04,4.3629356598495441e+00
10000,2.3064054725020131e+04,4.3629356598495441e+00
10100,2.3064054725020131e+04,4.3629356598495441e+00
10200,2.2863135714012875e+04,4.3591357942963702e+00
10300,2.2259708662579844e+04,4.3475194759437956e+00
10400,2.2259708662579844e+04,4.3475194759437956e+00
10500,2.2239756279503603e+04,4.3471300236003669e+00
10600,2.1686713893365071e+04,4.3361937499811143e+00
10700,2.1345090617806763e+04,4.3292980028846317e+00
10800,2.1068324458416086e+04,4.3236299980001709e+00
10900,2.1033799218164491e+04,4.3229177239683994e+00
11000,2.1033799218164491e+04,4.3229177239683994e+00
11100,2.0588262281765732e+04,4.3136196922572658e+00
11200,2.0036567589041511e+04,4.3018233257374456e+00
11300,1.9419709155698161e+04,4.2882427212969478e+00
11400,1.9419709155698161e+04,4.2882427212969478e+00
11500,1.9419709155698161e+04,4.2882427212969478e+00
11600,1.9238311578440622e+04,4.2841669541704697e+00
11700,1.9108952746476254e+04,4.2812368864851935e+00
11800,1.8948962738509661e+04,4.2775854417832040e+00
11900,1.8475758950933909e+04,4.2666022874691736e+00
12000,1.8475758950933909e+04,4.2666022874691736e+00
12100,1.8295498422406137e+04,4.2623442454242708e+00
12200,1.8189325993404036e+04,4.2598166065528371e+00
12300,1.8110560551970077e+04,4.2579318926586129e+00
12400,1.8070571328969836e+04,4.2569718836675436e+00
12500,1.7438801763907013e+04,4.2415166408487881e+00
12600,1.7438801763907013e+04,4.2415166408487881e+00
12700,1.7247530224563267e+04,4.2367269146767299e+00
12800,1.6662042420451427e+04,4.2217282358201649e+00
12900,1.6587894514242980e+04,4.2197912649348153e+00
13000,1.6587894514242980e+04,4.2197912649348153e+00
13100,1.6587894514242980e+04,4.2197912649348153e+00
13200,1.6587894514242980e+04,4.2197912649348153e+00
13300,1.6390087755993285e+04,4.2145812788811527e+00
13400,1.6083116740568064e+04,4.2063702143170714e+00
13500,1.5820000053962345e+04,4.1992064806430456e+00
13600,1.5820000053962345e+04,4.1992064806430456e+00
13700,1.5528132238059590e+04,4.1911192208614398e+00
13800,1.5525838046378522e+04,4.1910550516244500e+00
13900,1.5049257967958680e+04,4.1775150867494206e+00
14000,1.5049257967958680e+04,4.1775150867494206e+00
14100,1.4950918753342332e+04,4.1746678814394942e+00
14200,1.4950918753342332e+04,4.1746678814394942e+00
14300,1.4601539950160490e+04,4.1643986610302477e+00
14400,1.4325358016387641e+04,4.1561054845730157e+00
14500,1.4054073555877359e+04,4.1478022222073232e+00
14600,1.3919550986384909e+04,4.1436252261308297e+00
14700,1.3716952052363951e+04,4.1372576205621048e+00
14800,1.3716952052363951e+04,4.1372576205621048e+00
14900,1.3187765689010281e+04,4.1201712222993017e+00
15000,1.3187765689010281e+04,4.1201712222993017e+00
15100,1.3187765689010281e+04,4.1201712222993017e+00
15200,1.3187765689010281e+04,4.1201712222993017e+00
15300,1.2946933037709807e+04,4.1121669018111655e+00
15400,1.2946933037709807e+04,4.1121669018111655e+00
15500,1.2677336629029503e+04,4.1030280225669307e+00
15600,1.2664662225135742e+04,4.1025936113617929e+00
15700,1.2353698464451614e+04,4.0917969966436569e+00
15800,1.2353698464451614e+04,4.0917969966436569e+00
15900,1.2353698464451614e+04,4.0917969966436569e+00
16000,1.2119567572998298e+04,4.0834871244498219e+00
16100,1.2078755386051333e+04,4.0820221862041919e+00
16200,1.2078755386051333e+04,4.0820221862041919e+00
16300,1.1758116120804716e+04,4.0703377448797431e+00
16400,1.1520628718417196e+04,4.0614761806052950e+00
16500,1.1520628718417196e+04,4.0614761806052950e+00
16600,1.1393155571117808e+04,4.0566440276189857e+00
16700,1.1324179889124531e+04,4.0540067596893223e+00
16800,1.1276270531835473e+04,4.0521654865924290e+00
16900,1.1179716193727038e+04,4.0484307787684068e+00
17000,1.0474818515098104e+04,4.0201465071921056e+00
17100,1.0474818515098104e+04,4.0201465071921056e+00
17200,1.0474818515098104e+04,4.0201465071921056e+00
17300,1.0474818515098104e+04,4.0201465071921056e+00
17400,1.0379435610210978e+04,4.0161737390582042e+00
17500,1.0379435610210978e+04,4.0161737390582042e+00
17600,1.0273895114962474e+04,4.0117351277475217e+00
17700,9.8408812630974280e+03,3.9930339917812336e+00
17800,9.8408812630974280e+03,3.9930339917812336e+00
17900,9.8408812630974280e+03,3.9930339917812336e+00
18000,9.8408812630974280e+03,3.9930339917812336e+00
18100,9.5210292077624163e+03,3.9786838974487826e+00
18200,9.3881160710883978e+03,3.9725784504111714e+00
18300,9.3881160710883978e+03,3.9725784504111714e+00
18400,9.3881160710883978e+03,3.9725784504111714e+00
18500,9.2413038310802149e+03,3.9657332490011101e+00
18600,9.2413038310802149e+03,3.9657332490011101e+00
18700,9.2015660689998786e+03,3.9638617487850696e+00
18800,8.6984139715040528e+03,3.9394400725937073e+00
18900,8.6984139715040528e+03,3.9394400725937073e+00
19000,8.6984139715040528e+03,3.9394400725937073e+00
19100,8.6984139715040528e+03,3.9394400725937073e+00
19200,8.5882434836600969e+03,3.9339043485391345e+00
19300,8.5679097892064256e+03,3.9328748851982032e+00
19400,8.5679097892064256e+03,3.9328748851982032e+00
19500,8.2076214914721077e+03,3.9142173199953985e+00
19600,8.2076214914721077e+03,3.9142173199953985e+00
19700,8.2076214914721077e+03,3.9142173199953985e+00
19800,7.8758545527290325e+03,3.8962976872108173e+00
19900,7.8758545527290325e+03,3.8962976872108173e+00
20000,7.8758545527290325e+03,3.8962976872108173e+00
20100,7.8535593675768778e+03,3.8950665310573740e+00
20200,7.7896352958156012e+03,3.8915171248455334e+00
20300,7.7489562490885119e+03,3.8892432088561906e+00
20400,7.4242998933657227e+03,3.8706555062338919e+00
20500,7.4202831989264650e+03,3.8704204806677054e+00
20600,7.3215836991556180e+03,3.8646050315245564e+00
20700,6.9903813175225505e+03,3.8445008666725848e+00
20800,6.9903813175225505e+03,3.8445008666725848e+00
20900,6.9903813175225505e+03,3.8445008666725848e+00
21000,6.9903813175225505e+03,3.8445008666725848e+00
21100,6.9456281514670272e+03,3.8417115287460084e+00
21200,6.5474057605980906e+03,3.8160692561699281e+00
21300,6.5474057605980906e+03,3.8160692561699281e+00
21400,6.5474057605980906e+03,3.8160692561699281e+00
21500,6.5474057605980906e+03,3.8160692561699281e+00
21600,6.5474057605980906e+03,3.8160692561699281e+00
21700,6.2032664171000370e+03,3.7926204335898874e+00
21800,6.2032664171000370e+03,3.7926204335898874e+00
21900,6.1489116871619162e+03,3.7887982555989361e+00
22000,6.1489116871619162e+03,3.7887982555989361e+00
22100,6.1489116871619162e+03,3.7887982555989361e+00
22200,6.1489116871619162e+03,3.7887982555989361e+00
22300,6.1489116871619162e+03,3.7887982555989361e+00
22400,5.9203356342040097e+03,3.7723463283362393e+00
22500,5.9203356342040097e+03,3.7723463283362393e+00
22600,5.8436704323160830e+03,3.7666857148833190e+00
22700,5.8268866384932371e+03,3.7654365690158840e+00
22800,5.7076548527930290e+03,3.7564577030446586e+00
22900,5.7076548527930290e+03,3.7564577030446586e+00
23000,5.7076548527930290e+03,3.7564577030446586e+00
23100,5.7076548527930290e+03,3.7564577030446586e+00
23200,5.3368669955038067e+03,3.7272863795248652e+00
23300,5.3368669955038067e+03,3.7272863795248652e+00
23400,5.3368669955038067e+03,3.7272863795248652e+00
23500,5.3368669955038067e+03,3.7272863795248652e+00
23600,5.3368669955038067e+03,3.7272863795248652e+00
23700,5.2912753112765213e+03,3.7235603589725335e+00
23800,5.0547340075122984e+03,3.7036983068886360e+00
23900,5.0547340075122984e+03,3.7036983068886360e+00
24000,5.0547340075122984e+03,3.7036983068886360e+00
24100,5.0547340075122984e+03,3.7036983068886360e+00
24200,5.0527259062937546e+03,3.7035257398347512e+00
24300,5.0527259062937546e+03,3.7035257398347512e+00
24400,4.8612629381724246e+03,3.6867491120247706e+00
24500,4.8612629381724246e+03,3.6867491120247706e+00
24600,4.7965752085176155e+03,3.6809312584355394e+00
24700,4.7965752085176155e+03,3.6809312584355394e+00
24800,4.7232949276520021e+03,3.6742450642412869e+00
24900,4.4698628873096804e+03,3.6502942013873954e+00
25000,4.4698628873096804e+03,3.6502942013873954e+00
25100,4.4698628873096804e+03,3.6502942013873954e+00
25200,4.4698628873096804e+03,3.6502942013873954e+00
25300,4.4698628873096804e+03,3.6502942013873954e+00
25400,4.3493516544617405e+03,3.6384245227304475e+00
25500,4.3493516544617405e+03,3.6384245227304475e+00
25600,4.3493516544617405e+03,3.6384245227304475e+00
25700,4.2787241140966144e+03,3.6313142847105828e+00
25800,4.2585783341412371e+03,3.6292646402565159e+00
25900,4.1005412008381172e+03,3.6128411798968725e+00
26000,4.1005412008381172e+03,3.6128411798968725e+00
26100,4.0206564353332269e+03,3.6042969642708571e+00
26200,3.9728729317055895e+03,3.5991046748108131e+00
26300,3.9728729317055895e+03,3.5991046748108131e+00
26400,3.9728729317055895e+03,3.5991046748108131e+00
26500,3.7935187837772969e+03,3.5790422388338894e+00
26600,3.7815113062084188e+03,3.5776654032159527e+00
26700,3.6146127180362359e+03,3.5580617723276604e+00
26800,3.6146127180362359e+03,3.5580617723276604e+00
26900,3.6146127180362359e+03,3.5580617723276604e+00
27000,3.6146127180362359e+03,3.5580617723276604e+00
27100,3.5210898296045866e+03,3.5466771048781758e+00
27200,3.5210898296045866e+03,3.5466771048781758e+00
27300,3.5079596604674798e+03,3.5450545905842237e+00
27400,3.4852743341546452e+03,3.5422369681213941e+00
27500,3.4611604401606774e+03,3.5392217312390812e+00
27600,3.2473798593769061e+03,3.5115330928090183e+00
27700,3.2473798593769061e+03,3.5115330928090183e+00
27800,3.1988062790768486e+03,3.5049879398417083e+00
27900,3.1988062790768486e+03,3.5049879398417083e+00
28000,3.1748004582733174e+03,3.5017164343227623e+00
28100,3.1748004582733174e+03,3.5017164343227623e+00
28200,3.1748004582733174e+03,3.5017164343227623e+00
28300,3.1426046166644182e+03,3.4972897441730511e+00
28400,3.1426046166644182e+03,3.4972897441730511e+00
28500,3.0750337162710471e+03,3.4878498819684078e+00
28600,3.0750337162710471e+03,3.4878498819684078e+00
28700,2.9660957157299299e+03,3.4721851615752430e+00
28800,2.9660957157299299e+03,3.4721851615752430e+00
28900,2.9660957157299299e+03,3.4721851615752430e+00
29000,2.9616817453814642e+03,3.4715383885367825e+00
29100,2.9437451960677563e+03,3.4689002157433011e+00
29200,2.8825502861008085e+03,3.4597768923017256e+00
29300,2.8326831214337403e+03,3.4521979948134702e+00
29400,2.8014315755365787e+03,3.4473800193683575e+00
29500,2.7712300378141967e+03,3.4426725777514608e+00
29600,2.7712300378141967e+03,3.4426725777514608e+00
29700,2.7699116059975440e+03,3.4424659099886243e+00
29800,2.7490675516117249e+03,3.4391854116993312e+00
29900,2.7490675516117249e+03,3.4391854116993312e+00
30000,2.7195026641036575e+03,3.4344894885988646e+00
30100,2.5976987856320206e+03,3.4145887913398134e+00
30200,2.5443894549859674e+03,3.4055835870102582e+00
30300,2.5443894549859674e+03,3.4055835870102582e+00
30400,2.5427050570329980e+03,3.4052959867852932e+00
30500,2.5376513720223174e+03,3.4044319575511244e+00
30600,2.5358406825343877e+03,3.4041219649551060e+00
30700,2.5358406825343877e+03,3.4041219649551060e+00
30800,2.4852873496665125e+03,3.3953766092302700e+00
30900,2.4343387981347068e+03,3.3863810208623946e+00
31000,2.4343387981347068e+03,3.3863810208623946e+00
31100,2.4343387981347068e+03,3.3863810208623946e+00
31200,2.4343387981347068e+03,3.3863810208623946e+00
31300,2.3728168895392428e+03,3.3752642249720637e+00
31400,2.3728168895392428e+03,3.3752642249720637e+00
31500,2.3728168895392428e+03,3.3752642249720637e+00
31600,2.2923626363869521e+03,3.3602833212029113e+00
31700,2.2923626363869521e+03,3.3602833212029113e+00
31800,2.2923626363869521e+03,3.3602833212029113e+00
31900,2.2824275769563569e+03,3.3583970059534458e+00
32000,2.2824275769563569e+03,3.3583970059534458e+00
32100,2.2824275769563569e+03,3.3583970059534458e+00
32200,2.1967190378869500e+03,3.3417745138625969e+00
32300,2.1967190378869500e+03,3.3417745138625969e+00
32400,2.1967190378869500e+03,3.3417745138625969e+00
32500,2.1967190378869500e+03,3.3417745138625969e+00
32600,2.1676025377155020e+03,3.3359796507898798e+00
32700,2.1676025377155020e+03,3.3359796507898798e+00
32800,2.1605400356789305e+03,3.3345623183738589e+00
32900,2.1249281143417775e+03,3.3273442425873836e+00
33000,2.1249281143417775e+03,3.3273442425873836e+00
33100,2.1249281143417775e+03,3.3273442425873836e+00
33200,2.0874285824656813e+03,3.3196116258219193e+00
33300,2.0590787566657846e+03,3.3136729580465096e+00
33400,2.0590787566657846e+03,3.3136729580465096e+00
33500,2.0514384072055027e+03,3.3120584821548271e+00
33600,2.0082919048043291e+03,3.3028268376722476e+00
33700,2.0082919048043291e+03,3.3028268376722476e+00
33800,1.9883155809508701e+03,3.2984853157697684e+00
33900,1.9883155809508701e+03,3.2984853157697684e+00
34000,1.9824853729066760e+03,3.2972099917074971e+00
34100,1.9224362566384384e+03,3.2838519485519413e+00
34200,1.9224362566384384e+03,3.2838519485519413e+00
34300,1.9224362566384384e+03,3.2838519485519413e+00
34400,1.9221376917133966e+03,3.2837844949919690e+00
34500,1.9184658092876325e+03,3.2829540636489924e+00
34600,1.8813341830850670e+03,3.2744659465226791e+00
34700,1.8509020817102310e+03,3.2673834438756679e+00
34800,1.8509020817102310e+03,3.2673834438756679e+00
34900,1.8051666704539803e+03,3.2565173063617645e+00
35000,1.8051666704539803e+03,3.2565173063617645e+00
35100,1.7999473787567970e+03,3.2552598087424145e+00
35200,1.7999473787567970e+03,3.2552598087424145e+00
35300,1.7822909535499830e+03,3.2509786027349659e+00
35400,1.7818169007870110e+03,3.2508630739638300e+00
35500,1.7180367595356729e+03,3.2350324518658340e+00
35600,1.7180367595356729e+03,3.2350324518658340e+00
35700,1.7026539360649069e+03,3.2311263867001618e+00
35800,1.7026539360649069e+03,3.2311263867001618e+00
35900,1.7026539360649069e+03,3.2311263867001618e+00
36000,1.6923231876930768e+03,3.2284833050555632e+00
36100,1.6923231876930768e+03,3.2284833050555632e+00
36200,1.6923231876930768e+03,3.2284833050555632e+00
36300,1.6923231876930768e+03,3.2284833050555632e+00
36400,1.6923231876930768e+03,3.2284833050555632e+00
36500,1.6736409258023186e+03,3.2236622871876577e+00
36600,1.6736409258023186e+03,3.2236622871876577e+00
36700,1.6142767254837738e+03,3.2079779851872465e+00
36800,1.6142767254837738e+03,3.2079779851872465e+00
36900,1.5993540714636792e+03,3.2039446202567823e+00
37000,1.5993540714636792e+03,3.2039446202567823e+00
37100,1.5993540714636792e+03,3.2039446202567823e+00
37200,1.5879817669461474e+03,3.2008455115922514e+00
37300,1.5713560878539895e+03,3.1962746124532893e+00
37400,1.5505809524511587e+03,3.1904944447333441e+00
37500,1.5505809524511587e+03,3.1904944447333441e+00
37600,1.5332115931983719e+03,3.1856020944611596e+00
37700,1.5332115931983719e+03,3.1856020944611596e+00
37800,1.5119506899702287e+03,3.1795376275256118e+00
37900,1.5119506899702287e+03,3.1795376275256118e+00
38000,1.4931612305110962e+03,3.1741067050731231e+00
38100,1.4931612305110962e+03,3.1741067050731231e+00
38200,1.4689248988168856e+03,3.1669995923435779e+00
38300,1.4689248988168856e+03,3.1669995923435779e+00
38400,1.4504232858128619e+03,3.1614947635218518e+00
38500,1.4504232858128619e+03,3.1614947635218518e+00
38600,1.4504232858128619e+03,3.1614947635218518e+00
38700,1.4504232858128619e+03,3.1614947635218518e+00
38800,1.4294198832717932e+03,3.1551598188559304e+00
38900,1.4185780895234952e+03,3.1518532477213608e+00
39000,1.4154399050629320e+03,3.1508914353729072e+00
39100,1.4001279666520250e+03,3.1461677304432936e+00
39200,1.4001279666520250e+03,3.1461677304432936e+00
39300,1.3934326589071807e+03,3.1440859851973713e+00
39400,1.3733819921991185e+03,3.1377913486211497e+00
39500,1.3733819921991185e+03,3.1377913486211497e+00
39600,1.3609553008376110e+03,3.1338438614866844e+00
39700,1.3609553008376110e+03,3.1338438614866844e+00
39800,1.3609553008376110e+03,3.1338438614866844e+00
39900,1.3300038559048410e+03,3.1238529000616482e+00
40000,1.3292800005934778e+03,3.1236164707128840e+00
40100,1.3292800005934778e+03,3.1236164707128840e+00
40200,1.3222744775997842e+03,3.1213216153114582e+00
40300,1.3071290008907449e+03,3.1163184503275914e+00
40400,1.3025102208966614e+03,3.1147811399267282e+00
40500,1.3025102208966614e+03,3.1147811399267282e+00
40600,1.2971173771234578e+03,3.1129792774954224e+00
40700,1.2971173771234578e+03,3.1129792774954224e+00
40800,1.2886521641957693e+03,3.1101357074572027e+00
40900,1.2725524303081725e+03,3.1046756847018737e+00
41000,1.2725524303081725e+03,3.1046756847018737e+00
41100,1.2443509478745334e+03,3.0949428829515386e+00
41200,1.2443509478745334e+03,3.0949428829515386e+00
41300,1.2403381224094696e+03,3.0935400921618479e+00
41400,1.2403381224094696e+03,3.0935400921618479e+00
41500,1.2403381224094696e+03,3.0935400921618479e+00
41600,1.2205262152040016e+03,3.0865471118942733e+00
41700,1.2088013368820209e+03,3.0823549316421563e+00
41800,1.2022392040933180e+03,3.0799908858716503e+00
41900,1.2022392040933180e+03,3.0799908858716503e+00
42000,1.1840395754889946e+03,3.0733662185433608e+00
42100,1.1840395754889946e+03,3.0733662185433608e+00
42200,1.1827697615170534e+03,3.0729002128999428e+00
42300,1.1827697615170534e+03,3.0729002128999428e+00
42400,1.1508824203577567e+03,3.0610309562985996e+00
42500,1.1508824203577567e+03,3.0610309562985996e+00
42600,1.1403836996901123e+03,3.0570510010039333e+00
42700,1.1301243804067360e+03,3.0531262441485736e+00
42800,1.1301243804067360e+03,3.0531262441485736e+00
42900,1.1301243804067360e+03,3.0531262441485736e+00
43000,1.1272853109315672e+03,3.0520338479728837e+00
43100,1.1272853109315672e+03,3.0520338479728837e+00
43200,1.1256320072588298e+03,3.0513964337321777e+00
43300,1.1190686799512046e+03,3.0488567410489216e+00
43400,1.1190686799512046e+03,3.0488567410489216e+00
43500,1.1183320795930370e+03,3.0485707829065429e+00
43600,1.0987274389391682e+03,3.0408899704528674e+00
43700,1.0938700065037722e+03,3.0389657143077469e+00
43800,1.0919544577281720e+03,3.0382045255758614e+00
43900,1.0887458658960484e+03,3.0369265189484933e+00
44000,1.0887458658960484e+03,3.0369265189484933e+00
44100,1.0856141133631495e+03,3.0356754806685329e+00
44200,1.0809514105999810e+03,3.0338061726003258e+00
44300,1.0777400210888500e+03,3.0325140103650710e+00
44400,1.0641089444277568e+03,3.0269860936937127e+00
44500,1.0638576269007763e+03,3.0268835114284167e+00
44600,1.0621881035735944e+03,3.0262014330450140e+00
44700,1.0560101293333939e+03,3.0236680840050849e+00
44800,1.0532470896292696e+03,3.0225302677422086e+00
44900,1.0511263379055297e+03,3.0216549182715644e+00
45000,1.0511088636689133e+03,3.0216476983710203e+00
45100,1.0510914865434850e+03,3.0216405184752655e+00
45200,1.0382691862054721e+03,3.0163099651960037e+00
45300,1.0382691862054721e+03,3.0163099651960037e+00
45400,1.0367690708796399e+03,3.0156820327523488e+00
45500,1.0304137225065253e+03,3.0130116337591164e+00
45600,1.0277040302289627e+03,3.0118680596538967e+00
45700,1.0188473466499063e+03,3.0081091187719546e+00
45800,1.0079999449305487e+03,3.0034605083829593e+00
45900,1.0079999449305487e+03,3.0034605083829593e+00
46000,1.0028432345963338e+03,3.0012330490016375e+00
46100,9.8678359626602196e+02,2.9942219214111701e+00
46200,9.8394050528646267e+02,2.9929688392779474e+00
46300,9.8394050528646267e+02,2.9929688392779474e+00
46400,9.7371878787294622e+02,2.9884335497853196e+00
46500,9.7371878787294622e+02,2.9884335497853196e+00
46600,9.7371878787294622e+02,2.9884335497853196e+00
46700,9.7371878787294622e+02,2.9884335497853196e+00
46800,9.5691307979440501e+02,2.9808724908802415e+00
46900,9.5691307979440501e+02,2.9808724908802415e+00
47000,9.5691307979440501e+02,2.9808724908802415e+00
47100,9.5606239339406329e+02,2.9804862356051172e+00
47200,9.5606239339406329e+02,2.9804862356051172e+00
47300,9.5334659704368596e+02,2.9792508206990425e+00
47400,9.4865901758548125e+02,2.9771101393063861e+00
47500,9.3896880040280644e+02,2.9726511619806906e+00
47600,9.3896880040280644e+02,2.9726511619806906e+00
47700,9.3896880040280644e+02,2.9726511619806906e+00
47800,9.3567940870969096e+02,2.9711270721591236e+00
47900,9.2687997373946337e+02,2.9670234988504696e+00
48000,9.2687997373946337e+02,2.9670234988504696e+00
48100,9.2687997373946337e+02,2.9670234988504696e+00
48200,9.2516137488002778e+02,2.9662174928549265e+00
48300,9.1848042346905254e+02,2.9630699041693500e+00
48400,9.0950994831304888e+02,2.9588074537830451e+00
48500,9.0950994831304888e+02,2.9588074537830451e+00
48600,9.0678684917441751e+02,2.9575052130729209e+00
48700,9.0461167524603184e+02,2.9564621886080045e+00
48800,9.0224303253675544e+02,2.9553235369576201e+00
48900,8.9810915640423036e+02,2.9533291241317086e+00
49000,8.9564447620829742e+02,2.9521356517808619e+00
49100,8.9139126083534438e+02,2.9500683719651102e+00
49200,8.7971141298706334e+02,2.9443402263519931e+00
49300,8.7410207693454572e+02,2.9415621521547766e+00
49400,8.7410207693454572e+02,2.9415621521547766e+00
49500,8.7410207693454572e+02,2.9415621521547766e+00
49600,8.6915777149875271e+02,2.9390986177283498e+00
49700,8.6915777149875271e+02,2.9390986177283498e+00
49800,8.5271058634402448e+02,2.9308016547532709e+00
49900,8.5271058634402448e+02,2.9308016547532709e+00
50000,8.5271058634402448e+02,2.9308016547532709e+00
50100,8.5271058634402448e+02,2.9308016547532709e+00
50200,8.5236478827660812e+02,2.9306255004356072e+00
50300,8.5236478827660812e+02,2.9306255004356072e+00
50400,8.5236478827660812e+02,2.9306255004356072e+00
50500,8.5200736953560681e+02,2.9304433512629520e+00
50600,8.4147258662030254e+02,2.9250399721556235e+00
50700,8.3759760289299129e+02,2.9230354257722233e+00
50800,8.3437205962127246e+02,2.9213597525667594e+00
50900,8.3437205962127246e+02,2.9213597525667594e+00
51000,8.3437205962127246e+02,2.9213597525667594e+00
51100,8.3290003290135428e+02,2.9205928792403810e+00
51200,8.2250388762399996e+02,2.9151379593510827e+00
51300,8.1995834264184555e+02,2.9137917889442857e+00
51400,8.1995834264184555e+02,2.9137917889442857e+00
51500,8.1995834264184555e+02,2.9137917889442857e+00
51600,8.1719841871101971e+02,2.9123275175960650e+00
51700,8.1719841871101971e+02,2.9123275175960650e+00
51800,8.1506369419274642e+02,2.9111915485627597e+00
51900,8.0836256286305115e+02,2.9076061921286707e+00
52000,8.0836256286305115e+02,2.9076061921286707e+00
52100,8.0836256286305115e+02,2.9076061921286707e+00
52200,8.0569041497277226e+02,2.9061681970197530e+00
52300,8.0165167827983078e+02,2.9039857061134136e+00
52400,7.9925659574633301e+02,2.9026862289092143e+00
52500,7.9925659574633301e+02,2.9026862289092143e+00
52600,7.9522781765039213e+02,2.9004915635934325e+00
52700,7.9281443986133672e+02,2.8991715515364875e+00
52800,7.9281443986133672e+02,2.8991715515364875e+00
52900,7.9155735544536446e+02,2.8984823888774160e+00
53000,7.8990054077227251e+02,2.8975724111473329e+00
53100,7.8121332148920283e+02,2.8927696404016894e+00
53200,7.8121332148920283e+02,2.8927696404016894e+00
53300,7.8121332148920283e+02,2.8927696404016894e+00
53400,7.7627164762569964e+02,2.8900137243772921e+00
53500,7.7257753780934945e+02,2.8879420771620725e+00
53600,7.7257753780934945e+02,2.8879420771620725e+00
53700,7.7196092566171455e+02,2.8875953182127136e+00
53800,7.7090023035315699e+02,2.8869981754429115e+00
53900,7.6657137966733944e+02,2.8845526006154691e+00
54000,7.6097112557205719e+02,2.8813681781337386e+00
54100,7.6097112557205719e+02,2.8813681781337386e+00
54200,7.6062250291278951e+02,2.8811691698085178e+00
54300,7.5276051583301364e+02,2.8766568311875877e+00
54400,7.5276051583301364e+02,2.8766568311875877e+00
54500,7.5276051583301364e+02,2.8766568311875877e+00
54600,7.5182857687950718e+02,2.8761188291527486e+00
54700,7.4708022514868458e+02,2.8733672409969242e+00
54800,7.4430749600632896e+02,2.8717523928435331e+00
54900,7.4430749600632896e+02,2.8717523928435331e+00
55000,7.4111331943119330e+02,2.8698846185609082e+00
55100,7.3887691531799283e+02,2.8685720981372955e+00
55200,7.3679336065207326e+02,2.8673457037181636e+00
55300,7.3679336065207326e+02,2.8673457037181636e+00
55400,7.3679336065207326e+02,2.8673457037181636e+00
55500,7.2918236600115779e+02,2.8628361574582648e+00
55600,7.2918236600115779e+02,2.8628361574582648e+00
55700,7.2905230975509630e+02,2.8627586902150419e+00
55800,7.2225564341159134e+02,2.8586909439297865e+00
55900,7.2225564341159134e+02,2.8586909439297865e+00
56000,7.2225564341159134e+02,2.8586909439297865e+00
56100,7.1572065306264358e+02,2.8547435495343638e+00
56200,7.1572065306264358e+02,2.8547435495343638e+00
56300,7.1572065306264358e+02,2.8547435495343638e+00
56400,7.1572065306264358e+02,2.8547435495343638e+00
56500,7.1144195583428518e+02,2.8521394732338274e+00
56600,7.0731760374283112e+02,2.8496144669517167e+00
56700,7.0731760374283112e+02,2.8496144669517167e+00
56800,7.0636791131362247e+02,2.8490309620078480e+00
56900,7.0390431477488028e+02,2.8475136273387474e+00
57000,7.0101686063718330e+02,2.8457284636066449e+00
57100,7.0101686063718330e+02,2.8457284636066449e+00
57200,7.0049291320629254e+02,2.8454037459444628e+00
57300,6.9601762632590135e+02,2.8426202380576089e+00
57400,6.9601762632590135e+02,2.8426202380576089e+00
57500,6.9368545736099804e+02,2.8411625899095458e+00
57600,6.9368545736099804e+02,2.8411625899095458e+00
57700,6.8986651438361014e+02,2.8387650651214611e+00
57800,6.8986651438361014e+02,2.8387650651214611e+00
57900,6.8986651438361014e+02,2.8387650651214611e+00
58000,6.8958038127354985e+02,2.8385848972107390e+00
58100,6.8846000161262759e+02,2.8378787135348067e+00
58200,6.8609369959437527e+02,2.8363834312139491e+00
58300,6.8365755914881083e+02,2.8348386201229681e+00
58400,6.8365755914881083e+02,2.8348386201229681e+00
58500,6.8226083780366798e+02,2.8339504432220290e+00
58600,6.8226083780366798e+02,2.8339504432220290e+00
58700,6.7994862752701499e+02,2.8324761014939623e+00
58800,6.7631318641177995e+02,2.8301478551616177e+00
58900,6.7549532629956298e+02,2.8296223485181802e+00
59000,6.7549532629956298e+02,2.8296223485181802e+00
59100,6.7037911564971319e+02,2.8263204762377261e+00
59200,6.7037911564971319e+02,2.8263204762377261e+00
59300,6.7037911564971319e+02,2.8263204762377261e+00
59400,6.6939061726467230e+02,2.8256796206319521e+00
59500,6.6939061726467230e+02,2.8256796206319521e+00
59600,6.6330505517746406e+02,2.8217133071541154e+00
59700,6.6282013217790450e+02,2.8213956909980369e+00
59800,6.6282013217790450e+02,2.8213956909980369e+00
59900,6.6282013217790450e+02,2.8213956909980369e+00
60000,6.6096387960145103e+02,2.8201777267800496e+00
60100,6.5884664895077140e+02,2.8187843413548319e+00
60200,6.5884664895077140e+02,2.8187843413548319e+00
60300,6.5864429535377667e+02,2.8186509346674629e+00
60400,6.5699055517951138e+02,2.8175591262372475e+00
60500,6.5662454941484384e+02,2.8173171157921830e+00
60600,6.5602407362661415e+02,2.8169197766490828e+00
60700,6.5602407362661415e+02,2.8169197766490828e+00
60800,6.5422308449883826e+02,2.8157258642976521e+00
60900,6.5151147948227572e+02,2.8139220722848055e+00
61000,6.5060134219184999e+02,2.8133149548971303e+00
61100,6.5060134219184999e+02,2.8133149548971303e+00
61200,6.5060134219184999e+02,2.8133149548971303e+00
61300,6.5039041382329583e+02,2.8131741315184748e+00
61400,6.4832310869653566e+02,2.8117915017826465e+00
61500,6.4740196049746237e+02,2.8111740102224712e+00
61600,6.4448253084052271e+02,2.8092111499867287e+00
61700,6.4448253084052271e+02,2.8092111499867287e+00
61800,6.4354305089329046e+02,2.8085776050710307e+00
61900,6.4354305089329046e+02,2.8085776050710307e+00
62000,6.4354305089329046e+02,2.8085776050710307e+00
62100,6.4133853339863026e+02,2.8070873343186835e+00
62200,6.4029846118233797e+02,2.8063824580933816e+00
62300,6.3976859962262779e+02,2.8060229207351548e+00
62400,6.3976859962262779e+02,2.8060229207351548e+00
62500,6.3765799333461098e+02,2.8045878081369033e+00
62600,6.3765799333461098e+02,2.8045878081369033e+00
62700,6.3689030866191138e+02,2.8040646404280123e+00
62800,6.3481356365704028e+02,2.8026461974754948e+00
62900,6.3349877692923997e+02,2.8017457807452772e+00
63000,6.3349877692923997e+02,2.8017457807452772e+00
63100,6.3336067782246403e+02,2.8016510967137673e+00
63200,6.3117301568475796e+02,2.8001484233608758e+00
63300,6.3117301568475796e+02,2.8001484233608758e+00
63400,6.2975136574729345e+02,2.7991691180294125e+00
63500,6.2975136574729345e+02,2.7991691180294125e+00
63600,6.2903029155466243e+02,2.7986715598145477e+00
63700,6.2772730152263534e+02,2.7977710176785591e+00
63800,6.2733034676947818e+02,2.7974962968084149e+00
63900,6.2632024405408595e+02,2.7967964492853614e+00
64000,6.2632024405408595e+02,2.7967964492853614e+00
64100,6.2268863531519014e+02,2.7942709394889587e+00
64200,6.2268863531519014e+02,2.7942709394889587e+00
64300,6.2268863531519014e+02,2.7942709394889587e+00
64400,6.2199361099982798e+02,2.7937859237233424e+00
64500,6.2196246181577419e+02,2.7937641738898091e+00
64600,6.2083576022263344e+02,2.7929767243907158e+00
64700,6.2083576022263344e+02,2.7929767243907158e+00
64800,6.1925778924923839e+02,2.7918714780058553e+00
64900,6.1925778924923839e+02,2.7918714780058553e+00
65000,6.1866192899426028e+02,2.7914533913773059e+00
65100,6.1865546360560302e+02,2.7914488527154653e+00
65200,6.1666429889089716e+02,2.7900488061472561e+00
65300,6.1374130752042663e+02,2.7879853542183630e+00
65400,6.1374130752042663e+02,2.7879853542183630e+00
65500,6.1374130752042663e+02,2.7879853542183630e+00
65600,6.1374130752042663e+02,2.7879853542183630e+00
65700,6.1250691042155950e+02,2.7871109928586453e+00
65800,6.1250691042155950e+02,2.7871109928586453e+00
65900,6.0979780904679842e+02,2.7851858596479335e+00
66000,6.0979780904679842e+02,2.7851858596479335e+00
66100,6.0959037982952748e+02,2.7850381046243293e+00
66200,6.0747456817584805e+02,2.7835281009829633e+00
66300,6.0747456817584805e+02,2.7835281009829633e+00
66400,6.0747456817584805e+02,2.7835281009829633e+00
66500,6.0678186388144400e+02,2.7830325916698673e+00
66600,6.0631996451921736e+02,2.7827018686436427e+00
66700,6.0471193781345198e+02,2.7815485422380455e+00
66800,6.0471193781345198e+02,2.7815485422380455e+00
66900,6.0471193781345198e+02,2.7815485422380455e+00
67000,6.0445788893070630e+02,2.7813660500403521e+00
67100,6.0316689386420467e+02,2.7804374963122074e+00
67200,6.0149059087464093e+02,2.7792288380546100e+00
67300,5.9976500175157639e+02,2.7779811196602044e+00
67400,5.9825935520862197e+02,2.7768894985662351e+00
67500,5.9825935520862197e+02,2.7768894985662351e+00
67600,5.9825935520862197e+02,2.7768894985662351e+00
67700,5.9825935520862197e+02,2.7768894985662351e+00
67800,5.9774920739689446e+02,2.7765190089226794e+00
67900,5.9733247610461297e+02,2.7762161273531456e+00
68000,5.9608755072420058e+02,2.7753100516931886e+00
68100,5.9518838933216000e+02,2.7746544505987147e+00
68200,5.9469494486678946e+02,2.7742942468466971e+00
68300,5.9453971787673015e+02,2.7741808727116841e+00
68400,5.9450625947216031e+02,2.7741564316038403e+00
68500,5.9316760724382152e+02,2.7731774262751236e+00
68600,5.9164583103879886e+02,2.7720618086587048e+00
68700,5.9071640152714178e+02,2.7713790294219307e+00
68800,5.9071640152714178e+02,2.7713790294219307e+00
68900,5.9071640152714178e+02,2.7713790294219307e+00
69000,5.9054548761992248e+02,2.7712533553982688e+00
69100,5.8910747725194972e+02,2.7701945350575907e+00
69200,5.8910747725194972e+02,2.7701945350575907e+00
69300,5.8749190415328883e+02,2.7690018862530867e+00
69400,5.8736943163716967e+02,2.7689113408644395e+00
69500,5.8700939399551669e+02,2.7686450513801040e+00
69600,5.8651213493239550e+02,2.7682770020946132e+00
69700,5.8537297937886638e+02,2.7674326716722666e+00
69800,5.8427475325980947e+02,2.7666171206815870e+00
69900,5.8417628912779298e+02,2.7665439256092217e+00
70000,5.8316169773006118e+02,2.7657889916289413e+00
70100,5.8316169773006118e+02,2.7657889916289413e+00
70200,5.8316169773006118e+02,2.7657889916289413e+00
70300,5.8194909274140798e+02,2.7648849954600738e+00
70400,5.8181621736054092e+02,2.7647858224662731e+00
70500,5.8049815074300147e+02,2.7638008405717689e+00
70600,5.8010708061801108e+02,2.7635081663718615e+00
70700,5.7872736036406900e+02,2.7624740148920619e+00
70800,5.7872736036406900e+02,2.7624740148920619e+00
70900,5.7862842774967555e+02,2.7623997665251254e+00
71000,5.7778685227137146e+02,2.7617676551077648e+00
71100,5.7778685227137146e+02,2.7617676551077648e+00
71200,5.7747724895533293e+02,2.7615348788710401e+00
71300,5.7724929257115059e+02,2.7613634093542485e+00
71400,5.7556605851414008e+02,2.7600951754059171e+00
71500,5.7556605851414008e+02,2.7600951754059171e+00
71600,5.7525735276821445e+02,2.7598621783989241e+00
71700,5.7525735276821445e+02,2.7598621783989241e+00
71800,5.7485866884538177e+02,2.7595610848894152e+00
71900,5.7485866884538177e+02,2.7595610848894152e+00
72000,5.7401963476116839e+02,2.7589267480122359e+00
72100,5.7304256050380945e+02,2.7581868786960615e+00
72200,5.7304256050380945e+02,2.7581868786960615e+00
72300,5.7273824387647971e+02,2.7579561835498287e+00
72400,5.7088053926129942e+02,2.7565452386005092e+00
72500,5.7088053926129942e+02,2.7565452386005092e+00
72600,5.7082198709374029e+02,2.7565006930508416e+00
72700,5.7030951620041355e+02,2.7561106182953421e+00
72800,5.6992017376490980e+02,2.7558140301966989e+00
72900,5.6863666391132847e+02,2.7548348582053439e+00
73000,5.6863666391132847e+02,2.7548348582053439e+00
73100,5.6793079338068605e+02,2.7542954169010145e+00
73200,5.6736886551984912e+02,2.7538655001170098e+00
73300,5.6736886551984912e+02,2.7538655001170098e+00
73400,5.6691033544804566e+02,2.7535143747668345e+00
73500,5.6636563833917410e+02,2.7530968966372713e+00
73600,5.6473209293972172e+02,2.7518424687898086e+00
73700,5.6446377602344171e+02,2.7516360766809855e+00
73800,5.6446377602344171e+02,2.7516360766809855e+00
73900,5.6402536341186601e+02,2.7512986340226036e+00
74000,5.6354133107635323e+02,2.7509257734435959e+00
74100,5.6288355890297987e+02,2.7504185636682137e+00
74200,5.6219753468014562e+02,2.7498889368296640e+00
74300,5.6218367638559846e+02,2.7498782312419299e+00
74400,5.6194666858360722e+02,2.7496951009091197e+00
74500,5.6090943297015087e+02,2.7488927437221871e+00
74600,5.6073852049338427e+02,2.7487603914170036e+00
74700,5.6008475627423172e+02,2.7482537527150268e+00
74800,5.6008475627423172e+02,2.7482537527150268e+00
74900,5.5891176719027931e+02,2.7473432532408979e+00
75000,5.5787943095302842e+02,2.7465403492428191e+00
75100,5.5787286142649623e+02,2.7465352350088779e+00
75200,5.5557427675629401e+02,2.7447421295756298e+00
75300,5.5557427675629401e+02,2.7447421295756298e+00
75400,5.5557427675629401e+02,2.7447421295756298e+00
75500,5.5557427675629401e+02,2.7447421295756298e+00
75600,5.5542841632629381e+02,2.7446280949641291e+00
75700,5.5512798517284375e+02,2.7443931215847637e+00
75800,5.5512798517284375e+02,2.7443931215847637e+00
75900,5.5391813618344975e+02,2.7434455848893262e+00
76000,5.5391813618344975e+02,2.7434455848893262e+00
76100,5.5358314491135036e+02,2.7431828585740092e+00
76200,5.5163175047145796e+02,2.7416492550703704e+00
76300,5.5163175047145796e+02,2.7416492550703704e+00
76400,5.5136947347310206e+02,2.7414427177560134e+00
76500,5.5051767912722687e+02,2.7407712703088873e+00
76600,5.5051767912722687e+02,2.7407712703088873e+00
76700,5.4906284795924034e+02,2.7396220584022166e+00
76800,5.4906284795924034e+02,2.7396220584022166e+00
76900,5.4906284795924034e+02,2.7396220584022166e+00
77000,5.4906284795924034e+02,2.7396220584022166e+00
77100,5.4906284795924034e+02,2.7396220584022166e+00
77200,5.4774775707914262e+02,2.7385806078846899e+00
77300,5.4774775707914262e+02,2.7385806078846899e+00
77400,5.4712973277770618e+02,2.7380903163684440e+00
77500,5.4611223145473241e+02,2.7372819036804024e+00
77600,5.4602669803301205e+02,2.7372138780984101e+00
77700,5.4602669803301205e+02,2.7372138780984101e+00
77800,5.4571584852945307e+02,2.7369665666270908e+00
77900,5.4435081059188826e+02,2.7358788739639111e+00
78000,5.4435081059188826e+02,2.7358788739639111e+00
78100,5.4430610352062297e+02,2.7358432042609739e+00
78200,5.4405121746294185e+02,2.7356397864895223e+00
78300,5.4345948603855572e+02,2.7351671737291818e+00
78400,5.4247380725397329e+02,2.7343787735994902e+00
78500,5.4235880670183440e+02,2.7342866965274064e+00
78600,5.4210277048975388e+02,2.7340816268071348e+00
78700,5.4189737563512620e+02,2.7339170477646642e+00
78800,5.4189737563512620e+02,2.7339170477646642e+00
78900,5.4019012848374359e+02,2.7325466435607808e+00
79000,5.3997414896006717e+02,2.7323729686512404e+00
79100,5.3997414896006717e+02,2.7323729686512404e+00
79200,5.3888693381511791e+02,2.7314976535518838e+00
79300,5.3888693381511791e+02,2.7314976535518838e+00
79400,5.3825683582013698e+02,2.7309895540368405e+00
79500,5.3665693143191606e+02,2.7296967430567576e+00
79600,5.3605328753925369e+02,2.7292079638232729e+00
79700,5.3585879833760839e+02,2.7290503658465282e+00
79800,5.3503383780096965e+02,2.7283812495081929e+00
79900,5.3503383780096965e+02,2.7283812495081929e+00
80000,5.3467395639251811e+02,2.7280890304244858e+00
80100,5.3380412703380966e+02,2.7273819271530280e+00
80200,5.3363256848124365e+02,2.7272423274303326e+00
80300,5.3282128833580805e+02,2.7265815683057739e+00
80400,5.3272600651238042e+02,2.7265038986041086e+00
80500,5.3037638696592319e+02,2.7245841804821613e+00
80600,5.3037638696592319e+02,2.7245841804821613e+00
80700,5.2980826347421396e+02,2.7241187277499344e+00
80800,5.2951157863542630e+02,2.7238754611054388e+00
80900,5.2951157863542630e+02,2.7238754611054388e+00
81000,5.2939633553689725e+02,2.7237809308043688e+00
81100,5.2870096569033433e+02,2.7232101036595098e+00
81200,5.2870096569033433e+02,2.7232101036595098e+00
81300,5.2750201205439214e+02,2.7222241205051869e+00
81400,5.2715022679682306e+02,2.7219343977013750e+00
81500,5.2715022679682306e+02,2.7219343977013750e+00
81600,5.2530037001205358e+02,2.7204077067123729e+00
81700,5.2530037001205358e+02,2.7204077067123729e+00
81800,5.2530037001205358e+02,2.7204077067123729e+00
81900,5.2496738840854425e+02,2.7201323253600171e+00
82000,5.2473246323030878e+02,2.7199379332009403e+00
82100,5.2418119497780538e+02,2.7194814365574271e+00
82200,5.2305423507473620e+02,2.7185467228490983e+00
82300,5.2297320137276085e+02,2.7184794349588186e+00
82400,5.2229243660766929e+02,2.7179137368013113e+00
82500,5.2166703574309020e+02,2.7173933944237585e+00
82600,5.2166703574309020e+02,2.7173933944237585e+00
82700,5.2166703574309020e+02,2.7173933944237585e+00
82800,5.2105807326401361e+02,2.7168861292353941e+00
82900,5.1994831031557692e+02,2.7159601712107238e+00
83000,5.1994831031557692e+02,2.7159601712107238e+00
83100,5.1982946469339981e+02,2.7158608923082981e+00
83200,5.1971747262124097e+02,2.7157673178146458e+00
83300,5.1881180357483038e+02,2.7150098482314360e+00
83400,5.1864445452331506e+02,2.7148697386707910e+00
83500,5.1853050894809223e+02,2.7147743142024061e+00
83600,5.1738939433213932e+02,2.7138175221187617e+00
83700,5.1738939433213932e+02,2.7138175221187617e+00
83800,5.1635589799734760e+02,2.7129491420484682e+00
83900,5.1562492336661649e+02,2.7123339013481425e+00
84000,5.1562353924903823e+02,2.7123327355483409e+00
84100,5.1541146515894820e+02,2.7121540750606057e+00
84200,5.1488886191906658e+02,2.7117134972663348e+00
84300,5.1488886191906658e+02,2.7117134972663348e+00
84400,5.1315506892805604e+02,2.7102486232078316e+00
84500,5.1304476435654863e+02,2.7101552599751257e+00
84600,5.1301749146945053e+02,2.7101321727515040e+00
84700,5.1301749146945053e+02,2.7101321727515040e+00
84800,5.1232956680251448e+02,2.7095494199572521e+00
84900,5.1232956680251448e+02,2.7095494199572521e+00
85000,5.1153929604707378e+02,2.7088790014907742e+00
85100,5.1153929604707378e+02,2.7088790014907742e+00
85200,5.1109352624958552e+02,2.7085003800123917e+00
85300,5.1049243690846612e+02,2.7079893122735648e+00
85400,5.1034067879617442e+02,2.7078601869342243e+00
85500,5.0974442394288928e+02,2.7073524837604688e+00
85600,5.0947367906882300e+02,2.7071217519725841e+00
85700,5.0904677271505500e+02,2.7067576884247906e+00
85800,5.0904677271505500e+02,2.7067576884247906e+00
85900,5.0877775174767339e+02,2.7065281118689843e+00
86000,5.0831596098532020e+02,2.7061337466474633e+00
86100,5.0769733185980942e+02,2.7056048810299616e+00
86200,5.0697403326355209e+02,2.7049857157452659e+00
86300,5.0697403326355209e+02,2.7049857157452659e+00
86400,5.0697403326355209e+02,2.7049857157452659e+00
86500,5.0694575439734820e+02,2.7049614902479444e+00
86600,5.0671309057810959e+02,2.7047621241296311e+00
86700,5.0530733104379829e+02,2.7035555990669904e+00
86800,5.0530733104379829e+02,2.7035555990669904e+00
86900,5.0530733104379829e+02,2.7035555990669904e+00
87000,5.0530733104379829e+02,2.7035555990669904e+00
87100,5.0507701547965229e+02,2.7033576055397122e+00
87200,5.0457523607776619e+02,2.7029259320739674e+00
87300,5.0393105093216400e+02,2.7023711192865587e+00
87400,5.0388840167004298e+02,2.7023343620297711e+00
87500,5.0388840167004298e+02,2.7023343620297711e+00
87600,5.0306975691583813e+02,2.7016282095949582e+00
87700,5.0306975691583813e+02,2.7016282095949582e+00
87800,5.0264055957244028e+02,2.7012575301932555e+00
87900,5.0195303706545042e+02,2.7006630862736722e+00
88000,5.0111531218228617e+02,2.6999376733365148e+00
88100,5.0111531218228617e+02,2.6999376733365148e+00
88200,5.0072780693500982e+02,2.6996017097594196e+00
88300,5.0072780693500982e+02,2.6996017097594196e+00
88400,5.0042120511396342e+02,2.6993357044363715e+00
88500,4.9949005028194892e+02,2.6985268416096817e+00
88600,4.9926498855732711e+02,2.6983311118001803e+00
88700,4.9926498855732711e+02,2.6983311118001803e+00
88800,4.9888302296498608e+02,2.6979987251096031e+00
88900,4.9888302296498608e+02,2.6979987251096031e+00
89000,4.9888302296498608e+02,2.6979987251096031e+00
89100,4.9818377171432780e+02,2.6973895763323452e+00
89200,4.9786994650850920e+02,2.6971159112534737e+00
89300,4.9734588645946280e+02,2.6966585302493060e+00
89400,4.9686010907336828e+02,2.6962341303644712e+00
89500,4.9657329212467488e+02,2.6959833575971279e+00
89600,4.9649243297854508e+02,2.6959126338168873e+00
89700,4.9632703606171708e+02,2.6957679328491753e+00
89800,4.9604586991312539e+02,2.6955218380407349e+00
89900,4.9570385141005102e+02,2.6952222932033854e+00
90000,4.9496233597915852e+02,2.6945721526734614e+00
90100,4.9475275778832571e+02,2.6943882236746219e+00
90200,4.9406069586861832e+02,2.6937803057284642e+00
90300,4.9406069586861832e+02,2.6937803057284642e+00
90400,4.9406069586861832e+02,2.6937803057284642e+00
90500,4.9406069586861832e+02,2.6937803057284642e+00
90600,4.9382722523162420e+02,2.6935750293827265e+00
90700,4.9362914747948122e+02,2.6934007957086634e+00
90800,4.9298112721723010e+02,2.6928302935119088e+00
90900,4.9298112721723010e+02,2.6928302935119088e+00
91000,4.9286642523411462e+02,2.6927292344010323e+00
91100,4.9160573353348173e+02,2.6916169393637905e+00
91200,4.9160573353348173e+02,2.6916169393637905e+00
91300,4.9160573353348173e+02,2.6916169393637905e+00
91400,4.9160573353348173e+02,2.6916169393637905e+00
91500,4.9121010967121811e+02,2.6912672965069753e+00
91600,4.9075357761690913e+02,2.6908634743110018e+00
91700,4.9000786137047118e+02,2.6902030476253063e+00
91800,4.9000786137047118e+02,2.6902030476253063e+00
91900,4.9000786137047118e+02,2.6902030476253063e+00
92000,4.9000786137047118e+02,2.6902030476253063e+00
92100,4.8920198134712552e+02,2.6894882073306845e+00
92200,4.8913919796309551e+02,2.6894324671086567e+00
92300,4.8858479078055950e+02,2.6889399436384736e+00
92400,4.8805057498144038e+02,2.6884648287594191e+00
92500,4.8805057498144038e+02,2.6884648287594191e+00
92600,4.8796414217175862e+02,2.6883879092381480e+00
92700,4.8755560102826422e+02,2.6880241499685695e+00
92800,4.8623310300015800e+02,2.6868445225059059e+00
92900,4.8623310300015800e+02,2.6868445225059059e+00
93000,4.8623310300015800e+02,2.6868445225059059e+00
93100,4.8569250494874967e+02,2.6863614016313333e+00
93200,4.8552199471656633e+02,2.6862089087397392e+00
93300,4.8552199471656633e+02,2.6862089087397392e+00
93400,4.8537606008753698e+02,2.6860783520777503e+00
93500,4.8492111248368269e+02,2.6856710928298142e+00
93600,4.8489401566494189e+02,2.6856468242893103e+00
93700,4.8443816525180893e+02,2.6852383506257125e+00
93800,4.8386461982483888e+02,2.6847238676622776e+00
93900,4.8330283378840920e+02,2.6842193415801403e+00
94000,4.8330283378840920e+02,2.6842193415801403e+00
94100,4.8325082372053589e+02,2.6841726029736965e+00
94200,4.8308863238596808e+02,2.6840268181734763e+00
94300,4.8187589425767578e+02,2.6829352013526222e+00
94400,4.8187589425767578e+02,2.6829352013526222e+00
94500,4.8187589425767578e+02,2.6829352013526222e+00
94600,4.8128514169824763e+02,2.6824024542847393e+00
94700,4.8128514169824763e+02,2.6824024542847393e+00
94800,4.8029008424541939e+02,2.6815036205720224e+00
94900,4.7969930160852658e+02,2.6809690861795015e+00
95000,4.7969930160852658e+02,2.6809690861795015e+00
95100,4.7928364444426597e+02,2.6805926089442194e+00
95200,4.7928364444426597e+02,2.6805926089442194e+00
95300,4.7880904730164661e+02,2.6801623479918066e+00
95400,4.7880904730164661e+02,2.6801623479918066e+00
95500,4.7808456654909241e+02,2.6795047240958065e+00
95600,4.7799150837425799e+02,2.6794201813423286e+00
95700,4.7790948634916089e+02,2.6793456512117433e+00
95800,4.7696725374749099e+02,2.6784885635161166e+00
95900,4.7696725374749099e+02,2.6784885635161166e+00
96000,4.7686303561694729e+02,2.6783936590877415e+00
96100,4.7645939663489781e+02,2.6780258964355061e+00
96200,4.7645939663489781e+02,2.6780258964355061e+00
96300,4.7614245395679399e+02,2.6777369058962295e+00
96400,4.7614245395679399e+02,2.6777369058962295e+00
96500,4.7556377614276562e+02,2.6772087668456361e+00
96600,4.7535430512098901e+02,2.6770174315200386e+00
96700,4.7473209287210369e+02,2.6764485919166785e+00
96800,4.7473209287210369e+02,2.6764485919166785e+00
96900,4.7453439779120907e+02,2.6762676988064347e+00
97000,4.7421586078789733e+02,2.6759760754487227e+00
97100,4.7398098500112360e+02,2.6757609191535554e+00
97200,4.7337193748717118e+02,2.6752025084394724e+00
97300,4.7337193748717118e+02,2.6752025084394724e+00
97400,4.7325953144799041e+02,2.6750993694157228e+00
97500,4.7300722839543539e+02,2.6748677775840353e+00
97600,4.7249386284430079e+02,2.6743961718925529e+00
97700,4.7241018034308291e+02,2.6743192479998723e+00
97800,4.7218285101151719e+02,2.6741102100906291e+00
97900,4.7162601531398400e+02,2.6735977531569151e+00
98000,4.7134118049535869e+02,2.6733353851884538e+00
98100,4.7117110854139793e+02,2.6731786523526222e+00
98200,4.7031143906523539e+02,2.6723855419238247e+00
98300,4.7007316793024438e+02,2.6721654620957032e+00
98400,4.7007316793024438e+02,2.6721654620957032e+00
98500,4.7005226632794518e+02,2.6721461509480369e+00
98600,4.6935038508383047e+02,2.6714971785238388e+00
98700,4.6874178934244048e+02,2.6709336735368399e+00
98800,4.6874178934244048e+02,2.6709336735368399e+00
98900,4.6874178934244048e+02,2.6709336735368399e+00
99000,4.6874178934244048e+02,2.6709336735368399e+00
99100,4.6806746683550392e+02,2.6703084564130064e+00
99200,4.6806746683550392e+02,2.6703084564130064e+00
99300,4.6802777258310988e+02,2.6702716247017393e+00
99400,4.6765847474859288e+02,2.6699288088903610e+00
99500,4.6732222669785108e+02,2.6696164373535844e+00
99600,4.6682025683237492e+02,2.6691496932166148e+00
99700,4.6682025683237492e+02,2.6691496932166148e+00
99800,4.6665626270584738e+02,2.6689970986018441e+00
99900,4.6620489733547703e+02,2.6685768313351423e+00
100000,4.6571442061821313e+02,2.6681196858561851e+00
100100,4.6564582017018199e+02,2.6680557089012216e+00
100200,4.6532132021676262e+02,2.6677529516099239e+00
100300,4.6505183273905112e+02,2.6675013602405611e+00
100400,4.6505183273905112e+02,2.6675013602405611e+00
100500,4.6479084249182341e+02,2.6672575628107431e+00
100600,4.6442804108917932e+02,2.6669184335528566e+00
100700,4.6397663445935132e+02,2.6664961103374729e+00
100800,4.6397663445935132e+02,2.6664961103374729e+00
100900,4.6353059898420997e+02,2.6660784084510945e+00
101000,4.6331557776891589e+02,2.6658769024594595e+00
101100,4.6233176934186548e+02,2.6649537372101189e+00
101200,4.6233176934186548e+02,2.6649537372101189e+00
101300,4.6230908656551082e+02,2.6649324294676715e+00
101400,4.6179296669757582e+02,2.6644473141426710e+00
101500,4.6179296669757582e+02,2.6644473141426710e+00
101600,4.6114157835843821e+02,2.6638342817022855e+00
101700,4.6114157835843821e+02,2.6638342817022855e+00
101800,4.6081037740538392e+02,2.6635222507952498e+00
101900,4.6073480642342821e+02,2.6634510224689456e+00
102000,4.6034442580460001e+02,2.6630828887561910e+00
102100,4.5990048892571582e+02,2.6626638712779460e+00
102200,4.5966511774104362e+02,2.6624415480240242e+00
102300,4.5922370587270279e+02,2.6620242989543077e+00
102400,4.5840243061102348e+02,2.6612469117476332e+00
102500,4.5775790086996602e+02,2.6606358489313884e+00
102600,4.5775790086996602e+02,2.6606358489313884e+00
102700,4.5775790086996602e+02,2.6606358489313884e+00
102800,4.5662428026034490e+02,2.6595590006774996e+00
102900,4.5662428026034490e+02,2.6595590006774996e+00
103000,4.5616617473315978e+02,2.6591230786798463e+00
103100,4.5616617473315978e+02,2.6591230786798463e+00
103200,4.5616617473315978e+02,2.6591230786798463e+00
103300,4.5541775005064852e+02,2.6584099533735963e+00
103400,4.5541775005064852e+02,2.6584099533735963e+00
103500,4.5494068651241651e+02,2.6579547786362276e+00
103600,4.5446591384309443e+02,2.6575013155338105e+00
103700,4.5350014695907339e+02,2.6565774321315150e+00
103800,4.5293313111927642e+02,2.6560340895856238e+00
103900,4.5293313111927642e+02,2.6560340895856238e+00
104000,4.5262506916779063e+02,2.6557386041916793e+00
104100,4.5205539487472112e+02,2.6551916565245284e+00
104200,4.5142690758476101e+02,2.6545874419090136e+00
104300,4.5142690758476101e+02,2.6545874419090136e+00
104400,4.5142690758476101e+02,2.6545874419090136e+00
104500,4.5078032222947633e+02,2.6539649496684818e+00
104600,4.5061049384204267e+02,2.6538013013794366e+00
104700,4.4968135570810273e+02,2.6529048816063110e+00
104800,4.4888564266545040e+02,2.6521357149786522e+00
104900,4.4876764818674002e+02,2.6520215409388168e+00
105000,4.4842122714138458e+02,2.6516861628260759e+00
105100,4.4828435522005759e+02,2.6515535825861609e+00
105200,4.4828435522005759e+02,2.6515535825861609e+00
105300,4.4760596579378807e+02,2.6508958662702002e+00
105400,4.4719211285572561e+02,2.6504941352776457e+00
105500,4.4627466867915422e+02,2.6496022362353719e+00
105600,4.4580392445008829e+02,2.6491438872925275e+00
105700,4.4580392445008829e+02,2.6491438872925275e+00
105800,4.4580392445008829e+02,2.6491438872925275e+00
105900,4.4580392445008829e+02,2.6491438872925275e+00
106000,4.4488616456211679e+02,2.6482488999090750e+00
106100,4.4488616456211679e+02,2.6482488999090750e+00
106200,4.4476254605161000e+02,2.6481282076927446e+00
106300,4.4446429037381063e+02,2.6478368741553031e+00
106400,4.4420870916580537e+02,2.6475870690831727e+00
106500,4.4398556563578222e+02,2.6473688510456332e+00
106600,4.4379183868675233e+02,2.6471793113121698e+00
106700,4.4323998362591442e+02,2.6466389301609530e+00
106800,4.4258238708861882e+02,2.6459941268473988e+00
106900,4.4255098006326102e+02,2.6459633068640653e+00
107000,4.4198748325294463e+02,2.6454099706360878e+00
107100,4.4198748325294463e+02,2.6454099706360878e+00
107200,4.4193990892343652e+02,2.6453632218443013e+00
107300,4.4161603220808979e+02,2.6450448314175179e+00
107400,4.4083162416207739e+02,2.6442727421650640e+00
107500,4.4042125039236743e+02,2.6438682655801213e+00
107600,4.4042125039236743e+02,2.6438682655801213e+00
107700,4.4034178774317962e+02,2.6437899012785802e+00
107800,4.3990483077885801e+02,2.6433587311723206e+00
107900,4.3930492958091207e+02,2.6427660766497421e+00
108000,4.3886137675097768e+02,2.6423273612003668e+00
108100,4.3886137675097768e+02,2.6423273612003668e+00
108200,4.3863747021585442e+02,2.6421057281461180e+00
108300,4.3863747021585442e+02,2.6421057281461180e+00
108400,4.3786012445880527e+02,2.6413353961717214e+00
108500,4.3786012445880527e+02,2.6413353961717214e+00
108600,4.3774062987703343e+02,2.6412168584990523e+00
108700,4.3766081862158791e+02,2.6411376683446628e+00
108800,4.3748343463638730e+02,2.6409616130561342e+00
108900,4.3709387322206129e+02,2.6405747189936584e+00
109000,4.3663713994536192e+02,2.6401206736253466e+00
109100,4.3663713994536192e+02,2.6401206736253466e+00
109200,4.3646092742256559e+02,2.6399453711474417e+00
109300,4.3585785533930880e+02,2.6393448775553026e+00
109400,4.3563233261933919e+02,2.6391201056040718e+00
109500,4.3548813848551958e+02,2.6389763305022580e+00
109600,4.3536005048577442e+02,2.6388485747978931e+00
109700,4.3519691245833508e+02,2.6386858055617588e+00
109800,4.3479417148186690e+02,2.6382837136336010e+00
109900,4.3457040935295839e+02,2.6380601511325925e+00
110000,4.3414702232903210e+02,2.6376368266865686e+00
110100,4.3392150726036039e+02,2.6374111764094876e+00
110200,4.3343146147386341e+02,2.6369204322458706e+00
110300,4.3297872928129169e+02,2.6364665615204173e+00
110400,4.3297872928129169e+02,2.6364665615204173e+00
110500,4.3260021871516187e+02,2.6360867346748802e+00
110600,4.3204476083487822e+02,2.6355287430569856e+00
110700,4.3191793080939652e+02,2.6354012338922153e+00
110800,4.3121178634248457e+02,2.6346906229429372e+00
110900,4.3049462171476029e+02,2.6339677300656499e+00
111000,4.3049462171476029e+02,2.6339677300656499e+00
111100,4.2999973197946451e+02,2.6334681848822008e+00
111200,4.2999973197946451e+02,2.6334681848822008e+00
111300,4.2988104077357588e+02,2.6333482916650746e+00
111400,4.2988104077357588e+02,2.6333482916650746e+00
111500,4.2964501660337260e+02,2.6331097788325390e+00
111600,4.2951219713556128e+02,2.6329755012835716e+00
111700,4.2920330486163198e+02,2.6326630573704382e+00
111800,4.2865732986865851e+02,2.6321102543879475e+00
111900,4.2865732986865851e+02,2.6321102543879475e+00
112000,4.2840706605164968e+02,2.6318566253762805e+00
112100,4.2705164477945237e+02,2.6304803988809282e+00
112200,4.2705164477945237e+02,2.6304803988809282e+00
112300,4.2705164477945237e+02,2.6304803988809282e+00
112400,4.2705164477945237e+02,2.6304803988809282e+00
112500,4.2695294813257669e+02,2.6303800167291995e+00
112600,4.2695294813257669e+02,2.6303800167291995e+00
112700,4.2617974305367170e+02,2.6295928032170246e+00
112800,4.2616501728616731e+02,2.6295777968020921e+00
112900,4.2612708287822738e+02,2.6295391370420163e+00
113000,4.2607727384233232e+02,2.6294883703701677e+00
113100,4.2593661909467937e+02,2.6293449793249732e+00
113200,4.2513490681709101e+02,2.6285267653191746e+00
113300,4.2456202150752569e+02,2.6279411424738668e+00
113400,4.2456202150752569e+02,2.6279411424738668e+00
113500,4.2456202150752569e+02,2.6279411424738668e+00
113600,4.2445059684058572e+02,2.6278271486009093e+00
113700,4.2436826241050818e+02,2.6277428964936997e+00
113800,4.2401543875779299e+02,2.6273816699069985e+00
113900,4.2385454916105073e+02,2.6272168487294709e+00
114000,4.2366109668494943e+02,2.6270185860903039e+00
114100,4.2349248153209533e+02,2.6268457044940980e+00
114200,4.2334420785038378e+02,2.6266936221782413e+00
114300,4.2304643584302380e+02,2.6263880404803324e+00
114400,4.2267698927666669e+02,2.6260086052877680e+00
114500,4.2264420056611311e+02,2.6259749140559845e+00
114600,4.2264420056611311e+02,2.6259749140559845e+00
114700,4.2218130593878982e+02,2.6254989989683861e+00
114800,4.2171838282381259e+02,2.6250225324470149e+00
114900,4.2171838282381259e+02,2.6250225324470149e+00
115000,4.2171838282381259e+02,2.6250225324470149e+00
115100,4.2143107612106218e+02,2.6247265571151828e+00
115200,4.2081832816790393e+02,2.6240946466609913e+00
115300,4.2081832816790393e+02,2.6240946466609913e+00
115400,4.2060119832718868e+02,2.6238705056925378e+00
115500,4.2051182117216678e+02,2.6237782089274644e+00
115600,4.2037454046587908e+02,2.6236364055721904e+00
115700,4.2011025577268668e+02,2.6233632837068064e+00
115800,4.1974789386941399e+02,2.6229885256958840e+00
115900,4.1951766207691043e+02,2.6227502497441479e+00
116000,4.1918248527229429e+02,2.6224031282015652e+00
116100,4.1898797651088222e+02,2.6222015604128366e+00
116200,4.1898797651088222e+02,2.6222015604128366e+00
116300,4.1845349635669641e+02,2.6216472009245919e+00
116400,4.1845349635669641e+02,2.6216472009245919e+00
116500,4.1823463161967328e+02,2.6214199914147107e+00
116600,4.1806452923967538e+02,2.6212433213199220e+00
116700,4.1779157641295558e+02,2.6209596794110421e+00
116800,4.1745164787352383e+02,2.6206061797530391e+00
116900,4.1745164787352383e+02,2.6206061797530391e+00
117000,4.1672213172384357e+02,2.6198465660447554e+00
117100,4.1653942432128912e+02,2.6196561124772573e+00
117200,4.1653942432128912e+02,2.6196561124772573e+00
117300,4.1653942432128912e+02,2.6196561124772573e+00
117400,4.1595360746495680e+02,2.6190448951807976e+00
117500,4.1589199077120361e+02,2.6189805568223430e+00
117600,4.1530597990042628e+02,2.6183681844666329e+00
117700,4.1524320349404672e+02,2.6183025328532636e+00
117800,4.1472007834621292e+02,2.6177550618985697e+00
117900,4.1464249372189988e+02,2.6176738077512214e+00
118000,4.1444031937444612e+02,2.6174619997054269e+00
118100,4.1440948875539613e+02,2.6174296909141312e+00
118200,4.1366662512883983e+02,2.6166504831699218e+00
118300,4.1366662512883983e+02,2.6166504831699218e+00
118400,4.1320770782762969e+02,2.6161684140958541e+00
118500,4.1320770782762969e+02,2.6161684140958541e+00
118600,4.1293550089223749e+02,2.6158822216463928e+00
118700,4.1280754179148079e+02,2.6157476230389807e+00
118800,4.1244122857656521e+02,2.6153620718596349e+00
118900,4.1218478663469631e+02,2.6150919583249705e+00
119000,4.1218478663469631e+02,2.6150919583249705e+00
119100,4.1196136684764309e+02,2.6148564904225067e+00
119200,4.1156724046350348e+02,2.6144407989083249e+00
119300,4.1130101068190220e+02,2.6141597766937941e+00
119400,4.1115646661683718e+02,2.6140071251775066e+00
119500,4.1066083941272149e+02,2.6134832905384799e+00
119600,4.1066083941272149e+02,2.6134832905384799e+00
119700,4.1015770431081347e+02,2.6129508736542659e+00
119800,4.1009341475532779e+02,2.6128827954801563e+00
119900,4.0996998819886699e+02,2.6127520654107426e+00
120000,4.0989201019901202e+02,2.6126694529339716e+00
120100,4.0983446180008980e+02,2.6126084741733995e+00
120200,4.0955414849941332e+02,2.6123113293927500e+00
120300,4.0925619454559597e+02,2.6119952616615238e+00
120400,4.0904671282188758e+02,2.6117729069372904e+00
120500,4.0885833388080903e+02,2.6115728545317118e+00
120600,4.0872376995352829e+02,2.6114298955032917e+00
120700,4.0832594142376490e+02,2.6110069720349447e+00
120800,4.0798086721444378e+02,2.6106397967711930e+00
120900,4.0795624889034980e+02,2.6106135898439682e+00
121000,4.0765751054210023e+02,2.6102954480262777e+00
121100,4.0715882716679579e+02,2.6097638546962734e+00
121200,4.0693571512064392e+02,2.6095258078162549e+00
121300,4.0693571512064392e+02,2.6095258078162549e+00
121400,4.0693571512064392e+02,2.6095258078162549e+00
121500,4.0640119268242762e+02,2.6089549738197531e+00
121600,4.0619309052384159e+02,2.6087325316416830e+00
121700,4.0597261415312391e+02,2.6084967381995479e+00
121800,4.0578789504252819e+02,2.6082990875602037e+00
121900,4.0563827697529359e+02,2.6081389293006594e+00
122000,4.0517386867936852e+02,2.6076414281632947e+00
122100,4.0514623821290490e+02,2.6076118108330073e+00
122200,4.0499201550473242e+02,2.6074464611000572e+00
122300,4.0471974989491400e+02,2.6071543980191798e+00
122400,4.0454576152698547e+02,2.6069676553785892e+00
122500,4.0412961247492700e+02,2.6065206744052043e+00
122600,4.0412064916623569e+02,2.6065110419542439e+00
122700,4.0398566018063298e+02,2.6063659497270648e+00
122800,4.0382930630383822e+02,2.6061978329439368e+00
122900,4.0360530453751397e+02,2.6059568654841803e+00
123000,4.0359575079776408e+02,2.6059465851793475e+00
123100,4.0345395161467951e+02,2.6057939735044986e+00
123200,4.0310840806942468e+02,2.6054218567987268e+00
123300,4.0274719617293090e+02,2.6050325256502553e+00
123400,4.0274719617293090e+02,2.6050325256502553e+00
123500,4.0266043518695909e+02,2.6049389585765632e+00
123600,4.0203559088281918e+02,2.6042645014422288e+00
123700,4.0203559088281918e+02,2.6042645014422288e+00
123800,4.0203559088281918e+02,2.6042645014422288e+00
123900,4.0203559088281918e+02,2.6042645014422288e+00
124000,4.0179178791562532e+02,2.6040010561071645e+00
124100,4.0167413196623193e+02,2.6038738638300924e+00
124200,4.0085017897456800e+02,2.6029820818404792e+00
124300,4.0085017897456800e+02,2.6029820818404792e+00
124400,4.0085017897456800e+02,2.6029820818404792e+00
124500,4.0085017897456800e+02,2.6029820818404792e+00
124600,4.0055975663579278e+02,2.6026673145308457e+00
124700,4.0002852615663159e+02,2.6020909621046666e+00
124800,4.0002852615663159e+02,2.6020909621046666e+00
124900,3.9990484210058082e+02,2.6019566626602333e+00
125000,3.9981938510288143e+02,2.6018638469084534e+00
125100,3.9938623943713992e+02,2.6013930974914476e+00
125200,3.9938623943713992e+02,2.6013930974914476e+00
125300,3.9913962038823212e+02,2.6011248399412121e+00
125400,3.9906754673032412e+02,2.6010464111991647e+00
125500,3.9861159823079498e+02,2.6005499310286759e+00
125600,3.9861159823079498e+02,2.6005499310286759e+00
125700,3.9861159823079498e+02,2.6005499310286759e+00
125800,3.9834243714511791e+02,2.6002565761461898e+00
125900,3.9826510759321633e+02,2.6001722590994678e+00
126000,3.9814224930885842e+02,2.6000382656728287e+00
126100,3.9748818613307168e+02,2.5993242253862960e+00
126200,3.9748818613307168e+02,2.5993242253862960e+00
126300,3.9715908028266000e+02,2.5989644963115022e+00
126400,3.9715908028266000e+02,2.5989644963115022e+00
126500,3.9644681845790501e+02,2.5981849369264003e+00
126600,3.9644681845790501e+02,2.5981849369264003e+00
126700,3.9644681845790501e+02,2.5981849369264003e+00
126800,3.9633569761219093e+02,2.5980631906228280e+00
126900,3.9596122248328862e+02,2.5976526564150642e+00
127000,3.9588795339766330e+02,2.5975722866662756e+00
127100,3.9567191164970251e+02,2.5973352212326350e+00
127200,3.9555380898637571e+02,2.5972055709090318e+00
127300,3.9555380898637571e+02,2.5972055709090318e+00
127400,3.9542046476858752e+02,2.5970591422312626e+00
127500,3.9527322188977558e+02,2.5968973937018744e+00
127600,3.9489950464404689e+02,2.5964865889644706e+00
127700,3.9436471219041277e+02,2.5958980472767377e+00
127800,3.9436471219041277e+02,2.5958980472767377e+00
127900,3.9388932155357321e+02,2.5953742071274433e+00
128000,3.9350829252443049e+02,2.5949538888161867e+00
128100,3.9350829252443049e+02,2.5949538888161867e+00
128200,3.9343826841114469e+02,2.5948765999948358e+00
128300,3.9343826841114469e+02,2.5948765999948358e+00
128400,3.9322985786837472e+02,2.5946464863095615e+00
128500,3.9284028667080202e+02,2.5942160192922317e+00
128600,3.9263498668872830e+02,2.5939889958469271e+00
128700,3.9263498668872830e+02,2.5939889958469271e+00
128800,3.9254940308876928e+02,2.5938943213072019e+00
128900,3.9236492882855032e+02,2.5936901814374518e+00
129000,3.9218574987628159e+02,2.5934918094680972e+00
129100,3.9204503079064688e+02,2.5933359535018381e+00
129200,3.9184815405598920e+02,2.5931178052058010e+00
129300,3.9176633251107182e+02,2.5930271110029839e+00
129400,3.9175335816362173e+02,2.5930127279885649e+00
129500,3.9150576152619823e+02,2.5927381576599227e+00
129600,3.9114539287443552e+02,2.5923382192529023e+00
129700,3.9114539287443552e+02,2.5923382192529023e+00
129800,3.9114539287443552e+02,2.5923382192529023e+00
129900,3.9071362860934209e+02,2.5918585602562763e+00
130000,3.9011894855081619e+02,2.5911970450341801e+00
130100,3.9011894855081619e+02,2.5911970450341801e+00
130200,3.9011894855081619e+02,2.5911970450341801e+00
130300,3.9011894855081619e+02,2.5911970450341801e+00
130400,3.8976788197980119e+02,2.5908060491129716e+00
130500,3.8963495271305010e+02,2.5906579089086423e+00
130600,3.8945294769093312e+02,2.5904549952754539e+00
130700,3.8934986880201137e+02,2.5903400326893595e+00
130800,3.8934814880024101e+02,2.5903381141348985e+00
130900,3.8886654298475059e+02,2.5898005792437440e+00
131000,3.8874222964566661e+02,2.5896617212484347e+00
131100,3.8848820154282879e+02,2.5893778337349973e+00
131200,3.8836864189329390e+02,2.5892441563479727e+00
131300,3.8835919084169359e+02,2.5892335875505501e+00
131400,3.8809276201486949e+02,2.5889355431617758e+00
131500,3.8779710179723122e+02,2.5886045590537408e+00
131600,3.8770687089318540e+02,2.5885034975884715e+00
131700,3.8761134237839019e+02,2.5883964769965653e+00
131800,3.8753976411352318e+02,2.5883162705818834e+00
131900,3.8736244067786538e+02,2.5881175084916830e+00
132000,3.8687694042107091e+02,2.5875728446182813e+00
132100,3.8656813003924839e+02,2.5872260464886438e+00
132200,3.8634736009763083e+02,2.5869779490672680e+00
132300,3.8629629199898358e+02,2.5869205394362802e+00
132400,3.8629629199898358e+02,2.5869205394362802e+00
132500,3.8624545335610600e+02,2.5868633802154775e+00
132600,3.8605993198166448e+02,2.5866547298233540e+00
132700,3.8591047786243553e+02,2.5864865702688888e+00
132800,3.8538397391923962e+02,2.5858936506848873e+00
132900,3.8538397391923962e+02,2.5858936506848873e+00
133000,3.8538397391923962e+02,2.5858936506848873e+00
133100,3.8535534087309378e+02,2.5858613825140329e+00
133200,3.8508049475711061e+02,2.5855515211314559e+00
133300,3.8496181417349862e+02,2.5854176523235162e+00
133400,3.8496181417349862e+02,2.5854176523235162e+00
133500,3.8455657253533508e+02,2.5849602383705790e+00
133600,3.8455657253533508e+02,2.5849602383705790e+00
133700,3.8441585259554267e+02,2.5848012888633392e+00
133800,3.8441585259554267e+02,2.5848012888633392e+00
133900,3.8408788869489700e+02,2.5844306129295531e+00
134000,3.8408788869489700e+02,2.5844306129295531e+00
134100,3.8383460639849272e+02,2.5841441280085258e+00
134200,3.8383460639849272e+02,2.5841441280085258e+00
134300,3.8383460639849272e+02,2.5841441280085258e+00
134400,3.8355338907441057e+02,2.5838258245212362e+00
134500,3.8333279512066377e+02,2.5835759758697145e+00
134600,3.8333279512066377e+02,2.5835759758697145e+00
134700,3.8317631359540343e+02,2.5833986549139381e+00
134800,3.8287363614262040e+02,2.5830554627906945e+00
134900,3.8277711138448632e+02,2.5829459607228595e+00
135000,3.8275041574735968e+02,2.5829156711055989e+00
135100,3.8245139280991731e+02,2.5825762468730584e+00
135200,3.8236765250271873e+02,2.5824811447604801e+00
135300,3.8233122036763621e+02,2.5824397630459162e+00
135400,3.8196282949859318e+02,2.5820211018407773e+00
135500,3.8186332742955352e+02,2.5819079525348143e+00
135600,3.8154827837958283e+02,2.5815494982732927e+00
135700,3.8144123424987112e+02,2.5814276389963582e+00
135800,3.8144123424987112e+02,2.5814276389963582e+00
135900,3.8135057510496699e+02,2.5813244056735338e+00
136000,3.8124243289168408e+02,2.5812012323259896e+00
136100,3.8099274646972822e+02,2.5809167074389832e+00
136200,3.8099274646972822e+02,2.5809167074389832e+00
136300,3.8087598488454358e+02,2.5807835902484380e+00
136400,3.8068105684605229e+02,2.5805612663286399e+00
136500,3.8064315543362437e+02,2.5805180248974025e+00
136600,3.8050572537105700e+02,2.5803611958722947e+00
136700,3.8028335353594088e+02,2.5801073150889096e+00
136800,3.8021479892363220e+02,2.5800290167003621e+00
136900,3.8019430913829251e+02,2.5800056119288617e+00
137000,3.8005093865163468e+02,2.5798418094923652e+00
137100,3.7972189936421307e+02,2.5794656445424216e+00
137200,3.7968758900597658e+02,2.5794264014213057e+00
137300,3.7956916259850641e+02,2.5792909217286080e+00
137400,3.7954840042520459e+02,2.5792671654680790e+00
137500,3.7922660594204558e+02,2.5788987991525079e+00
137600,3.7919683793297168e+02,2.5788647071628970e+00
137700,3.7919670042889061e+02,2.5788645496793197e+00
137800,3.7904922463283287e+02,2.5786956126019605e+00
137900,3.7876102048662369e+02,2.5783652779906223e+00
138000,3.7862766060017111e+02,2.5782123381201476e+00
138100,3.7852972612212722e+02,2.5780999905306357e+00
138200,3.7851873602886860e+02,2.5780873812008589e+00
138300,3.7851682534213887e+02,2.5780851889638079e+00
138400,3.7830056580661198e+02,2.5778369908473451e+00
138500,3.7812896481404658e+02,2.5776399457494956e+00
138600,3.7803023975657499e+02,2.5775265417264541e+00
138700,3.7790270553440359e+02,2.5773800011905155e+00
138800,3.7782092763265177e+02,2.5772860099745407e+00
138900,3.7758944938037331e+02,2.5770198507216344e+00
139000,3.7758944938037331e+02,2.5770198507216344e+00
139100,3.7750336937695761e+02,2.5769208322441206e+00
139200,3.7729542715368189e+02,2.5766815415541431e+00
139300,3.7721411179092019e+02,2.5765879315687013e+00
139400,3.7712916509581822e+02,2.5764901196514347e+00
139500,3.7705899195795268e+02,2.5764093021356578e+00
139600,3.7698133980361968e+02,2.5763198535986676e+00
139700,3.7671483299507207e+02,2.5760127207105277e+00
139800,3.7671483299507207e+02,2.5760127207105277e+00
139900,3.7668101995077291e+02,2.5759737377017737e+00
140000,3.7648573773031808e+02,2.5757485286314239e+00
140100,3.7644420718112428e+02,2.5757006184945368e+00
140200,3.7633492159258441e+02,2.5755745200771560e+00
140300,3.7625053259037708e+02,2.5754771233551175e+00
140400,3.7597921130048758e+02,2.5751638325152144e+00
140500,3.7597921130048758e+02,2.5751638325152144e+00
140600,3.7567648209908629e+02,2.5748140084403284e+00
140700,3.7556846509740137e+02,2.5746891192459800e+00
140800,3.7543284241795249e+02,2.5745322615112292e+00
140900,3.7543284241795249e+02,2.5745322615112292e+00
141000,3.7542814495528933e+02,2.5745268275303781e+00
141100,3.7522254938130800e+02,2.5742889298605562e+00
141200,3.7522254938130800e+02,2.5742889298605562e+00
141300,3.7511917788048248e+02,2.5741692679224086e+00
141400,3.7498412169915349e+02,2.5740128783825549e+00
141500,3.7489078269231101e+02,2.5739047627072873e+00
141600,3.7471284406130940e+02,2.5736985796946792e+00
141700,3.7469115445847109e+02,2.5736734405845367e+00
141800,3.7452089170587737e+02,2.5734760487364570e+00
141900,3.7452089170587737e+02,2.5734760487364570e+00
142000,3.7426732252551818e+02,2.5731819102926958e+00
142100,3.7422395340337602e+02,2.5731315824637471e+00
142200,3.7406270833034017e+02,2.5729444139623729e+00
142300,3.7389033339543948e+02,2.5727442369988607e+00
142400,3.7389033339543948e+02,2.5727442369988607e+00
142500,3.7389033339543948e+02,2.5727442369988607e+00
142600,3.7359214767392450e+02,2.5723977394592250e+00
142700,3.7357409550251492e+02,2.5723767536116906e+00
142800,3.7340160028672358e+02,2.5721761748723102e+00
142900,3.7338286084527817e+02,2.5721543789286638e+00
143000,3.7318216716472978e+02,2.5719208824297803e+00
143100,3.7279944186202192e+02,2.5714752534769398e+00
143200,3.7277833072738861e+02,2.5714506592639212e+00
143300,3.7277833072738861e+02,2.5714506592639212e+00
143400,3.7268745629075562e+02,2.5713447757552252e+00
143500,3.7248429965996053e+02,2.5711079718098322e+00
143600,3.7234245717895431e+02,2.5709425604387190e+00
143700,3.7219981622469902e+02,2.5707761543599852e+00
143800,3.7211857619780380e+02,2.5706813505881327e+00
143900,3.7198896326030348e+02,2.5705300547575596e+00
144000,3.7198896326030348e+02,2.5705300547575596e+00
144100,3.7193874486753703e+02,2.5704714211815727e+00
144200,3.7179837532178800e+02,2.5703074876673915e+00
144300,3.7154203906656971e+02,2.5700079602277124e+00
144400,3.7138561022993440e+02,2.5698250724818341e+00
144500,3.7138561022993440e+02,2.5698250724818341e+00
144600,3.7138561022993440e+02,2.5698250724818341e+00
144700,3.7109959947317651e+02,2.5694904856161420e+00
144800,3.7097361796905813e+02,2.5693430255776981e+00
144900,3.7096432512336202e+02,2.5693321464155123e+00
145000,3.7071389034502522e+02,2.5690388589920086e+00
145100,3.7071389034502522e+02,2.5690388589920086e+00
145200,3.7054975116177309e+02,2.5688465259576496e+00
145300,3.7031280910422970e+02,2.5685687345368131e+00
145400,3.7022933488140183e+02,2.5684708268220309e+00
145500,3.7010362901776398e+02,2.5683233435513739e+00
145600,3.6997260651508338e+02,2.5681695692568303e+00
145700,3.6984954980364358e+02,2.5680250943968228e+00
145800,3.6961587073035088e+02,2.5677506108777091e+00
145900,3.6961587073035088e+02,2.5677506108777091e+00
146000,3.6946083381726112e+02,2.5675684060363997e+00
146100,3.6946083381726112e+02,2.5675684060363997e+00
146200,3.6927472862647051e+02,2.5673495876574481e+00
146300,3.6911932682202848e+02,2.5671667851371804e+00
146400,3.6903000314184328e+02,2.5670616769157886e+00
146500,3.6903000314184328e+02,2.5670616769157886e+00
146600,3.6903000314184328e+02,2.5670616769157886e+00
146700,3.6897333646302991e+02,2.5669949833802876e+00
146800,3.6873659662108662e+02,2.5667162428999957e+00
146900,3.6855689811642162e+02,2.5665045441095287e+00
147000,3.6841497030847148e+02,2.5663372691639728e+00
147100,3.6841497030847148e+02,2.5663372691639728e+00
147200,3.6818931241270047e+02,2.5660711779008731e+00
147300,3.6816388488832740e+02,2.5660411840512678e+00
147400,3.6808988287866578e+02,2.5659538808252305e+00
147500,3.6790201611336192e+02,2.5657321677835836e+00
147600,3.6790201611336192e+02,2.5657321677835836e+00
147700,3.6790201611336192e+02,2.5657321677835836e+00
147800,3.6789386377247160e+02,2.5657225441453977e+00
147900,3.6764241204350998e+02,2.5654256067782062e+00
148000,3.6757972073356649e+02,2.5653515434745491e+00
148100,3.6736775761420569e+02,2.5651010373680050e+00
148200,3.6736775761420569e+02,2.5651010373680050e+00
148300,3.6711679770520618e+02,2.5648042564292921e+00
148400,3.6704732210861431e+02,2.5647220599080987e+00
148500,3.6689885415505557e+02,2.5645463554329346e+00
148600,3.6680092985617881e+02,2.5644304279546235e+00
148700,3.6641427785446803e+02,2.5639723882288803e+00
148800,3.6631413424544888e+02,2.5638536762577120e+00
148900,3.6607879172622961e+02,2.5635745693538969e+00
149000,3.6579213320427942e+02,2.5632343612204704e+00
149100,3.6558430016832801e+02,2.5629875369068018e+00
149200,3.6535412333711707e+02,2.5627140130975543e+00
149300,3.6516991840117038e+02,2.5624949944634072e+00
149400,3.6504575500520042e+02,2.5623473025411228e+00
149500,3.6455135321471039e+02,2.5617587146755758e+00
149600,3.6455135321471039e+02,2.5617587146755758e+00
149700,3.6453160917681271e+02,2.5617351927249783e+00
149800,3.6431359964930300e+02,2.5614753835460826e+00
149900,3.6418346861182891e+02,2.5613202279673914e+00
150000,3.6374889044051611e+02,2.5608016772481323e+00
150100,3.6372337558940347e+02,2.5607712129691027e+00
150200,3.6354979147578229e+02,2.5605638998781290e+00
150300,3.6354979147578229e+02,2.5605638998781290e+00
150400,3.6328122531198437e+02,2.5602429537281228e+00
150500,3.6301700357076578e+02,2.5599269676917840e+00
150600,3.6296712009558468e+02,2.5598672856206828e+00
150700,3.6290279789429752e+02,2.5597903165206728e+00
150800,3.6289238935990562e+02,2.5597778601993006e+00
150900,3.6260298625315107e+02,2.5594313764498500e+00
151000,3.6237946365270409e+02,2.5591635778706063e+00
151100,3.6237946365270409e+02,2.5591635778706063e+00
151200,3.6233317541967182e+02,2.5591081000905143e+00
151300,3.6217250384993162e+02,2.5589154755762351e+00
151400,3.6177550104222269e+02,2.5584391536724342e+00
151500,3.6177550104222269e+02,2.5584391536724342e+00
151600,3.6177550104222269e+02,2.5584391536724342e+00
151700,3.6177163222666059e+02,2.5584345093163923e+00
151800,3.6154693691579001e+02,2.5581646864722885e+00
151900,3.6144829766167521e+02,2.5580461836607116e+00
152000,3.6130687551634333e+02,2.5578762260861425e+00
152100,3.6122648905392413e+02,2.5577795900028710e+00
152200,3.6114978931269570e+02,2.5576873658379817e+00
152300,3.6105486884377331e+02,2.5575732058539815e+00
152400,3.6084924845264152e+02,2.5573258051216388e+00
152500,3.6084722088860349e+02,2.5573233648717251e+00
152600,3.6072686703864338e+02,2.5571784898983227e+00
152700,3.6069451644925363e+02,2.5571395398954833e+00
152800,3.6056138190925640e+02,2.5569792095692847e+00
152900,3.6055838946159957e+02,2.5569756051652552e+00
153000,3.6040320767498957e+02,2.5567886476492792e+00
153100,3.6025418418380411e+02,2.5566090336425420e+00
153200,3.6023471938068860e+02,2.5565855677527978e+00
153300,3.6009821531398393e+02,2.5564209689658162e+00
153400,3.6002039519313303e+02,2.5563271042921221e+00
153500,3.5989087448481217e+02,2.5561708346742065e+00
153600,3.5976598466741370e+02,2.5560200990607074e+00
153700,3.5975341001072798e+02,2.5560049191946708e+00
153800,3.5947808431239531e+02,2.5556724186345687e+00
153900,3.5947808431239531e+02,2.5556724186345687e+00
154000,3.5936294380170563e+02,2.5555332922160479e+00
154100,3.5929635482377330e+02,2.5554528111708303e+00
154200,3.5929635482377330e+02,2.5554528111708303e+00
154300,3.5920932817458811e+02,2.5553476061749651e+00
154400,3.5909452981775547e+02,2.5552087894533959e+00
154500,3.5895822390857359e+02,2.5550439076822107e+00
154600,3.5879645098537918e+02,2.5548481385942146e+00
154700,3.5865561590269061e+02,2.5546776354961582e+00
154800,3.5865561590269061e+02,2.5546776354961582e+00
154900,3.5838815336160451e+02,2.5543536454802744e+00
155000,3.5838815336160451e+02,2.5543536454802744e+00
155100,3.5838815336160451e+02,2.5543536454802744e+00
155200,3.5828686468476047e+02,2.5542308865934209e+00
155300,3.5815581269043429e+02,2.5540720039349463e+00
155400,3.5811443235126399e+02,2.5540218238441068e+00
155500,3.5805891421318421e+02,2.5539544903663178e+00
155600,3.5796732766803422e+02,2.5538433896019446e+00
155700,3.5796521242687248e+02,2.5538408233334406e+00
155800,3.5794792730057497e+02,2.5538198519765678e+00
155900,3.5780939597514703e+02,2.5536517408333106e+00
156000,3.5756822340504232e+02,2.5533589166869759e+00
156100,3.5756822340504232e+02,2.5533589166869759e+00
156200,3.5749539750261192e+02,2.5532704549424552e+00
156300,3.5743282164455508e+02,2.5531944295480278e+00
156400,3.5732098374093471e+02,2.5530585209752008e+00
156500,3.5714053502236749e+02,2.5528391448930789e+00
156600,3.5714053502236749e+02,2.5528391448930789e+00
156700,3.5698016211163349e+02,2.5526440824291874e+00
156800,3.5694469069798652e+02,2.5526009265167291e+00
156900,3.5670096513694170e+02,2.5523042844240873e+00
157000,3.5660100525191729e+02,2.5521825631095130e+00
157100,3.5660100525191729e+02,2.5521825631095130e+00
157200,3.5660100525191729e+02,2.5521825631095130e+00
157300,3.5647306382304691e+02,2.5520267188302967e+00
157400,3.5642501607679583e+02,2.5519681778643868e+00
157500,3.5633303378379969e+02,2.5518560854018446e+00
157600,3.5618043456497622e+02,2.5516700594454660e+00
157700,3.5609704607923982e+02,2.5515683710996764e+00
157800,3.5607397939537248e+02,2.5515402381564236e+00
157900,3.5592007211481450e+02,2.5513524807346579e+00
158000,3.5587935597199868e+02,2.5513027959625973e+00
158100,3.5580534334159529e+02,2.5512124658568012e+00
158200,3.5576131113294542e+02,2.5511587170051744e+00
158300,3.5556028744625780e+02,2.5509132486253052e+00
158400,3.5556028744625780e+02,2.5509132486253052e+00
158500,3.5549727699717079e+02,2.5508362785126710e+00
158600,3.5545362699997759e+02,2.5507829500680952e+00
158700,3.5538227427019189e+02,2.5506957623026394e+00
158800,3.5525190003337752e+02,2.5505364093913570e+00
158900,3.5516368554296082e+02,2.5504285540250429e+00
159000,3.5501148109887617e+02,2.5502423983994902e+00
159100,3.5493613942786573e+02,2.5501502212552785e+00
159200,3.5493613942786573e+02,2.5501502212552785e+00
159300,3.5493392181051559e+02,2.5501475078038149e+00
159400,3.5493207145370002e+02,2.5501452437152063e+00
159500,3.5476743451052488e+02,2.5499437474012874e+00
159600,3.5476430964037058e+02,2.5499399220224346e+00
159700,3.5465016745141747e+02,2.5498001692408288e+00
159800,3.5458167089034418e+02,2.5497162822042134e+00
159900,3.5441525409260771e+02,2.5495124057253924e+00
160000,3.5435102665997749e+02,2.5494336953792263e+00
160100,3.5435102665997749e+02,2.5494336953792263e+00
160200,3.5433124826433033e+02,2.5494094541969736e+00
160300,3.5425205772646399e+02,2.5493123815917720e+00
160400,3.5415110986918319e+02,2.5491886071659109e+00
160500,3.5411423861651542e+02,2.5491433897015150e+00
160600,3.5399345432587887e+02,2.5489952315838851e+00
160700,3.5387847790435973e+02,2.5488541506239533e+00
160800,3.5387847790435973e+02,2.5488541506239533e+00
160900,3.5387847790435973e+02,2.5488541506239533e+00
161000,3.5368822004288882e+02,2.5486205954224253e+00
161100,3.5368822004288882e+02,2.5486205954224253e+00
161200,3.5367853208956058e+02,2.5486086994019832e+00
161300,3.5363591892920277e+02,2.5485563700302429e+00
161400,3.5359964561286012e+02,2.5485118210795639e+00
161500,3.5351174560126390e+02,2.5484038480199680e+00
161600,3.5340143925741432e+02,2.5482683138755564e+00
161700,3.5337860786707847e+02,2.5482402555089378e+00
161800,3.5333742084772138e+02,2.5481896346243778e+00
161900,3.5327478105399223e+02,2.5481126359063762e+00
162000,3.5322161882798582e+02,2.5480472765883451e+00
162100,3.5319009571765218e+02,2.5480085164358801e+00
162200,3.5305446769112928e+02,2.5478417116000309e+00
162300,3.5305446769112928e+02,2.5478417116000309e+00
162400,3.5299554699501618e+02,2.5477692268391245e+00
162500,3.5286913661617592e+02,2.5476136748421281e+00
162600,3.5286913661617592e+02,2.5476136748421281e+00
162700,3.5283214567747041e+02,2.5475681457748638e+00
162800,3.5274774554202349e+02,2.5474642468011903e+00
162900,3.5262424625183257e+02,2.5473121708429129e+00
163000,3.5262424625183257e+02,2.5473121708429129e+00
163100,3.5257218212297619e+02,2.5472480435643314e+00
163200,3.5244030141108510e+02,2.5470855639843255e+00
163300,3.5238431339302753e+02,2.5470165672812151e+00
163400,3.5237555319463581e+02,2.5470057706794154e+00
163500,3.5227740596694332e+02,2.5468847897082223e+00
163600,3.5222930632388892e+02,2.5468254874780860e+00
163700,3.5218192431325281e+02,2.5467670621012699e+00
163800,3.5208587545727943e+02,2.5466486029344169e+00
163900,3.5207688056026569e+02,2.5466375076752454e+00
164000,3.5206217623762518e+02,2.5466193691950059e+00
164100,3.5196366694110350e+02,2.5464978337582336e+00
164200,3.5190681381419358e+02,2.5464276759663540e+00
164300,3.5188636757990707e+02,2.5464024421705069e+00
164400,3.5182707172529200e+02,2.5463292536790512e+00
164500,3.5175304389347588e+02,2.5462378642885044e+00
164600,3.5164955777902378e+02,2.5461100755977104e+00
164700,3.5158442489932298e+02,2.5460296276926826e+00
164800,3.5158442489932298e+02,2.5460296276926826e+00
164900,3.5146113337897822e+02,2.5458773051955994e+00
165000,3.5141175202319192e+02,2.5458162812158509e+00
165100,3.5136095519630572e+02,2.5457534990917683e+00
165200,3.5131058987648458e+02,2.5456912413251960e+00
165300,3.5116680315394001e+02,2.5455134540208251e+00
165400,3.5110902806154201e+02,2.5454419966168786e+00
165500,3.5108370513345301e+02,2.5454106730003856e+00
165600,3.5102608871980249e+02,2.5453393950014438e+00
165700,3.5091073485917792e+02,2.5451966541053870e+00
165800,3.5081644247844110e+02,2.5450799401965960e+00
165900,3.5074921004727162e+02,2.5449967015892150e+00
166000,3.5069294540068370e+02,2.5449270296272379e+00
166100,3.5057110168871799e+02,2.5447761134280875e+00
166200,3.5047510622680733e+02,2.5446571760479677e+00
166300,3.5047510622680733e+02,2.5446571760479677e+00
166400,3.5041186076329359e+02,2.5445787977725036e+00
166500,3.5032978370275509e+02,2.5444770609485907e+00
166600,3.5025819894770291e+02,2.5443883101707141e+00
166700,3.5017306089306862e+02,2.5442827323941932e+00
166800,3.5017306089306862e+02,2.5442827323941932e+00
166900,3.5004125740896450e+02,2.5441192352333331e+00
167000,3.4986921109215001e+02,2.5439057257320701e+00
167100,3.4974205568940329e+02,2.5437478583763333e+00
167200,3.4973376682090981e+02,2.5437375654977741e+00
167300,3.4960394858420051e+02,2.5435763291072324e+00
167400,3.4951289518674321e+02,2.5434632035584768e+00
167500,3.4951122166835671e+02,2.5434611240885898e+00
167600,3.4938777072405537e+02,2.5433076997310304e+00
167700,3.4938777072405537e+02,2.5433076997310304e+00
167800,3.4936483576085112e+02,2.5432791902761149e+00
167900,3.4923339058691431e+02,2.5431157603897105e+00
168000,3.4908937693801391e+02,2.5429366330954806e+00
168100,3.4903582019919571e+02,2.5428699992129666e+00
168200,3.4898641246180551e+02,2.5428085183410296e+00
168300,3.4898308935501882e+02,2.5428043828968976e+00
168400,3.4893300052746190e+02,2.5427420450262979e+00
168500,3.4882209622018439e+02,2.5426039876210562e+00
168600,3.4872440353612819e+02,2.5424823401211398e+00
168700,3.4872440353612819e+02,2.5424823401211398e+00
168800,3.4854046511342699e+02,2.5422532064090202e+00
168900,3.4854046511342699e+02,2.5422532064090202e+00
169000,3.4853815337095398e+02,2.5422503258817084e+00
169100,3.4848631635726701e+02,2.5421857297878212e+00
169200,3.4837899495643052e+02,2.5420519619225388e+00
169300,3.4833240692402592e+02,2.5419938806987448e+00
169400,3.4830806999889552e+02,2.5419635368050288e+00
169500,3.4820273789111923e+02,2.5418321816185623e+00
169600,3.4816577790075871e+02,2.5417860809706556e+00
169700,3.4803545053100862e+02,2.5416234829864148e+00
169800,3.4803545053100862e+02,2.5416234829864148e+00
169900,3.4803545053100862e+02,2.5416234829864148e+00
170000,3.4802928377886133e+02,2.5416157877641261e+00
170100,3.4792258204219291e+02,2.5414826177042888e+00
170200,3.4791633913128112e+02,2.5414748249186956e+00
170300,3.4782534410241288e+02,2.5413612234482192e+00
170400,3.4781725112376779e+02,2.5413511184431723e+00
170500,3.4774836194407021e+02,2.5412650929406424e+00
170600,3.4769245953168428e+02,2.5411952721635847e+00
170700,3.4765485945306432e+02,2.5411483042491803e+00
170800,3.4765485945306432e+02,2.5411483042491803e+00
170900,3.4760754354141352e+02,2.5410891926410177e+00
171000,3.4751624491680337e+02,2.5409751108335472e+00
171100,3.4749633994408441e+02,2.5409502346802086e+00
171200,3.4745411419759478e+02,2.5408974585186623e+00
171300,3.4745411419759478e+02,2.5408974585186623e+00
171400,3.4738103896049768e+02,2.5408061097369901e+00
171500,3.4736015453703658e+02,2.5407799993236315e+00
171600,3.4730207068334619e+02,2.5407073726677165e+00
171700,3.4724038365345672e+02,2.5406302273856989e+00
171800,3.4724038365345672e+02,2.5406302273856989e+00
171900,3.4723948353955348e+02,2.5406291016093596e+00
172000,3.4720859900355299e+02,2.5405904724190513e+00
172100,3.4717847554502498e+02,2.5405527918449096e+00
172200,3.4710681280189169e+02,2.5404631378236195e+00
172300,3.4703934422473458e+02,2.5403787140158758e+00
172400,3.4703096944825728e+02,2.5403682334661686e+00
172500,3.4692909728183491e+02,2.5402407260715050e+00
172600,3.4685841816109843e+02,2.5401522391744522e+00
172700,3.4680652120838158e+02,2.5400872551772644e+00
172800,3.4680652120838158e+02,2.5400872551772644e+00
172900,3.4676211046505199e+02,2.5400316374924072e+00
173000,3.4667784338864521e+02,2.5399260862438346e+00
173100,3.4667784338864521e+02,2.5399260862438346e+00
173200,3.4660477306152887e+02,2.5398345390472885e+00
173300,3.4656553325936937e+02,2.5397853689388414e+00
173400,3.4653618133958412e+02,2.5397485853714801e+00
173500,3.4651692091007789e+02,2.5397244466778401e+00
173600,3.4650100229078572e+02,2.5397044951923506e+00
173700,3.4640671379761602e+02,2.5395863005999324e+00
173800,3.4640671379761602e+02,2.5395863005999324e+00
173900,3.4640671379761602e+02,2.5395863005999324e+00
174000,3.4633150023329858e+02,2.5394919941637806e+00
174100,3.4633150023329858e+02,2.5394919941637806e+00
174200,3.4626113996923232e+02,2.5394037544893728e+00
174300,3.4621977138489319e+02,2.5393518652672169e+00
174400,3.4618302524504861e+02,2.5393057688451388e+00
174500,3.4616027288239673e+02,2.5392772245504793e+00
174600,3.4609720251448562e+02,2.5391980889288224e+00
174700,3.4607874123593962e+02,2.5391749224738893e+00
174800,3.4602562193878089e+02,2.5391082579102444e+00
174900,3.4593440344822761e+02,2.5389937550896451e+00
175000,3.4592405844590479e+02,2.5389807675273852e+00
175100,3.4590370462204078e+02,2.5389552133248392e+00
175200,3.4579695971224493e+02,2.5388211705862558e+00
175300,3.4579695971224493e+02,2.5388211705862558e+00
175400,3.4579159580817583e+02,2.5388144338815484e+00
175500,3.4575298899934160e+02,2.5387659432290981e+00
175600,3.4568426562131572e+02,2.5386796123762165e+00
175700,3.4561217183763478e+02,2.5385890291449162e+00
175800,3.4555553673476919e+02,2.5385178559335335e+00
175900,3.4548129296727598e+02,2.5384245362802931e+00
176000,3.4548129296727598e+02,2.5384245362802931e+00
176100,3.4539947817302073e+02,2.5383216771030415e+00
176200,3.4537586705409382e+02,2.5382919882071180e+00
176300,3.4537586705409382e+02,2.5382919882071180e+00
176400,3.4523849605535793e+02,2.5381192160474346e+00
176500,3.4515492011206447e+02,2.5380140685465475e+00
176600,3.4515492011206447e+02,2.5380140685465475e+00
176700,3.4514140123128738e+02,2.5379970579522788e+00
176800,3.4505332958770401e+02,2.5378862224813021e+00
176900,3.4500603539084551e+02,2.5378266925051980e+00
177000,3.4497573342101600e+02,2.5377885466326804e+00
177100,3.4494328712683898e+02,2.5377476976457412e+00
177200,3.4480648585938212e+02,2.5375754263709118e+00
177300,3.4477102815565598e+02,2.5375307639949791e+00
177400,3.4473676828431587e+02,2.5374876060403837e+00
177500,3.4468264270288569e+02,2.5374194140486335e+00
177600,3.4468264270288569e+02,2.5374194140486335e+00
177700,3.4459752408090662e+02,2.5373121527351588e+00
177800,3.4451795348648722e+02,2.5372118587456707e+00
177900,3.4450465160318549e+02,2.5371950902551306e+00
178000,3.4449430569912113e+02,2.5371820476547082e+00
178100,3.4437784514008132e+02,2.5370352042133799e+00
178200,3.4434054239464717e+02,2.5369881592184709e+00
178300,3.4430143275126198e+02,2.5369388299503091e+00
178400,3.4428153999296700e+02,2.5369137369244816e+00
178500,3.4425074729140442e+02,2.5368748916862049e+00
178600,3.4425074729140442e+02,2.5368748916862049e+00
178700,3.4416926123686142e+02,2.5367720796134381e+00
178800,3.4412426935660892e+02,2.5367153023099087e+00
178900,3.4406566811142147e+02,2.5366413395967289e+00
179000,3.4406566811142147e+02,2.5366413395967289e+00
179100,3.4403977429324158e+02,2.5366086540759838e+00
179200,3.4396983708028017e+02,2.5365203606996376e+00
179300,3.4389809926106318e+02,2.5364297754651859e+00
179400,3.4383600135757069e+02,2.5363513475469728e+00
179500,3.4377366729070400e+02,2.5362726071144768e+00
179600,3.4374042074726123e+02,2.5362306042213811e+00
179700,3.4361102615540449e+02,2.5360670914852150e+00
179800,3.4361102615540449e+02,2.5360670914852150e+00
179900,3.4360827975574472e+02,2.5360636202607978e+00
180000,3.4351080911825119e+02,2.5359404073826215e+00
180100,3.4351080911825119e+02,2.5359404073826215e+00
180200,3.4347306443849169e+02,2.5358926848470915e+00
180300,3.4344868732196210e+02,2.5358618608204222e+00
180400,3.4343151431088808e+02,2.5358401448241512e+00
180500,3.4342589454978202e+02,2.5358330381635645e+00
180600,3.4337402168611908e+02,2.5357674350731751e+00
180700,3.4335855851420820e+02,2.5357478770372572e+00
180800,3.4332022288158191e+02,2.5356993857945445e+00
180900,3.4322168429946572e+02,2.5355747182037862e+00
181000,3.4322168429946572e+02,2.5355747182037862e+00
181100,3.4320246025961609e+02,2.5355503924439917e+00
181200,3.4318412246325602e+02,2.5355271868511911e+00
181300,3.4314950936460298e+02,2.5354833822725946e+00
181400,3.4311574160377938e+02,2.5354406432524184e+00
181500,3.4311153614532992e+02,2.5354353202130762e+00
181600,3.4305840037911599e+02,2.5353680582452278e+00
181700,3.4302420598370531e+02,2.5353247677227353e+00
181800,3.4302420598370531e+02,2.5353247677227353e+00
181900,3.4300605654390642e+02,2.5353017885569855e+00
182000,3.4298879240848612e+02,2.5352799291545103e+00
182100,3.4294121326763928e+02,2.5352196799798552e+00
182200,3.4292615164745848e+02,2.5352006058005934e+00
182300,3.4291624398238400e+02,2.5351880581823707e+00
182400,3.4287703723445833e+02,2.5351384010196005e+00
182500,3.4285949734436213e+02,2.5351161840977960e+00
182600,3.4282434822581718e+02,2.5350716590055402e+00
182700,3.4281273320592169e+02,2.5350569446933044e+00
182800,3.4275238780050711e+02,2.5349804890048673e+00
182900,3.4268626899549190e+02,2.5348967031489851e+00
183000,3.4268626899549190e+02,2.5348967031489851e+00
183100,3.4268209809583038e+02,2.5348914172361985e+00
183200,3.4265812473092222e+02,2.5348610337864907e+00
183300,3.4261920440717978e+02,2.5348117022789833e+00
183400,3.4258884717844978e+02,2.5347732206035234e+00
183500,3.4252769543950131e+02,2.5346956925883535e+00
183600,3.4252769543950131e+02,2.5346956925883535e+00
183700,3.4247182552888421e+02,2.5346248487608865e+00
183800,3.4246075769197432e+02,2.5346108132174918e+00
183900,3.4243199632290612e+02,2.5345743377143934e+00
184000,3.4238857576256481e+02,2.5345192654500623e+00
184100,3.4237631569494181e+02,2.5345037141863118e+00
184200,3.4229899930191851e+02,2.5344056294963635e+00
184300,3.4223801929079758e+02,2.5343282537469536e+00
184400,3.4223801929079758e+02,2.5343282537469536e+00
184500,3.4222237906678743e+02,2.5343084061034644e+00
184600,3.4222237906678743e+02,2.5343084061034644e+00
184700,3.4217798068318189e+02,2.5342520590464890e+00
184800,3.4210821322732733e+02,2.5341635007167471e+00
184900,3.4210821322732733e+02,2.5341635007167471e+00
185000,3.4204592553131801e+02,2.5340844214531439e+00
185100,3.4203346367591303e+02,2.5340685983918951e+00
185200,3.4202019178254181e+02,2.5340517461756682e+00
185300,3.4200911114748038e+02,2.5340376758466840e+00
185400,3.4196290350078988e+02,2.5339789958844041e+00
185500,3.4196290350078988e+02,2.5339789958844041e+00
185600,3.4192720735214471e+02,2.5339336592428889e+00
185700,3.4189506866904338e+02,2.5338928367858666e+00
185800,3.4189377176346079e+02,2.5338911893798115e+00
185900,3.4188210790943981e+02,2.5338763729828311e+00
186000,3.4184466437590152e+02,2.5338288056776617e+00
186100,3.4182121729118649e+02,2.5337990164493687e+00
186200,3.4179224922905019e+02,2.5337622100663442e+00
186300,3.4179224922905019e+02,2.5337622100663442e+00
186400,3.4176894001032639e+02,2.5337325914594588e+00
186500,3.4174598412767938e+02,2.5337034198559940e+00
186600,3.4168715207510422e+02,2.5336286490130187e+00
186700,3.4168715207510422e+02,2.5336286490130187e+00
186800,3.4167169079119589e+02,2.5336089968189901e+00
186900,3.4163643435898757e+02,2.5335641805101838e+00
187000,3.4163643435898757e+02,2.5335641805101838e+00
187100,3.4159122099974297e+02,2.5335067006575960e+00
187200,3.4158712731365591e+02,2.5335014959690030e+00
187300,3.4156899963588910e+02,2.5334784477956349e+00
187400,3.4155578194254690e+02,2.5334616415797355e+00
187500,3.4149267984306931e+02,2.5333813986827498e+00
187600,3.4149267984306931e+02,2.5333813986827498e+00
187700,3.4148438361522608e+02,2.5333708477984938e+00
187800,3.4144833180400963e+02,2.5333249952501093e+00
187900,3.4143149060713432e+02,2.5333035740903886e+00
188000,3.4140598672951830e+02,2.5332711324225290e+00
188100,3.4140598672951830e+02,2.5332711324225290e+00
188200,3.4137390160102723e+02,2.5332303157713554e+00
188300,3.4135072195801013e+02,2.5332008257230658e+00
188400,3.4133245572421168e+02,2.5331775852952800e+00
188500,3.4129916863979861e+02,2.5331352303952879e+00
188600,3.4126005765937350e+02,2.5330854598190666e+00
188700,3.4123989280805188e+02,2.5330597968614241e+00
188800,3.4121001364849258e+02,2.5330217681240588e+00
188900,3.4113919130417372e+02,2.5329316155944732e+00
189000,3.4111183061469143e+02,2.5328967820915897e+00
189100,3.4103843480668831e+02,2.5328033264524166e+00
189200,3.4103524295368948e+02,2.5327992617767383e+00
189300,3.4103014246689020e+02,2.5327927664661143e+00
189400,3.4100220624014048e+02,2.5327571888306770e+00
189500,3.4096611112931902e+02,2.5327112162918688e+00
189600,3.4090153159349711e+02,2.5326289524201790e+00
189700,3.4089177342665812e+02,2.5326165207404290e+00
189800,3.4084249728005938e+02,2.5325537386286467e+00
189900,3.4083632906914141e+02,2.5325458791503666e+00
190000,3.4075055470077831e+02,2.5324365714862886e+00
190100,3.4073670960299722e+02,2.5324189252296865e+00
190200,3.4071263907764819e+02,2.5323882444568300e+00
190300,3.4068922220111892e+02,2.5323583947577260e+00
190400,3.4066388256070252e+02,2.5323260917831467e+00
190500,3.4061678555639230e+02,2.5322660461365407e+00
190600,3.4058772712846940e+02,2.5322289943711094e+00
190700,3.4058772712846940e+02,2.5322289943711094e+00
190800,3.4050145732080608e+02,2.5321189750007278e+00
190900,3.4047935935309738e+02,2.5320907891100077e+00
191000,3.4047783386042090e+02,2.5320888432812301e+00
191100,3.4046797529929501e+02,2.5320762680699893e+00
191200,3.4043139647522798e+02,2.5320296063102035e+00
191300,3.4039886832466880e+02,2.5319881075783299e+00
191400,3.4036968132221909e+02,2.5319508680374563e+00
191500,3.4032596300889372e+02,2.5318950821001742e+00
191600,3.4023452558629202e+02,2.5317783819126678e+00
191700,3.4023452558629202e+02,2.5317783819126678e+00
191800,3.4023452558629202e+02,2.5317783819126678e+00
191900,3.4022782887756108e+02,2.5317698337729220e+00
192000,3.4016874203817088e+02,2.5316944039737086e+00
192100,3.4014103797165330e+02,2.5316590326661808e+00
192200,3.4010837425972818e+02,2.5316173254052750e+00
192300,3.4009790129025652e+02,2.5316039519536777e+00
192400,3.4002796849366860e+02,2.5315146407566815e+00
192500,3.4001977541936162e+02,2.5315041761768242e+00
192600,3.4000811233043987e+02,2.5314892790961241e+00
192700,3.3993213786531078e+02,2.5313922255944408e+00
192800,3.3990977098283270e+02,2.5313636489106126e+00
192900,3.3990380463629742e+02,2.5313560257872436e+00
193000,3.3987587663456861e+02,2.5313203407634561e+00
193100,3.3985469730380339e+02,2.5312932769036345e+00
193200,3.3976625379317261e+02,2.5311802417513722e+00
193300,3.3976061374498772e+02,2.5311730324946926e+00
193400,3.3974823714861913e+02,2.5311572119869798e+00
193500,3.3973186910947908e+02,2.5311362884926374e+00
193600,3.3968968531454061e+02,2.5310823597078596e+00
193700,3.3968246801802968e+02,2.5310731322703388e+00
193800,3.3964946362635402e+02,2.5310309330904479e+00
193900,3.3961569947261398e+02,2.5309877582407303e+00
194000,3.3957996595978580e+02,2.5309420604595330e+00
194100,3.3955243132726127e+02,2.5309068445310308e+00
194200,3.3947180588102327e+02,2.5308037106967785e+00
194300,3.3946395385425990e+02,2.5307936652930820e+00
194400,3.3941699717807592e+02,2.5307335869380871e+00
194500,3.3941409577451878e+02,2.5307298744871765e+00
194600,3.3937698788106150e+02,2.5306823907951608e+00
194700,3.3932740578770091e+02,2.5306189368679814e+00
194800,3.3931017880088763e+02,2.5305968880292955e+00
194900,3.3925350406044657e+02,2.5305243420687153e+00
195000,3.3922827704305809e+02,2.5304920465679164e+00
195100,3.3922039183135661e+02,2.5304819514668786e+00
195200,3.3920955203544003e+02,2.5304680733543496e+00
195300,3.3910812075880881e+02,2.5303381901275714e+00
195400,3.3910812075880881e+02,2.5303381901275714e+00
195500,3.3906280077159198e+02,2.5302801451133345e+00
195600,3.3902875146155378e+02,2.5302365302727550e+00
195700,3.3901793738642942e+02,2.5302226772646037e+00
195800,3.3901490556169227e+02,2.5302187933679248e+00
195900,3.3895710212064608e+02,2.5301447380521953e+00
196000,3.3895710212064608e+02,2.5301447380521953e+00
196100,3.3891327556612549e+02,2.5300885809122993e+00
196200,3.3889275252884221e+02,2.5300622812292710e+00
196300,3.3887554292678402e+02,2.5300402263905855e+00
196400,3.3881052682549091e+02,2.5299568953753164e+00
196500,3.3881052682549091e+02,2.5299568953753164e+00
196600,3.3878919231836579e+02,2.5299295474929018e+00
196700,3.3873346235513901e+02,2.5298581012751447e+00
196800,3.3873346235513901e+02,2.5298581012751447e+00
196900,3.3869513321157513e+02,2.5298089562119674e+00
197000,3.3867189109495752e+02,2.5297791528036626e+00
197100,3.3861808289833220e+02,2.5297101466059568e+00
197200,3.3858532766206241e+02,2.5296681343592535e+00
197300,3.3857090678731902e+02,2.5296496366891219e+00
197400,3.3856514432294438e+02,2.5296422449501175e+00
197500,3.3847264206159662e+02,2.5295235714499826e+00
197600,3.3845407993227508e+02,2.5294997537158710e+00
197700,3.3845407993227508e+02,2.5294997537158710e+00
197800,3.3842704369625682e+02,2.5294650602144260e+00
197900,3.3838475628728793e+02,2.5294107905093366e+00
198000,3.3834517636419451e+02,2.5293599893214953e+00
198100,3.3831900250559369e+02,2.5293263916737367e+00
198200,3.3831310120448723e+02,2.5293188162054947e+00
198300,3.3828429101281267e+02,2.5292818308212226e+00
198400,3.3825471004518840e+02,2.5292438526677188e+00
198500,3.3821860816033808e+02,2.5291974979957166e+00
198600,3.3821860816033808e+02,2.5291974979957166e+00
198700,3.3816475320260349e+02,2.5291283392542314e+00
198800,3.3814230572122352e+02,2.5290995096947264e+00
198900,3.3810716166239240e+02,2.5290543699302699e+00
199000,3.3809491539548310e+02,2.5290386394664819e+00
199100,3.3806852953193578e+02,2.5290047445996988e+00
199200,3.3802522177729543e+02,2.5289491064020284e+00
199300,3.3801036821655748e+02,2.5289300221420823e+00
199400,3.3801036821655748e+02,2.5289300221420823e+00
199500,3.3797644860035098e+02,2.5288864381496352e+00
199600,3.3797639434638222e+02,2.5288863684341236e+00
199700,3.3795340856685931e+02,2.5288568310556268e+00
199800,3.3791362699120617e+02,2.5288057058552589e+00
199900,3.3789069915525602e+02,2.5287762374655083e+00
200000,3.3788978522569562e+02,2.5287750627806096e+00
200100,3.3787888249325579e+02,2.5287610491195363e+00
200200,3.3783866643589022e+02,2.5287093541122183e+00
200300,3.3781563714356639e+02,2.5286797487518164e+00
200400,3.3779371974642117e+02,2.5286515709163733e+00
200500,3.3777453982980819e+02,2.5286269109894670e+00
200600,3.3774069464031982e+02,2.5285833922698409e+00
200700,3.3772929359865532e+02,2.5285687316348180e+00
200800,3.3768374543595951e+02,2.5285101561717860e+00
200900,3.3767286456124538e+02,2.5284961620721442e+00
201000,3.3764502872613900e+02,2.5284603598234168e+00
201100,3.3763306480394158e+02,2.5284449710067425e+00
201200,3.3761587386266910e+02,2.5284228578851735e+00
201300,3.3759737820475522e+02,2.5283990652177502e+00
201400,3.3754811833878603e+02,2.5283356913579906e+00
201500,3.3754469837805709e+02,2.5283312911628286e+00
201600,3.3751792435561191e+02,2.5282968415878684e+00
201700,3.3749439517114888e+02,2.5282665648219944e+00
201800,3.3746984692975889e+02,2.5282349745091577e+00
201900,3.3746952917014181e+02,2.5282345655798433e+00
202000,3.3737786317121561e+02,2.5281165832383286e+00
202100,3.3733985430804188e+02,2.5280676530290589e+00
202200,3.3731219902065868e+02,2.5280320478940754e+00
202300,3.3730191802191081e+02,2.5280188107532799e+00
202400,3.3728043449606622e+02,2.5279911486696385e+00
202500,3.3728043449606622e+02,2.5279911486696385e+00
202600,3.3723155856918038e+02,2.5279282096986493e+00
202700,3.3720267158656020e+02,2.5278910067910938e+00
202800,3.3719779597312248e+02,2.5278847272817702e+00
202900,3.3719276661285710e+02,2.5278782496602492e+00
203000,3.3716852216256370e+02,2.5278470223903602e+00
203100,3.3715908512255839e+02,2.5278348667130430e+00
203200,3.3714851987595392e+02,2.5278212574099101e+00
203300,3.3713018214810609e+02,2.5277976352074201e+00
203400,3.3710939560469319e+02,2.5277708569481701e+00
203500,3.3707031898957842e+02,2.5277205120387416e+00
203600,3.3706802701056341e+02,2.5277175589539786e+00
203700,3.3704905543951179e+02,2.5276931143913428e+00
203800,3.3700831094601182e+02,2.5276406111190726e+00
203900,3.3698969186019968e+02,2.5276166164894307e+00
204000,3.3696815313621278e+02,2.5275888576346377e+00
204100,3.3693377218804858e+02,2.5275445441951825e+00
204200,3.3691327525031397e+02,2.5275181236387949e+00
204300,3.3686168873472042e+02,2.5274516214969696e+00
204400,3.3685624337623273e+02,2.5274446010837357e+00
204500,3.3681899867123650e+02,2.5273965804088854e+00
204600,3.3680526333977809e+02,2.5273788697087318e+00
204700,3.3677932006707601e+02,2.5273454157952662e+00
204800,3.3675338686644278e+02,2.5273119722940889e+00
204900,3.3670396136366872e+02,2.5272482259463356e+00
205000,3.3668262354564263e+02,2.5272207026875257e+00
205100,3.3668262354564263e+02,2.5272207026875257e+00
205200,3.3665205061547539e+02,2.5271812641872202e+00
205300,3.3660686072571019e+02,2.5271229635261769e+00
205400,3.3660686072571019e+02,2.5271229635261769e+00
205500,3.3657846216899469e+02,2.5270863217989632e+00
205600,3.3656304809564222e+02,2.5270664322307232e+00
205700,3.3653299480310147e+02,2.5270276503087081e+00
205800,3.3649962407970628e+02,2.5269845833885234e+00
205900,3.3649352449747983e+02,2.5269767110501244e+00
206000,3.3645558885901352e+02,2.5269277467580440e+00
206100,3.3645327596393292e+02,2.5269247612792571e+00
206200,3.3642248660163102e+02,2.5268850164975238e+00
206300,3.3637824614815338e+02,2.5268279018604116e+00
206400,3.3636994947859858e+02,2.5268171899838747e+00
206500,3.3633715447775398e+02,2.5267748455881387e+00
206600,3.3631873984134728e+02,2.5267510670854980e+00
206700,3.3630173157250010e+02,2.5267291034444179e+00
206800,3.3624385530269342e+02,2.5266543565568829e+00
206900,3.3624385530269342e+02,2.5266543565568829e+00
207000,3.3623621921199702e+02,2.5266444936265788e+00
207100,3.3619210124960750e+02,2.5265875055817180e+00
207200,3.3615163908501000e+02,2.5265352332282247e+00
207300,3.3612441413296619e+02,2.5265000582539190e+00
207400,3.3604409280637628e+02,2.5263962655033718e+00
207500,3.3600595641011518e+02,2.5263469762384045e+00
207600,3.3600595641011518e+02,2.5263469762384045e+00
207700,3.3599926306609382e+02,2.5263383248699633e+00
207800,3.3597801674535839e+02,2.5263108621561590e+00
207900,3.3595454668324669e+02,2.5262805230446945e+00
208000,3.3593382219692990e+02,2.5262537313022939e+00
208100,3.3588583151884092e+02,2.5261916846307000e+00
208200,3.3588583151884092e+02,2.5261916846307000e+00
208300,3.3588583151884092e+02,2.5261916846307000e+00
208400,3.3580035971101501e+02,2.5260811570206876e+00
208500,3.3580035971101501e+02,2.5260811570206876e+00
208600,3.3580035971101501e+02,2.5260811570206876e+00
208700,3.3578503442429877e+02,2.5260613361981572e+00
208800,3.3574885897464458e+02,2.5260145454156371e+00
208900,3.3571561088307948e+02,2.5259715365496120e+00
209000,3.3569700816703079e+02,2.5259474707018721e+00
209100,3.3562240216665242e+02,2.5258509414673056e+00
209200,3.3561987332881790e+02,2.5258476691456497e+00
209300,3.3560815251220492e+02,2.5258325020614909e+00
209400,3.3555903877694448e+02,2.5257689416713998e+00
209500,3.3553232426424228e+02,2.5257343652602033e+00
209600,3.3550036372078489e+02,2.5256929953301799e+00
209700,3.3545083407269289e+02,2.5256288760530499e+00
209800,3.3545083407269289e+02,2.5256288760530499e+00
209900,3.3544101454946440e+02,2.5256161629316662e+00
210000,3.3542680838814681e+02,2.5255977698674612e+00
210100,3.3539407464290349e+02,2.5255553857219999e+00
210200,3.3539407464290349e+02,2.5255553857219999e+00
210300,3.3535486031752703e+02,2.5255046049775087e+00
210400,3.3535486031752703e+02,2.5255046049775087e+00
210500,3.3531508738366148e+02,2.5254530947949330e+00
210600,3.3530235364000652e+02,2.5254366019503820e+00
210700,3.3528851188384209e+02,2.5254186732888626e+00
210800,3.3525607476738742e+02,2.5253766559167845e+00
210900,3.3523798051334012e+02,2.5253532157844614e+00
211000,3.3522416364898822e+02,2.5253353159283747e+00
211100,3.3518761506536958e+02,2.5252879633945837e+00
211200,3.3517614391789601e+02,2.5252731002520510e+00
211300,3.3513471918236468e+02,2.5252194220705717e+00
211400,3.3511799228634072e+02,2.5251977454745065e+00
211500,3.3511321925460447e+02,2.5251915598439081e+00
211600,3.3511321925460447e+02,2.5251915598439081e+00
211700,3.3506760717252189e+02,2.5251324442297154e+00
211800,3.3506760717252189e+02,2.5251324442297154e+00
211900,3.3506206289276292e+02,2.5251252580082628e+00
212000,3.3499198314642990e+02,2.5250344138519849e+00
212100,3.3499198314642990e+02,2.5250344138519849e+00
212200,3.3498801983460521e+02,2.5250292756554780e+00
212300,3.3497886229543360e+02,2.5250174032216717e+00
212400,3.3494177249456061e+02,2.5249693142540117e+00
212500,3.3492646942084161e+02,2.5249494714250567e+00
212600,3.3487936874055413e+02,2.5248883923349350e+00
212700,3.3484011943368722e+02,2.5248374881647226e+00
212800,3.3484011943368722e+02,2.5248374881647226e+00
212900,3.3479804058167753e+02,2.5247829076036137e+00
213000,3.3479653808023988e+02,2.5247809585792216e+00
213100,3.3474919640085812e+02,2.5247195431176781e+00
213200,3.3471127443862213e+02,2.5246703414107006e+00
213300,3.3471127443862213e+02,2.5246703414107006e+00
213400,3.3468699785886520e+02,2.5246388409271501e+00
213500,3.3462144991721630e+02,2.5245537766804822e+00
213600,3.3458973166604932e+02,2.5245126086251752e+00
213700,3.3454596387837728e+02,2.5244557947118698e+00
213800,3.3453627777320401e+02,2.5244432204070493e+00
213900,3.3449298225974940e+02,2.5243870106005910e+00
214000,3.3448240544538407e+02,2.5243732778020460e+00
214100,3.3444509654474808e+02,2.5243248329417565e+00
214200,3.3444189687066500e+02,2.5243206779774296e+00
214300,3.3440725838610820e+02,2.5242756953304464e+00
214400,3.3438516739299399e+02,2.5242470048248640e+00
214500,3.3435540068825458e+02,2.5242083425506179e+00
214600,3.3433659575272918e+02,2.5241839161187873e+00
214700,3.3429799249743752e+02,2.5241337686060201e+00
214800,3.3428329108549332e+02,2.5241146692317442e+00
214900,3.3427863810018442e+02,2.5241086241198230e+00
215000,3.3425929523806758e+02,2.5240834931650484e+00
215100,3.3425929523806758e+02,2.5240834931650484e+00
215200,3.3422498188054828e+02,2.5240389084160890e+00
215300,3.3422207510464108e+02,2.5240351313129561e+00
215400,3.3420518180001841e+02,2.5240131792788207e+00
215500,3.3417652624283301e+02,2.5239759402274839e+00
215600,3.3416050635348381e+02,2.5239551203440809e+00
215700,3.3414948309415990e+02,2.5239407936370948e+00
215800,3.3412006613136089e+02,2.5239025586924049e+00
215900,3.3410936577436729e+02,2.5238886499784954e+00
216000,3.3407306060540242e+02,2.5238414558771871e+00
216100,3.3406462823897999e+02,2.5238304936750304e+00
216200,3.3404561015369842e+02,2.5238057688645972e+00
216300,3.3404561015369842e+02,2.5238057688645972e+00
216400,3.3404369506893158e+02,2.5238032790455263e+00
216500,3.3402772315774769e+02,2.5237825132629923e+00
216600,3.3401192802490942e+02,2.5237619763412042e+00
216700,3.3400208039115341e+02,2.5237491719001404e+00
216800,3.3398487746456431e+02,2.5237268027924684e+00
216900,3.3397146769943203e+02,2.5237093651648643e+00
217000,3.3394165259424642e+02,2.5236705920511922e+00
217100,3.3391864768584168e+02,2.5236406729055965e+00
217200,3.3391864768584168e+02,2.5236406729055965e+00
217300,3.3391048676881519e+02,2.5236300586899261e+00
217400,3.3389510035432892e+02,2.5236100461741948e+00
217500,3.3389128976924508e+02,2.5236050897507063e+00
217600,3.3383699972480628e+02,2.5235344686099070e+00
217700,3.3382607861935531e+02,2.5235202609174707e+00
217800,3.3379447858349522e+02,2.5234791485788399e+00
217900,3.3379438121183279e+02,2.5234790218901604e+00
218000,3.3377854246090197e+02,2.5234584138580280e+00
218100,3.3374615814416597e+02,2.5234162751025426e+00
218200,3.3369368113370427e+02,2.5233479828767087e+00
218300,3.3369368113370427e+02,2.5233479828767087e+00
218400,3.3365809390693119e+02,2.5233016644677182e+00
218500,3.3365809390693119e+02,2.5233016644677182e+00
218600,3.3364388851242848e+02,2.5232831741151962e+00
218700,3.3362995887788247e+02,2.5232650419392004e+00
218800,3.3359264280250568e+02,2.5232164639515888e+00
218900,3.3355147801406599e+02,2.5231628694135186e+00
219000,3.3353746783232782e+02,2.5231446273345330e+00
219100,3.3350815294788617e+02,2.5231064551551130e+00
219200,3.3349994564692997e+02,2.5230957674722370e+00
219300,3.3347075155797512e+02,2.5230577483154777e+00
219400,3.3347071903885973e+02,2.5230577059643182e+00
219500,3.3344915863779670e+02,2.5230296259399374e+00
219600,3.3338963924197100e+02,2.5229520991213894e+00
219700,3.3338194663214352e+02,2.5229420781244833e+00
219800,3.3332343498953969e+02,2.5228658487005857e+00
219900,3.3331752951555791e+02,2.5228581542596498e+00
220000,3.3326712685965867e+02,2.5227924773942658e+00
220100,3.3323467952731238e+02,2.5227501918452497e+00
220200,3.3322105204489759e+02,2.5227324312044885e+00
220300,3.3319037402775950e+02,2.5226924460150189e+00
220400,3.3314982143648331e+02,2.5226395848286165e+00
220500,3.3313571297293231e+02,2.5226211926302184e+00
220600,3.3307060646768417e+02,2.5225363078273273e+00
220700,3.3304309283131681e+02,2.5225004310078871e+00
220800,3.3301889036460199e+02,2.5224688693874597e+00
220900,3.3296170164514018e+02,2.5223942823930385e+00
221000,3.3293122413020961e+02,2.5223545276034822e+00
221100,3.3290228365908962e+02,2.5223167743610513e+00
221200,3.3286910913776552e+02,2.5222734937043017e+00
221300,3.3283732448441992e+02,2.5222320222722394e+00
221400,3.3279244053172738e+02,2.5221734526167507e+00
221500,3.3277192206568179e+02,2.5221466751716703e+00
221600,3.3268249228499138e+02,2.5220299463329461e+00
221700,3.3268200404474578e+02,2.5220293089678756e+00
221800,3.3263876073760201e+02,2.5219728540045185e+00
221900,3.3258840234861958e+02,2.5219071009153247e+00
222000,3.3257918464344613e+02,2.5218950642539744e+00
222100,3.3245908847620581e+02,2.5217382098129435e+00
222200,3.3245401948727300e+02,2.5217315880938163e+00
222300,3.3242822771087867e+02,2.5216978942293182e+00
222400,3.3242822771087867e+02,2.5216978942293182e+00
222500,3.3237747927801388e+02,2.5216315898514541e+00
222600,3.3237747927801388e+02,2.5216315898514541e+00
222700,3.3230377873886079e+02,2.5215352798164936e+00
222800,3.3229241777488909e+02,2.5215204316907038e+00
222900,3.3222423551360282e+02,2.5214313107339974e+00
223000,3.3220882847560961e+02,2.5214111696785722e+00
223100,3.3220248691308291e+02,2.5214028793152137e+00
223200,3.3214844292227582e+02,2.5213322208544957e+00
223300,3.3211494783052478e+02,2.5212884227655654e+00
223400,3.3208539514475859e+02,2.5212497760876529e+00
223500,3.3206098042306371e+02,2.5212178458406349e+00
223600,3.3205118343452142e+02,2.5212050324085218e+00
223700,3.3204018903696300e+02,2.5211906524409757e+00
223800,3.3201360590406563e+02,2.5211558814389181e+00
223900,3.3196152880502592e+02,2.5210877560058691e+00
224000,3.3194320997093581e+02,2.5210637894091645e+00
224100,3.3194089328387781e+02,2.5210607583849218e+00
224200,3.3184562118167298e+02,2.5209360913492129e+00
224300,3.3181080399537723e+02,2.5208905228552640e+00
224400,3.3181080399537723e+02,2.5208905228552640e+00
224500,3.3177491432737099e+02,2.5208435456996159e+00
224600,3.3176649518475352e+02,2.5208325248736996e+00
224700,3.3173405534799008e+02,2.5207900578641391e+00
224800,3.3168560743497483e+02,2.5207266269394921e+00
224900,3.3158946874044358e+02,2.5206007289332968e+00
225000,3.3155656211907882e+02,2.5205576278260793e+00
225100,3.3155656211907882e+02,2.5205576278260793e+00
225200,3.3152285317866352e+02,2.5205134714053306e+00
225300,3.3149236517329251e+02,2.5204735303236188e+00
225400,3.3147164506118628e+02,2.5204463836604027e+00
225500,3.3144660739042200e+02,2.5204135780400492e+00
225600,3.3140089066468357e+02,2.5203536712837931e+00
225700,3.3138336493086348e+02,2.5203307035399853e+00
225800,3.3133662343673979e+02,2.5202694421524803e+00
225900,3.3129510083725302e+02,2.5202150136209314e+00
226000,3.3125396313900688e+02,2.5201610828968812e+00
226100,3.3118985789182568e+02,2.5200770288101348e+00
226200,3.3118985789182568e+02,2.5200770288101348e+00
226300,3.3115472165530491e+02,2.5200309516650314e+00
226400,3.3111357145531002e+02,2.5199769816803714e+00
226500,3.3109845150237493e+02,2.5199571496268907e+00
226600,3.3105033898291231e+02,2.5198940369185383e+00
226700,3.3102464384248401e+02,2.5198603269672644e+00
226800,3.3097072915089052e+02,2.5197895867353548e+00
226900,3.3090319357320283e+02,2.5197009585908798e+00
227000,3.3090319357320283e+02,2.5197009585908798e+00
227100,3.3089019893416742e+02,2.5196839034190028e+00
227200,3.3081651236434942e+02,2.5195871787817934e+00
227300,3.3079639342532352e+02,2.5195607659227730e+00
227400,3.3078175291731708e+02,2.5195415443330766e+00
227500,3.3078175291731708e+02,2.5195415443330766e+00
227600,3.3075772068980621e+02,2.5195099904675349e+00
227700,3.3071624053345198e+02,2.5194555224035060e+00
227800,3.3069417372096001e+02,2.5194265434376613e+00
227900,3.3064484435638678e+02,2.5193617552721848e+00
228000,3.3062728916288597e+02,2.5193386963126989e+00
228100,3.3061850683361808e+02,2.5193271601572702e+00
228200,3.3057224217628618e+02,2.5192663834889659e+00
228300,3.3053475069765273e+02,2.5192171256759894e+00
228400,3.3051695083207437e+02,2.5191937375404372e+00
228500,3.3049292436664001e+02,2.5191621659656276e+00
228600,3.3046471012677392e+02,2.5191250885856173e+00
228700,3.3043508567745880e+02,2.5190861545900032e+00
228800,3.3042950811513577e+02,2.5190788238763830e+00
228900,3.3040132308968282e+02,2.5190417777809047e+00
229000,3.3037003412854642e+02,2.5190006482040008e+00
229100,3.3031012091413481e+02,2.5189218809569911e+00
229200,3.3030695434867181e+02,2.5189177175105448e+00
229300,3.3028610702326432e+02,2.5188903061466679e+00
229400,3.3023193482805732e+02,2.5188190690751178e+00
229500,3.3019774157559817e+02,2.5187740985312277e+00
229600,3.3019774157559817e+02,2.5187740985312277e+00
229700,3.3019090707057097e+02,2.5187651093160857e+00
229800,3.3012061362784539e+02,2.5186726437041793e+00
229900,3.3012061362784539e+02,2.5186726437041793e+00
230000,3.3006866024000368e+02,2.5186042903679606e+00
230100,3.3003321128626169e+02,2.5185576451888503e+00
230200,3.2999291876153097e+02,2.5185046205573167e+00
230300,3.2997428124579068e+02,2.5184800915496797e+00
230400,3.2997319027952130e+02,2.5184786556759136e+00
230500,3.2991335744125558e+02,2.5183998994968206e+00
230600,3.2987771699207462e+02,2.5183529802491171e+00
230700,3.2978527208938800e+02,2.5182312565446066e+00
230800,3.2978527208938800e+02,2.5182312565446066e+00
230900,3.2970506321823319e+02,2.5181256165724979e+00
231000,3.2970506321823319e+02,2.5181256165724979e+00
231100,3.2968846815163329e+02,2.5181037566496753e+00
231200,3.2966529108712552e+02,2.5180732247202351e+00
231300,3.2965014494249078e+02,2.5180532710328842e+00
231400,3.2958838633796881e+02,2.5179719001179279e+00
231500,3.2958740857972441e+02,2.5179706117362444e+00
231600,3.2954771400245932e+02,2.5179183033845942e+00
231700,3.2953431801973107e+02,2.5179006491288360e+00
231800,3.2949422819316902e+02,2.5178478113858342e+00
231900,3.2949422819316902e+02,2.5178478113858342e+00
232000,3.2947224189097437e+02,2.5178188310654157e+00
232100,3.2942236429745248e+02,2.5177530798406367e+00
232200,3.2942236429745248e+02,2.5177530798406367e+00
232300,3.2940916667003188e+02,2.5177356803796385e+00
232400,3.2938737855126033e+02,2.5177069538787920e+00
232500,3.2937161479576872e+02,2.5176861690027006e+00
232600,3.2933527081665648e+02,2.5176382448350938e+00
232700,3.2932913635111692e+02,2.5176301552389222e+00
232800,3.2929587101496691e+02,2.5175862852012552e+00
232900,3.2928185425467342e+02,2.5175677986918665e+00
233000,3.2923279658290369e+02,2.5175030910163216e+00
233100,3.2923279658290369e+02,2.5175030910163216e+00
233200,3.2921084377115540e+02,2.5174741318634837e+00
233300,3.2918102059579161e+02,2.5174347873903722e+00
233400,3.2915254135997662e+02,2.5173972125933828e+00
233500,3.2912804237812270e+02,2.5173648866433269e+00
233600,3.2910418201646229e+02,2.5173334010276860e+00
233700,3.2906303083695133e+02,2.5172790934600657e+00
233800,3.2905459913313530e+02,2.5172679652292640e+00
233900,3.2903158511584468e+02,2.5172375896919590e+00
234000,3.2900583769579930e+02,2.5172036038970269e+00
234100,3.2898058001806152e+02,2.5171702619623688e+00
234200,3.2895682451734552e+02,2.5171389006723457e+00
234300,3.2892004269298877e+02,2.5170903379574510e+00
234400,3.2890983629492581e+02,2.5170768615785244e+00
234500,3.2886433163134433e+02,2.5170167727964183e+00
234600,3.2885662659981273e+02,2.5170065975005413e+00
234700,3.2882387940969670e+02,2.5169633487685292e+00
234800,3.2877529850813659e+02,2.5168991807518397e+00
234900,3.2877529850813659e+02,2.5168991807518397e+00
235000,3.2877518690639653e+02,2.5168990333319199e+00
235100,3.2875159822825640e+02,2.5168678728286902e+00
235200,3.2874703086086419e+02,2.5168618391052187e+00
235300,3.2872647093887281e+02,2.5168346773697339e+00
235400,3.2871784310289343e+02,2.5168232786201310e+00
235500,3.2869742486890573e+02,2.5167963016794181e+00
235600,3.2868819040603938e+02,2.5167841003894194e+00
235700,3.2866994628756669e+02,2.5167599938345915e+00
235800,3.2864901266945299e+02,2.5167323319066575e+00
235900,3.2862443414191358e+02,2.5166998513038266e+00
236000,3.2859831125071332e+02,2.5166653271563129e+00
236100,3.2858486559745882e+02,2.5166475562418387e+00
236200,3.2854503215472999e+02,2.5165949047205709e+00
236300,3.2854503215472999e+02,2.5165949047205709e+00
236400,3.2851698486440802e+02,2.5165578282099492e+00
236500,3.2850533528416122e+02,2.5165424273681118e+00
236600,3.2845350253055881e+02,2.5164738974157848e+00
236700,3.2844596046305679e+02,2.5164639248751359e+00
236800,3.2843303325066842e+02,2.5164468312641022e+00
236900,3.2838290683103821e+02,2.5163805428988031e+00
237000,3.2836339270133129e+02,2.5163547342148123e+00
237100,3.2830135854174301e+02,2.5162726798842643e+00
237200,3.2830135854174301e+02,2.5162726798842643e+00
237300,3.2826932840265198e+02,2.5162303066472331e+00
237400,3.2826932840265198e+02,2.5162303066472331e+00
237500,3.2824193350282832e+02,2.5161940621697263e+00
237600,3.2821001978907168e+02,2.5161518353175611e+00
237700,3.2817202201695972e+02,2.5161015529462585e+00
237800,3.2817202201695972e+02,2.5161015529462585e+00
237900,3.2814048902138671e+02,2.5160598209793816e+00
238000,3.2814048902138671e+02,2.5160598209793816e+00
238100,3.2809146648306722e+02,2.5159949347215820e+00
238200,3.2807417431554188e+02,2.5159720444863387e+00
238300,3.2804689451691291e+02,2.5159359308281086e+00
238400,3.2799481996794822e+02,2.5158669849400312e+00
238500,3.2796768018639909e+02,2.5158310479546979e+00
238600,3.2795038699772539e+02,2.5158081477273893e+00
238700,3.2790331646826672e+02,2.5157458092176537e+00
238800,3.2789044948404700e+02,2.5157287670908870e+00
238900,3.2776949515313572e+02,2.5155685322023520e+00
239000,3.2769158921053162e+02,2.5154652945824627e+00
239100,3.2768276989704600e+02,2.5154536060593218e+00
239200,3.2764618532271288e+02,2.5154051159730968e+00
239300,3.2753444628474188e+02,2.5152569808001894e+00
239400,3.2752041514859769e+02,2.5152383758088765e+00
239500,3.2751123414361302e+02,2.5152262015580362e+00
239600,3.2747589105124888e+02,2.5151793325146254e+00
239700,3.2742095376096353e+02,2.5151064692468710e+00
239800,3.2740712531854052e+02,2.5150881266729028e+00
239900,3.2732433280313143e+02,2.5149782913126777e+00
240000,3.2732433280313143e+02,2.5149782913126777e+00
240100,3.2731398810249999e+02,2.5149645657293807e+00
240200,3.2729500180728968e+02,2.5149393731537484e+00
240300,3.2719087523917619e+02,2.5148011834817670e+00
240400,3.2716686449427829e+02,2.5147693118207868e+00
240500,3.2714855524264351e+02,2.5147450067021393e+00
240600,3.2709971423529248e+02,2.5146801647116837e+00
240700,3.2706863609390371e+02,2.5146388999047993e+00
240800,3.2700176311125858e+02,2.5145500942732104e+00
240900,3.2694347237135361e+02,2.5144726708273919e+00
241000,3.2687619500077102e+02,2.5143832939170232e+00
241100,3.2684167568326882e+02,2.5143374284151103e+00
241200,3.2679358686647311e+02,2.5142735251681163e+00
241300,3.2670071108959479e+02,2.5141500797523002e+00
241400,3.2664783861479663e+02,2.5140797888666468e+00
241500,3.2663465034032669e+02,2.5140622540484765e+00
241600,3.2653574311876378e+02,2.5139307267738062e+00
241700,3.2648824510880240e+02,2.5138675495428440e+00
241800,3.2642579495697009e+02,2.5137844704397669e+00
241900,3.2642579495697009e+02,2.5137844704397669e+00
242000,3.2636156464450352e+02,2.5136990065595159e+00
242100,3.2633702232765768e+02,2.5136663464833431e+00
242200,3.2621529355762658e+02,2.5135043176852232e+00
242300,3.2612657797457359e+02,2.5133861934620279e+00
242400,3.2612657797457359e+02,2.5133861934620279e+00
242500,3.2606600716664821e+02,2.5133055253639189e+00
242600,3.2602865667113019e+02,2.5132557745684680e+00
242700,3.2602865667113019e+02,2.5132557745684680e+00
242800,3.2600425610310822e+02,2.5132232699760020e+00
242900,3.2588938191208081e+02,2.5130702105660507e+00
243000,3.2588938191208081e+02,2.5130702105660507e+00
243100,3.2582450562120198e+02,2.5129837449689014e+00
243200,3.2579986834956730e+02,2.5129509044811829e+00
243300,3.2575923136700681e+02,2.5128967315985764e+00
243400,3.2575923136700681e+02,2.5128967315985764e+00
243500,3.2570891126862278e+02,2.5128296408548541e+00
243600,3.2566923911569262e+02,2.5127767394883773e+00
243700,3.2563670131627163e+02,2.5127333467112623e+00
243800,3.2551524566282751e+02,2.5125713337711391e+00
243900,3.2551449995815977e+02,2.5125703388690641e+00
244000,3.2548557094953969e+02,2.5125317406894929e+00
244100,3.2543821954479040e+02,2.5124685552471124e+00
244200,3.2541105848625563e+02,2.5124323075373911e+00
244300,3.2527050731717833e+02,2.5122446870443182e+00
244400,3.2527050731717833e+02,2.5122446870443182e+00
244500,3.2519668673467157e+02,2.5121461121367310e+00
244600,3.2502736348864909e+02,2.5119199250154072e+00
244700,3.2500260641151840e+02,2.5118868438884161e+00
244800,3.2498626747020762e+02,2.5118650099391346e+00
244900,3.2493876834885600e+02,2.5118015299831455e+00
245000,3.2484706440079839e+02,2.5116789464583369e+00
245100,3.2479330754768938e+02,2.5116070719082595e+00
245200,3.2466985325802722e+02,2.5114419647223589e+00
245300,3.2466675172243072e+02,2.5114378159348592e+00
245400,3.2458172476035952e+02,2.5113240636751644e+00
245500,3.2450996737597302e+02,2.5112280407662921e+00
245600,3.2449750492004898e+02,2.5112113618340133e+00
245700,3.2448039033034149e+02,2.5111884557476087e+00
245800,3.2444785458214039e+02,2.5111449067234108e+00
245900,3.2436968642322108e+02,2.5110402609698732e+00
246000,3.2435770903050479e+02,2.5110242242937555e+00
246100,3.2430540729043418e+02,2.5109541899212613e+00
246200,3.2426916428248722e+02,2.5109056522848343e+00
246300,3.2423379630264492e+02,2.5108582812798264e+00
246400,3.2420223943412623e+02,2.5108160104215789e+00
246500,3.2417299019869068e+02,2.5107768269951380e+00
246600,3.2414919989833271e+02,2.5107449539655526e+00
246700,3.2409394120744952e+02,2.5106709121652955e+00
246800,3.2405579603480061e+02,2.5106197936133317e+00
246900,3.2400963065188063e+02,2.5105579190856515e+00
247000,3.2397520096839588e+02,2.5105117679387865e+00
247100,3.2397056883523368e+02,2.5105055584380365e+00
247200,3.2393918372252602e+02,2.5104634835002240e+00
247300,3.2385069433073022e+02,2.5103448325113620e+00
247400,3.2385069433073022e+02,2.5103448325113620e+00
247500,3.2382060363074947e+02,2.5103044780136132e+00
247600,3.2375230840607787e+02,2.5102128736899183e+00
247700,3.2371867247078848e+02,2.5101677507375872e+00
247800,3.2369489932839610e+02,2.5101358559951445e+00
247900,3.2361582576676500e+02,2.5100297517385015e+00
248000,3.2358371927204792e+02,2.5099866624823139e+00
248100,3.2356295262559269e+02,2.5099587898520190e+00
248200,3.2349280384704741e+02,2.5098646241568709e+00
248300,3.2343029175259130e+02,2.5097806925181843e+00
248400,3.2341248613986357e+02,2.5097567829079335e+00
248500,3.2333369967981639e+02,2.5096509716151369e+00
248600,3.2329671543402878e+02,2.5096012923748630e+00
248700,3.2325842808258881e+02,2.5095498567451466e+00
248800,3.2319625762572173e+02,2.5094663233218926e+00
248900,3.2308604043205651e+02,2.5093181938755884e+00
249000,3.2307503063349981e+02,2.5093033941763347e+00
249100,3.2296325836372631e+02,2.5091531180044626e+00
249200,3.2296325836372631e+02,2.5091531180044626e+00
249300,3.2287352280136588e+02,2.5090324322183601e+00
249400,3.2277570173053658e+02,2.5089008339758903e+00
249500,3.2277570173053658e+02,2.5089008339758903e+00
249600,3.2276872745175592e+02,2.5088914499872668e+00
249700,3.2270212647319607e+02,2.5088018272338775e+00
249800,3.2264551615846932e+02,2.5087256340451414e+00
249900,3.2257456064787658e+02,2.5086301144296090e+00
250000,3.2249254039182131e+02,2.5085196733770618e+00
250100,3.2232727572292691e+02,2.5082970575903500e+00
250200,3.2230226971428351e+02,2.5082633639079845e+00
250300,3.2226704814177560e+02,2.5082159011008800e+00
250400,3.2218758314174278e+02,2.5081087990349835e+00
250500,3.2199720703609148e+02,2.5078521046956004e+00
250600,3.2195139916068058e+02,2.5077903168219695e+00
250700,3.2193330506032947e+02,2.5077659082038180e+00
250800,3.2178363953169043e+02,2.5075639594593073e+00
250900,3.2170925533298242e+02,2.5074635554068574e+00
251000,3.2155838050317931e+02,2.5072598327147997e+00
251100,3.2154850585508427e+02,2.5072464958799134e+00
251200,3.2151544289675712e+02,2.5072018376141298e+00
251300,3.2145643857472822e+02,2.5071221288359520e+00
251400,3.2135547387786352e+02,2.5069857019582709e+00
251500,3.2130997575303701e+02,2.5069242093586812e+00
251600,3.2123917148822619e+02,2.5068284971419303e+00
251700,3.2121215940640468e+02,2.5067919770274170e+00
251800,3.2103630811633781e+02,2.5065541524137913e+00
251900,3.2101145363616308e+02,2.5065205282374019e+00
252000,3.2098954540199088e+02,2.5064908877065393e+00
252100,3.2095229693569792e+02,2.5064404881147953e+00
252200,3.2085243499118258e+02,2.5063053395574610e+00
252300,3.2075535442489507e+02,2.5061739148607662e+00
252400,3.2064001568889972e+02,2.5060177211011405e+00
252500,3.2060364027807918e+02,2.5059684492212044e+00
252600,3.2055494266232859e+02,2.5059024776927692e+00
252700,3.2053066079154632e+02,2.5058695788647833e+00
252800,3.2041390652171208e+02,2.5057113569583209e+00
252900,3.2038317880279737e+02,2.5056697060860498e+00
253000,3.2036251624960789e+02,2.5056416961192105e+00
253100,3.2030536988664358e+02,2.5055642196272587e+00
253200,3.2029418309108968e+02,2.5055490514506431e+00
253300,3.2020725404759207e+02,2.5054311663001942e+00
253400,3.2013432989059771e+02,2.5053322485977945e+00
253500,3.2004418560930338e+02,2.5052099415748246e+00
253600,3.2003337684159561e+02,2.5051952740143681e+00
253700,3.1996427332012240e+02,2.5051014884257334e+00
253800,3.1989455772528851e+02,2.5050068516190200e+00
253900,3.1984654238109022e+02,2.5049416602499877e+00
254000,3.1968091394996350e+02,2.5047167081714465e+00
254100,3.1968091394996350e+02,2.5047167081714465e+00
254200,3.1959067777829068e+02,2.5045941027805831e+00
254300,3.1953319872821248e+02,2.5045159869872013e+00
254400,3.1953319872821248e+02,2.5045159869872013e+00
254500,3.1943270626235210e+02,2.5043793808759363e+00
254600,3.1937679792110117e+02,2.5043033623320650e+00
254700,3.1932203616426767e+02,2.5042288898965408e+00
254800,3.1927066945017458e+02,2.5041590228894917e+00
254900,3.1921057294939061e+02,2.5040772676960232e+00
255000,3.1916555696784371e+02,2.5040160179358915e+00
255100,3.1912509529168659e+02,2.5039609574939283e+00
255200,3.1907575824260039e+02,2.5038938099553576e+00
255300,3.1899759527512578e+02,2.5037874091929813e+00
255400,3.1894180911198612e+02,2.5037114533178206e+00
255500,3.1886065596230571e+02,2.5036009351959398e+00
255600,3.1874987086445560e+02,2.5034500174957661e+00
255700,3.1873198605910761e+02,2.5034256488892241e+00
255800,3.1868434959841443e+02,2.5033607360500083e+00
255900,3.1861478866559838e+02,2.5032659299296665e+00
256000,3.1859392275680813e+02,2.5032374872894820e+00
256100,3.1853575648472020e+02,2.5031581901168845e+00
256200,3.1849774732577930e+02,2.5031063649996477e+00
256300,3.1846178631346112e+02,2.5030573268161991e+00
256400,3.1840173716183222e+02,2.5029754285308949e+00
256500,3.1837958022408520e+02,2.5029452057980959e+00
256600,3.1829916383035800e+02,2.5028354977339831e+00
256700,3.1821409766226577e+02,2.5027194160437687e+00
256800,3.1820970560658992e+02,2.5027134217816607e+00
256900,3.1816863594133270e+02,2.5026573660429432e+00
257000,3.1812542226749179e+02,2.5025983761470654e+00
257100,3.1804602506063361e+02,2.5024899721338363e+00
257200,3.1801550861708120e+02,2.5024482996781048e+00
257300,3.1793986982274191e+02,2.5023449920805345e+00
257400,3.1788659148166272e+02,2.5022722096752781e+00
257500,3.1779518695349202e+02,2.5021473154787608e+00
257600,3.1775837881480197e+02,2.5020970110751635e+00
257700,3.1775369271024653e+02,2.5020906063208201e+00
257800,3.1765351338206477e+02,2.5019536631783019e+00
257900,3.1760452252481321e+02,2.5018866779288200e+00
258000,3.1746943608262347e+02,2.5017019205583986e+00
258100,3.1737937990897302e+02,2.5015787072876012e+00
258200,3.1737937990897302e+02,2.5015787072876012e+00
258300,3.1727110482131019e+02,2.5014305209245964e+00
258400,3.1718754790296788e+02,2.5013161295182695e+00
258500,3.1714679735691811e+02,2.5012603301202372e+00
258600,3.1709244934897271e+02,2.5011859006675237e+00
258700,3.1701258600957800e+02,2.5010765048865258e+00
258800,3.1697043069818210e+02,2.5010187499667040e+00
258900,3.1683720987749120e+02,2.5008361801633479e+00
259000,3.1676456017383231e+02,2.5007365864846665e+00
259100,3.1669163750027673e+02,2.5006365956250396e+00
259200,3.1656663007830048e+02,2.5004651330889911e+00
259300,3.1656663007830048e+02,2.5004651330889911e+00
259400,3.1647224087392709e+02,2.5003356222080786e+00
259500,3.1642414366641970e+02,2.5002696134509867e+00
259600,3.1635550205757841e+02,2.5001753921141692e+00
259700,3.1632007408027448e+02,2.5001267536787859e+00
259800,3.1620157707398539e+02,2.4999640316708942e+00
259900,3.1617467305720521e+02,2.4999270781450988e+00
260000,3.1613289851497098e+02,2.4998696932456657e+00
260100,3.1600644150267499e+02,2.4996959354049682e+00
260200,3.1596184895266128e+02,2.4996346465753558e+00
260300,3.1589175508007719e+02,2.4995382907675894e+00
260400,3.1581865187399688e+02,2.4994377753453252e+00
260500,3.1580269304617792e+02,2.4994158291874995e+00
260600,3.1577202215966139e+02,2.4993736482817126e+00
260700,3.1570809227849583e+02,2.4992857139380051e+00
260800,3.1566093758287980e+02,2.4992208421334934e+00
260900,3.1560567311617137e+02,2.4991448011942410e+00
261000,3.1554260723134257e+02,2.4990580096534210e+00
261100,3.1552797156764632e+02,2.4990378655104455e+00
261200,3.1544972151037518e+02,2.4989301483323949e+00
261300,3.1541686770245792e+02,2.4988849145928218e+00
261400,3.1539127855961510e+02,2.4988496797164008e+00
261500,3.1530750236827231e+02,2.4987343043932539e+00
261600,3.1528507200342437e+02,2.4987034084262523e+00
261700,3.1520417955302491e+02,2.4985919675255799e+00
261800,3.1512935536489840e+02,2.4984888610577536e+00
261900,3.1506334300005818e+02,2.4983978768049475e+00
262000,3.1496086427649539e+02,2.4982565935207997e+00
262100,3.1496086427649539e+02,2.4982565935207997e+00
262200,3.1493187597659221e+02,2.4982166201796510e+00
262300,3.1483909628128191e+02,2.4980886571207854e+00
262400,3.1483909628128191e+02,2.4980886571207854e+00
262500,3.1477419190726130e+02,2.4979991176777108e+00
262600,3.1465683926361010e+02,2.4978371758488493e+00
262700,3.1463615035014601e+02,2.4978086197355425e+00
262800,3.1449722010924120e+02,2.4976168110005164e+00
262900,3.1449722010924120e+02,2.4976168110005164e+00
263000,3.1449722010924120e+02,2.4976168110005164e+00
263100,3.1447601189009202e+02,2.4975875232277391e+00
263200,3.1443139526716209e+02,2.4975259028589800e+00
263300,3.1438729705354763e+02,2.4974649898769079e+00
263400,3.1432643363761048e+02,2.4973809050399352e+00
263500,3.1428960506153180e+02,2.4973300172279771e+00
263600,3.1424374854126518e+02,2.4972666467365552e+00
263700,3.1420154977123752e+02,2.4972083228281963e+00
263800,3.1419109253773792e+02,2.4971938684297852e+00
263900,3.1414245868678131e+02,2.4971266384908293e+00
264000,3.1411978940515758e+02,2.4970952976170078e+00
264100,3.1403134055347329e+02,2.4969729931375952e+00
264200,3.1400295469185238e+02,2.4969337346984695e+00
264300,3.1395823264249162e+02,2.4968718756546897e+00
264400,3.1386558449631411e+02,2.4967436977237569e+00
264500,3.1376425757820220e+02,2.4966034694591444e+00
264600,3.1375429652825909e+02,2.4965896817265065e+00
264700,3.1370700888196171e+02,2.4965242218687882e+00
264800,3.1361818374361849e+02,2.4964012353598832e+00
264900,3.1359373846660458e+02,2.4963673825310542e+00
265000,3.1354648110735502e+02,2.4963019311064771e+00
265100,3.1347795434730619e+02,2.4962070040440292e+00
265200,3.1338207637152868e+02,2.4960741537294440e+00
265300,3.1331958096892242e+02,2.4959875370490243e+00
265400,3.1327068068448170e+02,2.4959197507298332e+00
265500,3.1317885837444697e+02,2.4957924366514828e+00
265600,3.1308201462221751e+02,2.4956581197578402e+00
265700,3.1308201462221751e+02,2.4956581197578402e+00
265800,3.1305630527472482e+02,2.4956224553450395e+00
265900,3.1296972484441028e+02,2.4955023280610060e+00
266000,3.1283994743045298e+02,2.4953222042372230e+00
266100,3.1282303489439391e+02,2.4952987250757745e+00
266200,3.1275787136707942e+02,2.4952082486556884e+00
266300,3.1270932756344769e+02,2.4951408356686402e+00
266400,3.1255395321576691e+02,2.4949249962765307e+00
266500,3.1251622260371528e+02,2.4948725663342084e+00
266600,3.1246305615035482e+02,2.4947986762128638e+00
266700,3.1234795269033930e+02,2.4946386636734208e+00
266800,3.1231478098311283e+02,2.4945925386570216e+00
266900,3.1215721034326452e+02,2.4943733709063496e+00
267000,3.1208604942019559e+02,2.4942743556719309e+00
267100,3.1195233231186108e+02,2.4940882369815602e+00
267200,3.1193945093853182e+02,2.4940703033927321e+00
267300,3.1174416010437329e+02,2.4937983265990131e+00
267400,3.1169660238342072e+02,2.4937320683205546e+00
267500,3.1163834357716217e+02,2.4936508873172496e+00
267600,3.1158607317679838e+02,2.4935780379683226e+00
267700,3.1149506538094693e+02,2.4934511710760874e+00
267800,3.1139720455522871e+02,2.4933147095433155e+00
267900,3.1139720455522871e+02,2.4933147095433155e+00
268000,3.1134579502528800e+02,2.4932430046016743e+00
268100,3.1124949277682208e+02,2.4931086523627268e+00
268200,3.1119396497608091e+02,2.4930311660715057e+00
268300,3.1110543944788151e+02,2.4929076044920131e+00
268400,3.1107795440949218e+02,2.4928692344531052e+00
268500,3.1101810227382020e+02,2.4927856671259909e+00
268600,3.1098323053393602e+02,2.4927369707537386e+00
268700,3.1083994113302288e+02,2.4925368180412995e+00
268800,3.1074042265644880e+02,2.4923977521115801e+00
268900,3.1074042265644880e+02,2.4923977521115801e+00
269000,3.1070100793325929e+02,2.4923426621353819e+00
269100,3.1063388463715592e+02,2.4922488277875390e+00
269200,3.1062960241287800e+02,2.4922428408064494e+00
269300,3.1061611184237000e+02,2.4922239790897542e+00
269400,3.1048482301196350e+02,2.4920403760319236e+00
269500,3.1046042918136629e+02,2.4920062535195480e+00
269600,3.1040463279298228e+02,2.4919281944850340e+00
269700,3.1036470073776292e+02,2.4918723210057241e+00
269800,3.1033976683075798e+02,2.4918374294952028e+00
269900,3.1028828198795418e+02,2.4917653747976258e+00
270000,3.1021371032780462e+02,2.4916609881524057e+00
270100,3.1017659940234080e+02,2.4916090303125951e+00
270200,3.1015830302527820e+02,2.4915834118424161e+00
270300,3.1008256149219972e+02,2.4914773429523698e+00
270400,3.0995833426736272e+02,2.4913033183054800e+00
270500,3.0995182385406019e+02,2.4912941962204966e+00
270600,3.0991868749195760e+02,2.4912477641384347e+00
270700,3.0978886046102178e+02,2.4910657971310992e+00
270800,3.0978886046102178e+02,2.4910657971310992e+00
270900,3.0977973876544121e+02,2.4910530091942622e+00
271000,3.0966406993503938e+02,2.4908908174517670e+00
271100,3.0956591901981619e+02,2.4907531419451137e+00
271200,3.0950333666508197e+02,2.4906653353833481e+00
271300,3.0947062390699881e+02,2.4906194304786458e+00
271400,3.0942141334888942e+02,2.4905503655283905e+00
271500,3.0931649812698902e+02,2.4904030847442957e+00
271600,3.0920462352016187e+02,2.4902459792769491e+00
271700,3.0920462352016187e+02,2.4902459792769491e+00
271800,3.0918546420587461e+02,2.4902190681584178e+00
271900,3.0914833739017439e+02,2.4901669151913088e+00
272000,3.0910247818902639e+02,2.4901024869769408e+00
272100,3.0907510199180001e+02,2.4900640212292986e+00
272200,3.0898834336170688e+02,2.4899420958999889e+00
272300,3.0896893487053632e+02,2.4899148156949744e+00
272400,3.0895464267235729e+02,2.4898947257581923e+00
272500,3.0881872228419758e+02,2.4897036217745736e+00
272600,3.0876546329482721e+02,2.4896287167307181e+00
272700,3.0874043117540009e+02,2.4895935063418269e+00
272800,3.0870601935995637e+02,2.4895450977338833e+00
272900,3.0869356265103011e+02,2.4895275730056272e+00
273000,3.0857546689312181e+02,2.4893613947780904e+00
273100,3.0845873546117468e+02,2.4891970738468663e+00
273200,3.0845161783325602e+02,2.4891870524668942e+00
273300,3.0845161783325602e+02,2.4891870524668942e+00
273400,3.0828644936874031e+02,2.4889544358724169e+00
273500,3.0820345860518910e+02,2.4888375079862968e+00
273600,3.0820345860518910e+02,2.4888375079862968e+00
273700,3.0811540284794660e+02,2.4887134094648258e+00
273800,3.0804626557788140e+02,2.4886159482414234e+00
273900,3.0804626557788140e+02,2.4886159482414234e+00
274000,3.0793782569081242e+02,2.4884630389513092e+00
274100,3.0787778926275860e+02,2.4883783594178048e+00
274200,3.0775679076547158e+02,2.4882076445747088e+00
274300,3.0773524473448742e+02,2.4881772385846150e+00
274400,3.0766882567307698e+02,2.4880834938943770e+00
274500,3.0758839896972540e+02,2.4879699515505793e+00
274600,3.0757379958750550e+02,2.4879493376989696e+00
274700,3.0742896587656361e+02,2.4877447842037639e+00
274800,3.0738938554898658e+02,2.4876888668166441e+00
274900,3.0738938554898658e+02,2.4876888668166441e+00
275000,3.0734000503558428e+02,2.4876190940520466e+00
275100,3.0725920148977889e+02,2.4875048975679279e+00
275200,3.0722402220926227e+02,2.4874551706857830e+00
275300,3.0717404134299431e+02,2.4873845115618161e+00
275400,3.0709209663615121e+02,2.4872686395252055e+00
275500,3.0705463476756239e+02,2.4872156571286603e+00
275600,3.0699143371557358e+02,2.4871262570994608e+00
275700,3.0690771892524162e+02,2.4870078113529117e+00
275800,3.0684972173573118e+02,2.4869257337835768e+00
275900,3.0681738616510870e+02,2.4868799657776899e+00
276000,3.0674318346525678e+02,2.4867749204901006e+00
276100,3.0667805894662803e+02,2.4866827058185903e+00
276200,3.0666807718126438e+02,2.4866685701605591e+00
276300,3.0655191362497862e+02,2.4865040315191158e+00
276400,3.0651948544311921e+02,2.4864580878314007e+00
276500,3.0651948544311921e+02,2.4864580878314007e+00
276600,3.0645767725748811e+02,2.4863705055993686e+00
276700,3.0642082568595828e+02,2.4863182784969093e+00
276800,3.0640641496802152e+02,2.4862978535064189e+00
276900,3.0630614219149197e+02,2.4861557055663717e+00
277000,3.0624175887909888e+02,2.4860644104452780e+00
277100,3.0616415931448552e+02,2.4859543492525664e+00
277200,3.0615912283709542e+02,2.4859472049403948e+00
277300,3.0609411510957699e+02,2.4858549800383489e+00
277400,3.0602086412322842e+02,2.4857510371505049e+00
277500,3.0594608569383388e+02,2.4856449011592630e+00
277600,3.0593626053201513e+02,2.4856309539892281e+00
277700,3.0579955645441612e+02,2.4854368511562908e+00
277800,3.0574041559347518e+02,2.4853528515787793e+00
277900,3.0572998998875067e+02,2.4853380420882085e+00
278000,3.0563189652551199e+02,2.4851986763504987e+00
278100,3.0562898985115407e+02,2.4851945460268920e+00
278200,3.0551787334841202e+02,2.4850366223348082e+00
278300,3.0551787334841202e+02,2.4850366223348082e+00
278400,3.0551407400376178e+02,2.4850312215225476e+00
278500,3.0546474991649518e+02,2.4849611006668559e+00
278600,3.0540305621986499e+02,2.4848733788002373e+00
278700,3.0540305621986499e+02,2.4848733788002373e+00
278800,3.0538414363177299e+02,2.4848464835651978e+00
278900,3.0531136445379298e+02,2.4847429701280586e+00
279000,3.0527377973880721e+02,2.4846895039260124e+00
279100,3.0523849905542119e+02,2.4846393093380850e+00
279200,3.0519374965508501e+02,2.4845756350557697e+00
279300,3.0515549792029788e+02,2.4845211989524110e+00
279400,3.0509328508245540e+02,2.4844326491903312e+00
279500,3.0501250218968221e+02,2.4843176410540360e+00
279600,3.0501250218968221e+02,2.4843176410540360e+00
279700,3.0498885599501142e+02,2.4842839709261555e+00
279800,3.0493419722340582e+02,2.4842061315894255e+00
279900,3.0486414111785120e+02,2.4841063445671039e+00
280000,3.0484656459206587e+02,2.4840813051899362e+00
280100,3.0476230117585033e+02,2.4839612441508772e+00
280200,3.0472306909128400e+02,2.4839053337756805e+00
280300,3.0466288129452568e+02,2.4838195450302116e+00
280400,3.0458267080885298e+02,2.4837051905752650e+00
280500,3.0456479700828208e+02,2.4836797041590164e+00
280600,3.0445283737559839e+02,2.4835200258558836e+00
280700,3.0440184110361878e+02,2.4834472748354743e+00
280800,3.0437106121840668e+02,2.4834033585104813e+00
280900,3.0432843187047018e+02,2.4833425281966188e+00
281000,3.0421895985713729e+02,2.4831862771224298e+00
281100,3.0421238746591757e+02,2.4831768944591195e+00
281200,3.0405845674749781e+02,2.4829570869057305e+00
281300,3.0399240902806031e+02,2.4828627390087985e+00
281400,3.0399240902806031e+02,2.4828627390087985e+00
281500,3.0398582950423321e+02,2.4828533391628480e+00
281600,3.0388021503297227e+02,2.4827024250496104e+00
281700,3.0386395487050311e+02,2.4826791859987511e+00
281800,3.0385268831645601e+02,2.4826630830918845e+00
281900,3.0374889606813099e+02,2.4825147082281287e+00
282000,3.0372526483279529e+02,2.4824809194161181e+00
282100,3.0367458219464697e+02,2.4824084426440711e+00
282200,3.0361977428558322e+02,2.4823300530714310e+00
282300,3.0355469417858927e+02,2.4822369532033521e+00
282400,3.0351654131045348e+02,2.4821823646175214e+00
282500,3.0337572331473388e+02,2.4819808247951971e+00
282600,3.0336609379168749e+02,2.4819670395290268e+00
282700,3.0332183014944599e+02,2.4819036677200623e+00
282800,3.0322891588393242e+02,2.4817706132200650e+00
282900,3.0311538303500311e+02,2.4816079772705923e+00
283000,3.0311538303500311e+02,2.4816079772705923e+00
283100,3.0305860952468151e+02,2.4815266262966946e+00
283200,3.0298303068441618e+02,2.4814183054445675e+00
283300,3.0297001176969519e+02,2.4813996437911769e+00
283400,3.0288808042095900e+02,2.4812821828433855e+00
283500,3.0281118364957359e+02,2.4811719108135208e+00
283600,3.0276420220125300e+02,2.4811045243765055e+00
283700,3.0275097727444131e+02,2.4810855537117442e+00
283800,3.0269847712259752e+02,2.4810102360245736e+00
283900,3.0266199741621512e+02,2.4809578938718602e+00
284000,3.0259419960109022e+02,2.4808605988180892e+00
284100,3.0255861547510790e+02,2.4808095241500374e+00
284200,3.0249749554121638e+02,2.4807217833616035e+00
284300,3.0246672234030012e+02,2.4806776001488946e+00
284400,3.0241947370019489e+02,2.4806097532585172e+00
284500,3.0237136832390979e+02,2.4805406652430815e+00
284600,3.0234563424588367e+02,2.4805037019427512e+00
284700,3.0227752789783227e+02,2.4804058617900138e+00
284800,3.0222126400796469e+02,2.4803250176351614e+00
284900,3.0217386533474098e+02,2.4802569000039183e+00
285000,3.0216015457767458e+02,2.4802371939938594e+00
285100,3.0209657815556369e+02,2.4801458060525818e+00
285200,3.0205894899061099e+02,2.4800917069407324e+00
285300,3.0200840515208557e+02,2.4800190299120319e+00
285400,3.0194235624318731e+02,2.4799240397948963e+00
285500,3.0182618714396898e+02,2.4797569174764735e+00
285600,3.0178891170038139e+02,2.4797032789259728e+00
285700,3.0169803866225698e+02,2.4795724868374753e+00
285800,3.0167437967206848e+02,2.4795384283734840e+00
285900,3.0158879456777288e+02,2.4794152014292079e+00
286000,3.0154184466441211e+02,2.4793475872750914e+00
286100,3.0148516134393662e+02,2.4792659416667666e+00
286200,3.0145909818773930e+02,2.4792283956258330e+00
286300,3.0134585280250258e+02,2.4790652189750535e+00
286400,3.0128038024094297e+02,2.4789708507887576e+00
286500,3.0126477017737079e+02,2.4789483483606216e+00
286600,3.0126477017737079e+02,2.4789483483606216e+00
286700,3.0116236729199699e+02,2.4788007022613305e+00
286800,3.0111037686692589e+02,2.4787257224287043e+00
286900,3.0102900427362101e+02,2.4786083420693639e+00
287000,3.0095575887463252e+02,2.4785026580896030e+00
287100,3.0094325628854273e+02,2.4784846158465941e+00
287200,3.0081755972545648e+02,2.4783031838786638e+00
287300,3.0077097334970608e+02,2.4782359212735825e+00
287400,3.0070224060000919e+02,2.4781366641384119e+00
287500,3.0058761295110497e+02,2.4779710795848002e+00
287600,3.0055608041896500e+02,2.4779255184157405e+00
287700,3.0052352542185332e+02,2.4778784748778118e+00
287800,3.0042980276895310e+02,2.4777430126733293e+00
287900,3.0031320848513002e+02,2.4775744339174453e+00
288000,3.0027762859040809e+02,2.4775229774149192e+00
288100,3.0016825817764061e+02,2.4773647650986375e+00
288200,3.0016825817764061e+02,2.4773647650986375e+00
288300,3.0009641024190392e+02,2.4772608004183319e+00
288400,2.9994836406961161e+02,2.4770464976204387e+00
288500,2.9991743361407788e+02,2.4770017111824556e+00
288600,2.9982337562867900e+02,2.4768654894555264e+00
288700,2.9961439625777422e+02,2.4765626770684896e+00
288800,2.9952852049351691e+02,2.4764381813271270e+00
288900,2.9934813094600241e+02,2.4761765508652962e+00
289000,2.9931379158380832e+02,2.4761267284364155e+00
289100,2.9903777122758811e+02,2.4757260471862850e+00
289200,2.9903777122758811e+02,2.4757260471862850e+00
289300,2.9899466465367192e+02,2.4756634387186010e+00
289400,2.9883367949638529e+02,2.4754295422570096e+00
289500,2.9877179566721031e+02,2.4753395972791177e+00
289600,2.9858391282364971e+02,2.4750664049960829e+00
289700,2.9851702449201980e+02,2.4749691040821613e+00
289800,2.9833568124417451e+02,2.4747051985204167e+00
289900,2.9826100961269890e+02,2.4745964836107603e+00
290000,2.9806770564803878e+02,2.4743149246451295e+00
290100,2.9797194026498642e+02,2.4741753689022858e+00
290200,2.9781605249548642e+02,2.4739481028262396e+00
290300,2.9777895792372618e+02,2.4738940057718217e+00
290400,2.9770150125081949e+02,2.4737810247149241e+00
290500,2.9756040433799188e+02,2.4735751401749360e+00
290600,2.9741290069572869e+02,2.4733598027180586e+00
290700,2.9741290069572869e+02,2.4733598027180586e+00
290800,2.9733988403586869e+02,2.4732531677146166e+00
290900,2.9723477134727432e+02,2.4730996130324692e+00
291000,2.9720577407151359e+02,2.4730572425819335e+00
291100,2.9720577407151359e+02,2.4730572425819335e+00
291200,2.9706861569463729e+02,2.4728567724681016e+00
291300,2.9699847170146001e+02,2.4727542145248544e+00
291400,2.9697962910782951e+02,2.4727266605310958e+00
291500,2.9694031154769482e+02,2.4726691598537669e+00
291600,2.9690181566262078e+02,2.4726128534729259e+00
291700,2.9687420842217313e+02,2.4725724689787421e+00
291800,2.9674393329363971e+02,2.4723818488935940e+00
291900,2.9674393329363971e+02,2.4723818488935940e+00
292000,2.9674393329363971e+02,2.4723818488935940e+00
292100,2.9667216365981261e+02,2.4722767989758339e+00
292200,2.9667216365981261e+02,2.4722767989758339e+00
292300,2.9660727194899101e+02,2.4721817944624394e+00
292400,2.9655057990029309e+02,2.4720987776266496e+00
292500,2.9655057990029309e+02,2.4720987776266496e+00
292600,2.9652635711178300e+02,2.4720633022178600e+00
292700,2.9648473634210751e+02,2.4720023398823088e+00
292800,2.9643415671920962e+02,2.4719282439092116e+00
292900,2.9633190222533068e+02,2.4717784088698673e+00
293000,2.9627163170590711e+02,2.4716900693558461e+00
293100,2.9627163170590711e+02,2.4716900693558461e+00
293200,2.9625400623736238e+02,2.4716642320139930e+00
293300,2.9622498915156422e+02,2.4716216922434651e+00
293400,2.9617583614261412e+02,2.4715496231993535e+00
293500,2.9612479117956087e+02,2.4714747674763804e+00
293600,2.9605580205615553e+02,2.4713735767380007e+00
293700,2.9602388031981138e+02,2.4713267471156604e+00
293800,2.9588635735046302e+02,2.4711249412876932e+00
293900,2.9586348768406788e+02,2.4710913724747678e+00
294000,2.9581642999297333e+02,2.4710222915578530e+00
294100,2.9579158305768959e+02,2.4709858117041184e+00
294200,2.9571833569127313e+02,2.4708782533142997e+00
294300,2.9564630122536698e+02,2.4707724499934662e+00
294400,2.9554065605239742e+02,2.4706172330503859e+00
294500,2.9548729937254512e+02,2.4705388187842492e+00
294600,2.9545004273571908e+02,2.4704840571347262e+00
294700,2.9529733362751949e+02,2.4702595255425148e+00
294800,2.9524284308313833e+02,2.4701793787760762e+00
294900,2.9520932315572333e+02,2.4701300690424239e+00
295000,2.9514284548110101e+02,2.4700322600093956e+00
295100,2.9508561511591091e+02,2.4699480389542061e+00
295200,2.9501032607578520e+02,2.4698372176027297e+00
295300,2.9494074758197439e+02,2.4697347767142879e+00
295400,2.9494074758197439e+02,2.4697347767142879e+00
295500,2.9487549183448192e+02,2.4696386782711790e+00
295600,2.9485274422083342e+02,2.4696051741501792e+00
295700,2.9478808324533242e+02,2.4695099232663904e+00
295800,2.9477135973822402e+02,2.4694852847776216e+00
295900,2.9476723154359553e+02,2.4694792025561219e+00
296000,2.9467223026078813e+02,2.4693392101194842e+00
296100,2.9467223026078813e+02,2.4693392101194842e+00
296200,2.9465210892624452e+02,2.4693095538369141e+00
296300,2.9463127322789933e+02,2.4692788425387655e+00
296400,2.9458009419328101e+02,2.4692033967018086e+00
296500,2.9451982004766768e+02,2.4691145264497516e+00
296600,2.9451982004766768e+02,2.4691145264497516e+00
296700,2.9447717939221423e+02,2.4690516446305977e+00
296800,2.9441070145468888e+02,2.4689535920046319e+00
296900,2.9432338689801583e+02,2.4688247724537304e+00
297000,2.9430562636493499e+02,2.4687985647699731e+00
297100,2.9410387753182499e+02,2.4685007503811729e+00
297200,2.9410387753182499e+02,2.4685007503811729e+00
297300,2.9405733162836123e+02,2.4684320119851111e+00
297400,2.9398439825209562e+02,2.4683242830216323e+00
297500,2.9387024766800249e+02,2.4681556189828440e+00
297600,2.9383082606816538e+02,2.4680973560867292e+00
297700,2.9371005797560179e+02,2.4679188190066608e+00
297800,2.9371005797560179e+02,2.4679188190066608e+00
297900,2.9365928851772043e+02,2.4678437422407602e+00
298000,2.9359181976314238e+02,2.4677439508311574e+00
298100,2.9356319824756588e+02,2.4677016105090717e+00
298200,2.9345961054918303e+02,2.4675483368522610e+00
298300,2.9343634982854519e+02,2.4675139116617490e+00
298400,2.9338096726796181e+02,2.4674319360968648e+00
298500,2.9330520357676983e+02,2.4673197679400838e+00
298600,2.9321175058870517e+02,2.4671813708585022e+00
298700,2.9315723465389419e+02,2.4671006163495557e+00
298800,2.9304520995375287e+02,2.4669346269029129e+00
298900,2.9303939473795702e+02,2.4669260086382083e+00
299000,2.9289737517588560e+02,2.4667154797330269e+00
299100,2.9288222321851498e+02,2.4666930125406030e+00
299200,2.9281406538740322e+02,2.4665919343174356e+00
299300,2.9273553612557089e+02,2.4664754460636718e+00
299400,2.9271204935269662e+02,2.4664406003281507e+00
299500,2.9264372230183062e+02,2.4663392122058241e+00
299600,2.9252341352391932e+02,2.4661606326653520e+00
299700,2.9250449033257468e+02,2.4661325374667138e+00
299800,2.9247717080557851e+02,2.4660919730503585e+00
299900,2.9241730983638371e+02,2.4660030773963428e+00
300000,2.9238310494329772e+02,2.4659522737513289e+00
300100,2.9233107074245140e+02,2.4658749772967630e+00
300200,2.9229405363259821e+02,2.4658199802537126e+00
300300,2.9224417531676568e+02,2.4657458640494596e+00
300400,2.9222903156051780e+02,2.4657233588269865e+00
300500,2.9220455324884671e+02,2.4656869790022551e+00
300600,2.9215162960785477e+02,2.4656083131269475e+00
300700,2.9211014863975993e+02,2.4655466457160418e+00
300800,2.9206218645277448e+02,2.4654753321260503e+00
300900,2.9200271016297302e+02,2.4653868822818503e+00
301000,2.9198112401062349e+02,2.4653547760956629e+00
301100,2.9193502019540261e+02,2.4652861955887344e+00
301200,2.9190038692281928e+02,2.4652346706589086e+00
301300,2.9187245740294611e+02,2.4651931146444745e+00
301400,2.9183463327062918e+02,2.4651368302092385e+00
301500,2.9176762228468368e+02,2.4650370961822570e+00
301600,2.9173435414701112e+02,2.4649875739211042e+00
301700,2.9170943136555428e+02,2.4649504706843031e+00
301800,2.9170943136555428e+02,2.4649504706843031e+00
301900,2.9167333765627819e+02,2.4648967313569785e+00
302000,2.9159625596200863e+02,2.4647819434268747e+00
302100,2.9159625596200863e+02,2.4647819434268747e+00
302200,2.9155110146982162e+02,2.4647146865094620e+00
302300,2.9152424150429499e+02,2.4646746740652348e+00
302400,2.9147581127342488e+02,2.4646025197593393e+00
302500,2.9146082241477808e+02,2.4645801860159251e+00
302600,2.9141290339543252e+02,2.4645087778710546e+00
302700,2.9137166815941032e+02,2.4644473203913329e+00
302800,2.9134944331478698e+02,2.4644141926147833e+00
302900,2.9132433882189781e+02,2.4643767694697107e+00
303000,2.9116429379916963e+02,2.4641381152949049e+00
303100,2.9110380325854982e+02,2.4640478795144256e+00
303200,2.9110380325854982e+02,2.4640478795144256e+00
303300,2.9106577262331513e+02,2.4639911383320161e+00
303400,2.9101134715560750e+02,2.4639099233879267e+00
303500,2.9096823465534408e+02,2.4638455791339875e+00
303600,2.9092176141639129e+02,2.4637762083889583e+00
303700,2.9086710870814670e+02,2.4636946139449929e+00
303800,2.9081198813968939e+02,2.4636123054731165e+00
303900,2.9075715931591071e+02,2.4635304171687209e+00
304000,2.9068068144962928e+02,2.4634161696492902e+00
304100,2.9060089797887292e+02,2.4632969519670502e+00
304200,2.9057944396993628e+02,2.4632648883990744e+00
304300,2.9056256115240052e+02,2.4632396549296911e+00
304400,2.9051593582486100e+02,2.4631699599655303e+00
304500,2.9048013218733331e+02,2.4631164335370874e+00
304600,2.9042901390516658e+02,2.4630400002838804e+00
304700,2.9033757190309001e+02,2.4629032404970244e+00
304800,2.9029346381585151e+02,2.4628372574621764e+00
304900,2.9023470591342488e+02,2.4627493436133405e+00
305000,2.9009782571764288e+02,2.4625444737789879e+00
305100,2.9007582311814940e+02,2.4625115332703271e+00
305200,2.8996833959925021e+02,2.4623505817335714e+00
305300,2.8988968394525551e+02,2.4622327607659451e+00
305400,2.8981365259952941e+02,2.4621188404484027e+00
305500,2.8976147027463890e+02,2.4620406366231533e+00
305600,2.8965115834717272e+02,2.4618752696304473e+00
305700,2.8960594979666519e+02,2.4618074799605956e+00
305800,2.8955347433464431e+02,2.4617287803739059e+00
305900,2.8944753648920602e+02,2.4615698576039904e+00
306000,2.8937196207519042e+02,2.4614564490154827e+00
306100,2.8935029511217840e+02,2.4614239296424558e+00
306200,2.8926030980180252e+02,2.4612888470023115e+00
306300,2.8913558639233253e+02,2.4611015473008684e+00
306400,2.8913543918051352e+02,2.4611013261821268e+00
306500,2.8906316523780612e+02,2.4609927538873242e+00
306600,2.8900547637747133e+02,2.4609060722997405e+00
306700,2.8896085401218733e+02,2.4608390121751902e+00
306800,2.8895843579765437e+02,2.4608353776980367e+00
306900,2.8889923859008621e+02,2.4607463972385903e+00
307000,2.8884227578119032e+02,2.4606607581316817e+00
307100,2.8881552777323378e+02,2.4606205387762285e+00
307200,2.8872136959142688e+02,2.4604789291948022e+00
307300,2.8871781361072681e+02,2.4604735802581841e+00
307400,2.8863081231132958e+02,2.4603426916309799e+00
307500,2.8853087692763421e+02,2.4601922956953910e+00
307600,2.8848316265651027e+02,2.4601204705983126e+00
307700,2.8838540603738812e+02,2.4599732788012045e+00
307800,2.8834465224430983e+02,2.4599119012217776e+00
307900,2.8823505906020551e+02,2.4597468044805959e+00
308000,2.8821584286711970e+02,2.4597178497626988e+00
308100,2.8808252659656102e+02,2.4595169173125924e+00
308200,2.8806069316095920e+02,2.4594840013976524e+00
308300,2.8795565653802402e+02,2.4593256141356661e+00
308400,2.8790912359918070e+02,2.4592554275248246e+00
308500,2.8782927820641947e+02,2.4591349686025255e+00
308600,2.8780155894863788e+02,2.4590931420709037e+00
308700,2.8775851368763711e+02,2.4590281816254231e+00
308800,2.8763053477064091e+02,2.4588349887291843e+00
308900,2.8757447431150359e+02,2.4587503345702357e+00
309000,2.8755872476800369e+02,2.4587265489850978e+00
309100,2.8750447839386248e+02,2.4586446139877163e+00
309200,2.8746111636163158e+02,2.4585791078373327e+00
309300,2.8733608032722577e+02,2.4583901630722891e+00
309400,2.8732600788633113e+02,2.4583749388019220e+00
309500,2.8722556588715952e+02,2.4582230937511831e+00
309600,2.8713406284488940e+02,2.4580847161052501e+00
309700,2.8710270299064302e+02,2.4580372812753111e+00
309800,2.8702231357755988e+02,2.4579156607998880e+00
309900,2.8698605559664412e+02,2.4578607952547036e+00
310000,2.8686600892033022e+02,2.4576790912474231e+00
310100,2.8679978955205161e+02,2.4575788283192761e+00
310200,2.8679978955205161e+02,2.4575788283192761e+00
310300,2.8677477182272759e+02,2.4575409428810655e+00
310400,2.8669130369494678e+02,2.4574145195437018e+00
310500,2.8662454835200629e+02,2.4573133833999719e+00
310600,2.8655553713062687e+02,2.4572088047743761e+00
310700,2.8647319498521261e+02,2.4570839916973926e+00
310800,2.8640921615290091e+02,2.4569869887054807e+00
310900,2.8631042809247361e+02,2.4568371663259687e+00
311000,2.8621859756107142e+02,2.4566978493949025e+00
311100,2.8614099304360798e+02,2.4565800800259083e+00
311200,2.8604604273621572e+02,2.4564359439572616e+00
311300,2.8592262148048371e+02,2.4562485170071531e+00
311400,2.8578701985082489e+02,2.4560424996992580e+00
311500,2.8578701985082489e+02,2.4560424996992580e+00
311600,2.8568153292467122e+02,2.4558821675506586e+00
311700,2.8555460769410428e+02,2.4556891723102070e+00
311800,2.8555460769410428e+02,2.4556891723102070e+00
311900,2.8548324553402023e+02,2.4555806254167662e+00
312000,2.8541851524198472e+02,2.4554821425929427e+00
312100,2.8535305986575958e+02,2.4553825338875699e+00
312200,2.8531442530790792e+02,2.4553237298528305e+00
312300,2.8524302210717059e+02,2.4552150290852817e+00
312400,2.8514797779209113e+02,2.4550702960093229e+00
312500,2.8514797779209113e+02,2.4550702960093229e+00
312600,2.8509899684765901e+02,2.4549956891989981e+00
312700,2.8502550473781679e+02,2.4548837234165912e+00
312800,2.8493275388719462e+02,2.4547423755815068e+00
312900,2.8489275192342922e+02,2.4546814003110775e+00
313000,2.8489275192342922e+02,2.4546814003110775e+00
313100,2.8483689313626701e+02,2.4545962400484216e+00
313200,2.8476209453280688e+02,2.4544821786767308e+00
313300,2.8472713473773820e+02,2.4544288577522058e+00
313400,2.8462247745651081e+02,2.4542691945882500e+00
313500,2.8462247745651081e+02,2.4542691945882500e+00
313600,2.8461468847810028e+02,2.4542573095233036e+00
313700,2.8453225319590268e+02,2.4541315030371345e+00
313800,2.8448249781321869e+02,2.4540555524992569e+00
313900,2.8441352864818123e+02,2.4539502505581261e+00
314000,2.8438090360948638e+02,2.4539004298373559e+00
314100,2.8435396323481001e+02,2.4538592856882868e+00
314200,2.8421776616406208e+02,2.4536512217471862e+00
314300,2.8414629168562118e+02,2.4535419925610027e+00
314400,2.8413932311151302e+02,2.4535313415320017e+00
314500,2.8408815069022012e+02,2.4534531196885396e+00
314600,2.8397030876561132e+02,2.4532729336619905e+00
314700,2.8397030876561132e+02,2.4532729336619905e+00
314800,2.8389069521816208e+02,2.4531511583531525e+00
314900,2.8389069521816208e+02,2.4531511583531525e+00
315000,2.8381255959143891e+02,2.4530316104328169e+00
315100,2.8379307965010662e+02,2.4530018008944796e+00
315200,2.8373042759918940e+02,2.4529059125664849e+00
315300,2.8364392553193431e+02,2.4527734872266160e+00
315400,2.8360077837074073e+02,2.4527074184773676e+00
315500,2.8355052516513911e+02,2.4526304559814278e+00
315600,2.8340496964040682e+02,2.4524074615377023e+00
315700,2.8336379972836812e+02,2.4523443674978873e+00
315800,2.8332051363874689e+02,2.4522780204702430e+00
315900,2.8319622856273759e+02,2.4520874653832037e+00
316000,2.8306147706359070e+02,2.4518807685629014e+00
316100,2.8286909190000148e+02,2.4515854962353494e+00
316200,2.8286909190000148e+02,2.4515854962353494e+00
316300,2.8280957764935471e+02,2.4514941132218571e+00
316400,2.8266375164447288e+02,2.4512701188180142e+00
316500,2.8266375164447288e+02,2.4512701188180142e+00
316600,2.8259765604193149e+02,2.4511685553459559e+00
316700,2.8254044396791733e+02,2.4510806232524480e+00
316800,2.8252961463652832e+02,2.4510639771081553e+00
316900,2.8245189738061993e+02,2.4509444964707017e+00
317000,2.8245189738061993e+02,2.4509444964707017e+00
317100,2.8237900407438428e+02,2.4508324021757191e+00
317200,2.8233902708177521e+02,2.4507709138351159e+00
317300,2.8230016900085161e+02,2.4507111381402433e+00
317400,2.8223501105700763e+02,2.4506108866888230e+00
317500,2.8221946398158462e+02,2.4505869626723924e+00
317600,2.8219220840540578e+02,2.4505450183012041e+00
317700,2.8213179108127952e+02,2.4504520259400655e+00
317800,2.8209291019027728e+02,2.4503921712176391e+00
317900,2.8205539570177689e+02,2.4503344121666908e+00
318000,2.8201500328339262e+02,2.4502722135316390e+00
318100,2.8197545514882000e+02,2.4502113063429238e+00
318200,2.8195816504946993e+02,2.4501846755676953e+00
318300,2.8191184585994290e+02,2.4501133251923468e+00
318400,2.8184059401061228e+02,2.4500035454984035e+00
318500,2.8184059401061228e+02,2.4500035454984035e+00
318600,2.8180555719677699e+02,2.4499495531313866e+00
318700,2.8178203220492821e+02,2.4499132969243842e+00
318800,2.8172986593641508e+02,2.4498328886040057e+00
318900,2.8170954891628969e+02,2.4498015682188838e+00
319000,2.8163561697034783e+02,2.4496875768747222e+00
319100,2.8157847011325362e+02,2.4495994449712470e+00
319200,2.8157847011325362e+02,2.4495994449712470e+00
319300,2.8151613982455342e+02,2.4495032987817056e+00
319400,2.8151367020182829e+02,2.4494994888821129e+00
319500,2.8141216281819192e+02,2.4493428639966388e+00
319600,2.8141216281819192e+02,2.4493428639966388e+00
319700,2.8139284457130861e+02,2.4493130497344535e+00
319800,2.8137775916836932e+02,2.4492897666872873e+00
319900,2.8132673842160301e+02,2.4492110112163825e+00
320000,2.8125688695248141e+02,2.4491031655330744e+00
320100,2.8124327472396538e+02,2.4490821461054018e+00
320200,2.8118085780362247e+02,2.4489857515069988e+00
320300,2.8112132242517231e+02,2.4488937871243421e+00
320400,2.8111364329456751e+02,2.4488819237424786e+00
320500,2.8105880431224517e+02,2.4487971943410551e+00
320600,2.8102776660493231e+02,2.4487492319604254e+00
320700,2.8099996131366288e+02,2.4487062601141050e+00
320800,2.8097525431136171e+02,2.4486680729682226e+00
320900,2.8091601978182581e+02,2.4485765063944140e+00
321000,2.8088535741684598e+02,2.4485290999747558e+00
321100,2.8082384115016072e+02,2.4484339753966156e+00
321200,2.8077269482736881e+02,2.4483548703295557e+00
321300,2.8074801258022461e+02,2.4483166905666325e+00
321400,2.8066398003503650e+02,2.4481866795535869e+00
321500,2.8063677467821890e+02,2.4481445804248962e+00
321600,2.8060376663405668e+02,2.4480934964051242e+00
321700,2.8057493171867520e+02,2.4480488658990693e+00
321800,2.8050617324438252e+02,2.4479424234405558e+00
321900,2.8044440102800252e+02,2.4478467738983412e+00
322000,2.8041910394784458e+02,2.4478075972279716e+00
322100,2.8039678597135639e+02,2.4477730312528792e+00
322200,2.8030930735364370e+02,2.4476375182569705e+00
322300,2.8029436934081161e+02,2.4476143735762812e+00
322400,2.8024182295895662e+02,2.4475329493825755e+00
322500,2.8019467338471833e+02,2.4474598749125951e+00
322600,2.8015540260873797e+02,2.4473990019616774e+00
322700,2.8005916653196812e+02,2.4472497919988720e+00
322800,2.8000097990825532e+02,2.4471595512279456e+00
322900,2.7995815798168002e+02,2.4470931273580807e+00
323000,2.7992623085760943e+02,2.4470435965117194e+00
323100,2.7989142412549148e+02,2.4469895918851168e+00
323200,2.7982521844538297e+02,2.4468868514643791e+00
323300,2.7972273775165672e+02,2.4467277701924641e+00
323400,2.7970196513135443e+02,2.4466955176504168e+00
323500,2.7964363040789272e+02,2.4466049316198957e+00
323600,2.7956944219175062e+02,2.4464896999321528e+00
323700,2.7950617966744932e+02,2.4463914142467882e+00
323800,2.7945738137700778e+02,2.4463155852311029e+00
323900,2.7940718816787148e+02,2.4462375747970784e+00
324000,2.7933770506090099e+02,2.4461295608162295e+00
324100,2.7922297333499642e+02,2.4459511474116074e+00
324200,2.7917903102203297e+02,2.4458827955649713e+00
324300,2.7915007924557108e+02,2.4458377554746780e+00
324400,2.7906264460745729e+02,2.4457017056157335e+00
324500,2.7906264460745729e+02,2.4457017056157335e+00
324600,2.7897672496285003e+02,2.4455679715823675e+00
324700,2.7896125298759898e+02,2.4455438850575462e+00
324800,2.7892410822300627e+02,2.4454860532252747e+00
324900,2.7890050036583330e+02,2.4454492934196010e+00
325000,2.7883438466282661e+02,2.4453463280649559e+00
325100,2.7882579313935008e+02,2.4453329462550801e+00
325200,2.7879532293371562e+02,2.4452854837691689e+00
325300,2.7876987545592601e+02,2.4452458410539424e+00
325400,2.7873724134410759e+02,2.4451949975246898e+00
325500,2.7870214419970159e+02,2.4451403099781639e+00
325600,2.7869340097089429e+02,2.4451266854127782e+00
325700,2.7863778343954567e+02,2.4450400066561695e+00
325800,2.7861026772837249e+02,2.4449971175998049e+00
325900,2.7854754963504928e+02,2.4448993423515288e+00
326000,2.7852774853476387e+02,2.4448684685769368e+00
326100,2.7849377714775068e+02,2.4448154954501886e+00
326200,2.7842447484849328e+02,2.4447074091872656e+00
326300,2.7839145863713838e+02,2.4446559065000781e+00
326400,2.7837321351156538e+02,2.4446274429219916e+00
326500,2.7835824536164398e+02,2.4446040902451736e+00
326600,2.7828210229802602e+02,2.4444852756004578e+00
326700,2.7823119370412309e+02,2.4444058190209512e+00
326800,2.7819609073071302e+02,2.4443510229025831e+00
326900,2.7817248738211492e+02,2.4443141739342553e+00
327000,2.7814867740487028e+02,2.4442769992143543e+00
327100,2.7812313516692188e+02,2.4442371163630088e+00
327200,2.7802482785636329e+02,2.4440835805207883e+00
327300,2.7795661508990878e+02,2.4439770142726123e+00
327400,2.7795661508990878e+02,2.4439770142726123e+00
327500,2.7791227653444872e+02,2.4439077317842308e+00
327600,2.7781211117487851e+02,2.4437511748132850e+00
327700,2.7777979752605478e+02,2.4437006570171458e+00
327800,2.7771637260046208e+02,2.4436014840730249e+00
327900,2.7769489636278757e+02,2.4435678981087499e+00
328000,2.7763807302731908e+02,2.4434790214798308e+00
328100,2.7756376407090193e+02,2.4433627683705494e+00
328200,2.7749147567522749e+02,2.4432496464710467e+00
328300,2.7746724524824168e+02,2.4432117224224861e+00
328400,2.7744596111843782e+02,2.4431784070137899e+00
328500,2.7732238478839741e+02,2.4429849261870125e+00
328600,2.7730894890366790e+02,2.4429638847122734e+00
328700,2.7724920364132709e+02,2.4428703073742222e+00
328800,2.7717407969834562e+02,2.4427526142142280e+00
328900,2.7712227016071552e+02,2.4426714280531643e+00
329000,2.7710955006792818e+02,2.4426514931959220e+00
329100,2.7704486552099547e+02,2.4425501057806649e+00
329200,2.7697714791244402e+02,2.4424439389383554e+00
329300,2.7686619976057858e+02,2.4422699396622805e+00
329400,2.7677615138343958e+02,2.4421286660998089e+00
329500,2.7668536957765559e+02,2.4419861953546182e+00
329600,2.7668536957765559e+02,2.4419861953546182e+00
329700,2.7662511969187858e+02,2.4418916148485947e+00
329800,2.7654350260946552e+02,2.4417634591747217e+00
329900,2.7647603781889472e+02,2.4416574969644520e+00
330000,2.7644259562876232e+02,2.4416049620785705e+00
330100,2.7634300122342262e+02,2.4414484699362942e+00
330200,2.7632393543671043e+02,2.4414185055385120e+00
330300,2.7624296219447962e+02,2.4412912223708627e+00
330400,2.7623992932549692e+02,2.4412864542295001e+00
330500,2.7619933082967049e+02,2.4412226220437216e+00
330600,2.7615664273496509e+02,2.4411554943040117e+00
330700,2.7607507614004612e+02,2.4410272006145046e+00
330800,2.7605530558197381e+02,2.4409960983800949e+00
330900,2.7600718433737387e+02,2.4409203866937310e+00
331000,2.7591823497266421e+02,2.4407804032204385e+00
331100,2.7581170985888230e+02,2.4406127006329394e+00
331200,2.7581170985888230e+02,2.4406127006329394e+00
331300,2.7575537735246797e+02,2.4405239901303015e+00
331400,2.7567958366371971e+02,2.4404046042250878e+00
331500,2.7557394777785561e+02,2.4402381578251404e+00
331600,2.7557394777785561e+02,2.4402381578251404e+00
331700,2.7555570864581227e+02,2.4402094126675840e+00
331800,2.7544468508012261e+02,2.4400343967396760e+00
331900,2.7541842363550609e+02,2.4399929882651858e+00
332000,2.7528497226069612e+02,2.4397825040108714e+00
332100,2.7523076649123300e+02,2.4396969796017252e+00
332200,2.7512163563063211e+02,2.4395247447536432e+00
332300,2.7493676278525783e+02,2.4392328148063713e+00
332400,2.7493676278525783e+02,2.4392328148063713e+00
332500,2.7486922518081661e+02,2.4391261182271440e+00
332600,2.7474652603772353e+02,2.4389322098045900e+00
332700,2.7474652603772353e+02,2.4389322098045900e+00
332800,2.7463200249758438e+02,2.4387511436009888e+00
332900,2.7460813035587199e+02,2.4387133912999341e+00
333000,2.7456683910747353e+02,2.4386480840213389e+00
333100,2.7456683910747353e+02,2.4386480840213389e+00
333200,2.7447349172166201e+02,2.4385004072381506e+00
333300,2.7447349172166201e+02,2.4385004072381506e+00
333400,2.7443237357051532e+02,2.4384353418514912e+00
333500,2.7439441662501872e+02,2.4383752701046308e+00
333600,2.7436741299984902e+02,2.4383325283366037e+00
333700,2.7431554954923581e+02,2.4382504262411557e+00
333800,2.7429745421958268e+02,2.4382217768953862e+00
333900,2.7422982614402241e+02,2.4381146883284623e+00
334000,2.7417511231695403e+02,2.4380280300524624e+00
334100,2.7416693067080581e+02,2.4380150700986496e+00
334200,2.7409802238626889e+02,2.4379059021216616e+00
334300,2.7403564672479962e+02,2.4378070597873016e+00
334400,2.7402496117013118e+02,2.4377901248813356e+00
334500,2.7398143248333872e+02,2.4377211320055694e+00
334600,2.7389648589029338e+02,2.4375864602632906e+00
334700,2.7384365509619079e+02,2.4375026828633612e+00
334800,2.7379139420933302e+02,2.4374197933007613e+00
334900,2.7375270911974548e+02,2.4373584257474787e+00
335000,2.7370755308387038e+02,2.4372867821283761e+00
335100,2.7365507930522278e+02,2.4372035134825731e+00
335200,2.7362809375160049e+02,2.4371606849155141e+00
335300,2.7356066089886173e+02,2.4370536442801107e+00
335400,2.7352469874967102e+02,2.4369965483893217e+00
335500,2.7345833636533638e+02,2.4368911673606108e+00
335600,2.7337568739005610e+02,2.4367598880597146e+00
335700,2.7334516489759812e+02,2.4367113962196583e+00
335800,2.7325021153252851e+02,2.4365605068243910e+00
335900,2.7322138430680337e+02,2.4365146874069943e+00
336000,2.7308915498406981e+02,2.4363044536216276e+00
336100,2.7307068570839192e+02,2.4362750808852343e+00
336200,2.7305505449682931e+02,2.4362502201309089e+00
336300,2.7296325461764758e+02,2.4361041877335401e+00
336400,2.7293354460539581e+02,2.4360569154490741e+00
336500,2.7280598490095991e+02,2.4358538937738485e+00
336600,2.7280598490095991e+02,2.4358538937738485e+00
336700,2.7275755742098920e+02,2.4357767926270619e+00
336800,2.7265881821149549e+02,2.4356195480109673e+00
336900,2.7265342869469350e+02,2.4356109634342569e+00
337000,2.7263121136942641e+02,2.4355755732506261e+00
337100,2.7255659589366849e+02,2.4354566964556690e+00
337200,2.7251303989506192e+02,2.4353872883336716e+00
337300,2.7244862853326390e+02,2.4352846260704277e+00
337400,2.7243342430022062e+02,2.4352603892122686e+00
337500,2.7238638810409788e+02,2.4351854008949885e+00
337600,2.7232833149357270e+02,2.4350928252227053e+00
337700,2.7232833149357270e+02,2.4350928252227053e+00
337800,2.7229776672276478e+02,2.4350440794451531e+00
337900,2.7228294327688218e+02,2.4350204365190158e+00
338000,2.7224174557093528e+02,2.4349547207240834e+00
338100,2.7217460182207452e+02,2.4348475962414624e+00
338200,2.7216019020459152e+02,2.4348245997839832e+00
338300,2.7211821063330808e+02,2.4347576065093315e+00
338400,2.7209659520694731e+02,2.4347231074097238e+00
338500,2.7201984383663751e+02,2.4346005869547866e+00
338600,2.7200162386047168e+02,2.4345714967972025e+00
338700,2.7191447923680630e+02,2.4344323340502507e+00
338800,2.7189344420328808e+02,2.4343987361617523e+00
338900,2.7181349780347227e+02,2.4342710192692287e+00
339000,2.7177291211819409e+02,2.4342061679820310e+00
339100,2.7172674633891819e+02,2.4341323885677166e+00
339200,2.7163774566398598e+02,2.4339901175767951e+00
339300,2.7158581623074929e+02,2.4339070848515831e+00
339400,2.7154025563852940e+02,2.4338342225278442e+00
339500,2.7144634365571977e+02,2.4336839961451728e+00
339600,2.7138587365266972e+02,2.4335872377438967e+00
339700,2.7135266934370202e+02,2.4335340981673395e+00
339800,2.7124953261688051e+02,2.4333689985355367e+00
339900,2.7123063752281632e+02,2.4333387447657508e+00
340000,2.7110287186520401e+02,2.4331341182024135e+00
340100,2.7108037746763438e+02,2.4330980817045842e+00
340200,2.7103284690221551e+02,2.4330219269036752e+00
340300,2.7095784173351990e+02,2.4329017243549242e+00
340400,2.7091148716264570e+02,2.4328274203361611e+00
340500,2.7083477278709688e+02,2.4327044231595516e+00
340600,2.7074666653590202e+02,2.4325631182466636e+00
340700,2.7070145587299288e+02,2.4324905914775878e+00
340800,2.7061219489797583e+02,2.4323473637973128e+00
340900,2.7050797973636531e+02,2.4321800809189456e+00
341000,2.7048144267902029e+02,2.4321374741798758e+00
341100,2.7045008668783879e+02,2.4320871249832745e+00
341200,2.7037973658223501e+02,2.4319741405969748e+00
341300,2.7031594765476802e+02,2.4318716682446273e+00
341400,2.7031495609910718e+02,2.4318700751904787e+00
341500,2.7027746036342182e+02,2.4318098294651107e+00
341600,2.7023497154641609e+02,2.4317415510769855e+00
341700,2.7018053635311941e+02,2.4316540594939187e+00
341800,2.7012015126591928e+02,2.4315569842509275e+00
341900,2.7012015126591928e+02,2.4315569842509275e+00
342000,2.7005499558022558e+02,2.4314522154363538e+00
342100,2.7000278145953803e+02,2.4313682381082722e+00
342200,2.6995494765085692e+02,2.4312912914952580e+00
342300,2.6992977790711763e+02,2.4312507973663919e+00
342400,2.6990927065542701e+02,2.4312178016567403e+00
342500,2.6984481982363491e+02,2.4311140853858375e+00
342600,2.6981953162353147e+02,2.4310733840656904e+00
342700,2.6971463267966561e+02,2.4309045086317820e+00
342800,2.6968170257499418e+02,2.4308514813424575e+00
342900,2.6960469487486830e+02,2.4307274506989471e+00
343000,2.6953836990229553e+02,2.4306205975401927e+00
343100,2.6953614602196029e+02,2.4306170142917569e+00
343200,2.6951376113528067e+02,2.4305809447826463e+00
343300,2.6941560236049497e+02,2.4304227429194758e+00
343400,2.6937497070687169e+02,2.4303572402775413e+00
343500,2.6929597186031259e+02,2.4302298572662364e+00
343600,2.6922587682195172e+02,2.4301168000574513e+00
343700,2.6906802199962499e+02,2.4298620861162625e+00
343800,2.6901979889271070e+02,2.4297842436954675e+00
343900,2.6896576507972281e+02,2.4296970049720996e+00
344000,2.6889205646941508e+02,2.4295779726120843e+00
344100,2.6882678071523429e+02,2.4294725312623617e+00
344200,2.6875345653403690e+02,2.4293540585757745e+00
344300,2.6871448395373432e+02,2.4292910759294597e+00
344400,2.6859920337184298e+02,2.4291047202771279e+00
344500,2.6859920337184298e+02,2.4291047202771279e+00
344600,2.6851811678024239e+02,2.4289735926510589e+00
344700,2.6841734519835359e+02,2.4288105766256338e+00
344800,2.6841734519835359e+02,2.4288105766256338e+00
344900,2.6840225549414032e+02,2.4287861610667880e+00
345000,2.6836373070654417e+02,2.4287238206684454e+00
345100,2.6827190518392968e+02,2.4285751934976374e+00
345200,2.6825965918398168e+02,2.4285553684936416e+00
345300,2.6822905712847000e+02,2.4285058229824168e+00
345400,2.6814074569368807e+02,2.4283628128093628e+00
345500,2.6811656113064902e+02,2.4283236404861195e+00
345600,2.6807402561162388e+02,2.4282547361013989e+00
345700,2.6802748968585138e+02,2.4281793388296236e+00
345800,2.6795359920340491e+02,2.4280595949444002e+00
345900,2.6789718484401328e+02,2.4279681499160310e+00
346000,2.6787390382540912e+02,2.4279304068644438e+00
346100,2.6779197235357861e+02,2.4277975539500805e+00
346200,2.6775275470905501e+02,2.4277339476599629e+00
346300,2.6769010509004079e+02,2.4276323182014408e+00
346400,2.6769010509004079e+02,2.4276323182014408e+00
346500,2.6764431545242002e+02,2.4275580237558292e+00
346600,2.6762081433171420e+02,2.4275198878621209e+00
346700,2.6754984112465331e+02,2.4274046974193864e+00
346800,2.6749465687583222e+02,2.4273151115440976e+00
346900,2.6749420316247472e+02,2.4273143749111608e+00
347000,2.6747210684835079e+02,2.4272784986059794e+00
347100,2.6741146319647493e+02,2.4271800203390819e+00
347200,2.6737646126981468e+02,2.4271231710987351e+00
347300,2.6731286737754778e+02,2.4270198644675953e+00
347400,2.6726853655694549e+02,2.4269478356590048e+00
347500,2.6718953291789228e+02,2.4268194407606933e+00
347600,2.6717046902685070e+02,2.4267884528774077e+00
347700,2.6709669164350947e+02,2.4266685087257294e+00
347800,2.6707749820050998e+02,2.4266372994065768e+00
347900,2.6700254446969620e+02,2.4265154001057101e+00
348000,2.6696726294267842e+02,2.4264580089487326e+00
348100,2.6688413544682118e+02,2.4263227585283125e+00
348200,2.6687057932096059e+02,2.4263006983928395e+00
348300,2.6679288300858548e+02,2.4261742401196056e+00
348400,2.6677778177026102e+02,2.4261496571171697e+00
348500,2.6672283997026432e+02,2.4260602067222634e+00
348600,2.6668692439575119e+02,2.4260017228440480e+00
348700,2.6665471774099319e+02,2.4259492717644626e+00
348800,2.6658680384543368e+02,2.4258386478574652e+00
348900,2.6652680837648222e+02,2.4257408987075002e+00
349000,2.6640211852136758e+02,2.4255376741712418e+00
349100,2.6640211852136758e+02,2.4255376741712418e+00
349200,2.6633391796485762e+02,2.4254264779183576e+00
349300,2.6632092591695971e+02,2.4254052920612246e+00
349400,2.6627524862683708e+02,2.4253307988671486e+00
349500,2.6621706425139632e+02,2.4252358898790702e+00
349600,2.6616589586484042e+02,2.4251524080636764e+00
349700,2.6611416652972531e+02,2.4250679947389968e+00
349800,2.6611416652972531e+02,2.4250679947389968e+00
349900,2.6604666413793672e+02,2.4249578178348097e+00
350000,2.6604666413793672e+02,2.4249578178348097e+00
350100,2.6604409339608128e+02,2.4249536213364249e+00
350200,2.6596274335728663e+02,2.4248208039709862e+00
350300,2.6591429675164932e+02,2.4247416875889400e+00
350400,2.6587027122015871e+02,2.4246697785995317e+00
350500,2.6586956516552641e+02,2.4246686252699909e+00
350600,2.6582459077377217e+02,2.4245951539707704e+00
350700,2.6580095787059838e+02,2.4245565416825809e+00
350800,2.6575366973364612e+02,2.4244792703131846e+00
350900,2.6572416907556732e+02,2.4244310576800556e+00
351000,2.6570111842766818e+02,2.4243933825094208e+00
351100,2.6562271522502351e+02,2.4242652117918184e+00
351200,2.6562271522502351e+02,2.4242652117918184e+00
351300,2.6556616127690711e+02,2.4241727359559113e+00
351400,2.6555940132129052e+02,2.4241616808998976e+00
351500,2.6552243471555772e+02,2.4241012216944759e+00
351600,2.6539699037574388e+02,2.4238959936202851e+00
351700,2.6538849166019372e+02,2.4238820861364072e+00
351800,2.6538849166019372e+02,2.4238820861364072e+00
351900,2.6529439951337719e+02,2.4237280819231164e+00
352000,2.6524566689368862e+02,2.4236482979097342e+00
352100,2.6521600531582021e+02,2.4235997294257849e+00
352200,2.6513510049160931e+02,2.4234672265664456e+00
352300,2.6510917357773462e+02,2.4234247558932549e+00
352400,2.6506799184565602e+02,2.4233572878836940e+00
352500,2.6501802790920658e+02,2.4232754179186329e+00
352600,2.6498454893867262e+02,2.4232205512714984e+00
352700,2.6491131998845691e+02,2.4231005166342743e+00
352800,2.6487367747471501e+02,2.4230388012738584e+00
352900,2.6479482792775411e+02,2.4229094980472201e+00
353000,2.6470252282427782e+02,2.4227580804907758e+00
353100,2.6466925761046542e+02,2.4227034991951681e+00
353200,2.6463814685764208e+02,2.4226524467134514e+00
353300,2.6457722929839900e+02,2.4225524641311642e+00
353400,2.6456772134133348e+02,2.4225368568640695e+00
353500,2.6446758095542521e+02,2.4223724428170437e+00
353600,2.6440673658337101e+02,2.4222725159562444e+00
353700,2.6440673658337101e+02,2.4222725159562444e+00
353800,2.6432932639597738e+02,2.4221453492285621e+00
353900,2.6431526243702831e+02,2.4221222414548489e+00
354000,2.6430184919376171e+02,2.4221002016933344e+00
354100,2.6425170365958240e+02,2.4220177959324274e+00
354200,2.6417360165773471e+02,2.4218894172634511e+00
354300,2.6408876958827432e+02,2.4217499331662404e+00
354400,2.6406743319552658e+02,2.4217148440104554e+00
354500,2.6401828447132272e+02,2.4216340047865876e+00
354600,2.6387618281371931e+02,2.4214001930265421e+00
354700,2.6387618281371931e+02,2.4214001930265421e+00
354800,2.6382991183938827e+02,2.4213240323413450e+00
354900,2.6375211935518251e+02,2.4211959580519595e+00
355000,2.6375211935518251e+02,2.4211959580519595e+00
355100,2.6371372466128508e+02,2.4211327327117309e+00
355200,2.6366969397100593e+02,2.4210602151270231e+00
355300,2.6362485614263397e+02,2.4209863557575861e+00
355400,2.6352511164897419e+02,2.4208220060037768e+00
355500,2.6352511164897419e+02,2.4208220060037768e+00
355600,2.6348809350627539e+02,2.4207609951032012e+00
355700,2.6346694332854872e+02,2.4207261329049459e+00
355800,2.6337843255623750e+02,2.4205802087225390e+00
355900,2.6337350118917738e+02,2.4205720771320682e+00
356000,2.6337205691376829e+02,2.4205696955615701e+00
356100,2.6333822775249149e+02,2.4205139084675347e+00
356200,2.6325926233405892e+02,2.4203836600467232e+00
356300,2.6325926233405892e+02,2.4203836600467232e+00
356400,2.6322570454550748e+02,2.4203282967853603e+00
356500,2.6316831727837348e+02,2.4202336035612229e+00
356600,2.6313951124560123e+02,2.4201860636979986e+00
356700,2.6309355347170668e+02,2.4201102067859499e+00
356800,2.6305466548415450e+02,2.4200460087602660e+00
356900,2.6299299671140079e+02,2.4199441837365652e+00
357000,2.6286949262708788e+02,2.4197401868956296e+00
357100,2.6286949262708788e+02,2.4197401868956296e+00
357200,2.6286949262708788e+02,2.4197401868956296e+00
357300,2.6283273210920311e+02,2.4196794495072602e+00
357400,2.6280171792428860e+02,2.4196281998626303e+00
357500,2.6277587252967493e+02,2.4195854868075979e+00
357600,2.6274099319289388e+02,2.4195278372648077e+00
357700,2.6270918462717242e+02,2.4194752565057938e+00
357800,2.6268405658715028e+02,2.4194337144063720e+00
357900,2.6265901414569453e+02,2.4193923098661707e+00
358000,2.6260136473403350e+02,2.4192969787790504e+00
358100,2.6258098025408782e+02,2.4192632652803168e+00
358200,2.6253781761827400e+02,2.4191918707894837e+00
358300,2.6249449322074520e+02,2.4191201969270075e+00
358400,2.6246199316569869e+02,2.4190664225858867e+00
358500,2.6241770459760528e+02,2.4189931323410478e+00
358600,2.6232806399434099e+02,2.4188447541279738e+00
358700,2.6230496593619898e+02,2.4188065126958569e+00
358800,2.6225678144106450e+02,2.4187267270061317e+00
358900,2.6224857668828741e+02,2.4187131398089692e+00
359000,2.6222043802774101e+02,2.4186665385239658e+00
359100,2.6222043802774101e+02,2.4186665385239658e+00
359200,2.6216991734957662e+02,2.4185828571534307e+00
359300,2.6215193093896067e+02,2.4185530609551287e+00
359400,2.6211281046137202e+02,2.4184882471073297e+00
359500,2.6208346706421929e+02,2.4184396253371134e+00
359600,2.6206256104017223e+02,2.4184049809044548e+00
359700,2.6201002703070390e+02,2.4183179119333995e+00
359800,2.6198798718525182e+02,2.4182813782710277e+00
359900,2.6194906279930069e+02,2.4182168489690374e+00
360000,2.6190187460496549e+02,2.4181386069692512e+00
360100,2.6187063434324000e+02,2.4180868002284814e+00
360200,2.6181365882401968e+02,2.4179922999579122e+00
360300,2.6179688669726278e+02,2.4179644775919762e+00
360400,2.6178574264645567e+02,2.4179459903485077e+00
360500,2.6171892722190461e+02,2.4178351314698143e+00
360600,2.6170883142014151e+02,2.4178183782467602e+00
360700,2.6165605817843863e+02,2.4177307945047213e+00
360800,2.6165545547942372e+02,2.4177297941489120e+00
360900,2.6158907268093651e+02,2.4176195983162585e+00
361000,2.6157118654366059e+02,2.4175899024416672e+00
361100,2.6154425281223871e+02,2.4175451812575313e+00
361200,2.6149431077027930e+02,2.4174622445304368e+00
361300,2.6149431077027930e+02,2.4174622445304368e+00
361400,2.6145671758836102e+02,2.4173998046054455e+00
361500,2.6139634446817882e+02,2.4172995098382550e+00
361600,2.6139096865618421e+02,2.4172905781544651e+00
361700,2.6135975432762700e+02,2.4172387132403910e+00
361800,2.6130795533259908e+02,2.4171526317114709e+00
361900,2.6128796376747653e+02,2.4171194044086763e+00
362000,2.6123559889576791e+02,2.4170323584780053e+00
362100,2.6120117270023911e+02,2.4169751224349638e+00
362200,2.6111504279685761e+02,2.4168318921809733e+00
362300,2.6106311017156690e+02,2.4167455076681756e+00
362400,2.6098223057174528e+02,2.4166109386511163e+00
362500,2.6097581411904730e+02,2.4166002610496173e+00
362600,2.6094598964647452e+02,2.4165506267795611e+00
362700,2.6091008592251848e+02,2.4164908678155537e+00
362800,2.6082922894141439e+02,2.4163562575226449e+00
362900,2.6075141066572610e+02,2.4162266666390613e+00
363000,2.6074356694953622e+02,2.4162136023419714e+00
363100,2.6064936336943259e+02,2.4160566685092300e+00
363200,2.6061046162751808e+02,2.4159918455128233e+00
363300,2.6060548051268978e+02,2.4159835446512847e+00
363400,2.6057586346334921e+02,2.4159341855509968e+00
363500,2.6053465412192872e+02,2.4158654976661236e+00
363600,2.6047152851312001e+02,2.4157602585936511e+00
363700,2.6047152851312001e+02,2.4157602585936511e+00
363800,2.6040982736680701e+02,2.4156573696451651e+00
363900,2.6040982736680701e+02,2.4156573696451651e+00
364000,2.6038943391102680e+02,2.4156233574413264e+00
364100,2.6035977730516453e+02,2.4155738914027247e+00
364200,2.6030432162189908e+02,2.4154813784087499e+00
364300,2.6029742833904669e+02,2.4154698774304864e+00
364400,2.6021793581589333e+02,2.4153372274961948e+00
364500,2.6021706110010251e+02,2.4153357676241898e+00
364600,2.6019016465943332e+02,2.4152908759501406e+00
364700,2.6009536448597601e+02,2.4151326121109014e+00
364800,2.6006508420575602e+02,2.4150820486408873e+00
364900,2.6004310386522042e+02,2.4150453411218380e+00
365000,2.5999746374895801e+02,2.4149691114892615e+00
365100,2.5998095914581700e+02,2.4149415416603728e+00
365200,2.5995961857320577e+02,2.4149058910751786e+00
365300,2.5986103736103109e+02,2.4147411678134487e+00
365400,2.5986103736103109e+02,2.4147411678134487e+00
365500,2.5983538032567873e+02,2.4146982862060127e+00
365600,2.5982562400391788e+02,2.4146819789723755e+00
365700,2.5977608052959590e+02,2.4145991599308294e+00
365800,2.5971779412398251e+02,2.4145017055981830e+00
365900,2.5964523284706428e+02,2.4143803532464214e+00
366000,2.5964523284706428e+02,2.4143803532464214e+00
366100,2.5962410244120372e+02,2.4143450081257027e+00
366200,2.5960902127627241e+02,2.4143197798942473e+00
366300,2.5958305381675109e+02,2.4142763373036162e+00
366400,2.5954954137584292e+02,2.4142202658169998e+00
366500,2.5953420135988051e+02,2.4141945971869188e+00
366600,2.5950697874561172e+02,2.4141490415292024e+00
366700,2.5947740195913741e+02,2.4140995408673342e+00
366800,2.5947740195913741e+02,2.4140995408673342e+00
366900,2.5942036738793468e+02,2.4140040700400767e+00
367000,2.5942036738793468e+02,2.4140040700400767e+00
367100,2.5940852891533780e+02,2.4139842508535954e+00
367200,2.5936389719428581e+02,2.4139095232495711e+00
367300,2.5935422247241507e+02,2.4138933230122412e+00
367400,2.5932559835073039e+02,2.4138453886311044e+00
367500,2.5929829110612138e+02,2.4137996545802762e+00
367600,2.5924719359068769e+02,2.4137140637508558e+00
367700,2.5917495541358312e+02,2.4135930324949091e+00
367800,2.5917495541358312e+02,2.4135930324949091e+00
367900,2.5913189913624052e+02,2.4135208779264712e+00
368000,2.5913049988766778e+02,2.4135185328366671e+00
368100,2.5910010928783868e+02,2.4134675961702912e+00
368200,2.5908386680849389e+02,2.4134403702448304e+00
368300,2.5903986952263432e+02,2.4133666126569273e+00
368400,2.5901298133494379e+02,2.4133215308026976e+00
368500,2.5896109525986839e+02,2.4132345232199381e+00
368600,2.5893330276349411e+02,2.4131879109071916e+00
368700,2.5891245347368448e+02,2.4131529401406584e+00
368800,2.5887290569328729e+02,2.4130865984315801e+00
368900,2.5882658512839458e+02,2.4130088824355558e+00
369000,2.5881070054157158e+02,2.4129822282953008e+00
369100,2.5875830551188028e+02,2.4128942984846451e+00
369200,2.5866130310628199e+02,2.4127314611693422e+00
369300,2.5865211206384078e+02,2.4127160290583682e+00
369400,2.5862353612178867e+02,2.4126680454581173e+00
369500,2.5856045815145671e+02,2.4125621086353077e+00
369600,2.5854490890463188e+02,2.4125359903525512e+00
369700,2.5848392704930183e+02,2.4124335431327939e+00
369800,2.5845564226214361e+02,2.4123860175505940e+00
369900,2.5845513134227298e+02,2.4123851590284202e+00
370000,2.5838918230872412e+02,2.4122743275816729e+00
370100,2.5834625703711282e+02,2.4122021737976729e+00
370200,2.5834625703711282e+02,2.4122021737976729e+00
370300,2.5833580746901958e+02,2.4121846071350244e+00
370400,2.5826393694565832e+02,2.4120637670755931e+00
370500,2.5826393694565832e+02,2.4120637670755931e+00
370600,2.5824666140813753e+02,2.4120347157041637e+00
370700,2.5821433601433080e+02,2.4119803505527040e+00
370800,2.5821218863993181e+02,2.4119767388371645e+00
370900,2.5819825884900791e+02,2.4119533092905190e+00
371000,2.5817777457500938e+02,2.4119188529773203e+00
371100,2.5814682586737518e+02,2.4118667893996713e+00
371200,2.5811610907639192e+02,2.4118151097924843e+00
371300,2.5810036598677641e+02,2.4117886203746504e+00
371400,2.5808266684869750e+02,2.4117588377684194e+00
371500,2.5807594903877919e+02,2.4117475330737443e+00
371600,2.5804332344727891e+02,2.4116926267172816e+00
371700,2.5801507872825852e+02,2.4116450874249300e+00
371800,2.5800579069447912e+02,2.4116294533990308e+00
371900,2.5798792530244413e+02,2.4115993800049549e+00
372000,2.5797654268910651e+02,2.4115802181964598e+00
372100,2.5793742488716441e+02,2.4115143597525024e+00
372200,2.5792297732294469e+02,2.4114900334138563e+00
372300,2.5788154779927368e+02,2.4114202681726433e+00
372400,2.5786451756008182e+02,2.4113915868528779e+00
372500,2.5786128507078001e+02,2.4113861426720380e+00
372600,2.5783464230573520e+02,2.4113412681433184e+00
372700,2.5781892281289112e+02,2.4113147895558926e+00
372800,2.5780744444184779e+02,2.4112954538759404e+00
372900,2.5777387336749121e+02,2.4112388973954721e+00
373000,2.5774926499037542e+02,2.4111974355032584e+00
373100,2.5773008471222300e+02,2.4111651165016470e+00
373200,2.5772071826257178e+02,2.4111493330461728e+00
373300,2.5767267564646818e+02,2.4110683671534119e+00
373400,2.5766731028436021e+02,2.4110593240082241e+00
373500,2.5762350906943738e+02,2.4109854914256394e+00
373600,2.5761689113100778e+02,2.4109743349474573e+00
373700,2.5760079309623632e+02,2.4109471957871098e+00
373800,2.5758680393348482e+02,2.4109236105291343e+00
373900,2.5755807989841168e+02,2.4108751787565019e+00
374000,2.5752771879675947e+02,2.4108239808436078e+00
374100,2.5752771879675947e+02,2.4108239808436078e+00
374200,2.5751411785254641e+02,2.4108010436194780e+00
374300,2.5750970495004231e+02,2.4107936012483799e+00
374400,2.5749832073265242e+02,2.4107744011483914e+00
374500,2.5748705695753279e+02,2.4107554033453757e+00
374600,2.5746048298843078e+02,2.4107105796409858e+00
374700,2.5745566447410641e+02,2.4107024515052009e+00
374800,2.5745396516422602e+02,2.4106995849792647e+00
374900,2.5742780741899298e+02,2.4106554577056714e+00
375000,2.5742034360121420e+02,2.4106428656632639e+00
375100,2.5741548532519300e+02,2.4106346691767375e+00
375200,2.5740512242980208e+02,2.4106171852290568e+00
375300,2.5739337348627538e+02,2.4105973619335996e+00
375400,2.5737545005686258e+02,2.4105671190512110e+00
375500,2.5735617595815921e+02,2.4105345947830625e+00
375600,2.5730912488734879e+02,2.4104551877570053e+00
375700,2.5728661022816732e+02,2.4104171851402580e+00
375800,2.5725458653322659e+02,2.4103631264405529e+00
375900,2.5723179865213160e+02,2.4103246544758701e+00
376000,2.5722301825241061e+02,2.4103098299314287e+00
376100,2.5718021630008218e+02,2.4102375572453134e+00
376200,2.5715930304650931e+02,2.4102022400655567e+00
376300,2.5712299173981859e+02,2.4101409126571953e+00
376400,2.5707972364880197e+02,2.4100678243881024e+00
376500,2.5698382685380858e+02,2.4099057920894098e+00
376600,2.5697833460159950e+02,2.4098965102589305e+00
376700,2.5696585501133382e+02,2.4098754191860108e+00
376800,2.5693279876033017e+02,2.4098195476739228e+00
376900,2.5690883307809639e+02,2.4097790365011731e+00
377000,2.5690883307809639e+02,2.4097790365011731e+00
377100,2.5687739182872610e+02,2.4097258830281496e+00
377200,2.5684038574887148e+02,2.4096633135123300e+00
377300,2.5682849771240552e+02,2.4096432114239810e+00
377400,2.5682559093771403e+02,2.4096382960685441e+00
377500,2.5681390699199869e+02,2.4096185379573694e+00
377600,2.5678183499890940e+02,2.4095642980620524e+00
377700,2.5675995523990309e+02,2.4095272913031547e+00
377800,2.5673998377058388e+02,2.4094935094143315e+00
377900,2.5668484943835352e+02,2.4094002356387199e+00
378000,2.5664893744704159e+02,2.4093394705767470e+00
378100,2.5663528271313947e+02,2.4093163637857957e+00
378200,2.5661854283998878e+02,2.4092880345881249e+00
378300,2.5658356827027268e+02,2.4092288405110573e+00
378400,2.5655634208356082e+02,2.4091827549019489e+00
378500,2.5653487457718370e+02,2.4091464135292551e+00
378600,2.5650698436619979e+02,2.4090991949074985e+00
378700,2.5649511554957780e+02,2.4090790992331632e+00
378800,2.5643827042725769e+02,2.4089828390803922e+00
378900,2.5641802632151979e+02,2.4089485530494970e+00
379000,2.5641588388157538e+02,2.4089449243898970e+00
379100,2.5637602177948679e+02,2.4088774042484209e+00
379200,2.5633233622685771e+02,2.4088033957240995e+00
379300,2.5629859208153698e+02,2.4087462204920906e+00
379400,2.5625478886501071e+02,2.4086719901934313e+00
379500,2.5621283709180369e+02,2.4086008855119734e+00
379600,2.5620010994534772e+02,2.4085793117812186e+00
379700,2.5618261549564949e+02,2.4085496552662988e+00
379800,2.5614144970495499e+02,2.4084798632069573e+00
379900,2.5611105953362909e+02,2.4084283328250131e+00
380000,2.5609474467501758e+02,2.4084006663947926e+00
380100,2.5608115064419059e+02,2.4083776125469627e+00
380200,2.5604844783691749e+02,2.4083221474896690e+00
380300,2.5599160966707549e+02,2.4082257311907354e+00
380400,2.5595639601926879e+02,2.4081659864792240e+00
380500,2.5592710165691051e+02,2.4081162783718333e+00
380600,2.5589564213829641e+02,2.4080628899848566e+00
380700,2.5583920391264809e+02,2.4079670950228524e+00
380800,2.5582331073700470e+02,2.4079401150574005e+00
380900,2.5574529427543521e+02,2.4078076514203128e+00
381000,2.5570437045839739e+02,2.4077381509819262e+00
381100,2.5570290104034609e+02,2.4077356552796285e+00
381200,2.5567695828969860e+02,2.4076915909964711e+00
381300,2.5560801010901761e+02,2.4075744593910482e+00
381400,2.5558913196661160e+02,2.4075423830259655e+00
381500,2.5555769204253849e+02,2.4074889573372502e+00
381600,2.5554882971596231e+02,2.4074738964473363e+00
381700,2.5554523440643271e+02,2.4074677863271097e+00
381800,2.5551134284147989e+02,2.4074101844085787e+00
381900,2.5549285705282759e+02,2.4073787628429226e+00
382000,2.5547908433363349e+02,2.4073553509274581e+00
382100,2.5545190148351290e+02,2.4073091397476758e+00
382200,2.5543393681952170e+02,2.4072785968989261e+00
382300,2.5540473017736190e+02,2.4072289362747088e+00
382400,2.5537017683045030e+02,2.4071701772099541e+00
382500,2.5533752297383111e+02,2.4071146409814332e+00
382600,2.5532817516730739e+02,2.4070987413398228e+00
382700,2.5526226355633409e+02,2.4069866160553399e+00
382800,2.5526088443335419e+02,2.4069842696563475e+00
382900,2.5523872604473220e+02,2.4069465682919784e+00
383000,2.5520731626092919e+02,2.4068931205436561e+00
383100,2.5518690464143049e+02,2.4068583840464282e+00
383200,2.5515032721378799e+02,2.4067961296231841e+00
383300,2.5514652032185771e+02,2.4067896498176884e+00
383400,2.5512109912597461e+02,2.4067463772889850e+00
383500,2.5509174358103510e+02,2.4066964022584587e+00
383600,2.5508614242671459e+02,2.4066868661712215e+00
383700,2.5505348689172729e+02,2.4066312652421700e+00
383800,2.5504376831417869e+02,2.4066147165367666e+00
383900,2.5502342347315880e+02,2.4065800714847536e+00
384000,2.5498035181792170e+02,2.4065067160189839e+00
384100,2.5496333101800619e+02,2.4064777244274320e+00
384200,2.5493388588875419e+02,2.4064275658592211e+00
384300,2.5491890960665700e+02,2.4064020521551344e+00
384400,2.5488826379805610e+02,2.4063498390585787e+00
384500,2.5485826617409541e+02,2.4062987242326588e+00
384600,2.5482181251513370e+02,2.4062366004667077e+00
384700,2.5479783961643761e+02,2.4061957413766661e+00
384800,2.5477732127185891e+02,2.4061607671294225e+00
384900,2.5475709040623019e+02,2.4061262801424399e+00
385000,2.5471985653043350e+02,2.4060628014436514e+00
385100,2.5469437610578859e+02,2.4060193554340188e+00
385200,2.5466686328020231e+02,2.4059724391497737e+00
385300,2.5465746604380891e+02,2.4059564133380213e+00
385400,2.5461239847541171e+02,2.4058795480150073e+00
385500,2.5460741185228400e+02,2.4058710422072447e+00
385600,2.5455638328377839e+02,2.4057839919259512e+00
385700,2.5452138536756269e+02,2.4057242784485591e+00
385800,2.5447871390985529e+02,2.4056514612578086e+00
385900,2.5443737584835779e+02,2.4055809078113692e+00
386000,2.5443737584835779e+02,2.4055809078113692e+00
386100,2.5442428811507631e+02,2.4055585680253389e+00
386200,2.5439539766582891e+02,2.4055092501115398e+00
386300,2.5438316730948111e+02,2.4054883703943495e+00
386400,2.5434540734772850e+02,2.4054239000898567e+00
386500,2.5432302778823049e+02,2.4053856853372504e+00
386600,2.5430915423080251e+02,2.4053619935235986e+00
386700,2.5430915423080251e+02,2.4053619935235986e+00
386800,2.5428592609446139e+02,2.4053223240425710e+00
386900,2.5426194111152881e+02,2.4052813582007473e+00
387000,2.5425402651271381e+02,2.4052678393859570e+00
387100,2.5418806693064991e+02,2.4051551583823616e+00
387200,2.5418806693064991e+02,2.4051551583823616e+00
387300,2.5415831145698209e+02,2.4051043165210459e+00
387400,2.5414898283728121e+02,2.4050883758957360e+00
387500,2.5412212884171191e+02,2.4050424848669696e+00
387600,2.5409832502504199e+02,2.4050018022609985e+00
387700,2.5408445540881780e+02,2.4049780962322793e+00
387800,2.5406886523527251e+02,2.4049514478721497e+00
387900,2.5403027250579069e+02,2.4048854740956056e+00
388000,2.5401089317498489e+02,2.4048523415976724e+00
388100,2.5397947430169219e+02,2.4047986199360438e+00
388200,2.5394670228179021e+02,2.4047425775106674e+00
388300,2.5392458751188610e+02,2.4047047556343890e+00
388400,2.5392458751188610e+02,2.4047047556343890e+00
388500,2.5388842081232789e+02,2.4046428942885161e+00
388600,2.5385908299847890e+02,2.4045927069391571e+00
388700,2.5382933263300660e+02,2.4045418079263920e+00
388800,2.5378291990715411e+02,2.4044623898639510e+00
388900,2.5377470296568211e+02,2.4044483281212878e+00
389000,2.5374990107159951e+02,2.4044058816047498e+00
389100,2.5374665456509729e+02,2.4044003251537998e+00
389200,2.5369648119538260e+02,2.4043144435401134e+00
389300,2.5369592646164600e+02,2.4043134939090307e+00
389400,2.5366607688836231e+02,2.4042623923094086e+00
389500,2.5362110388142079e+02,2.4041853884759163e+00
389600,2.5362110388142079e+02,2.4041853884759163e+00
389700,2.5359900029397531e+02,2.4041475371920855e+00
389800,2.5357133570172371e+02,2.4041001583178958e+00
389900,2.5354279174459691e+02,2.4040512680093284e+00
390000,2.5352562503241811e+02,2.4040218620825229e+00
390100,2.5349268220601019e+02,2.4039654266933344e+00
390200,2.5347557823411961e+02,2.4039361224500784e+00
390300,2.5342083684659789e+02,2.4038423207110342e+00
390400,2.5332370946564879e+02,2.4036758388557824e+00
390500,2.5332370946564879e+02,2.4036758388557824e+00
390600,2.5328277434461560e+02,2.4036056546090836e+00
390700,2.5326928178541610e+02,2.4035825188071946e+00
390800,2.5324474186914429e+02,2.4035404368519719e+00
390900,2.5318448244470079e+02,2.4034370844608164e+00
391000,2.5314178313317791e+02,2.4033638349508459e+00
391100,2.5311636772976439e+02,2.4033202296500784e+00
391200,2.5303168646833589e+02,2.4031749100954656e+00
391300,2.5303168646833589e+02,2.4031749100954656e+00
391400,2.5299566405435851e+02,2.4031130781188916e+00
391500,2.5296324330702561e+02,2.4030574208254625e+00
391600,2.5293295963805491e+02,2.4030054258499520e+00
391700,2.5290383487738200e+02,2.4029554147673333e+00
391800,2.5289367297983620e+02,2.4029379640841575e+00
391900,2.5284241819608721e+02,2.4028499352872497e+00
392000,2.5282862505718890e+02,2.4028262428722180e+00
392100,2.5279583078031649e+02,2.4027699070943922e+00
392200,2.5275561037828101e+02,2.4027008043393461e+00
392300,2.5275561037828101e+02,2.4027008043393461e+00
392400,2.5270734542252839e+02,2.4026178657034842e+00
392500,2.5270397474302729e+02,2.4026120729265945e+00
392600,2.5268161336592539e+02,2.4025736411908349e+00
392700,2.5266044456164900e+02,2.4025372559553420e+00
392800,2.5265411655182581e+02,2.4025263786921114e+00
392900,2.5261226464967581e+02,2.4024544322857060e+00
393000,2.5260860637216891e+02,2.4024481428791287e+00
393100,2.5257102788631681e+02,2.4023835316875162e+00
393200,2.5256478878397201e+02,2.4023728034531242e+00
393300,2.5256292176635020e+02,2.4023695930355058e+00
393400,2.5252937392769539e+02,2.4023119020299086e+00
393500,2.5251460450904901e+02,2.4022865011646584e+00
393600,2.5249853450228400e+02,2.4022588618233205e+00
393700,2.5247738670681841e+02,2.4022224863428483e+00
393800,2.5247017072347100e+02,2.4022100737201773e+00
393900,2.5243384210076610e+02,2.4021475774040364e+00
394000,2.5242233536417800e+02,2.4021277804304475e+00
394100,2.5238656466949990e+02,2.4020662323264519e+00
394200,2.5237360389901869e+02,2.4020439294925402e+00
394300,2.5234788908335210e+02,2.4019996761658557e+00
394400,2.5234009058707170e+02,2.4019862546300219e+00
394500,2.5230960806393861e+02,2.4019337889626780e+00
394600,2.5228582429645030e+02,2.4018928486040294e+00
394700,2.5228582429645030e+02,2.4018928486040294e+00
394800,2.5226419631995901e+02,2.4018556157808528e+00
394900,2.5224849247597550e+02,2.4018285794230350e+00
395000,2.5222648651167029e+02,2.4017906902540145e+00
395100,2.5219988302863700e+02,2.4017448808095083e+00
395200,2.5218656173179929e+02,2.4017219405986050e+00
395300,2.5217369006577499e+02,2.4016997735324712e+00
395400,2.5216549551613670e+02,2.4016856606188144e+00
395500,2.5214998543627840e+02,2.4016589474110988e+00
395600,2.5213511730791160e+02,2.4016333383019948e+00
395700,2.5212733239608630e+02,2.4016199288393230e+00
395800,2.5212523281340520e+02,2.4016163122501943e+00
395900,2.5208176485362051e+02,2.4015414307225353e+00
396000,2.5208176485362051e+02,2.4015414307225353e+00
396100,2.5207794636018161e+02,2.4015348520507658e+00
396200,2.5204051629751930e+02,2.4014703605833607e+00
396300,2.5201908209444451e+02,2.4014334254425371e+00
396400,2.5201908209444451e+02,2.4014334254425371e+00
396500,2.5200907352126521e+02,2.4014161777231164e+00
396600,2.5199020249688681e+02,2.4013836555265611e+00
396700,2.5198099927553130e+02,2.4013677938732094e+00
396800,2.5196961577610111e+02,2.4013481737325035e+00
396900,2.5195961498046131e+02,2.4013309360328563e+00
397000,2.5193662396744230e+02,2.4012913053735154e+00
397100,2.5189923615909220e+02,2.4012268505771353e+00
397200,2.5189923615909220e+02,2.4012268505771353e+00
397300,2.5189792562805769e+02,2.4012245911106684e+00
397400,2.5189406063928399e+02,2.4012179274743151e+00
397500,2.5187798819344300e+02,2.4011902158354577e+00
397600,2.5186758250337809e+02,2.4011722737073713e+00
397700,2.5184695416656999e+02,2.4011367028742927e+00
397800,2.5183196572796999e+02,2.4011108554706349e+00
397900,2.5183196572796999e+02,2.4011108554706349e+00
398000,2.5182144078776949e+02,2.4010927044032817e+00
398100,2.5180817448565341e+02,2.4010698245660724e+00
398200,2.5178368716305340e+02,2.4010275891373452e+00
398300,2.5177752428191411e+02,2.4010169588298047e+00
398400,2.5175810895536651e+02,2.4009834677772095e+00
398500,2.5174967037974440e+02,2.4009689105966512e+00
398600,2.5173351559711691e+02,2.4009410410147098e+00
398700,2.5171441818379321e+02,2.4009080926175765e+00
398800,2.5170954943339260e+02,2.4008996922569708e+00
398900,2.5169339270937161e+02,2.4008718148827919e+00
399000,2.5168328644603781e+02,2.4008543762743666e+00
399100,2.5167682680204709e+02,2.4008432296313709e+00
399200,2.5165129356303069e+02,2.4007991671426252e+00
399300,2.5165129356303069e+02,2.4007991671426252e+00
399400,2.5163834516815621e+02,2.4007768205015978e+00
399500,2.5163556466403099e+02,2.4007720216929376e+00
399600,2.5162148167158401e+02,2.4007477153629835e+00
399700,2.5161601066454429e+02,2.4007382723933950e+00
399800,2.5160118908693991e+02,2.4007126892878428e+00
399900,2.5159077739481620e+02,2.4006947170595940e+00
400000,2.5157862261874061e+02,2.4006737350516287e+00
400100,2.5156868757371441e+02,2.4006565840696181e+00
400200,2.5156831069430089e+02,2.4006559334450359e+00
400300,2.5155911876849899e+02,2.4006400646912356e+00
400400,2.5155270575307580e+02,2.4006289930484113e+00
400500,2.5153926329207891e+02,2.4006057846213453e+00
400600,2.5153282992304000e+02,2.4005946769621791e+00
400700,2.5152549282021599e+02,2.4005820085969982e+00
400800,2.5151993171715000e+02,2.4005724064566860e+00
400900,2.5150841630949560e+02,2.4005525225753037e+00
401000,2.5150239909955300e+02,2.4005421321781406e+00
401100,2.5148829235469250e+02,2.4005177719601241e+00
401200,2.5147461094142059e+02,2.4004941449202324e+00
401300,2.5146220493148550e+02,2.4004727193196866e+00
401400,2.5144494745471411e+02,2.4004429133131473e+00
401500,2.5143342700048359e+02,2.4004230147851677e+00
401600,2.5142602830955869e+02,2.4004102350288825e+00
401700,2.5140184739766411e+02,2.4003684647248935e+00
401800,2.5139352516080211e+02,2.4003540878958933e+00
401900,2.5137826254421850e+02,2.4003277201866235e+00
402000,2.5137352454637059e+02,2.4003195344919188e+00
402100,2.5134749390371849e+02,2.4002745593901849e+00
402200,2.5133018011793351e+02,2.4002446424791350e+00
402300,2.5130427774896410e+02,2.4001998812983381e+00
402400,2.5129358021397081e+02,2.4001813938322871e+00
402500,2.5127326697765679e+02,2.4001462863575505e+00
402600,2.5126977487657450e+02,2.4001402506547191e+00
402700,2.5125522898786650e+02,2.4001151088243486e+00
402800,2.5123953894127601e+02,2.4000879877433259e+00
402900,2.5122203357029889e+02,2.4000577267783565e+00
403000,2.5120919161951019e+02,2.4000355259751980e+00
403100,2.5117583501869839e+02,2.3999778547194048e+00
403200,2.5117583501869839e+02,2.3999778547194048e+00
403300,2.5116352375710900e+02,2.3999565674645593e+00
403400,2.5114936565110330e+02,2.3999320855631638e+00
403500,2.5112938528754489e+02,2.3998975335872812e+00
403600,2.5111741803505751e+02,2.3998768373411909e+00
403700,2.5109934414607710e+02,2.3998455783675952e+00
403800,2.5106640284583091e+02,2.3997886002681139e+00
403900,2.5106640284583091e+02,2.3997886002681139e+00
404000,2.5105195513699491e+02,2.3997636079127234e+00
404100,2.5101081929765681e+02,2.3996924412420095e+00
404200,2.5101081929765681e+02,2.3996924412420095e+00
404300,2.5101066548804590e+02,2.3996921751232585e+00
404400,2.5098299772356469e+02,2.3996443021785043e+00
404500,2.5096884765128061e+02,2.3996198165694969e+00
404600,2.5095164873498399e+02,2.3995900533121723e+00
404700,2.5093754191720430e+02,2.3995656395043650e+00
404800,2.5092007814935221e+02,2.3995354141268428e+00
404900,2.5089737796160080e+02,2.3994961226826521e+00
405000,2.5089226689313179e+02,2.3994872755139012e+00
405100,2.5089226689313179e+02,2.3994872755139012e+00
405200,2.5088386153848501e+02,2.3994727256023567e+00
405300,2.5087266387502771e+02,2.3994533413663608e+00
405400,2.5084509706203440e+02,2.3994056168658116e+00
405500,2.5084387117119749e+02,2.3994034944447118e+00
405600,2.5083182976615959e+02,2.3993826462523296e+00
405700,2.5080632014622839e+02,2.3993384762178809e+00
405800,2.5079484063453290e+02,2.3993185979202414e+00
405900,2.5078077396166421e+02,2.3992942383691411e+00
406000,2.5076133951097339e+02,2.3992605810770762e+00
406100,2.5075525695040210e+02,2.3992500465403901e+00
406200,2.5073738782962661e+02,2.3992190970912470e+00
406300,2.5072490842782400e+02,2.3991974813670667e+00
406400,2.5071540969388650e+02,2.3991810277729475e+00
406500,2.5068558053376441e+02,2.3991293540032159e+00
406600,2.5067608093049759e+02,2.3991128963216792e+00
406700,2.5066655382104781e+02,2.3990963903603815e+00
406800,2.5065433325490429e+02,2.3990752169978520e+00
406900,2.5064433630855899e+02,2.3990578955130850e+00
407000,2.5062824103853191e+02,2.3990300061479939e+00
407100,2.5060032501411499e+02,2.3989816299132993e+00
407200,2.5057986027470699e+02,2.3989461627353688e+00
407300,2.5057986027470699e+02,2.3989461627353688e+00
407400,2.5057484060535830e+02,2.3989374627682913e+00
407500,2.5056499334061161e+02,2.3989203952256530e+00
407600,2.5055361824435411e+02,2.3989006787696190e+00
407700,2.5054207965858200e+02,2.3988806780226493e+00
407800,2.5053280808377781e+02,2.3988646061983570e+00
407900,2.5051617392904780e+02,2.3988357702087737e+00
408000,2.5050180202613819e+02,2.3988108543836764e+00
408100,2.5049495594910400e+02,2.3987989851911857e+00
408200,2.5048952769853699e+02,2.3987895738846694e+00
408300,2.5046461931018200e+02,2.3987463859973581e+00
408400,2.5046461931018200e+02,2.3987463859973581e+00
408500,2.5044243584466309e+02,2.3987079191537730e+00
408600,2.5042710686344000e+02,2.3986813362159305e+00
408700,2.5041490615908580e+02,2.3986601770542002e+00
408800,2.5040568045320859e+02,2.3986441766210644e+00
408900,2.5039683170581540e+02,2.3986288294050593e+00
409000,2.5039030001319509e+02,2.3986175005274464e+00
409100,2.5038241148528070e+02,2.3986038178963240e+00
409200,2.5036851284393910e+02,2.3985797096902322e+00
409300,2.5035930010409859e+02,2.3985637287841475e+00
409400,2.5034564950636619e+02,2.3985400486536594e+00
409500,2.5034109505996261e+02,2.3985321476218759e+00
409600,2.5031771321767329e+02,2.3984915826505921e+00
409700,2.5031119828835969e+02,2.3984802792768316e+00
409800,2.5030632409624181e+02,2.3984718223825121e+00
409900,2.5029060914222350e+02,2.3984445552645473e+00
410000,2.5026504779352891e+02,2.3984001999464368e+00
410100,2.5026020695653190e+02,2.3983917993761330e+00
410200,2.5023326596818629e+02,2.3983450442305827e+00
410300,2.5022058460043979e+02,2.3983230344167699e+00
410400,2.5019770139147701e+02,2.3982833154390031e+00
410500,2.5019413944613791e+02,2.3982771325515961e+00
410600,2.5016018079074621e+02,2.3982181820995838e+00
410700,2.5015000193812060e+02,2.3982005105842692e+00
410800,2.5013943285058991e+02,2.3981821608208129e+00
410900,2.5012149885040731e+02,2.3981510225214677e+00
411000,2.5009619856425090e+02,2.3981070905505097e+00
411100,2.5008653874623749e+02,2.3980903158585942e+00
411200,2.5007232757178190e+02,2.3980656363614798e+00
411300,2.5005593875144609e+02,2.3980371733662098e+00
411400,2.5003103537995031e+02,2.3979939193028579e+00
411500,2.5003103537995031e+02,2.3979939193028579e+00
411600,2.5002602210701070e+02,2.3979852113494697e+00
411700,2.5000064462434230e+02,2.3979411284977727e+00
411800,2.5000064462434230e+02,2.3979411284977727e+00
411900,2.4999537723376281e+02,2.3979319780303179e+00
412000,2.4996597347127391e+02,2.3978808945143908e+00
412100,2.4996597347127391e+02,2.3978808945143908e+00
412200,2.4996308380092270e+02,2.3978758739304911e+00
412300,2.4994827821154911e+02,2.3978501494270819e+00
412400,2.4992361627286141e+02,2.3978072962720556e+00
412500,2.4989906881226329e+02,2.3977646378373381e+00
412600,2.4987820824627400e+02,2.3977283831730318e+00
412700,2.4987267807986501e+02,2.3977187715012120e+00
412800,2.4985987862487309e+02,2.3976965246709785e+00
412900,2.4983309572256621e+02,2.3976499694168942e+00
413000,2.4983309572256621e+02,2.3976499694168942e+00
413100,2.4982075514852039e+02,2.3976285167924289e+00
413200,2.4981221414954459e+02,2.3976136686580847e+00
413300,2.4980914342043630e+02,2.3976083302125319e+00
413400,2.4979058002582721e+02,2.3975760564562849e+00
413500,2.4978761512743290e+02,2.3975709015515090e+00
413600,2.4977098590081141e+02,2.3975419881013238e+00
413700,2.4975869195214261e+02,2.3975206112170047e+00
413800,2.4974299918359910e+02,2.3974933228898281e+00
413900,2.4973562322423729e+02,2.3974804961608909e+00
414000,2.4970731244734529e+02,2.3974312604491903e+00
414100,2.4969817019951469e+02,2.3974153598316623e+00
414200,2.4967679572564100e+02,2.3973781820927047e+00
414300,2.4967367060189000e+02,2.3973727461350283e+00
414400,2.4966210153824400e+02,2.3973526218788321e+00
414500,2.4965060302697159e+02,2.3973326194236537e+00
414600,2.4965060302697159e+02,2.3973326194236537e+00
414700,2.4963341898434450e+02,2.3973027248764072e+00
414800,2.4962904329120440e+02,2.3972951122897266e+00
414900,2.4960970239312169e+02,2.3972614624763287e+00
415000,2.4959626179813441e+02,2.3972380766329833e+00
415100,2.4959145833374009e+02,2.3972297185825089e+00
415200,2.4957380511191150e+02,2.3971990005121917e+00
415300,2.4956244620496261e+02,2.3971792339230240e+00
415400,2.4954662982525431e+02,2.3971517090120851e+00
415500,2.4953378202696419e+02,2.3971293489764247e+00
415600,2.4953378202696419e+02,2.3971293489764247e+00
415700,2.4951771294142711e+02,2.3971013810602848e+00
415800,2.4951207099778500e+02,2.3970915609450532e+00
415900,2.4950543676617721e+02,2.3970800134136168e+00
416000,2.4949953968239720e+02,2.3970697487025783e+00
416100,2.4949032286867759e+02,2.3970537050446201e+00
416200,2.4947630079650011e+02,2.3970292957623784e+00
416300,2.4946793043632150e+02,2.3970147241890047e+00
416400,2.4945128722484239e+02,2.3969857493383540e+00
416500,2.4943291752013769e+02,2.3969537665202365e+00
416600,2.4943187240414670e+02,2.3969519468363583e+00
416700,2.4940848349283829e+02,2.3969112216824833e+00
416800,2.4940391475171799e+02,2.3969032660700536e+00
416900,2.4938021598864151e+02,2.3968619967456886e+00
417000,2.4937579146823620e+02,2.3968542913957043e+00
417100,2.4937001709947319e+02,2.3968442350646142e+00
417200,2.4935183465101650e+02,2.3968125679659780e+00
417300,2.4933759391560969e+02,2.3967877642606941e+00
417400,2.4932040401546249e+02,2.3967578219803647e+00
417500,2.4930347685444960e+02,2.3967283353355926e+00
417600,2.4929899383050670e+02,2.3967205256969519e+00
417700,2.4928041373861879e+02,2.3966881568054115e+00
417800,2.4926449122345431e+02,2.3966604158320011e+00
417900,2.4926115917332459e+02,2.3966546103494397e+00
418000,2.4925442420230971e+02,2.3966428756681371e+00
418100,2.4923366735884699e+02,2.3966067079733198e+00
418200,2.4922324309816830e+02,2.3965885431177569e+00
418300,2.4922058966346299e+02,2.3965839192384957e+00
418400,2.4921179691943641e+02,2.3965685966378194e+00
418500,2.4920693953154310e+02,2.3965601317202538e+00
418600,2.4919357347130270e+02,2.3965368379793479e+00
418700,2.4918286301167220e+02,2.3965181713925015e+00
418800,2.4918286301167220e+02,2.3965181713925015e+00
418900,2.4917242658021061e+02,2.3964999816203054e+00
419000,2.4916944339658960e+02,2.3964947820564593e+00
419100,2.4915814940236541e+02,2.3964750965345578e+00
419200,2.4915814940236541e+02,2.3964750965345578e+00
419300,2.4915146903402709e+02,2.3964634521793249e+00
419400,2.4914612273986319e+02,2.3964541329849620e+00
419500,2.4913577569202931e+02,2.3964360963442850e+00
419600,2.4911796889452381e+02,2.3964050543541977e+00
419700,2.4911796889452381e+02,2.3964050543541977e+00
419800,2.4911485848199541e+02,2.3963996318492025e+00
419900,2.4910249527448420e+02,2.3963780779119044e+00
420000,2.4910197384769469e+02,2.3963771688362483e+00
420100,2.4909776283181540e+02,2.3963698271183587e+00
420200,2.4908771635834981e+02,2.3963523110398235e+00
420300,2.4908771635834981e+02,2.3963523110398235e+00
420400,2.4908497171382120e+02,2.3963475256150018e+00
420500,2.4907995737604799e+02,2.3963387827304738e+00
420600,2.4907349142974300e+02,2.3963275085947333e+00
420700,2.4907117959339590e+02,2.3963234775658897e+00
420800,2.4906558991035701e+02,2.3963137309715883e+00
420900,2.4906336610285641e+02,2.3963098533117386e+00
421000,2.4906044500742641e+02,2.3963047597362137e+00
421100,2.4905664255792951e+02,2.3962981292355723e+00
421200,2.4905437993072940e+02,2.3962941837436511e+00
421300,2.4905204704819829e+02,2.3962901157053551e+00
421400,2.4904789858161081e+02,2.3962828815903419e+00
421500,2.4904204361208551e+02,2.3962726714626470e+00
421600,2.4904061424306030e+02,2.3962701788358896e+00
421700,2.4903556361962529e+02,2.3962613711153615e+00
421800,2.4903281172972609e+02,2.3962565720529954e+00
421900,2.4902899554936681e+02,2.3962499168706550e+00
422000,2.4902743141589761e+02,2.3962471890892316e+00
422100,2.4902401795684659e+02,2.3962412361041259e+00
422200,2.4901719313164440e+02,2.3962293335391993e+00
422300,2.4901355101758091e+02,2.3962229815215426e+00
422400,2.4900855578248681e+02,2.3962142694462849e+00
422500,2.4900495405886281e+02,2.3962079876540670e+00
422600,2.4900068787229901e+02,2.3962005468496765e+00
422700,2.4899219813131691e+02,2.3961857392178194e+00
422800,2.4898074120405431e+02,2.3961657554801601e+00
422900,2.4896412755207510e+02,2.3961367754952891e+00
423000,2.4896412755207510e+02,2.3961367754952891e+00
423100,2.4895325992074339e+02,2.3961178175217852e+00
423200,2.4894990659410510e+02,2.3961119676644111e+00
423300,2.4893670424180050e+02,2.3960889354774411e+00
423400,2.4893134936873321e+02,2.3960795932759975e+00
423500,2.4892653465288001e+02,2.3960711932703167e+00
423600,2.4891818656147481e+02,2.3960566283673357e+00
423700,2.4890837938305609e+02,2.3960395171733491e+00
423800,2.4890481890832709e+02,2.3960333048248894e+00
423900,2.4889062591620970e+02,2.3960085398808784e+00
424000,2.4888259575749180e+02,2.3959945276621877e+00
424100,2.4885051683221101e+02,2.3959385470577161e+00
424200,2.4884774687038319e+02,2.3959337128871971e+00
424300,2.4884071862397809e+02,2.3959214468660091e+00
424400,2.4882613634856330e+02,2.3958959960983526e+00
424500,2.4879777152241979e+02,2.3958464860676134e+00
424600,2.4876273310437941e+02,2.3957853196707908e+00
424700,2.4875864374513660e+02,2.3957781803347284e+00
424800,2.4874568628606019e+02,2.3957555580070906e+00
424900,2.4872129445839900e+02,2.3957129693064316e+00
425000,2.4871511702977969e+02,2.3957021827089897e+00
425100,2.4869921010191271e+02,2.3956744059015187e+00
425200,2.4868259590625220e+02,2.3956453921603158e+00
425300,2.4868220038443880e+02,2.3956447014281115e+00
425400,2.4865512653995299e+02,2.3955974175399368e+00
425500,2.4863928815586371e+02,2.3955697537552196e+00
425600,2.4862501478837859e+02,2.3955448219646129e+00
425700,2.4861413022965641e+02,2.3955258085629563e+00
425800,2.4860636316533569e+02,2.3955122403644604e+00
425900,2.4859952843599669e+02,2.3955003005009647e+00
426000,2.4857315160927519e+02,2.3954542186836574e+00
426100,2.4857315160927519e+02,2.3954542186836574e+00
426200,2.4855138256710040e+02,2.3954161832448535e+00
426300,2.4855138256710040e+02,2.3954161832448535e+00
426400,2.4853837314861630e+02,2.3953934512589425e+00
426500,2.4853090439542871e+02,2.3953804002077397e+00
426600,2.4850155117575309e+02,2.3953291039947735e+00
426700,2.4850155117575309e+02,2.3953291039947735e+00
426800,2.4849634135346531e+02,2.3953199989377687e+00
426900,2.4847035263628450e+02,2.3952745763506611e+00
427000,2.4846703456872001e+02,2.3952687767530820e+00
427100,2.4846695133291419e+02,2.3952686312655436e+00
427200,2.4845836498127389e+02,2.3952536229533687e+00
427300,2.4844912372460860e+02,2.3952374693357750e+00
427400,2.4844509339914990e+02,2.3952304241819102e+00
427500,2.4843265570228630e+02,2.3952086819198497e+00
427600,2.4842376537094239e+02,2.3951931401187108e+00
427700,2.4840442190801949e+02,2.3951593225559091e+00
427800,2.4839053958703471e+02,2.3951350509111919e+00
427900,2.4837555787087629e+02,2.3951088555782483e+00
428000,2.4836400993986260e+02,2.3950886630949331e+00
428100,2.4835266158191709e+02,2.3950688186664375e+00
428200,2.4833224348847051e+02,2.3950331120636021e+00
428300,2.4831977782115061e+02,2.3950113110025004e+00
428400,2.4830939659837941e+02,2.3949931545670844e+00
428500,2.4829535497846399e+02,2.3949685950032520e+00
428600,2.4826477615792760e+02,2.3949151061618967e+00
428700,2.4825589025761951e+02,2.3948995616025988e+00
428800,2.4825589025761951e+02,2.3948995616025988e+00
428900,2.4823526758289390e+02,2.3948634831601163e+00
429000,2.4822718239771530e+02,2.3948493376741538e+00
429100,2.4821933472743351e+02,2.3948356072932087e+00
429200,2.4820129754624710e+02,2.3948040475724701e+00
429300,2.4819016230325670e+02,2.3947845630527818e+00
429400,2.4818665691362531e+02,2.3947784291185816e+00
429500,2.4818216350870051e+02,2.3947705661711778e+00
429600,2.4817445423073880e+02,2.3947570754801752e+00
429700,2.4815714859220321e+02,2.3947267903108163e+00
429800,2.4815714859220321e+02,2.3947267903108163e+00
429900,2.4814275546937711e+02,2.3947016004859893e+00
430000,2.4813200713495590e+02,2.3946827885588826e+00
430100,2.4812710857625780e+02,2.3946742147435325e+00
430200,2.4811701202461791e+02,2.3946565424871489e+00
430300,2.4809093439411029e+02,2.3946108948060800e+00
430400,2.4808468693425570e+02,2.3945999582053110e+00
430500,2.4807956786723159e+02,2.3945909967271728e+00
430600,2.4806411002596371e+02,2.3945639349889465e+00
430700,2.4804989501473980e+02,2.3945390475603565e+00
430800,2.4804356210689181e+02,2.3945279595409787e+00
430900,2.4803163715446519e+02,2.3945070798798120e+00
431000,2.4802217592024201e+02,2.3944905132827725e+00
431100,2.4800032508138369e+02,2.3944522501042749e+00
431200,2.4798932166700550e+02,2.3944329806611377e+00
431300,2.4797973616557181e+02,2.3944161936043096e+00
431400,2.4797771955928479e+02,2.3944126618457986e+00
431500,2.4796944716797441e+02,2.3943981737948952e+00
431600,2.4795279928256161e+02,2.3943690156563981e+00
431700,2.4794657967857620e+02,2.3943581217541055e+00
431800,2.4794657967857620e+02,2.3943581217541055e+00
431900,2.4793861008371309e+02,2.3943441622685482e+00
432000,2.4793084174566340e+02,2.3943305548711318e+00
432100,2.4792784909538520e+02,2.3943253126861057e+00
432200,2.4791669176374441e+02,2.3943057679814013e+00
432300,2.4791492643915649e+02,2.3943026755173502e+00
432400,2.4790391791206460e+02,2.3942833904795786e+00
432500,2.4789154071347781e+02,2.3942617067430487e+00
432600,2.4788785601132639e+02,2.3942552512678010e+00
432700,2.4788079429448101e+02,2.3942428791072903e+00
432800,2.4786720424404641e+02,2.3942190682843263e+00
432900,2.4786110445878890e+02,2.3942083805627186e+00
433000,2.4785493892914610e+02,2.3941975773799782e+00
433100,2.4785196968444939e+02,2.3941923746016234e+00
433200,2.4784135238898639e+02,2.3941737702241679e+00
433300,2.4782282969444901e+02,2.3941413115381378e+00
433400,2.4782002567384760e+02,2.3941363976342607e+00
433500,2.4781370176191629e+02,2.3941253150952648e+00
433600,2.4779410534592989e+02,2.3940909709416403e+00
433700,2.4779331765265499e+02,2.3940895903947301e+00
433800,2.4778138535955171e+02,2.3940686767806141e+00
433900,2.4777034397502931e+02,2.3940493237561467e+00
434000,2.4775270827042729e+02,2.3940184106062468e+00
434100,2.4775166138686319e+02,2.3940165754831564e+00
434200,2.4773929478203809e+02,2.3939948969916740e+00
434300,2.4773059853017980e+02,2.3939796519313918e+00
434400,2.4770466879322450e+02,2.3939341923429054e+00
434500,2.4768986005273530e+02,2.3939082277675787e+00
434600,2.4768986005273530e+02,2.3939082277675787e+00
434700,2.4768008182234189e+02,2.3938910824741555e+00
434800,2.4766807446375219e+02,2.3938700276685099e+00
434900,2.4764363170661591e+02,2.3938271643385174e+00
435000,2.4763137313404710e+02,2.3938056658563744e+00
435100,2.4762812410734219e+02,2.3937999676945929e+00
435200,2.4762158542623590e+02,2.3937884998913055e+00
435300,2.4761629352428770e+02,2.3937792185179991e+00
435400,2.4760753481096100e+02,2.3937638563296346e+00
435500,2.4760115522670000e+02,2.3937526666300299e+00
435600,2.4759021206981981e+02,2.3937334718178329e+00
435700,2.4758421428935230e+02,2.3937229510686904e+00
435800,2.4758421428935230e+02,2.3937229510686904e+00
435900,2.4757058495496381e+02,2.3936990428091822e+00
436000,2.4756331142127419e+02,2.3936862832079160e+00
436100,2.4755435732054750e+02,2.3936705749559919e+00
436200,2.4755355345928101e+02,2.3936691647078230e+00
436300,2.4754542506235839e+02,2.3936549044565050e+00
436400,2.4754072362484641e+02,2.3936466561612377e+00
436500,2.4753899015968480e+02,2.3936436148960301e+00
436600,2.4753379981138849e+02,2.3936345086002691e+00
436700,2.4752693399194121e+02,2.3936224624520039e+00
436800,2.4752191491477251e+02,2.3936136562199581e+00
436900,2.4751943526922969e+02,2.3936093054869296e+00
437000,2.4751054235174320e+02,2.3935937018056683e+00
437100,2.4750141551947260e+02,2.3935776871101453e+00
437200,2.4749294849366649e+02,2.3935628296376024e+00
437300,2.4748819989730421e+02,2.3935544968386515e+00
437400,2.4748780662867480e+02,2.3935538067268345e+00
437500,2.4748142655226391e+02,2.3935426107502211e+00
437600,2.4747118369315541e+02,2.3935246356265494e+00
437700,2.4746491170921101e+02,2.3935136285973870e+00
437800,2.4745760024790101e+02,2.3935007969834472e+00
437900,2.4744825354649080e+02,2.3934843929711858e+00
438000,2.4744498519329500e+02,2.3934786566723369e+00
438100,2.4743678260737491e+02,2.3934642599495861e+00
438200,2.4742420644797431e+02,2.3934421860470025e+00
438300,2.4741134877871201e+02,2.3934196168732513e+00
438400,2.4741057259865090e+02,2.3934182544003986e+00
438500,2.4740334361098331e+02,2.3934055647433325e+00
438600,2.4739418028203499e+02,2.3933894790395596e+00
438700,2.4738427379513129e+02,2.3933720880939253e+00
438800,2.4736836551434681e+02,2.3933441594766132e+00
438900,2.4735502116723671e+02,2.3933207307223965e+00
439000,2.4735400885026169e+02,2.3933189533395329e+00
439100,2.4733006157543039e+02,2.3932769056167711e+00
439200,2.4733006157543039e+02,2.3932769056167711e+00
439300,2.4732941346960621e+02,2.3932757675862781e+00
439400,2.4732219036330920e+02,2.3932630840927529e+00
439500,2.4731691800742621e+02,2.3932538258071547e+00
439600,2.4731222514288419e+02,2.3932455849454781e+00
439700,2.4731222514288419e+02,2.3932455849454781e+00
439800,2.4730819738909869e+02,2.3932385119207349e+00
439900,2.4730527729478050e+02,2.3932333839534881e+00
440000,2.4729973546239799e+02,2.3932236517948504e+00
440100,2.4728998375442720e+02,2.3932065260326407e+00
440200,2.4728998375442720e+02,2.3932065260326407e+00
440300,2.4728618914269910e+02,2.3931998618258925e+00
440400,2.4728054991311021e+02,2.3931899578590490e+00
440500,2.4727604581759871e+02,2.3931820473232537e+00
440600,2.4727392608177291e+02,2.3931783243847256e+00
440700,2.4726354473770471e+02,2.3931600909415174e+00
440800,2.4726143746763969e+02,2.3931563897098544e+00
440900,2.4726095647307741e+02,2.3931555448814432e+00
441000,2.4725416876376019e+02,2.3931436226386200e+00
441100,2.4725063260261240e+02,2.3931374114339179e+00
441200,2.4724657266758851e+02,2.3931302801200944e+00
441300,2.4723706713165890e+02,2.3931135830993240e+00
441400,2.4723099679806521e+02,2.3931029198732210e+00
441500,2.4722578222530200e+02,2.3930937596785480e+00
441600,2.4721740516597569e+02,2.3930790436879827e+00
441700,2.4720898213808289e+02,2.3930642464416017e+00
441800,2.4720585539105741e+02,2.3930587533662471e+00
441900,2.4719373317763680e+02,2.3930374563808940e+00
442000,2.4719045282729991e+02,2.3930316930976407e+00
442100,2.4718592032960279e+02,2.3930237297771986e+00
442200,2.4716404345608041e+02,2.3929852913989071e+00
442300,2.4716404345608041e+02,2.3929852913989071e+00
442400,2.4716095302425740e+02,2.3929798611354283e+00
442500,2.4715509909561160e+02,2.3929695748867923e+00
442600,2.4714582858122239e+02,2.3929532846756327e+00
442700,2.4713302365378721e+02,2.3929307827648092e+00
442800,2.4713302365378721e+02,2.3929307827648092e+00
442900,2.4712848203457040e+02,2.3929228015639992e+00
443000,2.4712301799757140e+02,2.3929131991606982e+00
443100,2.4711640619320670e+02,2.3929015794071509e+00
443200,2.4711179037546981e+02,2.3928934672671049e+00
443300,2.4710485896073860e+02,2.3928812852607972e+00
443400,2.4709440479417461e+02,2.3928629113489555e+00
443500,2.4708548066884870e+02,2.3928472259740574e+00
443600,2.4707031845752201e+02,2.3928205750080003e+00
443700,2.4706549404846331e+02,2.3928120946907283e+00
443800,2.4705403825543891e+02,2.3927919571030722e+00
443900,2.4704908353891321e+02,2.3927832471558905e+00
444000,2.4704163874177891e+02,2.3927701595419411e+00
444100,2.4702992423194831e+02,2.3927495651691424e+00
444200,2.4701398916553259e+02,2.3927215493947229e+00
444300,2.4701398916553259e+02,2.3927215493947229e+00
444400,2.4700740659137639e+02,2.3927099759055688e+00
444500,2.4700345948261699e+02,2.3927030359466670e+00
444600,2.4699478668625801e+02,2.3926877867119543e+00
444700,2.4698864797212170e+02,2.3926769927885614e+00
444800,2.4697640316491160e+02,2.3926554614992845e+00
444900,2.4697204600856239e+02,2.3926477996108324e+00
445000,2.4696359639621230e+02,2.3926329409138556e+00
445100,2.4694524639808120e+02,2.3926006705746983e+00
445200,2.4693886040283721e+02,2.3925894395897043e+00
445300,2.4693443849868990e+02,2.3925816626615934e+00
445400,2.4692990123920450e+02,2.3925736827100197e+00
445500,2.4692115591718519e+02,2.3925583013716962e+00
445600,2.4691243762996041e+02,2.3925429670401188e+00
445700,2.4690876687915099e+02,2.3925365105056220e+00
445800,2.4690876687915099e+02,2.3925365105056220e+00
445900,2.4690415232913870e+02,2.3925283937734392e+00
446000,2.4688486393249499e+02,2.3924944649335682e+00
446100,2.4688274043608541e+02,2.3924907294808375e+00
446200,2.4687649490526829e+02,2.3924797427513691e+00
446300,2.4686896135341991e+02,2.3924664898496739e+00
446400,2.4686299945606970e+02,2.3924560014902947e+00
446500,2.4685671626874000e+02,2.3924449476332206e+00
446600,2.4685443034640721e+02,2.3924409259964312e+00
446700,2.4684744884023709e+02,2.3924286431604402e+00
446800,2.4683498474009630e+02,2.3924067137193830e+00
446900,2.4682822471719459e+02,2.3923948196159222e+00
447000,2.4682259312261161e+02,2.3923849107071820e+00
447100,2.4681969146762310e+02,2.3923798050961382e+00
447200,2.4681804813487750e+02,2.3923769135411130e+00
447300,2.4680875858928451e+02,2.3923605675958117e+00
447400,2.4680732060156939e+02,2.3923580372482158e+00
447500,2.4680133259828929e+02,2.3923475003309007e+00
447600,2.4679622253695740e+02,2.3923385081006292e+00
447700,2.4679073471047579e+02,2.3923288509055847e+00
447800,2.4678421603239309e+02,2.3923173793918195e+00
447900,2.4677626048310779e+02,2.3923033788738697e+00
448000,2.4676900290110601e+02,2.3922906062750853e+00
448100,2.4676222258360210e+02,2.3922786732733798e+00
448200,2.4675701359210319e+02,2.3922695054999741e+00
448300,2.4675577516372400e+02,2.3922673258498270e+00
448400,2.4675107487422670e+02,2.3922590531792780e+00
448500,2.4674953712155300e+02,2.3922563466476769e+00
448600,2.4673930787064219e+02,2.3922383421587394e+00
448700,2.4673644824135570e+02,2.3922333087960905e+00
448800,2.4672843266771099e+02,2.3922191999120010e+00
448900,2.4672144107569150e+02,2.3922068930496612e+00
449000,2.4671624101533010e+02,2.3921977394823410e+00
449100,2.4671018781991179e+02,2.3921870839146027e+00
449200,2.4669378030862731e+02,2.3921582001111656e+00
449300,2.4669053688020591e+02,2.3921524901482956e+00
449400,2.4668912745737771e+02,2.3921500088763619e+00
449500,2.4668126426987331e+02,2.3921361655691795e+00
449600,2.4667728107774059e+02,2.3921291529071715e+00
449700,2.4666645875958309e+02,2.3921100989588657e+00
449800,2.4666302738472069e+02,2.3921040574502594e+00
449900,2.4665631507788990e+02,2.3920922390698851e+00
450000,2.4664426399051351e+02,2.3920710198742401e+00
450100,2.4663997692150741e+02,2.3920634710808324e+00
450200,2.4663925462026481e+02,2.3920621992192825e+00
450300,2.4662864037131340e+02,2.3920435087275775e+00
450400,2.4662194343854401e+02,2.3920317157726658e+00
450500,2.4661510991922319e+02,2.3920196819657447e+00
450600,2.4660839555679999e+02,2.3920078576689798e+00
450700,2.4659894149320189e+02,2.3919912080883905e+00
450800,2.4659504543764839e+02,2.3919843465472002e+00
450900,2.4658469240726390e+02,2.3919661127730905e+00
451000,2.4657750091788441e+02,2.3919534466596022e+00
451100,2.4656947726091241e+02,2.3919393144430332e+00
451200,2.4656286655089349e+02,2.3919276705307291e+00
451300,2.4655588342889931e+02,2.3919153703237352e+00
451400,2.4654987838614969e+02,2.3919047926459553e+00
451500,2.4653689020499701e+02,2.3918819135270448e+00
451600,2.4653155961235720e+02,2.3918725231595630e+00
451700,2.4652278004181539e+02,2.3918570566329205e+00
451800,2.4651295816175431e+02,2.3918397532693607e+00
451900,2.4650489298429341e+02,2.3918255442014376e+00
452000,2.4650073270840639e+02,2.3918182145290494e+00
452100,2.4649209052694439e+02,2.3918029881340837e+00
452200,2.4648221128436720e+02,2.3917855815450526e+00
452300,2.4646359916365009e+02,2.3917527862918768e+00
452400,2.4646359916365009e+02,2.3917527862918768e+00
452500,2.4646122316070199e+02,2.3917485995075127e+00
452600,2.4644530426310189e+02,2.3917205475787862e+00
452700,2.4644530426310189e+02,2.3917205475787862e+00
452800,2.4644253417952510e+02,2.3917156660137806e+00
452900,2.4643598268196840e+02,2.3917041204538103e+00
453000,2.4642775467741410e+02,2.3916896199876390e+00
453100,2.4642385751557319e+02,2.3916827517301726e+00
453200,2.4642122686281229e+02,2.3916781154742210e+00
453300,2.4641741148531710e+02,2.3916713911743646e+00
453400,2.4640469685805570e+02,2.3916489819018629e+00
453500,2.4640386979138151e+02,2.3916475241735804e+00
453600,2.4638914506544850e+02,2.3916215706108090e+00
453700,2.4638609851390970e+02,2.3916162006148958e+00
453800,2.4636848476058941e+02,2.3915851524780116e+00
453900,2.4636782758732551e+02,2.3915839940217949e+00
454000,2.4635356154429201e+02,2.3915588452707706e+00
454100,2.4635356154429201e+02,2.3915588452707706e+00
454200,2.4634869239127579e+02,2.3915502613998032e+00
454300,2.4634021921765131e+02,2.3915353235659573e+00
454400,2.4633275606118599e+02,2.3915221659225168e+00
454500,2.4633108072270929e+02,2.3915192122238631e+00
454600,2.4632410907984911e+02,2.3915069206816777e+00
454700,2.4631823893162360e+02,2.3914965708894087e+00
454800,2.4631588888729650e+02,2.3914924274034992e+00
454900,2.4630397513196729e+02,2.3914714210309302e+00
455000,2.4630053919459419e+02,2.3914653625860809e+00
455100,2.4629833013493769e+02,2.3914614673988250e+00
455200,2.4629548755376410e+02,2.3914564550853377e+00
455300,2.4628787196140090e+02,2.3914430262527304e+00
455400,2.4628787196140090e+02,2.3914430262527304e+00
455500,2.4628547393626661e+02,2.3914387976476226e+00
455600,2.4628089663578839e+02,2.3914307260598791e+00
455700,2.4627789257969110e+02,2.3914254286415204e+00
455800,2.4627147241379950e+02,2.3914141069636625e+00
455900,2.4626568421745060e+02,2.3914038994830662e+00
456000,2.4626208547649571e+02,2.3913975529847176e+00
456100,2.4626099321250919e+02,2.3913956267228116e+00
456200,2.4625216054064219e+02,2.3913800495524415e+00
456300,2.4625216054064219e+02,2.3913800495524415e+00
456400,2.4624805283092590e+02,2.3913728050655778e+00
456500,2.4624196992391691e+02,2.3913620768362698e+00
456600,2.4623886563030800e+02,2.3913566017903904e+00
456700,2.4623624897184470e+02,2.3913519867335160e+00
456800,2.4623489869587240e+02,2.3913496052035255e+00
456900,2.4623140823967330e+02,2.3913434489006664e+00
457000,2.4622493647121590e+02,2.3913320340682267e+00
457100,2.4622493647121590e+02,2.3913320340682267e+00
457200,2.4621938397242161e+02,2.3913222403941519e+00
457300,2.4621812693357970e+02,2.3913200231583791e+00
457400,2.4621598321513471e+02,2.3913162419211647e+00
457500,2.4620935010695871e+02,2.3913045417827523e+00
457600,2.4620673521047650e+02,2.3912999292806556e+00
457700,2.4620609236260120e+02,2.3912987953325966e+00
457800,2.4619569751210051e+02,2.3912804589808361e+00
457900,2.4619411948297031e+02,2.3912776752947407e+00
458000,2.4618897327273879e+02,2.3912685971166345e+00
458100,2.4618608613344210e+02,2.3912635039721253e+00
458200,2.4617781607406610e+02,2.3912489145957059e+00
458300,2.4617284497842010e+02,2.3912401447510447e+00
458400,2.4616567793205539e+02,2.3912275005700874e+00
458500,2.4616547973720861e+02,2.3912271509073575e+00
458600,2.4615248058303530e+02,2.3912042167006731e+00
458700,2.4614753807590651e+02,2.3911954963939843e+00
458800,2.4614368719278920e+02,2.3911887019714859e+00
458900,2.4613133417415619e+02,2.3911669058307297e+00
459000,2.4612831150753300e+02,2.3911615723550055e+00
459100,2.4612575520136389e+02,2.3911570617181681e+00
459200,2.4612040087270529e+02,2.3911476137809435e+00
459300,2.4611671728833051e+02,2.3911411138226568e+00
459400,2.4611502351124091e+02,2.3911381249944985e+00
459500,2.4611253461894009e+02,2.3911337330738331e+00
459600,2.4610566842074559e+02,2.3911216166914269e+00
459700,2.4609895662981279e+02,2.3911097724558483e+00
459800,2.4609895662981279e+02,2.3911097724558483e+00
459900,2.4609713075981671e+02,2.3911065503040096e+00
460000,2.4609498152431740e+02,2.3911027574715185e+00
460100,2.4609498152431740e+02,2.3911027574715185e+00
460200,2.4609236799332459e+02,2.3910981452355902e+00
460300,2.4608679255217660e+02,2.3910883057969508e+00
460400,2.4608679255217660e+02,2.3910883057969508e+00
460500,2.4608535829710650e+02,2.3910857746132521e+00
460600,2.4608094977831229e+02,2.3910779943351050e+00
460700,2.4607700543447049e+02,2.3910710331278460e+00
460800,2.4607142325551899e+02,2.3910611811832925e+00
460900,2.4606797443422840e+02,2.3910550942735158e+00
461000,2.4606621969074419e+02,2.3910519972507061e+00
461100,2.4606190011265971e+02,2.3910443733460731e+00
461200,2.4605491797126339e+02,2.3910320498270670e+00
461300,2.4605377791660430e+02,2.3910300375909426e+00
461400,2.4604805094538301e+02,2.3910199291464957e+00
461500,2.4604244317225431e+02,2.3910100308657740e+00
461600,2.4603718297511639e+02,2.3910007458863949e+00
461700,2.4603340412275159e+02,2.3909940755639942e+00
461800,2.4603069719120981e+02,2.3909892973026725e+00
461900,2.4602605338774171e+02,2.3909810999627563e+00
462000,2.4601742978438890e+02,2.3909658769856059e+00
462100,2.4600924924730549e+02,2.3909514356462802e+00
462200,2.4600604910302721e+02,2.3909457862081180e+00
462300,2.4599651157750600e+02,2.3909289485123968e+00
462400,2.4598766653044569e+02,2.3909133327454604e+00
462500,2.4598221868411369e+02,2.3909037143941285e+00
462600,2.4597978180475150e+02,2.3908994119347557e+00
462700,2.4597310260349579e+02,2.3908876191784127e+00
462800,2.4596946374836261e+02,2.3908811943035881e+00
462900,2.4596811828087149e+02,2.3908788186806298e+00
463000,2.4596315464498809e+02,2.3908700545308674e+00
463100,2.4595657069995741e+02,2.3908584291747417e+00
463200,2.4595134669660700e+02,2.3908492048636525e+00
463300,2.4594876163789380e+02,2.3908446402103194e+00
463400,2.4594221823483909e+02,2.3908330857644930e+00
463500,2.4593850216873571e+02,2.3908265237386352e+00
463600,2.4593658058425049e+02,2.3908231304643359e+00
463700,2.4593052489583431e+02,2.3908124367137917e+00
463800,2.4592636650016900e+02,2.3908050932432716e+00
463900,2.4591874927209429e+02,2.3907916413657824e+00
464000,2.4591874927209429e+02,2.3907916413657824e+00
464100,2.4591663929571340e+02,2.3907879151145996e+00
464200,2.4591024787168490e+02,2.3907766275650184e+00
464300,2.4590445205254599e+02,2.3907663916274968e+00
464400,2.4590441949851080e+02,2.3907663341334633e+00
464500,2.4589995254157600e+02,2.3907584449203614e+00
464600,2.4589743049087471e+02,2.3907539905953064e+00
464700,2.4589564205294110e+02,2.3907508319142710e+00
464800,2.4589338734437061e+02,2.3907468496884303e+00
464900,2.4589066551437301e+02,2.3907420423924566e+00
465000,2.4588705135136391e+02,2.3907356589757307e+00
465100,2.4588533654877770e+02,2.3907326302196679e+00
465200,2.4588351003782549e+02,2.3907294041363842e+00
465300,2.4588255148162600e+02,2.3907277110725453e+00
465400,2.4587867449165219e+02,2.3907208632152392e+00
465500,2.4587681003719470e+02,2.3907175700245857e+00
465600,2.4587264937046709e+02,2.3907102209383133e+00
465700,2.4586597721097749e+02,2.3906984354820069e+00
465800,2.4586260737095631e+02,2.3906924829993894e+00
465900,2.4586199284187330e+02,2.3906913974869313e+00
466000,2.4585809861274200e+02,2.3906845186050125e+00
466100,2.4585331389539940e+02,2.3906760665891085e+00
466200,2.4585038755786741e+02,2.3906708972473338e+00
466300,2.4585025470853950e+02,2.3906706625690557e+00
466400,2.4584794294156760e+02,2.3906665788134340e+00
466500,2.4584551962043921e+02,2.3906622979552408e+00
466600,2.4583980278485990e+02,2.3906521988530995e+00
466700,2.4583960089527179e+02,2.3906518421998273e+00
466800,2.4583679259821290e+02,2.3906468810996713e+00
466900,2.4583237921166369e+02,2.3906390843552963e+00
467000,2.4583225335529849e+02,2.3906388620138004e+00
467100,2.4582489387832851e+02,2.3906258603509305e+00
467200,2.4582489387832851e+02,2.3906258603509305e+00
467300,2.4582034928449161e+02,2.3906178314233517e+00
467400,2.4581698635089140e+02,2.3906118900377011e+00
467500,2.4581351526848070e+02,2.3906057574973794e+00
467600,2.4580792944934441e+02,2.3905958885608065e+00
467700,2.4580378263043590e+02,2.3905885618819451e+00
467800,2.4580378263043590e+02,2.3905885618819451e+00
467900,2.4580159259388279e+02,2.3905846924336513e+00
468000,2.4579888724394050e+02,2.3905799124604830e+00
468100,2.4579674669732040e+02,2.3905761303781325e+00
468200,2.4579389561238241e+02,2.3905710928108990e+00
468300,2.4579214371707329e+02,2.3905679973671528e+00
468400,2.4578919036059290e+02,2.3905627789980501e+00
468500,2.4578908924310241e+02,2.3905626003295857e+00
468600,2.4578576900617460e+02,2.3905567336317586e+00
468700,2.4578288080374821e+02,2.3905516302535150e+00
468800,2.4578002525038889e+02,2.3905465845063625e+00
468900,2.4577596721676261e+02,2.3905394138823102e+00
469000,2.4577362691418151e+02,2.3905352784684717e+00
469100,2.4577178156497351e+02,2.3905320176304516e+00
469200,2.4576918735982900e+02,2.3905274334795856e+00
469300,2.4576679132845291e+02,2.3905231994733267e+00
469400,2.4576203602970429e+02,2.3905147963039033e+00
469500,2.4575877592854641e+02,2.3905090352296665e+00
469600,2.4574908844741660e+02,2.3904919155866100e+00
469700,2.4574908844741660e+02,2.3904919155866100e+00
469800,2.4574908844741660e+02,2.3904919155866100e+00
469900,2.4574551938014599e+02,2.3904856081879267e+00
470000,2.4574490567683600e+02,2.3904845236176175e+00
470100,2.4573862509768651e+02,2.3904734240763426e+00
470200,2.4573645813691749e+02,2.3904695943843128e+00
470300,2.4573241570597131e+02,2.3904624500643088e+00
470400,2.4572882873487620e+02,2.3904561105949367e+00
470500,2.4572602533236920e+02,2.3904511559089494e+00
470600,2.4572204847331250e+02,2.3904441271788119e+00
470700,2.4572164134843081e+02,2.3904434076168632e+00
470800,2.4571781354764460e+02,2.3904366422147665e+00
470900,2.4571555570227710e+02,2.3904326515627456e+00
471000,2.4571206130419850e+02,2.3904264752806212e+00
471100,2.4571128074492799e+02,2.3904250956449591e+00
471200,2.4570593987811731e+02,2.3904156555647695e+00
471300,2.4570381203388561e+02,2.3904118945038442e+00
471400,2.4569992975462469e+02,2.3904050323157211e+00
471500,2.4569756263025269e+02,2.3904008482119408e+00
471600,2.4569392197744540e+02,2.3903944129542114e+00
471700,2.4568804300614079e+02,2.3903840210188987e+00
471800,2.4568804300614079e+02,2.3903840210188987e+00
471900,2.4568564454212330e+02,2.3903797813141106e+00
472000,2.4568227531794821e+02,2.3903738255509914e+00
472100,2.4567900725362179e+02,2.3903680485296679e+00
472200,2.4567470420031930e+02,2.3903604418208504e+00
472300,2.4567071631643850e+02,2.3903533921328242e+00
472400,2.4567025551813370e+02,2.3903525775369627e+00
472500,2.4566308759762410e+02,2.3903399059429509e+00
472600,2.4566209492096479e+02,2.3903381510400443e+00
472700,2.4566050248389800e+02,2.3903353358362067e+00
472800,2.4565585102627699e+02,2.3903271126115437e+00
472900,2.4565225270275411e+02,2.3903207510960782e+00
473000,2.4565105235542319e+02,2.3903186289681919e+00
473100,2.4564368995072411e+02,2.3903056125385040e+00
473200,2.4564224704196229e+02,2.3903030614892438e+00
473300,2.4563754661045959e+02,2.3902947510661785e+00
473400,2.4563560438578190e+02,2.3902913171416564e+00
473500,2.4563419867254450e+02,2.3902888317721169e+00
473600,2.4562997759233420e+02,2.3902813686110251e+00
473700,2.4562748591367219e+02,2.3902769630910115e+00
473800,2.4562621450867371e+02,2.3902747151113033e+00
473900,2.4562233425273760e+02,2.3902678543328002e+00
474000,2.4561851662204950e+02,2.3902611041778048e+00
474100,2.4561484978610841e+02,2.3902546205522035e+00
474200,2.4561348048900621e+02,2.3902521993637706e+00
474300,2.4561100862986251e+02,2.3902478285931354e+00
474400,2.4560574803306051e+02,2.3902385265970953e+00
474500,2.4560180645027989e+02,2.3902315568034265e+00
474600,2.4560060585610390e+02,2.3902294338031620e+00
474700,2.4559535656409429e+02,2.3902201514037604e+00
474800,2.4559185624151331e+02,2.3902139616221776e+00
474900,2.4558895608124519e+02,2.3902088330684168e+00
475000,2.4558438590907929e+02,2.3902007511943273e+00
475100,2.4558010944550480e+02,2.3901931885771184e+00
475200,2.4557564910227040e+02,2.3901853006416909e+00
475300,2.4557074576292041e+02,2.3901766291203481e+00
475400,2.4556834808403019e+02,2.3901723887789688e+00
475500,2.4556318604852299e+02,2.3901632594790541e+00
475600,2.4555447073534239e+02,2.3901478456067551e+00
475700,2.4555193804969039e+02,2.3901433662052103e+00
475800,2.4554379224804251e+02,2.3901289589257799e+00
475900,2.4554175440472360e+02,2.3901253545675805e+00
476000,2.4553650593396461e+02,2.3901160713959428e+00
476100,2.4553421326553860e+02,2.3901120162030454e+00
476200,2.4552732708119339e+02,2.3900998359298335e+00
476300,2.4552553140999521e+02,2.3900966596929818e+00
476400,2.4552124909926999e+02,2.3900890849201022e+00
476500,2.4552013682443709e+02,2.3900871174491876e+00
476600,2.4551248060780770e+02,2.3900735743462791e+00
476700,2.4550883723820471e+02,2.3900671294313369e+00
476800,2.4550883723820471e+02,2.3900671294313369e+00
476900,2.4550452606270909e+02,2.3900595030819614e+00
477000,2.4550188829314561e+02,2.3900548368750343e+00
477100,2.4549330889869981e+02,2.3900396596036981e+00
477200,2.4549330889869981e+02,2.3900396596036981e+00
477300,2.4548687456874310e+02,2.3900282766840233e+00
477400,2.4548503918056161e+02,2.3900250296593484e+00
477500,2.4548503918056161e+02,2.3900250296593484e+00
477600,2.4547881275379510e+02,2.3900140141730710e+00
477700,2.4547446501785660e+02,2.3900063222080208e+00
477800,2.4547397926948861e+02,2.3900054628190639e+00
477900,2.4546902985996161e+02,2.3899967061967824e+00
478000,2.4546308711109029e+02,2.3899861918997827e+00
478100,2.4546114615232179e+02,2.3899827577744097e+00
478200,2.4545774304092609e+02,2.3899767366066240e+00
478300,2.4545625202500651e+02,2.3899740985071087e+00
478400,2.4544785202002541e+02,2.3899592358250428e+00
478500,2.4544785202002541e+02,2.3899592358250428e+00
478600,2.4544028437523261e+02,2.3899458454571314e+00
478700,2.4543145890801779e+02,2.3899302289472613e+00
478800,2.4542861523439399e+02,2.3899251969969022e+00
478900,2.4542212335152820e+02,2.3899137092321530e+00
479000,2.4541122492195930e+02,2.3898944231431347e+00
479100,2.4541122492195930e+02,2.3898944231431347e+00
479200,2.4541122492195930e+02,2.3898944231431347e+00
479300,2.4540386134697360e+02,2.3898813919219148e+00
479400,2.4539209659882721e+02,2.3898605711913476e+00
479500,2.4538399853173721e+02,2.3898462390105975e+00
479600,2.4538399853173721e+02,2.3898462390105975e+00
479700,2.4537608365648660e+02,2.3898322305907143e+00
479800,2.4537608365648660e+02,2.3898322305907143e+00
479900,2.4537280043614319e+02,2.3898264195353081e+00
480000,2.4536500575289401e+02,2.3898126232152328e+00
480100,2.4535590475435171e+02,2.3897965142075970e+00
480200,2.4534485406327909e+02,2.3897769533894464e+00
480300,2.4533709433380119e+02,2.3897632173728489e+00
480400,2.4533309308432550e+02,2.3897561343235316e+00
480500,2.4533025132860129e+02,2.3897511037507608e+00
480600,2.4532495749482050e+02,2.3897417322705121e+00
480700,2.4531605964126319e+02,2.3897259802703079e+00
480800,2.4531605964126319e+02,2.3897259802703079e+00
480900,2.4531169390218830e+02,2.3897182513296760e+00
481000,2.4530695437687700e+02,2.3897098604961973e+00
481100,2.4530199771016180e+02,2.3897010850631606e+00
481200,2.4529968761389691e+02,2.3896969951381135e+00
481300,2.4529529254354350e+02,2.3896892137506991e+00
481400,2.4529232752301530e+02,2.3896839641602017e+00
481500,2.4529024969951831e+02,2.3896802853207118e+00
481600,2.4528546836396481e+02,2.3896718197258173e+00
481700,2.4528245090838371e+02,2.3896664770841287e+00
481800,2.4527698275668831e+02,2.3896567951253500e+00
481900,2.4527302794184271e+02,2.3896497925599562e+00
482000,2.4526949545327651e+02,2.3896435376881824e+00
482100,2.4526017425115560e+02,2.3896270324820907e+00
482200,2.4525755763749180e+02,2.3896223990884269e+00
482300,2.4525115034302641e+02,2.3896110531017598e+00
482400,2.4524955036884270e+02,2.3896082198338027e+00
482500,2.4524402483528681e+02,2.3895984349605470e+00
482600,2.4523683485619969e+02,2.3895857022792160e+00
482700,2.4523400317443290e+02,2.3895806875722427e+00
482800,2.4523338452684041e+02,2.3895795919836575e+00
482900,2.4522680121657069e+02,2.3895679331562700e+00
483000,2.4522181740819849e+02,2.3895591067863191e+00
483100,2.4521646720139589e+02,2.3895496313217626e+00
483200,2.4521372159898331e+02,2.3895447686521938e+00
483300,2.4520855009824041e+02,2.3895356093853111e+00
483400,2.4519495813330829e+02,2.3895115356775554e+00
483500,2.4519130439563801e+02,2.3895050640521052e+00
483600,2.4518446008877501e+02,2.3894929409215653e+00
483700,2.4517487515629020e+02,2.3894759628282003e+00
483800,2.4517061024964869e+02,2.3894684080511075e+00
483900,2.4516940798729269e+02,2.3894662783619629e+00
484000,2.4516286945846880e+02,2.3894546958204139e+00
484100,2.4516132825611331e+02,2.3894519656444135e+00
484200,2.4515748263349059e+02,2.3894451532087189e+00
484300,2.4514925137938960e+02,2.3894305713643851e+00
484400,2.4514624755790740e+02,2.3894252499078465e+00
484500,2.4514100858772190e+02,2.3894159685903578e+00
484600,2.4513544625203119e+02,2.3894061141840397e+00
484700,2.4513267046327141e+02,2.3894011964269994e+00
484800,2.4512742566801759e+02,2.3893919042751173e+00
484900,2.4512253000737689e+02,2.3893832305021694e+00
485000,2.4511747315978411e+02,2.3893742709680992e+00
485100,2.4511302258811239e+02,2.3893663854581804e+00
485200,2.4510825140649351e+02,2.3893579317334677e+00
485300,2.4510825140649351e+02,2.3893579317334677e+00
485400,2.4510161975633989e+02,2.3893461813006951e+00
485500,2.4510044223670661e+02,2.3893440948538247e+00
485600,2.4509931423729361e+02,2.3893420961424252e+00
485700,2.4509495144217539e+02,2.3893343655834274e+00
485800,2.4509148134406200e+02,2.3893282167210290e+00
485900,2.4508614715173599e+02,2.3893187645952771e+00
486000,2.4508364785089509e+02,2.3893143357929523e+00
486100,2.4507987635374289e+02,2.3893076525522750e+00
486200,2.4507718218573339e+02,2.3893028783180599e+00
486300,2.4507282975348690e+02,2.3892951654250210e+00
486400,2.4506845185450581e+02,2.3892874072645021e+00
486500,2.4506450887299550e+02,2.3892804197111257e+00
486600,2.4506018145681040e+02,2.3892727507525642e+00
486700,2.4505254276482890e+02,2.3892592132881694e+00
486800,2.4504804150489571e+02,2.3892512358549101e+00
486900,2.4504413015543511e+02,2.3892443037813704e+00
487000,2.4504413015543511e+02,2.3892443037813704e+00
487100,2.4503723732788831e+02,2.3892320873733732e+00
487200,2.4502923380917650e+02,2.3892179020160089e+00
487300,2.4502437980815759e+02,2.3892092986069162e+00
487400,2.4501792212249219e+02,2.3891978525042452e+00
487500,2.4500785986970800e+02,2.3891800167861219e+00
487600,2.4500785986970800e+02,2.3891800167861219e+00
487700,2.4500582275151930e+02,2.3891764058290419e+00
487800,2.4500068138683559e+02,2.3891672922099660e+00
487900,2.4499294305174200e+02,2.3891535748223802e+00
488000,2.4498358969527459e+02,2.3891369939829721e+00
488100,2.4498101804045481e+02,2.3891324350598175e+00
488200,2.4497348442679831e+02,2.3891190795060933e+00
488300,2.4496479775493410e+02,2.3891036793065403e+00
488400,2.4496383805641881e+02,2.3891019778678446e+00
488500,2.4495506477706039e+02,2.3890864235106157e+00
488600,2.4495491861610040e+02,2.3890861643736292e+00
488700,2.4494834538314970e+02,2.3890745101593844e+00
488800,2.4494588405047341e+02,2.3890701461839168e+00
488900,2.4494422083861991e+02,2.3890671972624222e+00
489000,2.4494096873058081e+02,2.3890614311253513e+00
489100,2.4493747259060001e+02,2.3890552322230381e+00
489200,2.4493267770958181e+02,2.3890467304175438e+00
489300,2.4492883440743250e+02,2.3890399157367637e+00
489400,2.4492572226393369e+02,2.3890343974181931e+00
489500,2.4492148964645230e+02,2.3890268922109712e+00
489600,2.4491458788177911e+02,2.3890146538379700e+00
489700,2.4491315768032470e+02,2.3890121177276522e+00
489800,2.4491109745777459e+02,2.3890084644039322e+00
489900,2.4490903546024151e+02,2.3890048079019222e+00
490000,2.4490280988347260e+02,2.3889937680152258e+00
490100,2.4490262854750520e+02,2.3889934464458684e+00
490200,2.4489821339452419e+02,2.3889856168285535e+00
490300,2.4489741137642909e+02,2.3889841945535659e+00
490400,2.4489522837077669e+02,2.3889803232528077e+00
490500,2.4489106138071531e+02,2.3889729334959782e+00
490600,2.4488497923814259e+02,2.3889621471743188e+00
490700,2.4488497923814259e+02,2.3889621471743188e+00
490800,2.4488038551095241e+02,2.3889540002921024e+00
490900,2.4488038551095241e+02,2.3889540002921024e+00
491000,2.4487875653430859e+02,2.3889511112982813e+00
491100,2.4487709967616661e+02,2.3889481728368449e+00
491200,2.4487419042419199e+02,2.3889430131890621e+00
491300,2.4487197360348381e+02,2.3889390815482585e+00
491400,2.4486702858455709e+02,2.3889303111851743e+00
491500,2.4486610074216759e+02,2.3889286655671604e+00
491600,2.4486264369387160e+02,2.3889225341035054e+00
491700,2.4485965172614189e+02,2.3889172274426191e+00
491800,2.4485626815005230e+02,2.3889112261330223e+00
491900,2.4485563042240781e+02,2.3889100950124686e+00
492000,2.4484998710355160e+02,2.3889000854795932e+00
492100,2.4484998710355160e+02,2.3889000854795932e+00
492200,2.4484514970167720e+02,2.3888915052149224e+00
492300,2.4484044075193489e+02,2.3888831526273497e+00
492400,2.4484044075193489e+02,2.3888831526273497e+00
492500,2.4483490009890249e+02,2.3888733245848184e+00
492600,2.4483220975722469e+02,2.3888685523609068e+00
492700,2.4483167182345440e+02,2.3888675981485306e+00
492800,2.4481441115385360e+02,2.3888369792430586e+00
492900,2.4480533177846249e+02,2.3888208723654709e+00
493000,2.4480158447609281e+02,2.3888142244498178e+00
493100,2.4480158447609281e+02,2.3888142244498178e+00
493200,2.4479384177283629e+02,2.3888004881560567e+00
493300,2.4479307210952939e+02,2.3887991226762302e+00
493400,2.4478674583048030e+02,2.3887878988962394e+00
493500,2.4478013354479489e+02,2.3887761673869932e+00
493600,2.4477893724353351e+02,2.3887740448768913e+00
493700,2.4477659736639450e+02,2.3887698933735053e+00
493800,2.4477051511289821e+02,2.3887591018110030e+00
493900,2.4476412595455869e+02,2.3887477654275147e+00
494000,2.4475897335563371e+02,2.3887386228751657e+00
494100,2.4475808824294950e+02,2.3887370523494997e+00
494200,2.4475710285957641e+02,2.3887353038989132e+00
494300,2.4475402932208249e+02,2.3887298502114040e+00
494400,2.4475073230688170e+02,2.3887239999087280e+00
494500,2.4475073230688170e+02,2.3887239999087280e+00
494600,2.4474543911754290e+02,2.3887146073820618e+00
494700,2.4474185317356660e+02,2.3887082441701626e+00
494800,2.4473733924548361e+02,2.3887002341297419e+00
494900,2.4473141375714110e+02,2.3886897190279135e+00
495000,2.4472460033166820e+02,2.3886776279185971e+00
495100,2.4472414757806521e+02,2.3886768244498282e+00
495200,2.4471546763358049e+02,2.3886614204985492e+00
495300,2.4471546763358049e+02,2.3886614204985492e+00
495400,2.4471375165217049e+02,2.3886583751500985e+00
495500,2.4470492049954379e+02,2.3886427021851167e+00
495600,2.4470351100696061e+02,2.3886402006554666e+00
495700,2.4469655258113991e+02,2.3886278508167083e+00
495800,2.4469563543739929e+02,2.3886262230405588e+00
495900,2.4469165116075919e+02,2.3886191515476671e+00
496000,2.4468608666494421e+02,2.3886092752102681e+00
496100,2.4468139530769761e+02,2.3886009484184814e+00
496200,2.4467886497418510e+02,2.3885964572083398e+00
496300,2.4467373668041199e+02,2.3885873546116447e+00
496400,2.4467314055947429e+02,2.3885862964991036e+00
496500,2.4466975077832549e+02,2.3885802796006308e+00
496600,2.4466734226707601e+02,2.3885760044162638e+00
496700,2.4466441704796600e+02,2.3885708120023494e+00
496800,2.4466360488945080e+02,2.3885693703683297e+00
496900,2.4466022022826181e+02,2.3885633623237505e+00
497000,2.4465921807173709e+02,2.3885615833997407e+00
497100,2.4465611408809559e+02,2.3885560734846454e+00
497200,2.4465541639284629e+02,2.3885548349886037e+00
497300,2.4465174836554439e+02,2.3885483237247946e+00
497400,2.4464935386069661e+02,2.3885440730896028e+00
497500,2.4464513656025301e+02,2.3885365865948760e+00
497600,2.4464298551134769e+02,2.3885327680322428e+00
497700,2.4463954623824611e+02,2.3885266625319117e+00
497800,2.4463742555518519e+02,2.3885228977892226e+00
497900,2.4463555981340269e+02,2.3885195856040622e+00
498000,2.4462869603966760e+02,2.3885074003727778e+00
498100,2.4462818512980701e+02,2.3885064933427826e+00
498200,2.4462635040054249e+02,2.3885032360902181e+00
498300,2.4462223308644519e+02,2.3884959264040866e+00
498400,2.4461824304714921e+02,2.3884888425582749e+00
498500,2.4461341236848969e+02,2.3884802661014470e+00
498600,2.4461068695598939e+02,2.3884754272899027e+00
498700,2.4460952942685580e+02,2.3884733721478684e+00
498800,2.4460671806150839e+02,2.3884683806519265e+00
498900,2.4460302091479670e+02,2.3884618163900657e+00
499000,2.4460263129804451e+02,2.3884611246220753e+00
499100,2.4460101046602210e+02,2.3884582468086522e+00
499200,2.4459894061356471e+02,2.3884545717244721e+00
499300,2.4459846744457630e+02,2.3884537315945886e+00
499400,2.4459597203624620e+02,2.3884493008734666e+00
499500,2.4459531724227281e+02,2.3884481382468392e+00
499600,2.4459208618663800e+02,2.3884424012649665e+00
499700,2.4458834816076970e+02,2.3884357640248242e+00
499800,2.4458604954893440e+02,2.3884316825584153e+00
499900,2.4458586714233209e+02,2.3884313586715438e+00
500000,2.4458200486153240e+02,2.3884245006281812e+00
500100,2.4457964417198730e+02,2.3884203088259621e+00
500200,2.4457831454896350e+02,2.3884179478383429e+00
500300,2.4457574256949499e+02,2.3884133807843666e+00
500400,2.4457246435208191e+02,2.3884075595967884e+00
500500,2.4456948023951631e+02,2.3884022605884541e+00
500600,2.4456797430307009e+02,2.3883995864121763e+00
500700,2.4456619164219700e+02,2.3883964208194444e+00
500800,2.4456367199926851e+02,2.3883919464779595e+00
500900,2.4456086268567230e+02,2.3883869576895989e+00
501000,2.4455966767162661e+02,2.3883848355623374e+00
501100,2.4455685892644431e+02,2.3883798477017053e+00
501200,2.4455615615691701e+02,2.3883785996918654e+00
501300,2.4455079770445741e+02,2.3883690837922593e+00
501400,2.4454960373414281e+02,2.3883669634312144e+00
501500,2.4454339746092271e+02,2.3883559416001670e+00
501600,2.4453908116596401e+02,2.3883482760502246e+00
501700,2.4453908116596401e+02,2.3883482760502246e+00
501800,2.4453908116596401e+02,2.3883482760502246e+00
501900,2.4453603276275501e+02,2.3883428621387228e+00
502000,2.4453445967155821e+02,2.3883400683294993e+00
502100,2.4453035899397821e+02,2.3883327854435623e+00
502200,2.4452897089005700e+02,2.3883303201153843e+00
502300,2.4452618235753539e+02,2.3883253675276088e+00
502400,2.4452330140712471e+02,2.3883202507412404e+00
502500,2.4452175363019319e+02,2.3883175017471605e+00
502600,2.4452039050874691e+02,2.3883150807037827e+00
502700,2.4451894975195941e+02,2.3883125217574115e+00
502800,2.4451774591194689e+02,2.3883103835903610e+00
502900,2.4451613322180421e+02,2.3883075192389946e+00
503000,2.4451373896363020e+02,2.3883032666844071e+00
503100,2.4451225334872490e+02,2.3883006279929435e+00
503200,2.4450899237317839e+02,2.3882948359186815e+00
503300,2.4450682553289329e+02,2.3882909871810964e+00
503400,2.4450147915757341e+02,2.3882814908135401e+00
503500,2.4449839766592439e+02,2.3882760172955186e+00
503600,2.4449839766592439e+02,2.3882760172955186e+00
503700,2.4449381994045621e+02,2.3882678859558411e+00
503800,2.4449381994045621e+02,2.3882678859558411e+00
503900,2.4448980438089859e+02,2.3882607530570241e+00
504000,2.4448976763797489e+02,2.3882606877894754e+00
504100,2.4448610630040389e+02,2.3882541839974141e+00
504200,2.4448289457738380e+02,2.3882484787949063e+00
504300,2.4447817465379759e+02,2.3882400943369300e+00
504400,2.4447747440342690e+02,2.3882388504005010e+00
504500,2.4447659890037559e+02,2.3882372951372779e+00
504600,2.4447273440320191e+02,2.3882304300914190e+00
504700,2.4446982586862549e+02,2.3882252631838119e+00
504800,2.4446810051659500e+02,2.3882221981286147e+00
504900,2.4446359083790051e+02,2.3882141866676814e+00
505000,2.4446054589801071e+02,2.3882087772370868e+00
505100,2.4445856409064231e+02,2.3882052564583454e+00
505200,2.4445856409064231e+02,2.3882052564583454e+00
505300,2.4445439928479499e+02,2.3881978573818912e+00
505400,2.4445241343774589e+02,2.3881943293377206e+00
505500,2.4444663311533290e+02,2.3881840598878394e+00
505600,2.4444663311533290e+02,2.3881840598878394e+00
505700,2.4444326367708871e+02,2.3881780735565767e+00
505800,2.4444067187813380e+02,2.3881734687663498e+00
505900,2.4443666279954070e+02,2.3881663458314661e+00
506000,2.4443408916474081e+02,2.3881617731897706e+00
506100,2.4443060305919360e+02,2.3881555792615670e+00
506200,2.4442901911619990e+02,2.3881527649661307e+00
506300,2.4442451236407649e+02,2.3881447574241879e+00
506400,2.4441647666898169e+02,2.3881304793332889e+00
506500,2.4441378960039390e+02,2.3881257047555238e+00
506600,2.4441226899353410e+02,2.3881230028080447e+00
506700,2.4440694230976101e+02,2.3881135377570972e+00
506800,2.4440290019008100e+02,2.3881063551264723e+00
506900,2.4439700939059341e+02,2.3880958872779252e+00
507000,2.4439284568106791e+02,2.3880884882860989e+00
507100,2.4439096196819730e+02,2.3880851408507202e+00
507200,2.4438876290842771e+02,2.3880812329982675e+00
507300,2.4438656046197161e+02,2.3880773190922380e+00
507400,2.4437782815384381e+02,2.3880618008043966e+00
507500,2.4437574518682521e+02,2.3880580990572118e+00
507600,2.4436815245025039e+02,2.3880446053497169e+00
507700,2.4436563592483839e+02,2.3880401329226983e+00
507800,2.4436437003378671e+02,2.3880378831345057e+00
507900,2.4436129766082340e+02,2.3880324227516669e+00
508000,2.4435689702594161e+02,2.3880246015922877e+00
508100,2.4435386904923681e+02,2.3880192199487245e+00
508200,2.4434998641685260e+02,2.3880123192222378e+00
508300,2.4434998641685260e+02,2.3880123192222378e+00
508400,2.4434469637739460e+02,2.3880029168897527e+00
508500,2.4434239046137711e+02,2.3879988183709697e+00
508600,2.4434052528996710e+02,2.3879955032002322e+00
508700,2.4433477143622741e+02,2.3879852760946441e+00
508800,2.4433289333350419e+02,2.3879819378355043e+00
508900,2.4432922008066930e+02,2.3879754086882956e+00
509000,2.4432596048382169e+02,2.3879696147256797e+00
509100,2.4432324941073219e+02,2.3879647957100789e+00
509200,2.4432121198880500e+02,2.3879611740948961e+00
509300,2.4431722453401520e+02,2.3879540861153892e+00
509400,2.4431717368758311e+02,2.3879539957315563e+00
509500,2.4431320905888140e+02,2.3879469482108586e+00
509600,2.4430787912724929e+02,2.3879374735485781e+00
509700,2.4430781459873921e+02,2.3879373588393040e+00
509800,2.4430248323352151e+02,2.3879278814193419e+00
509900,2.4429960874625590e+02,2.3879227714373004e+00
510000,2.4429809352085891e+02,2.3879200777937335e+00
510100,2.4429619201381919e+02,2.3879166974266717e+00
510200,2.4429242017107950e+02,2.3879099920289297e+00
510300,2.4428919673307519e+02,2.3879042614762866e+00
510400,2.4428572498373359e+02,2.3878980893969817e+00
510500,2.4428399912371100e+02,2.3878950211287391e+00
510600,2.4428016054315540e+02,2.3878881967462267e+00
510700,2.4427567338763541e+02,2.3878802191651749e+00
510800,2.4427370356694891e+02,2.3878767170329653e+00
510900,2.4427254446619961e+02,2.3878746562615993e+00
511000,2.4427188190311381e+02,2.3878734782827853e+00
511100,2.4427077718211751e+02,2.3878715141790416e+00
511200,2.4426810834175311e+02,2.3878667691621036e+00
511300,2.4426690021583431e+02,2.3878646211792129e+00
511400,2.4426378696663130e+02,2.3878590859406490e+00
511500,2.4426101134199860e+02,2.3878541509262301e+00
511600,2.4426086246166130e+02,2.3878538862178824e+00
511700,2.4425585347061329e+02,2.3878449801677877e+00
511800,2.4425585347061329e+02,2.3878449801677877e+00
511900,2.4425328497936249e+02,2.3878404132866824e+00
512000,2.4425119916056391e+02,2.3878367045813427e+00
512100,2.4424883927447561e+02,2.3878325085304706e+00
512200,2.4424695574165619e+02,2.3878291594416217e+00
512300,2.4424351993192860e+02,2.3878230501998661e+00
512400,2.4424128353895401e+02,2.3878190736048057e+00
512500,2.4424020783751621e+02,2.3878171608559837e+00
512600,2.4423734625745891e+02,2.3878120725221677e+00
512700,2.4423684522891949e+02,2.3878111816094698e+00
512800,2.4423559239930719e+02,2.3878089538604894e+00
512900,2.4423171127536989e+02,2.3878020524744730e+00
513000,2.4423168558227181e+02,2.3878020067868295e+00
513100,2.4423080230920351e+02,2.3878004361416765e+00
513200,2.4422822249654359e+02,2.3877958486600428e+00
513300,2.4422689510646200e+02,2.3877934882458836e+00
513400,2.4422414069638310e+02,2.3877885902110330e+00
513500,2.4422414069638310e+02,2.3877885902110330e+00
513600,2.4422169189739051e+02,2.3877842355832777e+00
513700,2.4422087310211759e+02,2.3877827795338078e+00
513800,2.4421921580217139e+02,2.3877798323710429e+00
513900,2.4421482500586060e+02,2.3877720241576519e+00
514000,2.4421470950881849e+02,2.3877718187657808e+00
514100,2.4421364219778300e+02,2.3877699207297982e+00
514200,2.4421031361911099e+02,2.3877640013504040e+00
514300,2.4420946981308671e+02,2.3877625007547585e+00
514400,2.4420646848176301e+02,2.3877571632482191e+00
514500,2.4420603644317009e+02,2.3877563949141778e+00
514600,2.4420428579551211e+02,2.3877532815622153e+00
514700,2.4419976199967530e+02,2.3877452363399119e+00
514800,2.4419976199967530e+02,2.3877452363399119e+00
514900,2.4419507693666699e+02,2.3877369041592673e+00
515000,2.4419469864908930e+02,2.3877362313843000e+00
515100,2.4418995263670999e+02,2.3877277906317826e+00
515200,2.4418690560391781e+02,2.3877223714170697e+00
515300,2.4418453896665940e+02,2.3877181622540915e+00
515400,2.4418181215883109e+02,2.3877133124621666e+00
515500,2.4418011759426321e+02,2.3877102985497536e+00
515600,2.4417847164101440e+02,2.3877073710762571e+00
515700,2.4417583384180600e+02,2.3877026794758032e+00
515800,2.4417133315403439e+02,2.3876946744171232e+00
515900,2.4417133315403439e+02,2.3876946744171232e+00
516000,2.4416934514409510e+02,2.3876911384358501e+00
516100,2.4416524424127840e+02,2.3876838442588539e+00
516200,2.4416336788157199e+02,2.3876805067822193e+00
516300,2.4415835951343871e+02,2.3876715982839007e+00
516400,2.4415835951343871e+02,2.3876715982839007e+00
516500,2.4415647828660869e+02,2.3876682520557369e+00
516600,2.4415272733942371e+02,2.3876615799895724e+00
516700,2.4415166646343741e+02,2.3876596929183411e+00
516800,2.4414552766714220e+02,2.3876487731531295e+00
516900,2.4414514081861810e+02,2.3876480850130926e+00
517000,2.4414451524206149e+02,2.3876469722127571e+00
517100,2.4414179477292541e+02,2.3876421329014357e+00
517200,2.4414064207157239e+02,2.3876400824003361e+00
517300,2.4413835138947169e+02,2.3876360075553826e+00
517400,2.4413677658401971e+02,2.3876332061457730e+00
517500,2.4413494565074711e+02,2.3876299490895856e+00
517600,2.4413411064696621e+02,2.3876284636891500e+00
517700,2.4413207042617830e+02,2.3876248342891859e+00
517800,2.4412860825812419e+02,2.3876186752821349e+00
517900,2.4412780836302949e+02,2.3876172523002186e+00
518000,2.4412558541040741e+02,2.3876132977304412e+00
518100,2.4412308912101000e+02,2.3876088568593561e+00
518200,2.4411676347542141e+02,2.3875976034028463e+00
518300,2.4411661409535790e+02,2.3875973376490482e+00
518400,2.4411375891749950e+02,2.3875922581289801e+00
518500,2.4411156219790291e+02,2.3875883500023107e+00
518600,2.4411025703783591e+02,2.3875860280093444e+00
518700,2.4410767281516010e+02,2.3875814304164273e+00
518800,2.4410401993574069e+02,2.3875749314922987e+00
518900,2.4410401993574069e+02,2.3875749314922987e+00
519000,2.4410223948697839e+02,2.3875717638185630e+00
519100,2.4410063808855941e+02,2.3875689146813350e+00
519200,2.4409758189027499e+02,2.3875634771766650e+00
519300,2.4409326985027721e+02,2.3875558051968637e+00
519400,2.4409319503493029e+02,2.3875556720842330e+00
519500,2.4408951188380209e+02,2.3875491189139204e+00
519600,2.4408791957366910e+02,2.3875462857985008e+00
519700,2.4408488752001290e+02,2.3875408909704703e+00
519800,2.4408139284735839e+02,2.3875346729373494e+00
519900,2.4408066745744210e+02,2.3875333822477876e+00
520000,2.4407678156404720e+02,2.3875264679947650e+00
520100,2.4407588452308400e+02,2.3875248718550020e+00
520200,2.4406950970418271e+02,2.3875135287236118e+00
520300,2.4406703666734299e+02,2.3875091282079732e+00
520400,2.4406650550952651e+02,2.3875081830612510e+00
520500,2.4406578227725640e+02,2.3875068961323103e+00
520600,2.4406148418103589e+02,2.3874992479651227e+00
520700,2.4406141035257610e+02,2.3874991165912696e+00
520800,2.4405857690170461e+02,2.3874940745847533e+00
520900,2.4405642052595610e+02,2.3874902373656823e+00
521000,2.4405453683239531e+02,2.3874868853502984e+00
521100,2.4405368399048561e+02,2.3874853677174475e+00
521200,2.4404895083908241e+02,2.3874769449744022e+00
521300,2.4404739561933670e+02,2.3874741773923107e+00
521400,2.4404426762756239e+02,2.3874686109396572e+00
521500,2.4404119803319779e+02,2.3874631483394033e+00
521600,2.4404063432165159e+02,2.3874621451600277e+00
521700,2.4403516095465551e+02,2.3874524046520702e+00
521800,2.4403115602920681e+02,2.3874452772721946e+00
521900,2.4402835967393889e+02,2.3874403006592066e+00
522000,2.4402769150227221e+02,2.3874391115201021e+00
522100,2.4402494120499949e+02,2.3874342168065033e+00
522200,2.4402282054465670e+02,2.3874304426222657e+00
522300,2.4402228460579499e+02,2.3874294887953025e+00
522400,2.4402122677792019e+02,2.3874276061401778e+00
522500,2.4401945175554309e+02,2.3874244470493169e+00
522600,2.4401710706393769e+02,2.3874202740560952e+00
522700,2.4401532721017361e+02,2.3874171063130762e+00
522800,2.4401308818191961e+02,2.3874131213089869e+00
522900,2.4401285769167509e+02,2.3874127110822676e+00
523000,2.4401179494118739e+02,2.3874108195930979e+00
523100,2.4400846557122259e+02,2.3874048939087733e+00
523200,2.4400767443773839e+02,2.3874034858204807e+00
523300,2.4400397592073440e+02,2.3873969030041695e+00
523400,2.4400317482790089e+02,2.3873954771635990e+00
523500,2.4400217123564400e+02,2.3873936908939086e+00
523600,2.4399891062040251e+02,2.3873878873526473e+00
523700,2.4399658673903400e+02,2.3873837510486839e+00
523800,2.4399374692133500e+02,2.3873786963700510e+00
523900,2.4399146027560380e+02,2.3873746262564142e+00
524000,2.4398892491396401e+02,2.3873701133964582e+00
524100,2.4398441687411341e+02,2.3873620891186396e+00
524200,2.4398358167485341e+02,2.3873606024538132e+00
524300,2.4398099737108171e+02,2.3873560023294771e+00
524400,2.4397681658555931e+02,2.3873485603251456e+00
524500,2.4397525011296850e+02,2.3873457718938687e+00
524600,2.4397307699658271e+02,2.3873419035643657e+00
524700,2.4396686573212369e+02,2.3873308468024810e+00
524800,2.4396622265379261e+02,2.3873297020333428e+00
524900,2.4396235093317230e+02,2.3873228097667614e+00
525000,2.4396235093317230e+02,2.3873228097667614e+00
525100,2.4395659077608161e+02,2.3873125555862997e+00
525200,2.4395613478222390e+02,2.3873117438197444e+00
525300,2.4395311633554840e+02,2.3873063703010744e+00
525400,2.4395151482679901e+02,2.3873035192258101e+00
525500,2.4394737597332499e+02,2.3872961509728419e+00
525600,2.4394144773007221e+02,2.3872855969154125e+00
525700,2.4394005791361400e+02,2.3872831225866600e+00
525800,2.4393265170426150e+02,2.3872699368691954e+00
525900,2.4393265170426150e+02,2.3872699368691954e+00
526000,2.4393265170426150e+02,2.3872699368691954e+00
526100,2.4393265170426150e+02,2.3872699368691954e+00
526200,2.4392983847149549e+02,2.3872649281977307e+00
526300,2.4392777324939311e+02,2.3872612512455160e+00
526400,2.4392575368033579e+02,2.3872576555445564e+00
526500,2.4392353614299350e+02,2.3872537073406694e+00
526600,2.4392151868586049e+02,2.3872501153374639e+00
526700,2.4391960669588150e+02,2.3872467110869646e+00
526800,2.4391703152214509e+02,2.3872421260121426e+00
526900,2.4391476786610301e+02,2.3872380955519334e+00
527000,2.4391383149323201e+02,2.3872364283205680e+00
527100,2.4391152109694940e+02,2.3872323145845713e+00
527200,2.4390961273598100e+02,2.3872289166561891e+00
527300,2.4390688599007760e+02,2.3872240615079829e+00
527400,2.4390649102131150e+02,2.3872233582359379e+00
527500,2.4390488190326141e+02,2.3872204930666174e+00
527600,2.4390383494504920e+02,2.3872186288597730e+00
527700,2.4390035714351151e+02,2.3872124362519953e+00
527800,2.4389928144288771e+02,2.3872105208309571e+00
527900,2.4389607246000330e+02,2.3872048067808000e+00
528000,2.4389468767962501e+02,2.3872023409592797e+00
528100,2.4389360304715709e+02,2.3872004095890329e+00
528200,2.4389202080304810e+02,2.3871975921222934e+00
528300,2.4389122727732251e+02,2.3871961791018781e+00
528400,2.4388775096756919e+02,2.3871899888304209e+00
528500,2.4388548254145289e+02,2.3871859493921028e+00
528600,2.4388111398245880e+02,2.3871781700932391e+00
528700,2.4388084051020220e+02,2.3871776831036704e+00
528800,2.4387837144843269e+02,2.3871732862624597e+00
528900,2.4387752595762319e+02,2.3871717806241066e+00
529000,2.4387331467987289e+02,2.3871642811611169e+00
529100,2.4387331467987289e+02,2.3871642811611169e+00
529200,2.4387087753252871e+02,2.3871599410186404e+00
529300,2.4386808976485531e+02,2.3871549764281581e+00
529400,2.4386533013962631e+02,2.3871500618991957e+00
529500,2.4386349330813991e+02,2.3871467907134858e+00
529600,2.4386283822167249e+02,2.3871456240738373e+00
529700,2.4385881519166099e+02,2.3871384594145595e+00
529800,2.4385758248627749e+02,2.3871362640520561e+00
529900,2.4385479472788370e+02,2.3871312992074309e+00
530000,2.4385070078566289e+02,2.3871240080182519e+00
530100,2.4385060381267360e+02,2.3871238353107618e+00
530200,2.4384845027633421e+02,2.3871199998760160e+00
530300,2.4384552878386671e+02,2.3871147966620661e+00
530400,2.4384540066512801e+02,2.3871145684795927e+00
530500,2.4384146950833940e+02,2.3871075669390334e+00
530600,2.4384146950833940e+02,2.3871075669390334e+00
530700,2.4384007003352369e+02,2.3871050743936295e+00
530800,2.4383882038589829e+02,2.3871028486870070e+00
530900,2.4383595791453789e+02,2.3870977503896507e+00
531000,2.4383570382198070e+02,2.3870972978269771e+00
531100,2.4383357883678249e+02,2.3870935130105924e+00
531200,2.4383304533482649e+02,2.3870925627837609e+00
531300,2.4383127801688559e+02,2.3870894149774000e+00
531400,2.4383007916794429e+02,2.3870872796698870e+00
531500,2.4382879068308239e+02,2.3870849846973146e+00
531600,2.4382840552341401e+02,2.3870842986714753e+00
531700,2.4382780262093999e+02,2.3870832248115996e+00
531800,2.4382467872957849e+02,2.3870776606492821e+00
531900,2.4382354942385479e+02,2.3870756491532243e+00
532000,2.4382354942385479e+02,2.3870756491532243e+00
532100,2.4382316318828580e+02,2.3870749611962587e+00
532200,2.4382206425643179e+02,2.3870730037894670e+00
532300,2.4382011752297200e+02,2.3870695362649954e+00
532400,2.4382011752297200e+02,2.3870695362649954e+00
532500,2.4381934895327871e+02,2.3870681672799163e+00
532600,2.4381864986578520e+02,2.3870669220535743e+00
532700,2.4381708114254070e+02,2.3870641278044844e+00
532800,2.4381703683043270e+02,2.3870640488743882e+00
532900,2.4381514277994100e+02,2.3870606751196957e+00
533000,2.4381501939606659e+02,2.3870604553427421e+00
533100,2.4381427558224399e+02,2.3870591304254658e+00
533200,2.4381383980855131e+02,2.3870583542023391e+00
533300,2.4381274536438221e+02,2.3870564047144409e+00
533400,2.4381268404329651e+02,2.3870562954854813e+00
533500,2.4381127916799480e+02,2.3870537930260562e+00
533600,2.4381056625535760e+02,2.3870525231320707e+00
533700,2.4380946761582689e+02,2.3870505661448567e+00
533800,2.4380844835794730e+02,2.3870487505508917e+00
533900,2.4380738423960369e+02,2.3870468550393276e+00
534000,2.4380659929123590e+02,2.3870454568072987e+00
534100,2.4380573455436021e+02,2.3870439164424337e+00
534200,2.4380536171517039e+02,2.3870432522983895e+00
534300,2.4380386724100981e+02,2.3870405901589438e+00
534400,2.4380223615317161e+02,2.3870376846479471e+00
534500,2.4380125949208079e+02,2.3870359448797700e+00
534600,2.4380062320597389e+02,2.3870348114323616e+00
534700,2.4380046231781279e+02,2.3870345248339815e+00
534800,2.4379817162599559e+02,2.3870304442859789e+00
534900,2.4379766759176121e+02,2.3870295464141389e+00
535000,2.4379553215211700e+02,2.3870257423838348e+00
535100,2.4379551572687100e+02,2.3870257131240944e+00
535200,2.4379495607609081e+02,2.3870247161675926e+00
535300,2.4379296845254251e+02,2.3870211754156760e+00
535400,2.4379282768532809e+02,2.3870209246519130e+00
535500,2.4379220942270160e+02,2.3870198232725572e+00
535600,2.4379178241044630e+02,2.3870190625869347e+00
535700,2.4379092326541411e+02,2.3870175320898834e+00
535800,2.4378978103621529e+02,2.3870154972930435e+00
535900,2.4378978103621529e+02,2.3870154972930435e+00
536000,2.4378942675545699e+02,2.3870148661661381e+00
536100,2.4378800190665811e+02,2.3870123278863304e+00
536200,2.4378782293595529e+02,2.3870120090600691e+00
536300,2.4378668259645701e+02,2.3870099776037645e+00
536400,2.4378583359082151e+02,2.3870084651376171e+00
536500,2.4378521024485389e+02,2.3870073546708759e+00
536600,2.4378377639063899e+02,2.3870048003042510e+00
536700,2.4378345622980819e+02,2.3870042299456511e+00
536800,2.4378267159290681e+02,2.3870028321312535e+00
536900,2.4378194904072470e+02,2.3870015449155191e+00
537000,2.4378031469028281e+02,2.3869986333309638e+00
537100,2.4378031469028281e+02,2.3869986333309638e+00
537200,2.4377915094818809e+02,2.3869965601201835e+00
537300,2.4377799542423449e+02,2.3869945015402592e+00
537400,2.4377782182288169e+02,2.3869941922665028e+00
537500,2.4377646891406059e+02,2.3869917820289284e+00
537600,2.4377612333966360e+02,2.3869911663782024e+00
537700,2.4377536242679449e+02,2.3869898107869676e+00
537800,2.4377502633739030e+02,2.3869892120313230e+00
537900,2.4377456547414570e+02,2.3869883909851470e+00
538000,2.4377354460225081e+02,2.3869865722557884e+00
538100,2.4377201443532670e+02,2.3869838461800845e+00
538200,2.4377201443532670e+02,2.3869838461800845e+00
538300,2.4377123703185541e+02,2.3869824611869102e+00
538400,2.4377123703185541e+02,2.3869824611869102e+00
538500,2.4377101540289141e+02,2.3869820663401633e+00
538600,2.4377033465573459e+02,2.3869808535415618e+00
538700,2.4376958400983190e+02,2.3869795162095366e+00
538800,2.4376874363970930e+02,2.3869780190221923e+00
538900,2.4376756741944180e+02,2.3869759234819830e+00
539000,2.4376714344149201e+02,2.3869751681253697e+00
539100,2.4376688784048341e+02,2.3869747127474863e+00
539200,2.4376627575755219e+02,2.3869736222606872e+00
539300,2.4376567266135740e+02,2.3869725477819776e+00
539400,2.4376422529623230e+02,2.3869699691393560e+00
539500,2.4376397733590420e+02,2.3869695273688012e+00
539600,2.4376324202258141e+02,2.3869682173187940e+00
539700,2.4376260786602441e+02,2.3869670874886797e+00
539800,2.4376101606275000e+02,2.3869642514768667e+00
539900,2.4376018158307940e+02,2.3869627647316012e+00
540000,2.4376000499891799e+02,2.3869624501209286e+00
540100,2.4375929962091479e+02,2.3869611933839274e+00
540200,2.4375805583340090e+02,2.3869589773805466e+00
540300,2.4375750456166031e+02,2.3869579951994866e+00
540400,2.4375595281276409e+02,2.3869552304922861e+00
540500,2.4375511535761629e+02,2.3869537384147796e+00
540600,2.4375296798858619e+02,2.3869499124658273e+00
540700,2.4375058213313659e+02,2.3869456615681419e+00
540800,2.4375034258748451e+02,2.3869452347654443e+00
540900,2.4374923709308291e+02,2.3869432650812090e+00
541000,2.4374821131710129e+02,2.3869414374250852e+00
541100,2.4374649265400180e+02,2.3869383752137656e+00
541200,2.4374556886282880e+02,2.3869367292488750e+00
541300,2.4374425476123329e+02,2.3869343878376541e+00
541400,2.4374230101856091e+02,2.3869309067173989e+00
541500,2.4374098088720439e+02,2.3869285545310377e+00
541600,2.4374076815006970e+02,2.3869281754786367e+00
541700,2.4374019548103340e+02,2.3869271551023719e+00
541800,2.4373904629032171e+02,2.3869251074780138e+00
541900,2.4373741502131611e+02,2.3869222008715050e+00
542000,2.4373705955391929e+02,2.3869215674946331e+00
542100,2.4373698189590431e+02,2.3869214291223528e+00
542200,2.4373576761717490e+02,2.3869192654955564e+00
542300,2.4373557648229209e+02,2.3869189249265119e+00
542400,2.4373414277991961e+02,2.3869163703102787e+00
542500,2.4373393524100399e+02,2.3869160005096295e+00
542600,2.4373271757421810e+02,2.3869138308187887e+00
542700,2.4373171411893179e+02,2.3869120428110273e+00
542800,2.4373150860930701e+02,2.3869116766225975e+00
542900,2.4372912404630441e+02,2.3869074276536164e+00
543000,2.4372846537964310e+02,2.3869062539913219e+00
543100,2.4372665075387150e+02,2.3869030205368635e+00
543200,2.4372561585453261e+02,2.3869011764544661e+00
543300,2.4372428891609269e+02,2.3868988119774741e+00
543400,2.4372282923726661e+02,2.3868962109549798e+00
543500,2.4372127174784549e+02,2.3868934356252147e+00
543600,2.4372047037790051e+02,2.3868920076369444e+00
543700,2.4371939710364629e+02,2.3868900951258132e+00
543800,2.4371782559019289e+02,2.3868872947667543e+00
543900,2.4371615764878399e+02,2.3868843225581071e+00
544000,2.4371615764878399e+02,2.3868843225581071e+00
544100,2.4371526495938721e+02,2.3868827318109327e+00
544200,2.4371409228904841e+02,2.3868806421368101e+00
544300,2.4371273400212249e+02,2.3868782216852265e+00
544400,2.4371109170761761e+02,2.3868752951174081e+00
544500,2.4370945684980751e+02,2.3868723817821880e+00
544600,2.4370945684980751e+02,2.3868723817821880e+00
544700,2.4370945684980751e+02,2.3868723817821880e+00
544800,2.4370872404736841e+02,2.3868710759135596e+00
544900,2.4370731117675970e+02,2.3868685581387443e+00
545000,2.4370690783779420e+02,2.3868678393747849e+00
545100,2.4370562721511581e+02,2.3868655572530804e+00
545200,2.4370475158600220e+02,2.3868639968394789e+00
545300,2.4370475158600220e+02,2.3868639968394789e+00
545400,2.4370362105673971e+02,2.3868619821731420e+00
545500,2.4370278631525420e+02,2.3868604946111591e+00
545600,2.4370211678947030e+02,2.3868593014702957e+00
545700,2.4370157220422061e+02,2.3868583309796154e+00
545800,2.4370106454701201e+02,2.3868574262954474e+00
545900,2.4369982259046330e+02,2.3868552130254677e+00
546000,2.4369910217148950e+02,2.3868539291737023e+00
546100,2.4369798526884270e+02,2.3868519387446709e+00
546200,2.4369764888856341e+02,2.3868513392805442e+00
546300,2.4369720928478321e+02,2.3868505558603141e+00
546400,2.4369599113198200e+02,2.3868483849763575e+00
546500,2.4369490598037291e+02,2.3868464511061984e+00
546600,2.4369460654038051e+02,2.3868459174667458e+00
546700,2.4369406081277739e+02,2.3868449449103339e+00
546800,2.4369277328407370e+02,2.3868426503608213e+00
546900,2.4369143516723980e+02,2.3868402656436025e+00
547000,2.4369013237255331e+02,2.3868379438629646e+00
547100,2.4369013237255331e+02,2.3868379438629646e+00
547200,2.4368936059004901e+02,2.3868365684219062e+00
547300,2.4368764233594990e+02,2.3868335061999741e+00
547400,2.4368736442813301e+02,2.3868330109188056e+00
547500,2.4368659399723339e+02,2.3868316378709333e+00
547600,2.4368551192332461e+02,2.3868297094112538e+00
547700,2.4368454746582600e+02,2.3868279905589707e+00
547800,2.4368340544030320e+02,2.3868259552368700e+00
547900,2.4368320920651760e+02,2.3868256055073331e+00
548000,2.4368239387306079e+02,2.3868241524100324e+00
548100,2.4368073661570801e+02,2.3868211988106385e+00
548200,2.4368003886819511e+02,2.3868199552641332e+00
548300,2.4367953478225741e+02,2.3868190568648688e+00
548400,2.4367835867897500e+02,2.3868169607659957e+00
548500,2.4367803287034531e+02,2.3868163800948787e+00
548600,2.4367667769488341e+02,2.3868139648305453e+00
548700,2.4367661912997951e+02,2.3868138604528188e+00
548800,2.4367645546811289e+02,2.3868135687651315e+00
548900,2.4367566906493991e+02,2.3868121671889759e+00
549000,2.4367505183943430e+02,2.3868110671285074e+00
549100,2.4367450732297601e+02,2.3868100966526398e+00
549200,2.4367406658769599e+02,2.3868093111413637e+00
549300,2.4367324431422051e+02,2.3868078456204711e+00
549400,2.4367235434992230e+02,2.3868062594500623e+00
549500,2.4367135155712620e+02,2.3868044721801227e+00
549600,2.4367110549374851e+02,2.3868040336221208e+00
549700,2.4367039112702301e+02,2.3868027604059918e+00
549800,2.4366865686368541e+02,2.3867996694121518e+00
549900,2.4366784090054861e+02,2.3867982151057765e+00
550000,2.4366784090054861e+02,2.3867982151057765e+00
550100,2.4366648432202589e+02,2.3867957972396989e+00
550200,2.4366648432202589e+02,2.3867957972396989e+00
550300,2.4366563233859159e+02,2.3867942787200218e+00
550400,2.4366493978277509e+02,2.3867930443498153e+00
550500,2.4366385152793711e+02,2.3867911047021710e+00
550600,2.4366327852784960e+02,2.3867900834137559e+00
550700,2.4366279262474291e+02,2.3867892173610228e+00
550800,2.4366230125531891e+02,2.3867883415636046e+00
550900,2.4366149071170159e+02,2.3867868968788750e+00
551000,2.4366129066565119e+02,2.3867865403230186e+00
551100,2.4366005179160450e+02,2.3867843321859423e+00
551200,2.4365931656174050e+02,2.3867830217259294e+00
551300,2.4365884754490159e+02,2.3867821857569873e+00
551400,2.4365803916253799e+02,2.3867807449039842e+00
551500,2.4365796535377200e+02,2.3867806133477067e+00
551600,2.4365691743729619e+02,2.3867787455437095e+00
551700,2.4365595208459891e+02,2.3867770248940992e+00
551800,2.4365411874655439e+02,2.3867737571241769e+00
551900,2.4365327889615600e+02,2.3867722601537000e+00
552000,2.4365277844554919e+02,2.3867713681354963e+00
552100,2.4365156846053480e+02,2.3867692114142676e+00
552200,2.4365135297210460e+02,2.3867688273187406e+00
552300,2.4364896253798830e+02,2.3867645664869168e+00
552400,2.4364839104217691e+02,2.3867635478174103e+00
552500,2.4364756077360030e+02,2.3867620678910537e+00
552600,2.4364619150181070e+02,2.3867596271982285e+00
552700,2.4364473205519559e+02,2.3867570257559239e+00
552800,2.4364409931929441e+02,2.3867558979085666e+00
552900,2.4364318381584761e+02,2.3867542660248344e+00
553000,2.4364076571536569e+02,2.3867499557343068e+00
553100,2.4364004999854160e+02,2.3867486799530435e+00
553200,2.4363809337116939e+02,2.3867451922018179e+00
553300,2.4363717906251969e+02,2.3867435624076387e+00
553400,2.4363506093374849e+02,2.3867397867292324e+00
553500,2.4363401773957909e+02,2.3867379271674780e+00
553600,2.4363167028449601e+02,2.3867337426463262e+00
553700,2.4363158631409229e+02,2.3867335929618076e+00
553800,2.4362959499970091e+02,2.3867300432562901e+00
553900,2.4362924738898070e+02,2.3867294236044563e+00
554000,2.4362687175232711e+02,2.3867251887643008e+00
554100,2.4362608950879880e+02,2.3867237943179869e+00
554200,2.4362398119887860e+02,2.3867200359712180e+00
554300,2.4362235421936839e+02,2.3867171356385848e+00
554400,2.4362114897207491e+02,2.3867149870937792e+00
554500,2.4361910470501061e+02,2.3867113428386144e+00
554600,2.4361793761366619e+02,2.3867092622852626e+00
554700,2.4361653223187110e+02,2.3867067569224591e+00
554800,2.4361543109227341e+02,2.3867047939196717e+00
554900,2.4361464546529601e+02,2.3867033933761603e+00
555000,2.4361392977690801e+02,2.3867021175088019e+00
555100,2.4361231284654809e+02,2.3866992349714033e+00
555200,2.4361107429662559e+02,2.3866970269682120e+00
555300,2.4361002336966490e+02,2.3866951534377669e+00
555400,2.4360828679892640e+02,2.3866920575644248e+00
555500,2.4360577179757649e+02,2.3866875739039517e+00
555600,2.4360417691716171e+02,2.3866847305803893e+00
555700,2.4360297495964480e+02,2.3866825877402644e+00
555800,2.4360049469947219e+02,2.3866781659191005e+00
555900,2.4359958010276230e+02,2.3866765353598094e+00
556000,2.4359915379004801e+02,2.3866757753198238e+00
556100,2.4359810097387549e+02,2.3866738983295503e+00
556200,2.4359702991256239e+02,2.3866719888030032e+00
556300,2.4359529719571751e+02,2.3866688996354504e+00
556400,2.4359277662578799e+02,2.3866644058078283e+00
556500,2.4359277662578799e+02,2.3866644058078283e+00
556600,2.4359267000934901e+02,2.3866642157244362e+00
556700,2.4358989408770140e+02,2.3866592665840418e+00
556800,2.4358747130458261e+02,2.3866549470018357e+00
556900,2.4358717081180049e+02,2.3866544112499888e+00
557000,2.4358625822213051e+02,2.3866527841798972e+00
557100,2.4358525918658950e+02,2.3866510029771497e+00
557200,2.4358216477367441e+02,2.3866454858329904e+00
557300,2.4358032125503919e+02,2.3866421989215656e+00
557400,2.4357814124476141e+02,2.3866383120284622e+00
557500,2.4357643102074920e+02,2.3866352627258642e+00
557600,2.4357643102074920e+02,2.3866352627258642e+00
557700,2.4357554952208261e+02,2.3866336910192021e+00
557800,2.4357285827773021e+02,2.3866288925119998e+00
557900,2.4357280950175220e+02,2.3866288055436060e+00
558000,2.4357126086693401e+02,2.3866260442924818e+00
558100,2.4356976181666141e+02,2.3866233714350087e+00
558200,2.4356918715717291e+02,2.3866223467932901e+00
558300,2.4356773470095561e+02,2.3866197569927965e+00
558400,2.4356591244237279e+02,2.3866165077947508e+00
558500,2.4356540918183700e+02,2.3866156104462783e+00
558600,2.4356363116134301e+02,2.3866124400974580e+00
558700,2.4356314120073279e+02,2.3866115664555174e+00
558800,2.4356098723504400e+02,2.3866077257284490e+00
558900,2.4355997590873841e+02,2.3866059224250926e+00
559000,2.4355931861263741e+02,2.3866047503915770e+00
559100,2.4355785431016139e+02,2.3866021393627710e+00
559200,2.4355576652884011e+02,2.3865984165684639e+00
559300,2.4355355399069910e+02,2.3865944712811737e+00
559400,2.4355051512927011e+02,2.3865890524771292e+00
559500,2.4354971894739239e+02,2.3865876327389648e+00
559600,2.4354895162017149e+02,2.3865862644495484e+00
559700,2.4354761254704641e+02,2.3865838766188312e+00
559800,2.4354605340610240e+02,2.3865810963473728e+00
559900,2.4354444762780381e+02,2.3865782328932394e+00
560000,2.4354414828246169e+02,2.3865776990928946e+00
560100,2.4354328666396279e+02,2.3865761626288728e+00
560200,2.4354211364807500e+02,2.3865740708629244e+00
560300,2.4354049269650400e+02,2.3865711803046761e+00
560400,2.4353840954788970e+02,2.3865674655063382e+00
560500,2.4353697275650029e+02,2.3865649033133196e+00
560600,2.4353541006524941e+02,2.3865621165891646e+00
560700,2.4353402782787771e+02,2.3865596516508356e+00
560800,2.4353367508124299e+02,2.3865590225969440e+00
560900,2.4353232802056610e+02,2.3865566203721325e+00
561000,2.4353136089752729e+02,2.3865548956851619e+00
561100,2.4353064516819759e+02,2.3865536193084602e+00
561200,2.4352837925270109e+02,2.3865495784241020e+00
561300,2.4352837925270109e+02,2.3865495784241020e+00
561400,2.4352748802415400e+02,2.3865479890555465e+00
561500,2.4352630581574209e+02,2.3865458807603388e+00
561600,2.4352566421227380e+02,2.3865447365504266e+00
561700,2.4352529451006140e+02,2.3865440772369486e+00
561800,2.4352414525352651e+02,2.3865420276882556e+00
561900,2.4352408711191239e+02,2.3865419240000354e+00
562000,2.4352253398044809e+02,2.3865391541772079e+00
562100,2.4352253398044809e+02,2.3865391541772079e+00
562200,2.4352230466596890e+02,2.3865387452209679e+00
562300,2.4352112784207881e+02,2.3865366464836169e+00
562400,2.4352060076232581e+02,2.3865357064909438e+00
562500,2.4351951200476049e+02,2.3865337647970652e+00
562600,2.4351894798977710e+02,2.3865327589274465e+00
562700,2.4351827395651890e+02,2.3865315568471477e+00
562800,2.4351682955145071e+02,2.3865289808638308e+00
562900,2.4351520601768900e+02,2.3865260854002783e+00
563000,2.4351520601768900e+02,2.3865260854002783e+00
563100,2.4351374674406901e+02,2.3865234828671964e+00
563200,2.4351340028243689e+02,2.3865228649699151e+00
563300,2.4351194853151489e+02,2.3865202758339858e+00
563400,2.4351088504505191e+02,2.3865183791413851e+00
563500,2.4351006211536199e+02,2.3865169114680729e+00
563600,2.4350943278037539e+02,2.3865157890624409e+00
563700,2.4350848943861070e+02,2.3865141066269318e+00
563800,2.4350694102970860e+02,2.3865113450493722e+00
563900,2.4350586097267259e+02,2.3865094187640308e+00
564000,2.4350416102755139e+02,2.3865063868889056e+00
564100,2.4350416102755139e+02,2.3865063868889056e+00
564200,2.4350302616035779e+02,2.3865043628261287e+00
564300,2.4350153700342261e+02,2.3865017068648151e+00
564400,2.4350075499523359e+02,2.3865003121204911e+00
564500,2.4349977792087500e+02,2.3864985694611973e+00
564600,2.4349852246990579e+02,2.3864963302935132e+00
564700,2.4349703388722219e+02,2.3864936753072943e+00
564800,2.4349627753117599e+02,2.3864923262897637e+00
564900,2.4349450141868519e+02,2.3864891584439345e+00
565000,2.4349448237134209e+02,2.3864891244712725e+00
565100,2.4349301318232051e+02,2.3864865040315664e+00
565200,2.4349265262794600e+02,2.3864858609457991e+00
565300,2.4349131192862359e+02,2.3864834696624713e+00
565400,2.4348913699691991e+02,2.3864795904067866e+00
565500,2.4348584168868231e+02,2.3864737127570246e+00
565600,2.4348573302586800e+02,2.3864735189401243e+00
565700,2.4348430428397671e+02,2.3864709705504001e+00
565800,2.4348255641079601e+02,2.3864678529186323e+00
565900,2.4348147326302160e+02,2.3864659209274670e+00
566000,2.4348147326302160e+02,2.3864659209274670e+00
566100,2.4347825649373939e+02,2.3864601831834054e+00
566200,2.4347617060623170e+02,2.3864564625500813e+00
566300,2.4347597522493621e+02,2.3864561140434803e+00
566400,2.4347339874406180e+02,2.3864515182826631e+00
566500,2.4347006546925050e+02,2.3864455725293521e+00
566600,2.4346990360077800e+02,2.3864452837932086e+00
566700,2.4346768391248790e+02,2.3864413243602107e+00
566800,2.4346547505893929e+02,2.3864373842181612e+00
566900,2.4346547505893929e+02,2.3864373842181612e+00
567000,2.4346467154577411e+02,2.3864359509064790e+00
567100,2.4346315958734030e+02,2.3864332538529829e+00
567200,2.4346255195030241e+02,2.3864321699364579e+00
567300,2.4346233565591081e+02,2.3864317841050369e+00
567400,2.4346136484750181e+02,2.3864300523481532e+00
567500,2.4346035173574231e+02,2.3864282451219330e+00
567600,2.4345905781069749e+02,2.3864259369596543e+00
567700,2.4345823314617309e+02,2.3864244658792098e+00
567800,2.4345759075935510e+02,2.3864233199519815e+00
567900,2.4345573538946840e+02,2.3864200102175364e+00
568000,2.4345316153177080e+02,2.3864154187541131e+00
568100,2.4345125989952831e+02,2.3864120264317057e+00
568200,2.4345125989952831e+02,2.3864120264317057e+00
568300,2.4344962973046040e+02,2.3864091183514544e+00
568400,2.4344958951907890e+02,2.3864090466175907e+00
568500,2.4344815534959861e+02,2.3864064881670828e+00
568600,2.4344691224713961e+02,2.3864042705535788e+00
568700,2.4344565574683040e+02,2.3864020290276793e+00
568800,2.4344461504669209e+02,2.3864001724683908e+00
568900,2.4344342117809470e+02,2.3863980426541196e+00
569000,2.4344342117809470e+02,2.3863980426541196e+00
569100,2.4344121914903380e+02,2.3863941142941307e+00
569200,2.4344113628706901e+02,2.3863939664699441e+00
569300,2.4343955185762661e+02,2.3863911398679427e+00
569400,2.4343889468050381e+02,2.3863899674669047e+00
569500,2.4343810317546621e+02,2.3863885554212678e+00
569600,2.4343749505934221e+02,2.3863874705384847e+00
569700,2.4343572907991441e+02,2.3863843200053165e+00
569800,2.4343501895922009e+02,2.3863830531331529e+00
569900,2.4343405561604959e+02,2.3863813345001774e+00
570000,2.4343115799896910e+02,2.3863761650238069e+00
570100,2.4343022216405140e+02,2.3863744954399899e+00
570200,2.4343016724866081e+02,2.3863743974675460e+00
570300,2.4342881204411310e+02,2.3863719796920422e+00
570400,2.4342694254708240e+02,2.3863686443622787e+00
570500,2.4342488351766241e+02,2.3863649708621817e+00
570600,2.4342332494368159e+02,2.3863621902004981e+00
570700,2.4342332494368159e+02,2.3863621902004981e+00
570800,2.4342186937954281e+02,2.3863595933032467e+00
570900,2.4341966035301061e+02,2.3863556521109910e+00
571000,2.4341901304164659e+02,2.3863544972160788e+00
571100,2.4341751700502189e+02,2.3863518280636602e+00
571200,2.4341525119058710e+02,2.3863477854816058e+00
571300,2.4341415774047769e+02,2.3863458345750255e+00
571400,2.4341275783193700e+02,2.3863433368801159e+00
571500,2.4341158523982571e+02,2.3863412447485670e+00
571600,2.4340931104821789e+02,2.3863371871213221e+00
571700,2.4340831173316701e+02,2.3863354041250133e+00
571800,2.4340776856941201e+02,2.3863344349991724e+00
571900,2.4340584059197590e+02,2.3863309950379801e+00
572000,2.4340393688317920e+02,2.3863275983509626e+00
572100,2.4340365818974371e+02,2.3863271010907621e+00
572200,2.4340286408360069e+02,2.3863256841996554e+00
572300,2.4340123918973069e+02,2.3863227849535864e+00
572400,2.4339995810416750e+02,2.3863204991400182e+00
572500,2.4339995810416750e+02,2.3863204991400182e+00
572600,2.4339837269878549e+02,2.3863176703184492e+00
572700,2.4339686648137891e+02,2.3863149827740542e+00
572800,2.4339686648137891e+02,2.3863149827740542e+00
572900,2.4339628173510360e+02,2.3863139394065311e+00
573000,2.4339517707155611e+02,2.3863119683395602e+00
573100,2.4339477126161111e+02,2.3863112442448231e+00
573200,2.4339406218465709e+02,2.3863099790218469e+00
573300,2.4339158830876369e+02,2.3863055647970302e+00
573400,2.4339158830876369e+02,2.3863055647970302e+00
573500,2.4339141421803029e+02,2.3863052541590477e+00
573600,2.4339084377010150e+02,2.3863042362814091e+00
573700,2.4339037161147959e+02,2.3863033937842970e+00
573800,2.4338877354845070e+02,2.3863005422654426e+00
573900,2.4338877354845070e+02,2.3863005422654426e+00
574000,2.4338794945223671e+02,2.3862990717742649e+00
574100,2.4338726483836669e+02,2.3862978501671770e+00
574200,2.4338609577801370e+02,2.3862957641185090e+00
574300,2.4338581972970130e+02,2.3862952715417807e+00
574400,2.4338480039909501e+02,2.3862934526577342e+00
574500,2.4338403630778831e+02,2.3862920892153232e+00
574600,2.4338229853168639e+02,2.3862889883165233e+00
574700,2.4338170938330569e+02,2.3862879370313559e+00
574800,2.4338030689830180e+02,2.3862854344059339e+00
574900,2.4337879950981801e+02,2.3862827445723305e+00
575000,2.4337827338993799e+02,2.3862818057427853e+00
575100,2.4337791820576621e+02,2.3862811719366683e+00
575200,2.4337624876616869e+02,2.3862781929034957e+00
575300,2.4337596418306430e+02,2.3862776850768501e+00
575400,2.4337501986723009e+02,2.3862759999804890e+00
575500,2.4337455067879259e+02,2.3862751627288024e+00
575600,2.4337334702417900e+02,2.3862730148384501e+00
575700,2.4337321102278119e+02,2.3862727721468251e+00
575800,2.4337214194172660e+02,2.3862708643895143e+00
575900,2.4337214194172660e+02,2.3862708643895143e+00
576000,2.4337154205420751e+02,2.3862697938965716e+00
576100,2.4337090282921881e+02,2.3862686532034263e+00
576200,2.4336971081800380e+02,2.3862665260585834e+00
576300,2.4336906082652979e+02,2.3862653661439559e+00
576400,2.4336868826360740e+02,2.3862647013012492e+00
576500,2.4336789674414720e+02,2.3862632888225308e+00
576600,2.4336683198164951e+02,2.3862613887301394e+00
576700,2.4336683198164951e+02,2.3862613887301394e+00
576800,2.4336567665973470e+02,2.3862593270230477e+00
576900,2.4336567665973470e+02,2.3862593270230477e+00
577000,2.4336504749060620e+02,2.3862582042474876e+00
577100,2.4336488633965311e+02,2.3862579166671898e+00
577200,2.4336435694226250e+02,2.3862569719351088e+00
577300,2.4336347061930340e+02,2.3862553902496226e+00
577400,2.4336296257979939e+02,2.3862544836263608e+00
577500,2.4336118344636080e+02,2.3862513086540846e+00
577600,2.4336066438872129e+02,2.3862503823596533e+00
577700,2.4336057087361380e+02,2.3862502154752345e+00
577800,2.4335905466440411e+02,2.3862475096821716e+00
577900,2.4335703719754349e+02,2.3862439093297705e+00
578000,2.4335592710082850e+02,2.3862419282488747e+00
578100,2.4335569776738919e+02,2.3862415189788178e+00
578200,2.4335474724083949e+02,2.3862398226583887e+00
578300,2.4335393984106619e+02,2.3862383817584192e+00
578400,2.4335209454943600e+02,2.3862350886002663e+00
578500,2.4335179183926931e+02,2.3862345483730003e+00
578600,2.4335006080746351e+02,2.3862314590995277e+00
578700,2.4334983477195209e+02,2.3862310557052542e+00
578800,2.4334857684411679e+02,2.3862288107375105e+00
578900,2.4334677818105550e+02,2.3862256007235492e+00
579000,2.4334605256210651e+02,2.3862243057289012e+00
579100,2.4334510073628900e+02,2.3862226070224524e+00
579200,2.4334361830379589e+02,2.3862199613385631e+00
579300,2.4334265151581769e+02,2.3862182359121018e+00
579400,2.4334140369441499e+02,2.3862160089151674e+00
579500,2.4334034434089440e+02,2.3862141182694208e+00
579600,2.4333982468739259e+02,2.3862131908322137e+00
579700,2.4333727052267500e+02,2.3862086323286245e+00
579800,2.4333628572349289e+02,2.3862068747116547e+00
579900,2.4333606944348969e+02,2.3862064887057066e+00
580000,2.4333480611849180e+02,2.3862042339783209e+00
580100,2.4333359230322250e+02,2.3862020676027140e+00
580200,2.4333189887289399e+02,2.3861990452086443e+00
580300,2.4333066239591849e+02,2.3861968383607373e+00
580400,2.4332976977166109e+02,2.3861952452096866e+00
580500,2.4332886781653079e+02,2.3861936353990072e+00
580600,2.4332656321219361e+02,2.3861895221111125e+00
580700,2.4332556429688319e+02,2.3861877392219291e+00
580800,2.4332504675297099e+02,2.3861868154936521e+00
580900,2.4332265105251670e+02,2.3861825395482716e+00
581000,2.4332095935907111e+02,2.3861795201183944e+00
581100,2.4332021247525441e+02,2.3861781870313519e+00
581200,2.4331932998794699e+02,2.3861766119050642e+00
581300,2.4331866456191980e+02,2.3861754242014532e+00
581400,2.4331634692765621e+02,2.3861712874840038e+00
581500,2.4331585579243290e+02,2.3861704108576065e+00
581600,2.4331290894189891e+02,2.3861651509921047e+00
581700,2.4331189669588531e+02,2.3861633442085091e+00
581800,2.4331157030084890e+02,2.3861627616161236e+00
581900,2.4331030343344179e+02,2.3861605003387174e+00
582000,2.4330957185814651e+02,2.3861591945181786e+00
582100,2.4330911088094180e+02,2.3861583716979156e+00
582200,2.4330758506504091e+02,2.3861556481850084e+00
582300,2.4330692630338470e+02,2.3861544723197370e+00
582400,2.4330526369509650e+02,2.3861515046110773e+00
582500,2.4330423438932459e+02,2.3861496673192910e+00
582600,2.4330355274846781e+02,2.3861484505986770e+00
582700,2.4330279228563899e+02,2.3861470931777817e+00
582800,2.4330249395598159e+02,2.3861465606602459e+00
582900,2.4330194895605351e+02,2.3861455878353373e+00
583000,2.4330043495320669e+02,2.3861428853287170e+00
583100,2.4329975763297020e+02,2.3861416763014880e+00
583200,2.4329758752152370e+02,2.3861378025959050e+00
583300,2.4329645572364890e+02,2.3861357822934437e+00
583400,2.4329571996694060e+02,2.3861344689345594e+00
583500,2.4329539935378051e+02,2.3861338966243766e+00
583600,2.4329450508550011e+02,2.3861323003077413e+00
583700,2.4329450508550011e+02,2.3861323003077413e+00
583800,2.4329398302142320e+02,2.3861313683927725e+00
583900,2.4329312577249061e+02,2.3861298381488583e+00
584000,2.4329203134317100e+02,2.3861278845150187e+00
584100,2.4329203134317100e+02,2.3861278845150187e+00
584200,2.4329168368052851e+02,2.3861272639107423e+00
584300,2.4329113981256521e+02,2.3861262930632567e+00
584400,2.4329073377983579e+02,2.3861255682611899e+00
584500,2.4329014747008509e+02,2.3861245216475671e+00
584600,2.4328965706288531e+02,2.3861236462263569e+00
584700,2.4328832329271941e+02,2.3861212653170409e+00
584800,2.4328829120554190e+02,2.3861212080381509e+00
584900,2.4328664941087621e+02,2.3861182772568705e+00
585000,2.4328659192296499e+02,2.3861181746343649e+00
585100,2.4328516654470320e+02,2.3861156301631623e+00
585200,2.4328381776781291e+02,2.3861132224208701e+00
585300,2.4328328280838181e+02,2.3861122674449637e+00
585400,2.4328275084695471e+02,2.3861113178188229e+00
585500,2.4328167250222091e+02,2.3861093928150825e+00
585600,2.4328130580818711e+02,2.3861087382104267e+00
585700,2.4328130580818711e+02,2.3861087382104267e+00
585800,2.4328039930795970e+02,2.3861071199653305e+00
585900,2.4327984896223049e+02,2.3861061375089374e+00
586000,2.4327885627563651e+02,2.3861043653967324e+00
586100,2.4327885627563651e+02,2.3861043653967324e+00
586200,2.4327841191853469e+02,2.3861035721423716e+00
586300,2.4327829961122120e+02,2.3861033716541433e+00
586400,2.4327751653902359e+02,2.3861019737305216e+00
586500,2.4327751653902359e+02,2.3861019737305216e+00
586600,2.4327689523069600e+02,2.3861008645810755e+00
586700,2.4327548568518571e+02,2.3860983482730225e+00
586800,2.4327493539615449e+02,2.3860973658980029e+00
586900,2.4327409552394511e+02,2.3860958665553147e+00
587000,2.4327409552394511e+02,2.3860958665553147e+00
587100,2.4327317574628611e+02,2.3860942245592107e+00
587200,2.4327199827724851e+02,2.3860921225208678e+00
587300,2.4327083122938450e+02,2.3860900390765472e+00
587400,2.4326986456974879e+02,2.3860883133629560e+00
587500,2.4326852616781900e+02,2.3860859239910845e+00
587600,2.4326818614983401e+02,2.3860853169744671e+00
587700,2.4326701524364199e+02,2.3860832266093852e+00
587800,2.4326588745132381e+02,2.3860812132040112e+00
587900,2.4326468078292251e+02,2.3860790589737846e+00
588000,2.4326457192300430e+02,2.3860788646287925e+00
588100,2.4326384997860009e+02,2.3860775757566248e+00
588200,2.4326356547791940e+02,2.3860770678424896e+00
588300,2.4326255681381559e+02,2.3860752670871577e+00
588400,2.4326201635976020e+02,2.3860743022182613e+00
588500,2.4326022340510789e+02,2.3860711012533389e+00
588600,2.4325968229588401e+02,2.3860701352055069e+00
588700,2.4325968229588401e+02,2.3860701352055069e+00
588800,2.4325898286374650e+02,2.3860688864989736e+00
588900,2.4325787186410750e+02,2.3860669030075163e+00
589000,2.4325703170138129e+02,2.3860654030409862e+00
589100,2.4325629765168469e+02,2.3860640925168406e+00
589200,2.4325563549833680e+02,2.3860629103483237e+00
589300,2.4325429743907389e+02,2.3860605214484680e+00
589400,2.4325347687222151e+02,2.3860590564455437e+00
589500,2.4325314307820540e+02,2.3860584605033988e+00
589600,2.4325230183438120e+02,2.3860569585775537e+00
589700,2.4325180987851249e+02,2.3860560802551962e+00
589800,2.4325144034841040e+02,2.3860554205067399e+00
589900,2.4325100606738971e+02,2.3860546451525670e+00
590000,2.4325074940551141e+02,2.3860541869143956e+00
590100,2.4324872266618371e+02,2.3860505684039683e+00
590200,2.4324872266618371e+02,2.3860505684039683e+00
590300,2.4324872266618371e+02,2.3860505684039683e+00
590400,2.4324805885770931e+02,2.3860493832435790e+00
590500,2.4324733353154181e+02,2.3860480882461053e+00
590600,2.4324633956571469e+02,2.3860463136130612e+00
590700,2.4324547736925800e+02,2.3860447742360340e+00
590800,2.4324486975044340e+02,2.3860436893820394e+00
590900,2.4324318911759860e+02,2.3860406887346142e+00
591000,2.4324283230009880e+02,2.3860400516603124e+00
591100,2.4324198922431651e+02,2.3860385463999472e+00
591200,2.4324156016692751e+02,2.3860377803421566e+00
591300,2.4324042395398001e+02,2.3860357516914377e+00
591400,2.4324030340090181e+02,2.3860355364494614e+00
591500,2.4323947303636589e+02,2.3860340538688756e+00
591600,2.4323850348888149e+02,2.3860323227766465e+00
591700,2.4323727632065049e+02,2.3860301317019283e+00
591800,2.4323578990930449e+02,2.3860274777410404e+00
591900,2.4323498780000151e+02,2.3860260455824807e+00
592000,2.4323450150008941e+02,2.3860251772962959e+00
592100,2.4323364544850301e+02,2.3860236488160349e+00
592200,2.4323268905583191e+02,2.3860219411703865e+00
592300,2.4323217694318049e+02,2.3860210267869881e+00
592400,2.4323120007928219e+02,2.3860192825792201e+00
592500,2.4323033000802801e+02,2.3860177290457085e+00
592600,2.4322909620031510e+02,2.3860155260423226e+00
592700,2.4322773872097630e+02,2.3860131022063569e+00
592800,2.4322773872097630e+02,2.3860131022063569e+00
592900,2.4322720672606241e+02,2.3860121523035644e+00
593000,2.4322555560831671e+02,2.3860092041392971e+00
593100,2.4322540082958491e+02,2.3860089277720773e+00
593200,2.4322479235231671e+02,2.3860078412957080e+00
593300,2.4322479235231671e+02,2.3860078412957080e+00
593400,2.4322407419296931e+02,2.3860065589712409e+00
593500,2.4322375008815331e+02,2.3860059802578575e+00
593600,2.4322315189754329e+02,2.3860049121417690e+00
593700,2.4322224006233469e+02,2.3860032839836816e+00
593800,2.4322158645224479e+02,2.3860021169044021e+00
593900,2.4322135004903569e+02,2.3860016947845537e+00
594000,2.4322105325503711e+02,2.3860011648307711e+00
594100,2.4321982772084871e+02,2.3859989765166052e+00
594200,2.4321888409591671e+02,2.3859972915721670e+00
594300,2.4321750473933579e+02,2.3859948285699519e+00
594400,2.4321750473933579e+02,2.3859948285699519e+00
594500,2.4321701571620679e+02,2.3859939553587073e+00
594600,2.4321651141459151e+02,2.3859930548639983e+00
594700,2.4321586979436049e+02,2.3859919091667274e+00
594800,2.4321488463739269e+02,2.3859901500335683e+00
594900,2.4321405956918221e+02,2.3859886767554039e+00
595000,2.4321393810261469e+02,2.3859884598589249e+00
595100,2.4321314957822909e+02,2.3859870518296509e+00
595200,2.4321201229086890e+02,2.3859850210234197e+00
595300,2.4321108201563129e+02,2.3859833598629727e+00
595400,2.4320880511467610e+02,2.3859792940525617e+00
595500,2.4320710700762970e+02,2.3859762617565301e+00
595600,2.4320589284371869e+02,2.3859740936208644e+00
595700,2.4320540154704500e+02,2.3859732163080354e+00
595800,2.4320342341653961e+02,2.3859696839249085e+00
595900,2.4320124289486250e+02,2.3859657900949451e+00
596000,2.4320014559306881e+02,2.3859638305934912e+00
596100,2.4319858136000570e+02,2.3859610372564610e+00
596200,2.4319670441210229e+02,2.3859576854636244e+00
596300,2.4319588938119750e+02,2.3859562299997501e+00
596400,2.4319338158624561e+02,2.3859517516052855e+00
596500,2.4319242407997811e+02,2.3859500416882464e+00
596600,2.4319101776945021e+02,2.3859475302832536e+00
596700,2.4318973360109339e+02,2.3859452369884240e+00
596800,2.4318784121188170e+02,2.3859418574979423e+00
596900,2.4318745421831341e+02,2.3859411663889456e+00
597000,2.4318431552088941e+02,2.3859355611336390e+00
597100,2.4318401758900259e+02,2.3859350290670318e+00
597200,2.4318372804300549e+02,2.3859345119758806e+00
597300,2.4318186343077340e+02,2.3859311820083930e+00
597400,2.4318103028863061e+02,2.3859296941110228e+00
597500,2.4317934881658539e+02,2.3859266911771404e+00
597600,2.4317832089740949e+02,2.3859248554103636e+00
597700,2.4317522501396240e+02,2.3859193264074023e+00
597800,2.4317308322131959e+02,2.3859155012939586e+00
597900,2.4317192390863909e+02,2.3859134308168586e+00
598000,2.4317110256752699e+02,2.3859119639348707e+00
598100,2.4317110256752699e+02,2.3859119639348707e+00
598200,2.4317019876693590e+02,2.3859103497778644e+00
598300,2.4316797057498920e+02,2.3859063702774757e+00
598400,2.4316708154107300e+02,2.3859047824728443e+00
598500,2.4316642459146851e+02,2.3859036091644685e+00
598600,2.4316546646278439e+02,2.3859018979462321e+00
598700,2.4316483663091981e+02,2.3859007730625814e+00
598800,2.4316386397580379e+02,2.3858990358887353e+00
598900,2.4316182330372649e+02,2.3858953912010468e+00
599000,2.4316092055696561e+02,2.3858937788646228e+00
599100,2.4315963509771899e+02,2.3858914829803504e+00
599200,2.4315958743733819e+02,2.3858913978566729e+00
599300,2.4315855796355410e+02,2.3858895591640890e+00
599400,2.4315824949698219e+02,2.3858890082255733e+00
599500,2.4315626991060509e+02,2.3858854725571703e+00
599600,2.4315513505272321e+02,2.3858834456151294e+00
599700,2.4315431132325901e+02,2.3858819743660575e+00
599800,2.4315314304829531e+02,2.3858798877216287e+00
599900,2.4315215164914051e+02,2.3858781169854804e+00
600000,2.4315215164914051e+02,2.3858781169854804e+00
600100,2.4315050132048441e+02,2.3858751693205877e+00
600200,2.4314924148736031e+02,2.3858729191093464e+00
600300,2.4314835610096770e+02,2.3858713376973610e+00
600400,2.4314719714306190e+02,2.3858692676433790e+00
600500,2.4314558740046439e+02,2.3858663924112160e+00
600600,2.4314229855000599e+02,2.3858605179913623e+00
600700,2.4314119266406419e+02,2.3858585426820178e+00
600800,2.4313970625995330e+02,2.3858558876852674e+00
600900,2.4313812008058969e+02,2.3858530544532850e+00
601000,2.4313470205451779e+02,2.3858469491157277e+00
601100,2.4313470205451779e+02,2.3858469491157277e+00
601200,2.4313413207431839e+02,2.3858459309988422e+00
601300,2.4313059244132199e+02,2.3858396083395959e+00
601400,2.4312965107224639e+02,2.3858379268063001e+00
601500,2.4312863010842440e+02,2.3858361030884478e+00
601600,2.4312812470441099e+02,2.3858352002971879e+00
601700,2.4312607867163661e+02,2.3858315454979593e+00
601800,2.4312424287528859e+02,2.3858282662148884e+00
601900,2.4312424287528859e+02,2.3858282662148884e+00
602000,2.4312317582370540e+02,2.3858263601292347e+00
602100,2.4312164679371571e+02,2.3858236287920302e+00
602200,2.4312164679371571e+02,2.3858236287920302e+00
602300,2.4312100664268601e+02,2.3858224852721936e+00
602400,2.4311961360797449e+02,2.3858199968445999e+00
602500,2.4311961360797449e+02,2.3858199968445999e+00
602600,2.4311880359354541e+02,2.3858185498803768e+00
602700,2.4311735084768091e+02,2.3858159547647864e+00
602800,2.4311689967596911e+02,2.3858151488101065e+00
602900,2.4311592852655900e+02,2.3858134139834744e+00
603000,2.4311507329979071e+02,2.3858118862311719e+00
603100,2.4311420518256560e+02,2.3858103354462350e+00
603200,2.4311355300295091e+02,2.3858091704037085e+00
603300,2.4311221165090100e+02,2.3858067742254887e+00
603400,2.4311074509025400e+02,2.3858041543607231e+00
603500,2.4310854538640410e+02,2.3858002247788961e+00
603600,2.4310818497770990e+02,2.3857995809363572e+00
603700,2.4310774958789631e+02,2.3857988031445156e+00
603800,2.4310591261326900e+02,2.3857955215092757e+00
603900,2.4310501522401961e+02,2.3857939183729542e+00
604000,2.4310351255769001e+02,2.3857912339293144e+00
604100,2.4310213446087400e+02,2.3857887720087403e+00
604200,2.4310143825792559e+02,2.3857875282618175e+00
604300,2.4309904697524539e+02,2.3857832562756545e+00
604400,2.4309762862060771e+02,2.3857807223891698e+00
604500,2.4309718035714741e+02,2.3857799215647115e+00
604600,2.4309711099496101e+02,2.3857797976487576e+00
604700,2.4309575112029231e+02,2.3857773682175143e+00
604800,2.4309504738532780e+02,2.3857761109818250e+00
604900,2.4309398077843301e+02,2.3857742054617006e+00
605000,2.4309349013791251e+02,2.3857733289172258e+00
605100,2.4309281957346499e+02,2.3857721309302256e+00
605200,2.4309175140207540e+02,2.3857702225975967e+00
605300,2.4309081585460660e+02,2.3857685511962319e+00
605400,2.4309051061280951e+02,2.3857680058654225e+00
605500,2.4308910884550619e+02,2.3857655015243093e+00
605600,2.4308804750544081e+02,2.3857636053672078e+00
605700,2.4308780381697810e+02,2.3857631699998221e+00
605800,2.4308661542658271e+02,2.3857610468466053e+00
605900,2.4308550391117669e+02,2.3857590610272292e+00
606000,2.4308493094206540e+02,2.3857580373643095e+00
606100,2.4308410766680441e+02,2.3857565665018132e+00
606200,2.4308337168676741e+02,2.3857552515966316e+00
606300,2.4308265192446251e+02,2.3857539656622713e+00
606400,2.4308102324554400e+02,2.3857510558345600e+00
606500,2.4308033862276059e+02,2.3857498326690831e+00
606600,2.4307855695878121e+02,2.3857466494841537e+00
606700,2.4307845541397410e+02,2.3857464680598470e+00
606800,2.4307740834064899e+02,2.3857445973093281e+00
606900,2.4307621141582300e+02,2.3857424588171887e+00
607000,2.4307587515609771e+02,2.3857418580350580e+00
607100,2.4307482763165240e+02,2.3857399864586779e+00
607200,2.4307435396344701e+02,2.3857391401691208e+00
607300,2.4307288010694879e+02,2.3857365068609400e+00
607400,2.4307153975666321e+02,2.3857341120716176e+00
607500,2.4306907879177899e+02,2.3857297150579613e+00
607600,2.4306636838553769e+02,2.3857248723151363e+00
607700,2.4306436734869439e+02,2.3857212969836659e+00
607800,2.4306436734869439e+02,2.3857212969836659e+00
607900,2.4306395845028760e+02,2.3857205663851291e+00
608000,2.4306288913447241e+02,2.3857186557810954e+00
608100,2.4306196325086859e+02,2.3857170014483122e+00
608200,2.4306106040063099e+02,2.3857153882645825e+00
608300,2.4305990503872161e+02,2.3857133238923893e+00
608400,2.4305866975048210e+02,2.3857111166989440e+00
608500,2.4305826144742909e+02,2.3857103871470540e+00
608600,2.4305742964747239e+02,2.3857089008912600e+00
608700,2.4305611332632529e+02,2.3857065488851541e+00
608800,2.4305574368293011e+02,2.3857058884030677e+00
608900,2.4305528699715109e+02,2.3857050723914930e+00
609000,2.4305423923053581e+02,2.3857032002238650e+00
609100,2.4305129467921461e+02,2.3856979388050936e+00
609200,2.4305087152741999e+02,2.3856971826986526e+00
609300,2.4305067022466079e+02,2.3856968230014703e+00
609400,2.4304980890306001e+02,2.3856952839483960e+00
609500,2.4304861814009811e+02,2.3856931562238248e+00
609600,2.4304774598752519e+02,2.3856915978042283e+00
609700,2.4304707003824441e+02,2.3856903899697359e+00
609800,2.4304656960890131e+02,2.3856894957646508e+00
609900,2.4304592828637959e+02,2.3856883497982615e+00
610000,2.4304532946848039e+02,2.3856872797798023e+00
610100,2.4304382119274521e+02,2.3856845846534944e+00
610200,2.4304367210923920e+02,2.3856843182564162e+00
610300,2.4304292783710551e+02,2.3856829883152875e+00
610400,2.4304222131791639e+02,2.3856817258311911e+00
610500,2.4304171293277770e+02,2.3856808173919490e+00
610600,2.4304119214994719e+02,2.3856798867971585e+00
610700,2.4303972680670950e+02,2.3856772683422576e+00
610800,2.4303893484713251e+02,2.3856758531652451e+00
610900,2.4303797609877640e+02,2.3856741399420440e+00
611000,2.4303706556535431e+02,2.3856725128696503e+00
611100,2.4303559041572581e+02,2.3856698768466784e+00
611200,2.4303438643476059e+02,2.3856677253774889e+00
611300,2.4303282431328910e+02,2.3856649339086546e+00
611400,2.4303176598963520e+02,2.3856630427027032e+00
611500,2.4303144540438379e+02,2.3856624698208129e+00
611600,2.4303144540438379e+02,2.3856624698208129e+00
611700,2.4302916277385481e+02,2.3856583907663644e+00
611800,2.4302887829383189e+02,2.3856578823986649e+00
611900,2.4302887829383189e+02,2.3856578823986649e+00
612000,2.4302786783127911e+02,2.3856560766905273e+00
612100,2.4302782162003811e+02,2.3856559941103317e+00
612200,2.4302661055901510e+02,2.3856538299201313e+00
612300,2.4302588619711290e+02,2.3856525354658116e+00
612400,2.4302516465747320e+02,2.3856512460511152e+00
612500,2.4302516465747320e+02,2.3856512460511152e+00
612600,2.4302446489856871e+02,2.3856499955556418e+00
612700,2.4302379558276249e+02,2.3856487994597599e+00
612800,2.4302336337085700e+02,2.3856480270769076e+00
612900,2.4302280318331779e+02,2.3856470259935789e+00
613000,2.4302200362088209e+02,2.3856455971312647e+00
613100,2.4302129630679559e+02,2.3856443331179360e+00
613200,2.4302098557376860e+02,2.3856437778179385e+00
613300,2.4302059469102599e+02,2.3856430792842116e+00
613400,2.4301946377495850e+02,2.3856410582548784e+00
613500,2.4301890033275339e+02,2.3856400513391343e+00
613600,2.4301810392997169e+02,2.3856386281004491e+00
613700,2.4301781029677690e+02,2.3856381033520822e+00
613800,2.4301689118884750e+02,2.3856364608212060e+00
613900,2.4301621267624171e+02,2.3856352482524397e+00
614000,2.4301545376474999e+02,2.3856338919989448e+00
614100,2.4301348351230811e+02,2.3856303709338480e+00
614200,2.4301257021334740e+02,2.3856287387550958e+00
614300,2.4301151069342700e+02,2.3856268452536296e+00
614400,2.4301000136232619e+02,2.3856241478661593e+00
614500,2.4300901542857619e+02,2.3856223858545000e+00
614600,2.4300792894037980e+02,2.3856204441286657e+00
614700,2.4300580568613961e+02,2.3856166495132691e+00
614800,2.4300580568613961e+02,2.3856166495132691e+00
614900,2.4300423955531269e+02,2.3856138505506439e+00
615000,2.4300356103551400e+02,2.3856126379058917e+00
615100,2.4300200400286391e+02,2.3856098551777229e+00
615200,2.4300143855488770e+02,2.3856088446048980e+00
615300,2.4299991200386339e+02,2.3856061163298206e+00
615400,2.4299790772883910e+02,2.3856025342331613e+00
615500,2.4299675412457921e+02,2.3856004724658058e+00
615600,2.4299521050852491e+02,2.3855977136385684e+00
615700,2.4299512654375960e+02,2.3855975635720692e+00
615800,2.4299356760718811e+02,2.3855947773444934e+00
615900,2.4299205000263831e+02,2.3855920649708846e+00
616000,2.4299159745672179e+02,2.3855912561445161e+00
616100,2.4299142223697100e+02,2.3855909429773154e+00
616200,2.4299047464706450e+02,2.3855892493625115e+00
616300,2.4298942968408991e+02,2.3855873817064639e+00
616400,2.4298907160903849e+02,2.3855867417192278e+00
616500,2.4298836579753581e+02,2.3855854802201653e+00
616600,2.4298729629701359e+02,2.3855835686916200e+00
616700,2.4298650388306910e+02,2.3855821523971477e+00
616800,2.4298540468646200e+02,2.3855801877773306e+00
616900,2.4298540468646200e+02,2.3855801877773306e+00
617000,2.4298488067940579e+02,2.3855792512041294e+00
617100,2.4298421127692220e+02,2.3855780547584722e+00
617200,2.4298255423215940e+02,2.3855750930522492e+00
617300,2.4298255423215940e+02,2.3855750930522492e+00
617400,2.4298255423215940e+02,2.3855750930522492e+00
617500,2.4298155883364120e+02,2.3855733139246467e+00
617600,2.4298037533113839e+02,2.3855711985795129e+00
617700,2.4297923004567821e+02,2.3855691515321862e+00
617800,2.4297923004567821e+02,2.3855691515321862e+00
617900,2.4297832547463989e+02,2.3855675347234504e+00
618000,2.4297736720060630e+02,2.3855658219206943e+00
618100,2.4297616523990720e+02,2.3855636735469745e+00
618200,2.4297538103829140e+02,2.3855622718663456e+00
618300,2.4297504083007360e+02,2.3855616637773513e+00
618400,2.4297390461263350e+02,2.3855596328933699e+00
618500,2.4297335463951299e+02,2.3855586498636816e+00
618600,2.4297230805346101e+02,2.3855567791749110e+00
618700,2.4297053852127931e+02,2.3855536162594877e+00
618800,2.4296955423298471e+02,2.3855518569028047e+00
618900,2.4296783593229409e+02,2.3855487855256134e+00
619000,2.4296783593229409e+02,2.3855487855256134e+00
619100,2.4296706314535501e+02,2.3855474042002385e+00
619200,2.4296537512812441e+02,2.3855443869224819e+00
619300,2.4296494876631891e+02,2.3855436248108361e+00
619400,2.4296363917369351e+02,2.3855412839366221e+00
619500,2.4296232868415439e+02,2.3855389414465593e+00
619600,2.4295970193415010e+02,2.3855342461129037e+00
619700,2.4295946668796140e+02,2.3855338256062506e+00
619800,2.4295767363845579e+02,2.3855306204857003e+00
619900,2.4295665269629299e+02,2.3855287955156443e+00
620000,2.4295587870021041e+02,2.3855274119652892e+00
620100,2.4295484269482381e+02,2.3855255600554517e+00
620200,2.4295421200229731e+02,2.3855244326581273e+00
620300,2.4295291993059740e+02,2.3855221230002828e+00
620400,2.4295197272646189e+02,2.3855204298066743e+00
620500,2.4295110738323001e+02,2.3855188829393836e+00
620600,2.4295051633879831e+02,2.3855178263990360e+00
620700,2.4294988836310691e+02,2.3855167038382192e+00
620800,2.4294874862935080e+02,2.3855146664582247e+00
620900,2.4294803105488000e+02,2.3855133837222775e+00
621000,2.4294780472830089e+02,2.3855129791401546e+00
621100,2.4294641540669269e+02,2.3855104955761068e+00
621200,2.4294580909029739e+02,2.3855094117149069e+00
621300,2.4294511303294121e+02,2.3855081674279481e+00
621400,2.4294468525209601e+02,2.3855074027160272e+00
621500,2.4294390042826629e+02,2.3855059997414827e+00
621600,2.4294271931144169e+02,2.3855038883331887e+00
621700,2.4294239658194621e+02,2.3855033114081734e+00
621800,2.4294152148926059e+02,2.3855017470512956e+00
621900,2.4294093965786030e+02,2.3855007069389771e+00
622000,2.4294016642292701e+02,2.3854993246598126e+00
622100,2.4293953702516680e+02,2.3854981995089890e+00
622200,2.4293814833581590e+02,2.3854957169906914e+00
622300,2.4293787926928391e+02,2.3854952359868822e+00
622400,2.4293712067491990e+02,2.3854938798629970e+00
622500,2.4293678831866100e+02,2.3854932857150644e+00
622600,2.4293600538732130e+02,2.3854918860781020e+00
622700,2.4293539398084360e+02,2.3854907930709408e+00
622800,2.4293466469152051e+02,2.3854894893218290e+00
622900,2.4293401266529551e+02,2.3854883236924942e+00
623000,2.4293364686263359e+02,2.3854876697445540e+00
623100,2.4293270937405461e+02,2.3854859937852644e+00
623200,2.4293164914206139e+02,2.3854840983883450e+00
623300,2.4293133553291270e+02,2.3854835377417136e+00
623400,2.4293054454391930e+02,2.3854821236684178e+00
623500,2.4292938365078800e+02,2.3854800482987413e+00
623600,2.4292887013789601e+02,2.3854791302704332e+00
623700,2.4292795923990221e+02,2.3854775018155125e+00
623800,2.4292790455112441e+02,2.3854774040456337e+00
623900,2.4292652465888429e+02,2.3854749371355903e+00
624000,2.4292624348279421e+02,2.3854744344597494e+00
624100,2.4292528086256630e+02,2.3854727135197824e+00
624200,2.4292493411237680e+02,2.3854720936098217e+00
624300,2.4292331218143681e+02,2.3854691939568431e+00
624400,2.4292199832017801e+02,2.3854668450499692e+00
624500,2.4292127728036300e+02,2.3854655559774285e+00
624600,2.4292053180332229e+02,2.3854642232120749e+00
624700,2.4291922386120621e+02,2.3854618848606450e+00
624800,2.4291812934316391e+02,2.3854599280611404e+00
624900,2.4291730288272771e+02,2.3854584504941161e+00
625000,2.4291653116677961e+02,2.3854570707961438e+00
625100,2.4291518846386521e+02,2.3854546702593198e+00
625200,2.4291487426292750e+02,2.3854541085166696e+00
625300,2.4291441542537930e+02,2.3854532881848391e+00
625400,2.4291401918726680e+02,2.3854525797700430e+00
625500,2.4291326547411569e+02,2.3854512322398698e+00
625600,2.4291254083475300e+02,2.3854499366854860e+00
625700,2.4291224645680381e+02,2.3854494103775568e+00
625800,2.4291015880789180e+02,2.3854456779255626e+00
625900,2.4290999547285330e+02,2.3854453859018361e+00
626000,2.4290922081650109e+02,2.3854440009052453e+00
626100,2.4290852860435669e+02,2.3854427633056932e+00
626200,2.4290712870553409e+02,2.3854402604290370e+00
626300,2.4290674047845411e+02,2.3854395663159651e+00
626400,2.4290482895291009e+02,2.3854361486740312e+00
626500,2.4290314872630120e+02,2.3854331445523287e+00
626600,2.4290258458830951e+02,2.3854321359103960e+00
626700,2.4290246673198109e+02,2.3854319251906726e+00
626800,2.4290171320814349e+02,2.3854305779348923e+00
626900,2.4290067664548801e+02,2.3854287246157209e+00
627000,2.4289999702012341e+02,2.3854275094772426e+00
627100,2.4289947878436161e+02,2.3854265828935683e+00
627200,2.4289850491102970e+02,2.3854248416437964e+00
627300,2.4289749669637740e+02,2.3854230389856492e+00
627400,2.4289736682644661e+02,2.3854228067814884e+00
627500,2.4289605645444831e+02,2.3854204638624581e+00
627600,2.4289596271935969e+02,2.3854202962655027e+00
627700,2.4289508923730139e+02,2.3854187344893583e+00
627800,2.4289426236516749e+02,2.3854172560460629e+00
627900,2.4289394416739970e+02,2.3854166871086830e+00
628000,2.4289387549047430e+02,2.3854165643142919e+00
628100,2.4289346661593061e+02,2.3854158332456010e+00
628200,2.4289249620174130e+02,2.3854140981377148e+00
628300,2.4289230421245841e+02,2.3854137548586083e+00
628400,2.4289176148583351e+02,2.3854127844555215e+00
628500,2.4289122938063841e+02,2.3854118330416005e+00
628600,2.4289104332647710e+02,2.3854115003728307e+00
628700,2.4289034710429291e+02,2.3854102555105996e+00
628800,2.4288922627822009e+02,2.3854082514387724e+00
628900,2.4288865692115141e+02,2.3854072334071090e+00
629000,2.4288771597382399e+02,2.3854055509529806e+00
629100,2.4288697623934169e+02,2.3854042282714625e+00
629200,2.4288572626362290e+02,2.3854019932444452e+00
629300,2.4288465600754091e+02,2.3854000795571246e+00
629400,2.4288435638539411e+02,2.3853995438117734e+00
629500,2.4288346324937149e+02,2.3853979468181872e+00
629600,2.4288287847000871e+02,2.3853969011860445e+00
629700,2.4288247452003770e+02,2.3853961788898070e+00
629800,2.4288116660378660e+02,2.3853938402182284e+00
629900,2.4287995450116159e+02,2.3853916728587645e+00
630000,2.4287977824538839e+02,2.3853913576950960e+00
630100,2.4287854199575281e+02,2.3853891471456410e+00
630200,2.4287838597326601e+02,2.3853888681595841e+00
630300,2.4287743039715690e+02,2.3853871594762608e+00
630400,2.4287735780395860e+02,2.3853870296707451e+00
630500,2.4287648168193209e+02,2.3853854630543618e+00
630600,2.4287555222444109e+02,2.3853838010612818e+00
630700,2.4287457022392391e+02,2.3853820451074026e+00
630800,2.4287404353878830e+02,2.3853811033180015e+00
630900,2.4287351294889939e+02,2.3853801545442699e+00
631000,2.4287232014216150e+02,2.3853780216206335e+00
631100,2.4287145908363121e+02,2.3853764819077878e+00
631200,2.4287089009516311e+02,2.3853754644607714e+00
631300,2.4286989707873840e+02,2.3853736887747883e+00
631400,2.4286907119044020e+02,2.3853722119374163e+00
631500,2.4286884131317771e+02,2.3853718008744789e+00
631600,2.4286813325526779e+02,2.3853705347339162e+00
631700,2.4286648912600529e+02,2.3853675947076822e+00
631800,2.4286599076994659e+02,2.3853667035451793e+00
631900,2.4286583028213420e+02,2.3853664165597759e+00
632000,2.4286496284211509e+02,2.3853648653943194e+00
632100,2.4286414195598661e+02,2.3853633974719224e+00
632200,2.4286323745004060e+02,2.3853617800134144e+00
632300,2.4286240580285201e+02,2.3853602928373103e+00
632400,2.4286060481344350e+02,2.3853570722373183e+00
632500,2.4286017613778421e+02,2.3853563056591498e+00
632600,2.4285944077129400e+02,2.3853549906387235e+00
632700,2.4285842698004009e+02,2.3853531777181920e+00
632800,2.4285821310636530e+02,2.3853527952558711e+00
632900,2.4285800996475459e+02,2.3853524319849884e+00
633000,2.4285695424401430e+02,2.3853505440724234e+00
633100,2.4285602680876300e+02,2.3853488855620371e+00
633200,2.4285362930482401e+02,2.3853445981334551e+00
633300,2.4285341784510041e+02,2.3853442199804444e+00
633400,2.4285187203985990e+02,2.3853414556099506e+00
633500,2.4285017380978701e+02,2.3853384186371560e+00
633600,2.4284900896321881e+02,2.3853363355105843e+00
633700,2.4284663652811670e+02,2.3853320927899295e+00
633800,2.4284663652811670e+02,2.3853320927899295e+00
633900,2.4284548764998669e+02,2.3853300381902875e+00
634000,2.4284437310225181e+02,2.3853280449762213e+00
634100,2.4284308916244251e+02,2.3853257488165811e+00
634200,2.4284265502881610e+02,2.3853249724222128e+00
634300,2.4284192144179991e+02,2.3853236604892891e+00
634400,2.4284132808164409e+02,2.3853225993324894e+00
634500,2.4283933613810041e+02,2.3853190369502366e+00
634600,2.4283854153939629e+02,2.3853176158855831e+00
634700,2.4283672239319489e+02,2.3853143624970921e+00
634800,2.4283568514492970e+02,2.3853125074557475e+00
634900,2.4283561895372500e+02,2.3853123890774337e+00
635000,2.4283438051545090e+02,2.3853101742117464e+00
635100,2.4283319518915940e+02,2.3853080543227794e+00
635200,2.4283255359675320e+02,2.3853069068667674e+00
635300,2.4283198694815039e+02,2.3853058934414881e+00
635400,2.4283124587720320e+02,2.3853045680662017e+00
635500,2.4283013546421250e+02,2.3853025821301030e+00
635600,2.4282960761261711e+02,2.3853016380821832e+00
635700,2.4282912510058989e+02,2.3853007751210265e+00
635800,2.4282817863231401e+02,2.3852990823802962e+00
635900,2.4282777481530670e+02,2.3852983601591569e+00
636000,2.4282740688413131e+02,2.3852977021182866e+00
636100,2.4282717064148659e+02,2.3852972796003828e+00
636200,2.4282617197473709e+02,2.3852954934890955e+00
636300,2.4282529459134309e+02,2.3852939242865179e+00
636400,2.4282456996495341e+02,2.3852926282859817e+00
636500,2.4282436647514649e+02,2.3852922643420147e+00
636600,2.4282420039521330e+02,2.3852919673058306e+00
636700,2.4282369406262791e+02,2.3852910617219689e+00
636800,2.4282314653786801e+02,2.3852900824631247e+00
636900,2.4282241599171701e+02,2.3852887758634700e+00
637000,2.4282102661371519e+02,2.3852862909160928e+00
637100,2.4282033410586749e+02,2.3852850523381575e+00
637200,2.4281961465048829e+02,2.3852837655597448e+00
637300,2.4281895098783090e+02,2.3852825785657523e+00
637400,2.4281807807678351e+02,2.3852810173155659e+00
637500,2.4281722734846289e+02,2.3852794957350256e+00
637600,2.4281597344262741e+02,2.3852772530366915e+00
637700,2.4281469146284550e+02,2.3852749601141667e+00
637800,2.4281386264228749e+02,2.3852734776964142e+00
637900,2.4281306886230891e+02,2.3852720579470463e+00
638000,2.4281162055737721e+02,2.3852694675069239e+00
638100,2.4281032862875341e+02,2.3852671567486343e+00
638200,2.4281003894659531e+02,2.3852666386181309e+00
638300,2.4280892587012320e+02,2.3852646477446071e+00
638400,2.4280828414232559e+02,2.3852634999317388e+00
638500,2.4280669968547070e+02,2.3852606659134659e+00
638600,2.4280629996125950e+02,2.3852599509490009e+00
638700,2.4280497061171539e+02,2.3852575732069408e+00
638800,2.4280433818942001e+02,2.3852564420197573e+00
638900,2.4280348411157630e+02,2.3852549143619330e+00
639000,2.4280203451194140e+02,2.3852523215037458e+00
639100,2.4280202272718449e+02,2.3852523004246180e+00
639200,2.4280125404245140e+02,2.3852509254934597e+00
639300,2.4280021771905129e+02,2.3852490718354282e+00
639400,2.4280004050029200e+02,2.3852487548457728e+00
639500,2.4279862332314539e+02,2.3852462199449977e+00
639600,2.4279835192516589e+02,2.3852457344945073e+00
639700,2.4279822829979059e+02,2.3852455133651977e+00
639800,2.4279761114018390e+02,2.3852444094471248e+00
639900,2.4279662836502351e+02,2.3852426515439440e+00
640000,2.4279502064903610e+02,2.3852397757853381e+00
640100,2.4279459583551099e+02,2.3852390159084234e+00
640200,2.4279379912935110e+02,2.3852375908122201e+00
640300,2.4279313222755951e+02,2.3852363978980402e+00
640400,2.4279144372061091e+02,2.3852333775827881e+00
640500,2.4279045287028760e+02,2.3852316051904037e+00
640600,2.4279045287028760e+02,2.3852316051904037e+00
640700,2.4279022353106089e+02,2.3852311949567784e+00
640800,2.4278942195078281e+02,2.3852297611162339e+00
640900,2.4278777688193799e+02,2.3852268184561445e+00
641000,2.4278576761274891e+02,2.3852232242960780e+00
641100,2.4278576761274891e+02,2.3852232242960780e+00
641200,2.4278540418883520e+02,2.3852225742039415e+00
641300,2.4278483059957759e+02,2.3852215481663812e+00
641400,2.4278363220874940e+02,2.3852194044747552e+00
641500,2.4278324968573469e+02,2.3852187202121304e+00
641600,2.4278261199886560e+02,2.3852175795063673e+00
641700,2.4278188746166339e+02,2.3852162834375270e+00
641800,2.4278151290836800e+02,2.3852156134264462e+00
641900,2.4278093906349429e+02,2.3852145869151862e+00
642000,2.4278050035965339e+02,2.3852138021467026e+00
642100,2.4277914456706199e+02,2.3852113768494307e+00
642200,2.4277781657598300e+02,2.3852090012715119e+00
642300,2.4277767161753721e+02,2.3852087419616921e+00
642400,2.4277672003461669e+02,2.3852070397128049e+00
642500,2.4277613534857841e+02,2.3852059937878667e+00
642600,2.4277586831087390e+02,2.3852055160923751e+00
642700,2.4277492662078291e+02,2.3852038315278996e+00
642800,2.4277465431629500e+02,2.3852033444083913e+00
642900,2.4277465241212349e+02,2.3852033410020588e+00
643000,2.4277398422162631e+02,2.3852021456884533e+00
643100,2.4277355166713949e+02,2.3852013718979883e+00
643200,2.4277227015724679e+02,2.3851990794153850e+00
643300,2.4277227015724679e+02,2.3851990794153850e+00
643400,2.4277147471777889e+02,2.3851976564541162e+00
643500,2.4277034568566810e+02,2.3851956367211291e+00
643600,2.4276949628719919e+02,2.3851941172204163e+00
643700,2.4276718590244150e+02,2.3851899841141520e+00
643800,2.4276703296158450e+02,2.3851897105129614e+00
643900,2.4276671328602080e+02,2.3851891386337276e+00
644000,2.4276538866551229e+02,2.3851867689639361e+00
644100,2.4276441085846531e+02,2.3851850197151556e+00
644200,2.4276388280513609e+02,2.3851840750507556e+00
644300,2.4276303524828060e+02,2.3851825588041717e+00
644400,2.4276158220422201e+02,2.3851799593519756e+00
644500,2.4276095336741469e+02,2.3851788343769829e+00
644600,2.4275951018127580e+02,2.3851762525382201e+00
644700,2.4275918159445050e+02,2.3851756646990800e+00
644800,2.4275775713859389e+02,2.3851731163500158e+00
644900,2.4275709134878639e+02,2.3851719252480739e+00
645000,2.4275573525047560e+02,2.3851694991699928e+00
645100,2.4275467181832889e+02,2.3851675966661272e+00
645200,2.4275339743614219e+02,2.3851653167569493e+00
645300,2.4275288693530240e+02,2.3851644034517876e+00
645400,2.4275145579713231e+02,2.3851618430816512e+00
645500,2.4275145579713231e+02,2.3851618430816512e+00
645600,2.4275045843388821e+02,2.3851600587453152e+00
645700,2.4275011160725410e+02,2.3851594382521473e+00
645800,2.4274929590743201e+02,2.3851579789138819e+00
645900,2.4274763836724460e+02,2.3851550134551691e+00
646000,2.4274763836724460e+02,2.3851550134551691e+00
646100,2.4274738354205189e+02,2.3851545575527600e+00
646200,2.4274588496261620e+02,2.3851518764660309e+00
646300,2.4274573829784910e+02,2.3851516140693345e+00
646400,2.4274542300506650e+02,2.3851510499811424e+00
646500,2.4274469489498821e+02,2.3851497473215102e+00
646600,2.4274379310376480e+02,2.3851481339240279e+00
646700,2.4274379310376480e+02,2.3851481339240279e+00
646800,2.4274328425412571e+02,2.3851472235369107e+00
646900,2.4274195026555810e+02,2.3851448368778212e+00
647000,2.4274086903202590e+02,2.3851429024169590e+00
647100,2.4274086903202590e+02,2.3851429024169590e+00
647200,2.4274013324204009e+02,2.3851415859925091e+00
647300,2.4273877594183941e+02,2.3851391575945855e+00
647400,2.4273877594183941e+02,2.3851391575945855e+00
647500,2.4273844013927410e+02,2.3851385567952224e+00
647600,2.4273774264082419e+02,2.3851373088669465e+00
647700,2.4273762709297100e+02,2.3851371021343368e+00
647800,2.4273720759058770e+02,2.3851363515802104e+00
647900,2.4273593168100581e+02,2.3851340687742382e+00
648000,2.4273593168100581e+02,2.3851340687742382e+00
648100,2.4273505842307461e+02,2.3851325063694455e+00
648200,2.4273439435221530e+02,2.3851313182316209e+00
648300,2.4273386520594971e+02,2.3851303714949448e+00
648400,2.4273281396840551e+02,2.3851284906380941e+00
648500,2.4273267685082760e+02,2.3851282453089881e+00
648600,2.4273055682044500e+02,2.3851244521587232e+00
648700,2.4272971624996529e+02,2.3851229482040592e+00
648800,2.4272897178356050e+02,2.3851216161951383e+00
648900,2.4272778117114260e+02,2.3851194859275089e+00
649000,2.4272778117114260e+02,2.3851194859275089e+00
649100,2.4272652147620741e+02,2.3851172320446770e+00
649200,2.4272633554995389e+02,2.3851168993790233e+00
649300,2.4272525226745341e+02,2.3851149611276132e+00
649400,2.4272434626497471e+02,2.3851133400659075e+00
649500,2.4272381858403699e+02,2.3851123959118823e+00
649600,2.4272328372354249e+02,2.3851114389097283e+00
649700,2.4272244373060431e+02,2.3851099359433725e+00
649800,2.4272157469820721e+02,2.3851083810123801e+00
649900,2.4272157469820721e+02,2.3851083810123801e+00
650000,2.4272052564468859e+02,2.3851065039681187e+00
650100,2.4272031948472730e+02,2.3851061350904916e+00
650200,2.4271967295267359e+02,2.3851049782624276e+00
650300,2.4271958773864060e+02,2.3851048257902758e+00
650400,2.4271875455867641e+02,2.3851033349914270e+00
650500,2.4271825715399001e+02,2.3851024449887888e+00
650600,2.4271755021085141e+02,2.3851011800573625e+00
650700,2.4271657540962110e+02,2.3850994358421418e+00
650800,2.4271621014221091e+02,2.3850987822660943e+00
650900,2.4271502070048470e+02,2.3850966539811989e+00
651000,2.4271495463449779e+02,2.3850965357680884e+00
651100,2.4271453131690899e+02,2.3850957783172198e+00
651200,2.4271413697777879e+02,2.3850950727169149e+00
651300,2.4271313272407130e+02,2.3850932757768959e+00
651400,2.4271266897975309e+02,2.3850924459833509e+00
651500,2.4271219638246680e+02,2.3850916003472564e+00
651600,2.4271164374208709e+02,2.3850906114849573e+00
651700,2.4271066820360949e+02,2.3850888659080964e+00
651800,2.4270990765538309e+02,2.3850875050185323e+00
651900,2.4270889324484099e+02,2.3850856898729300e+00
652000,2.4270815599153809e+02,2.3850843706566325e+00
652100,2.4270778429249390e+02,2.3850837055493281e+00
652200,2.4270695682739151e+02,2.3850822249040262e+00
652300,2.4270610950352611e+02,2.3850807087187209e+00
652400,2.4270577376262440e+02,2.3850801079488346e+00
652500,2.4270551943737590e+02,2.3850796528623808e+00
652600,2.4270405144333199e+02,2.3850770260426764e+00
652700,2.4270344843252300e+02,2.3850759470141614e+00
652800,2.4270281593317759e+02,2.3850748152159311e+00
652900,2.4270156527838310e+02,2.3850725772778443e+00
653000,2.4270150224979619e+02,2.3850724644933594e+00
653100,2.4269969598053839e+02,2.3850692323102733e+00
653200,2.4269905710133310e+02,2.3850680890781915e+00
653300,2.4269868961030559e+02,2.3850674314759406e+00
653400,2.4269811010723981e+02,2.3850663944893604e+00
653500,2.4269761297864861e+02,2.3850655049050742e+00
653600,2.4269645933768280e+02,2.3850634405209616e+00
653700,2.4269597471838799e+02,2.3850625733154973e+00
653800,2.4269557231848341e+02,2.3850618532367935e+00
653900,2.4269448181069129e+02,2.3850599018102550e+00
654000,2.4269392254104221e+02,2.3850589010128713e+00
654100,2.4269376958274941e+02,2.3850586272978860e+00
654200,2.4269265153996821e+02,2.3850566265834479e+00
654300,2.4269214058674490e+02,2.3850557122401517e+00
654400,2.4269179910796561e+02,2.3850551011678132e+00
654500,2.4269135370433381e+02,2.3850543041218573e+00
654600,2.4269099506473469e+02,2.3850536623383261e+00
654700,2.4269036520136240e+02,2.3850525351990934e+00
654800,2.4268949518548700e+02,2.3850509783026310e+00
654900,2.4268910020926981e+02,2.3850502714894617e+00
655000,2.4268848482829981e+02,2.3850491702578940e+00
655100,2.4268815771596999e+02,2.3850485848853507e+00
655200,2.4268755500379930e+02,2.3850475063205892e+00
655300,2.4268715110595400e+02,2.3850467835363021e+00
655400,2.4268679069412661e+02,2.3850461385702073e+00
655500,2.4268609449319521e+02,2.3850448926982932e+00
655600,2.4268586055821450e+02,2.3850444740640060e+00
655700,2.4268524838166269e+02,2.3850433785521656e+00
655800,2.4268501792195929e+02,2.3850429661355657e+00
655900,2.4268403256299180e+02,2.3850412027929631e+00
656000,2.4268294851858721e+02,2.3850392628402206e+00
656100,2.4268268557008821e+02,2.3850387922791669e+00
656200,2.4268246358105719e+02,2.3850383950169762e+00
656300,2.4268203630933519e+02,2.3850376303885321e+00
656400,2.4268161392798461e+02,2.3850368745103787e+00
656500,2.4268052224997459e+02,2.3850349208774091e+00
656600,2.4268024030482951e+02,2.3850344163157300e+00
656700,2.4267908917621889e+02,2.3850323562799041e+00
656800,2.4267863757335451e+02,2.3850315480981394e+00
656900,2.4267738333166230e+02,2.3850293035179861e+00
657000,2.4267738333166230e+02,2.3850293035179861e+00
657100,2.4267596368477680e+02,2.3850267629161239e+00
657200,2.4267594709956069e+02,2.3850267332351125e+00
657300,2.4267534843634050e+02,2.3850256618621279e+00
657400,2.4267419370873401e+02,2.3850235953439420e+00
657500,2.4267351641960431e+02,2.3850223832523816e+00
657600,2.4267343800429811e+02,2.3850222429184020e+00
657700,2.4267246638509189e+02,2.3850205040807775e+00
657800,2.4267218070144961e+02,2.3850199928118054e+00
657900,2.4267128570343289e+02,2.3850183910896154e+00
658000,2.4267035724403260e+02,2.3850167294774289e+00
658100,2.4266996545519109e+02,2.3850160283128070e+00
658200,2.4266869512149290e+02,2.3850137548532206e+00
658300,2.4266797488569051e+02,2.3850124658740275e+00
658400,2.4266782869734129e+02,2.3850122042457160e+00
658500,2.4266741183657791e+02,2.3850114582033348e+00
658600,2.4266648163352411e+02,2.3850097934440475e+00
658700,2.4266559842814669e+02,2.3850082127893266e+00
658800,2.4266505626622731e+02,2.3850072424903042e+00
658900,2.4266405674099809e+02,2.3850054536493714e+00
659000,2.4266269729871280e+02,2.3850030206564319e+00
659100,2.4266263505413119e+02,2.3850029092570200e+00
659200,2.4266236026833610e+02,2.3850024174712861e+00
659300,2.4266210269855910e+02,2.3850019564966543e+00
659400,2.4266104949466100e+02,2.3850000715643600e+00
659500,2.4265945627319900e+02,2.3849972201402756e+00
659600,2.4265910390059119e+02,2.3849965894886100e+00
659700,2.4265769617928279e+02,2.3849940700390624e+00
659800,2.4265698242450230e+02,2.3849927926008299e+00
659900,2.4265641215897890e+02,2.3849917719689131e+00
660000,2.4265452045745440e+02,2.3849883862816013e+00
660100,2.4265440220077079e+02,2.3849881746299180e+00
660200,2.4265292051173131e+02,2.3849855227458701e+00
660300,2.4265168780063740e+02,2.3849833164629843e+00
660400,2.4265026431832871e+02,2.3849807687274596e+00
660500,2.4264967162448011e+02,2.3849797079250616e+00
660600,2.4264928105985311e+02,2.3849790088917695e+00
660700,2.4264824964423221e+02,2.3849771628567726e+00
660800,2.4264665508221631e+02,2.3849743088829198e+00
660900,2.4264588697217880e+02,2.3849729340999923e+00
661000,2.4264558512304839e+02,2.3849723938415321e+00
661100,2.4264444918919679e+02,2.3849703607076589e+00
661200,2.4264412523612921e+02,2.3849697808834596e+00
661300,2.4264357882959479e+02,2.3849688029013643e+00
661400,2.4264319428913629e+02,2.3849681146328665e+00
661500,2.4264284036881710e+02,2.3849674811687618e+00
661600,2.4264223471244631e+02,2.3849663971328692e+00
661700,2.4264147258678901e+02,2.3849650330361047e+00
661800,2.4264140055002900e+02,2.3849649041003063e+00
661900,2.4264113850012470e+02,2.3849644350670394e+00
662000,2.4263951825547841e+02,2.3849615350408402e+00
662100,2.4263936357133750e+02,2.3849612581754278e+00
662200,2.4263787225351689e+02,2.3849585888925833e+00
662300,2.4263702827833140e+02,2.3849570782693652e+00
662400,2.4263628732400750e+02,2.3849557520378837e+00
662500,2.4263494738637010e+02,2.3849533536780370e+00
662600,2.4263384861006071e+02,2.3849513869639520e+00
662700,2.4263259997825139e+02,2.3849491520107371e+00
662800,2.4263167026149461e+02,2.3849474878830361e+00
662900,2.4263086934537199e+02,2.3849460542943119e+00
663000,2.4262879605337341e+02,2.3849423432120251e+00
663100,2.4262879605337341e+02,2.3849423432120251e+00
663200,2.4262727069027201e+02,2.3849396128730422e+00
663300,2.4262653095245389e+02,2.3849382887657344e+00
663400,2.4262486981761199e+02,2.3849353153721724e+00
663500,2.4262336331048800e+02,2.3849326187411028e+00
663600,2.4262317319290739e+02,2.3849322784315490e+00
663700,2.4262145183626720e+02,2.3849291971993143e+00
663800,2.4262024938432259e+02,2.3849270447946753e+00
663900,2.4261933430540259e+02,2.3849254067843448e+00
664000,2.4261836596404279e+02,2.3849236734264094e+00
664100,2.4261765480646500e+02,2.3849224004301823e+00
664200,2.4261672337799459e+02,2.3849207331359299e+00
664300,2.4261569464365070e+02,2.3849188916528288e+00
664400,2.4261483671291430e+02,2.3849173559102876e+00
664500,2.4261179592940320e+02,2.3849119126991747e+00
664600,2.4260842421166939e+02,2.3849058770133333e+00
664700,2.4260556111904219e+02,2.3849007517475052e+00
664800,2.4260556111904219e+02,2.3849007517475052e+00
664900,2.4260556111904219e+02,2.3849007517475052e+00
665000,2.4260344375296140e+02,2.3848969613792477e+00
665100,2.4260051132819319e+02,2.3848917118923789e+00
665200,2.4260051132819319e+02,2.3848917118923789e+00
665300,2.4259847688243281e+02,2.3848880698873915e+00
665400,2.4259499324984901e+02,2.3848818335198341e+00
665500,2.4259469802608629e+02,2.3848813050088067e+00
665600,2.4259328795475651e+02,2.3848787806833274e+00
665700,2.4259105991348159e+02,2.3848747919889872e+00
665800,2.4258783161831761e+02,2.3848690125505154e+00
665900,2.4258747458928841e+02,2.3848683733764471e+00
666000,2.4258693112883410e+02,2.3848674004402257e+00
666100,2.4258566558513851e+02,2.3848651347778724e+00
666200,2.4258416044964270e+02,2.3848624401666032e+00
666300,2.4258162622161231e+02,2.3848579031556278e+00
666400,2.4258118735493281e+02,2.3848571174508217e+00
666500,2.4258088823252771e+02,2.3848565819299457e+00
666600,2.4257977523497860e+02,2.3848545893170634e+00
666700,2.4257890583980901e+02,2.3848530328220878e+00
666800,2.4257765477499740e+02,2.3848507930067857e+00
666900,2.4257709378927890e+02,2.3848497886550701e+00
667000,2.4257470263047179e+02,2.3848455076564923e+00
667100,2.4257296992621639e+02,2.3848424054921846e+00
667200,2.4257104774617611e+02,2.3848389640720935e+00
667300,2.4257091042418261e+02,2.3848387182134001e+00
667400,2.4257057241123789e+02,2.3848381130408396e+00
667500,2.4256987896153450e+02,2.3848368714977819e+00
667600,2.4256739625737171e+02,2.3848324264684133e+00
667700,2.4256577081319730e+02,2.3848295162512461e+00
667800,2.4256379836238531e+02,2.3848259847225250e+00
667900,2.4256379836238531e+02,2.3848259847225250e+00
668000,2.4256187063493641e+02,2.3848225332399622e+00
668100,2.4256137220336279e+02,2.3848216408230960e+00
668200,2.4256114906123659e+02,2.3848212412976570e+00
668300,2.4255926853117521e+02,2.3848178742827919e+00
668400,2.4255861281299761e+02,2.3848167002391332e+00
668500,2.4255827586220281e+02,2.3848160969376431e+00
668600,2.4255722633597591e+02,2.3848142177833100e+00
668700,2.4255664483819061e+02,2.3848131766204230e+00
668800,2.4255471779916701e+02,2.3848097262686943e+00
668900,2.4255471779916701e+02,2.3848097262686943e+00
669000,2.4255321875971981e+02,2.3848070422286649e+00
669100,2.4255269614708970e+02,2.3848061064834001e+00
669200,2.4255164344856840e+02,2.3848042216057701e+00
669300,2.4255034402434271e+02,2.3848018949495806e+00
669400,2.4254989017160730e+02,2.3848010823103580e+00
669500,2.4254824839648401e+02,2.3847981426417846e+00
669600,2.4254715677158291e+02,2.3847961880296986e+00
669700,2.4254584459378540e+02,2.3847938384943510e+00
669800,2.4254476188264729e+02,2.3847918998236515e+00
669900,2.4254371210984101e+02,2.3847900201230958e+00
670000,2.4254284437475869e+02,2.3847884663692227e+00
670100,2.4254275081610510e+02,2.3847882988441200e+00
670200,2.4254123933968299e+02,2.3847855924020074e+00
670300,2.4254086992116541e+02,2.3847849309204947e+00
670400,2.4253914182190729e+02,2.3847818365692377e+00
670500,2.4253721665881540e+02,2.3847783893276109e+00
670600,2.4253694144192599e+02,2.3847778965156383e+00
670700,2.4253620126455101e+02,2.3847765711280986e+00
670800,2.4253463022765641e+02,2.3847737579609900e+00
670900,2.4253407905706931e+02,2.3847727710066060e+00
671000,2.4253365889923009e+02,2.3847720186488761e+00
671100,2.4253266046608761e+02,2.3847702307943623e+00
671200,2.4253167194608119e+02,2.3847684606836559e+00
671300,2.4253088795085239e+02,2.3847670568037036e+00
671400,2.4253053495288580e+02,2.3847664246979052e+00
671500,2.4252916652700739e+02,2.3847639742786844e+00
671600,2.4252825015768300e+02,2.3847623333424681e+00
671700,2.4252753214449149e+02,2.3847610475968763e+00
671800,2.4252651837133951e+02,2.3847592322277009e+00
671900,2.4252424683902950e+02,2.3847551645547131e+00
672000,2.4252424683902950e+02,2.3847551645547131e+00
672100,2.4252338548645989e+02,2.3847536221055057e+00
672200,2.4252269136995659e+02,2.3847523791268217e+00
672300,2.4252200613081800e+02,2.3847511520416553e+00
672400,2.4252160924807740e+02,2.3847504413262528e+00
672500,2.4252011312509501e+02,2.3847477621424815e+00
672600,2.4251981474043191e+02,2.3847472278078619e+00
672700,2.4251920076936199e+02,2.3847461283324001e+00
672800,2.4251855295462721e+02,2.3847449682480049e+00
672900,2.4251734116094991e+02,2.3847427982011542e+00
673000,2.4251658184316270e+02,2.3847414384301802e+00
673100,2.4251592661643139e+02,2.3847402650599467e+00
673200,2.4251591079825761e+02,2.3847402367329584e+00
673300,2.4251479125616831e+02,2.3847382318662578e+00
673400,2.4251390666148259e+02,2.3847366477348761e+00
673500,2.4251129549548230e+02,2.3847319716274069e+00
673600,2.4250985519081831e+02,2.3847293922909514e+00
673700,2.4250985519081831e+02,2.3847293922909514e+00
673800,2.4250985519081831e+02,2.3847293922909514e+00
673900,2.4250942527335880e+02,2.3847286223801958e+00
674000,2.4250839538404759e+02,2.3847267780139654e+00
674100,2.4250761927447650e+02,2.3847253881212858e+00
674200,2.4250636039498951e+02,2.3847231336526002e+00
674300,2.4250636039498951e+02,2.3847231336526002e+00
674400,2.4250563014434530e+02,2.3847218258753440e+00
674500,2.4250461570165069e+02,2.3847200091431482e+00
674600,2.4250428287376110e+02,2.3847194130909259e+00
674700,2.4250375679300899e+02,2.3847184709458520e+00
674800,2.4250301010952131e+02,2.3847171337252582e+00
674900,2.4250190609410450e+02,2.3847151565584812e+00
675000,2.4250131634424361e+02,2.3847141003794770e+00
675100,2.4250053867303771e+02,2.3847127076494905e+00
675200,2.4249964732328019e+02,2.3847111113272939e+00
675300,2.4249884361036860e+02,2.3847096719492793e+00
675400,2.4249842853040539e+02,2.3847089285762832e+00
675500,2.4249798716473421e+02,2.3847081381264190e+00
675600,2.4249705823030351e+02,2.3847064744760327e+00
675700,2.4249643265990051e+02,2.3847053541237839e+00
675800,2.4249441291928500e+02,2.3847017368917798e+00
675900,2.4249441291928500e+02,2.3847017368917798e+00
676000,2.4249410054828871e+02,2.3847011774517264e+00
676100,2.4249332233545240e+02,2.3846997837102615e+00
676200,2.4249332233545240e+02,2.3846997837102615e+00
676300,2.4249274332136861e+02,2.3846987467212042e+00
676400,2.4249248842636510e+02,2.3846982902145468e+00
676500,2.4249225470007241e+02,2.3846978716197742e+00
676600,2.4249154375958400e+02,2.3846965983503079e+00
676700,2.4249123213392261e+02,2.3846960402385071e+00
676800,2.4249087988225480e+02,2.3846954093659378e+00
676900,2.4248989994039931e+02,2.3846936543135393e+00
677000,2.4248955998899100e+02,2.3846930454670501e+00
677100,2.4248913374488549e+02,2.3846922820707799e+00
677200,2.4248889729735859e+02,2.3846918585965207e+00
677300,2.4248870139078971e+02,2.3846915077302455e+00
677400,2.4248787661657519e+02,2.3846900305665786e+00
677500,2.4248750332383540e+02,2.3846893620007763e+00
677600,2.4248723190118889e+02,2.3846888758832567e+00
677700,2.4248684808087961e+02,2.3846881884607769e+00
677800,2.4248590619376770e+02,2.3846865015355974e+00
677900,2.4248542695196741e+02,2.3846856432082895e+00
678000,2.4248482252521981e+02,2.3846845606709524e+00
678100,2.4248410578632300e+02,2.3846832769773809e+00
678200,2.4248355883292621e+02,2.3846822973704529e+00
678300,2.4248242758288299e+02,2.3846802712669106e+00
678400,2.4248219252366869e+02,2.3846798502674584e+00
678500,2.4248111700464159e+02,2.3846779239692442e+00
678600,2.4248026299109739e+02,2.3846763943902505e+00
678700,2.4247993161195649e+02,2.3846758008729521e+00
678800,2.4247966526168270e+02,2.3846753238251530e+00
678900,2.4247902216939059e+02,2.3846741720097877e+00
679000,2.4247861373003460e+02,2.3846734404697711e+00
679100,2.4247822032862629e+02,2.3846727358624791e+00
679200,2.4247767094842419e+02,2.3846717518851959e+00
679300,2.4247709262594529e+02,2.3846707160679190e+00
679400,2.4247657363824780e+02,2.3846697865214121e+00
679500,2.4247498645440581e+02,2.3846669437418808e+00
679600,2.4247498645440581e+02,2.3846669437418808e+00
679700,2.4247410280958471e+02,2.3846653610517459e+00
679800,2.4247347919784579e+02,2.3846642441015966e+00
679900,2.4247258117147081e+02,2.3846626356427136e+00
680000,2.4247071604132830e+02,2.3846592949811001e+00
680100,2.4247071604132830e+02,2.3846592949811001e+00
680200,2.4247023948088881e+02,2.3846584414026721e+00
680300,2.4246861832024021e+02,2.3846555376917706e+00
680400,2.4246861832024021e+02,2.3846555376917706e+00
680500,2.4246790397706999e+02,2.3846542582034966e+00
680600,2.4246741521650671e+02,2.3846533827629699e+00
680700,2.4246686892788861e+02,2.3846524042793273e+00
680800,2.4246566161355219e+02,2.3846502417931208e+00
680900,2.4246566161355219e+02,2.3846502417931208e+00
681000,2.4246551723725361e+02,2.3846499831921788e+00
681100,2.4246518335860600e+02,2.3846493851617629e+00
681200,2.4246399936792571e+02,2.3846472644371812e+00
681300,2.4246399936792571e+02,2.3846472644371812e+00
681400,2.4246288475711890e+02,2.3846452679740495e+00
681500,2.4246200945262760e+02,2.3846437001439997e+00
681600,2.4246185150723221e+02,2.3846434172343756e+00
681700,2.4246125310280809e+02,2.3846423453789125e+00
681800,2.4246031586484540e+02,2.3846406666032034e+00
681900,2.4245927616797030e+02,2.3846388042960371e+00
682000,2.4245809979562910e+02,2.3846366971658668e+00
682100,2.4245707704754011e+02,2.3846348652007205e+00
682200,2.4245556149970591e+02,2.3846321505094168e+00
682300,2.4245456500130300e+02,2.3846303655446000e+00
682400,2.4245251828959979e+02,2.3846266993758456e+00
682500,2.4245208872136519e+02,2.3846259299085681e+00
682600,2.4245055266847601e+02,2.3846231784313159e+00
682700,2.4244998611544520e+02,2.3846221635804947e+00
682800,2.4244860074819459e+02,2.3846196820003511e+00
682900,2.4244860074819459e+02,2.3846196820003511e+00
683000,2.4244780698221811e+02,2.3846182601371329e+00
683100,2.4244740720854699e+02,2.3846175440257160e+00
683200,2.4244548292792331e+02,2.3846140970605263e+00
683300,2.4244502746175499e+02,2.3846132811796652e+00
683400,2.4244434348367440e+02,2.3846120559603721e+00
683500,2.4244311805169329e+02,2.3846098608186557e+00
683600,2.4244294004941131e+02,2.3846095419585542e+00
683700,2.4244191621123750e+02,2.3846077079261505e+00
683800,2.4244072240621060e+02,2.3846055694171819e+00
683900,2.4244045210424579e+02,2.3846050852133898e+00
684000,2.4243998132861691e+02,2.3846042418910209e+00
684100,2.4243967965691311e+02,2.3846037014915491e+00
684200,2.4243856704842869e+02,2.3846017084150248e+00
684300,2.4243750256595291e+02,2.3845998015406944e+00
684400,2.4243712222560080e+02,2.3845991202110981e+00
684500,2.4243567315940371e+02,2.3845965243902589e+00
684600,2.4243567315940371e+02,2.3845965243902589e+00
684700,2.4243477455602769e+02,2.3845949146469163e+00
684800,2.4243437442233531e+02,2.3845941978520657e+00
684900,2.4243407154845420e+02,2.3845936552865248e+00
685000,2.4243319164493971e+02,2.3845920790314548e+00
685100,2.4243267776014110e+02,2.3845911584579667e+00
685200,2.4243129494229271e+02,2.3845886812676831e+00
685300,2.4243108794608659e+02,2.3845883104519081e+00
685400,2.4243030788370530e+02,2.3845869130348705e+00
685500,2.4242972534827160e+02,2.3845858694680389e+00
685600,2.4242798002089049e+02,2.3845827428350397e+00
685700,2.4242700014188361e+02,2.3845809874398678e+00
685800,2.4242578951634371e+02,2.3845788186661583e+00
685900,2.4242389655273121e+02,2.3845754274969981e+00
686000,2.4242232337681159e+02,2.3845726091946462e+00
686100,2.4242194131011320e+02,2.3845719247296708e+00
686200,2.4242049874037980e+02,2.3845693403846413e+00
686300,2.4242049874037980e+02,2.3845693403846413e+00
686400,2.4241944691825589e+02,2.3845674560492087e+00
686500,2.4241907672410960e+02,2.3845667928458241e+00
686600,2.4241835375442460e+02,2.3845654976415966e+00
686700,2.4241785279478589e+02,2.3845646001673413e+00
686800,2.4241749364210199e+02,2.3845639567405370e+00
686900,2.4241652093518701e+02,2.3845622141183900e+00
687000,2.4241652093518701e+02,2.3845622141183900e+00
687100,2.4241608851524191e+02,2.3845614394279409e+00
687200,2.4241514247568981e+02,2.3845597445711295e+00
687300,2.4241484717475930e+02,2.3845592155297441e+00
687400,2.4241444898452559e+02,2.3845585021577489e+00
687500,2.4241372907156301e+02,2.3845572124050434e+00
687600,2.4241343640232810e+02,2.3845566880753739e+00
687700,2.4241327913333461e+02,2.3845564063208671e+00
687800,2.4241215986834700e+02,2.3845544011017972e+00
687900,2.4241203843420010e+02,2.3845541835459074e+00
688000,2.4241148768690690e+02,2.3845531968507601e+00
688100,2.4241070683312361e+02,2.3845517979028856e+00
688200,2.4241069571276441e+02,2.3845517779800414e+00
688300,2.4240948122147500e+02,2.3845496021346850e+00
688400,2.4240762152825221e+02,2.3845462703442011e+00
688500,2.4240680805065949e+02,2.3845448129254110e+00
688600,2.4240680805065949e+02,2.3845448129254110e+00
688700,2.4240656975286541e+02,2.3845443859924025e+00
688800,2.4240541782357059e+02,2.3845423221963364e+00
688900,2.4240495453276370e+02,2.3845414921619463e+00
689000,2.4240413672797200e+02,2.3845400269744541e+00
689100,2.4240413672797200e+02,2.3845400269744541e+00
689200,2.4240306309074049e+02,2.3845381034274218e+00
689300,2.4240265653850909e+02,2.3845373750391889e+00
689400,2.4240168780346019e+02,2.3845356394264985e+00
689500,2.4239992189543051e+02,2.3845324755586503e+00
689600,2.4239870074403501e+02,2.3845302876839831e+00
689700,2.4239729361892799e+02,2.3845277665960349e+00
689800,2.4239641612687919e+02,2.3845261944223575e+00
689900,2.4239521445124811e+02,2.3845240414103719e+00
690000,2.4239317769573560e+02,2.3845203921824019e+00
690100,2.4239317769573560e+02,2.3845203921824019e+00
690200,2.4239195646124719e+02,2.3845182040979824e+00
690300,2.4239112426937601e+02,2.3845167130544542e+00
690400,2.4239001617770461e+02,2.3845147276715331e+00
690500,2.4238922912968371e+02,2.3845133175013751e+00
690600,2.4238761180861621e+02,2.3845104196995175e+00
690700,2.4238747876640659e+02,2.3845101813230061e+00
690800,2.4238597571574721e+02,2.3845074882439961e+00
690900,2.4238534628429650e+02,2.3845063604602625e+00
691000,2.4238477494409301e+02,2.3845053367589788e+00
691100,2.4238418834637631e+02,2.3845042857174694e+00
691200,2.4238332596521741e+02,2.3845027405339843e+00
691300,2.4238298649978600e+02,2.3845021322905486e+00
691400,2.4238266667254749e+02,2.3845015592334273e+00
691500,2.4238158522614819e+02,2.3844996215236982e+00
691600,2.4238111082254039e+02,2.3844987714959598e+00
691700,2.4238065106525940e+02,2.3844979477096557e+00
691800,2.4237970393637400e+02,2.3844962506531848e+00
691900,2.4237838067897860e+02,2.3844938796421458e+00
692000,2.4237753300042439e+02,2.3844923607659108e+00
692100,2.4237703023831770e+02,2.3844914599108176e+00
692200,2.4237662318299269e+02,2.3844907305428995e+00
692300,2.4237489139880930e+02,2.3844876274919877e+00
692400,2.4237367391378780e+02,2.3844854459609239e+00
692500,2.4237357362653049e+02,2.3844852662623173e+00
692600,2.4237291296082549e+02,2.3844840824539637e+00
692700,2.4237214969579369e+02,2.3844827147998418e+00
692800,2.4237169309810241e+02,2.3844818966446009e+00
692900,2.4237047707717309e+02,2.3844797177082011e+00
693000,2.4237003255331581e+02,2.3844789211820006e+00
693100,2.4236794604509279e+02,2.3844751824239592e+00
693200,2.4236647186225071e+02,2.3844725408559171e+00
693300,2.4236626158054241e+02,2.3844721640536948e+00
693400,2.4236538212414391e+02,2.3844705881588015e+00
693500,2.4236480837819849e+02,2.3844695600623349e+00
693600,2.4236379572277141e+02,2.3844677454771821e+00
693700,2.4236263183635691e+02,2.3844656598906795e+00
693800,2.4236154958300460e+02,2.3844637205747676e+00
693900,2.4236041920002799e+02,2.3844616950049740e+00
694000,2.4235856009339150e+02,2.3844583635911527e+00
694100,2.4235520604612839e+02,2.3844523532637378e+00
694200,2.4235520604612839e+02,2.3844523532637378e+00
694300,2.4235315332431011e+02,2.3844486748218818e+00
694400,2.4235221569213650e+02,2.3844469945909412e+00
694500,2.4235161216815561e+02,2.3844459130763358e+00
694600,2.4234928625246900e+02,2.3844417450116535e+00
694700,2.4234602215357191e+02,2.3844358956456091e+00
694800,2.4234602215357191e+02,2.3844358956456091e+00
694900,2.4234521828300350e+02,2.3844344550726304e+00
695000,2.4234440883933129e+02,2.3844330045075655e+00
695100,2.4234217277214981e+02,2.3844289973339610e+00
695200,2.4234188788696301e+02,2.3844284867990595e+00
695300,2.4234157369881689e+02,2.3844279237504349e+00
695400,2.4234011208458810e+02,2.3844253044189734e+00
695500,2.4233943587464969e+02,2.3844240925904732e+00
695600,2.4233879091477380e+02,2.3844229367617205e+00
695700,2.4233780075555151e+02,2.3844211622972886e+00
695800,2.4233626690030400e+02,2.3844184134608457e+00
695900,2.4233561095994881e+02,2.3844172379386430e+00
696000,2.4233447997584059e+02,2.3844152110747352e+00
696100,2.4233324044899501e+02,2.3844129896779038e+00
696200,2.4233223776927429e+02,2.3844111927342819e+00
696300,2.4233097315493990e+02,2.3844089263562496e+00
696400,2.4232951702712481e+02,2.3844063167427665e+00
696500,2.4232452537090001e+02,2.3843973707789883e+00
696600,2.4232452537090001e+02,2.3843973707789883e+00
696700,2.4232323585435299e+02,2.3843950596987957e+00
696800,2.4232039917493111e+02,2.3843899757396518e+00
696900,2.4232039917493111e+02,2.3843899757396518e+00
697000,2.4231742408888090e+02,2.3843846436611686e+00
697100,2.4231637064262770e+02,2.3843827556133284e+00
697200,2.4231428703297760e+02,2.3843790212223683e+00
697300,2.4231294510587830e+02,2.3843766161097553e+00
697400,2.4231010788693160e+02,2.3843715309677056e+00
697500,2.4230992920707700e+02,2.3843712107181534e+00
697600,2.4230856029161691e+02,2.3843687571905092e+00
697700,2.4230652722926160e+02,2.3843651132768753e+00
697800,2.4230524052498919e+02,2.3843628070655840e+00
697900,2.4230306394032490e+02,2.3843589058583601e+00
698000,2.4230306394032490e+02,2.3843589058583601e+00
698100,2.4230071826409869e+02,2.3843547015401980e+00
698200,2.4230071826409869e+02,2.3843547015401980e+00
698300,2.4229945452941340e+02,2.3843524364440167e+00
698400,2.4229899249944810e+02,2.3843516083065532e+00
698500,2.4229796660570381e+02,2.3843497695001648e+00
698600,2.4229692348262691e+02,2.3843478998040308e+00
698700,2.4229573549545830e+02,2.3843457704433715e+00
698800,2.4229461085136609e+02,2.3843437546098865e+00
698900,2.4229409727248839e+02,2.3843428340582151e+00
699000,2.4229232517409179e+02,2.3843396576895866e+00
699100,2.4229042051303281e+02,2.3843362436852904e+00
699200,2.4228876479262240e+02,2.3843332758721458e+00
699300,2.4228844204022980e+02,2.3843326973489254e+00
699400,2.4228768635656769e+02,2.3843313428073980e+00
699500,2.4228759157642500e+02,2.3843311729163830e+00
699600,2.4228535467132909e+02,2.3843271633011240e+00
699700,2.4228381617308600e+02,2.3843244055470709e+00
699800,2.4228316978844691e+02,2.3843232468990818e+00
699900,2.4228137583549000e+02,2.3843200312124329e+00
700000,2.4228067591747239e+02,2.3843187765927953e+00
700100,2.4227971885363721e+02,2.3843170610273181e+00
700200,2.4227836005986660e+02,2.3843146253373058e+00
700300,2.4227725659099460e+02,2.3843126473169276e+00
700400,2.4227664580651870e+02,2.3843115524528633e+00
700500,2.4227308207609391e+02,2.3843051642191302e+00
700600,2.4227140926215449e+02,2.3843021655518202e+00
700700,2.4227134135944439e+02,2.3843020438297544e+00
700800,2.4227124036034661e+02,2.3843018627792030e+00
700900,2.4226788589482260e+02,2.3842958495357394e+00
701000,2.4226734472129479e+02,2.3842948794156658e+00
701100,2.4226674058230080e+02,2.3842937964196933e+00
701200,2.4226553051297759e+02,2.3842916272084307e+00
701300,2.4226433570988820e+02,2.3842894853533054e+00
701400,2.4226250988703529e+02,2.3842862122847555e+00
701500,2.4226143731653841e+02,2.3842842895255152e+00
701600,2.4226090315542919e+02,2.3842833319505892e+00
701700,2.4226090315542919e+02,2.3842833319505892e+00
701800,2.4225944762087769e+02,2.3842807226458493e+00
701900,2.4225927582415579e+02,2.3842804146686145e+00
702000,2.4225883274917749e+02,2.3842796203741816e+00
702100,2.4225817794457731e+02,2.3842784465123015e+00
702200,2.4225757137260729e+02,2.3842773591137605e+00
702300,2.4225728367596869e+02,2.3842768433604813e+00
702400,2.4225631461161419e+02,2.3842751061159406e+00
702500,2.4225499605804120e+02,2.3842727423298813e+00
702600,2.4225434511235991e+02,2.3842715753673760e+00
702700,2.4225355647648229e+02,2.3842701615608775e+00
702800,2.4225222049991351e+02,2.3842677665130600e+00
702900,2.4225194923283320e+02,2.3842672802022977e+00
703000,2.4225018971068221e+02,2.3842641258271176e+00
703100,2.4224969230212241e+02,2.3842632340960734e+00
703200,2.4224900658202901e+02,2.3842620047658261e+00
703300,2.4224736257067821e+02,2.3842590574369984e+00
703400,2.4224634969445941e+02,2.3842572415762699e+00
703500,2.4224509953053300e+02,2.3842550003012355e+00
703600,2.4224295022872619e+02,2.3842511470383321e+00
703700,2.4224170633452670e+02,2.3842489169723038e+00
703800,2.4224076620320170e+02,2.3842472314878131e+00
703900,2.4223866853268510e+02,2.3842434707224851e+00
704000,2.4223799744172811e+02,2.3842422675640260e+00
704100,2.4223645361571900e+02,2.3842394997189298e+00
704200,2.4223570716460270e+02,2.3842381614393462e+00
704300,2.4223343298079570e+02,2.3842340841291674e+00
704400,2.4223230698035090e+02,2.3842320653454250e+00
704500,2.4223105021471619e+02,2.3842298121042989e+00
704600,2.4222882930010141e+02,2.3842258302226087e+00
704700,2.4222634323226481e+02,2.3842213729039368e+00
704800,2.4222491861863381e+02,2.3842188186662354e+00
704900,2.4222390439899951e+02,2.3842170002285812e+00
705000,2.4222326926334841e+02,2.3842158614628972e+00
705100,2.4221999734350641e+02,2.3842099950309303e+00
705200,2.4221999734350641e+02,2.3842099950309303e+00
705300,2.4221983938318479e+02,2.3842097118118768e+00
705400,2.4221939595181311e+02,2.3842089167491167e+00
705500,2.4221754151209129e+02,2.3842055917634437e+00
705600,2.4221668889964951e+02,2.3842040630321719e+00
705700,2.4221612781127740e+02,2.3842030569996511e+00
705800,2.4221393795623891e+02,2.3841991305630956e+00
705900,2.4221330782513360e+02,2.3841980007238295e+00
706000,2.4221269774104360e+02,2.3841969068265128e+00
706100,2.4221154800379520e+02,2.3841948453089610e+00
706200,2.4220994885613081e+02,2.3841919779671485e+00
706300,2.4220994885613081e+02,2.3841919779671485e+00
706400,2.4220832945030111e+02,2.3841890742822658e+00
706500,2.4220734915661819e+02,2.3841873165516394e+00
706600,2.4220631021073129e+02,2.3841854536460132e+00
706700,2.4220509400962541e+02,2.3841832728987202e+00
706800,2.4220274282882920e+02,2.3841790570096779e+00
706900,2.4220251549422369e+02,2.3841786493751074e+00
707000,2.4220026025147709e+02,2.3841746054697901e+00
707100,2.4220026025147709e+02,2.3841746054697901e+00
707200,2.4219883599960829e+02,2.3841720516057046e+00
707300,2.4219727502319569e+02,2.3841692525599365e+00
707400,2.4219478158843600e+02,2.3841647814504610e+00
707500,2.4219417697417160e+02,2.3841636972777764e+00
707600,2.4219368477021109e+02,2.3841628146732323e+00
707700,2.4219171785805179e+02,2.3841592876507720e+00
707800,2.4219160814836829e+02,2.3841590909210022e+00
707900,2.4219034473281650e+02,2.3841568253766350e+00
708000,2.4218965656899761e+02,2.3841555913630570e+00
708100,2.4218901511084479e+02,2.3841544410988011e+00
708200,2.4218667412469679e+02,2.3841502432111330e+00
708300,2.4218595411157321e+02,2.3841489520658112e+00
708400,2.4218546441184139e+02,2.3841480739219607e+00
708500,2.4218300276985721e+02,2.3841436596068162e+00
708600,2.4218262340157969e+02,2.3841429793044138e+00
708700,2.4218201784349401e+02,2.3841418933847875e+00
708800,2.4218156357746801e+02,2.3841410787685118e+00
708900,2.4217919899127099e+02,2.3841368384302486e+00
709000,2.4217789803617069e+02,2.3841345054506156e+00
709100,2.4217613025475589e+02,2.3841313352995739e+00
709200,2.4217417604201430e+02,2.3841278307955025e+00
709300,2.4217357669798801e+02,2.3841267559817889e+00
709400,2.4217237209830390e+02,2.3841245957448880e+00
709500,2.4217129527385120e+02,2.3841226646412141e+00
709600,2.4217032123864021e+02,2.3841209178653728e+00
709700,2.4216813573370331e+02,2.3841169984874226e+00
709800,2.4216725538558200e+02,2.3841154197040497e+00
709900,2.4216488857637739e+02,2.3841111751285449e+00
710000,2.4216488857637739e+02,2.3841111751285449e+00
710100,2.4216423012444719e+02,2.3841099942702035e+00
710200,2.4216236974368610e+02,2.3841066578724130e+00
710300,2.4216186721113681e+02,2.3841057566285913e+00
710400,2.4216084601338579e+02,2.3841039252028247e+00
710500,2.4215986793520540e+02,2.3841021711008654e+00
710600,2.4215777585581461e+02,2.3840984191065009e+00
710700,2.4215765656247410e+02,2.3840982051614721e+00
710800,2.4215561509021919e+02,2.3840945438943248e+00
710900,2.4215411982500001e+02,2.3840918621995875e+00
711000,2.4215325194836839e+02,2.3840903056920717e+00
711100,2.4215261280539991e+02,2.3840891594071119e+00
711200,2.4215074187835589e+02,2.3840858039346235e+00
711300,2.4214951065928449e+02,2.3840835957522164e+00
711400,2.4214834129666050e+02,2.3840814984984999e+00
711500,2.4214772275337839e+02,2.3840803891360491e+00
711600,2.4214675279239151e+02,2.3840786494973560e+00
711700,2.4214532890113310e+02,2.3840760957157037e+00
711800,2.4214514101137789e+02,2.3840757587299937e+00
711900,2.4214414881488619e+02,2.3840739791925545e+00
712000,2.4214220393037911e+02,2.3840704909562889e+00
712100,2.4214186194215870e+02,2.3840698775824136e+00
712200,2.4214113615516871e+02,2.3840685758423734e+00
712300,2.4214021461303861e+02,2.3840669229987883e+00
712400,2.4213920620203669e+02,2.3840651143432279e+00
712500,2.4213859772001459e+02,2.3840640229845804e+00
712600,2.4213792542308531e+02,2.3840628171658689e+00
712700,2.4213745683335750e+02,2.3840619767104565e+00
712800,2.4213592687777691e+02,2.3840592325940606e+00
712900,2.4213481119378241e+02,2.3840572315010178e+00
713000,2.4213358851937889e+02,2.3840550384991746e+00
713100,2.4213204178160061e+02,2.3840522642379427e+00
713200,2.4213174917643531e+02,2.3840517394132044e+00
713300,2.4213110069486979e+02,2.3840505762764259e+00
713400,2.4212983688454040e+02,2.3840483094578180e+00
713500,2.4212940789521059e+02,2.3840475400034369e+00
713600,2.4212836230784421e+02,2.3840456645856265e+00
713700,2.4212830808797329e+02,2.3840455673339322e+00
713800,2.4212763502908621e+02,2.3840443600972847e+00
713900,2.4212596120975471e+02,2.3840413578253141e+00
714000,2.4212596120975471e+02,2.3840413578253141e+00
714100,2.4212521646648179e+02,2.3840400219983353e+00
714200,2.4212398508585099e+02,2.3840378132933489e+00
714300,2.4212386498945330e+02,2.3840375978780286e+00
714400,2.4212344778118450e+02,2.3840368495362445e+00
714500,2.4212259183910760e+02,2.3840353142385222e+00
714600,2.4212216329659711e+02,2.3840345455625767e+00
714700,2.4212121990851159e+02,2.3840328534042361e+00
714800,2.4212040737593651e+02,2.3840313959565744e+00
714900,2.4212002298550669e+02,2.3840307064699804e+00
715000,2.4211912663733909e+02,2.3840290986732402e+00
715100,2.4211848109502350e+02,2.3840279407480356e+00
715200,2.4211686159974201e+02,2.3840250358057391e+00
715300,2.4211638783230629e+02,2.3840241859897331e+00
715400,2.4211600378300830e+02,2.3840234971035956e+00
715500,2.4211467057006249e+02,2.3840211056523466e+00
715600,2.4211305015918481e+02,2.3840181990219640e+00
715700,2.4211242634007570e+02,2.3840170800341784e+00
715800,2.4211114853922919e+02,2.3840147879447993e+00
715900,2.4211113106202339e+02,2.3840147565945107e+00
716000,2.4210904157024359e+02,2.3840110084865169e+00
716100,2.4210809277708049e+02,2.3840093065408152e+00
716200,2.4210725861897981e+02,2.3840078102220423e+00
716300,2.4210584575682461e+02,2.3840052758080330e+00
716400,2.4210415461774070e+02,2.3840022421971132e+00
716500,2.4210292361215031e+02,2.3840000339727432e+00
716600,2.4210190486523001e+02,2.3839982064975098e+00
716700,2.4210052112900959e+02,2.3839957242753127e+00
716800,2.4209889035922669e+02,2.3839927988925007e+00
716900,2.4209827260652210e+02,2.3839916907216505e+00
717000,2.4209743858799749e+02,2.3839901945925663e+00
717100,2.4209638284963640e+02,2.3839883007173275e+00
717200,2.4209300602728649e+02,2.3839822430244220e+00
717300,2.4209190586940241e+02,2.3839802694292667e+00
717400,2.4209190586940241e+02,2.3839802694292667e+00
717500,2.4209037428989291e+02,2.3839775218833243e+00
717600,2.4208936841277779e+02,2.3839757174010545e+00
717700,2.4208903526392581e+02,2.3839751197506556e+00
717800,2.4208829481017199e+02,2.3839737914151082e+00
717900,2.4208702923145549e+02,2.3839715210232657e+00
718000,2.4208635839978001e+02,2.3839703175763090e+00
718100,2.4208464683840100e+02,2.3839672470840476e+00
718200,2.4208334896554820e+02,2.3839649187227225e+00
718300,2.4208203406227980e+02,2.3839625597963980e+00
718400,2.4208096453456500e+02,2.3839606410624752e+00
718500,2.4207946141837971e+02,2.3839579444560202e+00
718600,2.4207916113669430e+02,2.3839574057454698e+00
718700,2.4207734395875059e+02,2.3839541456824724e+00
718800,2.4207516565820401e+02,2.3839502377241804e+00
718900,2.4207516565820401e+02,2.3839502377241804e+00
719000,2.4207424669635910e+02,2.3839485890593339e+00
719100,2.4207424669635910e+02,2.3839485890593339e+00
719200,2.4207375459188930e+02,2.3839477061960146e+00
719300,2.4207147995250031e+02,2.3839436253406658e+00
719400,2.4206994329203931e+02,2.3839408684472181e+00
719500,2.4206994329203931e+02,2.3839408684472181e+00
719600,2.4206826090094401e+02,2.3839378500811286e+00
719700,2.4206709329420801e+02,2.3839357552737233e+00
719800,2.4206517902793109e+02,2.3839323208599135e+00
719900,2.4206495320011101e+02,2.3839319156970467e+00
720000,2.4206362489982681e+02,2.3839295325554195e+00
720100,2.4206325364243230e+02,2.3839288664695442e+00
720200,2.4205996365711829e+02,2.3839229637471941e+00
720300,2.4205886689234899e+02,2.3839209959704535e+00
720400,2.4205685449644261e+02,2.3839173853773703e+00
720500,2.4205547222995060e+02,2.3839149053301711e+00
720600,2.4205307312641310e+02,2.3839106008516078e+00
720700,2.4205188494883299e+02,2.3839084690041314e+00
720800,2.4205178424788980e+02,2.3839082883243856e+00
720900,2.4204991642243749e+02,2.3839049370191292e+00
721000,2.4204937448209969e+02,2.3839039646496065e+00
721100,2.4204598654272661e+02,2.3838978858333513e+00
721200,2.4204572794944420e+02,2.3838974218483990e+00
721300,2.4204498633072399e+02,2.3838960911849165e+00
721400,2.4204361974770251e+02,2.3838936391566810e+00
721500,2.4204278581490470e+02,2.3838921428435920e+00
721600,2.4204202454715301e+02,2.3838907769078026e+00
721700,2.4204036246392971e+02,2.3838877946320922e+00
721800,2.4203770089806710e+02,2.3838830189421576e+00
721900,2.4203770089806710e+02,2.3838830189421576e+00
722000,2.4203756551005091e+02,2.3838827760118844e+00
722100,2.4203600244495109e+02,2.3838799713532843e+00
722200,2.4203600244495109e+02,2.3838799713532843e+00
722300,2.4203417027604581e+02,2.3838766838099059e+00
722400,2.4203343023388129e+02,2.3838753559117856e+00
722500,2.4203225340462430e+02,2.3838732442543402e+00
722600,2.4203115100743230e+02,2.3838712661456340e+00
722700,2.4202915516744571e+02,2.3838676848468499e+00
722800,2.4202774105327239e+02,2.3838651473683550e+00
722900,2.4202774105327239e+02,2.3838651473683550e+00
723000,2.4202680546165561e+02,2.3838634685398863e+00
723100,2.4202533162010991e+02,2.3838608238609296e+00
723200,2.4202500862540680e+02,2.3838602442732064e+00
723300,2.4202395436553201e+02,2.3838583524842303e+00
723400,2.4202304665571799e+02,2.3838567236615638e+00
723500,2.4202209588153190e+02,2.3838550175563009e+00
723600,2.4202155634360750e+02,2.3838540493860036e+00
723700,2.4202033368865949e+02,2.3838518553928467e+00
723800,2.4201939618712029e+02,2.3838501730857131e+00
723900,2.4201910972114391e+02,2.3838496590332516e+00
724000,2.4201822636968711e+02,2.3838480738883270e+00
724100,2.4201811452062250e+02,2.3838478731784734e+00
724200,2.4201720117028881e+02,2.3838462341947171e+00
724300,2.4201720117028881e+02,2.3838462341947171e+00
724400,2.4201620228624640e+02,2.3838444417158318e+00
724500,2.4201600964776199e+02,2.3838440960287941e+00
724600,2.4201511725799210e+02,2.3838424946443739e+00
724700,2.4201475361801670e+02,2.3838418420944212e+00
724800,2.4201399536599931e+02,2.3838404814121570e+00
724900,2.4201355443076031e+02,2.3838396901524805e+00
725000,2.4201283535018680e+02,2.3838383997570323e+00
725100,2.4201209252068219e+02,2.3838370667399240e+00
725200,2.4201102631147069e+02,2.3838351534066176e+00
725300,2.4200965576693599e+02,2.3838326939252332e+00
725400,2.4200936747709989e+02,2.3838321765791002e+00
725500,2.4200862142424680e+02,2.3838308377584583e+00
725600,2.4200733372506221e+02,2.3838285269228576e+00
725700,2.4200671108139269e+02,2.3838274095556540e+00
725800,2.4200322857770931e+02,2.3838211599644410e+00
725900,2.4200322857770931e+02,2.3838211599644410e+00
726000,2.4200234759307480e+02,2.3838195789629641e+00
726100,2.4200161420099070e+02,2.3838182628244184e+00
726200,2.4199895249857050e+02,2.3838134861247489e+00
726300,2.4199775926374761e+02,2.3838113447246663e+00
726400,2.4199626861615619e+02,2.3838086695675935e+00
726500,2.4199585127148410e+02,2.3838079205864400e+00
726600,2.4199455586644660e+02,2.3838055957996205e+00
726700,2.4199409756402989e+02,2.3838047733083938e+00
726800,2.4199278994879961e+02,2.3838024265915982e+00
726900,2.4199175757965619e+02,2.3838005738373127e+00
727000,2.4199000484069219e+02,2.3837974282441543e+00
727100,2.4198959494745881e+02,2.3837966926165803e+00
727200,2.4198896016075221e+02,2.3837955533745170e+00
727300,2.4198689677134189e+02,2.3837918502202293e+00
727400,2.4198596108207951e+02,2.3837901709331502e+00
727500,2.4198577119307299e+02,2.3837898301374292e+00
727600,2.4198456029487619e+02,2.3837876569198957e+00
727700,2.4198361064395590e+02,2.3837859525592404e+00
727800,2.4198290323344651e+02,2.3837846829487539e+00
727900,2.4198188417074121e+02,2.3837828540003625e+00
728000,2.4198097532343749e+02,2.3837812228530084e+00
728100,2.4198035248792630e+02,2.3837801050197847e+00
728200,2.4197918395382371e+02,2.3837780077869604e+00
728300,2.4197900981069040e+02,2.3837776952417746e+00
728400,2.4197797326097009e+02,2.3837758348788105e+00
728500,2.4197755761185661e+02,2.3837750888841689e+00
728600,2.4197656930160221e+02,2.3837733150892326e+00
728700,2.4197543489540419e+02,2.3837712790759595e+00
728800,2.4197496493776239e+02,2.3837704356010470e+00
728900,2.4197386781882551e+02,2.3837684664974228e+00
729000,2.4197357924615270e+02,2.3837679485671384e+00
729100,2.4197204547297531e+02,2.3837651957404016e+00
729200,2.4197120195699000e+02,2.3837636817846235e+00
729300,2.4197120195699000e+02,2.3837636817846235e+00
729400,2.4196987329125770e+02,2.3837612970637334e+00
729500,2.4196953075317401e+02,2.3837606822661024e+00
729600,2.4196869271289879e+02,2.3837591781226002e+00
729700,2.4196801529410479e+02,2.3837579622642484e+00
729800,2.4196738155681530e+02,2.3837568248041259e+00
729900,2.4196649874511499e+02,2.3837552402891102e+00
730000,2.4196533459073521e+02,2.3837531507972090e+00
730100,2.4196467718075641e+02,2.3837519708351520e+00
730200,2.4196398569658939e+02,2.3837507297110725e+00
730300,2.4196319230216801e+02,2.3837493056669814e+00
730400,2.4196274008088139e+02,2.3837484939840512e+00
730500,2.4196099231437279e+02,2.3837453569386886e+00
730600,2.4196027958560001e+02,2.3837440776637688e+00
730700,2.4195939227948361e+02,2.3837424850351883e+00
730800,2.4195901789853451e+02,2.3837418130558756e+00
730900,2.4195812814508449e+02,2.3837402160262320e+00
731000,2.4195786002634421e+02,2.3837397347753857e+00
731100,2.4195704263582161e+02,2.3837382676240684e+00
731200,2.4195545339691029e+02,2.3837354150517736e+00
731300,2.4195545339691029e+02,2.3837354150517736e+00
731400,2.4195464755146710e+02,2.3837339686086074e+00
731500,2.4195391887740300e+02,2.3837326606791880e+00
731600,2.4195305045485071e+02,2.3837311019038601e+00
731700,2.4195185654498110e+02,2.3837289588858384e+00
731800,2.4195185654498110e+02,2.3837289588858384e+00
731900,2.4195090445723079e+02,2.3837272499207751e+00
732000,2.4194969303776699e+02,2.3837250754544028e+00
732100,2.4194848456235491e+02,2.3837229062616792e+00
732200,2.4194749744568000e+02,2.3837211343960680e+00
732300,2.4194704470578529e+02,2.3837203217295846e+00
732400,2.4194608538766511e+02,2.3837185997519819e+00
732500,2.4194522637272971e+02,2.3837170578129672e+00
732600,2.4194464398459289e+02,2.3837160124182621e+00
732700,2.4194318799973860e+02,2.3837133988944403e+00
732800,2.4194117323814299e+02,2.3837097823285274e+00
732900,2.4193947956395860e+02,2.3837067421021900e+00
733000,2.4193899044602520e+02,2.3837058641080957e+00
733100,2.4193669904804449e+02,2.3837017508967051e+00
733200,2.4193450663325689e+02,2.3836978153302439e+00
733300,2.4193434580938941e+02,2.3836975266366531e+00
733400,2.4193262116196169e+02,2.3836944307242960e+00
733500,2.4193181316267061e+02,2.3836929802782265e+00
733600,2.4192795757053099e+02,2.3836860590068500e+00
733700,2.4192754814746701e+02,2.3836853240346305e+00
733800,2.4192656812570871e+02,2.3836835647521220e+00
733900,2.4192483142419121e+02,2.3836804471011801e+00
734000,2.4192442477860999e+02,2.3836797171055055e+00
734100,2.4192195984470291e+02,2.3836752921176245e+00
734200,2.4192136332167561e+02,2.3836742212475861e+00
734300,2.4192027608543069e+02,2.3836722694490500e+00
734400,2.4191967317763621e+02,2.3836711871096168e+00
734500,2.4191736404451919e+02,2.3836670417313446e+00
734600,2.4191600960653250e+02,2.3836646102126617e+00
734700,2.4191417325132781e+02,2.3836613135232012e+00
734800,2.4191417325132781e+02,2.3836613135232012e+00
734900,2.4191279619882599e+02,2.3836588413736908e+00
735000,2.4191140326691709e+02,2.3836563407024043e+00
735100,2.4191110627202929e+02,2.3836558075182785e+00
735200,2.4190941655895611e+02,2.3836527740253648e+00
735300,2.4190931384630929e+02,2.3836525896276437e+00
735400,2.4190648181013771e+02,2.3836475053054991e+00
735500,2.4190621703641639e+02,2.3836470299572232e+00
735600,2.4190514209049951e+02,2.3836451001014178e+00
735700,2.4190417938393651e+02,2.3836433717422092e+00
735800,2.4190214273714989e+02,2.3836397153019329e+00
735900,2.4190201067838780e+02,2.3836394782126429e+00
736000,2.4189891955416681e+02,2.3836339285821722e+00
736100,2.4189859387850919e+02,2.3836333438782948e+00
736200,2.4189754002776621e+02,2.3836314518352197e+00
736300,2.4189501328306801e+02,2.3836269153814356e+00
736400,2.4189479094254139e+02,2.3836265161945862e+00
736500,2.4189414587730130e+02,2.3836253580520457e+00
736600,2.4189085234854790e+02,2.3836194448411403e+00
736700,2.4189058701538170e+02,2.3836189684577138e+00
736800,2.4188913312886729e+02,2.3836163581172456e+00
736900,2.4188864870416609e+02,2.3836154883667837e+00
737000,2.4188762725528551e+02,2.3836136544214894e+00
737100,2.4188476629631580e+02,2.3836085177137729e+00
737200,2.4188452982593759e+02,2.3836080931404022e+00
737300,2.4188357898789121e+02,2.3836063859434655e+00
737400,2.4188206673626090e+02,2.3836036707339661e+00
737500,2.4187923516369619e+02,2.3835985866714950e+00
737600,2.4187828161855239e+02,2.3835968745765723e+00
737700,2.4187669424035079e+02,2.3835940244163547e+00
737800,2.4187478189509159e+02,2.3835905907483057e+00
737900,2.4187270148719239e+02,2.3835868552883737e+00
738000,2.4187101331134420e+02,2.3835838240739808e+00
738100,2.4186799080778749e+02,2.3835783969465214e+00
738200,2.4186565630288851e+02,2.3835742051248374e+00
738300,2.4186469549772781e+02,2.3835724798976403e+00
738400,2.4186026760803159e+02,2.3835645290652119e+00
738500,2.4186026760803159e+02,2.3835645290652119e+00
738600,2.4185692863015481e+02,2.3835585334145368e+00
738700,2.4185586783719651e+02,2.3835566285795537e+00
738800,2.4185440374278019e+02,2.3835539995341795e+00
738900,2.4185164416254551e+02,2.3835490441672844e+00
739000,2.4185038565292189e+02,2.3835467842479487e+00
739100,2.4184931740548700e+02,2.3835448659752547e+00
739200,2.4184804594790421e+02,2.3835425827831016e+00
739300,2.4184560071229160e+02,2.3835381917709770e+00
739400,2.4184415625794460e+02,2.3835355978828776e+00
739500,2.4184301816802829e+02,2.3835335541397447e+00
739600,2.4184133177956531e+02,2.3835305257630610e+00
739700,2.4183913102414041e+02,2.3835265736665407e+00
739800,2.4183913102414041e+02,2.3835265736665407e+00
739900,2.4183876420568541e+02,2.3835259149338079e+00
740000,2.4183794274072650e+02,2.3835244397430713e+00
740100,2.4183568098481959e+02,2.3835203780450107e+00
740200,2.4183466156216261e+02,2.3835185473367959e+00
740300,2.4183434658709021e+02,2.3835179816940379e+00
740400,2.4183199616421780e+02,2.3835137607028569e+00
740500,2.4183051206254191e+02,2.3835110954676670e+00
740600,2.4182976002426059e+02,2.3835097449078027e+00
740700,2.4182843217927709e+02,2.3835073602660932e+00
740800,2.4182664245914049e+02,2.3835041461342863e+00
740900,2.4182283493922910e+02,2.3834973081867039e+00
741000,2.4182262004748861e+02,2.3834969222581437e+00
741100,2.4182140016799451e+02,2.3834947314446082e+00
741200,2.4182064246902220e+02,2.3834933706676140e+00
741300,2.4181907865195441e+02,2.3834905621426166e+00
741400,2.4181774396288509e+02,2.3834881651038851e+00
741500,2.4181768035454880e+02,2.3834880508659775e+00
741600,2.4181569166487949e+02,2.3834844792474765e+00
741700,2.4181433248375700e+02,2.3834820381878568e+00
741800,2.4181327025099509e+02,2.3834801304314577e+00
741900,2.4181221996098671e+02,2.3834782441158504e+00
742000,2.4181098412225819e+02,2.3834760245451774e+00
742100,2.4180880046832820e+02,2.3834721026673620e+00
742200,2.4180846949089869e+02,2.3834715082234483e+00
742300,2.4180786995498059e+02,2.3834704314395614e+00
742400,2.4180656514780230e+02,2.3834680879588199e+00
742500,2.4180607940903050e+02,2.3834672155512409e+00
742600,2.4180443740541401e+02,2.3834642664296433e+00
742700,2.4180334790110010e+02,2.3834623096137033e+00
742800,2.4180297405795770e+02,2.3834616381666751e+00
742900,2.4180184672098329e+02,2.3834596133885664e+00
743000,2.4180124400420490e+02,2.3834585308621059e+00
743100,2.4179956886785521e+02,2.3834555221720715e+00
743200,2.4179860578447591e+02,2.3834537923814350e+00
743300,2.4179753463800321e+02,2.3834518684909671e+00
743400,2.4179571073223619e+02,2.3834485925469058e+00
743500,2.4179495654066429e+02,2.3834472379250733e+00
743600,2.4179309596996691e+02,2.3834438960907045e+00
743700,2.4179106034185821e+02,2.3834402398003016e+00
743800,2.4179063534503280e+02,2.3834394764390012e+00
743900,2.4178822888997291e+02,2.3834351540410190e+00
744000,2.4178779527791909e+02,2.3834343751962757e+00
744100,2.4178779527791909e+02,2.3834343751962757e+00
744200,2.4178618190458999e+02,2.3834314772771683e+00
744300,2.4178618190458999e+02,2.3834314772771683e+00
744400,2.4178449704428201e+02,2.3834284509334864e+00
744500,2.4178335395030541e+02,2.3834263976977086e+00
744600,2.4178335395030541e+02,2.3834263976977086e+00
744700,2.4178172519368351e+02,2.3834234720935084e+00
744800,2.4178083227686921e+02,2.3834218682106632e+00
744900,2.4177955818887571e+02,2.3834195796469348e+00
745000,2.4177866080919259e+02,2.3834179677332945e+00
745100,2.4177696502652631e+02,2.3834149216760672e+00
745200,2.4177597432705781e+02,2.3834131421178126e+00
745300,2.4177464150246541e+02,2.3834107480008497e+00
745400,2.4177297183226599e+02,2.3834077487985614e+00
745500,2.4177184159202920e+02,2.3834057185540654e+00
745600,2.4176983650568761e+02,2.3834021168048332e+00
745700,2.4176747794904679e+02,2.3833978800764410e+00
745800,2.4176554170750569e+02,2.3833944019312776e+00
745900,2.4176392216842819e+02,2.3833914926695381e+00
746000,2.4176178866225251e+02,2.3833876601123918e+00
746100,2.4175981741452500e+02,2.3833841190006821e+00
746200,2.4175895186737310e+02,2.3833825641392132e+00
746300,2.4175751444842399e+02,2.3833799819598616e+00
746400,2.4175484735246889e+02,2.3833751907481058e+00
746500,2.4175294366344500e+02,2.3833717708998479e+00
746600,2.4175162059051431e+02,2.3833693940731728e+00
746700,2.4174774799966289e+02,2.3833624371050908e+00
746800,2.4174725507276250e+02,2.3833615515719146e+00
746900,2.4174658412244241e+02,2.3833603462203756e+00
747000,2.4174397847506160e+02,2.3833556651847285e+00
747100,2.4174252670449320e+02,2.3833530570625157e+00
747200,2.4174132152358351e+02,2.3833508919295099e+00
747300,2.4173920565412701e+02,2.3833470906991492e+00
747400,2.4173797245454941e+02,2.3833448751994486e+00
747500,2.4173557091311230e+02,2.3833405606874818e+00
747600,2.4173501345123950e+02,2.3833395591679563e+00
747700,2.4173336755743890e+02,2.3833366021903193e+00
747800,2.4173181140593610e+02,2.3833338064232605e+00
747900,2.4173041506090490e+02,2.3833312977476755e+00
748000,2.4172869604642369e+02,2.3833282093437700e+00
748100,2.4172675461146309e+02,2.3833247213099118e+00
748200,2.4172473158223889e+02,2.3833210866518173e+00
748300,2.4172375184096239e+02,2.3833193263971277e+00
748400,2.4172222035224789e+02,2.3833165748296885e+00
748500,2.4172112647254480e+02,2.3833146094870190e+00
748600,2.4171840055265920e+02,2.3833097118652971e+00
748700,2.4171526036944090e+02,2.3833040698740411e+00
748800,2.4171265166468041e+02,2.3832993827384650e+00
748900,2.4171265166468041e+02,2.3832993827384650e+00
749000,2.4171072439381911e+02,2.3832959199224670e+00
749100,2.4170888522700511e+02,2.3832926153813077e+00
749200,2.4170826679604349e+02,2.3832915042037133e+00
749300,2.4170747528996981e+02,2.3832900820459710e+00
749400,2.4170461443551230e+02,2.3832849416974740e+00
749500,2.4170461443551230e+02,2.3832849416974740e+00
749600,2.4170327478814099e+02,2.3832825346144535e+00
749700,2.4170176327605080e+02,2.3832798187082944e+00
749800,2.4170096023621261e+02,2.3832783757881222e+00
749900,2.4169917631474411e+02,2.3832751703804638e+00
750000,2.4169843963609739e+02,2.3832738466855981e+00
752100,2.0597620521844280e+02,2.3138170527031137e+00
754200,1.8504610293047739e+02,2.2672799432889481e+00
756300,1.8236772032809759e+02,2.2609479692774559e+00
758400,1.7893688884283230e+02,2.2526998820397148e+00
760500,1.7636987898516270e+02,2.2464244169210246e+00
762600,1.7283849268062170e+02,2.2376404701863870e+00
764700,1.6782701910348291e+02,2.2248618808247884e+00
766800,1.6499414630002300e+02,2.2174685364884814e+00
768900,1.6062594506994330e+02,2.2058156959280013e+00
771000,1.5734228437156980e+02,2.1968454511767344e+00
773100,1.5418257663590239e+02,2.1880352991467547e+00
775200,1.5139962484691600e+02,2.1801247990272237e+00
777300,8.4121268009623805e+01,1.9249058104411993e+00
779400,8.0170524020783205e+01,1.9040147222975352e+00
781500,7.8198519511599670e+01,1.8931985308855612e+00
783600,7.6878268348058157e+01,1.8858035924628740e+00
785700,7.5881748318507448e+01,1.8801373284940808e+00
787800,7.3668018863700098e+01,1.8672789906349565e+00
789900,7.1421237687437952e+01,1.8538273719862386e+00
792000,4.9686931896355997e+00,6.9624218045210340e-01
794100,4.0022401119923599e+00,6.0230314031847609e-01
796200,3.9880134033411001e+00,6.0075660926531949e-01
798300,3.9870308681291999e+00,6.0064959804169793e-01
800400,3.9867934207643398e+00,6.0062373289177851e-01
802500,3.9866889416325000e+00,6.0061235148817782e-01
804600,3.9866546509859999e+00,6.0060861598164084e-01
806700,3.9866359352218401e+00,6.0060657713632060e-01
808800,3.9866293478091999e+00,6.0060585951891843e-01
810900,3.9866260334615999e+00,6.0060549846115596e-01
813000,3.9866246860163401e+00,6.0060535167333717e-01
815100,3.9866243421203000e+00,6.0060531421002650e-01
817200,3.9866241621260001e+00,6.0060529460182510e-01
819300,3.9866240713256000e+00,6.0060528471021968e-01
821400,3.9866240274928400e+00,6.0060527993517054e-01
823500,3.9866240048092401e+00,6.0060527746406667e-01
825600,3.9866239794206400e+00,6.0060527469828562e-01
827700,3.9866239633659601e+00,6.0060527294932231e-01
829800,3.9866239511576400e+00,6.0060527161937349e-01
831900,3.9866239447103502e+00,6.0060527091701921e-01
834000,3.9866239348243999e+00,6.0060526984006446e-01
836100,3.9866239301573998e+00,6.0060526933165115e-01
838200,3.9866239254406999e+00,6.0060526881782372e-01
840300,3.9866239182921999e+00,6.0060526803908110e-01
842400,3.9866239147622000e+00,6.0060526765453026e-01
842916,3.9866239142105502e+00,6.0060526759443467e-01
845016,3.9866239089250999e+00,6.0060526701864880e-01
847116,3.9866239061037998e+00,6.0060526671130221e-01
849216,3.9866239047656000e+00,6.0060526656552160e-01
851316,3.9866239031300998e+00,6.0060526638735356e-01
853416,3.9866239000538002e+00,6.0060526605222797e-01
855516,3.9866238975616000e+00,6.0060526578073281e-01
857616,3.9866238962488301e+00,6.0060526563772243e-01
859716,3.9866238950719399e+00,6.0060526550951443e-01
861041,3.9866238942751999e+00,6.0060526542271930e-01
863141,3.9866238907654998e+00,6.0060526504037992e-01
865241,3.9866238879812399e+00,6.0060526473706843e-01
867341,3.9866238871653601e+00,6.0060526464818820e-01
869441,3.9866238863960999e+00,6.0060526456438657e-01
871541,3.9866238854334601e+00,6.0060526445951856e-01
872062,3.9866238853549998e+00,6.0060526445097129e-01
872780,3.9866238852929401e+00,6.0060526444421070e-01
873085,3.9866238852847000e+00,6.0060526444331297e-01
875185,3.9866238848099398e+00,6.0060526439159356e-01
876508,3.9866238842607999e+00,6.0060526433177142e-01
878608,3.9866238841079999e+00,6.0060526431512573e-01
880150,3.9866238839816002e+00,6.0060526430135597e-01
881384,3.9866238837796599e+00,6.0060526427935701e-01
883484,3.9866238834917498e+00,6.0060526424799277e-01
884609,3.9866238833188001e+00,6.0060526422915195e-01
885021,3.9866238833011498e+00,6.0060526422722915e-01
885640,3.9866238832279999e+00,6.0060526421926042e-01
887740,3.9866238828010401e+00,6.0060526417274829e-01
889282,3.9866238825809002e+00,6.0060526414876669e-01
891382,3.9866238816954400e+00,6.0060526405230652e-01
893116,3.9866238804853000e+00,6.0060526392047642e-01
893430,3.9866238804297001e+00,6.0060526391441937e-01
893743,3.9866238804192999e+00,6.0060526391328650e-01
895383,3.9866238800944398e+00,6.0060526387789692e-01
897483,3.9866238795288500e+00,6.0060526381628265e-01
897791,3.9866238795025302e+00,6.0060526381341550e-01
898203,3.9866238794647999e+00,6.0060526380930523e-01
898617,3.9866238794540401e+00,6.0060526380813306e-01
899130,3.9866238794253999e+00,6.0060526380501311e-01
901230,3.9866238779963501e+00,6.0060526364933531e-01
902150,3.9866238773155001e+00,6.0060526357516497e-01
903278,3.9866238772439702e+00,6.0060526356737265e-01
903581,3.9866238772324301e+00,6.0060526356611554e-01
903782,3.9866238772324301e+00,6.0060526356611554e-01
903983,3.9866238772324301e+00,6.0060526356611554e-01
904184,3.9866238772324301e+00,6.0060526356611554e-01
904385,3.9866238772324301e+00,6.0060526356611554e-01
904586,3.9866238772324301e+00,6.0060526356611554e-01
904787,3.9866238772324301e+00,6.0060526356611554e-01
904988,3.9866238772324301e+00,6.0060526356611554e-01
905189,3.9866238772324301e+00,6.0060526356611554e-01
905390,3.9866238772324301e+00,6.0060526356611554e-01
905591,3.9866238772324301e+00,6.0060526356611554e-01
905792,3.9866238772324301e+00,6.0060526356611554e-01
905993,3.9866238772324301e+00,6.0060526356611554e-01
906194,3.9866238772324301e+00,6.0060526356611554e-01
906395,3.9866238772324301e+00,6.0060526356611554e-01
906596,3.9866238772324301e+00,6.0060526356611554e-01
906797,3.9866238772324301e+00,6.0060526356611554e-01
906998,3.9866238772324301e+00,6.0060526356611554e-01
907199,3.9866238772324301e+00,6.0060526356611554e-01
907400,3.9866238772324301e+00,6.0060526356611554e-01
907601,3.9866238772324301e+00,6.0060526356611554e-01
907802,3.9866238772324301e+00,6.0060526356611554e-01
908003,3.9866238772324301e+00,6.0060526356611554e-01
908204,3.9866238772324301e+00,6.0060526356611554e-01
908405,3.9866238772324301e+00,6.0060526356611554e-01
908606,3.9866238772324301e+00,6.0060526356611554e-01
908807,3.9866238772324301e+00,6.0060526356611554e-01
909008,3.9866238772324301e+00,6.0060526356611554e-01
909209,3.9866238772324301e+00,6.0060526356611554e-01
909410,3.9866238772324301e+00,6.0060526356611554e-01
909611,3.9866238772324301e+00,6.0060526356611554e-01
909812,3.9866238772324301e+00,6.0060526356611554e-01
910013,3.9866238772324301e+00,6.0060526356611554e-01
910214,3.9866238772324301e+00,6.0060526356611554e-01
910415,3.9866238772324301e+00,6.0060526356611554e-01
910616,3.9866238772324301e+00,6.0060526356611554e-01
910817,3.9866238772324301e+00,6.0060526356611554e-01
911018,3.9866238772324301e+00,6.0060526356611554e-01
911219,3.9866238772324301e+00,6.0060526356611554e-01
911420,3.9866238772324301e+00,6.0060526356611554e-01
911621,3.9866238772324301e+00,6.0060526356611554e-01
911822,3.9866238772324301e+00,6.0060526356611554e-01
912023,3.9866238772324301e+00,6.0060526356611554e-01
912224,3.9866238772324301e+00,6.0060526356611554e-01
912425,3.9866238772324301e+00,6.0060526356611554e-01
912626,3.9866238772324301e+00,6.0060526356611554e-01
912827,3.9866238772324301e+00,6.0060526356611554e-01
913028,3.9866238772324301e+00,6.0060526356611554e-01
913229,3.9866238772324301e+00,6.0060526356611554e-01
913430,3.9866238772324301e+00,6.0060526356611554e-01
913631,3.9866238772324301e+00,6.0060526356611554e-01
913832,3.9866238772324301e+00,6.0060526356611554e-01
914033,3.9866238772324301e+00,6.0060526356611554e-01
914234,3.9866238772324301e+00,6.0060526356611554e-01
914435,3.9866238772324301e+00,6.0060526356611554e-01
914636,3.9866238772324301e+00,6.0060526356611554e-01
914837,3.9866238772324301e+00,6.0060526356611554e-01
915038,3.9866238772324301e+00,6.0060526356611554e-01
915239,3.9866238772324301e+00,6.0060526356611554e-01
915440,3.9866238772324301e+00,6.0060526356611554e-01
915641,3.9866238772324301e+00,6.0060526356611554e-01
915842,3.9866238772324301e+00,6.0060526356611554e-01
916043,3.9866238772324301e+00,6.0060526356611554e-01
916244,3.9866238772324301e+00,6.0060526356611554e-01
916445,3.9866238772324301e+00,6.0060526356611554e-01
916646,3.9866238772324301e+00,6.0060526356611554e-01
916847,3.9866238772324301e+00,6.0060526356611554e-01
917048,3.9866238772324301e+00,6.0060526356611554e-01
917249,3.9866238772324301e+00,6.0060526356611554e-01
917450,3.9866238772324301e+00,6.0060526356611554e-01
917651,3.9866238772324301e+00,6.0060526356611554e-01
917852,3.9866238772324301e+00,6.0060526356611554e-01
918053,3.9866238772324301e+00,6.0060526356611554e-01
918254,3.9866238772324301e+00,6.0060526356611554e-01
918455,3.9866238772324301e+00,6.0060526356611554e-01
918656,3.9866238772324301e+00,6.0060526356611554e-01
918857,3.9866238772324301e+00,6.0060526356611554e-01
919058,3.9866238772324301e+00,6.0060526356611554e-01
919259,3.9866238772324301e+00,6.0060526356611554e-01
919460,3.9866238772324301e+00,6.0060526356611554e-01
919661,3.9866238772324301e+00,6.0060526356611554e-01
919862,3.9866238772324301e+00,6.0060526356611554e-01
920063,3.9866238772324301e+00,6.0060526356611554e-01
920264,3.9866238772324301e+00,6.0060526356611554e-01
920465,3.9866238772324301e+00,6.0060526356611554e-01
920666,3.9866238772324301e+00,6.0060526356611554e-01
920867,3.9866238772324301e+00,6.0060526356611554e-01
921068,3.9866238772324301e+00,6.0060526356611554e-01
921269,3.9866238772324301e+00,6.0060526356611554e-01
921470,3.9866238772324301e+00,6.0060526356611554e-01
921671,3.9866238772324301e+00,6.0060526356611554e-01
921872,3.9866238772324301e+00,6.0060526356611554e-01
922073,3.9866238772324301e+00,6.0060526356611554e-01
922274,3.9866238772324301e+00,6.0060526356611554e-01
922475,3.9866238772324301e+00,6.0060526356611554e-01
922676,3.9866238772324301e+00,6.0060526356611554e-01
922877,3.9866238772324301e+00,6.0060526356611554e-01
923078,3.9866238772324301e+00,6.0060526356611554e-01
923279,3.9866238772324301e+00,6.0060526356611554e-01
923480,3.9866238772324301e+00,6.0060526356611554e-01
923681,3.9866238772324301e+00,6.0060526356611554e-01
923882,3.9866238772324301e+00,6.0060526356611554e-01
924083,3.9866238772324301e+00,6.0060526356611554e-01
924284,3.9866238772324301e+00,6.0060526356611554e-01
924485,3.9866238772324301e+00,6.0060526356611554e-01
924686,3.9866238772324301e+00,6.0060526356611554e-01
924887,3.9866238772324301e+00,6.0060526356611554e-01
925088,3.9866238772324301e+00,6.0060526356611554e-01
925289,3.9866238772324301e+00,6.0060526356611554e-01
925490,3.9866238772324301e+00,6.0060526356611554e-01
925691,3.9866238772324301e+00,6.0060526356611554e-01
925892,3.9866238772324301e+00,6.0060526356611554e-01
926093,3.9866238772324301e+00,6.0060526356611554e-01
926294,3.9866238772324301e+00,6.0060526356611554e-01
926495,3.9866238772324301e+00,6.0060526356611554e-01
926696,3.9866238772324301e+00,6.0060526356611554e-01
926897,3.9866238772324301e+00,6.0060526356611554e-01
927098,3.9866238772324301e+00,6.0060526356611554e-01
927299,3.9866238772324301e+00,6.0060526356611554e-01
927500,3.9866238772324301e+00,6.0060526356611554e-01
927701,3.9866238772324301e+00,6.0060526356611554e-01
927902,3.9866238772324301e+00,6.0060526356611554e-01
928103,3.9866238772324301e+00,6.0060526356611554e-01
928304,3.9866238772324301e+00,6.0060526356611554e-01
928505,3.9866238772324301e+00,6.0060526356611554e-01
928706,3.9866238772324301e+00,6.0060526356611554e-01
928907,3.9866238772324301e+00,6.0060526356611554e-01
929108,3.9866238772324301e+00,6.0060526356611554e-01
929309,3.9866238772324301e+00,6.0060526356611554e-01
929510,3.9866238772324301e+00,6.0060526356611554e-01
929711,3.9866238772324301e+00,6.0060526356611554e-01
929912,3.9866238772324301e+00,6.0060526356611554e-01
930113,3.9866238772324301e+00,6.0060526356611554e-01
930314,3.9866238772324301e+00,6.0060526356611554e-01
930515,3.9866238772324301e+00,6.0060526356611554e-01
930716,3.9866238772324301e+00,6.0060526356611554e-01
930917,3.9866238772324301e+00,6.0060526356611554e-01
931118,3.9866238772324301e+00,6.0060526356611554e-01
931319,3.9866238772324301e+00,6.0060526356611554e-01
931520,3.9866238772324301e+00,6.0060526356611554e-01
931721,3.9866238772324301e+00,6.0060526356611554e-01
931922,3.9866238772324301e+00,6.0060526356611554e-01
932123,3.9866238772324301e+00,6.0060526356611554e-01
932324,3.9866238772324301e+00,6.0060526356611554e-01
932525,3.9866238772324301e+00,6.0060526356611554e-01
932726,3.9866238772324301e+00,6.0060526356611554e-01
932927,3.9866238772324301e+00,6.0060526356611554e-01
933128,3.9866238772324301e+00,6.0060526356611554e-01
933329,3.9866238772324301e+00,6.0060526356611554e-01
933530,3.9866238772324301e+00,6.0060526356611554e-01
933731,3.9866238772324301e+00,6.0060526356611554e-01
933932,3.9866238772324301e+00,6.0060526356611554e-01
934133,3.9866238772324301e+00,6.0060526356611554e-01
934334,3.9866238772324301e+00,6.0060526356611554e-01
934535,3.9866238772324301e+00,6.0060526356611554e-01
934736,3.9866238772324301e+00,6.0060526356611554e-01
934937,3.9866238772324301e+00,6.0060526356611554e-01
935138,3.9866238772324301e+00,6.0060526356611554e-01
935339,3.9866238772324301e+00,6.0060526356611554e-01
935540,3.9866238772324301e+00,6.0060526356611554e-01
935741,3.9866238772324301e+00,6.0060526356611554e-01
935942,3.9866238772324301e+00,6.0060526356611554e-01
936143,3.9866238772324301e+00,6.0060526356611554e-01
936344,3.9866238772324301e+00,6.0060526356611554e-01
936545,3.9866238772324301e+00,6.0060526356611554e-01
936746,3.9866238772324301e+00,6.0060526356611554e-01
936947,3.9866238772324301e+00,6.0060526356611554e-01
937148,3.9866238772324301e+00,6.0060526356611554e-01
937349,3.9866238772324301e+00,6.0060526356611554e-01
937550,3.9866238772324301e+00,6.0060526356611554e-01
937751,3.9866238772324301e+00,6.0060526356611554e-01
937952,3.9866238772324301e+00,6.0060526356611554e-01
938153,3.9866238772324301e+00,6.0060526356611554e-01
938354,3.9866238772324301e+00,6.0060526356611554e-01
938555,3.9866238772324301e+00,6.0060526356611554e-01
938756,3.9866238772324301e+00,6.0060526356611554e-01
938957,3.9866238772324301e+00,6.0060526356611554e-01
939158,3.9866238772324301e+00,6.0060526356611554e-01
939359,3.9866238772324301e+00,6.0060526356611554e-01
939560,3.9866238772324301e+00,6.0060526356611554e-01
939761,3.9866238772324301e+00,6.0060526356611554e-01
939962,3.9866238772324301e+00,6.0060526356611554e-01
940163,3.9866238772324301e+00,6.0060526356611554e-01
940364,3.9866238772324301e+00,6.0060526356611554e-01
940565,3.9866238772324301e+00,6.0060526356611554e-01
940766,3.9866238772324301e+00,6.0060526356611554e-01
940967,3.9866238772324301e+00,6.0060526356611554e-01
941168,3.9866238772324301e+00,6.0060526356611554e-01
941369,3.9866238772324301e+00,6.0060526356611554e-01
941570,3.9866238772324301e+00,6.0060526356611554e-01
941771,3.9866238772324301e+00,6.0060526356611554e-01
941972,3.9866238772324301e+00,6.0060526356611554e-01
942173,3.9866238772324301e+00,6.0060526356611554e-01
942374,3.9866238772324301e+00,6.0060526356611554e-01
942575,3.9866238772324301e+00,6.0060526356611554e-01
942776,3.9866238772324301e+00,6.0060526356611554e-01
942977,3.9866238772324301e+00,6.0060526356611554e-01
943178,3.9866238772324301e+00,6.0060526356611554e-01
943379,3.9866238772324301e+00,6.0060526356611554e-01
943580,3.9866238772324301e+00,6.0060526356611554e-01
943781,3.9866238772324301e+00,6.0060526356611554e-01
943982,3.9866238772324301e+00,6.0060526356611554e-01
944183,3.9866238772324301e+00,6.0060526356611554e-01
944384,3.9866238772324301e+00,6.0060526356611554e-01
944585,3.9866238772324301e+00,6.0060526356611554e-01
944786,3.9866238772324301e+00,6.0060526356611554e-01
944987,3.9866238772324301e+00,6.0060526356611554e-01
945188,3.9866238772324301e+00,6.0060526356611554e-01
945389,3.9866238772324301e+00,6.0060526356611554e-01
945590,3.9866238772324301e+00,6.0060526356611554e-01
945791,3.9866238772324301e+00,6.0060526356611554e-01
945992,3.9866238772324301e+00,6.0060526356611554e-01
946193,3.9866238772324301e+00,6.0060526356611554e-01
946394,3.9866238772324301e+00,6.0060526356611554e-01
946595,3.9866238772324301e+00,6.0060526356611554e-01
946796,3.9866238772324301e+00,6.0060526356611554e-01
946997,3.9866238772324301e+00,6.0060526356611554e-01
947198,3.9866238772324301e+00,6.0060526356611554e-01
947399,3.9866238772324301e+00,6.0060526356611554e-01
947600,3.9866238772324301e+00,6.0060526356611554e-01
947801,3.9866238772324301e+00,6.0060526356611554e-01
948002,3.9866238772324301e+00,6.0060526356611554e-01
948203,3.9866238772324301e+00,6.0060526356611554e-01
948404,3.9866238772324301e+00,6.0060526356611554e-01
948605,3.9866238772324301e+00,6.0060526356611554e-01
948806,3.9866238772324301e+00,6.0060526356611554e-01
949007,3.9866238772324301e+00,6.0060526356611554e-01
949208,3.9866238772324301e+00,6.0060526356611554e-01
949409,3.9866238772324301e+00,6.0060526356611554e-01
949610,3.9866238772324301e+00,6.0060526356611554e-01
949811,3.9866238772324301e+00,6.0060526356611554e-01
950012,3.9866238772324301e+00,6.0060526356611554e-01
950213,3.9866238772324301e+00,6.0060526356611554e-01
950414,3.9866238772324301e+00,6.0060526356611554e-01
950615,3.9866238772324301e+00,6.0060526356611554e-01
950816,3.9866238772324301e+00,6.0060526356611554e-01
951017,3.9866238772324301e+00,6.0060526356611554e-01
951218,3.9866238772324301e+00,6.0060526356611554e-01
951419,3.9866238772324301e+00,6.0060526356611554e-01
951620,3.9866238772324301e+00,6.0060526356611554e-01
951821,3.9866238772324301e+00,6.0060526356611554e-01
952022,3.9866238772324301e+00,6.0060526356611554e-01
952223,3.9866238772324301e+00,6.0060526356611554e-01
952424,3.9866238772324301e+00,6.0060526356611554e-01
952625,3.9866238772324301e+00,6.0060526356611554e-01
952826,3.9866238772324301e+00,6.0060526356611554e-01
953027,3.9866238772324301e+00,6.0060526356611554e-01
953228,3.9866238772324301e+00,6.0060526356611554e-01
953429,3.9866238772324301e+00,6.0060526356611554e-01
953630,3.9866238772324301e+00,6.0060526356611554e-01
953831,3.9866238772324301e+00,6.0060526356611554e-01
954032,3.9866238772324301e+00,6.0060526356611554e-01
954233,3.9866238772324301e+00,6.0060526356611554e-01
954434,3.9866238772324301e+00,6.0060526356611554e-01
954635,3.9866238772324301e+00,6.0060526356611554e-01
954836,3.9866238772324301e+00,6.0060526356611554e-01
955037,3.9866238772324301e+00,6.0060526356611554e-01
955238,3.9866238772324301e+00,6.0060526356611554e-01
955439,3.9866238772324301e+00,6.0060526356611554e-01
955640,3.9866238772324301e+00,6.0060526356611554e-01
955841,3.9866238772324301e+00,6.0060526356611554e-01
956042,3.9866238772324301e+00,6.0060526356611554e-01
956243,3.9866238772324301e+00,6.0060526356611554e-01
956444,3.9866238772324301e+00,6.0060526356611554e-01
956645,3.9866238772324301e+00,6.0060526356611554e-01
956846,3.9866238772324301e+00,6.0060526356611554e-01
957047,3.9866238772324301e+00,6.0060526356611554e-01
957248,3.9866238772324301e+00,6.0060526356611554e-01
957449,3.9866238772324301e+00,6.0060526356611554e-01
957650,3.9866238772324301e+00,6.0060526356611554e-01
957851,3.9866238772324301e+00,6.0060526356611554e-01
958052,3.9866238772324301e+00,6.0060526356611554e-01
958253,3.9866238772324301e+00,6.0060526356611554e-01
958454,3.9866238772324301e+00,6.0060526356611554e-01
958655,3.9866238772324301e+00,6.0060526356611554e-01
958856,3.9866238772324301e+00,6.0060526356611554e-01
959057,3.9866238772324301e+00,6.0060526356611554e-01
959258,3.9866238772324301e+00,6.0060526356611554e-01
959459,3.9866238772324301e+00,6.0060526356611554e-01
959660,3.9866238772324301e+00,6.0060526356611554e-01
959861,3.9866238772324301e+00,6.0060526356611554e-01
960062,3.9866238772324301e+00,6.0060526356611554e-01
960263,3.9866238772324301e+00,6.0060526356611554e-01
960464,3.9866238772324301e+00,6.0060526356611554e-01
960665,3.9866238772324301e+00,6.0060526356611554e-01
960866,3.9866238772324301e+00,6.0060526356611554e-01
961067,3.9866238772324301e+00,6.0060526356611554e-01
961268,3.9866238772324301e+00,6.0060526356611554e-01
961469,3.9866238772324301e+00,6.0060526356611554e-01
961670,3.9866238772324301e+00,6.0060526356611554e-01
961871,3.9866238772324301e+00,6.0060526356611554e-01
962072,3.9866238772324301e+00,6.0060526356611554e-01
962273,3.9866238772324301e+00,6.0060526356611554e-01
962474,3.9866238772324301e+00,6.0060526356611554e-01
962675,3.9866238772324301e+00,6.0060526356611554e-01
962876,3.9866238772324301e+00,6.0060526356611554e-01
963077,3.9866238772324301e+00,6.0060526356611554e-01
963278,3.9866238772324301e+00,6.0060526356611554e-01
963479,3.9866238772324301e+00,6.0060526356611554e-01
963680,3.9866238772324301e+00,6.0060526356611554e-01
963881,3.9866238772324301e+00,6.0060526356611554e-01
964082,3.9866238772324301e+00,6.0060526356611554e-01
964283,3.9866238772324301e+00,6.0060526356611554e-01
964484,3.9866238772324301e+00,6.0060526356611554e-01
964685,3.9866238772324301e+00,6.0060526356611554e-01
964886,3.9866238772324301e+00,6.0060526356611554e-01
965087,3.9866238772324301e+00,6.0060526356611554e-01
965288,3.9866238772324301e+00,6.0060526356611554e-01
965489,3.9866238772324301e+00,6.0060526356611554e-01
965690,3.9866238772324301e+00,6.0060526356611554e-01
965891,3.9866238772324301e+00,6.0060526356611554e-01
966092,3.9866238772324301e+00,6.0060526356611554e-01
966293,3.9866238772324301e+00,6.0060526356611554e-01
966494,3.9866238772324301e+00,6.0060526356611554e-01
966695,3.9866238772324301e+00,6.0060526356611554e-01
966896,3.9866238772324301e+00,6.0060526356611554e-01
967097,3.9866238772324301e+00,6.0060526356611554e-01
967298,3.9866238772324301e+00,6.0060526356611554e-01
967499,3.9866238772324301e+00,6.0060526356611554e-01
967700,3.9866238772324301e+00,6.0060526356611554e-01
967901,3.9866238772324301e+00,6.0060526356611554e-01
968102,3.9866238772324301e+00,6.0060526356611554e-01
968303,3.9866238772324301e+00,6.0060526356611554e-01
968504,3.9866238772324301e+00,6.0060526356611554e-01
968705,3.9866238772324301e+00,6.0060526356611554e-01
968906,3.9866238772324301e+00,6.0060526356611554e-01
969107,3.9866238772324301e+00,6.0060526356611554e-01
969308,3.9866238772324301e+00,6.0060526356611554e-01
969509,3.9866238772324301e+00,6.0060526356611554e-01
969710,3.9866238772324301e+00,6.0060526356611554e-01
969911,3.9866238772324301e+00,6.0060526356611554e-01
970112,3.9866238772324301e+00,6.0060526356611554e-01
970313,3.9866238772324301e+00,6.0060526356611554e-01
970514,3.9866238772324301e+00,6.0060526356611554e-01
970715,3.9866238772324301e+00,6.0060526356611554e-01
970916,3.9866238772324301e+00,6.0060526356611554e-01
971117,3.9866238772324301e+00,6.0060526356611554e-01
971318,3.9866238772324301e+00,6.0060526356611554e-01
971519,3.9866238772324301e+00,6.0060526356611554e-01
971720,3.9866238772324301e+00,6.0060526356611554e-01
971921,3.9866238772324301e+00,6.0060526356611554e-01
972122,3.9866238772324301e+00,6.0060526356611554e-01
972323,3.9866238772324301e+00,6.0060526356611554e-01
972524,3.9866238772324301e+00,6.0060526356611554e-01
972725,3.9866238772324301e+00,6.0060526356611554e-01
972926,3.9866238772324301e+00,6.0060526356611554e-01
973127,3.9866238772324301e+00,6.0060526356611554e-01
973328,3.9866238772324301e+00,6.0060526356611554e-01
973529,3.9866238772324301e+00,6.0060526356611554e-01
973730,3.9866238772324301e+00,6.0060526356611554e-01
973931,3.9866238772324301e+00,6.0060526356611554e-01
974132,3.9866238772324301e+00,6.0060526356611554e-01
974333,3.9866238772324301e+00,6.0060526356611554e-01
974534,3.9866238772324301e+00,6.0060526356611554e-01
974735,3.9866238772324301e+00,6.0060526356611554e-01
974936,3.9866238772324301e+00,6.0060526356611554e-01
975137,3.9866238772324301e+00,6.0060526356611554e-01
975338,3.9866238772324301e+00,6.0060526356611554e-01
975539,3.9866238772324301e+00,6.0060526356611554e-01
975740,3.9866238772324301e+00,6.0060526356611554e-01
975941,3.9866238772324301e+00,6.0060526356611554e-01
976142,3.9866238772324301e+00,6.0060526356611554e-01
976343,3.9866238772324301e+00,6.0060526356611554e-01
976544,3.9866238772324301e+00,6.0060526356611554e-01
976745,3.9866238772324301e+00,6.0060526356611554e-01
976946,3.9866238772324301e+00,6.0060526356611554e-01
977147,3.9866238772324301e+00,6.0060526356611554e-01
977348,3.9866238772324301e+00,6.0060526356611554e-01
977549,3.9866238772324301e+00,6.0060526356611554e-01
977750,3.9866238772324301e+00,6.0060526356611554e-01
977951,3.9866238772324301e+00,6.0060526356611554e-01
978152,3.9866238772324301e+00,6.0060526356611554e-01
978353,3.9866238772324301e+00,6.0060526356611554e-01
978554,3.9866238772324301e+00,6.0060526356611554e-01
978755,3.9866238772324301e+00,6.0060526356611554e-01
978956,3.9866238772324301e+00,6.0060526356611554e-01
979157,3.9866238772324301e+00,6.0060526356611554e-01
979358,3.9866238772324301e+00,6.0060526356611554e-01
979559,3.9866238772324301e+00,6.0060526356611554e-01
979760,3.9866238772324301e+00,6.0060526356611554e-01
979961,3.9866238772324301e+00,6.0060526356611554e-01
980162,3.9866238772324301e+00,6.0060526356611554e-01
980363,3.9866238772324301e+00,6.0060526356611554e-01
980564,3.9866238772324301e+00,6.0060526356611554e-01
980765,3.9866238772324301e+00,6.0060526356611554e-01
980966,3.9866238772324301e+00,6.0060526356611554e-01
981167,3.9866238772324301e+00,6.0060526356611554e-01
981368,3.9866238772324301e+00,6.0060526356611554e-01
981569,3.9866238772324301e+00,6.0060526356611554e-01
981770,3.9866238772324301e+00,6.0060526356611554e-01
981971,3.9866238772324301e+00,6.0060526356611554e-01
982172,3.9866238772324301e+00,6.0060526356611554e-01
982373,3.9866238772324301e+00,6.0060526356611554e-01
982574,3.9866238772324301e+00,6.0060526356611554e-01
982775,3.9866238772324301e+00,6.0060526356611554e-01
982976,3.9866238772324301e+00,6.0060526356611554e-01
983177,3.9866238772324301e+00,6.0060526356611554e-01
983378,3.9866238772324301e+00,6.0060526356611554e-01
983579,3.9866238772324301e+00,6.0060526356611554e-01
983780,3.9866238772324301e+00,6.0060526356611554e-01
983981,3.9866238772324301e+00,6.0060526356611554e-01
984182,3.9866238772324301e+00,6.0060526356611554e-01
984383,3.9866238772324301e+00,6.0060526356611554e-01
984584,3.9866238772324301e+00,6.0060526356611554e-01
984785,3.9866238772324301e+00,6.0060526356611554e-01
984986,3.9866238772324301e+00,6.0060526356611554e-01
985187,3.9866238772324301e+00,6.0060526356611554e-01
985388,3.9866238772324301e+00,6.0060526356611554e-01
985589,3.9866238772324301e+00,6.0060526356611554e-01
985790,3.9866238772324301e+00,6.0060526356611554e-01
985991,3.9866238772324301e+00,6.0060526356611554e-01
986192,3.9866238772324301e+00,6.0060526356611554e-01
986393,3.9866238772324301e+00,6.0060526356611554e-01
986594,3.9866238772324301e+00,6.0060526356611554e-01
986795,3.9866238772324301e+00,6.0060526356611554e-01
986996,3.9866238772324301e+00,6.0060526356611554e-01
987197,3.9866238772324301e+00,6.0060526356611554e-01
987398,3.9866238772324301e+00,6.0060526356611554e-01
987599,3.9866238772324301e+00,6.0060526356611554e-01
987800,3.9866238772324301e+00,6.0060526356611554e-01
988001,3.9866238772324301e+00,6.0060526356611554e-01
988202,3.9866238772324301e+00,6.0060526356611554e-01
988403,3.9866238772324301e+00,6.0060526356611554e-01
988604,3.9866238772324301e+00,6.0060526356611554e-01
988805,3.9866238772324301e+00,6.0060526356611554e-01
989006,3.9866238772324301e+00,6.0060526356611554e-01
989207,3.9866238772324301e+00,6.0060526356611554e-01
989408,3.9866238772324301e+00,6.0060526356611554e-01
989609,3.9866238772324301e+00,6.0060526356611554e-01
989810,3.9866238772324301e+00,6.0060526356611554e-01
990011,3.9866238772324301e+00,6.0060526356611554e-01
990212,3.9866238772324301e+00,6.0060526356611554e-01
990413,3.9866238772324301e+00,6.0060526356611554e-01
990614,3.9866238772324301e+00,6.0060526356611554e-01
990815,3.9866238772324301e+00,6.0060526356611554e-01
991016,3.9866238772324301e+00,6.0060526356611554e-01
991217,3.9866238772324301e+00,6.0060526356611554e-01
991418,3.9866238772324301e+00,6.0060526356611554e-01
991619,3.9866238772324301e+00,6.0060526356611554e-01
991820,3.9866238772324301e+00,6.0060526356611554e-01
992021,3.9866238772324301e+00,6.0060526356611554e-01
992222,3.9866238772324301e+00,6.0060526356611554e-01
992423,3.9866238772324301e+00,6.0060526356611554e-01
992624,3.9866238772324301e+00,6.0060526356611554e-01
992825,3.9866238772324301e+00,6.0060526356611554e-01
993026,3.9866238772324301e+00,6.0060526356611554e-01
993227,3.9866238772324301e+00,6.0060526356611554e-01
993428,3.9866238772324301e+00,6.0060526356611554e-01
993629,3.9866238772324301e+00,6.0060526356611554e-01
993830,3.9866238772324301e+00,6.0060526356611554e-01
994031,3.9866238772324301e+00,6.0060526356611554e-01
994232,3.9866238772324301e+00,6.0060526356611554e-01
994433,3.9866238772324301e+00,6.0060526356611554e-01
994634,3.9866238772324301e+00,6.0060526356611554e-01
994835,3.9866238772324301e+00,6.0060526356611554e-01
995036,3.9866238772324301e+00,6.0060526356611554e-01
995237,3.9866238772324301e+00,6.0060526356611554e-01
995438,3.9866238772324301e+00,6.0060526356611554e-01
995639,3.9866238772324301e+00,6.0060526356611554e-01
995840,3.9866238772324301e+00,6.0060526356611554e-01
996041,3.9866238772324301e+00,6.0060526356611554e-01
996242,3.9866238772324301e+00,6.0060526356611554e-01
996443,3.9866238772324301e+00,6.0060526356611554e-01
996644,3.9866238772324301e+00,6.0060526356611554e-01
996845,3.9866238772324301e+00,6.0060526356611554e-01
997046,3.9866238772324301e+00,6.0060526356611554e-01
997247,3.9866238772324301e+00,6.0060526356611554e-01
997448,3.9866238772324301e+00,6.0060526356611554e-01
997649,3.9866238772324301e+00,6.0060526356611554e-01
997850,3.9866238772324301e+00,6.0060526356611554e-01
998051,3.9866238772324301e+00,6.0060526356611554e-01
998252,3.9866238772324301e+00,6.0060526356611554e-01
998453,3.9866238772324301e+00,6.0060526356611554e-01
998654,3.9866238772324301e+00,6.0060526356611554e-01
998855,3.9866238772324301e+00,6.0060526356611554e-01
999056,3.9866238772324301e+00,6.0060526356611554e-01
999257,3.9866238772324301e+00,6.0060526356611554e-01
999458,3.9866238772324301e+00,6.0060526356611554e-01
999659,3.9866238772324301e+00,6.0060526356611554e-01
999860,3.9866238772324301e+00,6.0060526356611554e-01
1000000,3.9866238772324301e+00,6.0060526356611554e-01
