Eval,BestError,Log10Error
100,1.1127669406026789e+03,3.0464042146411572e+00
200,8.7221413139506581e+02,2.9406231187249126e+00
300,8.7221413139506581e+02,2.9406231187249126e+00
400,8.7221413139506581e+02,2.9406231187249126e+00
500,6.3805385797123427e+02,2.8048573389601974e+00
600,6.3805385797123427e+02,2.8048573389601974e+00
700,6.3424420181812775e+02,2.8022565056455977e+00
800,6.3424420181812775e+02,2.8022565056455977e+00
900,6.1861229172991852e+02,2.7914185451166289e+00
1000,6.0362084751317502e+02,2.7807642307781402e+00
1100,6.0362084751317502e+02,2.7807642307781402e+00
1200,5.4939103346664888e+02,2.7398815670835717e+00
1300,5.0958278138976829e+02,2.7072147449282618e+00
1400,5.0958278138976829e+02,2.7072147449282618e+00
1500,5.0958278138976829e+02,2.7072147449282618e+00
1600,5.0895297472603488e+02,2.7066776570706321e+00
1700,5.0895297472603488e+02,2.7066776570706321e+00
1800,4.7691826549943221e+02,2.6784439558029280e+00
1900,4.7691826549943221e+02,2.6784439558029280e+00
2000,4.7273526538409078e+02,2.6746180012672442e+00
2100,4.7273526538409078e+02,2.6746180012672442e+00
2200,4.7273526538409078e+02,2.6746180012672442e+00
2300,4.7273526538409078e+02,2.6746180012672442e+00
2400,4.7273526538409078e+02,2.6746180012672442e+00
2500,4.7273526538409078e+02,2.6746180012672442e+00
2600,4.6897249924630643e+02,2.6711473762422595e+00
2700,4.6897249924630643e+02,2.6711473762422595e+00
2800,4.6725110504743571e+02,2.6695503371572067e+00
2900,4.6725110504743571e+02,2.6695503371572067e+00
3000,4.5900825975988317e+02,2.6618205006480755e+00
3100,4.5836974515881070e+02,2.6612159441595766e+00
3200,4.5836974515881070e+02,2.6612159441595766e+00
3300,4.5836974515881070e+02,2.6612159441595766e+00
3400,4.3502648424386098e+02,2.6385156974393307e+00
3500,4.3502648424386098e+02,2.6385156974393307e+00
3600,4.3502648424386098e+02,2.6385156974393307e+00
3700,4.3502648424386098e+02,2.6385156974393307e+00
3800,4.3502648424386098e+02,2.6385156974393307e+00
3900,4.3502648424386098e+02,2.6385156974393307e+00
4000,4.3502648424386098e+02,2.6385156974393307e+00
4100,4.3502648424386098e+02,2.6385156974393307e+00
4200,4.3502648424386098e+02,2.6385156974393307e+00
4300,4.3286900145763599e+02,2.6363564863030593e+00
4400,4.3286900145763599e+02,2.6363564863030593e+00
4500,4.3286900145763599e+02,2.6363564863030593e+00
4600,4.3286900145763599e+02,2.6363564863030593e+00
4700,4.3286900145763599e+02,2.6363564863030593e+00
4800,4.3286900145763599e+02,2.6363564863030593e+00
4900,4.3286900145763599e+02,2.6363564863030593e+00
5000,4.3286900145763599e+02,2.6363564863030593e+00
5100,4.3286900145763599e+02,2.6363564863030593e+00
5200,4.3286900145763599e+02,2.6363564863030593e+00
5300,4.3286900145763599e+02,2.6363564863030593e+00
5400,4.2576089225797301e+02,2.6291657673499014e+00
5500,4.2358294108713199e+02,2.6269384614899645e+00
5600,4.1751534232966009e+02,2.6206724390212641e+00
5700,4.1751534232966009e+02,2.6206724390212641e+00
5800,4.1751534232966009e+02,2.6206724390212641e+00
5900,4.1751534232966009e+02,2.6206724390212641e+00
6000,4.1751534232966009e+02,2.6206724390212641e+00
6100,4.1751534232966009e+02,2.6206724390212641e+00
6200,4.1751534232966009e+02,2.6206724390212641e+00
6300,4.1751534232966009e+02,2.6206724390212641e+00
6400,4.1751534232966009e+02,2.6206724390212641e+00
6500,4.1751534232966009e+02,2.6206724390212641e+00
6600,4.1751534232966009e+02,2.6206724390212641e+00
6700,4.1570941050458168e+02,2.6187898558363880e+00
6800,4.1570941050458168e+02,2.6187898558363880e+00
6900,4.1570941050458168e+02,2.6187898558363880e+00
7000,4.1570941050458168e+02,2.6187898558363880e+00
7100,4.1570941050458168e+02,2.6187898558363880e+00
7200,4.1570941050458168e+02,2.6187898558363880e+00
7300,4.1570941050458168e+02,2.6187898558363880e+00
7400,4.1570941050458168e+02,2.6187898558363880e+00
7500,4.0914828778035229e+02,2.6118807380635007e+00
7600,4.0914828778035229e+02,2.6118807380635007e+00
7700,4.0914828778035229e+02,2.6118807380635007e+00
7800,4.0914828778035229e+02,2.6118807380635007e+00
7900,4.0914828778035229e+02,2.6118807380635007e+00
8000,4.0914828778035229e+02,2.6118807380635007e+00
8100,4.0914828778035229e+02,2.6118807380635007e+00
8200,4.0914828778035229e+02,2.6118807380635007e+00
8300,4.0914828778035229e+02,2.6118807380635007e+00
8400,4.0521816647582608e+02,2.6076889071308726e+00
8500,4.0521816647582608e+02,2.6076889071308726e+00
8600,3.9091216017502143e+02,2.5920791803190979e+00
8700,3.9091216017502143e+02,2.5920791803190979e+00
8800,3.9091216017502143e+02,2.5920791803190979e+00
8900,3.9091216017502143e+02,2.5920791803190979e+00
9000,3.9091216017502143e+02,2.5920791803190979e+00
9100,3.9091216017502143e+02,2.5920791803190979e+00
9200,3.9091216017502143e+02,2.5920791803190979e+00
9300,3.9091216017502143e+02,2.5920791803190979e+00
9400,3.9091216017502143e+02,2.5920791803190979e+00
9500,3.9091216017502143e+02,2.5920791803190979e+00
9600,3.9091216017502143e+02,2.5920791803190979e+00
9700,3.9091216017502143e+02,2.5920791803190979e+00
9800,3.8206543969231637e+02,2.5821377547003266e+00
9900,3.8206543969231637e+02,2.5821377547003266e+00
10000,3.8206543969231637e+02,2.5821377547003266e+00
10100,3.8206543969231637e+02,2.5821377547003266e+00
10200,3.8206543969231637e+02,2.5821377547003266e+00
10300,3.7744200852037699e+02,2.5768502346028694e+00
10400,3.7744200852037699e+02,2.5768502346028694e+00
10500,3.7744200852037699e+02,2.5768502346028694e+00
10600,3.7744200852037699e+02,2.5768502346028694e+00
10700,3.7744200852037699e+02,2.5768502346028694e+00
10800,3.7744200852037699e+02,2.5768502346028694e+00
10900,3.7744200852037699e+02,2.5768502346028694e+00
11000,3.7744200852037699e+02,2.5768502346028694e+00
11100,3.7744200852037699e+02,2.5768502346028694e+00
11200,3.7744200852037699e+02,2.5768502346028694e+00
11300,3.7744200852037699e+02,2.5768502346028694e+00
11400,3.7744200852037699e+02,2.5768502346028694e+00
11500,3.7744200852037699e+02,2.5768502346028694e+00
11600,3.7744200852037699e+02,2.5768502346028694e+00
11700,3.7744200852037699e+02,2.5768502346028694e+00
11800,3.7744200852037699e+02,2.5768502346028694e+00
11900,3.7744200852037699e+02,2.5768502346028694e+00
12000,3.7744200852037699e+02,2.5768502346028694e+00
12100,3.7744200852037699e+02,2.5768502346028694e+00
12200,3.7744200852037699e+02,2.5768502346028694e+00
12300,3.7744200852037699e+02,2.5768502346028694e+00
12400,3.7744200852037699e+02,2.5768502346028694e+00
12500,3.7744200852037699e+02,2.5768502346028694e+00
12600,3.7020298115740519e+02,2.5684399117021304e+00
12700,3.7020298115740519e+02,2.5684399117021304e+00
12800,3.7020298115740519e+02,2.5684399117021304e+00
12900,3.7020298115740519e+02,2.5684399117021304e+00
13000,3.7020298115740519e+02,2.5684399117021304e+00
13100,3.7020298115740519e+02,2.5684399117021304e+00
13200,3.7020298115740519e+02,2.5684399117021304e+00
13300,3.7020298115740519e+02,2.5684399117021304e+00
13400,3.7020298115740519e+02,2.5684399117021304e+00
13500,3.7020298115740519e+02,2.5684399117021304e+00
13600,3.7020298115740519e+02,2.5684399117021304e+00
13700,3.7020298115740519e+02,2.5684399117021304e+00
13800,3.7020298115740519e+02,2.5684399117021304e+00
13900,3.7020298115740519e+02,2.5684399117021304e+00
14000,3.7020298115740519e+02,2.5684399117021304e+00
14100,3.6759524524497419e+02,2.5653698852569864e+00
14200,3.6759524524497419e+02,2.5653698852569864e+00
14300,3.6759524524497419e+02,2.5653698852569864e+00
14400,3.6759524524497419e+02,2.5653698852569864e+00
14500,3.6759524524497419e+02,2.5653698852569864e+00
14600,3.6759524524497419e+02,2.5653698852569864e+00
14700,3.6759524524497419e+02,2.5653698852569864e+00
14800,3.6759524524497419e+02,2.5653698852569864e+00
14900,3.6759524524497419e+02,2.5653698852569864e+00
15000,3.6759524524497419e+02,2.5653698852569864e+00
15100,3.6759524524497419e+02,2.5653698852569864e+00
15200,3.6759524524497419e+02,2.5653698852569864e+00
15300,3.6759524524497419e+02,2.5653698852569864e+00
15400,3.6759524524497419e+02,2.5653698852569864e+00
15500,3.6759524524497419e+02,2.5653698852569864e+00
15600,3.6747115583649878e+02,2.5652232553857361e+00
15700,3.6747115583649878e+02,2.5652232553857361e+00
15800,3.6747115583649878e+02,2.5652232553857361e+00
15900,3.6747115583649878e+02,2.5652232553857361e+00
16000,3.6747115583649878e+02,2.5652232553857361e+00
16100,3.6259167469836552e+02,2.5594178282369633e+00
16200,3.6259167469836552e+02,2.5594178282369633e+00
16300,3.6259167469836552e+02,2.5594178282369633e+00
16400,3.6259167469836552e+02,2.5594178282369633e+00
16500,3.6259167469836552e+02,2.5594178282369633e+00
16600,3.6259167469836552e+02,2.5594178282369633e+00
16700,3.6259167469836552e+02,2.5594178282369633e+00
16800,3.6259167469836552e+02,2.5594178282369633e+00
16900,3.6106993337414019e+02,2.5575913258310039e+00
17000,3.6106993337414019e+02,2.5575913258310039e+00
17100,3.6106993337414019e+02,2.5575913258310039e+00
17200,3.4894943753841738e+02,2.5427625026356857e+00
17300,3.4894943753841738e+02,2.5427625026356857e+00
17400,3.4894943753841738e+02,2.5427625026356857e+00
17500,3.4894943753841738e+02,2.5427625026356857e+00
17600,3.4894943753841738e+02,2.5427625026356857e+00
17700,3.4894943753841738e+02,2.5427625026356857e+00
17800,3.4894943753841738e+02,2.5427625026356857e+00
17900,3.4894943753841738e+02,2.5427625026356857e+00
18000,3.4894943753841738e+02,2.5427625026356857e+00
18100,3.4894943753841738e+02,2.5427625026356857e+00
18200,3.4464461165607503e+02,2.5373714929090494e+00
18300,3.4464461165607503e+02,2.5373714929090494e+00
18400,3.3778828671315358e+02,2.5286445857203628e+00
18500,3.3778828671315358e+02,2.5286445857203628e+00
18600,3.3778828671315358e+02,2.5286445857203628e+00
18700,3.3778828671315358e+02,2.5286445857203628e+00
18800,3.3778828671315358e+02,2.5286445857203628e+00
18900,3.3778828671315358e+02,2.5286445857203628e+00
19000,3.3778828671315358e+02,2.5286445857203628e+00
19100,3.3778828671315358e+02,2.5286445857203628e+00
19200,3.3778828671315358e+02,2.5286445857203628e+00
19300,3.3778828671315358e+02,2.5286445857203628e+00
19400,3.3778828671315358e+02,2.5286445857203628e+00
19500,3.3778828671315358e+02,2.5286445857203628e+00
19600,3.3778828671315358e+02,2.5286445857203628e+00
19700,3.3778828671315358e+02,2.5286445857203628e+00
19800,3.3778828671315358e+02,2.5286445857203628e+00
19900,3.3778828671315358e+02,2.5286445857203628e+00
20000,3.3759526088229057e+02,2.5283963414277988e+00
20100,3.3759526088229057e+02,2.5283963414277988e+00
20200,3.3759526088229057e+02,2.5283963414277988e+00
20300,3.3759526088229057e+02,2.5283963414277988e+00
20400,3.3759526088229057e+02,2.5283963414277988e+00
20500,3.3392126830728671e+02,2.5236440812716001e+00
20600,3.3392126830728671e+02,2.5236440812716001e+00
20700,3.3392126830728671e+02,2.5236440812716001e+00
20800,3.3392126830728671e+02,2.5236440812716001e+00
20900,3.3392126830728671e+02,2.5236440812716001e+00
21000,3.3392126830728671e+02,2.5236440812716001e+00
21100,3.3220194020764700e+02,2.5214021645964539e+00
21200,3.3220194020764700e+02,2.5214021645964539e+00
21300,3.3220194020764700e+02,2.5214021645964539e+00
21400,3.3220194020764700e+02,2.5214021645964539e+00
21500,3.3220194020764700e+02,2.5214021645964539e+00
21600,3.3220194020764700e+02,2.5214021645964539e+00
21700,3.3220194020764700e+02,2.5214021645964539e+00
21800,3.3220194020764700e+02,2.5214021645964539e+00
21900,3.3220194020764700e+02,2.5214021645964539e+00
22000,3.2728572084452912e+02,2.5149270578784142e+00
22100,3.2728572084452912e+02,2.5149270578784142e+00
22200,3.2728572084452912e+02,2.5149270578784142e+00
22300,3.2388266133703519e+02,2.5103876992074521e+00
22400,3.2388266133703519e+02,2.5103876992074521e+00
22500,3.2388266133703519e+02,2.5103876992074521e+00
22600,3.2388266133703519e+02,2.5103876992074521e+00
22700,3.2388266133703519e+02,2.5103876992074521e+00
22800,3.2388266133703519e+02,2.5103876992074521e+00
22900,3.2388266133703519e+02,2.5103876992074521e+00
23000,3.2388266133703519e+02,2.5103876992074521e+00
23100,3.2388266133703519e+02,2.5103876992074521e+00
23200,3.2388266133703519e+02,2.5103876992074521e+00
23300,3.2388266133703519e+02,2.5103876992074521e+00
23400,3.2388266133703519e+02,2.5103876992074521e+00
23500,3.2388266133703519e+02,2.5103876992074521e+00
23600,3.2388266133703519e+02,2.5103876992074521e+00
23700,3.2388266133703519e+02,2.5103876992074521e+00
23800,3.2388266133703519e+02,2.5103876992074521e+00
23900,3.2233658770353458e+02,2.5083096041034190e+00
24000,3.1494919159301679e+02,2.4982404979465915e+00
24100,3.1494919159301679e+02,2.4982404979465915e+00
24200,3.1494919159301679e+02,2.4982404979465915e+00
24300,3.1221124677071521e+02,2.4944485435774055e+00
24400,3.1221124677071521e+02,2.4944485435774055e+00
24500,3.1221124677071521e+02,2.4944485435774055e+00
24600,3.1221124677071521e+02,2.4944485435774055e+00
24700,3.1221124677071521e+02,2.4944485435774055e+00
24800,3.1221124677071521e+02,2.4944485435774055e+00
24900,3.1221124677071521e+02,2.4944485435774055e+00
25000,3.1221124677071521e+02,2.4944485435774055e+00
25100,3.1221124677071521e+02,2.4944485435774055e+00
25200,3.1221124677071521e+02,2.4944485435774055e+00
25300,3.1221124677071521e+02,2.4944485435774055e+00
25400,3.1221124677071521e+02,2.4944485435774055e+00
25500,3.1221124677071521e+02,2.4944485435774055e+00
25600,3.1221124677071521e+02,2.4944485435774055e+00
25700,3.1077843870125531e+02,2.4924508805346428e+00
25800,3.1047663176711399e+02,2.4920289182758557e+00
25900,3.1047663176711399e+02,2.4920289182758557e+00
26000,3.1047663176711399e+02,2.4920289182758557e+00
26100,3.1047663176711399e+02,2.4920289182758557e+00
26200,3.1047663176711399e+02,2.4920289182758557e+00
26300,3.1033433358395502e+02,2.4918298260553176e+00
26400,3.1033433358395502e+02,2.4918298260553176e+00
26500,3.0820955503643432e+02,2.4888460984812752e+00
26600,3.0820955503643432e+02,2.4888460984812752e+00
26700,3.0820955503643432e+02,2.4888460984812752e+00
26800,3.0820955503643432e+02,2.4888460984812752e+00
26900,3.0820955503643432e+02,2.4888460984812752e+00
27000,3.0789959554399621e+02,2.4884091184156176e+00
27100,3.0125690512587471e+02,2.4789370101844037e+00
27200,3.0125690512587471e+02,2.4789370101844037e+00
27300,3.0125690512587471e+02,2.4789370101844037e+00
27400,3.0125690512587471e+02,2.4789370101844037e+00
27500,3.0125690512587471e+02,2.4789370101844037e+00
27600,2.9879585055724829e+02,2.4753745620436192e+00
27700,2.9879585055724829e+02,2.4753745620436192e+00
27800,2.9879585055724829e+02,2.4753745620436192e+00
27900,2.9879585055724829e+02,2.4753745620436192e+00
28000,2.9879585055724829e+02,2.4753745620436192e+00
28100,2.9879585055724829e+02,2.4753745620436192e+00
28200,2.9879585055724829e+02,2.4753745620436192e+00
28300,2.9879585055724829e+02,2.4753745620436192e+00
28400,2.9230685560925991e+02,2.4658390011882840e+00
28500,2.9230685560925991e+02,2.4658390011882840e+00
28600,2.9230685560925991e+02,2.4658390011882840e+00
28700,2.9230685560925991e+02,2.4658390011882840e+00
28800,2.9230685560925991e+02,2.4658390011882840e+00
28900,2.9230685560925991e+02,2.4658390011882840e+00
29000,2.9230685560925991e+02,2.4658390011882840e+00
29100,2.9230685560925991e+02,2.4658390011882840e+00
29200,2.9230685560925991e+02,2.4658390011882840e+00
29300,2.9230685560925991e+02,2.4658390011882840e+00
29400,2.9230685560925991e+02,2.4658390011882840e+00
29500,2.9230685560925991e+02,2.4658390011882840e+00
29600,2.9230685560925991e+02,2.4658390011882840e+00
29700,2.9230685560925991e+02,2.4658390011882840e+00
29800,2.9230685560925991e+02,2.4658390011882840e+00
29900,2.9230685560925991e+02,2.4658390011882840e+00
30000,2.9230685560925991e+02,2.4658390011882840e+00
30100,2.9230685560925991e+02,2.4658390011882840e+00
30200,2.9230685560925991e+02,2.4658390011882840e+00
30300,2.9230685560925991e+02,2.4658390011882840e+00
30400,2.9230685560925991e+02,2.4658390011882840e+00
30500,2.8626202008405062e+02,2.4567637316678566e+00
30600,2.8626202008405062e+02,2.4567637316678566e+00
30700,2.8626202008405062e+02,2.4567637316678566e+00
30800,2.8626202008405062e+02,2.4567637316678566e+00
30900,2.8626202008405062e+02,2.4567637316678566e+00
31000,2.8626202008405062e+02,2.4567637316678566e+00
31100,2.8626202008405062e+02,2.4567637316678566e+00
31200,2.8626202008405062e+02,2.4567637316678566e+00
31300,2.8626202008405062e+02,2.4567637316678566e+00
31400,2.8626202008405062e+02,2.4567637316678566e+00
31500,2.8626202008405062e+02,2.4567637316678566e+00
31600,2.8626202008405062e+02,2.4567637316678566e+00
31700,2.8626202008405062e+02,2.4567637316678566e+00
31800,2.8626202008405062e+02,2.4567637316678566e+00
31900,2.8626202008405062e+02,2.4567637316678566e+00
32000,2.8626202008405062e+02,2.4567637316678566e+00
32100,2.8626202008405062e+02,2.4567637316678566e+00
32200,2.8626202008405062e+02,2.4567637316678566e+00
32300,2.8626202008405062e+02,2.4567637316678566e+00
32400,2.8626202008405062e+02,2.4567637316678566e+00
32500,2.8626202008405062e+02,2.4567637316678566e+00
32600,2.8626202008405062e+02,2.4567637316678566e+00
32700,2.8609321748654571e+02,2.4565075619538725e+00
32800,2.8522282418763228e+02,2.4551842758156091e+00
32900,2.8522282418763228e+02,2.4551842758156091e+00
33000,2.8522282418763228e+02,2.4551842758156091e+00
33100,2.8459020832479558e+02,2.4542199535709472e+00
33200,2.8459020832479558e+02,2.4542199535709472e+00
33300,2.8459020832479558e+02,2.4542199535709472e+00
33400,2.7133248293285919e+02,2.4335017890215829e+00
33500,2.7133248293285919e+02,2.4335017890215829e+00
33600,2.7133248293285919e+02,2.4335017890215829e+00
33700,2.7133248293285919e+02,2.4335017890215829e+00
33800,2.7133248293285919e+02,2.4335017890215829e+00
33900,2.7133248293285919e+02,2.4335017890215829e+00
34000,2.7133248293285919e+02,2.4335017890215829e+00
34100,2.7133248293285919e+02,2.4335017890215829e+00
34200,2.7133248293285919e+02,2.4335017890215829e+00
34300,2.7133248293285919e+02,2.4335017890215829e+00
34400,2.7133248293285919e+02,2.4335017890215829e+00
34500,2.7133248293285919e+02,2.4335017890215829e+00
34600,2.7133248293285919e+02,2.4335017890215829e+00
34700,2.7133248293285919e+02,2.4335017890215829e+00
34800,2.7133248293285919e+02,2.4335017890215829e+00
34900,2.7133248293285919e+02,2.4335017890215829e+00
35000,2.7133248293285919e+02,2.4335017890215829e+00
35100,2.7133248293285919e+02,2.4335017890215829e+00
35200,2.7133248293285919e+02,2.4335017890215829e+00
35300,2.7133248293285919e+02,2.4335017890215829e+00
35400,2.7133248293285919e+02,2.4335017890215829e+00
35500,2.7133248293285919e+02,2.4335017890215829e+00
35600,2.7133248293285919e+02,2.4335017890215829e+00
35700,2.7133248293285919e+02,2.4335017890215829e+00
35800,2.7133248293285919e+02,2.4335017890215829e+00
35900,2.7133248293285919e+02,2.4335017890215829e+00
36000,2.7133248293285919e+02,2.4335017890215829e+00
36100,2.7076740102004618e+02,2.4325963763745420e+00
36200,2.7076740102004618e+02,2.4325963763745420e+00
36300,2.7076740102004618e+02,2.4325963763745420e+00
36400,2.7076740102004618e+02,2.4325963763745420e+00
36500,2.7076740102004618e+02,2.4325963763745420e+00
36600,2.6924867518618498e+02,2.4301535750684597e+00
36700,2.6924867518618498e+02,2.4301535750684597e+00
36800,2.6924867518618498e+02,2.4301535750684597e+00
36900,2.6924867518618498e+02,2.4301535750684597e+00
37000,2.6924867518618498e+02,2.4301535750684597e+00
37100,2.6924867518618498e+02,2.4301535750684597e+00
37200,2.6924867518618498e+02,2.4301535750684597e+00
37300,2.6924867518618498e+02,2.4301535750684597e+00
37400,2.6924867518618498e+02,2.4301535750684597e+00
37500,2.6924867518618498e+02,2.4301535750684597e+00
37600,2.6697268902374191e+02,2.4264668358479207e+00
37700,2.6697268902374191e+02,2.4264668358479207e+00
37800,2.6697268902374191e+02,2.4264668358479207e+00
37900,2.6697268902374191e+02,2.4264668358479207e+00
38000,2.6697268902374191e+02,2.4264668358479207e+00
38100,2.6144033999114822e+02,2.4173725996327051e+00
38200,2.6144033999114822e+02,2.4173725996327051e+00
38300,2.6144033999114822e+02,2.4173725996327051e+00
38400,2.6144033999114822e+02,2.4173725996327051e+00
38500,2.6144033999114822e+02,2.4173725996327051e+00
38600,2.6144033999114822e+02,2.4173725996327051e+00
38700,2.6144033999114822e+02,2.4173725996327051e+00
38800,2.6144033999114822e+02,2.4173725996327051e+00
38900,2.6144033999114822e+02,2.4173725996327051e+00
39000,2.6144033999114822e+02,2.4173725996327051e+00
39100,2.6144033999114822e+02,2.4173725996327051e+00
39200,2.6144033999114822e+02,2.4173725996327051e+00
39300,2.6144033999114822e+02,2.4173725996327051e+00
39400,2.6144033999114822e+02,2.4173725996327051e+00
39500,2.6144033999114822e+02,2.4173725996327051e+00
39600,2.6144033999114822e+02,2.4173725996327051e+00
39700,2.6144033999114822e+02,2.4173725996327051e+00
39800,2.5921069401476137e+02,2.4136529148520860e+00
39900,2.5921069401476137e+02,2.4136529148520860e+00
40000,2.5921069401476137e+02,2.4136529148520860e+00
40100,2.5921069401476137e+02,2.4136529148520860e+00
40200,2.5921069401476137e+02,2.4136529148520860e+00
40300,2.5921069401476137e+02,2.4136529148520860e+00
40400,2.5921069401476137e+02,2.4136529148520860e+00
40500,2.5921069401476137e+02,2.4136529148520860e+00
40600,2.5921069401476137e+02,2.4136529148520860e+00
40700,2.5921069401476137e+02,2.4136529148520860e+00
40800,2.5921069401476137e+02,2.4136529148520860e+00
40900,2.5921069401476137e+02,2.4136529148520860e+00
41000,2.5921069401476137e+02,2.4136529148520860e+00
41100,2.5921069401476137e+02,2.4136529148520860e+00
41200,2.5910863881056957e+02,2.4134818928207018e+00
41300,2.5910863881056957e+02,2.4134818928207018e+00
41400,2.5910863881056957e+02,2.4134818928207018e+00
41500,2.5910863881056957e+02,2.4134818928207018e+00
41600,2.5910863881056957e+02,2.4134818928207018e+00
41700,2.5910863881056957e+02,2.4134818928207018e+00
41800,2.5710483589784280e+02,2.4101102453865271e+00
41900,2.5475476488002900e+02,2.4061223157079086e+00
42000,2.5475476488002900e+02,2.4061223157079086e+00
42100,2.5475476488002900e+02,2.4061223157079086e+00
42200,2.5475476488002900e+02,2.4061223157079086e+00
42300,2.5475476488002900e+02,2.4061223157079086e+00
42400,2.5475476488002900e+02,2.4061223157079086e+00
42500,2.5475476488002900e+02,2.4061223157079086e+00
42600,2.5475476488002900e+02,2.4061223157079086e+00
42700,2.5475476488002900e+02,2.4061223157079086e+00
42800,2.5475476488002900e+02,2.4061223157079086e+00
42900,2.5475476488002900e+02,2.4061223157079086e+00
43000,2.5475476488002900e+02,2.4061223157079086e+00
43100,2.5475476488002900e+02,2.4061223157079086e+00
43200,2.5475476488002900e+02,2.4061223157079086e+00
43300,2.5475476488002900e+02,2.4061223157079086e+00
43400,2.5475476488002900e+02,2.4061223157079086e+00
43500,2.5188951178254021e+02,2.4012100846485818e+00
43600,2.5188951178254021e+02,2.4012100846485818e+00
43700,2.5188951178254021e+02,2.4012100846485818e+00
43800,2.5188951178254021e+02,2.4012100846485818e+00
43900,2.5188951178254021e+02,2.4012100846485818e+00
44000,2.5188951178254021e+02,2.4012100846485818e+00
44100,2.5188951178254021e+02,2.4012100846485818e+00
44200,2.5188951178254021e+02,2.4012100846485818e+00
44300,2.5188951178254021e+02,2.4012100846485818e+00
44400,2.5188951178254021e+02,2.4012100846485818e+00
44500,2.5188951178254021e+02,2.4012100846485818e+00
44600,2.5188951178254021e+02,2.4012100846485818e+00
44700,2.5188951178254021e+02,2.4012100846485818e+00
44800,2.5188951178254021e+02,2.4012100846485818e+00
44900,2.5188951178254021e+02,2.4012100846485818e+00
45000,2.5188951178254021e+02,2.4012100846485818e+00
45100,2.5188951178254021e+02,2.4012100846485818e+00
45200,2.5188951178254021e+02,2.4012100846485818e+00
45300,2.5121448219487769e+02,2.4000446723104845e+00
45400,2.5121448219487769e+02,2.4000446723104845e+00
45500,2.5121448219487769e+02,2.4000446723104845e+00
45600,2.5121448219487769e+02,2.4000446723104845e+00
45700,2.5121448219487769e+02,2.4000446723104845e+00
45800,2.5121448219487769e+02,2.4000446723104845e+00
45900,2.5121448219487769e+02,2.4000446723104845e+00
46000,2.5121448219487769e+02,2.4000446723104845e+00
46100,2.5121448219487769e+02,2.4000446723104845e+00
46200,2.5121448219487769e+02,2.4000446723104845e+00
46300,2.5121448219487769e+02,2.4000446723104845e+00
46400,2.5121448219487769e+02,2.4000446723104845e+00
46500,2.5121448219487769e+02,2.4000446723104845e+00
46600,2.5121448219487769e+02,2.4000446723104845e+00
46700,2.5121448219487769e+02,2.4000446723104845e+00
46800,2.5121448219487769e+02,2.4000446723104845e+00
46900,2.5093620270595369e+02,2.3995633217419297e+00
47000,2.5093620270595369e+02,2.3995633217419297e+00
47100,2.5093620270595369e+02,2.3995633217419297e+00
47200,2.5093620270595369e+02,2.3995633217419297e+00
47300,2.5093620270595369e+02,2.3995633217419297e+00
47400,2.5093620270595369e+02,2.3995633217419297e+00
47500,2.5093620270595369e+02,2.3995633217419297e+00
47600,2.5093620270595369e+02,2.3995633217419297e+00
47700,2.5093620270595369e+02,2.3995633217419297e+00
47800,2.4984695851163400e+02,2.3976740669679031e+00
47900,2.4984695851163400e+02,2.3976740669679031e+00
48000,2.4984695851163400e+02,2.3976740669679031e+00
48100,2.4984695851163400e+02,2.3976740669679031e+00
48200,2.4984695851163400e+02,2.3976740669679031e+00
48300,2.4984695851163400e+02,2.3976740669679031e+00
48400,2.4984695851163400e+02,2.3976740669679031e+00
48500,2.4984695851163400e+02,2.3976740669679031e+00
48600,2.4984695851163400e+02,2.3976740669679031e+00
48700,2.4984695851163400e+02,2.3976740669679031e+00
48800,2.4984695851163400e+02,2.3976740669679031e+00
48900,2.4934494699326930e+02,2.3968005716112262e+00
49000,2.4934494699326930e+02,2.3968005716112262e+00
49100,2.4934494699326930e+02,2.3968005716112262e+00
49200,2.4934494699326930e+02,2.3968005716112262e+00
49300,2.4934494699326930e+02,2.3968005716112262e+00
49400,2.4807197610808751e+02,2.3945777061946956e+00
49500,2.4807197610808751e+02,2.3945777061946956e+00
49600,2.4807197610808751e+02,2.3945777061946956e+00
49700,2.4807197610808751e+02,2.3945777061946956e+00
49800,2.4807197610808751e+02,2.3945777061946956e+00
49900,2.4807197610808751e+02,2.3945777061946956e+00
50000,2.4807197610808751e+02,2.3945777061946956e+00
50100,2.4655495475303499e+02,2.3919137345097470e+00
50200,2.4655495475303499e+02,2.3919137345097470e+00
50300,2.4655495475303499e+02,2.3919137345097470e+00
50400,2.4655495475303499e+02,2.3919137345097470e+00
50500,2.4655495475303499e+02,2.3919137345097470e+00
50600,2.4655495475303499e+02,2.3919137345097470e+00
50700,2.4655495475303499e+02,2.3919137345097470e+00
50800,2.4655495475303499e+02,2.3919137345097470e+00
50900,2.4655495475303499e+02,2.3919137345097470e+00
51000,2.4655495475303499e+02,2.3919137345097470e+00
51100,2.4655495475303499e+02,2.3919137345097470e+00
51200,2.4655495475303499e+02,2.3919137345097470e+00
51300,2.4655495475303499e+02,2.3919137345097470e+00
51400,2.4655495475303499e+02,2.3919137345097470e+00
51500,2.4655495475303499e+02,2.3919137345097470e+00
51600,2.4655495475303499e+02,2.3919137345097470e+00
51700,2.4655495475303499e+02,2.3919137345097470e+00
51800,2.4444935386449501e+02,2.3881888936618090e+00
51900,2.4444935386449501e+02,2.3881888936618090e+00
52000,2.4444935386449501e+02,2.3881888936618090e+00
52100,2.4444935386449501e+02,2.3881888936618090e+00
52200,2.4444935386449501e+02,2.3881888936618090e+00
52300,2.4444935386449501e+02,2.3881888936618090e+00
52400,2.4444935386449501e+02,2.3881888936618090e+00
52500,2.4444935386449501e+02,2.3881888936618090e+00
52600,2.4444935386449501e+02,2.3881888936618090e+00
52700,2.4444935386449501e+02,2.3881888936618090e+00
52800,2.4444935386449501e+02,2.3881888936618090e+00
52900,2.4382997388034730e+02,2.3870870921383389e+00
53000,2.4382997388034730e+02,2.3870870921383389e+00
53100,2.4382997388034730e+02,2.3870870921383389e+00
53200,2.4382997388034730e+02,2.3870870921383389e+00
53300,2.4382997388034730e+02,2.3870870921383389e+00
53400,2.4382997388034730e+02,2.3870870921383389e+00
53500,2.4382997388034730e+02,2.3870870921383389e+00
53600,2.4382997388034730e+02,2.3870870921383389e+00
53700,2.4382997388034730e+02,2.3870870921383389e+00
53800,2.4274231880217121e+02,2.3851454962335521e+00
53900,2.4274231880217121e+02,2.3851454962335521e+00
54000,2.4274231880217121e+02,2.3851454962335521e+00
54100,2.4257050804225150e+02,2.3848379977956182e+00
54200,2.4257050804225150e+02,2.3848379977956182e+00
54300,2.4257050804225150e+02,2.3848379977956182e+00
54400,2.4257050804225150e+02,2.3848379977956182e+00
54500,2.4257050804225150e+02,2.3848379977956182e+00
54600,2.4257050804225150e+02,2.3848379977956182e+00
54700,2.4257050804225150e+02,2.3848379977956182e+00
54800,2.4257050804225150e+02,2.3848379977956182e+00
54900,2.4257050804225150e+02,2.3848379977956182e+00
55000,2.4257050804225150e+02,2.3848379977956182e+00
55100,2.4037526099517871e+02,2.3808897687960084e+00
55200,2.4037526099517871e+02,2.3808897687960084e+00
55300,2.4037526099517871e+02,2.3808897687960084e+00
55400,2.4037526099517871e+02,2.3808897687960084e+00
55500,2.4037526099517871e+02,2.3808897687960084e+00
55600,2.4037526099517871e+02,2.3808897687960084e+00
55700,2.4037526099517871e+02,2.3808897687960084e+00
55800,2.4037526099517871e+02,2.3808897687960084e+00
55900,2.4037526099517871e+02,2.3808897687960084e+00
56000,2.4037526099517871e+02,2.3808897687960084e+00
56100,2.4037526099517871e+02,2.3808897687960084e+00
56200,2.4035839701744479e+02,2.3808592989824069e+00
56300,2.4035839701744479e+02,2.3808592989824069e+00
56400,2.3807468694701501e+02,2.3767132219330711e+00
56500,2.3807468694701501e+02,2.3767132219330711e+00
56600,2.3807468694701501e+02,2.3767132219330711e+00
56700,2.3771434611264979e+02,2.3760553922858270e+00
56800,2.3771434611264979e+02,2.3760553922858270e+00
56900,2.3771434611264979e+02,2.3760553922858270e+00
57000,2.3771434611264979e+02,2.3760553922858270e+00
57100,2.3771434611264979e+02,2.3760553922858270e+00
57200,2.3771434611264979e+02,2.3760553922858270e+00
57300,2.3771434611264979e+02,2.3760553922858270e+00
57400,2.3771434611264979e+02,2.3760553922858270e+00
57500,2.3771434611264979e+02,2.3760553922858270e+00
57600,2.3771434611264979e+02,2.3760553922858270e+00
57700,2.3771434611264979e+02,2.3760553922858270e+00
57800,2.3762351999608089e+02,2.3758894249412030e+00
57900,2.3762351999608089e+02,2.3758894249412030e+00
58000,2.3762351999608089e+02,2.3758894249412030e+00
58100,2.3762351999608089e+02,2.3758894249412030e+00
58200,2.3762351999608089e+02,2.3758894249412030e+00
58300,2.3667176529777450e+02,2.3741464501268936e+00
58400,2.3665569891351149e+02,2.3741169671893512e+00
58500,2.3665569891351149e+02,2.3741169671893512e+00
58600,2.3665569891351149e+02,2.3741169671893512e+00
58700,2.3550500768980240e+02,2.3720001462374243e+00
58800,2.3550500768980240e+02,2.3720001462374243e+00
58900,2.3550500768980240e+02,2.3720001462374243e+00
59000,2.3550500768980240e+02,2.3720001462374243e+00
59100,2.3550500768980240e+02,2.3720001462374243e+00
59200,2.3550500768980240e+02,2.3720001462374243e+00
59300,2.3550500768980240e+02,2.3720001462374243e+00
59400,2.3550500768980240e+02,2.3720001462374243e+00
59500,2.3550500768980240e+02,2.3720001462374243e+00
59600,2.3550500768980240e+02,2.3720001462374243e+00
59700,2.3550500768980240e+02,2.3720001462374243e+00
59800,2.3550500768980240e+02,2.3720001462374243e+00
59900,2.3550500768980240e+02,2.3720001462374243e+00
60000,2.3550500768980240e+02,2.3720001462374243e+00
60100,2.3550500768980240e+02,2.3720001462374243e+00
60200,2.3550500768980240e+02,2.3720001462374243e+00
60300,2.3534868287658759e+02,2.3717117721304843e+00
60400,2.3502354738381970e+02,2.3711113771080532e+00
60500,2.3502354738381970e+02,2.3711113771080532e+00
60600,2.3494175368634271e+02,2.3709602061524677e+00
60700,2.3494175368634271e+02,2.3709602061524677e+00
60800,2.3436320807856211e+02,2.3698894342120846e+00
60900,2.3436320807856211e+02,2.3698894342120846e+00
61000,2.3436320807856211e+02,2.3698894342120846e+00
61100,2.3436320807856211e+02,2.3698894342120846e+00
61200,2.3436320807856211e+02,2.3698894342120846e+00
61300,2.3388439625077939e+02,2.3690012485375331e+00
61400,2.3388439625077939e+02,2.3690012485375331e+00
61500,2.3371366032193990e+02,2.3686840971977849e+00
61600,2.3371366032193990e+02,2.3686840971977849e+00
61700,2.3345695633008839e+02,2.3682068191567853e+00
61800,2.3345695633008839e+02,2.3682068191567853e+00
61900,2.3280064716521821e+02,2.3669841832797944e+00
62000,2.3280064716521821e+02,2.3669841832797944e+00
62100,2.3280064716521821e+02,2.3669841832797944e+00
62200,2.3280064716521821e+02,2.3669841832797944e+00
62300,2.3280064716521821e+02,2.3669841832797944e+00
62400,2.3280064716521821e+02,2.3669841832797944e+00
62500,2.3280064716521821e+02,2.3669841832797944e+00
62600,2.3280064716521821e+02,2.3669841832797944e+00
62700,2.3272629864018060e+02,2.3668454623970319e+00
62800,2.3272629864018060e+02,2.3668454623970319e+00
62900,2.3209519316594299e+02,2.3656661460434929e+00
63000,2.3209519316594299e+02,2.3656661460434929e+00
63100,2.3209519316594299e+02,2.3656661460434929e+00
63200,2.3209519316594299e+02,2.3656661460434929e+00
63300,2.3209519316594299e+02,2.3656661460434929e+00
63400,2.3209519316594299e+02,2.3656661460434929e+00
63500,2.3204844531670031e+02,2.3655786630690327e+00
63600,2.3125578687022559e+02,2.3640926091920922e+00
63700,2.3125578687022559e+02,2.3640926091920922e+00
63800,2.3125578687022559e+02,2.3640926091920922e+00
63900,2.3125578687022559e+02,2.3640926091920922e+00
64000,2.3118156254388120e+02,2.3639531947798611e+00
64100,2.3097069801183500e+02,2.3635568868230785e+00
64200,2.3097069801183500e+02,2.3635568868230785e+00
64300,2.3081316148796671e+02,2.3632605696423852e+00
64400,2.3081316148796671e+02,2.3632605696423852e+00
64500,2.3063231517787520e+02,2.3629201586402711e+00
64600,2.3063231517787520e+02,2.3629201586402711e+00
64700,2.3063231517787520e+02,2.3629201586402711e+00
64800,2.3063231517787520e+02,2.3629201586402711e+00
64900,2.3045457411887361e+02,2.3625853325294122e+00
65000,2.3045457411887361e+02,2.3625853325294122e+00
65100,2.3025883395949000e+02,2.3622163010459283e+00
65200,2.3005409646608251e+02,2.3618299709491102e+00
65300,2.3005409646608251e+02,2.3618299709491102e+00
65400,2.3005409646608251e+02,2.3618299709491102e+00
65500,2.3002963667260269e+02,2.3617837934706136e+00
65600,2.3002963667260269e+02,2.3617837934706136e+00
65700,2.3002963667260269e+02,2.3617837934706136e+00
65800,2.2985070775294960e+02,2.3614458453616267e+00
65900,2.2985070775294960e+02,2.3614458453616267e+00
66000,2.2978071364771881e+02,2.3613135739263544e+00
66100,2.2978071364771881e+02,2.3613135739263544e+00
66200,2.2970305681526770e+02,2.3611667746864042e+00
66300,2.2946068189808651e+02,2.3607082798620733e+00
66400,2.2946068189808651e+02,2.3607082798620733e+00
66500,2.2934372146195369e+02,2.3604868553389355e+00
66600,2.2934372146195369e+02,2.3604868553389355e+00
66700,2.2907484791970100e+02,2.3599774069137651e+00
66800,2.2869904056934641e+02,2.3592643426727187e+00
66900,2.2869904056934641e+02,2.3592643426727187e+00
67000,2.2869904056934641e+02,2.3592643426727187e+00
67100,2.2869904056934641e+02,2.3592643426727187e+00
67200,2.2869904056934641e+02,2.3592643426727187e+00
67300,2.2869904056934641e+02,2.3592643426727187e+00
67400,2.2869904056934641e+02,2.3592643426727187e+00
67500,2.2869904056934641e+02,2.3592643426727187e+00
67600,2.2795516760519101e+02,2.3578494418416920e+00
67700,2.2795516760519101e+02,2.3578494418416920e+00
67800,2.2795516760519101e+02,2.3578494418416920e+00
67900,2.2795516760519101e+02,2.3578494418416920e+00
68000,2.2795516760519101e+02,2.3578494418416920e+00
68100,2.2795516760519101e+02,2.3578494418416920e+00
68200,2.2795516760519101e+02,2.3578494418416920e+00
68300,2.2795516760519101e+02,2.3578494418416920e+00
68400,2.2795516760519101e+02,2.3578494418416920e+00
68500,2.2795516760519101e+02,2.3578494418416920e+00
68600,2.2795516760519101e+02,2.3578494418416920e+00
68700,2.2795516760519101e+02,2.3578494418416920e+00
68800,2.2779189301101661e+02,2.3575382637148481e+00
68900,2.2779189301101661e+02,2.3575382637148481e+00
69000,2.2779189301101661e+02,2.3575382637148481e+00
69100,2.2779189301101661e+02,2.3575382637148481e+00
69200,2.2779189301101661e+02,2.3575382637148481e+00
69300,2.2779189301101661e+02,2.3575382637148481e+00
69400,2.2773901659966990e+02,2.3574374409900254e+00
69500,2.2773901659966990e+02,2.3574374409900254e+00
69600,2.2773901659966990e+02,2.3574374409900254e+00
69700,2.2773901659966990e+02,2.3574374409900254e+00
69800,2.2763635842043459e+02,2.3572416294289922e+00
69900,2.2734963018910909e+02,2.3566942521106897e+00
70000,2.2734963018910909e+02,2.3566942521106897e+00
70100,2.2734963018910909e+02,2.3566942521106897e+00
70200,2.2734963018910909e+02,2.3566942521106897e+00
70300,2.2720290164351351e+02,2.3564138735166198e+00
70400,2.2720290164351351e+02,2.3564138735166198e+00
70500,2.2720290164351351e+02,2.3564138735166198e+00
70600,2.2720290164351351e+02,2.3564138735166198e+00
70700,2.2720290164351351e+02,2.3564138735166198e+00
70800,2.2720290164351351e+02,2.3564138735166198e+00
70900,2.2720290164351351e+02,2.3564138735166198e+00
71000,2.2720290164351351e+02,2.3564138735166198e+00
71100,2.2701246446342680e+02,2.3560497034445418e+00
71200,2.2672360028443751e+02,2.3554967293891380e+00
71300,2.2672360028443751e+02,2.3554967293891380e+00
71400,2.2672360028443751e+02,2.3554967293891380e+00
71500,2.2672360028443751e+02,2.3554967293891380e+00
71600,2.2672360028443751e+02,2.3554967293891380e+00
71700,2.2672360028443751e+02,2.3554967293891380e+00
71800,2.2672360028443751e+02,2.3554967293891380e+00
71900,2.2672360028443751e+02,2.3554967293891380e+00
72000,2.2672360028443751e+02,2.3554967293891380e+00
72100,2.2672360028443751e+02,2.3554967293891380e+00
72200,2.2672360028443751e+02,2.3554967293891380e+00
72300,2.2672360028443751e+02,2.3554967293891380e+00
72400,2.2672360028443751e+02,2.3554967293891380e+00
72500,2.2672360028443751e+02,2.3554967293891380e+00
72600,2.2672360028443751e+02,2.3554967293891380e+00
72700,2.2672360028443751e+02,2.3554967293891380e+00
72800,2.2665853344522819e+02,2.3553720744134994e+00
72900,2.2662659185593881e+02,2.3553108676576620e+00
73000,2.2662659185593881e+02,2.3553108676576620e+00
73100,2.2642721912028080e+02,2.3549286327776993e+00
73200,2.2642721912028080e+02,2.3549286327776993e+00
73300,2.2642721912028080e+02,2.3549286327776993e+00
73400,2.2642721912028080e+02,2.3549286327776993e+00
73500,2.2637491947445639e+02,2.3548283088359505e+00
73600,2.2637491947445639e+02,2.3548283088359505e+00
73700,2.2612825384296181e+02,2.3543548291365326e+00
73800,2.2612825384296181e+02,2.3543548291365326e+00
73900,2.2612825384296181e+02,2.3543548291365326e+00
74000,2.2612825384296181e+02,2.3543548291365326e+00
74100,2.2612825384296181e+02,2.3543548291365326e+00
74200,2.2612825384296181e+02,2.3543548291365326e+00
74300,2.2612825384296181e+02,2.3543548291365326e+00
74400,2.2612825384296181e+02,2.3543548291365326e+00
74500,2.2612825384296181e+02,2.3543548291365326e+00
74600,2.2612825384296181e+02,2.3543548291365326e+00
74700,2.2603529012445370e+02,2.3541762493678942e+00
74800,2.2603529012445370e+02,2.3541762493678942e+00
74900,2.2603529012445370e+02,2.3541762493678942e+00
75000,2.2599823722739799e+02,2.3541050516898809e+00
75100,2.2599823722739799e+02,2.3541050516898809e+00
75200,2.2599823722739799e+02,2.3541050516898809e+00
75300,2.2574886330305159e+02,2.3536255722194075e+00
75400,2.2574886330305159e+02,2.3536255722194075e+00
75500,2.2574886330305159e+02,2.3536255722194075e+00
75600,2.2574886330305159e+02,2.3536255722194075e+00
75700,2.2557177186084400e+02,2.3532847509314014e+00
75800,2.2557177186084400e+02,2.3532847509314014e+00
75900,2.2557177186084400e+02,2.3532847509314014e+00
76000,2.2557177186084400e+02,2.3532847509314014e+00
76100,2.2554390311731569e+02,2.3532310917826789e+00
76200,2.2554390311731569e+02,2.3532310917826789e+00
76300,2.2554390311731569e+02,2.3532310917826789e+00
76400,2.2532005037319601e+02,2.3527998396554426e+00
76500,2.2532005037319601e+02,2.3527998396554426e+00
76600,2.2532005037319601e+02,2.3527998396554426e+00
76700,2.2532005037319601e+02,2.3527998396554426e+00
76800,2.2532005037319601e+02,2.3527998396554426e+00
76900,2.2532005037319601e+02,2.3527998396554426e+00
77000,2.2532005037319601e+02,2.3527998396554426e+00
77100,2.2532005037319601e+02,2.3527998396554426e+00
77200,2.2532005037319601e+02,2.3527998396554426e+00
77300,2.2532005037319601e+02,2.3527998396554426e+00
77400,2.2532005037319601e+02,2.3527998396554426e+00
77500,2.2508425843209901e+02,2.3523451230985679e+00
77600,2.2508425843209901e+02,2.3523451230985679e+00
77700,2.2508425843209901e+02,2.3523451230985679e+00
77800,2.2508425843209901e+02,2.3523451230985679e+00
77900,2.2508425843209901e+02,2.3523451230985679e+00
78000,2.2508425843209901e+02,2.3523451230985679e+00
78100,2.2508425843209901e+02,2.3523451230985679e+00
78200,2.2508425843209901e+02,2.3523451230985679e+00
78300,2.2508425843209901e+02,2.3523451230985679e+00
78400,2.2508425843209901e+02,2.3523451230985679e+00
78500,2.2508425843209901e+02,2.3523451230985679e+00
78600,2.2508425843209901e+02,2.3523451230985679e+00
78700,2.2506109799662860e+02,2.3523004333147526e+00
78800,2.2506109799662860e+02,2.3523004333147526e+00
78900,2.2506109799662860e+02,2.3523004333147526e+00
79000,2.2506109799662860e+02,2.3523004333147526e+00
79100,2.2501010292063779e+02,2.3522020183077195e+00
79200,2.2501010292063779e+02,2.3522020183077195e+00
79300,2.2492061330124741e+02,2.3520292590494600e+00
79400,2.2492061330124741e+02,2.3520292590494600e+00
79500,2.2492061330124741e+02,2.3520292590494600e+00
79600,2.2491640995634160e+02,2.3520211428233435e+00
79700,2.2491640995634160e+02,2.3520211428233435e+00
79800,2.2488989794806929e+02,2.3519699473700659e+00
79900,2.2488989794806929e+02,2.3519699473700659e+00
80000,2.2488989794806929e+02,2.3519699473700659e+00
80100,2.2487856208467090e+02,2.3519480556486134e+00
80200,2.2479982492577730e+02,2.3517959686683825e+00
80300,2.2479982492577730e+02,2.3517959686683825e+00
80400,2.2479982492577730e+02,2.3517959686683825e+00
80500,2.2479982492577730e+02,2.3517959686683825e+00
80600,2.2479982492577730e+02,2.3517959686683825e+00
80700,2.2479982492577730e+02,2.3517959686683825e+00
80800,2.2471156826609470e+02,2.3516254306959778e+00
80900,2.2471156826609470e+02,2.3516254306959778e+00
81000,2.2471156826609470e+02,2.3516254306959778e+00
81100,2.2470805139560139e+02,2.3516186336742990e+00
81200,2.2461195140799120e+02,2.3514328609746373e+00
81300,2.2461195140799120e+02,2.3514328609746373e+00
81400,2.2461195140799120e+02,2.3514328609746373e+00
81500,2.2461195140799120e+02,2.3514328609746373e+00
81600,2.2461195140799120e+02,2.3514328609746373e+00
81700,2.2457823479281109e+02,2.3513676639137997e+00
81800,2.2457823479281109e+02,2.3513676639137997e+00
81900,2.2453723018166940e+02,2.3512883610271715e+00
82000,2.2443806207558001e+02,2.3510965101048669e+00
82100,2.2438956908694379e+02,2.3510026645570643e+00
82200,2.2438956908694379e+02,2.3510026645570643e+00
82300,2.2438956908694379e+02,2.3510026645570643e+00
82400,2.2438956908694379e+02,2.3510026645570643e+00
82500,2.2438956908694379e+02,2.3510026645570643e+00
82600,2.2438956908694379e+02,2.3510026645570643e+00
82700,2.2438956908694379e+02,2.3510026645570643e+00
82800,2.2438956908694379e+02,2.3510026645570643e+00
82900,2.2434513885822119e+02,2.3509166636175993e+00
83000,2.2428161674566880e+02,2.3507936780720420e+00
83100,2.2428161674566880e+02,2.3507936780720420e+00
83200,2.2428161674566880e+02,2.3507936780720420e+00
83300,2.2423249750959761e+02,2.3506985541390897e+00
83400,2.2423249750959761e+02,2.3506985541390897e+00
83500,2.2423249750959761e+02,2.3506985541390897e+00
83600,2.2423249750959761e+02,2.3506985541390897e+00
83700,2.2423249750959761e+02,2.3506985541390897e+00
83800,2.2417394225916661e+02,2.3505851292636293e+00
83900,2.2417394225916661e+02,2.3505851292636293e+00
84000,2.2414509494079019e+02,2.3505292394612063e+00
84100,2.2414509494079019e+02,2.3505292394612063e+00
84200,2.2414509494079019e+02,2.3505292394612063e+00
84300,2.2414509494079019e+02,2.3505292394612063e+00
84400,2.2414509494079019e+02,2.3505292394612063e+00
84500,2.2414509494079019e+02,2.3505292394612063e+00
84600,2.2414509494079019e+02,2.3505292394612063e+00
84700,2.2405561365980569e+02,2.3503558295297364e+00
84800,2.2405561365980569e+02,2.3503558295297364e+00
84900,2.2404075077277901e+02,2.3503270193436445e+00
85000,2.2404075077277901e+02,2.3503270193436445e+00
85100,2.2401840695922300e+02,2.3502837045501730e+00
85200,2.2401840695922300e+02,2.3502837045501730e+00
85300,2.2401840695922300e+02,2.3502837045501730e+00
85400,2.2394136874934361e+02,2.3501343283267242e+00
85500,2.2394136874934361e+02,2.3501343283267242e+00
85600,2.2393300927247449e+02,2.3501181163045395e+00
85700,2.2393300927247449e+02,2.3501181163045395e+00
85800,2.2393300927247449e+02,2.3501181163045395e+00
85900,2.2391427530459151e+02,2.3500817822274525e+00
86000,2.2391427530459151e+02,2.3500817822274525e+00
86100,2.2391427530459151e+02,2.3500817822274525e+00
86200,2.2380889437752879e+02,2.3498773418095094e+00
86300,2.2380889437752879e+02,2.3498773418095094e+00
86400,2.2380889437752879e+02,2.3498773418095094e+00
86500,2.2380889437752879e+02,2.3498773418095094e+00
86600,2.2379611958989381e+02,2.3498525520077611e+00
86700,2.2379611958989381e+02,2.3498525520077611e+00
86800,2.2370079657639829e+02,2.3496675305790538e+00
86900,2.2364084031966669e+02,2.3495511154302617e+00
87000,2.2364084031966669e+02,2.3495511154302617e+00
87100,2.2364084031966669e+02,2.3495511154302617e+00
87200,2.2364084031966669e+02,2.3495511154302617e+00
87300,2.2364084031966669e+02,2.3495511154302617e+00
87400,2.2364084031966669e+02,2.3495511154302617e+00
87500,2.2364084031966669e+02,2.3495511154302617e+00
87600,2.2362136452919481e+02,2.3495132931942386e+00
87700,2.2362136452919481e+02,2.3495132931942386e+00
87800,2.2362136452919481e+02,2.3495132931942386e+00
87900,2.2362136452919481e+02,2.3495132931942386e+00
88000,2.2362136452919481e+02,2.3495132931942386e+00
88100,2.2362136452919481e+02,2.3495132931942386e+00
88200,2.2362136452919481e+02,2.3495132931942386e+00
88300,2.2350635983690930e+02,2.3492898854222211e+00
88400,2.2350635983690930e+02,2.3492898854222211e+00
88500,2.2350635983690930e+02,2.3492898854222211e+00
88600,2.2350635983690930e+02,2.3492898854222211e+00
88700,2.2350635983690930e+02,2.3492898854222211e+00
88800,2.2350635983690930e+02,2.3492898854222211e+00
88900,2.2350635983690930e+02,2.3492898854222211e+00
89000,2.2350635983690930e+02,2.3492898854222211e+00
89100,2.2350635983690930e+02,2.3492898854222211e+00
89200,2.2350635983690930e+02,2.3492898854222211e+00
89300,2.2343564068286670e+02,2.3491524495196381e+00
89400,2.2343564068286670e+02,2.3491524495196381e+00
89500,2.2343564068286670e+02,2.3491524495196381e+00
89600,2.2343564068286670e+02,2.3491524495196381e+00
89700,2.2343564068286670e+02,2.3491524495196381e+00
89800,2.2340327438508729e+02,2.3490895342091052e+00
89900,2.2340327438508729e+02,2.3490895342091052e+00
90000,2.2340327438508729e+02,2.3490895342091052e+00
90100,2.2340327438508729e+02,2.3490895342091052e+00
90200,2.2336522424760980e+02,2.3490155586945707e+00
90300,2.2336522424760980e+02,2.3490155586945707e+00
90400,2.2336522424760980e+02,2.3490155586945707e+00
90500,2.2336522424760980e+02,2.3490155586945707e+00
90600,2.2336522424760980e+02,2.3490155586945707e+00
90700,2.2336251705627751e+02,2.3490102950041911e+00
90800,2.2334213627454909e+02,2.3489706658622884e+00
90900,2.2330645941419809e+02,2.3489012857555802e+00
91000,2.2330645941419809e+02,2.3489012857555802e+00
91100,2.2330645941419809e+02,2.3489012857555802e+00
91200,2.2329990241634641e+02,2.3488885332816865e+00
91300,2.2326207255243750e+02,2.3488149520002204e+00
91400,2.2326207255243750e+02,2.3488149520002204e+00
91500,2.2326207255243750e+02,2.3488149520002204e+00
91600,2.2326207255243750e+02,2.3488149520002204e+00
91700,2.2324521078592031e+02,2.3487821508682778e+00
91800,2.2324521078592031e+02,2.3487821508682778e+00
91900,2.2324521078592031e+02,2.3487821508682778e+00
92000,2.2323413977769559e+02,2.3487606131296297e+00
92100,2.2323413977769559e+02,2.3487606131296297e+00
92200,2.2319966723250039e+02,2.3486935427781015e+00
92300,2.2319966723250039e+02,2.3486935427781015e+00
92400,2.2319126643106529e+02,2.3486771964707187e+00
92500,2.2319126643106529e+02,2.3486771964707187e+00
92600,2.2312137005029129e+02,2.3485411679999020e+00
92700,2.2312137005029129e+02,2.3485411679999020e+00
92800,2.2312137005029129e+02,2.3485411679999020e+00
92900,2.2312137005029129e+02,2.3485411679999020e+00
93000,2.2312137005029129e+02,2.3485411679999020e+00
93100,2.2312137005029129e+02,2.3485411679999020e+00
93200,2.2312137005029129e+02,2.3485411679999020e+00
93300,2.2312137005029129e+02,2.3485411679999020e+00
93400,2.2310676251526340e+02,2.3485127342396970e+00
93500,2.2310676251526340e+02,2.3485127342396970e+00
93600,2.2303228176268681e+02,2.3483677275178358e+00
93700,2.2303228176268681e+02,2.3483677275178358e+00
93800,2.2303228176268681e+02,2.3483677275178358e+00
93900,2.2303228176268681e+02,2.3483677275178358e+00
94000,2.2303228176268681e+02,2.3483677275178358e+00
94100,2.2303228176268681e+02,2.3483677275178358e+00
94200,2.2303228176268681e+02,2.3483677275178358e+00
94300,2.2303228176268681e+02,2.3483677275178358e+00
94400,2.2303228176268681e+02,2.3483677275178358e+00
94500,2.2303228176268681e+02,2.3483677275178358e+00
94600,2.2303228176268681e+02,2.3483677275178358e+00
94700,2.2303228176268681e+02,2.3483677275178358e+00
94800,2.2303228176268681e+02,2.3483677275178358e+00
94900,2.2303228176268681e+02,2.3483677275178358e+00
95000,2.2301484066762990e+02,2.3483337644185820e+00
95100,2.2296919744487289e+02,2.3482448706548826e+00
95200,2.2294906121187000e+02,2.3482056479735252e+00
95300,2.2294906121187000e+02,2.3482056479735252e+00
95400,2.2294906121187000e+02,2.3482056479735252e+00
95500,2.2294906121187000e+02,2.3482056479735252e+00
95600,2.2294906121187000e+02,2.3482056479735252e+00
95700,2.2294906121187000e+02,2.3482056479735252e+00
95800,2.2294906121187000e+02,2.3482056479735252e+00
95900,2.2294906121187000e+02,2.3482056479735252e+00
96000,2.2294833581704731e+02,2.3482042349355896e+00
96100,2.2294833581704731e+02,2.3482042349355896e+00
96200,2.2293741977261379e+02,2.3481829703950510e+00
96300,2.2293741977261379e+02,2.3481829703950510e+00
96400,2.2292982416883731e+02,2.3481681734847508e+00
96500,2.2292982416883731e+02,2.3481681734847508e+00
96600,2.2292982416883731e+02,2.3481681734847508e+00
96700,2.2292406418237209e+02,2.3481569521837677e+00
96800,2.2291463163333080e+02,2.3481385755644300e+00
96900,2.2291463163333080e+02,2.3481385755644300e+00
97000,2.2291463163333080e+02,2.3481385755644300e+00
97100,2.2291463163333080e+02,2.3481385755644300e+00
97200,2.2291463163333080e+02,2.3481385755644300e+00
97300,2.2290835253248630e+02,2.3481263421043121e+00
97400,2.2287792899994429e+02,2.3480670635985756e+00
97500,2.2287792899994429e+02,2.3480670635985756e+00
97600,2.2287792899994429e+02,2.3480670635985756e+00
97700,2.2287792899994429e+02,2.3480670635985756e+00
97800,2.2287792899994429e+02,2.3480670635985756e+00
97900,2.2287546751614451e+02,2.3480622671849538e+00
98000,2.2287070522929960e+02,2.3480529873076401e+00
98100,2.2285387736676100e+02,2.3480201946453927e+00
98200,2.2285387736676100e+02,2.3480201946453927e+00
98300,2.2285387736676100e+02,2.3480201946453927e+00
98400,2.2284490316654899e+02,2.3480027054989003e+00
98500,2.2283548454561799e+02,2.3479843494966581e+00
98600,2.2283059499233721e+02,2.3479748199133832e+00
98700,2.2283059499233721e+02,2.3479748199133832e+00
98800,2.2283059499233721e+02,2.3479748199133832e+00
98900,2.2281992136566919e+02,2.3479540166292194e+00
99000,2.2281992136566919e+02,2.3479540166292194e+00
99100,2.2281992136566919e+02,2.3479540166292194e+00
99200,2.2280990642551339e+02,2.3479344962426758e+00
99300,2.2279724287943850e+02,2.3479098121316073e+00
99400,2.2279209050790601e+02,2.3478997685943961e+00
99500,2.2278276950045199e+02,2.3478815985293098e+00
99600,2.2278195095171171e+02,2.3478800028410300e+00
99700,2.2278187657946700e+02,2.3478798578586351e+00
99800,2.2278132368030401e+02,2.3478787800270036e+00
99900,2.2278132368030401e+02,2.3478787800270036e+00
100000,2.2278132368030401e+02,2.3478787800270036e+00
100100,2.2278063903343349e+02,2.3478774453603002e+00
100200,2.2277295414951871e+02,2.3478624639855354e+00
100300,2.2275740873187351e+02,2.3478321572335501e+00
100400,2.2273466023246300e+02,2.3477878038164528e+00
100500,2.2273466023246300e+02,2.3477878038164528e+00
100600,2.2273466023246300e+02,2.3477878038164528e+00
100700,2.2273466023246300e+02,2.3477878038164528e+00
100800,2.2273466023246300e+02,2.3477878038164528e+00
100900,2.2273466023246300e+02,2.3477878038164528e+00
101000,2.2273466023246300e+02,2.3477878038164528e+00
101100,2.2273466023246300e+02,2.3477878038164528e+00
101200,2.2273353062142880e+02,2.3477856012626055e+00
101300,2.2272662751912941e+02,2.3477721411172610e+00
101400,2.2272662751912941e+02,2.3477721411172610e+00
101500,2.2271646749029881e+02,2.3477523296328879e+00
101600,2.2271646749029881e+02,2.3477523296328879e+00
101700,2.2271646749029881e+02,2.3477523296328879e+00
101800,2.2270528559408700e+02,2.3477305245199163e+00
101900,2.2270444597467670e+02,2.3477288871866886e+00
102000,2.2270444597467670e+02,2.3477288871866886e+00
102100,2.2270444597467670e+02,2.3477288871866886e+00
102200,2.2270444597467670e+02,2.3477288871866886e+00
102300,2.2270444597467670e+02,2.3477288871866886e+00
102400,2.2268929337766440e+02,2.3476993372011807e+00
102500,2.2268929337766440e+02,2.3476993372011807e+00
102600,2.2268920307174471e+02,2.3476991610841798e+00
102700,2.2268920307174471e+02,2.3476991610841798e+00
102800,2.2268822443133760e+02,2.3476972525091044e+00
102900,2.2267858865018800e+02,2.3476784600600049e+00
103000,2.2267858865018800e+02,2.3476784600600049e+00
103100,2.2267858865018800e+02,2.3476784600600049e+00
103200,2.2267858865018800e+02,2.3476784600600049e+00
103300,2.2267051597584830e+02,2.3476627154772318e+00
103400,2.2267051597584830e+02,2.3476627154772318e+00
103500,2.2267051597584830e+02,2.3476627154772318e+00
103600,2.2267051597584830e+02,2.3476627154772318e+00
103700,2.2266398316716410e+02,2.3476499737616519e+00
103800,2.2266398316716410e+02,2.3476499737616519e+00
103900,2.2266398316716410e+02,2.3476499737616519e+00
104000,2.2266398316716410e+02,2.3476499737616519e+00
104100,2.2266398316716410e+02,2.3476499737616519e+00
104200,2.2266398316716410e+02,2.3476499737616519e+00
104300,2.2266398316716410e+02,2.3476499737616519e+00
104400,2.2266398316716410e+02,2.3476499737616519e+00
104500,2.2265899385780901e+02,2.3476402422650380e+00
104600,2.2265899385780901e+02,2.3476402422650380e+00
104700,2.2265899385780901e+02,2.3476402422650380e+00
104800,2.2265899385780901e+02,2.3476402422650380e+00
104900,2.2265729001785081e+02,2.3476369189269128e+00
105000,2.2265729001785081e+02,2.3476369189269128e+00
105100,2.2265332812898029e+02,2.3476291911683358e+00
105200,2.2265332812898029e+02,2.3476291911683358e+00
105300,2.2265332812898029e+02,2.3476291911683358e+00
105400,2.2265332812898029e+02,2.3476291911683358e+00
105500,2.2264342278368440e+02,2.3476098699548071e+00
105600,2.2264342278368440e+02,2.3476098699548071e+00
105700,2.2264342278368440e+02,2.3476098699548071e+00
105800,2.2264336168883401e+02,2.3476097507814684e+00
105900,2.2263891194245659e+02,2.3476010708927233e+00
106000,2.2263814749499849e+02,2.3475995797073783e+00
106100,2.2263814749499849e+02,2.3475995797073783e+00
106200,2.2263814749499849e+02,2.3475995797073783e+00
106300,2.2263473642700160e+02,2.3475929257741970e+00
106400,2.2263473642700160e+02,2.3475929257741970e+00
106500,2.2263473642700160e+02,2.3475929257741970e+00
106600,2.2263473642700160e+02,2.3475929257741970e+00
106700,2.2263473642700160e+02,2.3475929257741970e+00
106800,2.2263334181698471e+02,2.3475902052942690e+00
106900,2.2263334181698471e+02,2.3475902052942690e+00
107000,2.2263334181698471e+02,2.3475902052942690e+00
107100,2.2263334181698471e+02,2.3475902052942690e+00
107200,2.2263238310429901e+02,2.3475883351138092e+00
107300,2.2263002401479599e+02,2.3475837331553362e+00
107400,2.2263002401479599e+02,2.3475837331553362e+00
107500,2.2263002401479599e+02,2.3475837331553362e+00
107600,2.2262866628029701e+02,2.3475810845530130e+00
107700,2.2262866628029701e+02,2.3475810845530130e+00
107800,2.2262615856664871e+02,2.3475761925849135e+00
107900,2.2262615856664871e+02,2.3475761925849135e+00
108000,2.2262615856664871e+02,2.3475761925849135e+00
108100,2.2262615856664871e+02,2.3475761925849135e+00
108200,2.2262615856664871e+02,2.3475761925849135e+00
108300,2.2262615856664871e+02,2.3475761925849135e+00
108400,2.2262261520556439e+02,2.3475692802147643e+00
108500,2.2262261520556439e+02,2.3475692802147643e+00
108600,2.2262261520556439e+02,2.3475692802147643e+00
108700,2.2262098305554261e+02,2.3475660961880838e+00
108800,2.2261603019140031e+02,2.3475564339115764e+00
108900,2.2261603019140031e+02,2.3475564339115764e+00
109000,2.2261545342019139e+02,2.3475553087056440e+00
109100,2.2261545342019139e+02,2.3475553087056440e+00
109200,2.2261545342019139e+02,2.3475553087056440e+00
109300,2.2261545342019139e+02,2.3475553087056440e+00
109400,2.2261545342019139e+02,2.3475553087056440e+00
109500,2.2261545342019139e+02,2.3475553087056440e+00
109600,2.2261545342019139e+02,2.3475553087056440e+00
109700,2.2261545342019139e+02,2.3475553087056440e+00
109800,2.2261545342019139e+02,2.3475553087056440e+00
109900,2.2261545342019139e+02,2.3475553087056440e+00
110000,2.2261545342019139e+02,2.3475553087056440e+00
110100,2.2261545342019139e+02,2.3475553087056440e+00
110200,2.2261545342019139e+02,2.3475553087056440e+00
110300,2.2261545342019139e+02,2.3475553087056440e+00
110400,2.2261072743193131e+02,2.3475460888047879e+00
110500,2.2261072743193131e+02,2.3475460888047879e+00
110600,2.2261072743193131e+02,2.3475460888047879e+00
110700,2.2260966102010141e+02,2.3475440083215702e+00
110800,2.2260727456969650e+02,2.3475393525137633e+00
110900,2.2260727456969650e+02,2.3475393525137633e+00
111000,2.2260727456969650e+02,2.3475393525137633e+00
111100,2.2260727456969650e+02,2.3475393525137633e+00
111200,2.2260727456969650e+02,2.3475393525137633e+00
111300,2.2260727456969650e+02,2.3475393525137633e+00
111400,2.2260624526443760e+02,2.3475373443914842e+00
111500,2.2260624526443760e+02,2.3475373443914842e+00
111600,2.2260624526443760e+02,2.3475373443914842e+00
111700,2.2260624526443760e+02,2.3475373443914842e+00
111800,2.2260624526443760e+02,2.3475373443914842e+00
111900,2.2260551851656260e+02,2.3475359265377005e+00
112000,2.2260462643938300e+02,2.3475341861272407e+00
112100,2.2260336284444219e+02,2.3475317208870683e+00
112200,2.2260336284444219e+02,2.3475317208870683e+00
112300,2.2260129440213950e+02,2.3475276853808644e+00
112400,2.2259908388977399e+02,2.3475233726562159e+00
112500,2.2259908388977399e+02,2.3475233726562159e+00
112600,2.2259827833533541e+02,2.3475218010033836e+00
112700,2.2259827833533541e+02,2.3475218010033836e+00
112800,2.2259827833533541e+02,2.3475218010033836e+00
112900,2.2259494072153029e+02,2.3475152891914504e+00
113000,2.2259463271257820e+02,2.3475146882493068e+00
113100,2.2259133686117460e+02,2.3475082578127000e+00
113200,2.2259133686117460e+02,2.3475082578127000e+00
113300,2.2259133686117460e+02,2.3475082578127000e+00
113400,2.2259133686117460e+02,2.3475082578127000e+00
113500,2.2259133686117460e+02,2.3475082578127000e+00
113600,2.2259133686117460e+02,2.3475082578127000e+00
113700,2.2259133686117460e+02,2.3475082578127000e+00
113800,2.2259088162923510e+02,2.3475073696158621e+00
113900,2.2259088162923510e+02,2.3475073696158621e+00
114000,2.2259088162923510e+02,2.3475073696158621e+00
114100,2.2259088162923510e+02,2.3475073696158621e+00
114200,2.2259088162923510e+02,2.3475073696158621e+00
114300,2.2259042841929951e+02,2.3475064853623246e+00
114400,2.2258947029157119e+02,2.3475046159626207e+00
114500,2.2258923243593361e+02,2.3475041518820605e+00
114600,2.2258829128447860e+02,2.3475023155949089e+00
114700,2.2258569050582079e+02,2.3474972411572015e+00
114800,2.2258569050582079e+02,2.3474972411572015e+00
114900,2.2258530040753979e+02,2.3474964800225617e+00
115000,2.2258431963071729e+02,2.3474945663881051e+00
115100,2.2258431963071729e+02,2.3474945663881051e+00
115200,2.2258431963071729e+02,2.3474945663881051e+00
115300,2.2258409304461591e+02,2.3474941242853382e+00
115400,2.2258409304461591e+02,2.3474941242853382e+00
115500,2.2258387278716299e+02,2.3474936945302627e+00
115600,2.2258387278716299e+02,2.3474936945302627e+00
115700,2.2258290396368670e+02,2.3474918042064035e+00
115800,2.2258179437665240e+02,2.3474896392210489e+00
115900,2.2258179437665240e+02,2.3474896392210489e+00
116000,2.2258179437665240e+02,2.3474896392210489e+00
116100,2.2258000929362771e+02,2.3474861562101483e+00
116200,2.2258000929362771e+02,2.3474861562101483e+00
116300,2.2258000929362771e+02,2.3474861562101483e+00
116400,2.2257970256769141e+02,2.3474855577310945e+00
116500,2.2257951282522799e+02,2.3474851875080280e+00
116600,2.2257951282522799e+02,2.3474851875080280e+00
116700,2.2257835802746791e+02,2.3474829342746122e+00
116800,2.2257835802746791e+02,2.3474829342746122e+00
116900,2.2257835802746791e+02,2.3474829342746122e+00
117000,2.2257835802746791e+02,2.3474829342746122e+00
117100,2.2257742783496400e+02,2.3474811192809208e+00
117200,2.2257742783496400e+02,2.3474811192809208e+00
117300,2.2257742783496400e+02,2.3474811192809208e+00
117400,2.2257742783496400e+02,2.3474811192809208e+00
117500,2.2257742783496400e+02,2.3474811192809208e+00
117600,2.2257742783496400e+02,2.3474811192809208e+00
117700,2.2257742783496400e+02,2.3474811192809208e+00
117800,2.2257719753423680e+02,2.3474806699164561e+00
117900,2.2257719753423680e+02,2.3474806699164561e+00
118000,2.2257719753423680e+02,2.3474806699164561e+00
118100,2.2257719753423680e+02,2.3474806699164561e+00
118200,2.2257685058858900e+02,2.3474799929526902e+00
118300,2.2257685058858900e+02,2.3474799929526902e+00
118400,2.2257685058858900e+02,2.3474799929526902e+00
118500,2.2257528067574299e+02,2.3474769297100897e+00
118600,2.2257425077556169e+02,2.3474749201383212e+00
118700,2.2257425077556169e+02,2.3474749201383212e+00
118800,2.2257425077556169e+02,2.3474749201383212e+00
118900,2.2257425077556169e+02,2.3474749201383212e+00
119000,2.2257425077556169e+02,2.3474749201383212e+00
119100,2.2257403051696090e+02,2.3474744903620017e+00
119200,2.2257403051696090e+02,2.3474744903620017e+00
119300,2.2257403051696090e+02,2.3474744903620017e+00
119400,2.2257403051696090e+02,2.3474744903620017e+00
119500,2.2257403051696090e+02,2.3474744903620017e+00
119600,2.2257403051696090e+02,2.3474744903620017e+00
119700,2.2257217754940939e+02,2.3474708747697841e+00
119800,2.2257217754940939e+02,2.3474708747697841e+00
119900,2.2257217754940939e+02,2.3474708747697841e+00
120000,2.2257217754940939e+02,2.3474708747697841e+00
120100,2.2257217754940939e+02,2.3474708747697841e+00
120200,2.2257217754940939e+02,2.3474708747697841e+00
120300,2.2257217754940939e+02,2.3474708747697841e+00
120400,2.2257217754940939e+02,2.3474708747697841e+00
120500,2.2257217754940939e+02,2.3474708747697841e+00
120600,2.2257217754940939e+02,2.3474708747697841e+00
120700,2.2257217754940939e+02,2.3474708747697841e+00
120800,2.2257217754940939e+02,2.3474708747697841e+00
120900,2.2257217754940939e+02,2.3474708747697841e+00
121000,2.2257217754940939e+02,2.3474708747697841e+00
121100,2.2257217754940939e+02,2.3474708747697841e+00
121200,2.2257209822446541e+02,2.3474707199867741e+00
121300,2.2257209822446541e+02,2.3474707199867741e+00
121400,2.2257209822446541e+02,2.3474707199867741e+00
121500,2.2257209822446541e+02,2.3474707199867741e+00
121600,2.2257209822446541e+02,2.3474707199867741e+00
121700,2.2257209822446541e+02,2.3474707199867741e+00
121800,2.2257209822446541e+02,2.3474707199867741e+00
121900,2.2257209822446541e+02,2.3474707199867741e+00
122000,2.2257187597380880e+02,2.3474702863192896e+00
122100,2.2257187597380880e+02,2.3474702863192896e+00
122200,2.2257138009652601e+02,2.3474693187351932e+00
122300,2.2257138009652601e+02,2.3474693187351932e+00
122400,2.2257081184345469e+02,2.3474682099246706e+00
122500,2.2257081184345469e+02,2.3474682099246706e+00
122600,2.2257047400481250e+02,2.3474675507116851e+00
122700,2.2257047400481250e+02,2.3474675507116851e+00
122800,2.2257047400481250e+02,2.3474675507116851e+00
122900,2.2257047400481250e+02,2.3474675507116851e+00
123000,2.2256927475909060e+02,2.3474652106564511e+00
123100,2.2256927475909060e+02,2.3474652106564511e+00
123200,2.2256927475909060e+02,2.3474652106564511e+00
123300,2.2256927475909060e+02,2.3474652106564511e+00
123400,2.2256927475909060e+02,2.3474652106564511e+00
123500,2.2256927475909060e+02,2.3474652106564511e+00
123600,2.2256927475909060e+02,2.3474652106564511e+00
123700,2.2256927475909060e+02,2.3474652106564511e+00
123800,2.2256927475909060e+02,2.3474652106564511e+00
123900,2.2256927475909060e+02,2.3474652106564511e+00
124000,2.2256927475909060e+02,2.3474652106564511e+00
124100,2.2256927475909060e+02,2.3474652106564511e+00
124200,2.2256927475909060e+02,2.3474652106564511e+00
124300,2.2256927475909060e+02,2.3474652106564511e+00
124400,2.2256927475909060e+02,2.3474652106564511e+00
124500,2.2256884485131349e+02,2.3474643717861450e+00
124600,2.2256884485131349e+02,2.3474643717861450e+00
124700,2.2256884485131349e+02,2.3474643717861450e+00
124800,2.2256884485131349e+02,2.3474643717861450e+00
124900,2.2256884485131349e+02,2.3474643717861450e+00
125000,2.2256867839966159e+02,2.3474640469919854e+00
125100,2.2256867839966159e+02,2.3474640469919854e+00
125200,2.2256867839966159e+02,2.3474640469919854e+00
125300,2.2256867839966159e+02,2.3474640469919854e+00
125400,2.2256842675888601e+02,2.3474635559693362e+00
125500,2.2256783067630610e+02,2.3474623928406499e+00
125600,2.2256783067630610e+02,2.3474623928406499e+00
125700,2.2256783067630610e+02,2.3474623928406499e+00
125800,2.2256783067630610e+02,2.3474623928406499e+00
125900,2.2256783067630610e+02,2.3474623928406499e+00
126000,2.2256783067630610e+02,2.3474623928406499e+00
126100,2.2256768787078360e+02,2.3474621141855083e+00
126200,2.2256768787078360e+02,2.3474621141855083e+00
126300,2.2256766526445239e+02,2.3474620700739597e+00
126400,2.2256746534197330e+02,2.3474616799666710e+00
126500,2.2256746534197330e+02,2.3474616799666710e+00
126600,2.2256736403182461e+02,2.3474614822807762e+00
126700,2.2256736403182461e+02,2.3474614822807762e+00
126800,2.2256736402458071e+02,2.3474614822666413e+00
126900,2.2256730203873531e+02,2.3474613613139828e+00
127000,2.2256730203873531e+02,2.3474613613139828e+00
127100,2.2256730203873531e+02,2.3474613613139828e+00
127200,2.2256730203873531e+02,2.3474613613139828e+00
127300,2.2256730203873531e+02,2.3474613613139828e+00
127400,2.2256730203873531e+02,2.3474613613139828e+00
127500,2.2256721753907479e+02,2.3474611964301793e+00
127600,2.2256709134342989e+02,2.3474609501850749e+00
127700,2.2256709134342989e+02,2.3474609501850749e+00
127800,2.2256705298341600e+02,2.3474608753332911e+00
127900,2.2256666478944339e+02,2.3474601178507930e+00
128000,2.2256666478944339e+02,2.3474601178507930e+00
128100,2.2256666478944339e+02,2.3474601178507930e+00
128200,2.2256666478944339e+02,2.3474601178507930e+00
128300,2.2256666478944339e+02,2.3474601178507930e+00
128400,2.2256665584536739e+02,2.3474601003982114e+00
128500,2.2256665584536739e+02,2.3474601003982114e+00
128600,2.2256665584536739e+02,2.3474601003982114e+00
128700,2.2256665584536739e+02,2.3474601003982114e+00
128800,2.2256665584536739e+02,2.3474601003982114e+00
128900,2.2256664418050150e+02,2.3474600776365491e+00
129000,2.2256660051144971e+02,2.3474599924250832e+00
129100,2.2256633758444721e+02,2.3474594793749959e+00
129200,2.2256633758444721e+02,2.3474594793749959e+00
129300,2.2256633758444721e+02,2.3474594793749959e+00
129400,2.2256633758444721e+02,2.3474594793749959e+00
129500,2.2256633758444721e+02,2.3474594793749959e+00
129600,2.2256628462796499e+02,2.3474593760408125e+00
129700,2.2256613967297241e+02,2.3474590931894634e+00
129800,2.2256613967297241e+02,2.3474590931894634e+00
129900,2.2256613967297241e+02,2.3474590931894634e+00
130000,2.2256613967297241e+02,2.3474590931894634e+00
130100,2.2256613967297241e+02,2.3474590931894634e+00
130200,2.2256607600311941e+02,2.3474589689501255e+00
130300,2.2256596140860901e+02,2.3474587453411315e+00
130400,2.2256587359570810e+02,2.3474585739911840e+00
130500,2.2256587359570810e+02,2.3474585739911840e+00
130600,2.2256563025868499e+02,2.3474580991655407e+00
130700,2.2256563025868499e+02,2.3474580991655407e+00
130800,2.2256563025868499e+02,2.3474580991655407e+00
130900,2.2256563025868499e+02,2.3474580991655407e+00
131000,2.2256563025868499e+02,2.3474580991655407e+00
131100,2.2256563025868499e+02,2.3474580991655407e+00
131200,2.2256563025868499e+02,2.3474580991655407e+00
131300,2.2256563025868499e+02,2.3474580991655407e+00
131400,2.2256563025868499e+02,2.3474580991655407e+00
131500,2.2256563025868499e+02,2.3474580991655407e+00
131600,2.2256563025868499e+02,2.3474580991655407e+00
131700,2.2256563025868499e+02,2.3474580991655407e+00
131800,2.2256563025868499e+02,2.3474580991655407e+00
131900,2.2256563025868499e+02,2.3474580991655407e+00
132000,2.2256563025868499e+02,2.3474580991655407e+00
132100,2.2256563025868499e+02,2.3474580991655407e+00
132200,2.2256563025868499e+02,2.3474580991655407e+00
132300,2.2256558802275910e+02,2.3474580167501591e+00
132400,2.2256558802275910e+02,2.3474580167501591e+00
132500,2.2256558802275910e+02,2.3474580167501591e+00
132600,2.2256558802275910e+02,2.3474580167501591e+00
132700,2.2256558802275910e+02,2.3474580167501591e+00
132800,2.2256558802275910e+02,2.3474580167501591e+00
132900,2.2256558802275910e+02,2.3474580167501591e+00
133000,2.2256541176600720e+02,2.3474576728184413e+00
133100,2.2256541176600720e+02,2.3474576728184413e+00
133200,2.2256541176600720e+02,2.3474576728184413e+00
133300,2.2256541176600720e+02,2.3474576728184413e+00
133400,2.2256541176600720e+02,2.3474576728184413e+00
133500,2.2256541176600720e+02,2.3474576728184413e+00
133600,2.2256541176600720e+02,2.3474576728184413e+00
133700,2.2256541176600720e+02,2.3474576728184413e+00
133800,2.2256537500918401e+02,2.3474576010944177e+00
133900,2.2256537500918401e+02,2.3474576010944177e+00
134000,2.2256537500918401e+02,2.3474576010944177e+00
134100,2.2256537500918401e+02,2.3474576010944177e+00
134200,2.2256537500918401e+02,2.3474576010944177e+00
134300,2.2256537500918401e+02,2.3474576010944177e+00
134400,2.2256537500918401e+02,2.3474576010944177e+00
134500,2.2256535973513061e+02,2.3474575712899735e+00
134600,2.2256529005922809e+02,2.3474574353305195e+00
134700,2.2256527991469329e+02,2.3474574155353594e+00
134800,2.2256527489752850e+02,2.3474574057453013e+00
134900,2.2256524300598721e+02,2.3474573435149226e+00
135000,2.2256524300598721e+02,2.3474573435149226e+00
135100,2.2256524300598721e+02,2.3474573435149226e+00
135200,2.2256524300598721e+02,2.3474573435149226e+00
135300,2.2256512326274799e+02,2.3474571098583041e+00
135400,2.2256512326274799e+02,2.3474571098583041e+00
135500,2.2256512326274799e+02,2.3474571098583041e+00
135600,2.2256503977174160e+02,2.3474569469410889e+00
135700,2.2256503977174160e+02,2.3474569469410889e+00
135800,2.2256503977174160e+02,2.3474569469410889e+00
135900,2.2256503977174160e+02,2.3474569469410889e+00
136000,2.2256503977174160e+02,2.3474569469410889e+00
136100,2.2256503977174160e+02,2.3474569469410889e+00
136200,2.2256503321064719e+02,2.3474569341383269e+00
136300,2.2256491593501801e+02,2.3474567052965756e+00
136400,2.2256491593501801e+02,2.3474567052965756e+00
136500,2.2256490821924740e+02,2.3474566902406688e+00
136600,2.2256488557371131e+02,2.3474566460520681e+00
136700,2.2256488557371131e+02,2.3474566460520681e+00
136800,2.2256484617127350e+02,2.3474565691654430e+00
136900,2.2256484211129990e+02,2.3474565612431491e+00
137000,2.2256483873785211e+02,2.3474565546604844e+00
137100,2.2256482330010201e+02,2.3474565245365442e+00
137200,2.2256482330010201e+02,2.3474565245365442e+00
137300,2.2256474075872899e+02,2.3474563634721450e+00
137400,2.2256474075872899e+02,2.3474563634721450e+00
137500,2.2256468690447969e+02,2.3474562583853911e+00
137600,2.2256468690447969e+02,2.3474562583853911e+00
137700,2.2256468690447969e+02,2.3474562583853911e+00
137800,2.2256468690447969e+02,2.3474562583853911e+00
137900,2.2256468690447969e+02,2.3474562583853911e+00
138000,2.2256468690447969e+02,2.3474562583853911e+00
138100,2.2256463909543621e+02,2.3474561650947336e+00
138200,2.2256463909543621e+02,2.3474561650947336e+00
138300,2.2256463909543621e+02,2.3474561650947336e+00
138400,2.2256458031529999e+02,2.3474560503959556e+00
138500,2.2256458031529999e+02,2.3474560503959556e+00
138600,2.2256458031529999e+02,2.3474560503959556e+00
138700,2.2256457896567369e+02,2.3474560477624040e+00
138800,2.2256457201202741e+02,2.3474560341936219e+00
138900,2.2256456662110671e+02,2.3474560236742157e+00
139000,2.2256456662110671e+02,2.3474560236742157e+00
139100,2.2256455261445899e+02,2.3474559963427764e+00
139200,2.2256449853115149e+02,2.3474558908089680e+00
139300,2.2256449853115149e+02,2.3474558908089680e+00
139400,2.2256449853115149e+02,2.3474558908089680e+00
139500,2.2256445552350459e+02,2.3474558068872926e+00
139600,2.2256445552350459e+02,2.3474558068872926e+00
139700,2.2256445552350459e+02,2.3474558068872926e+00
139800,2.2256443452944649e+02,2.3474557659211643e+00
139900,2.2256443452944649e+02,2.3474557659211643e+00
140000,2.2256443279605401e+02,2.3474557625387606e+00
140100,2.2256443004452200e+02,2.3474557571696404e+00
140200,2.2256442210617891e+02,2.3474557416793904e+00
140300,2.2256442210617891e+02,2.3474557416793904e+00
140400,2.2256438044753349e+02,2.3474556603900214e+00
140500,2.2256438044753349e+02,2.3474556603900214e+00
140600,2.2256437826350131e+02,2.3474556561282740e+00
140700,2.2256437826350131e+02,2.3474556561282740e+00
140800,2.2256437826350131e+02,2.3474556561282740e+00
140900,2.2256437134208070e+02,2.3474556426223625e+00
141000,2.2256434123169061e+02,2.3474555838673288e+00
141100,2.2256432150235219e+02,2.3474555453690535e+00
141200,2.2256432150235219e+02,2.3474555453690535e+00
141300,2.2256432150235219e+02,2.3474555453690535e+00
141400,2.2256432150235219e+02,2.3474555453690535e+00
141500,2.2256432150235219e+02,2.3474555453690535e+00
141600,2.2256432150235219e+02,2.3474555453690535e+00
141700,2.2256432150235219e+02,2.3474555453690535e+00
141800,2.2256432150235219e+02,2.3474555453690535e+00
141900,2.2256428542447361e+02,2.3474554749695185e+00
142000,2.2256428542447361e+02,2.3474554749695185e+00
142100,2.2256428542447361e+02,2.3474554749695185e+00
142200,2.2256428405058480e+02,2.3474554722886194e+00
142300,2.2256425096489400e+02,2.3474554077277934e+00
142400,2.2256425096489400e+02,2.3474554077277934e+00
142500,2.2256425096489400e+02,2.3474554077277934e+00
142600,2.2256425096489400e+02,2.3474554077277934e+00
142700,2.2256425096489400e+02,2.3474554077277934e+00
142800,2.2256425096489400e+02,2.3474554077277934e+00
142900,2.2256425096489400e+02,2.3474554077277934e+00
143000,2.2256425096489400e+02,2.3474554077277934e+00
143100,2.2256423920664321e+02,2.3474553847836614e+00
143200,2.2256423920664321e+02,2.3474553847836614e+00
143300,2.2256422926929210e+02,2.3474553653926895e+00
143400,2.2256422926929210e+02,2.3474553653926895e+00
143500,2.2256422926929210e+02,2.3474553653926895e+00
143600,2.2256422926929210e+02,2.3474553653926895e+00
143700,2.2256422601180540e+02,2.3474553590362843e+00
143800,2.2256422131872301e+02,2.3474553498785689e+00
143900,2.2256421984522649e+02,2.3474553470033026e+00
144000,2.2256420758409561e+02,2.3474553230778863e+00
144100,2.2256420696969920e+02,2.3474553218790009e+00
144200,2.2256420696969920e+02,2.3474553218790009e+00
144300,2.2256420431104470e+02,2.3474553166911094e+00
144400,2.2256418982882380e+02,2.3474552884316284e+00
144500,2.2256418783757340e+02,2.3474552845460570e+00
144600,2.2256418783757340e+02,2.3474552845460570e+00
144700,2.2256418042450471e+02,2.3474552700807698e+00
144800,2.2256418042450471e+02,2.3474552700807698e+00
144900,2.2256417947221200e+02,2.3474552682225398e+00
145000,2.2256417947221200e+02,2.3474552682225398e+00
145100,2.2256417224504571e+02,2.3474552541200078e+00
145200,2.2256417224504571e+02,2.3474552541200078e+00
145300,2.2256415999858271e+02,2.3474552302232081e+00
145400,2.2256415999858271e+02,2.3474552302232081e+00
145500,2.2256415158652899e+02,2.3474552138085767e+00
145600,2.2256415158652899e+02,2.3474552138085767e+00
145700,2.2256414253657860e+02,2.3474551961492027e+00
145800,2.2256414253657860e+02,2.3474551961492027e+00
145900,2.2256413690015481e+02,2.3474551851507206e+00
146000,2.2256413690015481e+02,2.3474551851507206e+00
146100,2.2256413690015481e+02,2.3474551851507206e+00
146200,2.2256413690015481e+02,2.3474551851507206e+00
146300,2.2256412770820219e+02,2.3474551672142532e+00
146400,2.2256412770820219e+02,2.3474551672142532e+00
146500,2.2256412770820219e+02,2.3474551672142532e+00
146600,2.2256412739809730e+02,2.3474551666091386e+00
146700,2.2256412739809730e+02,2.3474551666091386e+00
146800,2.2256412581170301e+02,2.3474551635135708e+00
146900,2.2256412581170301e+02,2.3474551635135708e+00
147000,2.2256412296179130e+02,2.3474551579524729e+00
147100,2.2256412235032781e+02,2.3474551567593100e+00
147200,2.2256411773911699e+02,2.3474551477613486e+00
147300,2.2256411677188041e+02,2.3474551458739574e+00
147400,2.2256411183266690e+02,2.3474551362359564e+00
147500,2.2256411183266690e+02,2.3474551362359564e+00
147600,2.2256411072520251e+02,2.3474551340749357e+00
147700,2.2256411072520251e+02,2.3474551340749357e+00
147800,2.2256411072520251e+02,2.3474551340749357e+00
147900,2.2256411072520251e+02,2.3474551340749357e+00
148000,2.2256410870170299e+02,2.3474551301264341e+00
148100,2.2256410870170299e+02,2.3474551301264341e+00
148200,2.2256410663458101e+02,2.3474551260928114e+00
148300,2.2256410347624521e+02,2.3474551199298777e+00
148400,2.2256410325695859e+02,2.3474551195019786e+00
148500,2.2256409999112881e+02,2.3474551131292896e+00
148600,2.2256409999112881e+02,2.3474551131292896e+00
148700,2.2256409951855929e+02,2.3474551122071534e+00
148800,2.2256409951855929e+02,2.3474551122071534e+00
148900,2.2256409951855929e+02,2.3474551122071534e+00
149000,2.2256409880990461e+02,2.3474551108243391e+00
149100,2.2256409708751880e+02,2.3474551074634080e+00
149200,2.2256409467085950e+02,2.3474551027477246e+00
149300,2.2256409467085950e+02,2.3474551027477246e+00
149400,2.2256409467085950e+02,2.3474551027477246e+00
149500,2.2256409467085950e+02,2.3474551027477246e+00
149600,2.2256409467085950e+02,2.3474551027477246e+00
149700,2.2256409467085950e+02,2.3474551027477246e+00
149800,2.2256409339069299e+02,2.3474551002497059e+00
149900,2.2256409282276630e+02,2.3474550991414973e+00
150000,2.2256409116301870e+02,2.3474550959027933e+00
150100,2.2256409116301870e+02,2.3474550959027933e+00
150200,2.2256409116301870e+02,2.3474550959027933e+00
150300,2.2256408949249661e+02,2.3474550926430648e+00
150400,2.2256408905254000e+02,2.3474550917845671e+00
150500,2.2256408905254000e+02,2.3474550917845671e+00
150600,2.2256408790695099e+02,2.3474550895491526e+00
150700,2.2256408786072259e+02,2.3474550894589461e+00
150800,2.2256408752139080e+02,2.3474550887968002e+00
150900,2.2256408751310281e+02,2.3474550887806278e+00
151000,2.2256408686174771e+02,2.3474550875096232e+00
151100,2.2256408648403610e+02,2.3474550867725861e+00
151200,2.2256408639273650e+02,2.3474550865944308e+00
151300,2.2256408575033299e+02,2.3474550853408940e+00
151400,2.2256408571815089e+02,2.3474550852780962e+00
151500,2.2256408544650901e+02,2.3474550847480353e+00
151600,2.2256408493835761e+02,2.3474550837564676e+00
151700,2.2256408442284030e+02,2.3474550827505265e+00
151800,2.2256408437789420e+02,2.3474550826628220e+00
151900,2.2256408375464909e+02,2.3474550814466695e+00
152000,2.2256408369408061e+02,2.3474550813284809e+00
152100,2.2256408350940569e+02,2.3474550809681203e+00
152200,2.2256408278146611e+02,2.3474550795476747e+00
152300,2.2256408245478929e+02,2.3474550789102229e+00
152400,2.2256408240042381e+02,2.3474550788041380e+00
152500,2.2256408208227600e+02,2.3474550781833288e+00
152600,2.2256408208227600e+02,2.3474550781833288e+00
152700,2.2256408154556900e+02,2.3474550771360398e+00
152800,2.2256408139757599e+02,2.3474550768472580e+00
152900,2.2256408118675500e+02,2.3474550764358777e+00
153000,2.2256408090501279e+02,2.3474550758861077e+00
153100,2.2256408062002649e+02,2.3474550753300072e+00
153200,2.2256408059101841e+02,2.3474550752734031e+00
153300,2.2256408042356091e+02,2.3474550749466396e+00
153400,2.2256408027155359e+02,2.3474550746500240e+00
153500,2.2256407995297761e+02,2.3474550740283791e+00
153600,2.2256407983033449e+02,2.3474550737890629e+00
153700,2.2256407983033449e+02,2.3474550737890629e+00
153800,2.2256407965340139e+02,2.3474550734438093e+00
153900,2.2256407953960249e+02,2.3474550732217510e+00
154000,2.2256407949784881e+02,2.3474550731402757e+00
154100,2.2256407915706950e+02,2.3474550724753054e+00
154200,2.2256407905988601e+02,2.3474550722856686e+00
154300,2.2256407877439730e+02,2.3474550717285880e+00
154400,2.2256407857966931e+02,2.3474550713486106e+00
154500,2.2256407819817670e+02,2.3474550706041954e+00
154600,2.2256407819817670e+02,2.3474550706041954e+00
154700,2.2256407803726481e+02,2.3474550702902039e+00
154800,2.2256407774271631e+02,2.3474550697154446e+00
154900,2.2256407761326051e+02,2.3474550694628347e+00
155000,2.2256407761326051e+02,2.3474550694628347e+00
155100,2.2256407736401641e+02,2.3474550689764788e+00
155200,2.2256407726184801e+02,2.3474550687771152e+00
155300,2.2256407713769539e+02,2.3474550685348534e+00
155400,2.2256407709701509e+02,2.3474550684554729e+00
155500,2.2256407698008181e+02,2.3474550682272981e+00
155600,2.2256407683187149e+02,2.3474550679380921e+00
155700,2.2256407665699751e+02,2.3474550675968562e+00
155800,2.2256407663612069e+02,2.3474550675561190e+00
155900,2.2256407650798931e+02,2.3474550673060932e+00
156000,2.2256407634547139e+02,2.3474550669889682e+00
156100,2.2256407631726691e+02,2.3474550669339322e+00
156200,2.2256407621616930e+02,2.3474550667366580e+00
156300,2.2256407601153020e+02,2.3474550663373410e+00
156400,2.2256407584522600e+02,2.3474550660128277e+00
156500,2.2256407575756251e+02,2.3474550658417677e+00
156600,2.2256407563717650e+02,2.3474550656068556e+00
156700,2.2256407537955400e+02,2.3474550651041510e+00
156800,2.2256407530315030e+02,2.3474550649550627e+00
156900,2.2256407519178330e+02,2.3474550647377495e+00
157000,2.2256407511286761e+02,2.3474550645837597e+00
157100,2.2256407496245600e+02,2.3474550642902581e+00
157200,2.2256407486794319e+02,2.3474550641058327e+00
157300,2.2256407479058450e+02,2.3474550639548810e+00
157400,2.2256407466586819e+02,2.3474550637115192e+00
157500,2.2256407456471720e+02,2.3474550635141407e+00
157600,2.2256407451664299e+02,2.3474550634203326e+00
157700,2.2256407438980401e+02,2.3474550631728288e+00
157800,2.2256407432322320e+02,2.3474550630429079e+00
157900,2.2256407430072599e+02,2.3474550629990087e+00
158000,2.2256407407866030e+02,2.3474550625656865e+00
158100,2.2256407403175379e+02,2.3474550624741570e+00
158200,2.2256407394430309e+02,2.3474550623035122e+00
158300,2.2256407384922980e+02,2.3474550621179935e+00
158400,2.2256407371687169e+02,2.3474550618597201e+00
158500,2.2256407366709820e+02,2.3474550617625960e+00
158600,2.2256407357938249e+02,2.3474550615914342e+00
158700,2.2256407347671779e+02,2.3474550613911020e+00
158800,2.2256407338611001e+02,2.3474550612142973e+00
158900,2.2256407325180450e+02,2.3474550609522238e+00
159000,2.2256407309772450e+02,2.3474550606515638e+00
159100,2.2256407309772450e+02,2.3474550606515638e+00
159200,2.2256407304712340e+02,2.3474550605528246e+00
159300,2.2256407303045441e+02,2.3474550605202982e+00
159400,2.2256407291254141e+02,2.3474550602902116e+00
159500,2.2256407274926320e+02,2.3474550599716029e+00
159600,2.2256407264095540e+02,2.3474550597602595e+00
159700,2.2256407259124299e+02,2.3474550596632544e+00
159800,2.2256407247666269e+02,2.3474550594396715e+00
159900,2.2256407240160871e+02,2.3474550592932166e+00
160000,2.2256407228328200e+02,2.3474550590623231e+00
160100,2.2256407219275931e+02,2.3474550588856840e+00
160200,2.2256407213674061e+02,2.3474550587763732e+00
160300,2.2256407191181691e+02,2.3474550583374745e+00
160400,2.2256407185624039e+02,2.3474550582290266e+00
160500,2.2256407171854380e+02,2.3474550579603362e+00
160600,2.2256407165116050e+02,2.3474550578288493e+00
160700,2.2256407157504489e+02,2.3474550576803233e+00
160800,2.2256407157504489e+02,2.3474550576803233e+00
160900,2.2256407148954500e+02,2.3474550575134856e+00
161000,2.2256407139180871e+02,2.3474550573227702e+00
161100,2.2256407134018201e+02,2.3474550572220299e+00
161200,2.2256407129462170e+02,2.3474550571331272e+00
161300,2.2256407121545249e+02,2.3474550569786423e+00
161400,2.2256407117137221e+02,2.3474550568926276e+00
161500,2.2256407117137221e+02,2.3474550568926276e+00
161600,2.2256407108047961e+02,2.3474550567152668e+00
161700,2.2256407106474501e+02,2.3474550566845633e+00
161800,2.2256407096816901e+02,2.3474550564961123e+00
161900,2.2256407092681999e+02,2.3474550564154271e+00
162000,2.2256407087443219e+02,2.3474550563132013e+00
162100,2.2256407083643199e+02,2.3474550562390508e+00
162200,2.2256407078307669e+02,2.3474550561349372e+00
162300,2.2256407071559801e+02,2.3474550560032648e+00
162400,2.2256407064460470e+02,2.3474550558647338e+00
162500,2.2256407054754001e+02,2.3474550556753289e+00
162600,2.2256407053306069e+02,2.3474550556470750e+00
162700,2.2256407049174319e+02,2.3474550555664515e+00
162800,2.2256407044300070e+02,2.3474550554713391e+00
162900,2.2256407042421691e+02,2.3474550554346858e+00
163000,2.2256407038533200e+02,2.3474550553588087e+00
163100,2.2256407037540299e+02,2.3474550553394340e+00
163200,2.2256407031702969e+02,2.3474550552255287e+00
163300,2.2256407026857349e+02,2.3474550551309750e+00
163400,2.2256407020251251e+02,2.3474550550020687e+00
163500,2.2256407017795749e+02,2.3474550549541542e+00
163600,2.2256407009759070e+02,2.3474550547973325e+00
163700,2.2256407007484859e+02,2.3474550547529551e+00
163800,2.2256406999702151e+02,2.3474550546010895e+00
163900,2.2256406999571911e+02,2.3474550545985480e+00
164000,2.2256406997107771e+02,2.3474550545504647e+00
164100,2.2256406993289991e+02,2.3474550544759674e+00
164200,2.2256406987862201e+02,2.3474550543700539e+00
164300,2.2256406987862201e+02,2.3474550543700539e+00
164400,2.2256406981128609e+02,2.3474550542386594e+00
164500,2.2256406981097001e+02,2.3474550542380426e+00
164600,2.2256406976629199e+02,2.3474550541508616e+00
164700,2.2256406970419130e+02,2.3474550540296830e+00
164800,2.2256406968968801e+02,2.3474550540013825e+00
164900,2.2256406965708919e+02,2.3474550539377717e+00
165000,2.2256406954502339e+02,2.3474550537190950e+00
165100,2.2256406945764601e+02,2.3474550535485932e+00
165200,2.2256406942399551e+02,2.3474550534829302e+00
165300,2.2256406937617930e+02,2.3474550533896257e+00
165400,2.2256406932060941e+02,2.3474550532811906e+00
165500,2.2256406929307241e+02,2.3474550532274572e+00
165600,2.2256406922961011e+02,2.3474550531036216e+00
165700,2.2256406915408931e+02,2.3474550529562559e+00
165800,2.2256406913703631e+02,2.3474550529229803e+00
165900,2.2256406907893600e+02,2.3474550528096079e+00
166000,2.2256406901569721e+02,2.3474550526862084e+00
166100,2.2256406900882331e+02,2.3474550526727951e+00
166200,2.2256406898627620e+02,2.3474550526287983e+00
166300,2.2256406892361630e+02,2.3474550525065285e+00
166400,2.2256406891994831e+02,2.3474550524993711e+00
166500,2.2256406884964440e+02,2.3474550523621858e+00
166600,2.2256406883950791e+02,2.3474550523424060e+00
166700,2.2256406882658800e+02,2.3474550523171951e+00
166800,2.2256406880714141e+02,2.3474550522792486e+00
166900,2.2256406878490361e+02,2.3474550522358553e+00
167000,2.2256406874551800e+02,2.3474550521590012e+00
167100,2.2256406872734209e+02,2.3474550521235340e+00
167200,2.2256406868205599e+02,2.3474550520351665e+00
167300,2.2256406867718260e+02,2.3474550520256567e+00
167400,2.2256406864304520e+02,2.3474550519590438e+00
167500,2.2256406862879899e+02,2.3474550519312447e+00
167600,2.2256406859159100e+02,2.3474550518586401e+00
167700,2.2256406856285781e+02,2.3474550518025721e+00
167800,2.2256406854832301e+02,2.3474550517742099e+00
167900,2.2256406851541351e+02,2.3474550517099928e+00
168000,2.2256406849139279e+02,2.3474550516631210e+00
168100,2.2256406847573979e+02,2.3474550516325770e+00
168200,2.2256406844268551e+02,2.3474550515680770e+00
168300,2.2256406843792729e+02,2.3474550515587924e+00
168400,2.2256406840034060e+02,2.3474550514854484e+00
168500,2.2256406835834130e+02,2.3474550514034944e+00
168600,2.2256406835294140e+02,2.3474550513929575e+00
168700,2.2256406829674600e+02,2.3474550512833021e+00
168800,2.2256406823295379e+02,2.3474550511588226e+00
168900,2.2256406823295379e+02,2.3474550511588226e+00
169000,2.2256406821287200e+02,2.3474550511196366e+00
169100,2.2256406817866900e+02,2.3474550510528958e+00
169200,2.2256406814353659e+02,2.3474550509843408e+00
169300,2.2256406813878539e+02,2.3474550509750696e+00
169400,2.2256406811370331e+02,2.3474550509261265e+00
169500,2.2256406808010661e+02,2.3474550508605683e+00
169600,2.2256406808010661e+02,2.3474550508605683e+00
169700,2.2256406806957739e+02,2.3474550508400225e+00
169800,2.2256406804159951e+02,2.3474550507854288e+00
169900,2.2256406800118481e+02,2.3474550507065666e+00
170000,2.2256406798700851e+02,2.3474550506789038e+00
170100,2.2256406794605570e+02,2.3474550505989917e+00
170200,2.2256406787024159e+02,2.3474550504510541e+00
170300,2.2256406787024159e+02,2.3474550504510541e+00
170400,2.2256406784386510e+02,2.3474550503995850e+00
170500,2.2256406780895460e+02,2.3474550503314631e+00
170600,2.2256406778150060e+02,2.3474550502778917e+00
170700,2.2256406774896530e+02,2.3474550502144047e+00
170800,2.2256406772842271e+02,2.3474550501743194e+00
170900,2.2256406766411081e+02,2.3474550500488260e+00
171000,2.2256406763514951e+02,2.3474550499923130e+00
171100,2.2256406762191111e+02,2.3474550499664808e+00
171200,2.2256406759031350e+02,2.3474550499048239e+00
171300,2.2256406755931451e+02,2.3474550498443345e+00
171400,2.2256406750384420e+02,2.3474550497360940e+00
171500,2.2256406748172910e+02,2.3474550496929405e+00
171600,2.2256406743168120e+02,2.3474550495952808e+00
171700,2.2256406741231061e+02,2.3474550495574826e+00
171800,2.2256406738525331e+02,2.3474550495046849e+00
171900,2.2256406735610150e+02,2.3474550494478001e+00
172000,2.2256406733041601e+02,2.3474550493976798e+00
172100,2.2256406731904920e+02,2.3474550493754993e+00
172200,2.2256406727974081e+02,2.3474550492987958e+00
172300,2.2256406727974081e+02,2.3474550492987958e+00
172400,2.2256406726099041e+02,2.3474550492622077e+00
172500,2.2256406724006840e+02,2.3474550492213822e+00
172600,2.2256406721186639e+02,2.3474550491663511e+00
172700,2.2256406719662479e+02,2.3474550491366095e+00
172800,2.2256406717526079e+02,2.3474550490949215e+00
172900,2.2256406713775871e+02,2.3474550490217427e+00
173000,2.2256406710184771e+02,2.3474550489516690e+00
173100,2.2256406709799799e+02,2.3474550489441568e+00
173200,2.2256406705843261e+02,2.3474550488669519e+00
173300,2.2256406703596031e+02,2.3474550488231012e+00
173400,2.2256406699423161e+02,2.3474550487416752e+00
173500,2.2256406698172441e+02,2.3474550487172694e+00
173600,2.2256406693453800e+02,2.3474550486251937e+00
173700,2.2256406690750700e+02,2.3474550485724475e+00
173800,2.2256406687320711e+02,2.3474550485055170e+00
173900,2.2256406685003910e+02,2.3474550484603087e+00
174000,2.2256406685003910e+02,2.3474550484603087e+00
174100,2.2256406680682201e+02,2.3474550483759784e+00
174200,2.2256406677878749e+02,2.3474550483212742e+00
174300,2.2256406674709930e+02,2.3474550482594401e+00
174400,2.2256406674510910e+02,2.3474550482555565e+00
174500,2.2256406673016801e+02,2.3474550482264016e+00
174600,2.2256406670437349e+02,2.3474550481760681e+00
174700,2.2256406667945700e+02,2.3474550481274479e+00
174800,2.2256406665553959e+02,2.3474550480807777e+00
174900,2.2256406664596781e+02,2.3474550480620997e+00
175000,2.2256406662464599e+02,2.3474550480204939e+00
175100,2.2256406660884889e+02,2.3474550479896688e+00
175200,2.2256406660121769e+02,2.3474550479747780e+00
175300,2.2256406657614551e+02,2.3474550479258540e+00
175400,2.2256406654957900e+02,2.3474550478740142e+00
175500,2.2256406654418100e+02,2.3474550478634808e+00
175600,2.2256406650308779e+02,2.3474550477832947e+00
175700,2.2256406646821731e+02,2.3474550477152509e+00
175800,2.2256406645358601e+02,2.3474550476867009e+00
175900,2.2256406643626860e+02,2.3474550476529088e+00
176000,2.2256406639652849e+02,2.3474550475753628e+00
176100,2.2256406638740401e+02,2.3474550475575584e+00
176200,2.2256406632471729e+02,2.3474550474352363e+00
176300,2.2256406632471729e+02,2.3474550474352363e+00
176400,2.2256406630714901e+02,2.3474550474009548e+00
176500,2.2256406626741929e+02,2.3474550473234292e+00
176600,2.2256406624494750e+02,2.3474550472795794e+00
176700,2.2256406623645631e+02,2.3474550472630105e+00
176800,2.2256406617890119e+02,2.3474550471507016e+00
176900,2.2256406617890119e+02,2.3474550471507016e+00
177000,2.2256406614965570e+02,2.3474550470936344e+00
177100,2.2256406614965570e+02,2.3474550470936344e+00
177200,2.2256406612523321e+02,2.3474550470459783e+00
177300,2.2256406610763929e+02,2.3474550470116466e+00
177400,2.2256406608676281e+02,2.3474550469709099e+00
177500,2.2256406608676281e+02,2.3474550469709099e+00
177600,2.2256406606657950e+02,2.3474550469315258e+00
177700,2.2256406604854240e+02,2.3474550468963296e+00
177800,2.2256406601930499e+02,2.3474550468392779e+00
177900,2.2256406599666460e+02,2.3474550467950994e+00
178000,2.2256406597236861e+02,2.3474550467476898e+00
178100,2.2256406595641079e+02,2.3474550467165511e+00
178200,2.2256406595334579e+02,2.3474550467105701e+00
178300,2.2256406593041561e+02,2.3474550466658259e+00
178400,2.2256406591072070e+02,2.3474550466273949e+00
178500,2.2256406588526059e+02,2.3474550465777138e+00
178600,2.2256406586368351e+02,2.3474550465356101e+00
178700,2.2256406583003900e+02,2.3474550464699586e+00
178800,2.2256406581950901e+02,2.3474550464494115e+00
178900,2.2256406580320501e+02,2.3474550464175969e+00
179000,2.2256406578242880e+02,2.3474550463770560e+00
179100,2.2256406577456869e+02,2.3474550463617181e+00
179200,2.2256406573665299e+02,2.3474550462877324e+00
179300,2.2256406573665299e+02,2.3474550462877324e+00
179400,2.2256406569732479e+02,2.3474550462109902e+00
179500,2.2256406565953651e+02,2.3474550461372532e+00
179600,2.2256406564088431e+02,2.3474550461008570e+00
179700,2.2256406564088431e+02,2.3474550461008570e+00
179800,2.2256406562838171e+02,2.3474550460764601e+00
179900,2.2256406558879050e+02,2.3474550459992050e+00
180000,2.2256406555474089e+02,2.3474550459327630e+00
180100,2.2256406554864901e+02,2.3474550459208761e+00
180200,2.2256406554557859e+02,2.3474550459148844e+00
180300,2.2256406551339299e+02,2.3474550458520800e+00
180400,2.2256406551339299e+02,2.3474550458520800e+00
180500,2.2256406549584059e+02,2.3474550458178296e+00
180600,2.2256406547749731e+02,2.3474550457820360e+00
180700,2.2256406546492991e+02,2.3474550457575130e+00
180800,2.2256406544456129e+02,2.3474550457177670e+00
180900,2.2256406543229170e+02,2.3474550456938252e+00
181000,2.2256406541681920e+02,2.3474550456636334e+00
181100,2.2256406538369629e+02,2.3474550455989998e+00
181200,2.2256406534784600e+02,2.3474550455290442e+00
181300,2.2256406532058801e+02,2.3474550454758552e+00
181400,2.2256406529500151e+02,2.3474550454259275e+00
181500,2.2256406526689261e+02,2.3474550453710781e+00
181600,2.2256406526089000e+02,2.3474550453593648e+00
181700,2.2256406521431521e+02,2.3474550452684824e+00
181800,2.2256406521431521e+02,2.3474550452684824e+00
181900,2.2256406520656080e+02,2.3474550452533514e+00
182000,2.2256406516859531e+02,2.3474550451792684e+00
182100,2.2256406514329100e+02,2.3474550451298914e+00
182200,2.2256406513442701e+02,2.3474550451125946e+00
182300,2.2256406511940671e+02,2.3474550450832852e+00
182400,2.2256406509636531e+02,2.3474550450383243e+00
182500,2.2256406508719371e+02,2.3474550450204275e+00
182600,2.2256406507443259e+02,2.3474550449955265e+00
182700,2.2256406507104629e+02,2.3474550449889184e+00
182800,2.2256406504897060e+02,2.3474550449458418e+00
182900,2.2256406503462310e+02,2.3474550449178451e+00
183000,2.2256406503462310e+02,2.3474550449178451e+00
183100,2.2256406503462310e+02,2.3474550449178451e+00
183200,2.2256406501952640e+02,2.3474550448883864e+00
183300,2.2256406501952640e+02,2.3474550448883864e+00
183400,2.2256406501736839e+02,2.3474550448841756e+00
183500,2.2256406501024051e+02,2.3474550448702667e+00
183600,2.2256406499878179e+02,2.3474550448479072e+00
183700,2.2256406499176981e+02,2.3474550448342244e+00
183800,2.2256406498810799e+02,2.3474550448270790e+00
183900,2.2256406497625329e+02,2.3474550448039468e+00
184000,2.2256406496786801e+02,2.3474550447875844e+00
184100,2.2256406496089721e+02,2.3474550447739819e+00
184200,2.2256406494402600e+02,2.3474550447410607e+00
184300,2.2256406494155431e+02,2.3474550447362379e+00
184400,2.2256406493228590e+02,2.3474550447181519e+00
184500,2.2256406492058770e+02,2.3474550446953253e+00
184600,2.2256406490096740e+02,2.3474550446570395e+00
184700,2.2256406490066479e+02,2.3474550446564493e+00
184800,2.2256406488852991e+02,2.3474550446327700e+00
184900,2.2256406487957429e+02,2.3474550446152946e+00
185000,2.2256406487288561e+02,2.3474550446022429e+00
185100,2.2256406486335800e+02,2.3474550445836515e+00
185200,2.2256406486041709e+02,2.3474550445779130e+00
185300,2.2256406485016561e+02,2.3474550445579090e+00
185400,2.2256406483908381e+02,2.3474550445362845e+00
185500,2.2256406483908381e+02,2.3474550445362845e+00
185600,2.2256406483607950e+02,2.3474550445304221e+00
185700,2.2256406483017139e+02,2.3474550445188935e+00
185800,2.2256406482518040e+02,2.3474550445091547e+00
185900,2.2256406481726600e+02,2.3474550444937110e+00
186000,2.2256406480762550e+02,2.3474550444748994e+00
186100,2.2256406480126179e+02,2.3474550444624818e+00
186200,2.2256406479192151e+02,2.3474550444442559e+00
186300,2.2256406478436341e+02,2.3474550444295073e+00
186400,2.2256406476974101e+02,2.3474550444009745e+00
186500,2.2256406476581560e+02,2.3474550443933149e+00
186600,2.2256406475282120e+02,2.3474550443679583e+00
186700,2.2256406474115781e+02,2.3474550443451996e+00
186800,2.2256406474015631e+02,2.3474550443432451e+00
186900,2.2256406473330730e+02,2.3474550443298803e+00
187000,2.2256406470719980e+02,2.3474550442789361e+00
187100,2.2256406469467601e+02,2.3474550442544984e+00
187200,2.2256406469467601e+02,2.3474550442544984e+00
187300,2.2256406468990139e+02,2.3474550442451814e+00
187400,2.2256406468298309e+02,2.3474550442316815e+00
187500,2.2256406466853099e+02,2.3474550442034809e+00
187600,2.2256406464813199e+02,2.3474550441636759e+00
187700,2.2256406464106570e+02,2.3474550441498874e+00
187800,2.2256406463000499e+02,2.3474550441283042e+00
187900,2.2256406461983721e+02,2.3474550441084636e+00
188000,2.2256406460227640e+02,2.3474550440741968e+00
188100,2.2256406458267600e+02,2.3474550440359501e+00
188200,2.2256406457845580e+02,2.3474550440277153e+00
188300,2.2256406456445691e+02,2.3474550440003989e+00
188400,2.2256406455023151e+02,2.3474550439726403e+00
188500,2.2256406453063400e+02,2.3474550439343993e+00
188600,2.2256406452661349e+02,2.3474550439265540e+00
188700,2.2256406451502721e+02,2.3474550439039454e+00
188800,2.2256406450181601e+02,2.3474550438781661e+00
188900,2.2256406449909741e+02,2.3474550438728614e+00
189000,2.2256406449135281e+02,2.3474550438577491e+00
189100,2.2256406448011421e+02,2.3474550438358190e+00
189200,2.2256406447388139e+02,2.3474550438236568e+00
189300,2.2256406446403639e+02,2.3474550438044459e+00
189400,2.2256406445309179e+02,2.3474550437830892e+00
189500,2.2256406444571670e+02,2.3474550437686981e+00
189600,2.2256406443480449e+02,2.3474550437474049e+00
189700,2.2256406442315401e+02,2.3474550437246711e+00
189800,2.2256406441164401e+02,2.3474550437022113e+00
189900,2.2256406439594099e+02,2.3474550436715695e+00
190000,2.2256406438230201e+02,2.3474550436449557e+00
190100,2.2256406436308799e+02,2.3474550436074630e+00
190200,2.2256406434596559e+02,2.3474550435740515e+00
190300,2.2256406433895151e+02,2.3474550435603647e+00
190400,2.2256406430138529e+02,2.3474550434870611e+00
190500,2.2256406426924971e+02,2.3474550434243540e+00
190600,2.2256406426924971e+02,2.3474550434243540e+00
190700,2.2256406425196840e+02,2.3474550433906325e+00
190800,2.2256406423138949e+02,2.3474550433504766e+00
190900,2.2256406421193631e+02,2.3474550433125172e+00
191000,2.2256406420065801e+02,2.3474550432905095e+00
191100,2.2256406420065801e+02,2.3474550432905095e+00
191200,2.2256406418914199e+02,2.3474550432680381e+00
191300,2.2256406418441429e+02,2.3474550432588126e+00
191400,2.2256406416387100e+02,2.3474550432187260e+00
191500,2.2256406415412630e+02,2.3474550431997110e+00
191600,2.2256406414554201e+02,2.3474550431829604e+00
191700,2.2256406412590059e+02,2.3474550431446337e+00
191800,2.2256406411279951e+02,2.3474550431190693e+00
191900,2.2256406409816921e+02,2.3474550430905206e+00
192000,2.2256406408996099e+02,2.3474550430745036e+00
192100,2.2256406406591739e+02,2.3474550430275869e+00
192200,2.2256406405989861e+02,2.3474550430158425e+00
192300,2.2256406403337800e+02,2.3474550429640919e+00
192400,2.2256406403337800e+02,2.3474550429640919e+00
192500,2.2256406402477609e+02,2.3474550429473071e+00
192600,2.2256406401728989e+02,2.3474550429326988e+00
192700,2.2256406401724101e+02,2.3474550429326033e+00
192800,2.2256406399350951e+02,2.3474550428862955e+00
192900,2.2256406397937141e+02,2.3474550428587078e+00
193000,2.2256406395681640e+02,2.3474550428146954e+00
193100,2.2256406393959949e+02,2.3474550427810996e+00
193200,2.2256406393666200e+02,2.3474550427753678e+00
193300,2.2256406392952681e+02,2.3474550427614447e+00
193400,2.2256406392267900e+02,2.3474550427480825e+00
193500,2.2256406390928029e+02,2.3474550427219372e+00
193600,2.2256406390234179e+02,2.3474550427083978e+00
193700,2.2256406389037721e+02,2.3474550426850511e+00
193800,2.2256406387576430e+02,2.3474550426565366e+00
193900,2.2256406386202340e+02,2.3474550426297238e+00
194000,2.2256406384635241e+02,2.3474550425991447e+00
194100,2.2256406382105641e+02,2.3474550425497838e+00
194200,2.2256406382105641e+02,2.3474550425497838e+00
194300,2.2256406381167591e+02,2.3474550425314793e+00
194400,2.2256406379997469e+02,2.3474550425086465e+00
194500,2.2256406378864881e+02,2.3474550424865464e+00
194600,2.2256406377667960e+02,2.3474550424631904e+00
194700,2.2256406376992911e+02,2.3474550424500178e+00
194800,2.2256406376599031e+02,2.3474550424423319e+00
194900,2.2256406372516770e+02,2.3474550423626739e+00
195000,2.2256406372516770e+02,2.3474550423626739e+00
195100,2.2256406372478250e+02,2.3474550423619225e+00
195200,2.2256406371627239e+02,2.3474550423453162e+00
195300,2.2256406370736599e+02,2.3474550423279372e+00
195400,2.2256406369627209e+02,2.3474550423062892e+00
195500,2.2256406367487421e+02,2.3474550422645351e+00
195600,2.2256406366675469e+02,2.3474550422486913e+00
195700,2.2256406365207340e+02,2.3474550422200435e+00
195800,2.2256406362868850e+02,2.3474550421744120e+00
195900,2.2256406361826981e+02,2.3474550421540816e+00
196000,2.2256406360401701e+02,2.3474550421262697e+00
196100,2.2256406358686951e+02,2.3474550420928093e+00
196200,2.2256406357617200e+02,2.3474550420719353e+00
196300,2.2256406356570500e+02,2.3474550420515108e+00
196400,2.2256406353352119e+02,2.3474550419887099e+00
196500,2.2256406351309619e+02,2.3474550419488538e+00
196600,2.2256406350208141e+02,2.3474550419273603e+00
196700,2.2256406349971701e+02,2.3474550419227467e+00
196800,2.2256406348801761e+02,2.3474550418999174e+00
196900,2.2256406347438519e+02,2.3474550418733164e+00
197000,2.2256406346099169e+02,2.3474550418471813e+00
197100,2.2256406344987681e+02,2.3474550418254925e+00
197200,2.2256406343840970e+02,2.3474550418031166e+00
197300,2.2256406343513191e+02,2.3474550417967204e+00
197400,2.2256406342207799e+02,2.3474550417712479e+00
197500,2.2256406338891679e+02,2.3474550417065396e+00
197600,2.2256406338804800e+02,2.3474550417048445e+00
197700,2.2256406337545920e+02,2.3474550416802797e+00
197800,2.2256406334911659e+02,2.3474550416288769e+00
197900,2.2256406333243791e+02,2.3474550415963313e+00
198000,2.2256406333188971e+02,2.3474550415952615e+00
198100,2.2256406331712239e+02,2.3474550415664455e+00
198200,2.2256406330425699e+02,2.3474550415413411e+00
198300,2.2256406329435620e+02,2.3474550415220214e+00
198400,2.2256406329323181e+02,2.3474550415198272e+00
198500,2.2256406328054001e+02,2.3474550414950617e+00
198600,2.2256406326876979e+02,2.3474550414720943e+00
198700,2.2256406326372141e+02,2.3474550414622430e+00
198800,2.2256406325514061e+02,2.3474550414454991e+00
198900,2.2256406322889779e+02,2.3474550413942907e+00
199000,2.2256406322712971e+02,2.3474550413908406e+00
199100,2.2256406321119221e+02,2.3474550413597415e+00
199200,2.2256406320573481e+02,2.3474550413490922e+00
199300,2.2256406317278581e+02,2.3474550412847983e+00
199400,2.2256406316270821e+02,2.3474550412651336e+00
199500,2.2256406316172399e+02,2.3474550412632129e+00
199600,2.2256406315010901e+02,2.3474550412405484e+00
199700,2.2256406313839881e+02,2.3474550412176982e+00
199800,2.2256406311397450e+02,2.3474550411700386e+00
199900,2.2256406307270160e+02,2.3474550410895016e+00
200000,2.2256406307270160e+02,2.3474550410895016e+00
200100,2.2256406307270160e+02,2.3474550410895016e+00
200200,2.2256406303883449e+02,2.3474550410234158e+00
200300,2.2256406303147560e+02,2.3474550410090562e+00
200400,2.2256406301087529e+02,2.3474550409688586e+00
200500,2.2256406301087529e+02,2.3474550409688586e+00
200600,2.2256406299550551e+02,2.3474550409388670e+00
200700,2.2256406296183650e+02,2.3474550408731680e+00
200800,2.2256406292104879e+02,2.3474550407935779e+00
200900,2.2256406292104879e+02,2.3474550407935779e+00
201000,2.2256406291566711e+02,2.3474550407830765e+00
201100,2.2256406291566711e+02,2.3474550407830765e+00
201200,2.2256406289371671e+02,2.3474550407402441e+00
201300,2.2256406286831449e+02,2.3474550406906762e+00
201400,2.2256406286510301e+02,2.3474550406844097e+00
201500,2.2256406284935301e+02,2.3474550406536761e+00
201600,2.2256406282948660e+02,2.3474550406149106e+00
201700,2.2256406281278350e+02,2.3474550405823171e+00
201800,2.2256406279376421e+02,2.3474550405452046e+00
201900,2.2256406278534899e+02,2.3474550405287835e+00
202000,2.2256406275170730e+02,2.3474550404631378e+00
202100,2.2256406274186591e+02,2.3474550404439340e+00
202200,2.2256406274186591e+02,2.3474550404439340e+00
202300,2.2256406271653120e+02,2.3474550403944980e+00
202400,2.2256406270376331e+02,2.3474550403695837e+00
202500,2.2256406270003120e+02,2.3474550403623011e+00
202600,2.2256406267680649e+02,2.3474550403169823e+00
202700,2.2256406265964620e+02,2.3474550402834971e+00
202800,2.2256406264667271e+02,2.3474550402581813e+00
202900,2.2256406263246279e+02,2.3474550402304533e+00
203000,2.2256406261576379e+02,2.3474550401978682e+00
203100,2.2256406258822770e+02,2.3474550401441361e+00
203200,2.2256406257489431e+02,2.3474550401181187e+00
203300,2.2256406254836301e+02,2.3474550400663472e+00
203400,2.2256406254458221e+02,2.3474550400589700e+00
203500,2.2256406251697581e+02,2.3474550400051006e+00
203600,2.2256406249447451e+02,2.3474550399611935e+00
203700,2.2256406248175719e+02,2.3474550399363778e+00
203800,2.2256406245385639e+02,2.3474550398819343e+00
203900,2.2256406244146839e+02,2.3474550398577616e+00
204000,2.2256406242757609e+02,2.3474550398306531e+00
204100,2.2256406240170281e+02,2.3474550397801659e+00
204200,2.2256406238564659e+02,2.3474550397488350e+00
204300,2.2256406238351900e+02,2.3474550397446836e+00
204400,2.2256406237512530e+02,2.3474550397283047e+00
204500,2.2256406235976331e+02,2.3474550396983282e+00
204600,2.2256406235844130e+02,2.3474550396957485e+00
204700,2.2256406235802729e+02,2.3474550396949407e+00
204800,2.2256406235025131e+02,2.3474550396797675e+00
204900,2.2256406234353739e+02,2.3474550396666665e+00
205000,2.2256406234353739e+02,2.3474550396666665e+00
205100,2.2256406233114171e+02,2.3474550396424783e+00
205200,2.2256406232232550e+02,2.3474550396252751e+00
205300,2.2256406231401391e+02,2.3474550396090565e+00
205400,2.2256406231132499e+02,2.3474550396038096e+00
205500,2.2256406230038800e+02,2.3474550395824680e+00
205600,2.2256406229235881e+02,2.3474550395668006e+00
205700,2.2256406228730771e+02,2.3474550395569440e+00
205800,2.2256406227787031e+02,2.3474550395385285e+00
205900,2.2256406226578540e+02,2.3474550395149469e+00
206000,2.2256406226349580e+02,2.3474550395104794e+00
206100,2.2256406225667899e+02,2.3474550394971776e+00
206200,2.2256406225044040e+02,2.3474550394850042e+00
206300,2.2256406224528089e+02,2.3474550394749363e+00
206400,2.2256406223994739e+02,2.3474550394645286e+00
206500,2.2256406223520821e+02,2.3474550394552809e+00
206600,2.2256406222600870e+02,2.3474550394373299e+00
206700,2.2256406222485899e+02,2.3474550394350864e+00
206800,2.2256406221747619e+02,2.3474550394206801e+00
206900,2.2256406221411001e+02,2.3474550394141116e+00
207000,2.2256406220263099e+02,2.3474550393917122e+00
207100,2.2256406219510060e+02,2.3474550393770182e+00
207200,2.2256406218736240e+02,2.3474550393619182e+00
207300,2.2256406217544779e+02,2.3474550393386693e+00
207400,2.2256406217544779e+02,2.3474550393386693e+00
207500,2.2256406216359480e+02,2.3474550393155402e+00
207600,2.2256406215413770e+02,2.3474550392970861e+00
207700,2.2256406215131730e+02,2.3474550392915829e+00
207800,2.2256406214389560e+02,2.3474550392771008e+00
207900,2.2256406214105851e+02,2.3474550392715647e+00
208000,2.2256406213433101e+02,2.3474550392584370e+00
208100,2.2256406212862680e+02,2.3474550392473064e+00
208200,2.2256406212725619e+02,2.3474550392446316e+00
208300,2.2256406211636499e+02,2.3474550392233797e+00
208400,2.2256406210607881e+02,2.3474550392033078e+00
208500,2.2256406210380121e+02,2.3474550391988633e+00
208600,2.2256406209550661e+02,2.3474550391826781e+00
208700,2.2256406208566929e+02,2.3474550391634823e+00
208800,2.2256406208566929e+02,2.3474550391634823e+00
208900,2.2256406206792241e+02,2.3474550391288522e+00
209000,2.2256406206494779e+02,2.3474550391230480e+00
209100,2.2256406204932679e+02,2.3474550390925661e+00
209200,2.2256406203381380e+02,2.3474550390622952e+00
209300,2.2256406202314750e+02,2.3474550390414821e+00
209400,2.2256406202314750e+02,2.3474550390414821e+00
209500,2.2256406201431500e+02,2.3474550390242470e+00
209600,2.2256406200501081e+02,2.3474550390060913e+00
209700,2.2256406198378900e+02,2.3474550389646809e+00
209800,2.2256406198283750e+02,2.3474550389628241e+00
209900,2.2256406198183160e+02,2.3474550389608613e+00
210000,2.2256406196414559e+02,2.3474550389263502e+00
210100,2.2256406195722820e+02,2.3474550389128521e+00
210200,2.2256406194956531e+02,2.3474550388978992e+00
210300,2.2256406193961271e+02,2.3474550388784787e+00
210400,2.2256406193704061e+02,2.3474550388734596e+00
210500,2.2256406193214181e+02,2.3474550388639006e+00
210600,2.2256406192723199e+02,2.3474550388543198e+00
210700,2.2256406191976600e+02,2.3474550388397515e+00
210800,2.2256406191645999e+02,2.3474550388333002e+00
210900,2.2256406190588771e+02,2.3474550388126705e+00
211000,2.2256406190324799e+02,2.3474550388075195e+00
211100,2.2256406189843619e+02,2.3474550387981301e+00
211200,2.2256406188803891e+02,2.3474550387778415e+00
211300,2.2256406188765499e+02,2.3474550387770923e+00
211400,2.2256406188128301e+02,2.3474550387646587e+00
211500,2.2256406187697729e+02,2.3474550387562565e+00
211600,2.2256406186130741e+02,2.3474550387256796e+00
211700,2.2256406184952741e+02,2.3474550387026931e+00
211800,2.2256406184952741e+02,2.3474550387026931e+00
211900,2.2256406184428241e+02,2.3474550386924582e+00
212000,2.2256406183877431e+02,2.3474550386817103e+00
212100,2.2256406181968899e+02,2.3474550386444686e+00
212200,2.2256406181439229e+02,2.3474550386341333e+00
212300,2.2256406181439229e+02,2.3474550386341333e+00
212400,2.2256406179609371e+02,2.3474550385984267e+00
212500,2.2256406179514420e+02,2.3474550385965740e+00
212600,2.2256406178599170e+02,2.3474550385787145e+00
212700,2.2256406177748610e+02,2.3474550385621171e+00
212800,2.2256406176928701e+02,2.3474550385461179e+00
212900,2.2256406176290079e+02,2.3474550385336563e+00
213000,2.2256406175473501e+02,2.3474550385177224e+00
213100,2.2256406173863621e+02,2.3474550384863084e+00
213200,2.2256406173616321e+02,2.3474550384814830e+00
213300,2.2256406172830879e+02,2.3474550384661566e+00
213400,2.2256406171199160e+02,2.3474550384343162e+00
213500,2.2256406170555829e+02,2.3474550384217627e+00
213600,2.2256406170168950e+02,2.3474550384142137e+00
213700,2.2256406169449269e+02,2.3474550384001702e+00
213800,2.2256406168418150e+02,2.3474550383800499e+00
213900,2.2256406167189130e+02,2.3474550383560677e+00
214000,2.2256406166793391e+02,2.3474550383483455e+00
214100,2.2256406166102781e+02,2.3474550383348696e+00
214200,2.2256406165990941e+02,2.3474550383326869e+00
214300,2.2256406165242899e+02,2.3474550383180901e+00
214400,2.2256406164583859e+02,2.3474550383052302e+00
214500,2.2256406164583859e+02,2.3474550383052302e+00
214600,2.2256406163680001e+02,2.3474550382875932e+00
214700,2.2256406163012250e+02,2.3474550382745631e+00
214800,2.2256406163012250e+02,2.3474550382745631e+00
214900,2.2256406162362441e+02,2.3474550382618831e+00
215000,2.2256406162308079e+02,2.3474550382608226e+00
215100,2.2256406161584749e+02,2.3474550382467081e+00
215200,2.2256406161425051e+02,2.3474550382435919e+00
215300,2.2256406161201500e+02,2.3474550382392296e+00
215400,2.2256406160269509e+02,2.3474550382210433e+00
215500,2.2256406159912740e+02,2.3474550382140817e+00
215600,2.2256406159512329e+02,2.3474550382062684e+00
215700,2.2256406158793419e+02,2.3474550381922401e+00
215800,2.2256406158438500e+02,2.3474550381853145e+00
215900,2.2256406157414810e+02,2.3474550381653390e+00
216000,2.2256406157414810e+02,2.3474550381653390e+00
216100,2.2256406156641100e+02,2.3474550381502413e+00
216200,2.2256406155942980e+02,2.3474550381366188e+00
216300,2.2256406155419540e+02,2.3474550381264048e+00
216400,2.2256406154769931e+02,2.3474550381137287e+00
216500,2.2256406154718050e+02,2.3474550381127166e+00
216600,2.2256406153883560e+02,2.3474550380964327e+00
216700,2.2256406153714491e+02,2.3474550380931336e+00
216800,2.2256406152700950e+02,2.3474550380733561e+00
216900,2.2256406152412339e+02,2.3474550380677246e+00
217000,2.2256406152280621e+02,2.3474550380651542e+00
217100,2.2256406151593461e+02,2.3474550380517458e+00
217200,2.2256406151247501e+02,2.3474550380449948e+00
217300,2.2256406149725001e+02,2.3474550380152861e+00
217400,2.2256406149725001e+02,2.3474550380152861e+00
217500,2.2256406149378020e+02,2.3474550380085151e+00
217600,2.2256406149048081e+02,2.3474550380020771e+00
217700,2.2256406148357880e+02,2.3474550379886088e+00
217800,2.2256406148285919e+02,2.3474550379872046e+00
217900,2.2256406147139299e+02,2.3474550379648305e+00
218000,2.2256406146796920e+02,2.3474550379581496e+00
218100,2.2256406146377029e+02,2.3474550379499561e+00
218200,2.2256406145906840e+02,2.3474550379407813e+00
218300,2.2256406145631831e+02,2.3474550379354149e+00
218400,2.2256406144952030e+02,2.3474550379221499e+00
218500,2.2256406144721220e+02,2.3474550379176460e+00
218600,2.2256406144721220e+02,2.3474550379176460e+00
218700,2.2256406144405719e+02,2.3474550379114896e+00
218800,2.2256406144113251e+02,2.3474550379057826e+00
218900,2.2256406143835781e+02,2.3474550379003682e+00
219000,2.2256406143559340e+02,2.3474550378949739e+00
219100,2.2256406143271030e+02,2.3474550378893482e+00
219200,2.2256406143005529e+02,2.3474550378841674e+00
219300,2.2256406143005529e+02,2.3474550378841674e+00
219400,2.2256406142570719e+02,2.3474550378756827e+00
219500,2.2256406142161970e+02,2.3474550378677068e+00
219600,2.2256406142161970e+02,2.3474550378677068e+00
219700,2.2256406141831201e+02,2.3474550378612524e+00
219800,2.2256406141742289e+02,2.3474550378595174e+00
219900,2.2256406141529439e+02,2.3474550378553638e+00
220000,2.2256406141374600e+02,2.3474550378523427e+00
220100,2.2256406140994230e+02,2.3474550378449202e+00
220200,2.2256406140887071e+02,2.3474550378428294e+00
220300,2.2256406140646959e+02,2.3474550378381438e+00
220400,2.2256406140210041e+02,2.3474550378296182e+00
220500,2.2256406139933401e+02,2.3474550378242203e+00
220600,2.2256406139849011e+02,2.3474550378225736e+00
220700,2.2256406139251840e+02,2.3474550378109207e+00
220800,2.2256406139228500e+02,2.3474550378104651e+00
220900,2.2256406139089859e+02,2.3474550378077601e+00
221000,2.2256406138855499e+02,2.3474550378031869e+00
221100,2.2256406138546700e+02,2.3474550377971610e+00
221200,2.2256406138546700e+02,2.3474550377971610e+00
221300,2.2256406138153119e+02,2.3474550377894809e+00
221400,2.2256406138014239e+02,2.3474550377867711e+00
221500,2.2256406137820250e+02,2.3474550377829857e+00
221600,2.2256406137581550e+02,2.3474550377783281e+00
221700,2.2256406137314389e+02,2.3474550377731149e+00
221800,2.2256406137003819e+02,2.3474550377670544e+00
221900,2.2256406136876919e+02,2.3474550377645782e+00
222000,2.2256406136329969e+02,2.3474550377539054e+00
222100,2.2256406136137340e+02,2.3474550377501466e+00
222200,2.2256406135992350e+02,2.3474550377473173e+00
222300,2.2256406135774139e+02,2.3474550377430594e+00
222400,2.2256406135492500e+02,2.3474550377375638e+00
222500,2.2256406135492500e+02,2.3474550377375638e+00
222600,2.2256406135224461e+02,2.3474550377323333e+00
222700,2.2256406134986671e+02,2.3474550377276935e+00
222800,2.2256406134830829e+02,2.3474550377246524e+00
222900,2.2256406134660699e+02,2.3474550377213328e+00
223000,2.2256406134463299e+02,2.3474550377174808e+00
223100,2.2256406133909829e+02,2.3474550377066810e+00
223200,2.2256406133643031e+02,2.3474550377014745e+00
223300,2.2256406133020661e+02,2.3474550376893304e+00
223400,2.2256406132635539e+02,2.3474550376818151e+00
223500,2.2256406132315800e+02,2.3474550376755761e+00
223600,2.2256406131775401e+02,2.3474550376650312e+00
223700,2.2256406131732899e+02,2.3474550376642016e+00
223800,2.2256406131668879e+02,2.3474550376629524e+00
223900,2.2256406131189240e+02,2.3474550376535932e+00
224000,2.2256406131115270e+02,2.3474550376521499e+00
224100,2.2256406130649100e+02,2.3474550376430532e+00
224200,2.2256406130524530e+02,2.3474550376406227e+00
224300,2.2256406130299101e+02,2.3474550376362235e+00
224400,2.2256406129937841e+02,2.3474550376291745e+00
224500,2.2256406129601211e+02,2.3474550376226055e+00
224600,2.2256406129417931e+02,2.3474550376190293e+00
224700,2.2256406129035420e+02,2.3474550376115655e+00
224800,2.2256406128726121e+02,2.3474550376055299e+00
224900,2.2256406128391839e+02,2.3474550375990071e+00
225000,2.2256406128042730e+02,2.3474550375921948e+00
225100,2.2256406127646119e+02,2.3474550375844556e+00
225200,2.2256406127121659e+02,2.3474550375742216e+00
225300,2.2256406127034120e+02,2.3474550375725136e+00
225400,2.2256406126423960e+02,2.3474550375606071e+00
225500,2.2256406126161869e+02,2.3474550375554930e+00
225600,2.2256406125566761e+02,2.3474550375438805e+00
225700,2.2256406125233639e+02,2.3474550375373804e+00
225800,2.2256406124938530e+02,2.3474550375316219e+00
225900,2.2256406124647239e+02,2.3474550375259375e+00
226000,2.2256406124495379e+02,2.3474550375229746e+00
226100,2.2256406124229940e+02,2.3474550375177947e+00
226200,2.2256406123543269e+02,2.3474550375043957e+00
226300,2.2256406123337101e+02,2.3474550375003727e+00
226400,2.2256406122768539e+02,2.3474550374892780e+00
226500,2.2256406122768539e+02,2.3474550374892780e+00
226600,2.2256406122355361e+02,2.3474550374812155e+00
226700,2.2256406121913190e+02,2.3474550374725873e+00
226800,2.2256406121615760e+02,2.3474550374667835e+00
226900,2.2256406121615760e+02,2.3474550374667835e+00
227000,2.2256406121326381e+02,2.3474550374611369e+00
227100,2.2256406121024020e+02,2.3474550374552368e+00
227200,2.2256406120696121e+02,2.3474550374488388e+00
227300,2.2256406120253720e+02,2.3474550374402057e+00
227400,2.2256406120046680e+02,2.3474550374361658e+00
227500,2.2256406119827801e+02,2.3474550374318950e+00
227600,2.2256406119380739e+02,2.3474550374231713e+00
227700,2.2256406119061759e+02,2.3474550374169469e+00
227800,2.2256406119061759e+02,2.3474550374169469e+00
227900,2.2256406118601899e+02,2.3474550374079737e+00
228000,2.2256406118132489e+02,2.3474550373988139e+00
228100,2.2256406118036500e+02,2.3474550373969407e+00
228200,2.2256406117682539e+02,2.3474550373900338e+00
228300,2.2256406117260670e+02,2.3474550373818017e+00
228400,2.2256406116801941e+02,2.3474550373728507e+00
228500,2.2256406116343459e+02,2.3474550373639040e+00
228600,2.2256406116078321e+02,2.3474550373587304e+00
228700,2.2256406115849771e+02,2.3474550373542704e+00
228800,2.2256406115591929e+02,2.3474550373492393e+00
228900,2.2256406115240199e+02,2.3474550373423759e+00
229000,2.2256406114944400e+02,2.3474550373366037e+00
229100,2.2256406114404470e+02,2.3474550373260681e+00
229200,2.2256406113812071e+02,2.3474550373145084e+00
229300,2.2256406113780551e+02,2.3474550373138934e+00
229400,2.2256406113318499e+02,2.3474550373048775e+00
229500,2.2256406113026671e+02,2.3474550372991829e+00
229600,2.2256406112954500e+02,2.3474550372977743e+00
229700,2.2256406112710280e+02,2.3474550372930092e+00
229800,2.2256406112464830e+02,2.3474550372882192e+00
229900,2.2256406112283400e+02,2.3474550372846790e+00
230000,2.2256406112081001e+02,2.3474550372807297e+00
230100,2.2256406111850100e+02,2.3474550372762240e+00
230200,2.2256406111572119e+02,2.3474550372707998e+00
230300,2.2256406111249021e+02,2.3474550372644951e+00
230400,2.2256406111077081e+02,2.3474550372611400e+00
230500,2.2256406110884600e+02,2.3474550372573839e+00
230600,2.2256406110884600e+02,2.3474550372573839e+00
230700,2.2256406110538660e+02,2.3474550372506338e+00
230800,2.2256406110463939e+02,2.3474550372491758e+00
230900,2.2256406110161331e+02,2.3474550372432708e+00
231000,2.2256406110153759e+02,2.3474550372431229e+00
231100,2.2256406109962100e+02,2.3474550372393832e+00
231200,2.2256406109754650e+02,2.3474550372353349e+00
231300,2.2256406109526901e+02,2.3474550372308909e+00
231400,2.2256406109428920e+02,2.3474550372289791e+00
231500,2.2256406109235829e+02,2.3474550372252110e+00
231600,2.2256406109081149e+02,2.3474550372221930e+00
231700,2.2256406109004399e+02,2.3474550372206950e+00
231800,2.2256406108839749e+02,2.3474550372174825e+00
231900,2.2256406108618469e+02,2.3474550372131646e+00
232000,2.2256406108521199e+02,2.3474550372112666e+00
232100,2.2256406108477839e+02,2.3474550372104201e+00
232200,2.2256406108304500e+02,2.3474550372070380e+00
232300,2.2256406108071059e+02,2.3474550372024829e+00
232400,2.2256406108071059e+02,2.3474550372024829e+00
232500,2.2256406107904999e+02,2.3474550371992424e+00
232600,2.2256406107808951e+02,2.3474550371973684e+00
232700,2.2256406107711101e+02,2.3474550371954588e+00
232800,2.2256406107544740e+02,2.3474550371922125e+00
232900,2.2256406107084629e+02,2.3474550371832343e+00
233000,2.2256406106897799e+02,2.3474550371795888e+00
233100,2.2256406106772619e+02,2.3474550371771459e+00
233200,2.2256406106463029e+02,2.3474550371711049e+00
233300,2.2256406106402119e+02,2.3474550371699165e+00
233400,2.2256406106075360e+02,2.3474550371635403e+00
233500,2.2256406105859401e+02,2.3474550371593264e+00
233600,2.2256406105859401e+02,2.3474550371593264e+00
233700,2.2256406105742920e+02,2.3474550371570531e+00
233800,2.2256406105621770e+02,2.3474550371546892e+00
233900,2.2256406105114820e+02,2.3474550371447971e+00
234000,2.2256406104946930e+02,2.3474550371415210e+00
234100,2.2256406104946930e+02,2.3474550371415210e+00
234200,2.2256406104823441e+02,2.3474550371391114e+00
234300,2.2256406104574739e+02,2.3474550371342584e+00
234400,2.2256406104273151e+02,2.3474550371283733e+00
234500,2.2256406104094961e+02,2.3474550371248961e+00
234600,2.2256406104005001e+02,2.3474550371231406e+00
234700,2.2256406103921020e+02,2.3474550371215019e+00
234800,2.2256406103639199e+02,2.3474550371160028e+00
234900,2.2256406103526700e+02,2.3474550371138077e+00
235000,2.2256406103038881e+02,2.3474550371042886e+00
235100,2.2256406103012549e+02,2.3474550371037748e+00
235200,2.2256406102882599e+02,2.3474550371012390e+00
235300,2.2256406102617669e+02,2.3474550370960694e+00
235400,2.2256406102502430e+02,2.3474550370938210e+00
235500,2.2256406102481421e+02,2.3474550370934106e+00
235600,2.2256406102227021e+02,2.3474550370884466e+00
235700,2.2256406102057051e+02,2.3474550370851301e+00
235800,2.2256406101961991e+02,2.3474550370832752e+00
235900,2.2256406101895959e+02,2.3474550370819864e+00
236000,2.2256406101794249e+02,2.3474550370800018e+00
236100,2.2256406101779399e+02,2.3474550370797123e+00
236200,2.2256406101473701e+02,2.3474550370737468e+00
236300,2.2256406101411650e+02,2.3474550370725362e+00
236400,2.2256406101199539e+02,2.3474550370683973e+00
236500,2.2256406100957091e+02,2.3474550370636664e+00
236600,2.2256406100901799e+02,2.3474550370625873e+00
236700,2.2256406100638219e+02,2.3474550370574438e+00
236800,2.2256406100441541e+02,2.3474550370536060e+00
236900,2.2256406100360900e+02,2.3474550370520326e+00
237000,2.2256406100068219e+02,2.3474550370463216e+00
237100,2.2256406100068219e+02,2.3474550370463216e+00
237200,2.2256406099728400e+02,2.3474550370396905e+00
237300,2.2256406099606281e+02,2.3474550370373075e+00
237400,2.2256406099449961e+02,2.3474550370342571e+00
237500,2.2256406099248991e+02,2.3474550370303358e+00
237600,2.2256406099049829e+02,2.3474550370264495e+00
237700,2.2256406098932209e+02,2.3474550370241540e+00
237800,2.2256406098822700e+02,2.3474550370220175e+00
237900,2.2256406098658201e+02,2.3474550370188076e+00
238000,2.2256406098596131e+02,2.3474550370175962e+00
238100,2.2256406098469799e+02,2.3474550370151310e+00
238200,2.2256406098378420e+02,2.3474550370133480e+00
238300,2.2256406098243681e+02,2.3474550370107190e+00
238400,2.2256406098197570e+02,2.3474550370098188e+00
238500,2.2256406098063530e+02,2.3474550370072036e+00
238600,2.2256406098007821e+02,2.3474550370061165e+00
238700,2.2256406097946930e+02,2.3474550370049281e+00
238800,2.2256406097811151e+02,2.3474550370022786e+00
238900,2.2256406097701120e+02,2.3474550370001315e+00
239000,2.2256406097672041e+02,2.3474550369995644e+00
239100,2.2256406097637611e+02,2.3474550369988925e+00
239200,2.2256406097508881e+02,2.3474550369963807e+00
239300,2.2256406097460061e+02,2.3474550369954277e+00
239400,2.2256406097251170e+02,2.3474550369913518e+00
239500,2.2256406097190049e+02,2.3474550369901590e+00
239600,2.2256406097076069e+02,2.3474550369879350e+00
239700,2.2256406096906809e+02,2.3474550369846323e+00
239800,2.2256406096794080e+02,2.3474550369824323e+00
239900,2.2256406096794080e+02,2.3474550369824323e+00
240000,2.2256406096673550e+02,2.3474550369800804e+00
240100,2.2256406096430121e+02,2.3474550369753304e+00
240200,2.2256406096430121e+02,2.3474550369753304e+00
240300,2.2256406096246309e+02,2.3474550369717435e+00
240400,2.2256406096147481e+02,2.3474550369698153e+00
240500,2.2256406096103751e+02,2.3474550369689617e+00
240600,2.2256406095860501e+02,2.3474550369642153e+00
240700,2.2256406095805440e+02,2.3474550369631411e+00
240800,2.2256406095605800e+02,2.3474550369592451e+00
240900,2.2256406095495461e+02,2.3474550369570921e+00
241000,2.2256406095308600e+02,2.3474550369534457e+00
241100,2.2256406095169501e+02,2.3474550369507314e+00
241200,2.2256406094911901e+02,2.3474550369457052e+00
241300,2.2256406094883499e+02,2.3474550369451510e+00
241400,2.2256406094697169e+02,2.3474550369415148e+00
241500,2.2256406094677959e+02,2.3474550369411400e+00
241600,2.2256406094612109e+02,2.3474550369398552e+00
241700,2.2256406094611000e+02,2.3474550369398335e+00
241800,2.2256406094405469e+02,2.3474550369358229e+00
241900,2.2256406094295971e+02,2.3474550369336864e+00
242000,2.2256406094254041e+02,2.3474550369328679e+00
242100,2.2256406094117051e+02,2.3474550369301950e+00
242200,2.2256406093911190e+02,2.3474550369261777e+00
242300,2.2256406093796249e+02,2.3474550369239351e+00
242400,2.2256406093679291e+02,2.3474550369216529e+00
242500,2.2256406093522381e+02,2.3474550369185909e+00
242600,2.2256406093461101e+02,2.3474550369173950e+00
242700,2.2256406093391399e+02,2.3474550369160352e+00
242800,2.2256406093106099e+02,2.3474550369104681e+00
242900,2.2256406092970630e+02,2.3474550369078244e+00
243000,2.2256406092799671e+02,2.3474550369044884e+00
243100,2.2256406092634319e+02,2.3474550369012621e+00
243200,2.2256406092357679e+02,2.3474550368958638e+00
243300,2.2256406092013160e+02,2.3474550368891411e+00
243400,2.2256406091876170e+02,2.3474550368864682e+00
243500,2.2256406091812730e+02,2.3474550368852301e+00
243600,2.2256406091644340e+02,2.3474550368819442e+00
243700,2.2256406091564369e+02,2.3474550368803837e+00
243800,2.2256406091286820e+02,2.3474550368749680e+00
243900,2.2256406091111171e+02,2.3474550368715406e+00
244000,2.2256406091111171e+02,2.3474550368715406e+00
244100,2.2256406090920149e+02,2.3474550368678129e+00
244200,2.2256406090823040e+02,2.3474550368659179e+00
244300,2.2256406090724610e+02,2.3474550368639973e+00
244400,2.2256406090656131e+02,2.3474550368626610e+00
244500,2.2256406090535259e+02,2.3474550368603024e+00
244600,2.2256406090535259e+02,2.3474550368603024e+00
244700,2.2256406090448601e+02,2.3474550368586118e+00
244800,2.2256406090380099e+02,2.3474550368572751e+00
244900,2.2256406090297759e+02,2.3474550368556684e+00
245000,2.2256406090228299e+02,2.3474550368543130e+00
245100,2.2256406090108899e+02,2.3474550368519829e+00
245200,2.2256406089982241e+02,2.3474550368495115e+00
245300,2.2256406089982241e+02,2.3474550368495115e+00
245400,2.2256406089847451e+02,2.3474550368468812e+00
245500,2.2256406089677350e+02,2.3474550368435620e+00
245600,2.2256406089632500e+02,2.3474550368426867e+00
245700,2.2256406089554071e+02,2.3474550368411564e+00
245800,2.2256406089473381e+02,2.3474550368395821e+00
245900,2.2256406089375881e+02,2.3474550368376792e+00
246000,2.2256406089329829e+02,2.3474550368367808e+00
246100,2.2256406089225879e+02,2.3474550368347522e+00
246200,2.2256406089149999e+02,2.3474550368332716e+00
246300,2.2256406089101600e+02,2.3474550368323270e+00
246400,2.2256406088978520e+02,2.3474550368299254e+00
246500,2.2256406088892001e+02,2.3474550368282374e+00
246600,2.2256406088791121e+02,2.3474550368262688e+00
246700,2.2256406088697031e+02,2.3474550368244329e+00
246800,2.2256406088634230e+02,2.3474550368232072e+00
246900,2.2256406088531429e+02,2.3474550368212013e+00
247000,2.2256406088452900e+02,2.3474550368196692e+00
247100,2.2256406088326960e+02,2.3474550368172116e+00
247200,2.2256406088285371e+02,2.3474550368163998e+00
247300,2.2256406088157880e+02,2.3474550368139124e+00
247400,2.2256406087956250e+02,2.3474550368099778e+00
247500,2.2256406087942801e+02,2.3474550368097153e+00
247600,2.2256406087857701e+02,2.3474550368080549e+00
247700,2.2256406087797859e+02,2.3474550368068869e+00
247800,2.2256406087758899e+02,2.3474550368061267e+00
247900,2.2256406087666639e+02,2.3474550368043263e+00
248000,2.2256406087572549e+02,2.3474550368024905e+00
248100,2.2256406087502609e+02,2.3474550368011258e+00
248200,2.2256406087387751e+02,2.3474550367988845e+00
248300,2.2256406087158871e+02,2.3474550367944182e+00
248400,2.2256406087158871e+02,2.3474550367944182e+00
248500,2.2256406087009100e+02,2.3474550367914957e+00
248600,2.2256406086951870e+02,2.3474550367903793e+00
248700,2.2256406086916800e+02,2.3474550367896949e+00
248800,2.2256406086804600e+02,2.3474550367875056e+00
248900,2.2256406086564809e+02,2.3474550367828262e+00
249000,2.2256406086529751e+02,2.3474550367821423e+00
249100,2.2256406086482681e+02,2.3474550367812235e+00
249200,2.2256406086350879e+02,2.3474550367786517e+00
249300,2.2256406086247131e+02,2.3474550367766271e+00
249400,2.2256406086134140e+02,2.3474550367744227e+00
249500,2.2256406086067389e+02,2.3474550367731202e+00
249600,2.2256406085999740e+02,2.3474550367717999e+00
249700,2.2256406085855770e+02,2.3474550367689906e+00
249800,2.2256406085842539e+02,2.3474550367687326e+00
249900,2.2256406085742009e+02,2.3474550367667706e+00
250000,2.2256406085600071e+02,2.3474550367640012e+00
250100,2.2256406085559269e+02,2.3474550367632050e+00
250200,2.2256406085457900e+02,2.3474550367612270e+00
250300,2.2256406085410401e+02,2.3474550367603002e+00
250400,2.2256406085279329e+02,2.3474550367577423e+00
250500,2.2256406085220351e+02,2.3474550367565916e+00
250600,2.2256406085084970e+02,2.3474550367539497e+00
250700,2.2256406084997840e+02,2.3474550367522498e+00
250800,2.2256406084960989e+02,2.3474550367515303e+00
250900,2.2256406084919561e+02,2.3474550367507221e+00
251000,2.2256406084806599e+02,2.3474550367485181e+00
251100,2.2256406084671860e+02,2.3474550367458886e+00
251200,2.2256406084556150e+02,2.3474550367436309e+00
251300,2.2256406084491189e+02,2.3474550367423630e+00
251400,2.2256406084411100e+02,2.3474550367408002e+00
251500,2.2256406084283191e+02,2.3474550367383045e+00
251600,2.2256406084253510e+02,2.3474550367377254e+00
251700,2.2256406084217591e+02,2.3474550367370246e+00
251800,2.2256406084182160e+02,2.3474550367363332e+00
251900,2.2256406084103719e+02,2.3474550367348024e+00
252000,2.2256406084039139e+02,2.3474550367335421e+00
252100,2.2256406083972340e+02,2.3474550367322387e+00
252200,2.2256406083941781e+02,2.3474550367316427e+00
252300,2.2256406083855359e+02,2.3474550367299560e+00
252400,2.2256406083810271e+02,2.3474550367290763e+00
252500,2.2256406083716399e+02,2.3474550367272444e+00
252600,2.2256406083678229e+02,2.3474550367264997e+00
252700,2.2256406083665391e+02,2.3474550367262492e+00
252800,2.2256406083592299e+02,2.3474550367248228e+00
252900,2.2256406083528151e+02,2.3474550367235714e+00
253000,2.2256406083435260e+02,2.3474550367217586e+00
253100,2.2256406083151501e+02,2.3474550367162217e+00
253200,2.2256406083151501e+02,2.3474550367162217e+00
253300,2.2256406083140931e+02,2.3474550367160152e+00
253400,2.2256406083072119e+02,2.3474550367146727e+00
253500,2.2256406082964301e+02,2.3474550367125686e+00
253600,2.2256406082831680e+02,2.3474550367099809e+00
253700,2.2256406082664799e+02,2.3474550367067244e+00
253800,2.2256406082621919e+02,2.3474550367058877e+00
253900,2.2256406082570669e+02,2.3474550367048876e+00
254000,2.2256406082389981e+02,2.3474550367013620e+00
254100,2.2256406082292460e+02,2.3474550366994591e+00
254200,2.2256406082240659e+02,2.3474550366984479e+00
254300,2.2256406082212800e+02,2.3474550366979043e+00
254400,2.2256406082064680e+02,2.3474550366950142e+00
254500,2.2256406081963769e+02,2.3474550366930451e+00
254600,2.2256406081948560e+02,2.3474550366927485e+00
254700,2.2256406081831940e+02,2.3474550366904725e+00
254800,2.2256406081732700e+02,2.3474550366885363e+00
254900,2.2256406081732700e+02,2.3474550366885363e+00
255000,2.2256406081728690e+02,2.3474550366884581e+00
255100,2.2256406081637439e+02,2.3474550366866773e+00
255200,2.2256406081631940e+02,2.3474550366865699e+00
255300,2.2256406081587650e+02,2.3474550366857057e+00
255400,2.2256406081550679e+02,2.3474550366849845e+00
255500,2.2256406081409301e+02,2.3474550366822258e+00
255600,2.2256406081409301e+02,2.3474550366822258e+00
255700,2.2256406081409301e+02,2.3474550366822258e+00
255800,2.2256406081369411e+02,2.3474550366814473e+00
255900,2.2256406081314401e+02,2.3474550366803739e+00
256000,2.2256406081242500e+02,2.3474550366789706e+00
256100,2.2256406081204321e+02,2.3474550366782259e+00
256200,2.2256406081170999e+02,2.3474550366775757e+00
256300,2.2256406081098800e+02,2.3474550366761666e+00
256400,2.2256406081036539e+02,2.3474550366749520e+00
256500,2.2256406081021760e+02,2.3474550366746634e+00
256600,2.2256406080978741e+02,2.3474550366738240e+00
256700,2.2256406080952729e+02,2.3474550366733165e+00
256800,2.2256406080930040e+02,2.3474550366728737e+00
256900,2.2256406080868331e+02,2.3474550366716693e+00
257000,2.2256406080863781e+02,2.3474550366715810e+00
257100,2.2256406080852980e+02,2.3474550366713700e+00
257200,2.2256406080791979e+02,2.3474550366701799e+00
257300,2.2256406080782199e+02,2.3474550366699889e+00
257400,2.2256406080736770e+02,2.3474550366691025e+00
257500,2.2256406080736770e+02,2.3474550366691025e+00
257600,2.2256406080699529e+02,2.3474550366683755e+00
257700,2.2256406080632220e+02,2.3474550366670623e+00
257800,2.2256406080622631e+02,2.3474550366668749e+00
257900,2.2256406080584591e+02,2.3474550366661329e+00
258000,2.2256406080532520e+02,2.3474550366651168e+00
258100,2.2256406080433820e+02,2.3474550366631908e+00
258200,2.2256406080433820e+02,2.3474550366631908e+00
258300,2.2256406080426859e+02,2.3474550366630549e+00
258400,2.2256406080423309e+02,2.3474550366629856e+00
258500,2.2256406080343911e+02,2.3474550366614362e+00
258600,2.2256406080307599e+02,2.3474550366607279e+00
258700,2.2256406080293121e+02,2.3474550366604454e+00
258800,2.2256406080230610e+02,2.3474550366592255e+00
258900,2.2256406080172300e+02,2.3474550366580877e+00
259000,2.2256406080095761e+02,2.3474550366565943e+00
259100,2.2256406080064579e+02,2.3474550366559859e+00
259200,2.2256406079985899e+02,2.3474550366544507e+00
259300,2.2256406079927899e+02,2.3474550366533187e+00
259400,2.2256406079869700e+02,2.3474550366521831e+00
259500,2.2256406079839670e+02,2.3474550366515969e+00
259600,2.2256406079839670e+02,2.3474550366515969e+00
259700,2.2256406079802579e+02,2.3474550366508731e+00
259800,2.2256406079749300e+02,2.3474550366498335e+00
259900,2.2256406079713659e+02,2.3474550366491380e+00
260000,2.2256406079687460e+02,2.3474550366486269e+00
260100,2.2256406079635440e+02,2.3474550366476117e+00
260200,2.2256406079610699e+02,2.3474550366471290e+00
260300,2.2256406079504339e+02,2.3474550366450537e+00
260400,2.2256406079497259e+02,2.3474550366449156e+00
260500,2.2256406079497259e+02,2.3474550366449156e+00
260600,2.2256406079470531e+02,2.3474550366443938e+00
260700,2.2256406079442471e+02,2.3474550366438462e+00
260800,2.2256406079361159e+02,2.3474550366422595e+00
260900,2.2256406079361159e+02,2.3474550366422595e+00
261000,2.2256406079291011e+02,2.3474550366408908e+00
261100,2.2256406079253301e+02,2.3474550366401550e+00
261200,2.2256406079226369e+02,2.3474550366396296e+00
261300,2.2256406079165049e+02,2.3474550366384328e+00
261400,2.2256406079102979e+02,2.3474550366372218e+00
261500,2.2256406079046090e+02,2.3474550366361115e+00
261600,2.2256406079000229e+02,2.3474550366352167e+00
261700,2.2256406078940699e+02,2.3474550366340554e+00
261800,2.2256406078882469e+02,2.3474550366329190e+00
261900,2.2256406078882469e+02,2.3474550366329190e+00
262000,2.2256406078851160e+02,2.3474550366323079e+00
262100,2.2256406078815121e+02,2.3474550366316049e+00
262200,2.2256406078774739e+02,2.3474550366308167e+00
262300,2.2256406078690799e+02,2.3474550366291789e+00
262400,2.2256406078670170e+02,2.3474550366287765e+00
262500,2.2256406078597121e+02,2.3474550366273510e+00
262600,2.2256406078597121e+02,2.3474550366273510e+00
262700,2.2256406078553869e+02,2.3474550366265068e+00
262800,2.2256406078499501e+02,2.3474550366254459e+00
262900,2.2256406078470471e+02,2.3474550366248796e+00
263000,2.2256406078388000e+02,2.3474550366232703e+00
263100,2.2256406078369511e+02,2.3474550366229097e+00
263200,2.2256406078331901e+02,2.3474550366221756e+00
263300,2.2256406078254830e+02,2.3474550366206715e+00
263400,2.2256406078224839e+02,2.3474550366200866e+00
263500,2.2256406078213669e+02,2.3474550366198685e+00
263600,2.2256406078186819e+02,2.3474550366193445e+00
263700,2.2256406078138821e+02,2.3474550366184079e+00
263800,2.2256406078094869e+02,2.3474550366175504e+00
263900,2.2256406078058939e+02,2.3474550366168492e+00
264000,2.2256406078027860e+02,2.3474550366162426e+00
264100,2.2256406078027860e+02,2.3474550366162426e+00
264200,2.2256406077966810e+02,2.3474550366150515e+00
264300,2.2256406077966810e+02,2.3474550366150515e+00
264400,2.2256406077945371e+02,2.3474550366146332e+00
264500,2.2256406077919971e+02,2.3474550366141376e+00
264600,2.2256406077881661e+02,2.3474550366133897e+00
264700,2.2256406077861450e+02,2.3474550366129954e+00
264800,2.2256406077838531e+02,2.3474550366125482e+00
264900,2.2256406077780480e+02,2.3474550366114157e+00
265000,2.2256406077740030e+02,2.3474550366106262e+00
265100,2.2256406077708581e+02,2.3474550366100124e+00
265200,2.2256406077668680e+02,2.3474550366092339e+00
265300,2.2256406077624251e+02,2.3474550366083671e+00
265400,2.2256406077580530e+02,2.3474550366075140e+00
265500,2.2256406077577321e+02,2.3474550366074514e+00
265600,2.2256406077523499e+02,2.3474550366064011e+00
265700,2.2256406077501359e+02,2.3474550366059690e+00
265800,2.2256406077458271e+02,2.3474550366051283e+00
265900,2.2256406077454520e+02,2.3474550366050551e+00
266000,2.2256406077419021e+02,2.3474550366043623e+00
266100,2.2256406077349379e+02,2.3474550366030034e+00
266200,2.2256406077349379e+02,2.3474550366030034e+00
266300,2.2256406077312801e+02,2.3474550366022897e+00
266400,2.2256406077268821e+02,2.3474550366014313e+00
266500,2.2256406077211611e+02,2.3474550366003153e+00
266600,2.2256406077185989e+02,2.3474550365998152e+00
266700,2.2256406077133940e+02,2.3474550365987996e+00
266800,2.2256406077051591e+02,2.3474550365971925e+00
266900,2.2256406077034401e+02,2.3474550365968572e+00
267000,2.2256406077034259e+02,2.3474550365968545e+00
267100,2.2256406076990081e+02,2.3474550365959925e+00
267200,2.2256406076935420e+02,2.3474550365949258e+00
267300,2.2256406076840020e+02,2.3474550365930642e+00
267400,2.2256406076832201e+02,2.3474550365929114e+00
267500,2.2256406076783969e+02,2.3474550365919704e+00
267600,2.2256406076777941e+02,2.3474550365918527e+00
267700,2.2256406076735880e+02,2.3474550365910321e+00
267800,2.2256406076735880e+02,2.3474550365910321e+00
267900,2.2256406076698730e+02,2.3474550365903073e+00
268000,2.2256406076690101e+02,2.3474550365901385e+00
268100,2.2256406076628630e+02,2.3474550365889391e+00
268200,2.2256406076628630e+02,2.3474550365889391e+00
268300,2.2256406076596451e+02,2.3474550365883116e+00
268400,2.2256406076578861e+02,2.3474550365879683e+00
268500,2.2256406076556300e+02,2.3474550365875277e+00
268600,2.2256406076533000e+02,2.3474550365870730e+00
268700,2.2256406076495389e+02,2.3474550365863394e+00
268800,2.2256406076482429e+02,2.3474550365860862e+00
268900,2.2256406076448931e+02,2.3474550365854325e+00
269000,2.2256406076428470e+02,2.3474550365850333e+00
269100,2.2256406076391389e+02,2.3474550365843099e+00
269200,2.2256406076333749e+02,2.3474550365831850e+00
269300,2.2256406076333749e+02,2.3474550365831850e+00
269400,2.2256406076306001e+02,2.3474550365826437e+00
269500,2.2256406076275059e+02,2.3474550365820401e+00
269600,2.2256406076248939e+02,2.3474550365815303e+00
269700,2.2256406076216300e+02,2.3474550365808935e+00
269800,2.2256406076201031e+02,2.3474550365805955e+00
269900,2.2256406076130969e+02,2.3474550365792282e+00
270000,2.2256406076130969e+02,2.3474550365792282e+00
270100,2.2256406076120720e+02,2.3474550365790283e+00
270200,2.2256406076114939e+02,2.3474550365789155e+00
270300,2.2256406076080319e+02,2.3474550365782401e+00
270400,2.2256406076053531e+02,2.3474550365777174e+00
270500,2.2256406076010879e+02,2.3474550365768851e+00
270600,2.2256406076006439e+02,2.3474550365767981e+00
270700,2.2256406075955371e+02,2.3474550365758020e+00
270800,2.2256406075943531e+02,2.3474550365755706e+00
270900,2.2256406075905031e+02,2.3474550365748197e+00
271000,2.2256406075863831e+02,2.3474550365740154e+00
271100,2.2256406075854670e+02,2.3474550365738369e+00
271200,2.2256406075780981e+02,2.3474550365723990e+00
271300,2.2256406075780981e+02,2.3474550365723990e+00
271400,2.2256406075780981e+02,2.3474550365723990e+00
271500,2.2256406075774251e+02,2.3474550365722675e+00
271600,2.2256406075761021e+02,2.3474550365720095e+00
271700,2.2256406075724180e+02,2.3474550365712905e+00
271800,2.2256406075724180e+02,2.3474550365712905e+00
271900,2.2256406075687909e+02,2.3474550365705826e+00
272000,2.2256406075681730e+02,2.3474550365704623e+00
272100,2.2256406075666041e+02,2.3474550365701559e+00
272200,2.2256406075651671e+02,2.3474550365698756e+00
272300,2.2256406075633700e+02,2.3474550365695248e+00
272400,2.2256406075621339e+02,2.3474550365692837e+00
272500,2.2256406075598531e+02,2.3474550365688387e+00
272600,2.2256406075585761e+02,2.3474550365685896e+00
272700,2.2256406075568299e+02,2.3474550365682489e+00
272800,2.2256406075565101e+02,2.3474550365681863e+00
272900,2.2256406075512180e+02,2.3474550365671538e+00
273000,2.2256406075508770e+02,2.3474550365670872e+00
273100,2.2256406075491279e+02,2.3474550365667457e+00
273200,2.2256406075471159e+02,2.3474550365663531e+00
273300,2.2256406075445969e+02,2.3474550365658615e+00
273400,2.2256406075438940e+02,2.3474550365657247e+00
273500,2.2256406075405329e+02,2.3474550365650688e+00
273600,2.2256406075384530e+02,2.3474550365646629e+00
273700,2.2256406075363250e+02,2.3474550365642477e+00
273800,2.2256406075343739e+02,2.3474550365638667e+00
273900,2.2256406075310721e+02,2.3474550365632227e+00
274000,2.2256406075271931e+02,2.3474550365624656e+00
274100,2.2256406075263610e+02,2.3474550365623035e+00
274200,2.2256406075229421e+02,2.3474550365616360e+00
274300,2.2256406075173120e+02,2.3474550365605373e+00
274400,2.2256406075172691e+02,2.3474550365605293e+00
274500,2.2256406075143599e+02,2.3474550365599613e+00
274600,2.2256406075085170e+02,2.3474550365588214e+00
274700,2.2256406075065701e+02,2.3474550365584412e+00
274800,2.2256406075047650e+02,2.3474550365580891e+00
274900,2.2256406075034079e+02,2.3474550365578244e+00
275000,2.2256406074991401e+02,2.3474550365569917e+00
275100,2.2256406074952969e+02,2.3474550365562417e+00
275200,2.2256406074951539e+02,2.3474550365562137e+00
275300,2.2256406074923581e+02,2.3474550365556683e+00
275400,2.2256406074910859e+02,2.3474550365554201e+00
275500,2.2256406074880351e+02,2.3474550365548246e+00
275600,2.2256406074860070e+02,2.3474550365544289e+00
275700,2.2256406074845520e+02,2.3474550365541451e+00
275800,2.2256406074813049e+02,2.3474550365535114e+00
275900,2.2256406074777561e+02,2.3474550365528191e+00
276000,2.2256406074770419e+02,2.3474550365526796e+00
276100,2.2256406074744399e+02,2.3474550365521720e+00
276200,2.2256406074742020e+02,2.3474550365521254e+00
276300,2.2256406074729199e+02,2.3474550365518754e+00
276400,2.2256406074698180e+02,2.3474550365512701e+00
276500,2.2256406074686649e+02,2.3474550365510449e+00
276600,2.2256406074686129e+02,2.3474550365510347e+00
276700,2.2256406074670139e+02,2.3474550365507230e+00
276800,2.2256406074653549e+02,2.3474550365503992e+00
276900,2.2256406074636999e+02,2.3474550365500759e+00
277000,2.2256406074631079e+02,2.3474550365499605e+00
277100,2.2256406074599931e+02,2.3474550365493529e+00
277200,2.2256406074579951e+02,2.3474550365489630e+00
277300,2.2256406074554820e+02,2.3474550365484723e+00
277400,2.2256406074554820e+02,2.3474550365484723e+00
277500,2.2256406074546160e+02,2.3474550365483036e+00
277600,2.2256406074511071e+02,2.3474550365476188e+00
277700,2.2256406074487359e+02,2.3474550365471560e+00
277800,2.2256406074476351e+02,2.3474550365469415e+00
277900,2.2256406074462191e+02,2.3474550365466649e+00
278000,2.2256406074430879e+02,2.3474550365460538e+00
278100,2.2256406074397819e+02,2.3474550365454090e+00
278200,2.2256406074369281e+02,2.3474550365448521e+00
278300,2.2256406074347001e+02,2.3474550365444173e+00
278400,2.2256406074321441e+02,2.3474550365439186e+00
278500,2.2256406074315899e+02,2.3474550365438103e+00
278600,2.2256406074305849e+02,2.3474550365436144e+00
278700,2.2256406074260170e+02,2.3474550365427231e+00
278800,2.2256406074258919e+02,2.3474550365426987e+00
278900,2.2256406074202599e+02,2.3474550365415996e+00
279000,2.2256406074202599e+02,2.3474550365415996e+00
279100,2.2256406074202599e+02,2.3474550365415996e+00
279200,2.2256406074191901e+02,2.3474550365413909e+00
279300,2.2256406074158420e+02,2.3474550365407376e+00
279400,2.2256406074137499e+02,2.3474550365403291e+00
279500,2.2256406074137499e+02,2.3474550365403291e+00
279600,2.2256406074114400e+02,2.3474550365398783e+00
279700,2.2256406074073271e+02,2.3474550365390758e+00
279800,2.2256406074073271e+02,2.3474550365390758e+00
279900,2.2256406074052731e+02,2.3474550365386753e+00
280000,2.2256406074018949e+02,2.3474550365380158e+00
280100,2.2256406074018949e+02,2.3474550365380158e+00
280200,2.2256406073984900e+02,2.3474550365373514e+00
280300,2.2256406073973449e+02,2.3474550365371281e+00
280400,2.2256406073930771e+02,2.3474550365362954e+00
280500,2.2256406073912561e+02,2.3474550365359401e+00
280600,2.2256406073891529e+02,2.3474550365355293e+00
280700,2.2256406073880399e+02,2.3474550365353122e+00
280800,2.2256406073857329e+02,2.3474550365348623e+00
280900,2.2256406073830661e+02,2.3474550365343418e+00
281000,2.2256406073830661e+02,2.3474550365343418e+00
281100,2.2256406073802501e+02,2.3474550365337925e+00
281200,2.2256406073775381e+02,2.3474550365332632e+00
281300,2.2256406073755119e+02,2.3474550365328679e+00
281400,2.2256406073723059e+02,2.3474550365322422e+00
281500,2.2256406073712719e+02,2.3474550365320406e+00
281600,2.2256406073677320e+02,2.3474550365313496e+00
281700,2.2256406073665769e+02,2.3474550365311244e+00
281800,2.2256406073652579e+02,2.3474550365308668e+00
281900,2.2256406073628341e+02,2.3474550365303939e+00
282000,2.2256406073620931e+02,2.3474550365302491e+00
282100,2.2256406073598120e+02,2.3474550365298041e+00
282200,2.2256406073595500e+02,2.3474550365297531e+00
282300,2.2256406073570520e+02,2.3474550365292655e+00
282400,2.2256406073560720e+02,2.3474550365290745e+00
282500,2.2256406073549081e+02,2.3474550365288471e+00
282600,2.2256406073535641e+02,2.3474550365285851e+00
282700,2.2256406073527251e+02,2.3474550365284212e+00
282800,2.2256406073501219e+02,2.3474550365279132e+00
282900,2.2256406073476819e+02,2.3474550365274371e+00
283000,2.2256406073438529e+02,2.3474550365266902e+00
283100,2.2256406073413541e+02,2.3474550365262026e+00
283200,2.2256406073412310e+02,2.3474550365261786e+00
283300,2.2256406073396241e+02,2.3474550365258651e+00
283400,2.2256406073382249e+02,2.3474550365255920e+00
283500,2.2256406073362299e+02,2.3474550365252025e+00
283600,2.2256406073355899e+02,2.3474550365250777e+00
283700,2.2256406073336851e+02,2.3474550365247060e+00
283800,2.2256406073326639e+02,2.3474550365245066e+00
283900,2.2256406073306300e+02,2.3474550365241100e+00
284000,2.2256406073287869e+02,2.3474550365237503e+00
284100,2.2256406073265501e+02,2.3474550365233138e+00
284200,2.2256406073245580e+02,2.3474550365229252e+00
284300,2.2256406073237670e+02,2.3474550365227707e+00
284400,2.2256406073199560e+02,2.3474550365220268e+00
284500,2.2256406073196669e+02,2.3474550365219704e+00
284600,2.2256406073180230e+02,2.3474550365216498e+00
284700,2.2256406073154039e+02,2.3474550365211386e+00
284800,2.2256406073141781e+02,2.3474550365208997e+00
284900,2.2256406073114749e+02,2.3474550365203721e+00
285000,2.2256406073112521e+02,2.3474550365203286e+00
285100,2.2256406073086151e+02,2.3474550365198139e+00
285200,2.2256406073071750e+02,2.3474550365195328e+00
285300,2.2256406073043971e+02,2.3474550365189910e+00
285400,2.2256406073019230e+02,2.3474550365185083e+00
285500,2.2256406072997581e+02,2.3474550365180855e+00
285600,2.2256406072958950e+02,2.3474550365173319e+00
285700,2.2256406072952649e+02,2.3474550365172089e+00
285800,2.2256406072928669e+02,2.3474550365167413e+00
285900,2.2256406072928669e+02,2.3474550365167413e+00
286000,2.2256406072893699e+02,2.3474550365160587e+00
286100,2.2256406072873699e+02,2.3474550365156683e+00
286200,2.2256406072863820e+02,2.3474550365154756e+00
286300,2.2256406072850999e+02,2.3474550365152256e+00
286400,2.2256406072822321e+02,2.3474550365146660e+00
286500,2.2256406072778699e+02,2.3474550365138147e+00
286600,2.2256406072767280e+02,2.3474550365135918e+00
286700,2.2256406072751361e+02,2.3474550365132814e+00
286800,2.2256406072751361e+02,2.3474550365132814e+00
286900,2.2256406072728461e+02,2.3474550365128342e+00
287000,2.2256406072724999e+02,2.3474550365127667e+00
287100,2.2256406072704200e+02,2.3474550365123608e+00
287200,2.2256406072695299e+02,2.3474550365121871e+00
287300,2.2256406072677419e+02,2.3474550365118385e+00
287400,2.2256406072677419e+02,2.3474550365118385e+00
287500,2.2256406072656819e+02,2.3474550365114362e+00
287600,2.2256406072646661e+02,2.3474550365112381e+00
287700,2.2256406072630651e+02,2.3474550365109259e+00
287800,2.2256406072609781e+02,2.3474550365105187e+00
287900,2.2256406072602400e+02,2.3474550365103743e+00
288000,2.2256406072586881e+02,2.3474550365100715e+00
288100,2.2256406072545269e+02,2.3474550365092597e+00
288200,2.2256406072545269e+02,2.3474550365092597e+00
288300,2.2256406072545269e+02,2.3474550365092597e+00
288400,2.2256406072540719e+02,2.3474550365091709e+00
288500,2.2256406072534921e+02,2.3474550365090576e+00
288600,2.2256406072522350e+02,2.3474550365088125e+00
288700,2.2256406072505999e+02,2.3474550365084932e+00
288800,2.2256406072496770e+02,2.3474550365083133e+00
288900,2.2256406072488829e+02,2.3474550365081583e+00
289000,2.2256406072465870e+02,2.3474550365077103e+00
289100,2.2256406072453859e+02,2.3474550365074758e+00
289200,2.2256406072447820e+02,2.3474550365073581e+00
289300,2.2256406072424900e+02,2.3474550365069109e+00
289400,2.2256406072418099e+02,2.3474550365067781e+00
289500,2.2256406072407029e+02,2.3474550365065623e+00
289600,2.2256406072392039e+02,2.3474550365062696e+00
289700,2.2256406072376879e+02,2.3474550365059739e+00
289800,2.2256406072374440e+02,2.3474550365059264e+00
289900,2.2256406072366710e+02,2.3474550365057754e+00
290000,2.2256406072357191e+02,2.3474550365055897e+00
290100,2.2256406072352459e+02,2.3474550365054974e+00
290200,2.2256406072352459e+02,2.3474550365054974e+00
290300,2.2256406072321701e+02,2.3474550365048970e+00
290400,2.2256406072314121e+02,2.3474550365047491e+00
290500,2.2256406072314121e+02,2.3474550365047491e+00
290600,2.2256406072293800e+02,2.3474550365043525e+00
290700,2.2256406072290881e+02,2.3474550365042957e+00
290800,2.2256406072268061e+02,2.3474550365038502e+00
290900,2.2256406072256439e+02,2.3474550365036237e+00
291000,2.2256406072231999e+02,2.3474550365031468e+00
291100,2.2256406072213761e+02,2.3474550365027911e+00
291200,2.2256406072209001e+02,2.3474550365026978e+00
291300,2.2256406072188071e+02,2.3474550365022897e+00
291400,2.2256406072172129e+02,2.3474550365019784e+00
291500,2.2256406072169511e+02,2.3474550365019273e+00
291600,2.2256406072156659e+02,2.3474550365016764e+00
291700,2.2256406072144270e+02,2.3474550365014348e+00
291800,2.2256406072108399e+02,2.3474550365007349e+00
291900,2.2256406072108399e+02,2.3474550365007349e+00
292000,2.2256406072093660e+02,2.3474550365004472e+00
292100,2.2256406072093230e+02,2.3474550365004387e+00
292200,2.2256406072085451e+02,2.3474550365002873e+00
292300,2.2256406072073150e+02,2.3474550365000471e+00
292400,2.2256406072062740e+02,2.3474550364998441e+00
292500,2.2256406072048901e+02,2.3474550364995741e+00
292600,2.2256406072038820e+02,2.3474550364993774e+00
292700,2.2256406072034750e+02,2.3474550364992979e+00
292800,2.2256406072027221e+02,2.3474550364991509e+00
292900,2.2256406072014741e+02,2.3474550364989075e+00
293000,2.2256406072010080e+02,2.3474550364988165e+00
293100,2.2256406072000189e+02,2.3474550364986233e+00
293200,2.2256406071971739e+02,2.3474550364980682e+00
293300,2.2256406071955280e+02,2.3474550364977471e+00
293400,2.2256406071941461e+02,2.3474550364974776e+00
293500,2.2256406071920671e+02,2.3474550364970717e+00
293600,2.2256406071901301e+02,2.3474550364966937e+00
293700,2.2256406071872240e+02,2.3474550364961266e+00
293800,2.2256406071872240e+02,2.3474550364961266e+00
293900,2.2256406071851700e+02,2.3474550364957261e+00
294000,2.2256406071835681e+02,2.3474550364954134e+00
294100,2.2256406071824310e+02,2.3474550364951914e+00
294200,2.2256406071810281e+02,2.3474550364949178e+00
294300,2.2256406071788501e+02,2.3474550364944928e+00
294400,2.2256406071749191e+02,2.3474550364937254e+00
294500,2.2256406071749191e+02,2.3474550364937254e+00
294600,2.2256406071738570e+02,2.3474550364935185e+00
294700,2.2256406071733679e+02,2.3474550364934230e+00
294800,2.2256406071715261e+02,2.3474550364930638e+00
294900,2.2256406071708150e+02,2.3474550364929248e+00
295000,2.2256406071677679e+02,2.3474550364923301e+00
295100,2.2256406071669539e+02,2.3474550364921711e+00
295200,2.2256406071659879e+02,2.3474550364919828e+00
295300,2.2256406071642550e+02,2.3474550364916449e+00
295400,2.2256406071628660e+02,2.3474550364913735e+00
295500,2.2256406071616630e+02,2.3474550364911391e+00
295600,2.2256406071608541e+02,2.3474550364909810e+00
295700,2.2256406071601899e+02,2.3474550364908513e+00
295800,2.2256406071589549e+02,2.3474550364906106e+00
295900,2.2256406071578519e+02,2.3474550364903952e+00
296000,2.2256406071564999e+02,2.3474550364901314e+00
296100,2.2256406071561400e+02,2.3474550364900613e+00
296200,2.2256406071558351e+02,2.3474550364900018e+00
296300,2.2256406071544481e+02,2.3474550364897309e+00
296400,2.2256406071536799e+02,2.3474550364895812e+00
296500,2.2256406071531640e+02,2.3474550364894804e+00
296600,2.2256406071520021e+02,2.3474550364892539e+00
296700,2.2256406071516130e+02,2.3474550364891780e+00
296800,2.2256406071504529e+02,2.3474550364889515e+00
296900,2.2256406071504529e+02,2.3474550364889515e+00
297000,2.2256406071494601e+02,2.3474550364887579e+00
297100,2.2256406071474450e+02,2.3474550364883644e+00
297200,2.2256406071474450e+02,2.3474550364883644e+00
297300,2.2256406071474450e+02,2.3474550364883644e+00
297400,2.2256406071457701e+02,2.3474550364880375e+00
297500,2.2256406071454501e+02,2.3474550364879754e+00
297600,2.2256406071453239e+02,2.3474550364879505e+00
297700,2.2256406071444121e+02,2.3474550364877729e+00
297800,2.2256406071435731e+02,2.3474550364876090e+00
297900,2.2256406071426230e+02,2.3474550364874234e+00
298000,2.2256406071424200e+02,2.3474550364873839e+00
298100,2.2256406071405740e+02,2.3474550364870237e+00
298200,2.2256406071402080e+02,2.3474550364869522e+00
298300,2.2256406071393599e+02,2.3474550364867870e+00
298400,2.2256406071385851e+02,2.3474550364866356e+00
298500,2.2256406071372859e+02,2.3474550364863820e+00
298600,2.2256406071370179e+02,2.3474550364863300e+00
298700,2.2256406071352080e+02,2.3474550364859765e+00
298800,2.2256406071343241e+02,2.3474550364858042e+00
298900,2.2256406071335400e+02,2.3474550364856510e+00
299000,2.2256406071305969e+02,2.3474550364850768e+00
299100,2.2256406071303289e+02,2.3474550364850244e+00
299200,2.2256406071284141e+02,2.3474550364846509e+00
299300,2.2256406071275401e+02,2.3474550364844804e+00
299400,2.2256406071266221e+02,2.3474550364843014e+00
299500,2.2256406071253949e+02,2.3474550364840616e+00
299600,2.2256406071228699e+02,2.3474550364835691e+00
299700,2.2256406071225069e+02,2.3474550364834985e+00
299800,2.2256406071210591e+02,2.3474550364832156e+00
299900,2.2256406071210520e+02,2.3474550364832143e+00
300000,2.2256406071193101e+02,2.3474550364828746e+00
300100,2.2256406071185961e+02,2.3474550364827351e+00
300200,2.2256406071172390e+02,2.3474550364824704e+00
300300,2.2256406071150349e+02,2.3474550364820401e+00
300400,2.2256406071137670e+02,2.3474550364817928e+00
300500,2.2256406071137670e+02,2.3474550364817928e+00
300600,2.2256406071123320e+02,2.3474550364815130e+00
300700,2.2256406071116450e+02,2.3474550364813789e+00
300800,2.2256406071103740e+02,2.3474550364811306e+00
300900,2.2256406071098630e+02,2.3474550364810312e+00
301000,2.2256406071086460e+02,2.3474550364807936e+00
301100,2.2256406071077231e+02,2.3474550364806137e+00
301200,2.2256406071066141e+02,2.3474550364803970e+00
301300,2.2256406071053269e+02,2.3474550364801461e+00
301400,2.2256406071047201e+02,2.3474550364800275e+00
301500,2.2256406071032200e+02,2.3474550364797349e+00
301600,2.2256406071025120e+02,2.3474550364795967e+00
301700,2.2256406071000040e+02,2.3474550364791074e+00
301800,2.2256406070990940e+02,2.3474550364789297e+00
301900,2.2256406070976121e+02,2.3474550364786406e+00
302000,2.2256406070957951e+02,2.3474550364782858e+00
302100,2.2256406070949501e+02,2.3474550364781210e+00
302200,2.2256406070934739e+02,2.3474550364778328e+00
302300,2.2256406070916071e+02,2.3474550364774687e+00
302400,2.2256406070909901e+02,2.3474550364773483e+00
302500,2.2256406070909901e+02,2.3474550364773483e+00
302600,2.2256406070896500e+02,2.3474550364770868e+00
302700,2.2256406070892851e+02,2.3474550364770157e+00
302800,2.2256406070882699e+02,2.3474550364768176e+00
302900,2.2256406070882699e+02,2.3474550364768176e+00
303000,2.2256406070874999e+02,2.3474550364766671e+00
303100,2.2256406070864799e+02,2.3474550364764681e+00
303200,2.2256406070861729e+02,2.3474550364764082e+00
303300,2.2256406070854180e+02,2.3474550364762612e+00
303400,2.2256406070847899e+02,2.3474550364761386e+00
303500,2.2256406070839060e+02,2.3474550364759659e+00
303600,2.2256406070834581e+02,2.3474550364758784e+00
303700,2.2256406070825551e+02,2.3474550364757025e+00
303800,2.2256406070818821e+02,2.3474550364755711e+00
303900,2.2256406070813301e+02,2.3474550364754632e+00
304000,2.2256406070803811e+02,2.3474550364752780e+00
304100,2.2256406070792289e+02,2.3474550364750533e+00
304200,2.2256406070779741e+02,2.3474550364748086e+00
304300,2.2256406070777641e+02,2.3474550364747677e+00
304400,2.2256406070756901e+02,2.3474550364743627e+00
304500,2.2256406070747471e+02,2.3474550364741789e+00
304600,2.2256406070744919e+02,2.3474550364741291e+00
304700,2.2256406070734559e+02,2.3474550364739271e+00
304800,2.2256406070729699e+02,2.3474550364738320e+00
304900,2.2256406070713160e+02,2.3474550364735092e+00
305000,2.2256406070696221e+02,2.3474550364731788e+00
305100,2.2256406070678170e+02,2.3474550364728266e+00
305200,2.2256406070674171e+02,2.3474550364727484e+00
305300,2.2256406070666139e+02,2.3474550364725917e+00
305400,2.2256406070645559e+02,2.3474550364721902e+00
305500,2.2256406070637721e+02,2.3474550364720370e+00
305600,2.2256406070634699e+02,2.3474550364719784e+00
305700,2.2256406070627261e+02,2.3474550364718332e+00
305800,2.2256406070619960e+02,2.3474550364716906e+00
305900,2.2256406070595949e+02,2.3474550364712221e+00
306000,2.2256406070595949e+02,2.3474550364712221e+00
306100,2.2256406070583500e+02,2.3474550364709792e+00
306200,2.2256406070568960e+02,2.3474550364706954e+00
306300,2.2256406070549880e+02,2.3474550364703233e+00
306400,2.2256406070529150e+02,2.3474550364699187e+00
306500,2.2256406070529081e+02,2.3474550364699174e+00
306600,2.2256406070515399e+02,2.3474550364696505e+00
306700,2.2256406070496590e+02,2.3474550364692832e+00
306800,2.2256406070466190e+02,2.3474550364686899e+00
306900,2.2256406070458070e+02,2.3474550364685318e+00
307000,2.2256406070426829e+02,2.3474550364679221e+00
307100,2.2256406070407101e+02,2.3474550364675371e+00
307200,2.2256406070400701e+02,2.3474550364674123e+00
307300,2.2256406070380299e+02,2.3474550364670139e+00
307400,2.2256406070367419e+02,2.3474550364667626e+00
307500,2.2256406070356101e+02,2.3474550364665419e+00
307600,2.2256406070338130e+02,2.3474550364661915e+00
307700,2.2256406070326830e+02,2.3474550364659708e+00
307800,2.2256406070307531e+02,2.3474550364655942e+00
307900,2.2256406070307119e+02,2.3474550364655862e+00
308000,2.2256406070287861e+02,2.3474550364652105e+00
308100,2.2256406070270529e+02,2.3474550364648721e+00
308200,2.2256406070256230e+02,2.3474550364645932e+00
308300,2.2256406070251160e+02,2.3474550364644942e+00
308400,2.2256406070244751e+02,2.3474550364643689e+00
308500,2.2256406070228510e+02,2.3474550364640523e+00
308600,2.2256406070205369e+02,2.3474550364636007e+00
308700,2.2256406070183630e+02,2.3474550364631765e+00
308800,2.2256406070166349e+02,2.3474550364628390e+00
308900,2.2256406070165579e+02,2.3474550364628244e+00
309000,2.2256406070152801e+02,2.3474550364625748e+00
309100,2.2256406070126150e+02,2.3474550364620548e+00
309200,2.2256406070106411e+02,2.3474550364616698e+00
309300,2.2256406070094201e+02,2.3474550364614313e+00
309400,2.2256406070080300e+02,2.3474550364611599e+00
309500,2.2256406070051841e+02,2.3474550364606048e+00
309600,2.2256406070032449e+02,2.3474550364602265e+00
309700,2.2256406070017621e+02,2.3474550364599369e+00
309800,2.2256406070000531e+02,2.3474550364596034e+00
309900,2.2256406069990950e+02,2.3474550364594164e+00
310000,2.2256406069965061e+02,2.3474550364589115e+00
310100,2.2256406069961579e+02,2.3474550364588436e+00
310200,2.2256406069944251e+02,2.3474550364585052e+00
310300,2.2256406069924671e+02,2.3474550364581233e+00
310400,2.2256406069906441e+02,2.3474550364577675e+00
310500,2.2256406069897099e+02,2.3474550364575855e+00
310600,2.2256406069885270e+02,2.3474550364573545e+00
310700,2.2256406069865579e+02,2.3474550364569704e+00
310800,2.2256406069839400e+02,2.3474550364564593e+00
310900,2.2256406069838300e+02,2.3474550364564379e+00
311000,2.2256406069817200e+02,2.3474550364560263e+00
311100,2.2256406069813741e+02,2.3474550364559588e+00
311200,2.2256406069800141e+02,2.3474550364556932e+00
311300,2.2256406069786399e+02,2.3474550364554254e+00
311400,2.2256406069770901e+02,2.3474550364551230e+00
311500,2.2256406069745910e+02,2.3474550364546349e+00
311600,2.2256406069722601e+02,2.3474550364541802e+00
311700,2.2256406069697439e+02,2.3474550364536895e+00
311800,2.2256406069669649e+02,2.3474550364531468e+00
311900,2.2256406069656200e+02,2.3474550364528848e+00
312000,2.2256406069622221e+02,2.3474550364522218e+00
312100,2.2256406069616449e+02,2.3474550364521090e+00
312200,2.2256406069583841e+02,2.3474550364514726e+00
312300,2.2256406069557400e+02,2.3474550364509565e+00
312400,2.2256406069525721e+02,2.3474550364503384e+00
312500,2.2256406069515600e+02,2.3474550364501412e+00
312600,2.2256406069490160e+02,2.3474550364496447e+00
312700,2.2256406069488980e+02,2.3474550364496216e+00
312800,2.2256406069474380e+02,2.3474550364493365e+00
312900,2.2256406069452120e+02,2.3474550364489022e+00
313000,2.2256406069445671e+02,2.3474550364487765e+00
313100,2.2256406069430599e+02,2.3474550364484825e+00
313200,2.2256406069409920e+02,2.3474550364480788e+00
313300,2.2256406069405440e+02,2.3474550364479914e+00
313400,2.2256406069399739e+02,2.3474550364478803e+00
313500,2.2256406069385571e+02,2.3474550364476037e+00
313600,2.2256406069375771e+02,2.3474550364474127e+00
313700,2.2256406069360199e+02,2.3474550364471085e+00
313800,2.2256406069335100e+02,2.3474550364466187e+00
313900,2.2256406069321221e+02,2.3474550364463482e+00
314000,2.2256406069297500e+02,2.3474550364458850e+00
314100,2.2256406069290281e+02,2.3474550364457443e+00
314200,2.2256406069271591e+02,2.3474550364453797e+00
314300,2.2256406069265699e+02,2.3474550364452647e+00
314400,2.2256406069248439e+02,2.3474550364449280e+00
314500,2.2256406069215879e+02,2.3474550364442925e+00
314600,2.2256406069215879e+02,2.3474550364442925e+00
314700,2.2256406069215879e+02,2.3474550364442925e+00
314800,2.2256406069208970e+02,2.3474550364441575e+00
314900,2.2256406069191030e+02,2.3474550364438076e+00
315000,2.2256406069191030e+02,2.3474550364438076e+00
315100,2.2256406069185849e+02,2.3474550364437063e+00
315200,2.2256406069166681e+02,2.3474550364433324e+00
315300,2.2256406069153999e+02,2.3474550364430851e+00
315400,2.2256406069139479e+02,2.3474550364428017e+00
315500,2.2256406069130699e+02,2.3474550364426303e+00
315600,2.2256406069125930e+02,2.3474550364425375e+00
315700,2.2256406069113100e+02,2.3474550364422870e+00
315800,2.2256406069098719e+02,2.3474550364420064e+00
315900,2.2256406069087001e+02,2.3474550364417777e+00
316000,2.2256406069073250e+02,2.3474550364415094e+00
316100,2.2256406069069541e+02,2.3474550364414370e+00
316200,2.2256406069055001e+02,2.3474550364411533e+00
316300,2.2256406069035529e+02,2.3474550364407731e+00
316400,2.2256406069017629e+02,2.3474550364404241e+00
316500,2.2256406069008679e+02,2.3474550364402496e+00
316600,2.2256406068994670e+02,2.3474550364399760e+00
316700,2.2256406068979700e+02,2.3474550364396838e+00
316800,2.2256406068969821e+02,2.3474550364394910e+00
316900,2.2256406068958859e+02,2.3474550364392770e+00
317000,2.2256406068942169e+02,2.3474550364389515e+00
317100,2.2256406068942059e+02,2.3474550364389493e+00
317200,2.2256406068921049e+02,2.3474550364385394e+00
317300,2.2256406068914160e+02,2.3474550364384048e+00
317400,2.2256406068900790e+02,2.3474550364381441e+00
317500,2.2256406068891559e+02,2.3474550364379638e+00
317600,2.2256406068881481e+02,2.3474550364377671e+00
317700,2.2256406068877001e+02,2.3474550364376801e+00
317800,2.2256406068871661e+02,2.3474550364375757e+00
317900,2.2256406068862699e+02,2.3474550364374007e+00
318000,2.2256406068854810e+02,2.3474550364372471e+00
318100,2.2256406068840849e+02,2.3474550364369744e+00
318200,2.2256406068832399e+02,2.3474550364368096e+00
318300,2.2256406068825689e+02,2.3474550364366786e+00
318400,2.2256406068796079e+02,2.3474550364361009e+00
318500,2.2256406068792580e+02,2.3474550364360325e+00
318600,2.2256406068774820e+02,2.3474550364356861e+00
318700,2.2256406068764400e+02,2.3474550364354827e+00
318800,2.2256406068739119e+02,2.3474550364349893e+00
318900,2.2256406068730371e+02,2.3474550364348188e+00
319000,2.2256406068728549e+02,2.3474550364347833e+00
319100,2.2256406068700599e+02,2.3474550364342379e+00
319200,2.2256406068685800e+02,2.3474550364339488e+00
319300,2.2256406068669639e+02,2.3474550364336335e+00
319400,2.2256406068666050e+02,2.3474550364335633e+00
319500,2.2256406068654809e+02,2.3474550364333444e+00
319600,2.2256406068649400e+02,2.3474550364332387e+00
319700,2.2256406068636301e+02,2.3474550364329829e+00
319800,2.2256406068628121e+02,2.3474550364328235e+00
319900,2.2256406068615959e+02,2.3474550364325859e+00
320000,2.2256406068615959e+02,2.3474550364325859e+00
320100,2.2256406068596741e+02,2.3474550364322111e+00
320200,2.2256406068584670e+02,2.3474550364319757e+00
320300,2.2256406068577201e+02,2.3474550364318296e+00
320400,2.2256406068567071e+02,2.3474550364316320e+00
320500,2.2256406068540039e+02,2.3474550364311049e+00
320600,2.2256406068532780e+02,2.3474550364309632e+00
320700,2.2256406068532780e+02,2.3474550364309632e+00
320800,2.2256406068527210e+02,2.3474550364308544e+00
320900,2.2256406068511271e+02,2.3474550364305431e+00
321000,2.2256406068496770e+02,2.3474550364302602e+00
321100,2.2256406068496679e+02,2.3474550364302584e+00
321200,2.2256406068488300e+02,2.3474550364300950e+00
321300,2.2256406068473461e+02,2.3474550364298055e+00
321400,2.2256406068461499e+02,2.3474550364295723e+00
321500,2.2256406068460521e+02,2.3474550364295532e+00
321600,2.2256406068446000e+02,2.3474550364292699e+00
321700,2.2256406068440799e+02,2.3474550364291682e+00
321800,2.2256406068435649e+02,2.3474550364290678e+00
321900,2.2256406068435649e+02,2.3474550364290678e+00
322000,2.2256406068426440e+02,2.3474550364288880e+00
322100,2.2256406068417621e+02,2.3474550364287161e+00
322200,2.2256406068412281e+02,2.3474550364286118e+00
322300,2.2256406068395000e+02,2.3474550364282747e+00
322400,2.2256406068388949e+02,2.3474550364281566e+00
322500,2.2256406068381941e+02,2.3474550364280198e+00
322600,2.2256406068373201e+02,2.3474550364278493e+00
322700,2.2256406068366729e+02,2.3474550364277227e+00
322800,2.2256406068358359e+02,2.3474550364275597e+00
322900,2.2256406068351481e+02,2.3474550364274251e+00
323000,2.2256406068338060e+02,2.3474550364271636e+00
323100,2.2256406068336079e+02,2.3474550364271249e+00
323200,2.2256406068327331e+02,2.3474550364269540e+00
323300,2.2256406068319120e+02,2.3474550364267937e+00
323400,2.2256406068309181e+02,2.3474550364266000e+00
323500,2.2256406068301840e+02,2.3474550364264566e+00
323600,2.2256406068298929e+02,2.3474550364263997e+00
323700,2.2256406068294589e+02,2.3474550364263154e+00
323800,2.2256406068276149e+02,2.3474550364259552e+00
323900,2.2256406068273199e+02,2.3474550364258979e+00
324000,2.2256406068263661e+02,2.3474550364257118e+00
324100,2.2256406068251360e+02,2.3474550364254716e+00
324200,2.2256406068225101e+02,2.3474550364249591e+00
324300,2.2256406068215821e+02,2.3474550364247779e+00
324400,2.2256406068192649e+02,2.3474550364243258e+00
324500,2.2256406068172419e+02,2.3474550364239311e+00
324600,2.2256406068164600e+02,2.3474550364237787e+00
324700,2.2256406068154399e+02,2.3474550364235798e+00
324800,2.2256406068142269e+02,2.3474550364233431e+00
324900,2.2256406068116169e+02,2.3474550364228337e+00
325000,2.2256406068109411e+02,2.3474550364227018e+00
325100,2.2256406068085329e+02,2.3474550364222320e+00
325200,2.2256406068079380e+02,2.3474550364221156e+00
325300,2.2256406068071669e+02,2.3474550364219651e+00
325400,2.2256406068061600e+02,2.3474550364217688e+00
325500,2.2256406068047451e+02,2.3474550364214926e+00
325600,2.2256406068038771e+02,2.3474550364213234e+00
325700,2.2256406068029199e+02,2.3474550364211364e+00
325800,2.2256406068003139e+02,2.3474550364206279e+00
325900,2.2256406067986720e+02,2.3474550364203077e+00
326000,2.2256406067986720e+02,2.3474550364203077e+00
326100,2.2256406067975601e+02,2.3474550364200906e+00
326200,2.2256406067963081e+02,2.3474550364198463e+00
326300,2.2256406067941180e+02,2.3474550364194191e+00
326400,2.2256406067941180e+02,2.3474550364194191e+00
326500,2.2256406067928791e+02,2.3474550364191771e+00
326600,2.2256406067925201e+02,2.3474550364191074e+00
326700,2.2256406067908961e+02,2.3474550364187903e+00
326800,2.2256406067908961e+02,2.3474550364187903e+00
326900,2.2256406067895341e+02,2.3474550364185247e+00
327000,2.2256406067883310e+02,2.3474550364182898e+00
327100,2.2256406067871669e+02,2.3474550364180624e+00
327200,2.2256406067864671e+02,2.3474550364179261e+00
327300,2.2256406067859120e+02,2.3474550364178177e+00
327400,2.2256406067844250e+02,2.3474550364175277e+00
327500,2.2256406067834041e+02,2.3474550364173283e+00
327600,2.2256406067823559e+02,2.3474550364171241e+00
327700,2.2256406067807140e+02,2.3474550364168034e+00
327800,2.2256406067782800e+02,2.3474550364163287e+00
327900,2.2256406067782800e+02,2.3474550364163287e+00
328000,2.2256406067775220e+02,2.3474550364161804e+00
328100,2.2256406067764149e+02,2.3474550364159645e+00
328200,2.2256406067752619e+02,2.3474550364157394e+00
328300,2.2256406067743609e+02,2.3474550364155640e+00
328400,2.2256406067739269e+02,2.3474550364154791e+00
328500,2.2256406067727181e+02,2.3474550364152433e+00
328600,2.2256406067724581e+02,2.3474550364151923e+00
328700,2.2256406067718009e+02,2.3474550364150644e+00
328800,2.2256406067713601e+02,2.3474550364149782e+00
328900,2.2256406067701761e+02,2.3474550364147473e+00
329000,2.2256406067697870e+02,2.3474550364146713e+00
329100,2.2256406067689139e+02,2.3474550364145008e+00
329200,2.2256406067681300e+02,2.3474550364143481e+00
329300,2.2256406067667601e+02,2.3474550364140807e+00
329400,2.2256406067658281e+02,2.3474550364138986e+00
329500,2.2256406067658281e+02,2.3474550364138986e+00
329600,2.2256406067648979e+02,2.3474550364137170e+00
329700,2.2256406067630019e+02,2.3474550364133471e+00
329800,2.2256406067628151e+02,2.3474550364133107e+00
329900,2.2256406067615850e+02,2.3474550364130709e+00
330000,2.2256406067609851e+02,2.3474550364129536e+00
330100,2.2256406067598249e+02,2.3474550364127271e+00
330200,2.2256406067594961e+02,2.3474550364126632e+00
330300,2.2256406067584359e+02,2.3474550364124562e+00
330400,2.2256406067569560e+02,2.3474550364121676e+00
330500,2.2256406067568079e+02,2.3474550364121387e+00
330600,2.2256406067540300e+02,2.3474550364115965e+00
330700,2.2256406067538299e+02,2.3474550364115574e+00
330800,2.2256406067519859e+02,2.3474550364111977e+00
330900,2.2256406067501300e+02,2.3474550364108353e+00
331000,2.2256406067498600e+02,2.3474550364107829e+00
331100,2.2256406067485139e+02,2.3474550364105200e+00
331200,2.2256406067479901e+02,2.3474550364104179e+00
331300,2.2256406067451729e+02,2.3474550364098681e+00
331400,2.2256406067448279e+02,2.3474550364098010e+00
331500,2.2256406067444399e+02,2.3474550364097251e+00
331600,2.2256406067429731e+02,2.3474550364094391e+00
331700,2.2256406067404279e+02,2.3474550364089422e+00
331800,2.2256406067404279e+02,2.3474550364089422e+00
331900,2.2256406067395659e+02,2.3474550364087743e+00
332000,2.2256406067381229e+02,2.3474550364084927e+00
332100,2.2256406067363741e+02,2.3474550364081512e+00
332200,2.2256406067356900e+02,2.3474550364080180e+00
332300,2.2256406067342749e+02,2.3474550364077418e+00
332400,2.2256406067328339e+02,2.3474550364074607e+00
332500,2.2256406067320600e+02,2.3474550364073097e+00
332600,2.2256406067314671e+02,2.3474550364071938e+00
332700,2.2256406067308299e+02,2.3474550364070694e+00
332800,2.2256406067307131e+02,2.3474550364070468e+00
332900,2.2256406067300989e+02,2.3474550364069269e+00
333000,2.2256406067295941e+02,2.3474550364068283e+00
333100,2.2256406067290641e+02,2.3474550364067248e+00
333200,2.2256406067283891e+02,2.3474550364065934e+00
333300,2.2256406067276069e+02,2.3474550364064406e+00
333400,2.2256406067273221e+02,2.3474550364063851e+00
333500,2.2256406067251621e+02,2.3474550364059636e+00
333600,2.2256406067251621e+02,2.3474550364059636e+00
333700,2.2256406067238140e+02,2.3474550364057003e+00
333800,2.2256406067233141e+02,2.3474550364056030e+00
333900,2.2256406067226271e+02,2.3474550364054689e+00
334000,2.2256406067218381e+02,2.3474550364053148e+00
334100,2.2256406067208539e+02,2.3474550364051230e+00
334200,2.2256406067201991e+02,2.3474550364049951e+00
334300,2.2256406067190659e+02,2.3474550364047739e+00
334400,2.2256406067177861e+02,2.3474550364045244e+00
334500,2.2256406067172301e+02,2.3474550364044156e+00
334600,2.2256406067160421e+02,2.3474550364041837e+00
334700,2.2256406067160421e+02,2.3474550364041837e+00
334800,2.2256406067153719e+02,2.3474550364040532e+00
334900,2.2256406067146199e+02,2.3474550364039062e+00
335000,2.2256406067140921e+02,2.3474550364038032e+00
335100,2.2256406067135120e+02,2.3474550364036904e+00
335200,2.2256406067129049e+02,2.3474550364035718e+00
335300,2.2256406067124840e+02,2.3474550364034896e+00
335400,2.2256406067118999e+02,2.3474550364033755e+00
335500,2.2256406067118860e+02,2.3474550364033728e+00
335600,2.2256406067112630e+02,2.3474550364032511e+00
335700,2.2256406067098530e+02,2.3474550364029763e+00
335800,2.2256406067098499e+02,2.3474550364029754e+00
335900,2.2256406067091231e+02,2.3474550364028337e+00
336000,2.2256406067084939e+02,2.3474550364027111e+00
336100,2.2256406067079180e+02,2.3474550364025988e+00
336200,2.2256406067074951e+02,2.3474550364025162e+00
336300,2.2256406067068681e+02,2.3474550364023936e+00
336400,2.2256406067053399e+02,2.3474550364020956e+00
336500,2.2256406067053399e+02,2.3474550364020956e+00
336600,2.2256406067047081e+02,2.3474550364019722e+00
336700,2.2256406067047081e+02,2.3474550364019722e+00
336800,2.2256406067043849e+02,2.3474550364019091e+00
336900,2.2256406067037659e+02,2.3474550364017883e+00
337000,2.2256406067033140e+02,2.3474550364017004e+00
337100,2.2256406067030341e+02,2.3474550364016458e+00
337200,2.2256406067023860e+02,2.3474550364015192e+00
337300,2.2256406067020450e+02,2.3474550364014526e+00
337400,2.2256406067015931e+02,2.3474550364013642e+00
337500,2.2256406067012401e+02,2.3474550364012954e+00
337600,2.2256406067009169e+02,2.3474550364012323e+00
337700,2.2256406067005921e+02,2.3474550364011693e+00
337800,2.2256406067003849e+02,2.3474550364011288e+00
337900,2.2256406066999801e+02,2.3474550364010498e+00
338000,2.2256406066993489e+02,2.3474550364009263e+00
338100,2.2256406066987029e+02,2.3474550364008002e+00
338200,2.2256406066981961e+02,2.3474550364007016e+00
338300,2.2256406066972610e+02,2.3474550364005191e+00
338400,2.2256406066963839e+02,2.3474550364003481e+00
338500,2.2256406066958061e+02,2.3474550364002353e+00
338600,2.2256406066950649e+02,2.3474550364000906e+00
338700,2.2256406066949759e+02,2.3474550364000732e+00
338800,2.2256406066943620e+02,2.3474550363999533e+00
338900,2.2256406066941460e+02,2.3474550363999112e+00
339000,2.2256406066928341e+02,2.3474550363996554e+00
339100,2.2256406066925140e+02,2.3474550363995927e+00
339200,2.2256406066918319e+02,2.3474550363994595e+00
339300,2.2256406066914630e+02,2.3474550363993876e+00
339400,2.2256406066907701e+02,2.3474550363992526e+00
339500,2.2256406066900851e+02,2.3474550363991189e+00
339600,2.2256406066897350e+02,2.3474550363990505e+00
339700,2.2256406066892239e+02,2.3474550363989506e+00
339800,2.2256406066885199e+02,2.3474550363988134e+00
339900,2.2256406066871429e+02,2.3474550363985447e+00
340000,2.2256406066871429e+02,2.3474550363985447e+00
340100,2.2256406066871429e+02,2.3474550363985447e+00
340200,2.2256406066864659e+02,2.3474550363984128e+00
340300,2.2256406066859060e+02,2.3474550363983036e+00
340400,2.2256406066853290e+02,2.3474550363981908e+00
340500,2.2256406066850789e+02,2.3474550363981419e+00
340600,2.2256406066850789e+02,2.3474550363981419e+00
340700,2.2256406066846529e+02,2.3474550363980589e+00
340800,2.2256406066841831e+02,2.3474550363979669e+00
340900,2.2256406066837141e+02,2.3474550363978754e+00
341000,2.2256406066834120e+02,2.3474550363978168e+00
341100,2.2256406066828069e+02,2.3474550363976987e+00
341200,2.2256406066824201e+02,2.3474550363976232e+00
341300,2.2256406066822890e+02,2.3474550363975974e+00
341400,2.2256406066814750e+02,2.3474550363974389e+00
341500,2.2256406066810430e+02,2.3474550363973545e+00
341600,2.2256406066807219e+02,2.3474550363972919e+00
341700,2.2256406066800511e+02,2.3474550363971609e+00
341800,2.2256406066792439e+02,2.3474550363970033e+00
341900,2.2256406066790299e+02,2.3474550363969615e+00
342000,2.2256406066782259e+02,2.3474550363968048e+00
342100,2.2256406066778601e+02,2.3474550363967333e+00
342200,2.2256406066766661e+02,2.3474550363965005e+00
342300,2.2256406066766320e+02,2.3474550363964939e+00
342400,2.2256406066755380e+02,2.3474550363962803e+00
342500,2.2256406066752200e+02,2.3474550363962181e+00
342600,2.2256406066749221e+02,2.3474550363961599e+00
342700,2.2256406066743000e+02,2.3474550363960387e+00
342800,2.2256406066734641e+02,2.3474550363958757e+00
342900,2.2256406066733419e+02,2.3474550363958517e+00
343000,2.2256406066729980e+02,2.3474550363957847e+00
343100,2.2256406066727999e+02,2.3474550363957460e+00
343200,2.2256406066724659e+02,2.3474550363956808e+00
343300,2.2256406066719049e+02,2.3474550363955711e+00
343400,2.2256406066712091e+02,2.3474550363954356e+00
343500,2.2256406066706299e+02,2.3474550363953224e+00
343600,2.2256406066705719e+02,2.3474550363953113e+00
343700,2.2256406066700541e+02,2.3474550363952100e+00
343800,2.2256406066697221e+02,2.3474550363951452e+00
343900,2.2256406066691761e+02,2.3474550363950386e+00
344000,2.2256406066685739e+02,2.3474550363949214e+00
344100,2.2256406066685739e+02,2.3474550363949214e+00
344200,2.2256406066680529e+02,2.3474550363948197e+00
344300,2.2256406066677070e+02,2.3474550363947522e+00
344400,2.2256406066667401e+02,2.3474550363945634e+00
344500,2.2256406066660631e+02,2.3474550363944315e+00
344600,2.2256406066655100e+02,2.3474550363943236e+00
344700,2.2256406066653179e+02,2.3474550363942859e+00
344800,2.2256406066648600e+02,2.3474550363941966e+00
344900,2.2256406066640241e+02,2.3474550363940336e+00
345000,2.2256406066631260e+02,2.3474550363938582e+00
345100,2.2256406066627480e+02,2.3474550363937845e+00
345200,2.2256406066617859e+02,2.3474550363935967e+00
345300,2.2256406066614250e+02,2.3474550363935265e+00
345400,2.2256406066614250e+02,2.3474550363935265e+00
345500,2.2256406066606721e+02,2.3474550363933795e+00
345600,2.2256406066605899e+02,2.3474550363933635e+00
345700,2.2256406066601949e+02,2.3474550363932862e+00
345800,2.2256406066599720e+02,2.3474550363932427e+00
345900,2.2256406066595289e+02,2.3474550363931561e+00
346000,2.2256406066588079e+02,2.3474550363930158e+00
346100,2.2256406066582491e+02,2.3474550363929065e+00
346200,2.2256406066579800e+02,2.3474550363928541e+00
346300,2.2256406066573979e+02,2.3474550363927404e+00
346400,2.2256406066569980e+02,2.3474550363926623e+00
346500,2.2256406066565981e+02,2.3474550363925846e+00
346600,2.2256406066563201e+02,2.3474550363925304e+00
346700,2.2256406066557400e+02,2.3474550363924171e+00
346800,2.2256406066548649e+02,2.3474550363922462e+00
346900,2.2256406066543380e+02,2.3474550363921436e+00
347000,2.2256406066535061e+02,2.3474550363919811e+00
347100,2.2256406066525460e+02,2.3474550363917936e+00
347200,2.2256406066519750e+02,2.3474550363916822e+00
347300,2.2256406066512099e+02,2.3474550363915330e+00
347400,2.2256406066501020e+02,2.3474550363913167e+00
347500,2.2256406066498101e+02,2.3474550363912599e+00
347600,2.2256406066484101e+02,2.3474550363909867e+00
347700,2.2256406066478399e+02,2.3474550363908753e+00
347800,2.2256406066469370e+02,2.3474550363906994e+00
347900,2.2256406066447650e+02,2.3474550363902753e+00
348000,2.2256406066434531e+02,2.3474550363900195e+00
348100,2.2256406066434121e+02,2.3474550363900115e+00
348200,2.2256406066434121e+02,2.3474550363900115e+00
348300,2.2256406066404881e+02,2.3474550363894409e+00
348400,2.2256406066396829e+02,2.3474550363892837e+00
348500,2.2256406066393450e+02,2.3474550363892179e+00
348600,2.2256406066382621e+02,2.3474550363890065e+00
348700,2.2256406066368640e+02,2.3474550363887339e+00
348800,2.2256406066360660e+02,2.3474550363885780e+00
348900,2.2256406066358730e+02,2.3474550363885403e+00
349000,2.2256406066350931e+02,2.3474550363883879e+00
349100,2.2256406066341700e+02,2.3474550363882081e+00
349200,2.2256406066333369e+02,2.3474550363880455e+00
349300,2.2256406066328549e+02,2.3474550363879514e+00
349400,2.2256406066323120e+02,2.3474550363878453e+00
349500,2.2256406066308520e+02,2.3474550363875606e+00
349600,2.2256406066306681e+02,2.3474550363875246e+00
349700,2.2256406066302449e+02,2.3474550363874420e+00
349800,2.2256406066294221e+02,2.3474550363872817e+00
349900,2.2256406066280871e+02,2.3474550363870210e+00
350000,2.2256406066278080e+02,2.3474550363869664e+00
350100,2.2256406066261249e+02,2.3474550363866382e+00
350200,2.2256406066258481e+02,2.3474550363865840e+00
350300,2.2256406066253231e+02,2.3474550363864815e+00
350400,2.2256406066245239e+02,2.3474550363863256e+00
350500,2.2256406066232799e+02,2.3474550363860831e+00
350600,2.2256406066230829e+02,2.3474550363860445e+00
350700,2.2256406066221351e+02,2.3474550363858597e+00
350800,2.2256406066221351e+02,2.3474550363858597e+00
350900,2.2256406066208109e+02,2.3474550363856013e+00
351000,2.2256406066205551e+02,2.3474550363855511e+00
351100,2.2256406066201629e+02,2.3474550363854747e+00
351200,2.2256406066186861e+02,2.3474550363851865e+00
351300,2.2256406066184420e+02,2.3474550363851390e+00
351400,2.2256406066183001e+02,2.3474550363851114e+00
351500,2.2256406066176669e+02,2.3474550363849875e+00
351600,2.2256406066169620e+02,2.3474550363848503e+00
351700,2.2256406066163461e+02,2.3474550363847300e+00
351800,2.2256406066156501e+02,2.3474550363845941e+00
351900,2.2256406066147341e+02,2.3474550363844155e+00
352000,2.2256406066145180e+02,2.3474550363843734e+00
352100,2.2256406066137831e+02,2.3474550363842299e+00
352200,2.2256406066127781e+02,2.3474550363840336e+00
352300,2.2256406066122580e+02,2.3474550363839324e+00
352400,2.2256406066114050e+02,2.3474550363837658e+00
352500,2.2256406066114050e+02,2.3474550363837658e+00
352600,2.2256406066109679e+02,2.3474550363836806e+00
352700,2.2256406066108019e+02,2.3474550363836482e+00
352800,2.2256406066103000e+02,2.3474550363835500e+00
352900,2.2256406066098319e+02,2.3474550363834590e+00
353000,2.2256406066095181e+02,2.3474550363833977e+00
353100,2.2256406066091969e+02,2.3474550363833351e+00
353200,2.2256406066089559e+02,2.3474550363832880e+00
353300,2.2256406066089241e+02,2.3474550363832818e+00
353400,2.2256406066081720e+02,2.3474550363831348e+00
353500,2.2256406066075300e+02,2.3474550363830096e+00
353600,2.2256406066069459e+02,2.3474550363828959e+00
353700,2.2256406066069459e+02,2.3474550363828959e+00
353800,2.2256406066067350e+02,2.3474550363828546e+00
353900,2.2256406066064940e+02,2.3474550363828075e+00
354000,2.2256406066059731e+02,2.3474550363827058e+00
354100,2.2256406066054771e+02,2.3474550363826090e+00
354200,2.2256406066048859e+02,2.3474550363824935e+00
354300,2.2256406066045679e+02,2.3474550363824318e+00
354400,2.2256406066038929e+02,2.3474550363822999e+00
354500,2.2256406066038059e+02,2.3474550363822830e+00
354600,2.2256406066025741e+02,2.3474550363820428e+00
354700,2.2256406066017550e+02,2.3474550363818829e+00
354800,2.2256406066017550e+02,2.3474550363818829e+00
354900,2.2256406066013159e+02,2.3474550363817972e+00
355000,2.2256406066005960e+02,2.3474550363816564e+00
355100,2.2256406066002981e+02,2.3474550363815982e+00
355200,2.2256406065988901e+02,2.3474550363813238e+00
355300,2.2256406065986241e+02,2.3474550363812718e+00
355400,2.2256406065980559e+02,2.3474550363811608e+00
355500,2.2256406065970489e+02,2.3474550363809645e+00
355600,2.2256406065964049e+02,2.3474550363808389e+00
355700,2.2256406065961369e+02,2.3474550363807865e+00
355800,2.2256406065953001e+02,2.3474550363806230e+00
355900,2.2256406065941539e+02,2.3474550363803997e+00
356000,2.2256406065940951e+02,2.3474550363803881e+00
356100,2.2256406065937219e+02,2.3474550363803153e+00
356200,2.2256406065925279e+02,2.3474550363800821e+00
356300,2.2256406065923721e+02,2.3474550363800519e+00
356400,2.2256406065919350e+02,2.3474550363799667e+00
356500,2.2256406065913069e+02,2.3474550363798441e+00
356600,2.2256406065906779e+02,2.3474550363797211e+00
356700,2.2256406065903960e+02,2.3474550363796665e+00
356800,2.2256406065900049e+02,2.3474550363795901e+00
356900,2.2256406065889041e+02,2.3474550363793751e+00
357000,2.2256406065889041e+02,2.3474550363793751e+00
357100,2.2256406065884650e+02,2.3474550363792894e+00
357200,2.2256406065884201e+02,2.3474550363792805e+00
357300,2.2256406065879921e+02,2.3474550363791971e+00
357400,2.2256406065876081e+02,2.3474550363791225e+00
357500,2.2256406065871261e+02,2.3474550363790283e+00
357600,2.2256406065867699e+02,2.3474550363789586e+00
357700,2.2256406065860870e+02,2.3474550363788254e+00
357800,2.2256406065859500e+02,2.3474550363787987e+00
357900,2.2256406065855529e+02,2.3474550363787210e+00
358000,2.2256406065845070e+02,2.3474550363785172e+00
358100,2.2256406065838470e+02,2.3474550363783884e+00
358200,2.2256406065838380e+02,2.3474550363783866e+00
358300,2.2256406065831919e+02,2.3474550363782605e+00
358400,2.2256406065824601e+02,2.3474550363781175e+00
358500,2.2256406065808909e+02,2.3474550363778115e+00
358600,2.2256406065808909e+02,2.3474550363778115e+00
358700,2.2256406065808909e+02,2.3474550363778115e+00
358800,2.2256406065802841e+02,2.3474550363776929e+00
358900,2.2256406065795269e+02,2.3474550363775455e+00
359000,2.2256406065791799e+02,2.3474550363774775e+00
359100,2.2256406065779291e+02,2.3474550363772337e+00
359200,2.2256406065767851e+02,2.3474550363770104e+00
359300,2.2256406065765549e+02,2.3474550363769655e+00
359400,2.2256406065755351e+02,2.3474550363767666e+00
359500,2.2256406065739250e+02,2.3474550363764521e+00
359600,2.2256406065731451e+02,2.3474550363763003e+00
359700,2.2256406065714299e+02,2.3474550363759654e+00
359800,2.2256406065706400e+02,2.3474550363758113e+00
359900,2.2256406065706400e+02,2.3474550363758113e+00
360000,2.2256406065692951e+02,2.3474550363755489e+00
360100,2.2256406065689629e+02,2.3474550363754840e+00
360200,2.2256406065682199e+02,2.3474550363753388e+00
360300,2.2256406065670100e+02,2.3474550363751030e+00
360400,2.2256406065670100e+02,2.3474550363751030e+00
360500,2.2256406065670080e+02,2.3474550363751026e+00
360600,2.2256406065659439e+02,2.3474550363748947e+00
360700,2.2256406065656171e+02,2.3474550363748312e+00
360800,2.2256406065652899e+02,2.3474550363747673e+00
360900,2.2256406065650779e+02,2.3474550363747260e+00
361000,2.2256406065646021e+02,2.3474550363746332e+00
361100,2.2256406065642051e+02,2.3474550363745554e+00
361200,2.2256406065637100e+02,2.3474550363744591e+00
361300,2.2256406065631950e+02,2.3474550363743583e+00
361400,2.2256406065625649e+02,2.3474550363742357e+00
361500,2.2256406065623790e+02,2.3474550363741993e+00
361600,2.2256406065623790e+02,2.3474550363741993e+00
361700,2.2256406065622039e+02,2.3474550363741651e+00
361800,2.2256406065616241e+02,2.3474550363740518e+00
361900,2.2256406065612779e+02,2.3474550363739843e+00
362000,2.2256406065606780e+02,2.3474550363738671e+00
362100,2.2256406065603349e+02,2.3474550363738005e+00
362200,2.2256406065596801e+02,2.3474550363736726e+00
362300,2.2256406065596320e+02,2.3474550363736633e+00
362400,2.2256406065592051e+02,2.3474550363735798e+00
362500,2.2256406065591401e+02,2.3474550363735673e+00
362600,2.2256406065588340e+02,2.3474550363735074e+00
362700,2.2256406065583019e+02,2.3474550363734035e+00
362800,2.2256406065578679e+02,2.3474550363733191e+00
362900,2.2256406065576900e+02,2.3474550363732845e+00
363000,2.2256406065573080e+02,2.3474550363732098e+00
363100,2.2256406065566469e+02,2.3474550363730806e+00
363200,2.2256406065566469e+02,2.3474550363730806e+00
363300,2.2256406065561490e+02,2.3474550363729834e+00
363400,2.2256406065559619e+02,2.3474550363729469e+00
363500,2.2256406065555370e+02,2.3474550363728643e+00
363600,2.2256406065554501e+02,2.3474550363728470e+00
363700,2.2256406065550749e+02,2.3474550363727738e+00
363800,2.2256406065545801e+02,2.3474550363726774e+00
363900,2.2256406065535899e+02,2.3474550363724842e+00
364000,2.2256406065529879e+02,2.3474550363723665e+00
364100,2.2256406065526701e+02,2.3474550363723048e+00
364200,2.2256406065526701e+02,2.3474550363723048e+00
364300,2.2256406065522651e+02,2.3474550363722257e+00
364400,2.2256406065512530e+02,2.3474550363720281e+00
364500,2.2256406065511621e+02,2.3474550363720104e+00
364600,2.2256406065505530e+02,2.3474550363718918e+00
364700,2.2256406065500730e+02,2.3474550363717981e+00
364800,2.2256406065499101e+02,2.3474550363717661e+00
364900,2.2256406065491660e+02,2.3474550363716209e+00
365000,2.2256406065483819e+02,2.3474550363714681e+00
365100,2.2256406065482301e+02,2.3474550363714384e+00
365200,2.2256406065472061e+02,2.3474550363712385e+00
365300,2.2256406065465060e+02,2.3474550363711018e+00
365400,2.2256406065461761e+02,2.3474550363710374e+00
365500,2.2256406065458401e+02,2.3474550363709721e+00
365600,2.2256406065455550e+02,2.3474550363709161e+00
365700,2.2256406065448201e+02,2.3474550363707727e+00
365800,2.2256406065444159e+02,2.3474550363706941e+00
365900,2.2256406065436900e+02,2.3474550363705524e+00
366000,2.2256406065434899e+02,2.3474550363705133e+00
366100,2.2256406065432341e+02,2.3474550363704636e+00
366200,2.2256406065428999e+02,2.3474550363703983e+00
366300,2.2256406065425310e+02,2.3474550363703264e+00
366400,2.2256406065422360e+02,2.3474550363702686e+00
366500,2.2256406065413560e+02,2.3474550363700968e+00
366600,2.2256406065410499e+02,2.3474550363700373e+00
366700,2.2256406065405869e+02,2.3474550363699467e+00
366800,2.2256406065400901e+02,2.3474550363698499e+00
366900,2.2256406065400901e+02,2.3474550363698499e+00
367000,2.2256406065397280e+02,2.3474550363697793e+00
367100,2.2256406065392909e+02,2.3474550363696940e+00
367200,2.2256406065390729e+02,2.3474550363696514e+00
367300,2.2256406065385951e+02,2.3474550363695581e+00
367400,2.2256406065381540e+02,2.3474550363694719e+00
367500,2.2256406065374600e+02,2.3474550363693365e+00
367600,2.2256406065372829e+02,2.3474550363693023e+00
367700,2.2256406065372559e+02,2.3474550363692970e+00
367800,2.2256406065366329e+02,2.3474550363691753e+00
367900,2.2256406065364919e+02,2.3474550363691478e+00
368000,2.2256406065360440e+02,2.3474550363690603e+00
368100,2.2256406065358200e+02,2.3474550363690168e+00
368200,2.2256406065358121e+02,2.3474550363690150e+00
368300,2.2256406065351459e+02,2.3474550363688853e+00
368400,2.2256406065346189e+02,2.3474550363687823e+00
368500,2.2256406065345661e+02,2.3474550363687721e+00
368600,2.2256406065342281e+02,2.3474550363687059e+00
368700,2.2256406065336020e+02,2.3474550363685838e+00
368800,2.2256406065335520e+02,2.3474550363685740e+00
368900,2.2256406065328039e+02,2.3474550363684283e+00
369000,2.2256406065328039e+02,2.3474550363684283e+00
369100,2.2256406065326630e+02,2.3474550363684008e+00
369200,2.2256406065323901e+02,2.3474550363683475e+00
369300,2.2256406065322679e+02,2.3474550363683235e+00
369400,2.2256406065313379e+02,2.3474550363681419e+00
369500,2.2256406065313379e+02,2.3474550363681419e+00
369600,2.2256406065311739e+02,2.3474550363681099e+00
369700,2.2256406065306001e+02,2.3474550363679980e+00
369800,2.2256406065302829e+02,2.3474550363679363e+00
369900,2.2256406065300001e+02,2.3474550363678812e+00
370000,2.2256406065294911e+02,2.3474550363677817e+00
370100,2.2256406065292941e+02,2.3474550363677431e+00
370200,2.2256406065289300e+02,2.3474550363676721e+00
370300,2.2256406065284099e+02,2.3474550363675708e+00
370400,2.2256406065280771e+02,2.3474550363675060e+00
370500,2.2256406065275681e+02,2.3474550363674065e+00
370600,2.2256406065273771e+02,2.3474550363673692e+00
370700,2.2256406065267771e+02,2.3474550363672519e+00
370800,2.2256406065263420e+02,2.3474550363671671e+00
370900,2.2256406065257531e+02,2.3474550363670521e+00
371000,2.2256406065255800e+02,2.3474550363670184e+00
371100,2.2256406065247421e+02,2.3474550363668549e+00
371200,2.2256406065246671e+02,2.3474550363668403e+00
371300,2.2256406065237101e+02,2.3474550363666538e+00
371400,2.2256406065231391e+02,2.3474550363665423e+00
371500,2.2256406065220060e+02,2.3474550363663211e+00
371600,2.2256406065213261e+02,2.3474550363661884e+00
371700,2.2256406065207420e+02,2.3474550363660747e+00
371800,2.2256406065201671e+02,2.3474550363659623e+00
371900,2.2256406065194199e+02,2.3474550363658166e+00
372000,2.2256406065186931e+02,2.3474550363656745e+00
372100,2.2256406065180451e+02,2.3474550363655484e+00
372200,2.2256406065176131e+02,2.3474550363654640e+00
372300,2.2256406065173749e+02,2.3474550363654174e+00
372400,2.2256406065172860e+02,2.3474550363654001e+00
372500,2.2256406065167931e+02,2.3474550363653037e+00
372600,2.2256406065164629e+02,2.3474550363652393e+00
372700,2.2256406065160789e+02,2.3474550363651647e+00
372800,2.2256406065159831e+02,2.3474550363651461e+00
372900,2.2256406065156969e+02,2.3474550363650901e+00
373000,2.2256406065152149e+02,2.3474550363649960e+00
373100,2.2256406065148991e+02,2.3474550363649342e+00
373200,2.2256406065145529e+02,2.3474550363648667e+00
373300,2.2256406065145029e+02,2.3474550363648570e+00
373400,2.2256406065143321e+02,2.3474550363648237e+00
373500,2.2256406065139339e+02,2.3474550363647460e+00
373600,2.2256406065136181e+02,2.3474550363646842e+00
373700,2.2256406065132481e+02,2.3474550363646123e+00
373800,2.2256406065130500e+02,2.3474550363645736e+00
373900,2.2256406065126569e+02,2.3474550363644968e+00
374000,2.2256406065124901e+02,2.3474550363644644e+00
374100,2.2256406065121931e+02,2.3474550363644062e+00
374200,2.2256406065119381e+02,2.3474550363643565e+00
374300,2.2256406065118199e+02,2.3474550363643334e+00
374400,2.2256406065116130e+02,2.3474550363642930e+00
374500,2.2256406065113080e+02,2.3474550363642335e+00
374600,2.2256406065110721e+02,2.3474550363641877e+00
374700,2.2256406065108700e+02,2.3474550363641482e+00
374800,2.2256406065106509e+02,2.3474550363641056e+00
374900,2.2256406065106151e+02,2.3474550363640985e+00
375000,2.2256406065102851e+02,2.3474550363640341e+00
376100,2.2256406065098139e+02,2.3474550363639421e+00
377200,2.2256406065098139e+02,2.3474550363639421e+00
378300,2.2256406065094140e+02,2.3474550363638640e+00
379400,2.2256406065082930e+02,2.3474550363636455e+00
380500,2.2256406065076999e+02,2.3474550363635296e+00
381600,2.2256406065067381e+02,2.3474550363633417e+00
382700,2.2256406065065519e+02,2.3474550363633058e+00
383800,2.2256406065061040e+02,2.3474550363632183e+00
384900,2.2256406065057399e+02,2.3474550363631472e+00
386000,2.2256406065057081e+02,2.3474550363631410e+00
387100,2.2256406065046551e+02,2.3474550363629354e+00
388200,2.2256406065046551e+02,2.3474550363629354e+00
389300,2.2256406065029771e+02,2.3474550363626081e+00
390400,2.2256406065029771e+02,2.3474550363626081e+00
391500,2.2256406065020431e+02,2.3474550363624256e+00
392600,2.2256406065020431e+02,2.3474550363624256e+00
393700,2.2256406065020431e+02,2.3474550363624256e+00
394800,2.2256406065020431e+02,2.3474550363624256e+00
395900,2.2256406065010219e+02,2.3474550363622266e+00
397000,2.2256406065005970e+02,2.3474550363621436e+00
398100,2.2256406065000971e+02,2.3474550363620459e+00
399200,2.2256406065000971e+02,2.3474550363620459e+00
400300,2.2256406064972069e+02,2.3474550363614819e+00
401400,2.2256406064968519e+02,2.3474550363614126e+00
402500,2.2256406064968519e+02,2.3474550363614126e+00
403600,2.2256406064968519e+02,2.3474550363614126e+00
404700,2.2256406064963929e+02,2.3474550363613234e+00
405800,2.2256406064960521e+02,2.3474550363612567e+00
406900,2.2256406064958580e+02,2.3474550363612190e+00
408000,2.2256406064926199e+02,2.3474550363605871e+00
409100,2.2256406064926199e+02,2.3474550363605871e+00
410200,2.2256406064926199e+02,2.3474550363605871e+00
411300,2.2256406064926199e+02,2.3474550363605871e+00
412400,2.2256406064926199e+02,2.3474550363605871e+00
413500,2.2256406064924570e+02,2.3474550363605551e+00
414600,2.2256406064924570e+02,2.3474550363605551e+00
415700,2.2256406064921899e+02,2.3474550363605031e+00
416800,2.2256406064921899e+02,2.3474550363605031e+00
417900,2.2256406064921899e+02,2.3474550363605031e+00
419000,2.2256406064921899e+02,2.3474550363605031e+00
420100,2.2256406064921899e+02,2.3474550363605031e+00
421200,2.2256406064921899e+02,2.3474550363605031e+00
422300,2.2256406064921899e+02,2.3474550363605031e+00
423400,2.2256406064921899e+02,2.3474550363605031e+00
424500,2.2256406064921899e+02,2.3474550363605031e+00
425600,2.2256406064921899e+02,2.3474550363605031e+00
426700,2.2256406064921899e+02,2.3474550363605031e+00
427800,2.2256406064921899e+02,2.3474550363605031e+00
428900,2.2256406064914970e+02,2.3474550363603677e+00
430000,2.2256406064914970e+02,2.3474550363603677e+00
431100,2.2256406064914970e+02,2.3474550363603677e+00
432200,2.2256406064908509e+02,2.3474550363602420e+00
433300,2.2256406064908509e+02,2.3474550363602420e+00
434400,2.2256406064908509e+02,2.3474550363602420e+00
435500,2.2256406064908509e+02,2.3474550363602420e+00
436600,2.2256406064908509e+02,2.3474550363602420e+00
437700,2.2256406064908509e+02,2.3474550363602420e+00
438800,2.2256406064908509e+02,2.3474550363602420e+00
439900,2.2256406064908509e+02,2.3474550363602420e+00
441000,2.2256406064908509e+02,2.3474550363602420e+00
442100,2.2256406064908509e+02,2.3474550363602420e+00
443200,2.2256406064908509e+02,2.3474550363602420e+00
444300,2.2256406064908509e+02,2.3474550363602420e+00
445400,2.2256406064908509e+02,2.3474550363602420e+00
446500,2.2256406064908509e+02,2.3474550363602420e+00
447600,2.2256406064907509e+02,2.3474550363602225e+00
448700,2.2256406064907509e+02,2.3474550363602225e+00
449800,2.2256406064907509e+02,2.3474550363602225e+00
450900,2.2256406064907509e+02,2.3474550363602225e+00
452000,2.2256406064907509e+02,2.3474550363602225e+00
453100,2.2256406064907509e+02,2.3474550363602225e+00
454200,2.2256406064907509e+02,2.3474550363602225e+00
455300,2.2256406064907509e+02,2.3474550363602225e+00
456400,2.2256406064907509e+02,2.3474550363602225e+00
457500,2.2256406064907509e+02,2.3474550363602225e+00
458600,2.2256406064907509e+02,2.3474550363602225e+00
459700,2.2256406064907509e+02,2.3474550363602225e+00
460800,2.2256406064907509e+02,2.3474550363602225e+00
461900,2.2256406064907509e+02,2.3474550363602225e+00
463000,2.2256406064907509e+02,2.3474550363602225e+00
464100,2.2256406064907509e+02,2.3474550363602225e+00
465200,2.2256406064907509e+02,2.3474550363602225e+00
466300,2.2256406064907509e+02,2.3474550363602225e+00
467400,2.2256406064907509e+02,2.3474550363602225e+00
468500,2.2256406064907509e+02,2.3474550363602225e+00
469600,2.2256406064907509e+02,2.3474550363602225e+00
470700,2.2256406064907509e+02,2.3474550363602225e+00
471800,2.2256406064907509e+02,2.3474550363602225e+00
472900,2.2256406064907509e+02,2.3474550363602225e+00
474000,2.2256406064907509e+02,2.3474550363602225e+00
475100,2.2256406064907509e+02,2.3474550363602225e+00
476200,2.2256406064907509e+02,2.3474550363602225e+00
477300,2.2256406064907509e+02,2.3474550363602225e+00
478400,2.2256406064907509e+02,2.3474550363602225e+00
479500,2.2256406064907509e+02,2.3474550363602225e+00
480600,2.2256406064907509e+02,2.3474550363602225e+00
481700,2.2256406064907509e+02,2.3474550363602225e+00
482800,2.2256406064907509e+02,2.3474550363602225e+00
483900,2.2256406064907509e+02,2.3474550363602225e+00
485000,2.2256406064907509e+02,2.3474550363602225e+00
486100,2.2256406064907509e+02,2.3474550363602225e+00
487200,2.2256406064907509e+02,2.3474550363602225e+00
488300,2.2256406064907509e+02,2.3474550363602225e+00
489400,2.2256406064907509e+02,2.3474550363602225e+00
490500,2.2256406064907509e+02,2.3474550363602225e+00
491600,2.2256406064907509e+02,2.3474550363602225e+00
492700,2.2256406064907509e+02,2.3474550363602225e+00
493800,2.2256406064907509e+02,2.3474550363602225e+00
494900,2.2256406064903129e+02,2.3474550363601367e+00
496000,2.2256406064903129e+02,2.3474550363601367e+00
497100,2.2256406064903129e+02,2.3474550363601367e+00
498200,2.2256406064903129e+02,2.3474550363601367e+00
499300,2.2256406064903129e+02,2.3474550363601367e+00
500000,2.2256406064903129e+02,2.3474550363601367e+00
