Eval,BestError,Log10Error
100,3.4050212734448236e+04,4.5321198295853202e+00
200,3.4050212734448236e+04,4.5321198295853202e+00
300,3.4050212734448236e+04,4.5321198295853202e+00
400,3.4050212734448236e+04,4.5321198295853202e+00
500,3.4050212734448236e+04,4.5321198295853202e+00
600,3.4050212734448236e+04,4.5321198295853202e+00
700,3.3214331378682713e+04,4.5213255142976259e+00
800,3.1756416457267445e+04,4.5018314886970634e+00
900,3.1756416457267445e+04,4.5018314886970634e+00
1000,3.0714471583103026e+04,4.4873430480450800e+00
1100,2.9315383835780718e+04,4.4670955849158425e+00
1200,2.9315383835780718e+04,4.4670955849158425e+00
1300,2.9315383835780718e+04,4.4670955849158425e+00
1400,2.9315383835780718e+04,4.4670955849158425e+00
1500,2.9315383835780718e+04,4.4670955849158425e+00
1600,2.8908240423138865e+04,4.4610216579875877e+00
1700,2.8908240423138865e+04,4.4610216579875877e+00
1799,2.8908240423138865e+04,4.4610216579875877e+00
1898,2.5902739568188070e+04,4.4133456990784312e+00
1997,2.5902739568188070e+04,4.4133456990784312e+00
2096,2.5902739568188070e+04,4.4133456990784312e+00
2195,2.3258729778602035e+04,4.3665859930576403e+00
2294,2.3258729778602035e+04,4.3665859930576403e+00
2393,2.3258729778602035e+04,4.3665859930576403e+00
2492,2.3258729778602035e+04,4.3665859930576403e+00
2591,2.3258729778602035e+04,4.3665859930576403e+00
2690,2.3258729778602035e+04,4.3665859930576403e+00
2789,2.3258729778602035e+04,4.3665859930576403e+00
2888,2.0137962353543553e+04,4.3040155246395670e+00
2987,2.0137962353543553e+04,4.3040155246395670e+00
3086,2.0137962353543553e+04,4.3040155246395670e+00
3185,2.0137962353543553e+04,4.3040155246395670e+00
3284,2.0137962353543553e+04,4.3040155246395670e+00
3383,2.0137962353543553e+04,4.3040155246395670e+00
3482,2.0137962353543553e+04,4.3040155246395670e+00
3581,2.0137962353543553e+04,4.3040155246395670e+00
3680,2.0137962353543553e+04,4.3040155246395670e+00
3779,2.0137962353543553e+04,4.3040155246395670e+00
3878,2.0137962353543553e+04,4.3040155246395670e+00
3977,2.0137962353543553e+04,4.3040155246395670e+00
4076,2.0137962353543553e+04,4.3040155246395670e+00
4175,2.0137962353543553e+04,4.3040155246395670e+00
4274,2.0137962353543553e+04,4.3040155246395670e+00
4373,2.0137962353543553e+04,4.3040155246395670e+00
4472,2.0137962353543553e+04,4.3040155246395670e+00
4571,1.8215778796787545e+04,4.2604477437863881e+00
4670,1.8215778796787545e+04,4.2604477437863881e+00
4769,1.8215778796787545e+04,4.2604477437863881e+00
4868,1.8215778796787545e+04,4.2604477437863881e+00
4966,1.8165082807637489e+04,4.2592373819850282e+00
5064,1.8165082807637489e+04,4.2592373819850282e+00
5162,1.8165082807637489e+04,4.2592373819850282e+00
5260,1.8165082807637489e+04,4.2592373819850282e+00
5358,1.8111578480995086e+04,4.2579563020927571e+00
5456,1.8111578480995086e+04,4.2579563020927571e+00
5554,1.8111578480995086e+04,4.2579563020927571e+00
5652,1.8111578480995086e+04,4.2579563020927571e+00
5750,1.8111578480995086e+04,4.2579563020927571e+00
5848,1.8111578480995086e+04,4.2579563020927571e+00
5946,1.8111578480995086e+04,4.2579563020927571e+00
6044,1.8111578480995086e+04,4.2579563020927571e+00
6142,1.8111578480995086e+04,4.2579563020927571e+00
6240,1.4698110063612881e+04,4.1672614951759428e+00
6338,1.4698110063612881e+04,4.1672614951759428e+00
6436,1.4698110063612881e+04,4.1672614951759428e+00
6534,1.4698110063612881e+04,4.1672614951759428e+00
6632,1.4698110063612881e+04,4.1672614951759428e+00
6730,1.4698110063612881e+04,4.1672614951759428e+00
6828,1.4698110063612881e+04,4.1672614951759428e+00
6926,1.4698110063612881e+04,4.1672614951759428e+00
7024,1.4698110063612881e+04,4.1672614951759428e+00
7122,1.4698110063612881e+04,4.1672614951759428e+00
7220,1.4698110063612881e+04,4.1672614951759428e+00
7318,1.4698110063612881e+04,4.1672614951759428e+00
7416,1.4698110063612881e+04,4.1672614951759428e+00
7514,1.4698110063612881e+04,4.1672614951759428e+00
7612,1.4698110063612881e+04,4.1672614951759428e+00
7710,1.4437419393006418e+04,4.1594895724902292e+00
7808,1.4437419393006418e+04,4.1594895724902292e+00
7905,1.4437419393006418e+04,4.1594895724902292e+00
8002,1.4381395900352232e+04,4.1578010419855280e+00
8099,1.4381395900352232e+04,4.1578010419855280e+00
8196,1.4381395900352232e+04,4.1578010419855280e+00
8293,1.4381395900352232e+04,4.1578010419855280e+00
8390,1.4381395900352232e+04,4.1578010419855280e+00
8487,1.4381395900352232e+04,4.1578010419855280e+00
8584,1.4381395900352232e+04,4.1578010419855280e+00
8681,1.4381395900352232e+04,4.1578010419855280e+00
8778,1.4381395900352232e+04,4.1578010419855280e+00
8875,1.4381395900352232e+04,4.1578010419855280e+00
8972,1.4381395900352232e+04,4.1578010419855280e+00
9069,1.4381395900352232e+04,4.1578010419855280e+00
9166,1.4381395900352232e+04,4.1578010419855280e+00
9263,1.4381395900352232e+04,4.1578010419855280e+00
9360,1.4381395900352232e+04,4.1578010419855280e+00
9457,1.4381395900352232e+04,4.1578010419855280e+00
9554,1.4381395900352232e+04,4.1578010419855280e+00
9651,1.4381395900352232e+04,4.1578010419855280e+00
9748,1.4381395900352232e+04,4.1578010419855280e+00
9845,1.4008763843469054e+04,4.1463998141118994e+00
9942,1.4008763843469054e+04,4.1463998141118994e+00
10039,1.4008763843469054e+04,4.1463998141118994e+00
10136,1.3980832874679167e+04,4.1455330442353402e+00
10233,1.1546891516732583e+04,4.0624650856284275e+00
10330,1.1546891516732583e+04,4.0624650856284275e+00
10427,1.1546891516732583e+04,4.0624650856284275e+00
10524,1.1546891516732583e+04,4.0624650856284275e+00
10621,1.1546891516732583e+04,4.0624650856284275e+00
10717,1.1546891516732583e+04,4.0624650856284275e+00
10813,1.1546891516732583e+04,4.0624650856284275e+00
10909,1.1546891516732583e+04,4.0624650856284275e+00
11005,1.1546891516732583e+04,4.0624650856284275e+00
11101,1.1546891516732583e+04,4.0624650856284275e+00
11197,1.1546891516732583e+04,4.0624650856284275e+00
11293,1.1546891516732583e+04,4.0624650856284275e+00
11389,1.1316715318652332e+04,4.0537203909875936e+00
11485,1.1316715318652332e+04,4.0537203909875936e+00
11581,1.1316715318652332e+04,4.0537203909875936e+00
11677,1.1316715318652332e+04,4.0537203909875936e+00
11773,1.1316715318652332e+04,4.0537203909875936e+00
11869,1.1316715318652332e+04,4.0537203909875936e+00
11965,1.1316715318652332e+04,4.0537203909875936e+00
12061,1.1316715318652332e+04,4.0537203909875936e+00
12157,1.0462660716422850e+04,4.0196421422289879e+00
12253,1.0462660716422850e+04,4.0196421422289879e+00
12349,1.0462660716422850e+04,4.0196421422289879e+00
12445,1.0462660716422850e+04,4.0196421422289879e+00
12541,9.9403673438779169e+03,3.9974024339417102e+00
12637,9.9403673438779169e+03,3.9974024339417102e+00
12733,9.9403673438779169e+03,3.9974024339417102e+00
12829,9.9403673438779169e+03,3.9974024339417102e+00
12925,9.9403673438779169e+03,3.9974024339417102e+00
13021,9.9403673438779169e+03,3.9974024339417102e+00
13117,9.9403673438779169e+03,3.9974024339417102e+00
13213,9.9403673438779169e+03,3.9974024339417102e+00
13309,9.9403673438779169e+03,3.9974024339417102e+00
13405,9.9403673438779169e+03,3.9974024339417102e+00
13500,9.9403673438779169e+03,3.9974024339417102e+00
13595,9.9403673438779169e+03,3.9974024339417102e+00
13690,9.9403673438779169e+03,3.9974024339417102e+00
13785,9.9403673438779169e+03,3.9974024339417102e+00
13880,9.9403673438779169e+03,3.9974024339417102e+00
13975,9.9403673438779169e+03,3.9974024339417102e+00
14070,9.9403673438779169e+03,3.9974024339417102e+00
14165,9.9403673438779169e+03,3.9974024339417102e+00
14260,9.9403673438779169e+03,3.9974024339417102e+00
14355,9.9403673438779169e+03,3.9974024339417102e+00
14450,9.9403673438779169e+03,3.9974024339417102e+00
14545,9.9403673438779169e+03,3.9974024339417102e+00
14640,9.9403673438779169e+03,3.9974024339417102e+00
14735,9.9403673438779169e+03,3.9974024339417102e+00
14830,9.9403673438779169e+03,3.9974024339417102e+00
14925,9.9403673438779169e+03,3.9974024339417102e+00
15020,9.9403673438779169e+03,3.9974024339417102e+00
15115,9.9403673438779169e+03,3.9974024339417102e+00
15210,9.5649830778847590e+03,3.9806842060216763e+00
15305,9.5649830778847590e+03,3.9806842060216763e+00
15400,9.5649830778847590e+03,3.9806842060216763e+00
15495,9.5649830778847590e+03,3.9806842060216763e+00
15590,9.5649830778847590e+03,3.9806842060216763e+00
15685,9.2117130470760167e+03,3.9643404008496756e+00
15780,9.2117130470760167e+03,3.9643404008496756e+00
15875,9.2117130470760167e+03,3.9643404008496756e+00
15970,9.2117130470760167e+03,3.9643404008496756e+00
16065,9.2117130470760167e+03,3.9643404008496756e+00
16159,9.0699171539700055e+03,3.9576033201650573e+00
16253,8.3411722644039000e+03,3.9212270904681192e+00
16347,8.3411722644039000e+03,3.9212270904681192e+00
16441,8.3411722644039000e+03,3.9212270904681192e+00
16535,8.3411722644039000e+03,3.9212270904681192e+00
16629,8.3411722644039000e+03,3.9212270904681192e+00
16723,8.3411722644039000e+03,3.9212270904681192e+00
16817,8.3411722644039000e+03,3.9212270904681192e+00
16911,8.3411722644039000e+03,3.9212270904681192e+00
17005,8.3411722644039000e+03,3.9212270904681192e+00
17099,8.3411722644039000e+03,3.9212270904681192e+00
17193,8.3411722644039000e+03,3.9212270904681192e+00
17287,8.3411722644039000e+03,3.9212270904681192e+00
17381,8.3411722644039000e+03,3.9212270904681192e+00
17475,8.3411722644039000e+03,3.9212270904681192e+00
17569,8.3411722644039000e+03,3.9212270904681192e+00
17663,8.3411722644039000e+03,3.9212270904681192e+00
17757,8.3411722644039000e+03,3.9212270904681192e+00
17851,8.3411722644039000e+03,3.9212270904681192e+00
17945,8.3411722644039000e+03,3.9212270904681192e+00
18039,8.3411722644039000e+03,3.9212270904681192e+00
18133,8.3411722644039000e+03,3.9212270904681192e+00
18227,7.7098946541557198e+03,3.8870484440131583e+00
18321,7.7098946541557198e+03,3.8870484440131583e+00
18415,7.7098946541557198e+03,3.8870484440131583e+00
18509,7.7098946541557198e+03,3.8870484440131583e+00
18603,7.7098946541557198e+03,3.8870484440131583e+00
18697,7.7098946541557198e+03,3.8870484440131583e+00
18790,7.7098946541557198e+03,3.8870484440131583e+00
18883,7.7098946541557198e+03,3.8870484440131583e+00
18976,7.7098946541557198e+03,3.8870484440131583e+00
19069,7.7098946541557198e+03,3.8870484440131583e+00
19162,7.7098946541557198e+03,3.8870484440131583e+00
19255,7.7098946541557198e+03,3.8870484440131583e+00
19348,7.7098946541557198e+03,3.8870484440131583e+00
19441,6.8158403260387113e+03,3.8335194077075050e+00
19534,6.8158403260387113e+03,3.8335194077075050e+00
19627,6.8158403260387113e+03,3.8335194077075050e+00
19720,6.8158403260387113e+03,3.8335194077075050e+00
19813,6.8158403260387113e+03,3.8335194077075050e+00
19906,6.8158403260387113e+03,3.8335194077075050e+00
19999,6.8158403260387113e+03,3.8335194077075050e+00
20092,6.8158403260387113e+03,3.8335194077075050e+00
20185,6.8158403260387113e+03,3.8335194077075050e+00
20278,6.8158403260387113e+03,3.8335194077075050e+00
20371,6.8158403260387113e+03,3.8335194077075050e+00
20464,6.8158403260387113e+03,3.8335194077075050e+00
20557,6.8158403260387113e+03,3.8335194077075050e+00
20650,6.8158403260387113e+03,3.8335194077075050e+00
20743,6.8158403260387113e+03,3.8335194077075050e+00
20836,6.8158403260387113e+03,3.8335194077075050e+00
20929,6.8158403260387113e+03,3.8335194077075050e+00
21022,6.8158403260387113e+03,3.8335194077075050e+00
21115,6.8158403260387113e+03,3.8335194077075050e+00
21208,6.8158403260387113e+03,3.8335194077075050e+00
21300,6.8158403260387113e+03,3.8335194077075050e+00
21392,6.8158403260387113e+03,3.8335194077075050e+00
21484,6.4360530727861806e+03,3.8086196167077788e+00
21576,6.4360530727861806e+03,3.8086196167077788e+00
21668,6.4360530727861806e+03,3.8086196167077788e+00
21760,6.4360530727861806e+03,3.8086196167077788e+00
21852,6.4360530727861806e+03,3.8086196167077788e+00
21944,6.4360530727861806e+03,3.8086196167077788e+00
22036,6.4360530727861806e+03,3.8086196167077788e+00
22128,6.4360530727861806e+03,3.8086196167077788e+00
22220,6.4360530727861806e+03,3.8086196167077788e+00
22312,6.4360530727861806e+03,3.8086196167077788e+00
22404,6.4360530727861806e+03,3.8086196167077788e+00
22496,6.4360530727861806e+03,3.8086196167077788e+00
22588,6.4360530727861806e+03,3.8086196167077788e+00
22680,6.4360530727861806e+03,3.8086196167077788e+00
22772,6.4360530727861806e+03,3.8086196167077788e+00
22864,6.4360530727861806e+03,3.8086196167077788e+00
22956,6.4360530727861806e+03,3.8086196167077788e+00
23048,6.4360530727861806e+03,3.8086196167077788e+00
23140,6.4360530727861806e+03,3.8086196167077788e+00
23232,6.4360530727861806e+03,3.8086196167077788e+00
23324,6.4360530727861806e+03,3.8086196167077788e+00
23416,6.4360530727861806e+03,3.8086196167077788e+00
23508,6.4360530727861806e+03,3.8086196167077788e+00
23600,6.4360530727861806e+03,3.8086196167077788e+00
23692,6.4360530727861806e+03,3.8086196167077788e+00
23784,6.4360530727861806e+03,3.8086196167077788e+00
23875,6.3950579882354450e+03,3.8058444868688541e+00
23966,6.3950579882354450e+03,3.8058444868688541e+00
24057,6.0877687396626006e+03,3.7844581462270299e+00
24148,6.0877687396626006e+03,3.7844581462270299e+00
24239,6.0877687396626006e+03,3.7844581462270299e+00
24330,6.0877687396626006e+03,3.7844581462270299e+00
24421,6.0877687396626006e+03,3.7844581462270299e+00
24512,6.0877687396626006e+03,3.7844581462270299e+00
24603,6.0877687396626006e+03,3.7844581462270299e+00
24694,6.0877687396626006e+03,3.7844581462270299e+00
24785,6.0877687396626006e+03,3.7844581462270299e+00
24876,6.0877687396626006e+03,3.7844581462270299e+00
24967,6.0877687396626006e+03,3.7844581462270299e+00
25058,6.0877687396626006e+03,3.7844581462270299e+00
25149,5.8915123419250140e+03,3.7702267918067252e+00
25240,5.8915123419250140e+03,3.7702267918067252e+00
25331,5.8915123419250140e+03,3.7702267918067252e+00
25422,5.8915123419250140e+03,3.7702267918067252e+00
25513,5.4131628229329426e+03,3.7334510904640155e+00
25604,5.4131628229329426e+03,3.7334510904640155e+00
25695,5.4131628229329426e+03,3.7334510904640155e+00
25786,5.4131628229329426e+03,3.7334510904640155e+00
25877,5.4131628229329426e+03,3.7334510904640155e+00
25968,5.4131628229329426e+03,3.7334510904640155e+00
26059,5.4131628229329426e+03,3.7334510904640155e+00
26150,5.4131628229329426e+03,3.7334510904640155e+00
26241,5.4131628229329426e+03,3.7334510904640155e+00
26331,5.4131628229329426e+03,3.7334510904640155e+00
26421,5.4131628229329426e+03,3.7334510904640155e+00
26511,5.4131628229329426e+03,3.7334510904640155e+00
26601,5.4131628229329426e+03,3.7334510904640155e+00
26691,5.4131628229329426e+03,3.7334510904640155e+00
26781,5.4131628229329426e+03,3.7334510904640155e+00
26871,5.4131628229329426e+03,3.7334510904640155e+00
26961,5.4131628229329426e+03,3.7334510904640155e+00
27051,5.4131628229329426e+03,3.7334510904640155e+00
27141,5.4131628229329426e+03,3.7334510904640155e+00
27231,5.4131628229329426e+03,3.7334510904640155e+00
27321,5.4131628229329426e+03,3.7334510904640155e+00
27411,5.4131628229329426e+03,3.7334510904640155e+00
27501,5.4131628229329426e+03,3.7334510904640155e+00
27591,5.3417869949599035e+03,3.7276865664337864e+00
27681,5.3417869949599035e+03,3.7276865664337864e+00
27771,5.3417869949599035e+03,3.7276865664337864e+00
27861,5.3417869949599035e+03,3.7276865664337864e+00
27951,5.3417869949599035e+03,3.7276865664337864e+00
28041,5.3417869949599035e+03,3.7276865664337864e+00
28131,5.3417869949599035e+03,3.7276865664337864e+00
28221,5.3417869949599035e+03,3.7276865664337864e+00
28311,5.3417869949599035e+03,3.7276865664337864e+00
28401,5.3417869949599035e+03,3.7276865664337864e+00
28491,5.3417869949599035e+03,3.7276865664337864e+00
28581,5.3417869949599035e+03,3.7276865664337864e+00
28671,5.3417869949599035e+03,3.7276865664337864e+00
28760,5.3417869949599035e+03,3.7276865664337864e+00
28849,5.3417869949599035e+03,3.7276865664337864e+00
28938,5.3417869949599035e+03,3.7276865664337864e+00
29027,5.3417869949599035e+03,3.7276865664337864e+00
29116,5.3417869949599035e+03,3.7276865664337864e+00
29205,5.3417869949599035e+03,3.7276865664337864e+00
29294,5.3417869949599035e+03,3.7276865664337864e+00
29383,4.7256322935201433e+03,3.6744599256950092e+00
29472,4.7256322935201433e+03,3.6744599256950092e+00
29561,4.7256322935201433e+03,3.6744599256950092e+00
29650,4.7256322935201433e+03,3.6744599256950092e+00
29739,4.7256322935201433e+03,3.6744599256950092e+00
29828,4.7256322935201433e+03,3.6744599256950092e+00
29917,4.7256322935201433e+03,3.6744599256950092e+00
30006,4.7256322935201433e+03,3.6744599256950092e+00
30095,4.7256322935201433e+03,3.6744599256950092e+00
30184,4.6053726318086983e+03,3.6632647757687020e+00
30273,4.6053726318086983e+03,3.6632647757687020e+00
30362,4.6053726318086983e+03,3.6632647757687020e+00
30451,4.6053726318086983e+03,3.6632647757687020e+00
30540,4.6053726318086983e+03,3.6632647757687020e+00
30629,4.6053726318086983e+03,3.6632647757687020e+00
30718,4.6053726318086983e+03,3.6632647757687020e+00
30807,4.6053726318086983e+03,3.6632647757687020e+00
30896,4.6053726318086983e+03,3.6632647757687020e+00
30985,4.6053726318086983e+03,3.6632647757687020e+00
31074,4.6053726318086983e+03,3.6632647757687020e+00
31162,4.6053726318086983e+03,3.6632647757687020e+00
31250,4.6053726318086983e+03,3.6632647757687020e+00
31338,4.6053726318086983e+03,3.6632647757687020e+00
31426,4.6053726318086983e+03,3.6632647757687020e+00
31514,4.6053726318086983e+03,3.6632647757687020e+00
31602,4.6053726318086983e+03,3.6632647757687020e+00
31690,4.6053726318086983e+03,3.6632647757687020e+00
31778,4.6053726318086983e+03,3.6632647757687020e+00
31866,4.6053726318086983e+03,3.6632647757687020e+00
31954,4.6053726318086983e+03,3.6632647757687020e+00
32042,4.6053726318086983e+03,3.6632647757687020e+00
32130,4.6053726318086983e+03,3.6632647757687020e+00
32218,4.6053726318086983e+03,3.6632647757687020e+00
32306,4.6053726318086983e+03,3.6632647757687020e+00
32394,4.6053726318086983e+03,3.6632647757687020e+00
32482,4.6053726318086983e+03,3.6632647757687020e+00
32570,4.6053726318086983e+03,3.6632647757687020e+00
32658,4.6053726318086983e+03,3.6632647757687020e+00
32746,4.6053726318086983e+03,3.6632647757687020e+00
32834,4.6053726318086983e+03,3.6632647757687020e+00
32922,4.6053726318086983e+03,3.6632647757687020e+00
33010,4.6053726318086983e+03,3.6632647757687020e+00
33098,4.6053726318086983e+03,3.6632647757687020e+00
33186,4.6053726318086983e+03,3.6632647757687020e+00
33274,4.6053726318086983e+03,3.6632647757687020e+00
33362,4.6053726318086983e+03,3.6632647757687020e+00
33450,4.6053726318086983e+03,3.6632647757687020e+00
33537,4.6053726318086983e+03,3.6632647757687020e+00
33624,4.6053726318086983e+03,3.6632647757687020e+00
33711,4.6053726318086983e+03,3.6632647757687020e+00
33798,4.6053726318086983e+03,3.6632647757687020e+00
33885,4.6053726318086983e+03,3.6632647757687020e+00
33972,4.6053726318086983e+03,3.6632647757687020e+00
34059,4.6053726318086983e+03,3.6632647757687020e+00
34146,4.6053726318086983e+03,3.6632647757687020e+00
34233,4.6053726318086983e+03,3.6632647757687020e+00
34320,4.6053726318086983e+03,3.6632647757687020e+00
34407,4.6053726318086983e+03,3.6632647757687020e+00
34494,4.6053726318086983e+03,3.6632647757687020e+00
34581,4.6053726318086983e+03,3.6632647757687020e+00
34668,4.6053726318086983e+03,3.6632647757687020e+00
34755,4.6053726318086983e+03,3.6632647757687020e+00
34842,4.6053726318086983e+03,3.6632647757687020e+00
34929,4.6053726318086983e+03,3.6632647757687020e+00
35016,4.6053726318086983e+03,3.6632647757687020e+00
35103,4.6053726318086983e+03,3.6632647757687020e+00
35190,4.6053726318086983e+03,3.6632647757687020e+00
35277,4.6053726318086983e+03,3.6632647757687020e+00
35364,4.6053726318086983e+03,3.6632647757687020e+00
35451,4.6053726318086983e+03,3.6632647757687020e+00
35538,4.6053726318086983e+03,3.6632647757687020e+00
35625,4.6053726318086983e+03,3.6632647757687020e+00
35712,4.6053726318086983e+03,3.6632647757687020e+00
35799,4.6053726318086983e+03,3.6632647757687020e+00
35885,4.6053726318086983e+03,3.6632647757687020e+00
35971,4.6053726318086983e+03,3.6632647757687020e+00
36057,4.6053726318086983e+03,3.6632647757687020e+00
36143,4.6053726318086983e+03,3.6632647757687020e+00
36229,4.6053726318086983e+03,3.6632647757687020e+00
36315,4.6053726318086983e+03,3.6632647757687020e+00
36401,4.6053726318086983e+03,3.6632647757687020e+00
36487,4.6053726318086983e+03,3.6632647757687020e+00
36573,4.6053726318086983e+03,3.6632647757687020e+00
36659,4.6053726318086983e+03,3.6632647757687020e+00
36745,4.6053726318086983e+03,3.6632647757687020e+00
36831,4.6053726318086983e+03,3.6632647757687020e+00
36917,4.6053726318086983e+03,3.6632647757687020e+00
37003,4.6053726318086983e+03,3.6632647757687020e+00
37089,4.6053726318086983e+03,3.6632647757687020e+00
37175,4.6053726318086983e+03,3.6632647757687020e+00
37261,4.6053726318086983e+03,3.6632647757687020e+00
37347,4.6053726318086983e+03,3.6632647757687020e+00
37433,4.5478641569987731e+03,3.6578074839957058e+00
37519,4.5478641569987731e+03,3.6578074839957058e+00
37605,4.5478641569987731e+03,3.6578074839957058e+00
37691,4.5478641569987731e+03,3.6578074839957058e+00
37777,4.5478641569987731e+03,3.6578074839957058e+00
37863,4.5478641569987731e+03,3.6578074839957058e+00
37949,4.5478641569987731e+03,3.6578074839957058e+00
38035,4.5478641569987731e+03,3.6578074839957058e+00
38121,4.5478641569987731e+03,3.6578074839957058e+00
38206,4.5478641569987731e+03,3.6578074839957058e+00
38291,4.5478641569987731e+03,3.6578074839957058e+00
38376,4.5478641569987731e+03,3.6578074839957058e+00
38461,4.5478641569987731e+03,3.6578074839957058e+00
38546,4.5478641569987731e+03,3.6578074839957058e+00
38631,4.5478641569987731e+03,3.6578074839957058e+00
38716,4.5478641569987731e+03,3.6578074839957058e+00
38801,4.5478641569987731e+03,3.6578074839957058e+00
38886,4.5478641569987731e+03,3.6578074839957058e+00
38971,4.5478641569987731e+03,3.6578074839957058e+00
39056,4.5478641569987731e+03,3.6578074839957058e+00
39141,4.5478641569987731e+03,3.6578074839957058e+00
39226,4.5478641569987731e+03,3.6578074839957058e+00
39311,4.5478641569987731e+03,3.6578074839957058e+00
39396,4.5478641569987731e+03,3.6578074839957058e+00
39481,4.5478641569987731e+03,3.6578074839957058e+00
39566,4.5478641569987731e+03,3.6578074839957058e+00
39651,4.5478641569987731e+03,3.6578074839957058e+00
39736,4.5478641569987731e+03,3.6578074839957058e+00
39821,4.5478641569987731e+03,3.6578074839957058e+00
39906,4.5478641569987731e+03,3.6578074839957058e+00
39991,4.5478641569987731e+03,3.6578074839957058e+00
40076,4.5478641569987731e+03,3.6578074839957058e+00
40161,4.5478641569987731e+03,3.6578074839957058e+00
40246,4.5478641569987731e+03,3.6578074839957058e+00
40331,4.5478641569987731e+03,3.6578074839957058e+00
40416,4.5478641569987731e+03,3.6578074839957058e+00
40500,4.5478641569987731e+03,3.6578074839957058e+00
40584,4.5478641569987731e+03,3.6578074839957058e+00
40668,4.5478641569987731e+03,3.6578074839957058e+00
40752,4.5478641569987731e+03,3.6578074839957058e+00
40836,4.5478641569987731e+03,3.6578074839957058e+00
40920,4.5478641569987731e+03,3.6578074839957058e+00
41004,4.5478641569987731e+03,3.6578074839957058e+00
41088,4.5478641569987731e+03,3.6578074839957058e+00
41172,4.5478641569987731e+03,3.6578074839957058e+00
41256,4.5478641569987731e+03,3.6578074839957058e+00
41340,4.5478641569987731e+03,3.6578074839957058e+00
41424,4.5478641569987731e+03,3.6578074839957058e+00
41508,4.5478641569987731e+03,3.6578074839957058e+00
41592,4.5478641569987731e+03,3.6578074839957058e+00
41676,4.5478641569987731e+03,3.6578074839957058e+00
41760,4.5478641569987731e+03,3.6578074839957058e+00
41844,4.5478641569987731e+03,3.6578074839957058e+00
41928,4.5478641569987731e+03,3.6578074839957058e+00
42012,4.5478641569987731e+03,3.6578074839957058e+00
42096,4.5478641569987731e+03,3.6578074839957058e+00
42180,3.9890013186295382e+03,3.6008641798729975e+00
42264,3.9890013186295382e+03,3.6008641798729975e+00
42348,3.9890013186295382e+03,3.6008641798729975e+00
42432,3.9890013186295382e+03,3.6008641798729975e+00
42516,3.9890013186295382e+03,3.6008641798729975e+00
42600,3.9890013186295382e+03,3.6008641798729975e+00
42684,3.9890013186295382e+03,3.6008641798729975e+00
42767,3.9890013186295382e+03,3.6008641798729975e+00
42850,3.9890013186295382e+03,3.6008641798729975e+00
42933,3.9890013186295382e+03,3.6008641798729975e+00
43016,3.9890013186295382e+03,3.6008641798729975e+00
43099,3.9890013186295382e+03,3.6008641798729975e+00
43182,3.9890013186295382e+03,3.6008641798729975e+00
43265,3.9890013186295382e+03,3.6008641798729975e+00
43348,3.9890013186295382e+03,3.6008641798729975e+00
43431,3.9890013186295382e+03,3.6008641798729975e+00
43514,3.9890013186295382e+03,3.6008641798729975e+00
43597,3.9890013186295382e+03,3.6008641798729975e+00
43680,3.9890013186295382e+03,3.6008641798729975e+00
43763,3.6822071466715070e+03,3.5661082165758877e+00
43846,3.6822071466715070e+03,3.5661082165758877e+00
43929,3.6822071466715070e+03,3.5661082165758877e+00
44012,3.6822071466715070e+03,3.5661082165758877e+00
44095,3.6822071466715070e+03,3.5661082165758877e+00
44178,3.6822071466715070e+03,3.5661082165758877e+00
44261,3.6822071466715070e+03,3.5661082165758877e+00
44344,3.6822071466715070e+03,3.5661082165758877e+00
44427,3.6822071466715070e+03,3.5661082165758877e+00
44510,3.6822071466715070e+03,3.5661082165758877e+00
44593,3.6822071466715070e+03,3.5661082165758877e+00
44676,3.6822071466715070e+03,3.5661082165758877e+00
44759,3.6822071466715070e+03,3.5661082165758877e+00
44842,3.6822071466715070e+03,3.5661082165758877e+00
44925,3.6822071466715070e+03,3.5661082165758877e+00
45007,3.6822071466715070e+03,3.5661082165758877e+00
45089,3.6822071466715070e+03,3.5661082165758877e+00
45171,3.6822071466715070e+03,3.5661082165758877e+00
45253,3.6822071466715070e+03,3.5661082165758877e+00
45335,3.6822071466715070e+03,3.5661082165758877e+00
45417,3.6822071466715070e+03,3.5661082165758877e+00
45499,3.6822071466715070e+03,3.5661082165758877e+00
45581,3.6822071466715070e+03,3.5661082165758877e+00
45663,3.6822071466715070e+03,3.5661082165758877e+00
45745,3.6822071466715070e+03,3.5661082165758877e+00
45827,3.6822071466715070e+03,3.5661082165758877e+00
45909,3.6822071466715070e+03,3.5661082165758877e+00
45991,3.6822071466715070e+03,3.5661082165758877e+00
46073,3.6822071466715070e+03,3.5661082165758877e+00
46155,3.6822071466715070e+03,3.5661082165758877e+00
46237,3.6822071466715070e+03,3.5661082165758877e+00
46319,3.6822071466715070e+03,3.5661082165758877e+00
46401,3.6822071466715070e+03,3.5661082165758877e+00
46483,3.6822071466715070e+03,3.5661082165758877e+00
46565,3.5685684429166672e+03,3.5524940306700765e+00
46647,3.5685684429166672e+03,3.5524940306700765e+00
46729,3.5685684429166672e+03,3.5524940306700765e+00
46811,3.5685684429166672e+03,3.5524940306700765e+00
46893,3.5685684429166672e+03,3.5524940306700765e+00
46975,3.5685684429166672e+03,3.5524940306700765e+00
47057,3.5685684429166672e+03,3.5524940306700765e+00
47139,3.5685684429166672e+03,3.5524940306700765e+00
47221,3.5685684429166672e+03,3.5524940306700765e+00
47302,3.5685684429166672e+03,3.5524940306700765e+00
47383,3.5685684429166672e+03,3.5524940306700765e+00
47464,3.5685684429166672e+03,3.5524940306700765e+00
47545,3.5685684429166672e+03,3.5524940306700765e+00
47626,3.5685684429166672e+03,3.5524940306700765e+00
47707,3.5685684429166672e+03,3.5524940306700765e+00
47788,3.5685684429166672e+03,3.5524940306700765e+00
47869,3.5685684429166672e+03,3.5524940306700765e+00
47950,3.5685684429166672e+03,3.5524940306700765e+00
48031,3.5685684429166672e+03,3.5524940306700765e+00
48112,3.5685684429166672e+03,3.5524940306700765e+00
48193,3.5685684429166672e+03,3.5524940306700765e+00
48274,3.5685684429166672e+03,3.5524940306700765e+00
48355,3.5685684429166672e+03,3.5524940306700765e+00
48436,3.5685684429166672e+03,3.5524940306700765e+00
48517,3.5685684429166672e+03,3.5524940306700765e+00
48598,3.5685684429166672e+03,3.5524940306700765e+00
48679,3.5685684429166672e+03,3.5524940306700765e+00
48760,3.5685684429166672e+03,3.5524940306700765e+00
48841,3.5685684429166672e+03,3.5524940306700765e+00
48922,3.5685684429166672e+03,3.5524940306700765e+00
49003,3.5685684429166672e+03,3.5524940306700765e+00
49084,3.5685684429166672e+03,3.5524940306700765e+00
49165,3.5685684429166672e+03,3.5524940306700765e+00
49246,3.5685684429166672e+03,3.5524940306700765e+00
49327,3.5685684429166672e+03,3.5524940306700765e+00
49408,3.4511270080441450e+03,3.5379609424493368e+00
49488,3.4511270080441450e+03,3.5379609424493368e+00
49568,3.4511270080441450e+03,3.5379609424493368e+00
49648,3.4511270080441450e+03,3.5379609424493368e+00
49728,3.4511270080441450e+03,3.5379609424493368e+00
49808,3.4511270080441450e+03,3.5379609424493368e+00
49888,3.4511270080441450e+03,3.5379609424493368e+00
49968,3.4511270080441450e+03,3.5379609424493368e+00
50048,3.4511270080441450e+03,3.5379609424493368e+00
50128,3.4511270080441450e+03,3.5379609424493368e+00
50208,3.4511270080441450e+03,3.5379609424493368e+00
50288,3.4511270080441450e+03,3.5379609424493368e+00
50368,3.4511270080441450e+03,3.5379609424493368e+00
50448,3.4511270080441450e+03,3.5379609424493368e+00
50528,3.4511270080441450e+03,3.5379609424493368e+00
50608,3.4511270080441450e+03,3.5379609424493368e+00
50688,3.4511270080441450e+03,3.5379609424493368e+00
50768,3.0059391001849558e+03,3.4779801776076620e+00
50848,3.0059391001849558e+03,3.4779801776076620e+00
50928,3.0059391001849558e+03,3.4779801776076620e+00
51008,3.0059391001849558e+03,3.4779801776076620e+00
51088,3.0059391001849558e+03,3.4779801776076620e+00
51168,3.0059391001849558e+03,3.4779801776076620e+00
51248,3.0059391001849558e+03,3.4779801776076620e+00
51328,3.0059391001849558e+03,3.4779801776076620e+00
51408,3.0059391001849558e+03,3.4779801776076620e+00
51488,3.0059391001849558e+03,3.4779801776076620e+00
51568,3.0059391001849558e+03,3.4779801776076620e+00
51648,3.0059391001849558e+03,3.4779801776076620e+00
51727,3.0059391001849558e+03,3.4779801776076620e+00
51806,3.0059391001849558e+03,3.4779801776076620e+00
51885,3.0059391001849558e+03,3.4779801776076620e+00
51964,3.0059391001849558e+03,3.4779801776076620e+00
52043,3.0059391001849558e+03,3.4779801776076620e+00
52122,3.0059391001849558e+03,3.4779801776076620e+00
52201,3.0059391001849558e+03,3.4779801776076620e+00
52280,3.0059391001849558e+03,3.4779801776076620e+00
52359,3.0059391001849558e+03,3.4779801776076620e+00
52438,3.0059391001849558e+03,3.4779801776076620e+00
52517,3.0059391001849558e+03,3.4779801776076620e+00
52596,3.0059391001849558e+03,3.4779801776076620e+00
52675,3.0059391001849558e+03,3.4779801776076620e+00
52754,3.0059391001849558e+03,3.4779801776076620e+00
52833,3.0059391001849558e+03,3.4779801776076620e+00
52912,3.0059391001849558e+03,3.4779801776076620e+00
52991,3.0059391001849558e+03,3.4779801776076620e+00
53070,3.0059391001849558e+03,3.4779801776076620e+00
53149,3.0059391001849558e+03,3.4779801776076620e+00
53228,3.0059391001849558e+03,3.4779801776076620e+00
53307,3.0059391001849558e+03,3.4779801776076620e+00
53386,3.0059391001849558e+03,3.4779801776076620e+00
53465,3.0059391001849558e+03,3.4779801776076620e+00
53544,3.0059391001849558e+03,3.4779801776076620e+00
53623,3.0059391001849558e+03,3.4779801776076620e+00
53702,3.0059391001849558e+03,3.4779801776076620e+00
53781,3.0059391001849558e+03,3.4779801776076620e+00
53860,3.0059391001849558e+03,3.4779801776076620e+00
53938,3.0059391001849558e+03,3.4779801776076620e+00
54016,3.0059391001849558e+03,3.4779801776076620e+00
54094,3.0059391001849558e+03,3.4779801776076620e+00
54172,3.0059391001849558e+03,3.4779801776076620e+00
54250,3.0059391001849558e+03,3.4779801776076620e+00
54328,3.0059391001849558e+03,3.4779801776076620e+00
54406,3.0059391001849558e+03,3.4779801776076620e+00
54484,3.0059391001849558e+03,3.4779801776076620e+00
54562,3.0059391001849558e+03,3.4779801776076620e+00
54640,3.0059391001849558e+03,3.4779801776076620e+00
54718,3.0059391001849558e+03,3.4779801776076620e+00
54796,3.0059391001849558e+03,3.4779801776076620e+00
54874,3.0059391001849558e+03,3.4779801776076620e+00
54952,3.0059391001849558e+03,3.4779801776076620e+00
55030,3.0059391001849558e+03,3.4779801776076620e+00
55108,3.0059391001849558e+03,3.4779801776076620e+00
55186,3.0059391001849558e+03,3.4779801776076620e+00
55264,3.0059391001849558e+03,3.4779801776076620e+00
55342,3.0059391001849558e+03,3.4779801776076620e+00
55420,3.0059391001849558e+03,3.4779801776076620e+00
55498,3.0059391001849558e+03,3.4779801776076620e+00
55576,3.0059391001849558e+03,3.4779801776076620e+00
55654,3.0059391001849558e+03,3.4779801776076620e+00
55732,3.0059391001849558e+03,3.4779801776076620e+00
55810,3.0059391001849558e+03,3.4779801776076620e+00
55888,3.0059391001849558e+03,3.4779801776076620e+00
55966,3.0059391001849558e+03,3.4779801776076620e+00
56044,3.0059391001849558e+03,3.4779801776076620e+00
56122,3.0059391001849558e+03,3.4779801776076620e+00
56199,3.0059391001849558e+03,3.4779801776076620e+00
56276,3.0059391001849558e+03,3.4779801776076620e+00
56353,3.0059391001849558e+03,3.4779801776076620e+00
56430,3.0059391001849558e+03,3.4779801776076620e+00
56507,3.0059391001849558e+03,3.4779801776076620e+00
56584,3.0059391001849558e+03,3.4779801776076620e+00
56661,3.0059391001849558e+03,3.4779801776076620e+00
56738,3.0059391001849558e+03,3.4779801776076620e+00
56815,3.0059391001849558e+03,3.4779801776076620e+00
56892,3.0059391001849558e+03,3.4779801776076620e+00
56969,3.0059391001849558e+03,3.4779801776076620e+00
57046,3.0059391001849558e+03,3.4779801776076620e+00
57123,3.0059391001849558e+03,3.4779801776076620e+00
57200,3.0059391001849558e+03,3.4779801776076620e+00
57277,3.0059391001849558e+03,3.4779801776076620e+00
57354,3.0059391001849558e+03,3.4779801776076620e+00
57431,3.0059391001849558e+03,3.4779801776076620e+00
57508,3.0059391001849558e+03,3.4779801776076620e+00
57585,3.0059391001849558e+03,3.4779801776076620e+00
57662,3.0059391001849558e+03,3.4779801776076620e+00
57739,3.0059391001849558e+03,3.4779801776076620e+00
57816,3.0059391001849558e+03,3.4779801776076620e+00
57893,3.0059391001849558e+03,3.4779801776076620e+00
57970,3.0059391001849558e+03,3.4779801776076620e+00
58047,3.0059391001849558e+03,3.4779801776076620e+00
58124,3.0059391001849558e+03,3.4779801776076620e+00
58201,3.0059391001849558e+03,3.4779801776076620e+00
58278,3.0059391001849558e+03,3.4779801776076620e+00
58354,3.0059391001849558e+03,3.4779801776076620e+00
58430,2.9537037736180587e+03,3.4703669378500095e+00
58506,2.9537037736180587e+03,3.4703669378500095e+00
58582,2.9537037736180587e+03,3.4703669378500095e+00
58658,2.9537037736180587e+03,3.4703669378500095e+00
58734,2.9537037736180587e+03,3.4703669378500095e+00
58810,2.9537037736180587e+03,3.4703669378500095e+00
58886,2.9537037736180587e+03,3.4703669378500095e+00
58962,2.9537037736180587e+03,3.4703669378500095e+00
59038,2.9537037736180587e+03,3.4703669378500095e+00
59114,2.9537037736180587e+03,3.4703669378500095e+00
59190,2.9537037736180587e+03,3.4703669378500095e+00
59266,2.9537037736180587e+03,3.4703669378500095e+00
59342,2.8213215913362974e+03,3.4504525924944405e+00
59418,2.8213215913362974e+03,3.4504525924944405e+00
59494,2.8213215913362974e+03,3.4504525924944405e+00
59570,2.8213215913362974e+03,3.4504525924944405e+00
59646,2.8213215913362974e+03,3.4504525924944405e+00
59722,2.8213215913362974e+03,3.4504525924944405e+00
59798,2.8213215913362974e+03,3.4504525924944405e+00
59874,2.8213215913362974e+03,3.4504525924944405e+00
59950,2.8213215913362974e+03,3.4504525924944405e+00
60026,2.3533402757095600e+03,3.3716847275068891e+00
60102,2.3533402757095600e+03,3.3716847275068891e+00
60178,2.3533402757095600e+03,3.3716847275068891e+00
60254,2.3533402757095600e+03,3.3716847275068891e+00
60330,2.3533402757095600e+03,3.3716847275068891e+00
60406,2.3533402757095600e+03,3.3716847275068891e+00
60482,2.3533402757095600e+03,3.3716847275068891e+00
60557,2.3533402757095600e+03,3.3716847275068891e+00
60632,2.3533402757095600e+03,3.3716847275068891e+00
60707,2.3533402757095600e+03,3.3716847275068891e+00
60782,2.3533402757095600e+03,3.3716847275068891e+00
60857,2.3533402757095600e+03,3.3716847275068891e+00
60932,2.3533402757095600e+03,3.3716847275068891e+00
61007,2.3533402757095600e+03,3.3716847275068891e+00
61082,2.3533402757095600e+03,3.3716847275068891e+00
61157,2.3533402757095600e+03,3.3716847275068891e+00
61232,2.3533402757095600e+03,3.3716847275068891e+00
61307,2.3533402757095600e+03,3.3716847275068891e+00
61382,2.3533402757095600e+03,3.3716847275068891e+00
61457,2.3533402757095600e+03,3.3716847275068891e+00
61532,2.3533402757095600e+03,3.3716847275068891e+00
61607,2.3533402757095600e+03,3.3716847275068891e+00
61682,2.3533402757095600e+03,3.3716847275068891e+00
61757,2.3533402757095600e+03,3.3716847275068891e+00
61832,2.3533402757095600e+03,3.3716847275068891e+00
61907,2.3533402757095600e+03,3.3716847275068891e+00
61982,2.3533402757095600e+03,3.3716847275068891e+00
62057,2.3533402757095600e+03,3.3716847275068891e+00
62132,2.3533402757095600e+03,3.3716847275068891e+00
62207,2.3533402757095600e+03,3.3716847275068891e+00
62282,2.3533402757095600e+03,3.3716847275068891e+00
62357,2.3533402757095600e+03,3.3716847275068891e+00
62432,2.3533402757095600e+03,3.3716847275068891e+00
62507,2.3533402757095600e+03,3.3716847275068891e+00
62582,2.3533402757095600e+03,3.3716847275068891e+00
62657,2.3533402757095600e+03,3.3716847275068891e+00
62732,2.3533402757095600e+03,3.3716847275068891e+00
62806,2.3533402757095600e+03,3.3716847275068891e+00
62880,2.3533402757095600e+03,3.3716847275068891e+00
62954,2.3533402757095600e+03,3.3716847275068891e+00
63028,2.3533402757095600e+03,3.3716847275068891e+00
63102,2.3533402757095600e+03,3.3716847275068891e+00
63176,2.3533402757095600e+03,3.3716847275068891e+00
63250,2.3533402757095600e+03,3.3716847275068891e+00
63324,2.3533402757095600e+03,3.3716847275068891e+00
63398,2.3533402757095600e+03,3.3716847275068891e+00
63472,2.3533402757095600e+03,3.3716847275068891e+00
63546,2.3533402757095600e+03,3.3716847275068891e+00
63620,2.3533402757095600e+03,3.3716847275068891e+00
63694,2.3533402757095600e+03,3.3716847275068891e+00
63768,2.3533402757095600e+03,3.3716847275068891e+00
63842,2.3533402757095600e+03,3.3716847275068891e+00
63916,2.3533402757095600e+03,3.3716847275068891e+00
63990,2.3533402757095600e+03,3.3716847275068891e+00
64064,2.3533402757095600e+03,3.3716847275068891e+00
64138,2.3533402757095600e+03,3.3716847275068891e+00
64212,2.3533402757095600e+03,3.3716847275068891e+00
64286,2.3533402757095600e+03,3.3716847275068891e+00
64360,2.3533402757095600e+03,3.3716847275068891e+00
64434,2.3533402757095600e+03,3.3716847275068891e+00
64508,2.3533402757095600e+03,3.3716847275068891e+00
64582,2.3387612360599651e+03,3.3689858869846541e+00
64656,2.3387612360599651e+03,3.3689858869846541e+00
64730,2.3387612360599651e+03,3.3689858869846541e+00
64804,2.3387612360599651e+03,3.3689858869846541e+00
64878,2.3387612360599651e+03,3.3689858869846541e+00
64951,2.3387612360599651e+03,3.3689858869846541e+00
65024,2.3387612360599651e+03,3.3689858869846541e+00
65097,2.3387612360599651e+03,3.3689858869846541e+00
65170,2.3387612360599651e+03,3.3689858869846541e+00
65243,2.3387612360599651e+03,3.3689858869846541e+00
65316,2.3387612360599651e+03,3.3689858869846541e+00
65389,2.3387612360599651e+03,3.3689858869846541e+00
65462,2.3387612360599651e+03,3.3689858869846541e+00
65535,2.3387612360599651e+03,3.3689858869846541e+00
65608,2.3387612360599651e+03,3.3689858869846541e+00
65681,2.3387612360599651e+03,3.3689858869846541e+00
65754,2.3387612360599651e+03,3.3689858869846541e+00
65827,2.3387612360599651e+03,3.3689858869846541e+00
65900,2.3387612360599651e+03,3.3689858869846541e+00
65973,2.3387612360599651e+03,3.3689858869846541e+00
66046,2.3387612360599651e+03,3.3689858869846541e+00
66119,2.3387612360599651e+03,3.3689858869846541e+00
66192,2.3387612360599651e+03,3.3689858869846541e+00
66265,2.3387612360599651e+03,3.3689858869846541e+00
66338,2.3387612360599651e+03,3.3689858869846541e+00
66411,2.3387612360599651e+03,3.3689858869846541e+00
66484,2.3378562679840165e+03,3.3688178071080128e+00
66557,2.3378562679840165e+03,3.3688178071080128e+00
66630,2.3378562679840165e+03,3.3688178071080128e+00
66703,2.3378562679840165e+03,3.3688178071080128e+00
66776,2.3378562679840165e+03,3.3688178071080128e+00
66849,2.3378562679840165e+03,3.3688178071080128e+00
66922,2.2526239887975280e+03,3.3526887047204093e+00
66995,2.2526239887975280e+03,3.3526887047204093e+00
67068,2.2526239887975280e+03,3.3526887047204093e+00
67141,2.2526239887975280e+03,3.3526887047204093e+00
67213,2.2526239887975280e+03,3.3526887047204093e+00
67285,2.2526239887975280e+03,3.3526887047204093e+00
67357,2.2526239887975280e+03,3.3526887047204093e+00
67429,2.2526239887975280e+03,3.3526887047204093e+00
67501,2.2526239887975280e+03,3.3526887047204093e+00
67573,2.2526239887975280e+03,3.3526887047204093e+00
67645,2.2526239887975280e+03,3.3526887047204093e+00
67717,2.2526239887975280e+03,3.3526887047204093e+00
67789,2.2526239887975280e+03,3.3526887047204093e+00
67861,2.2526239887975280e+03,3.3526887047204093e+00
67933,2.2526239887975280e+03,3.3526887047204093e+00
68005,2.2526239887975280e+03,3.3526887047204093e+00
68077,2.2526239887975280e+03,3.3526887047204093e+00
68149,2.2526239887975280e+03,3.3526887047204093e+00
68221,2.2526239887975280e+03,3.3526887047204093e+00
68293,2.2526239887975280e+03,3.3526887047204093e+00
68365,2.2526239887975280e+03,3.3526887047204093e+00
68437,2.2526239887975280e+03,3.3526887047204093e+00
68509,2.2526239887975280e+03,3.3526887047204093e+00
68581,2.2526239887975280e+03,3.3526887047204093e+00
68653,2.2526239887975280e+03,3.3526887047204093e+00
68725,2.2526239887975280e+03,3.3526887047204093e+00
68797,2.2526239887975280e+03,3.3526887047204093e+00
68869,2.2526239887975280e+03,3.3526887047204093e+00
68941,2.2526239887975280e+03,3.3526887047204093e+00
69013,2.0929928016313106e+03,3.3207677346849951e+00
69085,2.0929928016313106e+03,3.3207677346849951e+00
69157,2.0929928016313106e+03,3.3207677346849951e+00
69229,2.0929928016313106e+03,3.3207677346849951e+00
69301,2.0929928016313106e+03,3.3207677346849951e+00
69372,2.0929928016313106e+03,3.3207677346849951e+00
69443,2.0929928016313106e+03,3.3207677346849951e+00
69514,2.0929928016313106e+03,3.3207677346849951e+00
69585,2.0589854637847766e+03,3.3136532805566699e+00
69656,2.0589854637847766e+03,3.3136532805566699e+00
69727,2.0589854637847766e+03,3.3136532805566699e+00
69798,2.0589854637847766e+03,3.3136532805566699e+00
69869,2.0589854637847766e+03,3.3136532805566699e+00
69940,2.0589854637847766e+03,3.3136532805566699e+00
70011,2.0589854637847766e+03,3.3136532805566699e+00
70082,2.0589854637847766e+03,3.3136532805566699e+00
70153,2.0589854637847766e+03,3.3136532805566699e+00
70224,2.0589854637847766e+03,3.3136532805566699e+00
70295,1.9362850384262874e+03,3.2869692896994818e+00
70366,1.9362850384262874e+03,3.2869692896994818e+00
70437,1.9362850384262874e+03,3.2869692896994818e+00
70508,1.9362850384262874e+03,3.2869692896994818e+00
70579,1.9362850384262874e+03,3.2869692896994818e+00
70650,1.9362850384262874e+03,3.2869692896994818e+00
70721,1.9362850384262874e+03,3.2869692896994818e+00
70792,1.9362850384262874e+03,3.2869692896994818e+00
70863,1.9362850384262874e+03,3.2869692896994818e+00
70934,1.9362850384262874e+03,3.2869692896994818e+00
71005,1.9362850384262874e+03,3.2869692896994818e+00
71076,1.9362850384262874e+03,3.2869692896994818e+00
71147,1.9362850384262874e+03,3.2869692896994818e+00
71218,1.6022515878685163e+03,3.2047307106522305e+00
71289,1.6022515878685163e+03,3.2047307106522305e+00
71360,1.6022515878685163e+03,3.2047307106522305e+00
71431,1.6022515878685163e+03,3.2047307106522305e+00
71502,1.6022515878685163e+03,3.2047307106522305e+00
71572,1.6022515878685163e+03,3.2047307106522305e+00
71642,1.6022515878685163e+03,3.2047307106522305e+00
71712,1.6022515878685163e+03,3.2047307106522305e+00
71782,1.6022515878685163e+03,3.2047307106522305e+00
71852,1.6022515878685163e+03,3.2047307106522305e+00
71922,1.6022515878685163e+03,3.2047307106522305e+00
71992,1.6022515878685163e+03,3.2047307106522305e+00
72062,1.6022515878685163e+03,3.2047307106522305e+00
72132,1.6022515878685163e+03,3.2047307106522305e+00
72202,1.6022515878685163e+03,3.2047307106522305e+00
72272,1.6022515878685163e+03,3.2047307106522305e+00
72342,1.6022515878685163e+03,3.2047307106522305e+00
72412,1.6022515878685163e+03,3.2047307106522305e+00
72482,1.6022515878685163e+03,3.2047307106522305e+00
72552,1.6022515878685163e+03,3.2047307106522305e+00
72622,1.6022515878685163e+03,3.2047307106522305e+00
72692,1.6022515878685163e+03,3.2047307106522305e+00
72762,1.6022515878685163e+03,3.2047307106522305e+00
72832,1.5477704504713797e+03,3.1897065509942282e+00
72902,1.5008280993093431e+03,3.1763309522055336e+00
72972,1.5008280993093431e+03,3.1763309522055336e+00
73042,1.4184833628143633e+03,3.1518242463847512e+00
73112,1.4184833628143633e+03,3.1518242463847512e+00
73182,1.4184833628143633e+03,3.1518242463847512e+00
73252,1.4184833628143633e+03,3.1518242463847512e+00
73322,1.4184833628143633e+03,3.1518242463847512e+00
73392,1.4184833628143633e+03,3.1518242463847512e+00
73462,1.4184833628143633e+03,3.1518242463847512e+00
73532,1.4184833628143633e+03,3.1518242463847512e+00
73602,1.4184833628143633e+03,3.1518242463847512e+00
73672,1.4184833628143633e+03,3.1518242463847512e+00
73741,1.4184833628143633e+03,3.1518242463847512e+00
73810,1.4184833628143633e+03,3.1518242463847512e+00
73879,1.4184833628143633e+03,3.1518242463847512e+00
73948,1.4184833628143633e+03,3.1518242463847512e+00
74017,1.4184833628143633e+03,3.1518242463847512e+00
74086,1.4184833628143633e+03,3.1518242463847512e+00
74155,1.4184833628143633e+03,3.1518242463847512e+00
74224,1.4184833628143633e+03,3.1518242463847512e+00
74293,1.4184833628143633e+03,3.1518242463847512e+00
74362,1.4184833628143633e+03,3.1518242463847512e+00
74431,1.4184833628143633e+03,3.1518242463847512e+00
74500,1.4184833628143633e+03,3.1518242463847512e+00
74569,1.4184833628143633e+03,3.1518242463847512e+00
74638,1.4184833628143633e+03,3.1518242463847512e+00
74707,1.4184833628143633e+03,3.1518242463847512e+00
74776,1.4184833628143633e+03,3.1518242463847512e+00
74845,1.4184833628143633e+03,3.1518242463847512e+00
74914,1.4184833628143633e+03,3.1518242463847512e+00
74983,1.4184833628143633e+03,3.1518242463847512e+00
75052,1.4129873272296118e+03,3.1501382667750053e+00
75121,1.4129873272296118e+03,3.1501382667750053e+00
75190,1.4129873272296118e+03,3.1501382667750053e+00
75259,1.4129873272296118e+03,3.1501382667750053e+00
75328,1.4129873272296118e+03,3.1501382667750053e+00
75397,1.4129873272296118e+03,3.1501382667750053e+00
75466,1.4129873272296118e+03,3.1501382667750053e+00
75535,1.4129873272296118e+03,3.1501382667750053e+00
75604,1.4129873272296118e+03,3.1501382667750053e+00
75673,1.4129873272296118e+03,3.1501382667750053e+00
75742,1.4129873272296118e+03,3.1501382667750053e+00
75811,1.4129873272296118e+03,3.1501382667750053e+00
75880,1.4129873272296118e+03,3.1501382667750053e+00
75948,1.4129873272296118e+03,3.1501382667750053e+00
76016,1.4129873272296118e+03,3.1501382667750053e+00
76084,1.4129873272296118e+03,3.1501382667750053e+00
76152,1.4129873272296118e+03,3.1501382667750053e+00
76220,1.1935849647592111e+03,3.0768533394824518e+00
76288,1.1935849647592111e+03,3.0768533394824518e+00
76356,1.1935849647592111e+03,3.0768533394824518e+00
76424,1.1935849647592111e+03,3.0768533394824518e+00
76492,1.1880608600638161e+03,3.0748386885516434e+00
76560,1.1880608600638161e+03,3.0748386885516434e+00
76628,1.1880608600638161e+03,3.0748386885516434e+00
76696,1.1880608600638161e+03,3.0748386885516434e+00
76764,1.1880608600638161e+03,3.0748386885516434e+00
76832,1.1880608600638161e+03,3.0748386885516434e+00
76900,1.1880608600638161e+03,3.0748386885516434e+00
76968,1.1880608600638161e+03,3.0748386885516434e+00
77036,1.1880608600638161e+03,3.0748386885516434e+00
77104,1.1880608600638161e+03,3.0748386885516434e+00
77172,1.1880608600638161e+03,3.0748386885516434e+00
77240,1.1880608600638161e+03,3.0748386885516434e+00
77308,1.1880608600638161e+03,3.0748386885516434e+00
77376,1.1880608600638161e+03,3.0748386885516434e+00
77444,1.1880608600638161e+03,3.0748386885516434e+00
77512,1.1880608600638161e+03,3.0748386885516434e+00
77580,1.1880608600638161e+03,3.0748386885516434e+00
77648,1.1880608600638161e+03,3.0748386885516434e+00
77716,1.1880608600638161e+03,3.0748386885516434e+00
77784,1.1880608600638161e+03,3.0748386885516434e+00
77852,1.1880608600638161e+03,3.0748386885516434e+00
77920,1.1880608600638161e+03,3.0748386885516434e+00
77988,1.1880608600638161e+03,3.0748386885516434e+00
78056,1.1880608600638161e+03,3.0748386885516434e+00
78123,1.1880608600638161e+03,3.0748386885516434e+00
78190,1.1880608600638161e+03,3.0748386885516434e+00
78257,1.1880608600638161e+03,3.0748386885516434e+00
78324,1.1880608600638161e+03,3.0748386885516434e+00
78391,1.1880608600638161e+03,3.0748386885516434e+00
78458,1.1880608600638161e+03,3.0748386885516434e+00
78525,1.1880608600638161e+03,3.0748386885516434e+00
78592,1.1880608600638161e+03,3.0748386885516434e+00
78659,1.1880608600638161e+03,3.0748386885516434e+00
78726,1.1880608600638161e+03,3.0748386885516434e+00
78793,1.1880608600638161e+03,3.0748386885516434e+00
78860,1.1880608600638161e+03,3.0748386885516434e+00
78927,1.1880608600638161e+03,3.0748386885516434e+00
78994,1.1880608600638161e+03,3.0748386885516434e+00
79061,1.1880608600638161e+03,3.0748386885516434e+00
79128,1.1880608600638161e+03,3.0748386885516434e+00
79195,1.1880608600638161e+03,3.0748386885516434e+00
79262,1.1880608600638161e+03,3.0748386885516434e+00
79329,1.1880608600638161e+03,3.0748386885516434e+00
79396,1.1880608600638161e+03,3.0748386885516434e+00
79463,1.1880608600638161e+03,3.0748386885516434e+00
79530,1.1880608600638161e+03,3.0748386885516434e+00
79597,1.1880608600638161e+03,3.0748386885516434e+00
79664,1.1880608600638161e+03,3.0748386885516434e+00
79731,1.1880608600638161e+03,3.0748386885516434e+00
79798,1.1880608600638161e+03,3.0748386885516434e+00
79865,1.1880608600638161e+03,3.0748386885516434e+00
79932,1.1880608600638161e+03,3.0748386885516434e+00
79999,1.1880608600638161e+03,3.0748386885516434e+00
80066,1.1880608600638161e+03,3.0748386885516434e+00
80133,1.1880608600638161e+03,3.0748386885516434e+00
80200,1.1880608600638161e+03,3.0748386885516434e+00
80267,1.1880608600638161e+03,3.0748386885516434e+00
80333,1.1880608600638161e+03,3.0748386885516434e+00
80399,1.1880608600638161e+03,3.0748386885516434e+00
80465,1.1880608600638161e+03,3.0748386885516434e+00
80531,1.1880608600638161e+03,3.0748386885516434e+00
80597,1.1880608600638161e+03,3.0748386885516434e+00
80663,1.1880608600638161e+03,3.0748386885516434e+00
80729,1.1880608600638161e+03,3.0748386885516434e+00
80795,1.1880608600638161e+03,3.0748386885516434e+00
80861,1.1880608600638161e+03,3.0748386885516434e+00
80927,1.1880608600638161e+03,3.0748386885516434e+00
80993,1.1880608600638161e+03,3.0748386885516434e+00
81059,1.1880608600638161e+03,3.0748386885516434e+00
81125,1.1880608600638161e+03,3.0748386885516434e+00
81191,1.1880608600638161e+03,3.0748386885516434e+00
81257,1.1880608600638161e+03,3.0748386885516434e+00
81323,1.1880608600638161e+03,3.0748386885516434e+00
81389,1.1880608600638161e+03,3.0748386885516434e+00
81455,1.1880608600638161e+03,3.0748386885516434e+00
81521,1.1880608600638161e+03,3.0748386885516434e+00
81587,1.1880608600638161e+03,3.0748386885516434e+00
81653,1.1880608600638161e+03,3.0748386885516434e+00
81719,1.1880608600638161e+03,3.0748386885516434e+00
81785,1.1880608600638161e+03,3.0748386885516434e+00
81851,1.1880608600638161e+03,3.0748386885516434e+00
81917,1.1880608600638161e+03,3.0748386885516434e+00
81983,1.1880608600638161e+03,3.0748386885516434e+00
82049,1.1880608600638161e+03,3.0748386885516434e+00
82115,1.1880608600638161e+03,3.0748386885516434e+00
82181,1.1880608600638161e+03,3.0748386885516434e+00
82247,1.1880608600638161e+03,3.0748386885516434e+00
82313,1.1570662338965210e+03,3.0633582199651124e+00
82379,1.1570662338965210e+03,3.0633582199651124e+00
82445,1.1570662338965210e+03,3.0633582199651124e+00
82511,1.1570662338965210e+03,3.0633582199651124e+00
82576,1.1570662338965210e+03,3.0633582199651124e+00
82641,1.1570662338965210e+03,3.0633582199651124e+00
82706,9.6530051847250661e+02,2.9846625394540536e+00
82771,9.6530051847250661e+02,2.9846625394540536e+00
82836,9.6530051847250661e+02,2.9846625394540536e+00
82901,9.6530051847250661e+02,2.9846625394540536e+00
82966,9.6530051847250661e+02,2.9846625394540536e+00
83031,9.6530051847250661e+02,2.9846625394540536e+00
83096,9.6530051847250661e+02,2.9846625394540536e+00
83161,9.6530051847250661e+02,2.9846625394540536e+00
83226,9.6530051847250661e+02,2.9846625394540536e+00
83291,9.6530051847250661e+02,2.9846625394540536e+00
83356,9.6530051847250661e+02,2.9846625394540536e+00
83421,9.6530051847250661e+02,2.9846625394540536e+00
83486,9.6530051847250661e+02,2.9846625394540536e+00
83551,9.6530051847250661e+02,2.9846625394540536e+00
83616,9.6530051847250661e+02,2.9846625394540536e+00
83681,9.6530051847250661e+02,2.9846625394540536e+00
83746,9.6530051847250661e+02,2.9846625394540536e+00
83811,9.6530051847250661e+02,2.9846625394540536e+00
83876,9.6530051847250661e+02,2.9846625394540536e+00
83941,9.6530051847250661e+02,2.9846625394540536e+00
84006,9.6530051847250661e+02,2.9846625394540536e+00
84071,9.6530051847250661e+02,2.9846625394540536e+00
84136,9.6530051847250661e+02,2.9846625394540536e+00
84201,9.6530051847250661e+02,2.9846625394540536e+00
84266,9.6530051847250661e+02,2.9846625394540536e+00
84331,9.2127805495936059e+02,2.9643907262983391e+00
84396,9.2127805495936059e+02,2.9643907262983391e+00
84461,9.2127805495936059e+02,2.9643907262983391e+00
84526,9.2127805495936059e+02,2.9643907262983391e+00
84591,9.2127805495936059e+02,2.9643907262983391e+00
84656,9.2127805495936059e+02,2.9643907262983391e+00
84721,9.2127805495936059e+02,2.9643907262983391e+00
84785,9.2127805495936059e+02,2.9643907262983391e+00
84849,9.2127805495936059e+02,2.9643907262983391e+00
84913,9.2127805495936059e+02,2.9643907262983391e+00
84977,9.2127805495936059e+02,2.9643907262983391e+00
85041,9.2127805495936059e+02,2.9643907262983391e+00
85105,9.2127805495936059e+02,2.9643907262983391e+00
85169,9.2127805495936059e+02,2.9643907262983391e+00
85233,9.2127805495936059e+02,2.9643907262983391e+00
85297,9.2127805495936059e+02,2.9643907262983391e+00
85361,9.2127805495936059e+02,2.9643907262983391e+00
85425,9.2127805495936059e+02,2.9643907262983391e+00
85489,9.2127805495936059e+02,2.9643907262983391e+00
85553,9.2127805495936059e+02,2.9643907262983391e+00
85617,9.2127805495936059e+02,2.9643907262983391e+00
85681,9.2127805495936059e+02,2.9643907262983391e+00
85745,9.2127805495936059e+02,2.9643907262983391e+00
85809,9.2127805495936059e+02,2.9643907262983391e+00
85873,9.2127805495936059e+02,2.9643907262983391e+00
85937,9.2127805495936059e+02,2.9643907262983391e+00
86001,9.2127805495936059e+02,2.9643907262983391e+00
86065,9.2127805495936059e+02,2.9643907262983391e+00
86129,9.2127805495936059e+02,2.9643907262983391e+00
86193,9.2127805495936059e+02,2.9643907262983391e+00
86257,9.2127805495936059e+02,2.9643907262983391e+00
86321,9.2127805495936059e+02,2.9643907262983391e+00
86385,9.2127805495936059e+02,2.9643907262983391e+00
86449,9.2127805495936059e+02,2.9643907262983391e+00
86513,9.2127805495936059e+02,2.9643907262983391e+00
86577,9.2127805495936059e+02,2.9643907262983391e+00
86641,9.2127805495936059e+02,2.9643907262983391e+00
86705,9.2127805495936059e+02,2.9643907262983391e+00
86769,9.2127805495936059e+02,2.9643907262983391e+00
86833,9.2127805495936059e+02,2.9643907262983391e+00
86897,9.2127805495936059e+02,2.9643907262983391e+00
86961,9.2127805495936059e+02,2.9643907262983391e+00
87024,9.2127805495936059e+02,2.9643907262983391e+00
87087,9.2127805495936059e+02,2.9643907262983391e+00
87150,9.2127805495936059e+02,2.9643907262983391e+00
87213,9.2127805495936059e+02,2.9643907262983391e+00
87276,9.2127805495936059e+02,2.9643907262983391e+00
87339,9.1053556771164131e+02,2.9592969150504338e+00
87402,9.1053556771164131e+02,2.9592969150504338e+00
87465,9.1053556771164131e+02,2.9592969150504338e+00
87528,9.1053556771164131e+02,2.9592969150504338e+00
87591,9.1053556771164131e+02,2.9592969150504338e+00
87654,9.1053556771164131e+02,2.9592969150504338e+00
87717,9.1053556771164131e+02,2.9592969150504338e+00
87780,9.1053556771164131e+02,2.9592969150504338e+00
87843,9.1053556771164131e+02,2.9592969150504338e+00
87906,9.1053556771164131e+02,2.9592969150504338e+00
87969,9.1053556771164131e+02,2.9592969150504338e+00
88032,9.1053556771164131e+02,2.9592969150504338e+00
88095,9.1053556771164131e+02,2.9592969150504338e+00
88158,9.1053556771164131e+02,2.9592969150504338e+00
88221,9.1053556771164131e+02,2.9592969150504338e+00
88284,9.1053556771164131e+02,2.9592969150504338e+00
88347,9.1053556771164131e+02,2.9592969150504338e+00
88410,9.1053556771164131e+02,2.9592969150504338e+00
88473,9.1053556771164131e+02,2.9592969150504338e+00
88536,9.1053556771164131e+02,2.9592969150504338e+00
88599,9.1053556771164131e+02,2.9592969150504338e+00
88662,9.1053556771164131e+02,2.9592969150504338e+00
88725,9.1053556771164131e+02,2.9592969150504338e+00
88788,9.1053556771164131e+02,2.9592969150504338e+00
88851,9.1053556771164131e+02,2.9592969150504338e+00
88914,9.1053556771164131e+02,2.9592969150504338e+00
88977,9.1053556771164131e+02,2.9592969150504338e+00
89040,9.1053556771164131e+02,2.9592969150504338e+00
89103,9.1053556771164131e+02,2.9592969150504338e+00
89166,9.1053556771164131e+02,2.9592969150504338e+00
89228,9.1053556771164131e+02,2.9592969150504338e+00
89290,9.1053556771164131e+02,2.9592969150504338e+00
89352,9.1053556771164131e+02,2.9592969150504338e+00
89414,9.1053556771164131e+02,2.9592969150504338e+00
89476,9.1053556771164131e+02,2.9592969150504338e+00
89538,9.1053556771164131e+02,2.9592969150504338e+00
89600,9.1053556771164131e+02,2.9592969150504338e+00
89662,9.1053556771164131e+02,2.9592969150504338e+00
89724,9.1053556771164131e+02,2.9592969150504338e+00
89786,9.1053556771164131e+02,2.9592969150504338e+00
89848,9.1053556771164131e+02,2.9592969150504338e+00
89910,9.1053556771164131e+02,2.9592969150504338e+00
89972,9.1053556771164131e+02,2.9592969150504338e+00
90034,9.1053556771164131e+02,2.9592969150504338e+00
90096,9.1053556771164131e+02,2.9592969150504338e+00
90158,9.1053556771164131e+02,2.9592969150504338e+00
90220,9.1053556771164131e+02,2.9592969150504338e+00
90282,9.1053556771164131e+02,2.9592969150504338e+00
90344,9.1053556771164131e+02,2.9592969150504338e+00
90406,9.1053556771164131e+02,2.9592969150504338e+00
90468,9.1053556771164131e+02,2.9592969150504338e+00
90530,9.1053556771164131e+02,2.9592969150504338e+00
90592,9.1053556771164131e+02,2.9592969150504338e+00
90654,9.1053556771164131e+02,2.9592969150504338e+00
90716,9.1053556771164131e+02,2.9592969150504338e+00
90778,9.1053556771164131e+02,2.9592969150504338e+00
90840,9.1053556771164131e+02,2.9592969150504338e+00
90902,9.1053556771164131e+02,2.9592969150504338e+00
90964,9.1053556771164131e+02,2.9592969150504338e+00
91026,9.1053556771164131e+02,2.9592969150504338e+00
91088,9.1053556771164131e+02,2.9592969150504338e+00
91150,9.1053556771164131e+02,2.9592969150504338e+00
91212,9.1053556771164131e+02,2.9592969150504338e+00
91274,9.1053556771164131e+02,2.9592969150504338e+00
91336,9.1053556771164131e+02,2.9592969150504338e+00
91398,9.1053556771164131e+02,2.9592969150504338e+00
91459,9.1053556771164131e+02,2.9592969150504338e+00
91520,9.1053556771164131e+02,2.9592969150504338e+00
91581,9.1053556771164131e+02,2.9592969150504338e+00
91642,9.1053556771164131e+02,2.9592969150504338e+00
91703,9.1053556771164131e+02,2.9592969150504338e+00
91764,9.1053556771164131e+02,2.9592969150504338e+00
91825,9.1053556771164131e+02,2.9592969150504338e+00
91886,9.1053556771164131e+02,2.9592969150504338e+00
91947,9.1053556771164131e+02,2.9592969150504338e+00
92008,9.1053556771164131e+02,2.9592969150504338e+00
92069,9.1053556771164131e+02,2.9592969150504338e+00
92130,9.1053556771164131e+02,2.9592969150504338e+00
92191,9.1053556771164131e+02,2.9592969150504338e+00
92252,9.1053556771164131e+02,2.9592969150504338e+00
92313,9.1053556771164131e+02,2.9592969150504338e+00
92374,9.1053556771164131e+02,2.9592969150504338e+00
92435,9.1053556771164131e+02,2.9592969150504338e+00
92496,9.1053556771164131e+02,2.9592969150504338e+00
92557,9.1053556771164131e+02,2.9592969150504338e+00
92618,9.1053556771164131e+02,2.9592969150504338e+00
92679,9.1053556771164131e+02,2.9592969150504338e+00
92740,9.1053556771164131e+02,2.9592969150504338e+00
92801,9.1053556771164131e+02,2.9592969150504338e+00
92862,9.1053556771164131e+02,2.9592969150504338e+00
92923,9.1053556771164131e+02,2.9592969150504338e+00
92984,9.0723570205552483e+02,2.9577201324886664e+00
93045,9.0723570205552483e+02,2.9577201324886664e+00
93106,9.0723570205552483e+02,2.9577201324886664e+00
93167,9.0723570205552483e+02,2.9577201324886664e+00
93228,9.0723570205552483e+02,2.9577201324886664e+00
93289,9.0723570205552483e+02,2.9577201324886664e+00
93350,9.0723570205552483e+02,2.9577201324886664e+00
93411,9.0723570205552483e+02,2.9577201324886664e+00
93472,8.1296002161507522e+02,2.9100691891132926e+00
93533,8.1296002161507522e+02,2.9100691891132926e+00
93594,8.1296002161507522e+02,2.9100691891132926e+00
93655,8.1296002161507522e+02,2.9100691891132926e+00
93715,8.1296002161507522e+02,2.9100691891132926e+00
93775,8.1296002161507522e+02,2.9100691891132926e+00
93835,8.1296002161507522e+02,2.9100691891132926e+00
93895,8.1296002161507522e+02,2.9100691891132926e+00
93955,8.1296002161507522e+02,2.9100691891132926e+00
94015,8.1296002161507522e+02,2.9100691891132926e+00
94075,8.1296002161507522e+02,2.9100691891132926e+00
94135,8.1296002161507522e+02,2.9100691891132926e+00
94195,8.1296002161507522e+02,2.9100691891132926e+00
94255,8.1296002161507522e+02,2.9100691891132926e+00
94315,8.1296002161507522e+02,2.9100691891132926e+00
94375,8.1296002161507522e+02,2.9100691891132926e+00
94435,8.1296002161507522e+02,2.9100691891132926e+00
94495,8.1296002161507522e+02,2.9100691891132926e+00
94555,8.1296002161507522e+02,2.9100691891132926e+00
94615,8.1296002161507522e+02,2.9100691891132926e+00
94675,8.1296002161507522e+02,2.9100691891132926e+00
94735,8.1296002161507522e+02,2.9100691891132926e+00
94795,8.1296002161507522e+02,2.9100691891132926e+00
94855,7.9751279010734879e+02,2.9017376567806328e+00
94915,7.9751279010734879e+02,2.9017376567806328e+00
94975,7.9751279010734879e+02,2.9017376567806328e+00
95035,7.9751279010734879e+02,2.9017376567806328e+00
95095,7.9751279010734879e+02,2.9017376567806328e+00
95155,7.9751279010734879e+02,2.9017376567806328e+00
95215,7.9751279010734879e+02,2.9017376567806328e+00
95275,7.9032662449478039e+02,2.8978066126824862e+00
95335,7.9032662449478039e+02,2.8978066126824862e+00
95395,7.9032662449478039e+02,2.8978066126824862e+00
95455,7.9032662449478039e+02,2.8978066126824862e+00
95515,7.9032662449478039e+02,2.8978066126824862e+00
95575,7.9032662449478039e+02,2.8978066126824862e+00
95635,7.9032662449478039e+02,2.8978066126824862e+00
95695,7.9032662449478039e+02,2.8978066126824862e+00
95755,7.9032662449478039e+02,2.8978066126824862e+00
95815,7.9032662449478039e+02,2.8978066126824862e+00
95875,7.9032662449478039e+02,2.8978066126824862e+00
95935,7.7220347024964144e+02,2.8877317489933962e+00
95994,7.7220347024964144e+02,2.8877317489933962e+00
96053,7.7220347024964144e+02,2.8877317489933962e+00
96112,7.7220347024964144e+02,2.8877317489933962e+00
96171,7.7220347024964144e+02,2.8877317489933962e+00
96230,7.7220347024964144e+02,2.8877317489933962e+00
96289,7.7220347024964144e+02,2.8877317489933962e+00
96348,7.7220347024964144e+02,2.8877317489933962e+00
96407,7.7220347024964144e+02,2.8877317489933962e+00
96466,7.6987848063257138e+02,2.8864221805548489e+00
96525,7.6987848063257138e+02,2.8864221805548489e+00
96584,7.6987848063257138e+02,2.8864221805548489e+00
96643,7.6987848063257138e+02,2.8864221805548489e+00
96702,7.6987848063257138e+02,2.8864221805548489e+00
96761,7.6987848063257138e+02,2.8864221805548489e+00
96820,7.6987848063257138e+02,2.8864221805548489e+00
96879,7.6987848063257138e+02,2.8864221805548489e+00
96938,7.6987848063257138e+02,2.8864221805548489e+00
96997,7.6987848063257138e+02,2.8864221805548489e+00
97056,7.6987848063257138e+02,2.8864221805548489e+00
97115,7.6987848063257138e+02,2.8864221805548489e+00
97174,7.6987848063257138e+02,2.8864221805548489e+00
97233,7.6987848063257138e+02,2.8864221805548489e+00
97292,7.6987848063257138e+02,2.8864221805548489e+00
97351,7.6987848063257138e+02,2.8864221805548489e+00
97410,7.6987848063257138e+02,2.8864221805548489e+00
97469,7.6987848063257138e+02,2.8864221805548489e+00
97528,7.6987848063257138e+02,2.8864221805548489e+00
97587,7.6987848063257138e+02,2.8864221805548489e+00
97646,7.6987848063257138e+02,2.8864221805548489e+00
97705,7.4885991681501127e+02,2.8744005853308821e+00
97764,7.4885991681501127e+02,2.8744005853308821e+00
97823,7.4885991681501127e+02,2.8744005853308821e+00
97882,7.4885991681501127e+02,2.8744005853308821e+00
97941,7.4885991681501127e+02,2.8744005853308821e+00
98000,7.4885991681501127e+02,2.8744005853308821e+00
98059,7.4885991681501127e+02,2.8744005853308821e+00
98118,7.4885991681501127e+02,2.8744005853308821e+00
98177,7.4885991681501127e+02,2.8744005853308821e+00
98235,7.4885991681501127e+02,2.8744005853308821e+00
98293,7.4885991681501127e+02,2.8744005853308821e+00
98351,7.4885991681501127e+02,2.8744005853308821e+00
98409,7.4885991681501127e+02,2.8744005853308821e+00
98467,7.4885991681501127e+02,2.8744005853308821e+00
98525,7.4885991681501127e+02,2.8744005853308821e+00
98583,7.4885991681501127e+02,2.8744005853308821e+00
98641,7.4885991681501127e+02,2.8744005853308821e+00
98699,7.4885991681501127e+02,2.8744005853308821e+00
98757,7.4885991681501127e+02,2.8744005853308821e+00
98815,7.4885991681501127e+02,2.8744005853308821e+00
98873,7.4885991681501127e+02,2.8744005853308821e+00
98931,7.4885991681501127e+02,2.8744005853308821e+00
98989,6.2879797632698956e+02,2.7985111353350476e+00
99047,6.2879797632698956e+02,2.7985111353350476e+00
99105,6.2879797632698956e+02,2.7985111353350476e+00
99163,6.2879797632698956e+02,2.7985111353350476e+00
99221,6.2879797632698956e+02,2.7985111353350476e+00
99279,6.2879797632698956e+02,2.7985111353350476e+00
99337,6.2879797632698956e+02,2.7985111353350476e+00
99395,6.2879797632698956e+02,2.7985111353350476e+00
99453,6.2879797632698956e+02,2.7985111353350476e+00
99511,6.2879797632698956e+02,2.7985111353350476e+00
99569,6.2879797632698956e+02,2.7985111353350476e+00
99627,6.2879797632698956e+02,2.7985111353350476e+00
99685,6.2879797632698956e+02,2.7985111353350476e+00
99743,6.2879797632698956e+02,2.7985111353350476e+00
99801,6.2879797632698956e+02,2.7985111353350476e+00
99859,6.2879797632698956e+02,2.7985111353350476e+00
99917,6.2879797632698956e+02,2.7985111353350476e+00
99975,6.2879797632698956e+02,2.7985111353350476e+00
100033,6.2879797632698956e+02,2.7985111353350476e+00
100091,6.2879797632698956e+02,2.7985111353350476e+00
100149,6.2879797632698956e+02,2.7985111353350476e+00
100207,6.2879797632698956e+02,2.7985111353350476e+00
100265,6.2879797632698956e+02,2.7985111353350476e+00
100323,6.2879797632698956e+02,2.7985111353350476e+00
100381,6.2879797632698956e+02,2.7985111353350476e+00
100439,6.2879797632698956e+02,2.7985111353350476e+00
100497,6.2879797632698956e+02,2.7985111353350476e+00
100554,6.2879797632698956e+02,2.7985111353350476e+00
100611,6.2879797632698956e+02,2.7985111353350476e+00
100668,6.2879797632698956e+02,2.7985111353350476e+00
100725,6.2879797632698956e+02,2.7985111353350476e+00
100782,6.2879797632698956e+02,2.7985111353350476e+00
100839,6.2879797632698956e+02,2.7985111353350476e+00
100896,6.2879797632698956e+02,2.7985111353350476e+00
100953,6.2879797632698956e+02,2.7985111353350476e+00
101010,6.2879797632698956e+02,2.7985111353350476e+00
101067,6.2879797632698956e+02,2.7985111353350476e+00
101124,6.2879797632698956e+02,2.7985111353350476e+00
101181,6.2879797632698956e+02,2.7985111353350476e+00
101238,6.2879797632698956e+02,2.7985111353350476e+00
101295,6.2879797632698956e+02,2.7985111353350476e+00
101352,6.2879797632698956e+02,2.7985111353350476e+00
101409,6.2879797632698956e+02,2.7985111353350476e+00
101466,6.2879797632698956e+02,2.7985111353350476e+00
101523,6.2879797632698956e+02,2.7985111353350476e+00
101580,6.2879797632698956e+02,2.7985111353350476e+00
101637,6.2879797632698956e+02,2.7985111353350476e+00
101694,6.2879797632698956e+02,2.7985111353350476e+00
101751,6.2879797632698956e+02,2.7985111353350476e+00
101808,6.2879797632698956e+02,2.7985111353350476e+00
101865,6.2879797632698956e+02,2.7985111353350476e+00
101922,6.2879797632698956e+02,2.7985111353350476e+00
101979,6.2879797632698956e+02,2.7985111353350476e+00
102036,6.2879797632698956e+02,2.7985111353350476e+00
102093,6.2879797632698956e+02,2.7985111353350476e+00
102150,6.2879797632698956e+02,2.7985111353350476e+00
102207,6.2879797632698956e+02,2.7985111353350476e+00
102264,6.2879797632698956e+02,2.7985111353350476e+00
102321,6.2879797632698956e+02,2.7985111353350476e+00
102378,6.2879797632698956e+02,2.7985111353350476e+00
102435,6.2189899305401786e+02,2.7937198536274201e+00
102492,6.2189899305401786e+02,2.7937198536274201e+00
102549,6.2189899305401786e+02,2.7937198536274201e+00
102606,6.2189899305401786e+02,2.7937198536274201e+00
102663,6.2189899305401786e+02,2.7937198536274201e+00
102720,6.2189899305401786e+02,2.7937198536274201e+00
102777,6.2189899305401786e+02,2.7937198536274201e+00
102833,6.2189899305401786e+02,2.7937198536274201e+00
102889,6.2189899305401786e+02,2.7937198536274201e+00
102945,6.2189899305401786e+02,2.7937198536274201e+00
103001,6.2189899305401786e+02,2.7937198536274201e+00
103057,6.2189899305401786e+02,2.7937198536274201e+00
103113,6.2189899305401786e+02,2.7937198536274201e+00
103169,6.2189899305401786e+02,2.7937198536274201e+00
103225,6.2189899305401786e+02,2.7937198536274201e+00
103281,6.2189899305401786e+02,2.7937198536274201e+00
103337,6.2189899305401786e+02,2.7937198536274201e+00
103393,5.8410402613033148e+02,2.7664901997684739e+00
103449,5.8410402613033148e+02,2.7664901997684739e+00
103505,5.8410402613033148e+02,2.7664901997684739e+00
103561,5.8410402613033148e+02,2.7664901997684739e+00
103617,5.8410402613033148e+02,2.7664901997684739e+00
103673,5.8410402613033148e+02,2.7664901997684739e+00
103729,5.8410402613033148e+02,2.7664901997684739e+00
103785,5.8410402613033148e+02,2.7664901997684739e+00
103841,5.8410402613033148e+02,2.7664901997684739e+00
103897,5.8410402613033148e+02,2.7664901997684739e+00
103953,5.8410402613033148e+02,2.7664901997684739e+00
104009,5.8410402613033148e+02,2.7664901997684739e+00
104065,5.8410402613033148e+02,2.7664901997684739e+00
104121,5.8410402613033148e+02,2.7664901997684739e+00
104177,5.8410402613033148e+02,2.7664901997684739e+00
104233,5.8410402613033148e+02,2.7664901997684739e+00
104289,5.8410402613033148e+02,2.7664901997684739e+00
104345,5.8410402613033148e+02,2.7664901997684739e+00
104401,5.8410402613033148e+02,2.7664901997684739e+00
104457,5.3725691449057717e+02,2.7301820135646517e+00
104513,5.3725691449057717e+02,2.7301820135646517e+00
104569,5.3725691449057717e+02,2.7301820135646517e+00
104625,5.3725691449057717e+02,2.7301820135646517e+00
104681,5.3725691449057717e+02,2.7301820135646517e+00
104737,5.3725691449057717e+02,2.7301820135646517e+00
104793,5.3725691449057717e+02,2.7301820135646517e+00
104849,5.3725691449057717e+02,2.7301820135646517e+00
104905,5.3725691449057717e+02,2.7301820135646517e+00
104961,5.3725691449057717e+02,2.7301820135646517e+00
105017,5.3725691449057717e+02,2.7301820135646517e+00
105073,5.3725691449057717e+02,2.7301820135646517e+00
105128,5.3725691449057717e+02,2.7301820135646517e+00
105183,5.3725691449057717e+02,2.7301820135646517e+00
105238,5.3725691449057717e+02,2.7301820135646517e+00
105293,5.3725691449057717e+02,2.7301820135646517e+00
105348,5.3725691449057717e+02,2.7301820135646517e+00
105403,5.3725691449057717e+02,2.7301820135646517e+00
105458,5.3725691449057717e+02,2.7301820135646517e+00
105513,5.3725691449057717e+02,2.7301820135646517e+00
105568,5.3725691449057717e+02,2.7301820135646517e+00
105623,5.3725691449057717e+02,2.7301820135646517e+00
105678,5.3725691449057717e+02,2.7301820135646517e+00
105733,5.3725691449057717e+02,2.7301820135646517e+00
105788,5.2690046584728725e+02,2.7217285825447313e+00
105843,5.2690046584728725e+02,2.7217285825447313e+00
105898,5.2690046584728725e+02,2.7217285825447313e+00
105953,5.2690046584728725e+02,2.7217285825447313e+00
106008,5.2690046584728725e+02,2.7217285825447313e+00
106063,5.2690046584728725e+02,2.7217285825447313e+00
106118,5.2690046584728725e+02,2.7217285825447313e+00
106173,5.2690046584728725e+02,2.7217285825447313e+00
106228,5.2690046584728725e+02,2.7217285825447313e+00
106283,5.2690046584728725e+02,2.7217285825447313e+00
106338,5.2690046584728725e+02,2.7217285825447313e+00
106393,5.2690046584728725e+02,2.7217285825447313e+00
106448,5.2690046584728725e+02,2.7217285825447313e+00
106503,5.2690046584728725e+02,2.7217285825447313e+00
106558,5.2690046584728725e+02,2.7217285825447313e+00
106613,5.2690046584728725e+02,2.7217285825447313e+00
106668,5.2690046584728725e+02,2.7217285825447313e+00
106723,5.2690046584728725e+02,2.7217285825447313e+00
106778,5.2690046584728725e+02,2.7217285825447313e+00
106833,5.2690046584728725e+02,2.7217285825447313e+00
106888,5.2690046584728725e+02,2.7217285825447313e+00
106943,5.2690046584728725e+02,2.7217285825447313e+00
106998,5.2690046584728725e+02,2.7217285825447313e+00
107053,5.2690046584728725e+02,2.7217285825447313e+00
107108,5.2690046584728725e+02,2.7217285825447313e+00
107163,5.2690046584728725e+02,2.7217285825447313e+00
107218,5.2690046584728725e+02,2.7217285825447313e+00
107273,5.2690046584728725e+02,2.7217285825447313e+00
107328,5.2690046584728725e+02,2.7217285825447313e+00
107383,5.2690046584728725e+02,2.7217285825447313e+00
107438,5.2690046584728725e+02,2.7217285825447313e+00
107492,5.2690046584728725e+02,2.7217285825447313e+00
107546,5.2690046584728725e+02,2.7217285825447313e+00
107600,5.2690046584728725e+02,2.7217285825447313e+00
107654,5.2690046584728725e+02,2.7217285825447313e+00
107708,5.2690046584728725e+02,2.7217285825447313e+00
107762,5.2690046584728725e+02,2.7217285825447313e+00
107816,5.2690046584728725e+02,2.7217285825447313e+00
107870,5.2690046584728725e+02,2.7217285825447313e+00
107924,5.2690046584728725e+02,2.7217285825447313e+00
107978,5.2690046584728725e+02,2.7217285825447313e+00
108032,5.2690046584728725e+02,2.7217285825447313e+00
108086,5.2690046584728725e+02,2.7217285825447313e+00
108140,5.2690046584728725e+02,2.7217285825447313e+00
108194,5.2690046584728725e+02,2.7217285825447313e+00
108248,5.2690046584728725e+02,2.7217285825447313e+00
108302,5.2690046584728725e+02,2.7217285825447313e+00
108356,5.2690046584728725e+02,2.7217285825447313e+00
108410,5.2690046584728725e+02,2.7217285825447313e+00
108464,5.2690046584728725e+02,2.7217285825447313e+00
108518,5.2690046584728725e+02,2.7217285825447313e+00
108572,5.2690046584728725e+02,2.7217285825447313e+00
108626,5.2690046584728725e+02,2.7217285825447313e+00
108680,5.2690046584728725e+02,2.7217285825447313e+00
108734,5.2690046584728725e+02,2.7217285825447313e+00
108788,5.2690046584728725e+02,2.7217285825447313e+00
108842,5.2690046584728725e+02,2.7217285825447313e+00
108896,5.2690046584728725e+02,2.7217285825447313e+00
108950,5.2690046584728725e+02,2.7217285825447313e+00
109004,5.2690046584728725e+02,2.7217285825447313e+00
109058,5.2690046584728725e+02,2.7217285825447313e+00
109112,5.2690046584728725e+02,2.7217285825447313e+00
109166,5.2690046584728725e+02,2.7217285825447313e+00
109220,5.2690046584728725e+02,2.7217285825447313e+00
109274,5.2690046584728725e+02,2.7217285825447313e+00
109328,5.2690046584728725e+02,2.7217285825447313e+00
109382,5.2690046584728725e+02,2.7217285825447313e+00
109436,5.2690046584728725e+02,2.7217285825447313e+00
109490,5.2690046584728725e+02,2.7217285825447313e+00
109544,5.2690046584728725e+02,2.7217285825447313e+00
109598,5.0816946756005859e+02,2.7060085677026793e+00
109652,5.0816946756005859e+02,2.7060085677026793e+00
109706,5.0816946756005859e+02,2.7060085677026793e+00
109760,5.0816946756005859e+02,2.7060085677026793e+00
109813,5.0816946756005859e+02,2.7060085677026793e+00
109866,5.0816946756005859e+02,2.7060085677026793e+00
109919,5.0816946756005859e+02,2.7060085677026793e+00
109972,5.0816946756005859e+02,2.7060085677026793e+00
110025,5.0816946756005859e+02,2.7060085677026793e+00
110078,5.0816946756005859e+02,2.7060085677026793e+00
110131,5.0816946756005859e+02,2.7060085677026793e+00
110184,5.0816946756005859e+02,2.7060085677026793e+00
110237,5.0816946756005859e+02,2.7060085677026793e+00
110290,5.0816946756005859e+02,2.7060085677026793e+00
110343,5.0816946756005859e+02,2.7060085677026793e+00
110396,5.0816946756005859e+02,2.7060085677026793e+00
110449,5.0816946756005859e+02,2.7060085677026793e+00
110502,5.0816946756005859e+02,2.7060085677026793e+00
110555,5.0816946756005859e+02,2.7060085677026793e+00
110608,5.0816946756005859e+02,2.7060085677026793e+00
110661,5.0816946756005859e+02,2.7060085677026793e+00
110714,5.0816946756005859e+02,2.7060085677026793e+00
110767,5.0816946756005859e+02,2.7060085677026793e+00
110820,5.0816946756005859e+02,2.7060085677026793e+00
110873,5.0816946756005859e+02,2.7060085677026793e+00
110926,5.0816946756005859e+02,2.7060085677026793e+00
110979,5.0816946756005859e+02,2.7060085677026793e+00
111032,5.0816946756005859e+02,2.7060085677026793e+00
111085,5.0816946756005859e+02,2.7060085677026793e+00
111138,5.0816946756005859e+02,2.7060085677026793e+00
111191,5.0816946756005859e+02,2.7060085677026793e+00
111244,5.0816946756005859e+02,2.7060085677026793e+00
111297,5.0816946756005859e+02,2.7060085677026793e+00
111350,5.0816946756005859e+02,2.7060085677026793e+00
111403,5.0816946756005859e+02,2.7060085677026793e+00
111456,5.0816946756005859e+02,2.7060085677026793e+00
111509,5.0816946756005859e+02,2.7060085677026793e+00
111562,5.0816946756005859e+02,2.7060085677026793e+00
111615,5.0816946756005859e+02,2.7060085677026793e+00
111668,5.0816946756005859e+02,2.7060085677026793e+00
111721,5.0816946756005859e+02,2.7060085677026793e+00
111774,5.0816946756005859e+02,2.7060085677026793e+00
111827,5.0816946756005859e+02,2.7060085677026793e+00
111880,5.0816946756005859e+02,2.7060085677026793e+00
111933,5.0816946756005859e+02,2.7060085677026793e+00
111986,5.0816946756005859e+02,2.7060085677026793e+00
112039,5.0816946756005859e+02,2.7060085677026793e+00
112092,4.9673091317111431e+02,2.6961211883863463e+00
112145,4.9673091317111431e+02,2.6961211883863463e+00
112197,4.9673091317111431e+02,2.6961211883863463e+00
112249,4.9673091317111431e+02,2.6961211883863463e+00
112301,4.9673091317111431e+02,2.6961211883863463e+00
112353,4.9673091317111431e+02,2.6961211883863463e+00
112405,4.9673091317111431e+02,2.6961211883863463e+00
112457,4.9673091317111431e+02,2.6961211883863463e+00
112509,4.9673091317111431e+02,2.6961211883863463e+00
112561,4.9673091317111431e+02,2.6961211883863463e+00
112613,4.9673091317111431e+02,2.6961211883863463e+00
112665,4.9673091317111431e+02,2.6961211883863463e+00
112717,4.9673091317111431e+02,2.6961211883863463e+00
112769,4.9673091317111431e+02,2.6961211883863463e+00
112821,4.7019582301970598e+02,2.6722787667549985e+00
112873,4.7019582301970598e+02,2.6722787667549985e+00
112925,4.7019582301970598e+02,2.6722787667549985e+00
112977,4.7019582301970598e+02,2.6722787667549985e+00
113029,4.7019582301970598e+02,2.6722787667549985e+00
113081,4.7019582301970598e+02,2.6722787667549985e+00
113133,4.7019582301970598e+02,2.6722787667549985e+00
113185,4.7019582301970598e+02,2.6722787667549985e+00
113237,4.7019582301970598e+02,2.6722787667549985e+00
113289,4.7019582301970598e+02,2.6722787667549985e+00
113341,4.7019582301970598e+02,2.6722787667549985e+00
113393,4.7019582301970598e+02,2.6722787667549985e+00
113445,4.7019582301970598e+02,2.6722787667549985e+00
113497,4.7019582301970598e+02,2.6722787667549985e+00
113549,4.7019582301970598e+02,2.6722787667549985e+00
113601,4.7019582301970598e+02,2.6722787667549985e+00
113653,4.7019582301970598e+02,2.6722787667549985e+00
113705,4.7019582301970598e+02,2.6722787667549985e+00
113757,4.7019582301970598e+02,2.6722787667549985e+00
113809,4.7019582301970598e+02,2.6722787667549985e+00
113861,4.7019582301970598e+02,2.6722787667549985e+00
113913,4.7019582301970598e+02,2.6722787667549985e+00
113965,4.7019582301970598e+02,2.6722787667549985e+00
114017,4.7019582301970598e+02,2.6722787667549985e+00
114069,4.7019582301970598e+02,2.6722787667549985e+00
114121,4.7019582301970598e+02,2.6722787667549985e+00
114173,4.7019582301970598e+02,2.6722787667549985e+00
114225,4.7019582301970598e+02,2.6722787667549985e+00
114277,4.7019582301970598e+02,2.6722787667549985e+00
114329,4.7019582301970598e+02,2.6722787667549985e+00
114381,4.7019582301970598e+02,2.6722787667549985e+00
114433,4.7019582301970598e+02,2.6722787667549985e+00
114485,4.7019582301970598e+02,2.6722787667549985e+00
114536,4.7019582301970598e+02,2.6722787667549985e+00
114587,4.7019582301970598e+02,2.6722787667549985e+00
114638,4.7019582301970598e+02,2.6722787667549985e+00
114689,4.7019582301970598e+02,2.6722787667549985e+00
114740,4.7019582301970598e+02,2.6722787667549985e+00
114791,4.7019582301970598e+02,2.6722787667549985e+00
114842,4.7019582301970598e+02,2.6722787667549985e+00
114893,4.7019582301970598e+02,2.6722787667549985e+00
114944,4.5948488518928070e+02,2.6622712297877329e+00
114995,4.5948488518928070e+02,2.6622712297877329e+00
115046,4.5948488518928070e+02,2.6622712297877329e+00
115097,4.5948488518928070e+02,2.6622712297877329e+00
115148,4.5948488518928070e+02,2.6622712297877329e+00
115199,4.5948488518928070e+02,2.6622712297877329e+00
115250,4.5948488518928070e+02,2.6622712297877329e+00
115301,4.5948488518928070e+02,2.6622712297877329e+00
115352,4.5948488518928070e+02,2.6622712297877329e+00
115403,4.5948488518928070e+02,2.6622712297877329e+00
115454,4.5948488518928070e+02,2.6622712297877329e+00
115505,4.5948488518928070e+02,2.6622712297877329e+00
115556,4.5948488518928070e+02,2.6622712297877329e+00
115607,4.5948488518928070e+02,2.6622712297877329e+00
115658,4.5948488518928070e+02,2.6622712297877329e+00
115709,4.5948488518928070e+02,2.6622712297877329e+00
115760,4.5948488518928070e+02,2.6622712297877329e+00
115811,4.5598826508834901e+02,2.6589536661886601e+00
115862,4.5598826508834901e+02,2.6589536661886601e+00
115913,4.5598826508834901e+02,2.6589536661886601e+00
115964,4.5598826508834901e+02,2.6589536661886601e+00
116015,4.5598826508834901e+02,2.6589536661886601e+00
116066,4.5598826508834901e+02,2.6589536661886601e+00
116117,4.5598826508834901e+02,2.6589536661886601e+00
116168,4.5598826508834901e+02,2.6589536661886601e+00
116219,4.5598826508834901e+02,2.6589536661886601e+00
116270,4.5598826508834901e+02,2.6589536661886601e+00
116321,4.5598826508834901e+02,2.6589536661886601e+00
116372,4.5598826508834901e+02,2.6589536661886601e+00
116423,4.5598826508834901e+02,2.6589536661886601e+00
116474,4.5598826508834901e+02,2.6589536661886601e+00
116525,4.5598826508834901e+02,2.6589536661886601e+00
116576,4.5598826508834901e+02,2.6589536661886601e+00
116627,4.4044259696220121e+02,2.6438893146843978e+00
116678,4.4044259696220121e+02,2.6438893146843978e+00
116729,4.4044259696220121e+02,2.6438893146843978e+00
116780,4.4044259696220121e+02,2.6438893146843978e+00
116831,4.4044259696220121e+02,2.6438893146843978e+00
116882,4.4044259696220121e+02,2.6438893146843978e+00
116933,4.4044259696220121e+02,2.6438893146843978e+00
116983,4.4044259696220121e+02,2.6438893146843978e+00
117033,4.4044259696220121e+02,2.6438893146843978e+00
117083,4.4044259696220121e+02,2.6438893146843978e+00
117133,4.4044259696220121e+02,2.6438893146843978e+00
117183,4.4044259696220121e+02,2.6438893146843978e+00
117233,4.4044259696220121e+02,2.6438893146843978e+00
117283,4.4044259696220121e+02,2.6438893146843978e+00
117333,4.4044259696220121e+02,2.6438893146843978e+00
117383,4.4044259696220121e+02,2.6438893146843978e+00
117433,4.4044259696220121e+02,2.6438893146843978e+00
117483,4.4044259696220121e+02,2.6438893146843978e+00
117533,4.4044259696220121e+02,2.6438893146843978e+00
117583,4.4044259696220121e+02,2.6438893146843978e+00
117633,4.4044259696220121e+02,2.6438893146843978e+00
117683,4.4044259696220121e+02,2.6438893146843978e+00
117733,4.4044259696220121e+02,2.6438893146843978e+00
117783,4.4044259696220121e+02,2.6438893146843978e+00
117833,4.4044259696220121e+02,2.6438893146843978e+00
117883,4.4044259696220121e+02,2.6438893146843978e+00
117933,4.4044259696220121e+02,2.6438893146843978e+00
117983,4.4044259696220121e+02,2.6438893146843978e+00
118033,4.4044259696220121e+02,2.6438893146843978e+00
118083,4.4044259696220121e+02,2.6438893146843978e+00
118133,4.4044259696220121e+02,2.6438893146843978e+00
118183,4.4044259696220121e+02,2.6438893146843978e+00
118233,4.4044259696220121e+02,2.6438893146843978e+00
118283,4.3894731091240999e+02,2.6424123927858609e+00
118333,4.3894731091240999e+02,2.6424123927858609e+00
118383,4.3894731091240999e+02,2.6424123927858609e+00
118433,4.3894731091240999e+02,2.6424123927858609e+00
118483,4.3894731091240999e+02,2.6424123927858609e+00
118533,4.3894731091240999e+02,2.6424123927858609e+00
118583,4.3894731091240999e+02,2.6424123927858609e+00
118633,4.3894731091240999e+02,2.6424123927858609e+00
118683,4.3894731091240999e+02,2.6424123927858609e+00
118733,4.3894731091240999e+02,2.6424123927858609e+00
118783,4.3894731091240999e+02,2.6424123927858609e+00
118833,4.3894731091240999e+02,2.6424123927858609e+00
118883,4.3894731091240999e+02,2.6424123927858609e+00
118933,4.3894731091240999e+02,2.6424123927858609e+00
118983,4.3894731091240999e+02,2.6424123927858609e+00
119033,4.3894731091240999e+02,2.6424123927858609e+00
119083,4.3894731091240999e+02,2.6424123927858609e+00
119133,4.3894731091240999e+02,2.6424123927858609e+00
119183,4.3894731091240999e+02,2.6424123927858609e+00
119233,4.3894731091240999e+02,2.6424123927858609e+00
119283,4.3894731091240999e+02,2.6424123927858609e+00
119333,4.3894731091240999e+02,2.6424123927858609e+00
119382,4.3894731091240999e+02,2.6424123927858609e+00
119431,4.3894731091240999e+02,2.6424123927858609e+00
119480,4.3894731091240999e+02,2.6424123927858609e+00
119529,4.3894731091240999e+02,2.6424123927858609e+00
119578,4.3894731091240999e+02,2.6424123927858609e+00
119627,4.3894731091240999e+02,2.6424123927858609e+00
119676,4.3894731091240999e+02,2.6424123927858609e+00
119725,4.3894731091240999e+02,2.6424123927858609e+00
119774,4.3894731091240999e+02,2.6424123927858609e+00
119823,4.3894731091240999e+02,2.6424123927858609e+00
119872,4.3894731091240999e+02,2.6424123927858609e+00
119921,4.3894731091240999e+02,2.6424123927858609e+00
119970,4.3894731091240999e+02,2.6424123927858609e+00
120019,4.3894731091240999e+02,2.6424123927858609e+00
120068,4.3894731091240999e+02,2.6424123927858609e+00
120117,4.3894731091240999e+02,2.6424123927858609e+00
120166,4.3894731091240999e+02,2.6424123927858609e+00
120215,4.3184384297108659e+02,2.6353267320089189e+00
120264,4.3184384297108659e+02,2.6353267320089189e+00
120313,4.3184384297108659e+02,2.6353267320089189e+00
120362,4.3184384297108659e+02,2.6353267320089189e+00
120411,4.3184384297108659e+02,2.6353267320089189e+00
120460,4.3184384297108659e+02,2.6353267320089189e+00
120509,4.3184384297108659e+02,2.6353267320089189e+00
120558,4.3184384297108659e+02,2.6353267320089189e+00
120607,4.3184384297108659e+02,2.6353267320089189e+00
120656,4.3184384297108659e+02,2.6353267320089189e+00
120705,4.3184384297108659e+02,2.6353267320089189e+00
120754,4.3184384297108659e+02,2.6353267320089189e+00
120803,4.3184384297108659e+02,2.6353267320089189e+00
120852,4.3184384297108659e+02,2.6353267320089189e+00
120901,4.3184384297108659e+02,2.6353267320089189e+00
120950,4.3184384297108659e+02,2.6353267320089189e+00
120999,4.3184384297108659e+02,2.6353267320089189e+00
121048,4.3184384297108659e+02,2.6353267320089189e+00
121097,4.3184384297108659e+02,2.6353267320089189e+00
121146,4.3184384297108659e+02,2.6353267320089189e+00
121195,4.3184384297108659e+02,2.6353267320089189e+00
121244,4.3184384297108659e+02,2.6353267320089189e+00
121293,4.3184384297108659e+02,2.6353267320089189e+00
121342,4.3184384297108659e+02,2.6353267320089189e+00
121391,4.3184384297108659e+02,2.6353267320089189e+00
121440,4.1408354509281179e+02,2.6170879727931773e+00
121489,4.1408354509281179e+02,2.6170879727931773e+00
121538,4.1408354509281179e+02,2.6170879727931773e+00
121587,4.1408354509281179e+02,2.6170879727931773e+00
121636,4.1408354509281179e+02,2.6170879727931773e+00
121685,4.1408354509281179e+02,2.6170879727931773e+00
121734,4.1408354509281179e+02,2.6170879727931773e+00
121783,4.1408354509281179e+02,2.6170879727931773e+00
121831,4.1408354509281179e+02,2.6170879727931773e+00
121879,4.1408354509281179e+02,2.6170879727931773e+00
121927,4.1408354509281179e+02,2.6170879727931773e+00
121975,4.1408354509281179e+02,2.6170879727931773e+00
122023,4.1408354509281179e+02,2.6170879727931773e+00
122071,4.1408354509281179e+02,2.6170879727931773e+00
122119,4.1408354509281179e+02,2.6170879727931773e+00
122167,4.1408354509281179e+02,2.6170879727931773e+00
122215,4.1408354509281179e+02,2.6170879727931773e+00
122263,4.1408354509281179e+02,2.6170879727931773e+00
122311,4.1408354509281179e+02,2.6170879727931773e+00
122359,4.1408354509281179e+02,2.6170879727931773e+00
122407,4.1408354509281179e+02,2.6170879727931773e+00
122455,4.1408354509281179e+02,2.6170879727931773e+00
122503,4.1408354509281179e+02,2.6170879727931773e+00
122551,4.1408354509281179e+02,2.6170879727931773e+00
122599,4.1408354509281179e+02,2.6170879727931773e+00
122647,4.1408354509281179e+02,2.6170879727931773e+00
122695,4.1116475655781778e+02,2.6140158815503733e+00
122743,4.1116475655781778e+02,2.6140158815503733e+00
122791,4.1116475655781778e+02,2.6140158815503733e+00
122839,4.1116475655781778e+02,2.6140158815503733e+00
122887,4.1116475655781778e+02,2.6140158815503733e+00
122935,4.1116475655781778e+02,2.6140158815503733e+00
122983,4.1116475655781778e+02,2.6140158815503733e+00
123031,4.1116475655781778e+02,2.6140158815503733e+00
123079,4.1116475655781778e+02,2.6140158815503733e+00
123127,4.1116475655781778e+02,2.6140158815503733e+00
123175,4.1116475655781778e+02,2.6140158815503733e+00
123223,4.1116475655781778e+02,2.6140158815503733e+00
123271,4.1116475655781778e+02,2.6140158815503733e+00
123319,4.1116475655781778e+02,2.6140158815503733e+00
123367,4.1116475655781778e+02,2.6140158815503733e+00
123415,4.1116475655781778e+02,2.6140158815503733e+00
123463,4.1116475655781778e+02,2.6140158815503733e+00
123511,4.1116475655781778e+02,2.6140158815503733e+00
123559,4.1116475655781778e+02,2.6140158815503733e+00
123607,4.1116475655781778e+02,2.6140158815503733e+00
123655,3.9042358246457661e+02,2.5915360421527414e+00
123703,3.9042358246457661e+02,2.5915360421527414e+00
123751,3.9042358246457661e+02,2.5915360421527414e+00
123799,3.9042358246457661e+02,2.5915360421527414e+00
123847,3.9042358246457661e+02,2.5915360421527414e+00
123895,3.9042358246457661e+02,2.5915360421527414e+00
123943,3.9042358246457661e+02,2.5915360421527414e+00
123991,3.9042358246457661e+02,2.5915360421527414e+00
124039,3.9042358246457661e+02,2.5915360421527414e+00
124087,3.9042358246457661e+02,2.5915360421527414e+00
124135,3.9042358246457661e+02,2.5915360421527414e+00
124183,3.9042358246457661e+02,2.5915360421527414e+00
124231,3.9042358246457661e+02,2.5915360421527414e+00
124279,3.9042358246457661e+02,2.5915360421527414e+00
124326,3.9042358246457661e+02,2.5915360421527414e+00
124373,3.9042358246457661e+02,2.5915360421527414e+00
124420,3.9042358246457661e+02,2.5915360421527414e+00
124467,3.9042358246457661e+02,2.5915360421527414e+00
124514,3.9042358246457661e+02,2.5915360421527414e+00
124561,3.9042358246457661e+02,2.5915360421527414e+00
124608,3.9042358246457661e+02,2.5915360421527414e+00
124655,3.9042358246457661e+02,2.5915360421527414e+00
124702,3.9042358246457661e+02,2.5915360421527414e+00
124749,3.9042358246457661e+02,2.5915360421527414e+00
124796,3.9042358246457661e+02,2.5915360421527414e+00
124843,3.9042358246457661e+02,2.5915360421527414e+00
124890,3.9042358246457661e+02,2.5915360421527414e+00
124937,3.9042358246457661e+02,2.5915360421527414e+00
124984,3.6931080058030301e+02,2.5673920088798901e+00
125031,3.6931080058030301e+02,2.5673920088798901e+00
125078,3.6931080058030301e+02,2.5673920088798901e+00
125125,3.6931080058030301e+02,2.5673920088798901e+00
125172,3.5948492297927828e+02,2.5556806805208154e+00
125219,3.5948492297927828e+02,2.5556806805208154e+00
125266,3.5948492297927828e+02,2.5556806805208154e+00
125313,3.5948492297927828e+02,2.5556806805208154e+00
125360,3.5948492297927828e+02,2.5556806805208154e+00
125407,3.5948492297927828e+02,2.5556806805208154e+00
125454,3.5948492297927828e+02,2.5556806805208154e+00
125501,3.5948492297927828e+02,2.5556806805208154e+00
125548,3.5948492297927828e+02,2.5556806805208154e+00
125595,3.5948492297927828e+02,2.5556806805208154e+00
125642,3.5948492297927828e+02,2.5556806805208154e+00
125689,3.5948492297927828e+02,2.5556806805208154e+00
125736,3.5948492297927828e+02,2.5556806805208154e+00
125783,3.5948492297927828e+02,2.5556806805208154e+00
125830,3.5948492297927828e+02,2.5556806805208154e+00
125877,3.5948492297927828e+02,2.5556806805208154e+00
125924,3.5948492297927828e+02,2.5556806805208154e+00
125971,3.5948492297927828e+02,2.5556806805208154e+00
126018,3.5948492297927828e+02,2.5556806805208154e+00
126065,3.5948492297927828e+02,2.5556806805208154e+00
126112,3.5948492297927828e+02,2.5556806805208154e+00
126159,3.5948492297927828e+02,2.5556806805208154e+00
126206,3.5948492297927828e+02,2.5556806805208154e+00
126253,3.5948492297927828e+02,2.5556806805208154e+00
126300,3.5948492297927828e+02,2.5556806805208154e+00
126347,3.5948492297927828e+02,2.5556806805208154e+00
126394,3.5948492297927828e+02,2.5556806805208154e+00
126441,3.5948492297927828e+02,2.5556806805208154e+00
126488,3.5948492297927828e+02,2.5556806805208154e+00
126535,3.5948492297927828e+02,2.5556806805208154e+00
126582,3.5948492297927828e+02,2.5556806805208154e+00
126629,3.5948492297927828e+02,2.5556806805208154e+00
126676,3.5948492297927828e+02,2.5556806805208154e+00
126723,3.5948492297927828e+02,2.5556806805208154e+00
126770,3.5948492297927828e+02,2.5556806805208154e+00
126816,3.5948492297927828e+02,2.5556806805208154e+00
126862,3.5948492297927828e+02,2.5556806805208154e+00
126908,3.4280731794450872e+02,2.5350500842809058e+00
126954,3.4280731794450872e+02,2.5350500842809058e+00
127000,3.4280731794450872e+02,2.5350500842809058e+00
127046,3.4280731794450872e+02,2.5350500842809058e+00
127092,3.4280731794450872e+02,2.5350500842809058e+00
127138,3.4280731794450872e+02,2.5350500842809058e+00
127184,3.4280731794450872e+02,2.5350500842809058e+00
127230,3.4280731794450872e+02,2.5350500842809058e+00
127276,3.4280731794450872e+02,2.5350500842809058e+00
127322,3.4280731794450872e+02,2.5350500842809058e+00
127368,3.4280731794450872e+02,2.5350500842809058e+00
127414,3.4280731794450872e+02,2.5350500842809058e+00
127460,3.4280731794450872e+02,2.5350500842809058e+00
127506,3.4280731794450872e+02,2.5350500842809058e+00
127552,3.4280731794450872e+02,2.5350500842809058e+00
127598,3.4280731794450872e+02,2.5350500842809058e+00
127644,3.4280731794450872e+02,2.5350500842809058e+00
127690,3.4280731794450872e+02,2.5350500842809058e+00
127736,3.4280731794450872e+02,2.5350500842809058e+00
127782,3.4280731794450872e+02,2.5350500842809058e+00
127828,3.4280731794450872e+02,2.5350500842809058e+00
127874,3.0775000167206213e+02,2.4881980639629555e+00
127920,3.0775000167206213e+02,2.4881980639629555e+00
127966,3.0775000167206213e+02,2.4881980639629555e+00
128012,3.0775000167206213e+02,2.4881980639629555e+00
128058,3.0775000167206213e+02,2.4881980639629555e+00
128104,3.0775000167206213e+02,2.4881980639629555e+00
128150,3.0775000167206213e+02,2.4881980639629555e+00
128196,3.0775000167206213e+02,2.4881980639629555e+00
128242,3.0775000167206213e+02,2.4881980639629555e+00
128288,3.0775000167206213e+02,2.4881980639629555e+00
128334,3.0775000167206213e+02,2.4881980639629555e+00
128380,3.0775000167206213e+02,2.4881980639629555e+00
128426,3.0775000167206213e+02,2.4881980639629555e+00
128472,3.0775000167206213e+02,2.4881980639629555e+00
128518,3.0775000167206213e+02,2.4881980639629555e+00
128564,3.0775000167206213e+02,2.4881980639629555e+00
128610,3.0775000167206213e+02,2.4881980639629555e+00
128656,3.0775000167206213e+02,2.4881980639629555e+00
128702,3.0775000167206213e+02,2.4881980639629555e+00
128748,3.0775000167206213e+02,2.4881980639629555e+00
128794,3.0775000167206213e+02,2.4881980639629555e+00
128840,3.0775000167206213e+02,2.4881980639629555e+00
128886,3.0775000167206213e+02,2.4881980639629555e+00
128932,3.0775000167206213e+02,2.4881980639629555e+00
128978,3.0775000167206213e+02,2.4881980639629555e+00
129024,3.0775000167206213e+02,2.4881980639629555e+00
129070,3.0775000167206213e+02,2.4881980639629555e+00
129116,3.0775000167206213e+02,2.4881980639629555e+00
129162,3.0775000167206213e+02,2.4881980639629555e+00
129208,3.0775000167206213e+02,2.4881980639629555e+00
129254,3.0775000167206213e+02,2.4881980639629555e+00
129300,3.0775000167206213e+02,2.4881980639629555e+00
129345,3.0775000167206213e+02,2.4881980639629555e+00
129390,3.0775000167206213e+02,2.4881980639629555e+00
129435,3.0775000167206213e+02,2.4881980639629555e+00
129480,3.0775000167206213e+02,2.4881980639629555e+00
129525,3.0775000167206213e+02,2.4881980639629555e+00
129570,3.0775000167206213e+02,2.4881980639629555e+00
129615,3.0775000167206213e+02,2.4881980639629555e+00
129660,3.0775000167206213e+02,2.4881980639629555e+00
129705,3.0775000167206213e+02,2.4881980639629555e+00
129750,3.0775000167206213e+02,2.4881980639629555e+00
129795,3.0775000167206213e+02,2.4881980639629555e+00
129840,3.0775000167206213e+02,2.4881980639629555e+00
129885,3.0775000167206213e+02,2.4881980639629555e+00
129930,3.0775000167206213e+02,2.4881980639629555e+00
129975,3.0775000167206213e+02,2.4881980639629555e+00
130020,3.0775000167206213e+02,2.4881980639629555e+00
130065,3.0775000167206213e+02,2.4881980639629555e+00
130110,3.0775000167206213e+02,2.4881980639629555e+00
130155,3.0775000167206213e+02,2.4881980639629555e+00
130200,3.0775000167206213e+02,2.4881980639629555e+00
130245,3.0775000167206213e+02,2.4881980639629555e+00
130290,3.0775000167206213e+02,2.4881980639629555e+00
130335,3.0775000167206213e+02,2.4881980639629555e+00
130380,3.0775000167206213e+02,2.4881980639629555e+00
130425,3.0775000167206213e+02,2.4881980639629555e+00
130470,3.0775000167206213e+02,2.4881980639629555e+00
130515,3.0775000167206213e+02,2.4881980639629555e+00
130560,3.0775000167206213e+02,2.4881980639629555e+00
130605,3.0775000167206213e+02,2.4881980639629555e+00
130650,3.0775000167206213e+02,2.4881980639629555e+00
130695,2.8564792154087002e+02,2.4558310683524054e+00
130740,2.8564792154087002e+02,2.4558310683524054e+00
130785,2.8564792154087002e+02,2.4558310683524054e+00
130830,2.8564792154087002e+02,2.4558310683524054e+00
130875,2.8564792154087002e+02,2.4558310683524054e+00
130920,2.8564792154087002e+02,2.4558310683524054e+00
130965,2.8564792154087002e+02,2.4558310683524054e+00
131010,2.8564792154087002e+02,2.4558310683524054e+00
131055,2.8564792154087002e+02,2.4558310683524054e+00
131100,2.8564792154087002e+02,2.4558310683524054e+00
131145,2.8564792154087002e+02,2.4558310683524054e+00
131190,2.8564792154087002e+02,2.4558310683524054e+00
131235,2.8564792154087002e+02,2.4558310683524054e+00
131280,2.8564792154087002e+02,2.4558310683524054e+00
131325,2.8564792154087002e+02,2.4558310683524054e+00
131370,2.8564792154087002e+02,2.4558310683524054e+00
131415,2.8564792154087002e+02,2.4558310683524054e+00
131460,2.8564792154087002e+02,2.4558310683524054e+00
131505,2.8564792154087002e+02,2.4558310683524054e+00
131550,2.8564792154087002e+02,2.4558310683524054e+00
131595,2.8564792154087002e+02,2.4558310683524054e+00
131640,2.8564792154087002e+02,2.4558310683524054e+00
131685,2.8564792154087002e+02,2.4558310683524054e+00
131730,2.8564792154087002e+02,2.4558310683524054e+00
131775,2.8564792154087002e+02,2.4558310683524054e+00
131820,2.8564792154087002e+02,2.4558310683524054e+00
131865,2.8564792154087002e+02,2.4558310683524054e+00
131909,2.8564792154087002e+02,2.4558310683524054e+00
131953,2.8564792154087002e+02,2.4558310683524054e+00
131997,2.8564792154087002e+02,2.4558310683524054e+00
132041,2.8564792154087002e+02,2.4558310683524054e+00
132085,2.8564792154087002e+02,2.4558310683524054e+00
132129,2.8037253338664851e+02,2.4477354658463795e+00
132173,2.8037253338664851e+02,2.4477354658463795e+00
132217,2.8037253338664851e+02,2.4477354658463795e+00
132261,2.8037253338664851e+02,2.4477354658463795e+00
132305,2.8037253338664851e+02,2.4477354658463795e+00
132349,2.8037253338664851e+02,2.4477354658463795e+00
132393,2.8037253338664851e+02,2.4477354658463795e+00
132437,2.8037253338664851e+02,2.4477354658463795e+00
132481,2.8037253338664851e+02,2.4477354658463795e+00
132525,2.8037253338664851e+02,2.4477354658463795e+00
132569,2.8037253338664851e+02,2.4477354658463795e+00
132613,2.8037253338664851e+02,2.4477354658463795e+00
132657,2.8037253338664851e+02,2.4477354658463795e+00
132701,2.8037253338664851e+02,2.4477354658463795e+00
132745,2.7661366178764229e+02,2.4418736258545062e+00
132789,2.7661366178764229e+02,2.4418736258545062e+00
132833,2.7277167340258200e+02,2.4357992680236764e+00
132877,2.7277167340258200e+02,2.4357992680236764e+00
132921,2.7277167340258200e+02,2.4357992680236764e+00
132965,2.7277167340258200e+02,2.4357992680236764e+00
133009,2.7277167340258200e+02,2.4357992680236764e+00
133053,2.7277167340258200e+02,2.4357992680236764e+00
133097,2.7277167340258200e+02,2.4357992680236764e+00
133141,2.7277167340258200e+02,2.4357992680236764e+00
133185,2.7277167340258200e+02,2.4357992680236764e+00
133229,2.5417202752676229e+02,2.4051277533020663e+00
133273,2.5417202752676229e+02,2.4051277533020663e+00
133317,2.5417202752676229e+02,2.4051277533020663e+00
133361,2.5417202752676229e+02,2.4051277533020663e+00
133405,2.5111958522283660e+02,2.3998805853632903e+00
133449,2.5111958522283660e+02,2.3998805853632903e+00
133493,2.5111958522283660e+02,2.3998805853632903e+00
133537,2.5111958522283660e+02,2.3998805853632903e+00
133581,2.5111958522283660e+02,2.3998805853632903e+00
133625,2.4065283285093551e+02,2.3813909783519942e+00
133669,2.4065283285093551e+02,2.3813909783519942e+00
133713,2.4065283285093551e+02,2.3813909783519942e+00
133757,2.4065283285093551e+02,2.3813909783519942e+00
133801,2.4065283285093551e+02,2.3813909783519942e+00
133845,2.4065283285093551e+02,2.3813909783519942e+00
133889,2.4065283285093551e+02,2.3813909783519942e+00
133933,2.4065283285093551e+02,2.3813909783519942e+00
133977,2.4065283285093551e+02,2.3813909783519942e+00
134021,2.4065283285093551e+02,2.3813909783519942e+00
134065,2.4065283285093551e+02,2.3813909783519942e+00
134109,2.4065283285093551e+02,2.3813909783519942e+00
134153,2.4065283285093551e+02,2.3813909783519942e+00
134197,2.4065283285093551e+02,2.3813909783519942e+00
134241,2.3842530212287170e+02,2.3773523416271729e+00
134285,2.3842530212287170e+02,2.3773523416271729e+00
134329,2.3842530212287170e+02,2.3773523416271729e+00
134373,2.3842530212287170e+02,2.3773523416271729e+00
134417,2.3842530212287170e+02,2.3773523416271729e+00
134461,2.3842530212287170e+02,2.3773523416271729e+00
134504,2.3842530212287170e+02,2.3773523416271729e+00
134547,2.3328344514290200e+02,2.3678839203703208e+00
134590,2.3328344514290200e+02,2.3678839203703208e+00
134633,2.3328344514290200e+02,2.3678839203703208e+00
134676,2.3328344514290200e+02,2.3678839203703208e+00
134719,2.3328344514290200e+02,2.3678839203703208e+00
134762,2.3328344514290200e+02,2.3678839203703208e+00
134805,2.3328344514290200e+02,2.3678839203703208e+00
134848,2.1477008717141601e+02,2.3319737934100542e+00
134891,2.1477008717141601e+02,2.3319737934100542e+00
134934,2.1477008717141601e+02,2.3319737934100542e+00
134977,2.1477008717141601e+02,2.3319737934100542e+00
135020,2.1477008717141601e+02,2.3319737934100542e+00
135063,2.1477008717141601e+02,2.3319737934100542e+00
135106,2.1477008717141601e+02,2.3319737934100542e+00
135149,2.1477008717141601e+02,2.3319737934100542e+00
135192,2.1477008717141601e+02,2.3319737934100542e+00
135235,2.1477008717141601e+02,2.3319737934100542e+00
135278,2.1477008717141601e+02,2.3319737934100542e+00
135321,2.1477008717141601e+02,2.3319737934100542e+00
135364,2.1477008717141601e+02,2.3319737934100542e+00
135407,2.1477008717141601e+02,2.3319737934100542e+00
135450,2.1477008717141601e+02,2.3319737934100542e+00
135493,2.1477008717141601e+02,2.3319737934100542e+00
135536,2.1477008717141601e+02,2.3319737934100542e+00
135579,2.1477008717141601e+02,2.3319737934100542e+00
135622,2.1477008717141601e+02,2.3319737934100542e+00
135665,2.1269824072711620e+02,2.3277638977745418e+00
135708,2.1269824072711620e+02,2.3277638977745418e+00
135751,2.1269824072711620e+02,2.3277638977745418e+00
135794,2.1269824072711620e+02,2.3277638977745418e+00
135837,2.1269824072711620e+02,2.3277638977745418e+00
135880,2.1269824072711620e+02,2.3277638977745418e+00
135923,2.1269824072711620e+02,2.3277638977745418e+00
135966,2.0487783678926050e+02,2.3114949799691247e+00
136009,2.0487783678926050e+02,2.3114949799691247e+00
136052,2.0487783678926050e+02,2.3114949799691247e+00
136095,2.0487783678926050e+02,2.3114949799691247e+00
136138,2.0487783678926050e+02,2.3114949799691247e+00
136181,2.0487783678926050e+02,2.3114949799691247e+00
136224,2.0487783678926050e+02,2.3114949799691247e+00
136267,2.0487783678926050e+02,2.3114949799691247e+00
136310,2.0487783678926050e+02,2.3114949799691247e+00
136353,2.0487783678926050e+02,2.3114949799691247e+00
136396,2.0487783678926050e+02,2.3114949799691247e+00
136439,2.0487783678926050e+02,2.3114949799691247e+00
136482,2.0487783678926050e+02,2.3114949799691247e+00
136525,2.0487783678926050e+02,2.3114949799691247e+00
136568,2.0487783678926050e+02,2.3114949799691247e+00
136611,2.0487783678926050e+02,2.3114949799691247e+00
136654,2.0487783678926050e+02,2.3114949799691247e+00
136697,2.0487783678926050e+02,2.3114949799691247e+00
136740,2.0487783678926050e+02,2.3114949799691247e+00
136783,2.0487783678926050e+02,2.3114949799691247e+00
136826,2.0487783678926050e+02,2.3114949799691247e+00
136869,2.0487783678926050e+02,2.3114949799691247e+00
136912,2.0487783678926050e+02,2.3114949799691247e+00
136955,2.0487783678926050e+02,2.3114949799691247e+00
136998,2.0487783678926050e+02,2.3114949799691247e+00
137041,2.0487783678926050e+02,2.3114949799691247e+00
137084,2.0487783678926050e+02,2.3114949799691247e+00
137126,2.0487783678926050e+02,2.3114949799691247e+00
137168,2.0487783678926050e+02,2.3114949799691247e+00
137210,2.0487783678926050e+02,2.3114949799691247e+00
137252,2.0487783678926050e+02,2.3114949799691247e+00
137294,2.0487783678926050e+02,2.3114949799691247e+00
137336,2.0487783678926050e+02,2.3114949799691247e+00
137378,2.0487783678926050e+02,2.3114949799691247e+00
137420,2.0487783678926050e+02,2.3114949799691247e+00
137462,2.0487783678926050e+02,2.3114949799691247e+00
137504,2.0487783678926050e+02,2.3114949799691247e+00
137546,2.0487783678926050e+02,2.3114949799691247e+00
137588,2.0487783678926050e+02,2.3114949799691247e+00
137630,2.0487783678926050e+02,2.3114949799691247e+00
137672,2.0487783678926050e+02,2.3114949799691247e+00
137714,2.0487783678926050e+02,2.3114949799691247e+00
137756,2.0487783678926050e+02,2.3114949799691247e+00
137798,2.0487783678926050e+02,2.3114949799691247e+00
137840,2.0487783678926050e+02,2.3114949799691247e+00
137882,2.0487783678926050e+02,2.3114949799691247e+00
137924,2.0487783678926050e+02,2.3114949799691247e+00
137966,2.0487783678926050e+02,2.3114949799691247e+00
138008,1.8281411763713601e+02,2.2620097306492415e+00
138050,1.8281411763713601e+02,2.2620097306492415e+00
138092,1.8281411763713601e+02,2.2620097306492415e+00
138134,1.8281411763713601e+02,2.2620097306492415e+00
138176,1.8281411763713601e+02,2.2620097306492415e+00
138218,1.8281411763713601e+02,2.2620097306492415e+00
138260,1.8281411763713601e+02,2.2620097306492415e+00
138302,1.7545820642745281e+02,2.2441736855910990e+00
138344,1.7545820642745281e+02,2.2441736855910990e+00
138386,1.7545820642745281e+02,2.2441736855910990e+00
138428,1.7545820642745281e+02,2.2441736855910990e+00
138470,1.7545820642745281e+02,2.2441736855910990e+00
138512,1.7545820642745281e+02,2.2441736855910990e+00
138554,1.7545820642745281e+02,2.2441736855910990e+00
138596,1.7545820642745281e+02,2.2441736855910990e+00
138638,1.7545820642745281e+02,2.2441736855910990e+00
138680,1.7545820642745281e+02,2.2441736855910990e+00
138722,1.7545820642745281e+02,2.2441736855910990e+00
138764,1.7545820642745281e+02,2.2441736855910990e+00
138806,1.7545820642745281e+02,2.2441736855910990e+00
138848,1.7545820642745281e+02,2.2441736855910990e+00
138890,1.7545820642745281e+02,2.2441736855910990e+00
138932,1.7545820642745281e+02,2.2441736855910990e+00
138974,1.7545820642745281e+02,2.2441736855910990e+00
139016,1.7545820642745281e+02,2.2441736855910990e+00
139058,1.7545820642745281e+02,2.2441736855910990e+00
139100,1.7545820642745281e+02,2.2441736855910990e+00
139142,1.7545820642745281e+02,2.2441736855910990e+00
139184,1.7545820642745281e+02,2.2441736855910990e+00
139226,1.7545820642745281e+02,2.2441736855910990e+00
139268,1.7545820642745281e+02,2.2441736855910990e+00
139310,1.7545820642745281e+02,2.2441736855910990e+00
139352,1.7545820642745281e+02,2.2441736855910990e+00
139394,1.7545820642745281e+02,2.2441736855910990e+00
139436,1.7545820642745281e+02,2.2441736855910990e+00
139478,1.7545820642745281e+02,2.2441736855910990e+00
139520,1.7545820642745281e+02,2.2441736855910990e+00
139562,1.7545820642745281e+02,2.2441736855910990e+00
139604,1.7545820642745281e+02,2.2441736855910990e+00
139646,1.7545820642745281e+02,2.2441736855910990e+00
139688,1.7545820642745281e+02,2.2441736855910990e+00
139730,1.7545820642745281e+02,2.2441736855910990e+00
139771,1.6987733336121531e+02,2.2301354350617602e+00
139812,1.6987733336121531e+02,2.2301354350617602e+00
139853,1.6987733336121531e+02,2.2301354350617602e+00
139894,1.6987733336121531e+02,2.2301354350617602e+00
139935,1.6987733336121531e+02,2.2301354350617602e+00
139976,1.6987733336121531e+02,2.2301354350617602e+00
140017,1.6987733336121531e+02,2.2301354350617602e+00
140058,1.6987733336121531e+02,2.2301354350617602e+00
140099,1.6987733336121531e+02,2.2301354350617602e+00
140140,1.6987733336121531e+02,2.2301354350617602e+00
140181,1.6987733336121531e+02,2.2301354350617602e+00
140222,1.6987733336121531e+02,2.2301354350617602e+00
140263,1.6987733336121531e+02,2.2301354350617602e+00
140304,1.6987733336121531e+02,2.2301354350617602e+00
140345,1.6987733336121531e+02,2.2301354350617602e+00
140386,1.6987733336121531e+02,2.2301354350617602e+00
140427,1.6987733336121531e+02,2.2301354350617602e+00
140468,1.6987733336121531e+02,2.2301354350617602e+00
140509,1.6987733336121531e+02,2.2301354350617602e+00
140550,1.6987733336121531e+02,2.2301354350617602e+00
140591,1.6987733336121531e+02,2.2301354350617602e+00
140632,1.5980462179016720e+02,2.2035893356096370e+00
140673,1.5980462179016720e+02,2.2035893356096370e+00
140714,1.5980462179016720e+02,2.2035893356096370e+00
140755,1.5980462179016720e+02,2.2035893356096370e+00
140796,1.5841197563072899e+02,2.1997880102948080e+00
140837,1.5841197563072899e+02,2.1997880102948080e+00
140878,1.5841197563072899e+02,2.1997880102948080e+00
140919,1.5841197563072899e+02,2.1997880102948080e+00
140960,1.5841197563072899e+02,2.1997880102948080e+00
141001,1.5841197563072899e+02,2.1997880102948080e+00
141042,1.5841197563072899e+02,2.1997880102948080e+00
141083,1.5841197563072899e+02,2.1997880102948080e+00
141124,1.5841197563072899e+02,2.1997880102948080e+00
141165,1.5841197563072899e+02,2.1997880102948080e+00
141206,1.5841197563072899e+02,2.1997880102948080e+00
141247,1.5841197563072899e+02,2.1997880102948080e+00
141288,1.5841197563072899e+02,2.1997880102948080e+00
141329,1.5841197563072899e+02,2.1997880102948080e+00
141370,1.5841197563072899e+02,2.1997880102948080e+00
141411,1.5841197563072899e+02,2.1997880102948080e+00
141452,1.5841197563072899e+02,2.1997880102948080e+00
141493,1.5841197563072899e+02,2.1997880102948080e+00
141534,1.5841197563072899e+02,2.1997880102948080e+00
141575,1.5841197563072899e+02,2.1997880102948080e+00
141616,1.5841197563072899e+02,2.1997880102948080e+00
141657,1.5841197563072899e+02,2.1997880102948080e+00
141698,1.5841197563072899e+02,2.1997880102948080e+00
141739,1.5841197563072899e+02,2.1997880102948080e+00
141780,1.5841197563072899e+02,2.1997880102948080e+00
141821,1.5841197563072899e+02,2.1997880102948080e+00
141862,1.5841197563072899e+02,2.1997880102948080e+00
141903,1.5841197563072899e+02,2.1997880102948080e+00
141944,1.5841197563072899e+02,2.1997880102948080e+00
141985,1.5841197563072899e+02,2.1997880102948080e+00
142026,1.5841197563072899e+02,2.1997880102948080e+00
142067,1.5841197563072899e+02,2.1997880102948080e+00
142108,1.5841197563072899e+02,2.1997880102948080e+00
142149,1.5841197563072899e+02,2.1997880102948080e+00
142190,1.5841197563072899e+02,2.1997880102948080e+00
142231,1.5841197563072899e+02,2.1997880102948080e+00
142272,1.5841197563072899e+02,2.1997880102948080e+00
142313,1.5841197563072899e+02,2.1997880102948080e+00
142354,1.5841197563072899e+02,2.1997880102948080e+00
142395,1.5841197563072899e+02,2.1997880102948080e+00
142436,1.4894233870809219e+02,2.1730181688980110e+00
142476,1.4771476496108741e+02,2.1694239077739637e+00
142516,1.4771476496108741e+02,2.1694239077739637e+00
142556,1.4771476496108741e+02,2.1694239077739637e+00
142596,1.4771476496108741e+02,2.1694239077739637e+00
142636,1.4771476496108741e+02,2.1694239077739637e+00
142676,1.4771476496108741e+02,2.1694239077739637e+00
142716,1.4771476496108741e+02,2.1694239077739637e+00
142756,1.4771476496108741e+02,2.1694239077739637e+00
142796,1.4771476496108741e+02,2.1694239077739637e+00
142836,1.4771476496108741e+02,2.1694239077739637e+00
142876,1.4771476496108741e+02,2.1694239077739637e+00
142916,1.4771476496108741e+02,2.1694239077739637e+00
142956,1.4771476496108741e+02,2.1694239077739637e+00
142996,1.4771476496108741e+02,2.1694239077739637e+00
143036,1.4771476496108741e+02,2.1694239077739637e+00
143076,1.4771476496108741e+02,2.1694239077739637e+00
143116,1.4771476496108741e+02,2.1694239077739637e+00
143156,1.4771476496108741e+02,2.1694239077739637e+00
143196,1.4771476496108741e+02,2.1694239077739637e+00
143236,1.4771476496108741e+02,2.1694239077739637e+00
143276,1.4771476496108741e+02,2.1694239077739637e+00
143316,1.4771476496108741e+02,2.1694239077739637e+00
143356,1.4771476496108741e+02,2.1694239077739637e+00
143396,1.4771476496108741e+02,2.1694239077739637e+00
143436,1.4771476496108741e+02,2.1694239077739637e+00
143476,1.4771476496108741e+02,2.1694239077739637e+00
143516,1.4771476496108741e+02,2.1694239077739637e+00
143556,1.4771476496108741e+02,2.1694239077739637e+00
143596,1.4771476496108741e+02,2.1694239077739637e+00
143636,1.4771476496108741e+02,2.1694239077739637e+00
143676,1.4771476496108741e+02,2.1694239077739637e+00
143716,1.4771476496108741e+02,2.1694239077739637e+00
143756,1.4771476496108741e+02,2.1694239077739637e+00
143796,1.4771476496108741e+02,2.1694239077739637e+00
143836,1.4771476496108741e+02,2.1694239077739637e+00
143876,1.4771476496108741e+02,2.1694239077739637e+00
143916,1.4771476496108741e+02,2.1694239077739637e+00
143956,1.4771476496108741e+02,2.1694239077739637e+00
143996,1.4771476496108741e+02,2.1694239077739637e+00
144036,1.4771476496108741e+02,2.1694239077739637e+00
144076,1.4771476496108741e+02,2.1694239077739637e+00
144116,1.4771476496108741e+02,2.1694239077739637e+00
144156,1.4771476496108741e+02,2.1694239077739637e+00
144196,1.4771476496108741e+02,2.1694239077739637e+00
144236,1.4771476496108741e+02,2.1694239077739637e+00
144276,1.4771476496108741e+02,2.1694239077739637e+00
144316,1.4771476496108741e+02,2.1694239077739637e+00
144356,1.4771476496108741e+02,2.1694239077739637e+00
144396,1.4771476496108741e+02,2.1694239077739637e+00
144436,1.4771476496108741e+02,2.1694239077739637e+00
144476,1.4771476496108741e+02,2.1694239077739637e+00
144516,1.4771476496108741e+02,2.1694239077739637e+00
144556,1.4771476496108741e+02,2.1694239077739637e+00
144596,1.4771476496108741e+02,2.1694239077739637e+00
144636,1.4771476496108741e+02,2.1694239077739637e+00
144676,1.4771476496108741e+02,2.1694239077739637e+00
144716,1.4771476496108741e+02,2.1694239077739637e+00
144756,1.4771476496108741e+02,2.1694239077739637e+00
144796,1.4771476496108741e+02,2.1694239077739637e+00
144836,1.4771476496108741e+02,2.1694239077739637e+00
144876,1.4771476496108741e+02,2.1694239077739637e+00
144916,1.4771476496108741e+02,2.1694239077739637e+00
144956,1.4771476496108741e+02,2.1694239077739637e+00
144996,1.4771476496108741e+02,2.1694239077739637e+00
145036,1.4771476496108741e+02,2.1694239077739637e+00
145076,1.4771476496108741e+02,2.1694239077739637e+00
145116,1.4771476496108741e+02,2.1694239077739637e+00
145156,1.4771476496108741e+02,2.1694239077739637e+00
145196,1.4771476496108741e+02,2.1694239077739637e+00
145235,1.4608513462015370e+02,2.1646060250999302e+00
145274,1.4608513462015370e+02,2.1646060250999302e+00
145313,1.4608513462015370e+02,2.1646060250999302e+00
145352,1.4608513462015370e+02,2.1646060250999302e+00
145391,1.4608513462015370e+02,2.1646060250999302e+00
145430,1.4608513462015370e+02,2.1646060250999302e+00
145469,1.4608513462015370e+02,2.1646060250999302e+00
145508,1.4608513462015370e+02,2.1646060250999302e+00
145547,1.4608513462015370e+02,2.1646060250999302e+00
145586,1.4608513462015370e+02,2.1646060250999302e+00
145625,1.4608513462015370e+02,2.1646060250999302e+00
145664,1.4608513462015370e+02,2.1646060250999302e+00
145703,1.4608513462015370e+02,2.1646060250999302e+00
145742,1.4608513462015370e+02,2.1646060250999302e+00
145781,1.4608513462015370e+02,2.1646060250999302e+00
145820,1.4608513462015370e+02,2.1646060250999302e+00
145859,1.4608513462015370e+02,2.1646060250999302e+00
145898,1.4608513462015370e+02,2.1646060250999302e+00
145937,1.4608513462015370e+02,2.1646060250999302e+00
145976,1.4608513462015370e+02,2.1646060250999302e+00
146015,1.4608513462015370e+02,2.1646060250999302e+00
146054,1.4608513462015370e+02,2.1646060250999302e+00
146093,1.4608513462015370e+02,2.1646060250999302e+00
146132,1.4608513462015370e+02,2.1646060250999302e+00
146171,1.4608513462015370e+02,2.1646060250999302e+00
146210,1.4608513462015370e+02,2.1646060250999302e+00
146249,1.4608513462015370e+02,2.1646060250999302e+00
146288,1.4608513462015370e+02,2.1646060250999302e+00
146327,1.4608513462015370e+02,2.1646060250999302e+00
146366,1.4608513462015370e+02,2.1646060250999302e+00
146405,1.4608513462015370e+02,2.1646060250999302e+00
146444,1.4608513462015370e+02,2.1646060250999302e+00
146483,1.4608513462015370e+02,2.1646060250999302e+00
146522,1.4608513462015370e+02,2.1646060250999302e+00
146561,1.4608513462015370e+02,2.1646060250999302e+00
146600,1.2125080622137079e+02,2.0836846349965978e+00
146639,1.2125080622137079e+02,2.0836846349965978e+00
146678,1.2125080622137079e+02,2.0836846349965978e+00
146717,1.2125080622137079e+02,2.0836846349965978e+00
146756,1.2125080622137079e+02,2.0836846349965978e+00
146795,1.2125080622137079e+02,2.0836846349965978e+00
146834,1.2125080622137079e+02,2.0836846349965978e+00
146873,1.2125080622137079e+02,2.0836846349965978e+00
146912,1.2125080622137079e+02,2.0836846349965978e+00
146951,1.2125080622137079e+02,2.0836846349965978e+00
146990,1.2125080622137079e+02,2.0836846349965978e+00
147029,1.2125080622137079e+02,2.0836846349965978e+00
147068,1.2125080622137079e+02,2.0836846349965978e+00
147107,1.2125080622137079e+02,2.0836846349965978e+00
147146,1.2125080622137079e+02,2.0836846349965978e+00
147185,1.2125080622137079e+02,2.0836846349965978e+00
147224,1.2125080622137079e+02,2.0836846349965978e+00
147263,1.2125080622137079e+02,2.0836846349965978e+00
147302,1.2125080622137079e+02,2.0836846349965978e+00
147341,1.2125080622137079e+02,2.0836846349965978e+00
147380,1.2125080622137079e+02,2.0836846349965978e+00
147419,1.2125080622137079e+02,2.0836846349965978e+00
147458,1.2125080622137079e+02,2.0836846349965978e+00
147497,1.2125080622137079e+02,2.0836846349965978e+00
147536,1.2125080622137079e+02,2.0836846349965978e+00
147575,1.2125080622137079e+02,2.0836846349965978e+00
147614,1.2125080622137079e+02,2.0836846349965978e+00
147653,1.2125080622137079e+02,2.0836846349965978e+00
147692,1.2125080622137079e+02,2.0836846349965978e+00
147731,1.2125080622137079e+02,2.0836846349965978e+00
147770,1.2125080622137079e+02,2.0836846349965978e+00
147809,1.2125080622137079e+02,2.0836846349965978e+00
147848,1.2125080622137079e+02,2.0836846349965978e+00
147887,1.2125080622137079e+02,2.0836846349965978e+00
147926,1.2125080622137079e+02,2.0836846349965978e+00
147965,1.2125080622137079e+02,2.0836846349965978e+00
148003,1.2125080622137079e+02,2.0836846349965978e+00
148041,1.2125080622137079e+02,2.0836846349965978e+00
148079,1.2125080622137079e+02,2.0836846349965978e+00
148117,1.2125080622137079e+02,2.0836846349965978e+00
148155,9.6330226398717301e+01,1.9837625809816710e+00
148193,9.6330226398717301e+01,1.9837625809816710e+00
148231,9.6330226398717301e+01,1.9837625809816710e+00
148269,9.6330226398717301e+01,1.9837625809816710e+00
148307,9.6330226398717301e+01,1.9837625809816710e+00
148345,9.6330226398717301e+01,1.9837625809816710e+00
148383,9.4687552113195395e+01,1.9762928892051526e+00
148421,9.4687552113195395e+01,1.9762928892051526e+00
148459,9.4687552113195395e+01,1.9762928892051526e+00
148497,9.4687552113195395e+01,1.9762928892051526e+00
148535,9.4687552113195395e+01,1.9762928892051526e+00
148573,9.4687552113195395e+01,1.9762928892051526e+00
148611,9.4687552113195395e+01,1.9762928892051526e+00
148649,9.1311128988362697e+01,1.9605237125144159e+00
148687,9.1311128988362697e+01,1.9605237125144159e+00
148725,9.1311128988362697e+01,1.9605237125144159e+00
148763,9.1311128988362697e+01,1.9605237125144159e+00
148801,9.1311128988362697e+01,1.9605237125144159e+00
148839,9.1311128988362697e+01,1.9605237125144159e+00
148877,9.1311128988362697e+01,1.9605237125144159e+00
148915,9.1311128988362697e+01,1.9605237125144159e+00
148953,9.1311128988362697e+01,1.9605237125144159e+00
148991,9.1311128988362697e+01,1.9605237125144159e+00
149029,9.1311128988362697e+01,1.9605237125144159e+00
149067,9.1311128988362697e+01,1.9605237125144159e+00
149105,9.1311128988362697e+01,1.9605237125144159e+00
149143,9.1311128988362697e+01,1.9605237125144159e+00
149181,9.1311128988362697e+01,1.9605237125144159e+00
149219,8.8319468918043199e+01,1.9460564488967096e+00
149257,8.8319468918043199e+01,1.9460564488967096e+00
149295,8.8319468918043199e+01,1.9460564488967096e+00
149333,8.8319468918043199e+01,1.9460564488967096e+00
149371,8.8319468918043199e+01,1.9460564488967096e+00
149409,8.8319468918043199e+01,1.9460564488967096e+00
149447,8.8319468918043199e+01,1.9460564488967096e+00
149485,8.8319468918043199e+01,1.9460564488967096e+00
149523,8.8319468918043199e+01,1.9460564488967096e+00
149561,8.8319468918043199e+01,1.9460564488967096e+00
149599,8.8319468918043199e+01,1.9460564488967096e+00
149637,8.8319468918043199e+01,1.9460564488967096e+00
149675,8.8319468918043199e+01,1.9460564488967096e+00
149713,8.8319468918043199e+01,1.9460564488967096e+00
149751,8.8319468918043199e+01,1.9460564488967096e+00
149789,8.8319468918043199e+01,1.9460564488967096e+00
149827,8.8319468918043199e+01,1.9460564488967096e+00
149865,8.8319468918043199e+01,1.9460564488967096e+00
149903,8.8319468918043199e+01,1.9460564488967096e+00
149941,8.8319468918043199e+01,1.9460564488967096e+00
149979,8.8319468918043199e+01,1.9460564488967096e+00
150017,8.8319468918043199e+01,1.9460564488967096e+00
150055,8.8319468918043199e+01,1.9460564488967096e+00
150093,8.8319468918043199e+01,1.9460564488967096e+00
150131,8.8319468918043199e+01,1.9460564488967096e+00
150169,8.8319468918043199e+01,1.9460564488967096e+00
150207,8.8319468918043199e+01,1.9460564488967096e+00
150245,8.8319468918043199e+01,1.9460564488967096e+00
150283,8.8319468918043199e+01,1.9460564488967096e+00
150321,8.8319468918043199e+01,1.9460564488967096e+00
150359,8.8319468918043199e+01,1.9460564488967096e+00
150397,8.8319468918043199e+01,1.9460564488967096e+00
150435,8.8319468918043199e+01,1.9460564488967096e+00
150473,8.8319468918043199e+01,1.9460564488967096e+00
150511,8.8319468918043199e+01,1.9460564488967096e+00
150549,8.8319468918043199e+01,1.9460564488967096e+00
150587,8.8319468918043199e+01,1.9460564488967096e+00
150625,8.8319468918043199e+01,1.9460564488967096e+00
150663,8.8319468918043199e+01,1.9460564488967096e+00
150701,8.8319468918043199e+01,1.9460564488967096e+00
150739,8.8319468918043199e+01,1.9460564488967096e+00
150777,8.8319468918043199e+01,1.9460564488967096e+00
150815,8.8319468918043199e+01,1.9460564488967096e+00
150852,8.8319468918043199e+01,1.9460564488967096e+00
150889,8.8319468918043199e+01,1.9460564488967096e+00
150926,8.8319468918043199e+01,1.9460564488967096e+00
150963,8.8319468918043199e+01,1.9460564488967096e+00
151000,8.8319468918043199e+01,1.9460564488967096e+00
151037,8.8319468918043199e+01,1.9460564488967096e+00
151074,8.8319468918043199e+01,1.9460564488967096e+00
151111,8.8319468918043199e+01,1.9460564488967096e+00
151148,8.8319468918043199e+01,1.9460564488967096e+00
151185,8.8319468918043199e+01,1.9460564488967096e+00
151222,8.8319468918043199e+01,1.9460564488967096e+00
151259,8.8319468918043199e+01,1.9460564488967096e+00
151296,8.8319468918043199e+01,1.9460564488967096e+00
151333,8.8319468918043199e+01,1.9460564488967096e+00
151370,8.8319468918043199e+01,1.9460564488967096e+00
151407,8.8319468918043199e+01,1.9460564488967096e+00
151444,8.8319468918043199e+01,1.9460564488967096e+00
151481,8.8319468918043199e+01,1.9460564488967096e+00
151518,8.8319468918043199e+01,1.9460564488967096e+00
151555,8.8319468918043199e+01,1.9460564488967096e+00
151592,8.8319468918043199e+01,1.9460564488967096e+00
151629,8.8319468918043199e+01,1.9460564488967096e+00
151666,8.8319468918043199e+01,1.9460564488967096e+00
151703,8.8319468918043199e+01,1.9460564488967096e+00
151740,8.8319468918043199e+01,1.9460564488967096e+00
151777,8.8319468918043199e+01,1.9460564488967096e+00
151814,8.8319468918043199e+01,1.9460564488967096e+00
151851,8.8319468918043199e+01,1.9460564488967096e+00
151888,8.8319468918043199e+01,1.9460564488967096e+00
151925,8.8319468918043199e+01,1.9460564488967096e+00
151962,8.8319468918043199e+01,1.9460564488967096e+00
151999,8.8319468918043199e+01,1.9460564488967096e+00
152036,8.8319468918043199e+01,1.9460564488967096e+00
152073,8.8319468918043199e+01,1.9460564488967096e+00
152110,8.8319468918043199e+01,1.9460564488967096e+00
152147,8.8319468918043199e+01,1.9460564488967096e+00
152184,8.8319468918043199e+01,1.9460564488967096e+00
152221,8.8319468918043199e+01,1.9460564488967096e+00
152258,8.8319468918043199e+01,1.9460564488967096e+00
152295,8.8319468918043199e+01,1.9460564488967096e+00
152332,8.8319468918043199e+01,1.9460564488967096e+00
152369,8.8319468918043199e+01,1.9460564488967096e+00
152406,8.8319468918043199e+01,1.9460564488967096e+00
152443,7.7754998096856397e+01,1.8907283150766065e+00
152480,7.7754998096856397e+01,1.8907283150766065e+00
152517,7.7754998096856397e+01,1.8907283150766065e+00
152554,7.7754998096856397e+01,1.8907283150766065e+00
152591,7.7754998096856397e+01,1.8907283150766065e+00
152628,7.7754998096856397e+01,1.8907283150766065e+00
152665,7.7754998096856397e+01,1.8907283150766065e+00
152702,7.7754998096856397e+01,1.8907283150766065e+00
152739,7.7754998096856397e+01,1.8907283150766065e+00
152776,7.7754998096856397e+01,1.8907283150766065e+00
152813,7.7754998096856397e+01,1.8907283150766065e+00
152850,7.7754998096856397e+01,1.8907283150766065e+00
152887,7.7754998096856397e+01,1.8907283150766065e+00
152924,7.7754998096856397e+01,1.8907283150766065e+00
152961,7.7754998096856397e+01,1.8907283150766065e+00
152998,7.7754998096856397e+01,1.8907283150766065e+00
153035,7.7754998096856397e+01,1.8907283150766065e+00
153072,7.7754998096856397e+01,1.8907283150766065e+00
153109,7.7754998096856397e+01,1.8907283150766065e+00
153146,7.7754998096856397e+01,1.8907283150766065e+00
153183,7.7754998096856397e+01,1.8907283150766065e+00
153220,7.7754998096856397e+01,1.8907283150766065e+00
153257,7.7754998096856397e+01,1.8907283150766065e+00
153294,7.7754998096856397e+01,1.8907283150766065e+00
153331,7.7754998096856397e+01,1.8907283150766065e+00
153368,7.7754998096856397e+01,1.8907283150766065e+00
153405,7.7754998096856397e+01,1.8907283150766065e+00
153442,7.7754998096856397e+01,1.8907283150766065e+00
153479,7.7754998096856397e+01,1.8907283150766065e+00
153516,7.7754998096856397e+01,1.8907283150766065e+00
153553,7.7754998096856397e+01,1.8907283150766065e+00
153590,7.7754998096856397e+01,1.8907283150766065e+00
153627,7.7754998096856397e+01,1.8907283150766065e+00
153664,7.7754998096856397e+01,1.8907283150766065e+00
153701,7.7754998096856397e+01,1.8907283150766065e+00
153737,7.7754998096856397e+01,1.8907283150766065e+00
153773,7.7754998096856397e+01,1.8907283150766065e+00
153809,7.7754998096856397e+01,1.8907283150766065e+00
153845,7.7754998096856397e+01,1.8907283150766065e+00
153881,7.7754998096856397e+01,1.8907283150766065e+00
153917,7.7754998096856397e+01,1.8907283150766065e+00
153953,7.7754998096856397e+01,1.8907283150766065e+00
153989,7.7754998096856397e+01,1.8907283150766065e+00
154025,7.7754998096856397e+01,1.8907283150766065e+00
154061,7.7754998096856397e+01,1.8907283150766065e+00
154097,7.7754998096856397e+01,1.8907283150766065e+00
154133,7.7754998096856397e+01,1.8907283150766065e+00
154169,7.7754998096856397e+01,1.8907283150766065e+00
154205,7.7754998096856397e+01,1.8907283150766065e+00
154241,7.7754998096856397e+01,1.8907283150766065e+00
154277,7.7754998096856397e+01,1.8907283150766065e+00
154313,7.7754998096856397e+01,1.8907283150766065e+00
154349,7.7754998096856397e+01,1.8907283150766065e+00
154385,7.7754998096856397e+01,1.8907283150766065e+00
154421,7.7754998096856397e+01,1.8907283150766065e+00
154457,7.7754998096856397e+01,1.8907283150766065e+00
154493,7.7754998096856397e+01,1.8907283150766065e+00
154529,7.7754998096856397e+01,1.8907283150766065e+00
154565,7.7754998096856397e+01,1.8907283150766065e+00
154601,7.7754998096856397e+01,1.8907283150766065e+00
154637,7.7754998096856397e+01,1.8907283150766065e+00
154673,7.7754998096856397e+01,1.8907283150766065e+00
154709,7.7754998096856397e+01,1.8907283150766065e+00
154745,7.7754998096856397e+01,1.8907283150766065e+00
154781,7.7754998096856397e+01,1.8907283150766065e+00
154817,7.7754998096856397e+01,1.8907283150766065e+00
154853,7.7754998096856397e+01,1.8907283150766065e+00
154889,7.7754998096856397e+01,1.8907283150766065e+00
154925,7.7754998096856397e+01,1.8907283150766065e+00
154961,7.7754998096856397e+01,1.8907283150766065e+00
154997,7.7754998096856397e+01,1.8907283150766065e+00
155033,7.7754998096856397e+01,1.8907283150766065e+00
155069,7.7754998096856397e+01,1.8907283150766065e+00
155105,7.7754998096856397e+01,1.8907283150766065e+00
155141,7.7754998096856397e+01,1.8907283150766065e+00
155177,7.7754998096856397e+01,1.8907283150766065e+00
155213,7.7754998096856397e+01,1.8907283150766065e+00
155249,7.7754998096856397e+01,1.8907283150766065e+00
155285,7.7754998096856397e+01,1.8907283150766065e+00
155321,7.7754998096856397e+01,1.8907283150766065e+00
155357,7.7754998096856397e+01,1.8907283150766065e+00
155393,7.7731722074890897e+01,1.8905982892073283e+00
155429,7.7731722074890897e+01,1.8905982892073283e+00
155465,7.7731722074890897e+01,1.8905982892073283e+00
155501,7.7731722074890897e+01,1.8905982892073283e+00
155537,7.7731722074890897e+01,1.8905982892073283e+00
155573,7.7731722074890897e+01,1.8905982892073283e+00
155609,7.7731722074890897e+01,1.8905982892073283e+00
155645,7.7731722074890897e+01,1.8905982892073283e+00
155681,7.7731722074890897e+01,1.8905982892073283e+00
155717,7.7731722074890897e+01,1.8905982892073283e+00
155753,7.7731722074890897e+01,1.8905982892073283e+00
155789,7.7731722074890897e+01,1.8905982892073283e+00
155825,7.7731722074890897e+01,1.8905982892073283e+00
155861,7.7731722074890897e+01,1.8905982892073283e+00
155897,7.7731722074890897e+01,1.8905982892073283e+00
155933,7.7731722074890897e+01,1.8905982892073283e+00
155969,7.7731722074890897e+01,1.8905982892073283e+00
156005,7.7731722074890897e+01,1.8905982892073283e+00
156041,7.7731722074890897e+01,1.8905982892073283e+00
156077,7.7731722074890897e+01,1.8905982892073283e+00
156113,7.7731722074890897e+01,1.8905982892073283e+00
156149,7.7731722074890897e+01,1.8905982892073283e+00
156185,7.7731722074890897e+01,1.8905982892073283e+00
156221,7.7731722074890897e+01,1.8905982892073283e+00
156257,7.7731722074890897e+01,1.8905982892073283e+00
156293,7.7731722074890897e+01,1.8905982892073283e+00
156329,7.7731722074890897e+01,1.8905982892073283e+00
156365,7.7731722074890897e+01,1.8905982892073283e+00
156401,7.7731722074890897e+01,1.8905982892073283e+00
156437,7.7731722074890897e+01,1.8905982892073283e+00
156473,7.7731722074890897e+01,1.8905982892073283e+00
156509,7.7731722074890897e+01,1.8905982892073283e+00
156545,7.7731722074890897e+01,1.8905982892073283e+00
156581,7.7731722074890897e+01,1.8905982892073283e+00
156617,7.7731722074890897e+01,1.8905982892073283e+00
156652,7.7731722074890897e+01,1.8905982892073283e+00
156687,7.7731722074890897e+01,1.8905982892073283e+00
156722,7.7731722074890897e+01,1.8905982892073283e+00
156757,7.7731722074890897e+01,1.8905982892073283e+00
156792,7.7731722074890897e+01,1.8905982892073283e+00
156827,7.7731722074890897e+01,1.8905982892073283e+00
156862,7.7731722074890897e+01,1.8905982892073283e+00
156897,7.7731722074890897e+01,1.8905982892073283e+00
156932,7.7731722074890897e+01,1.8905982892073283e+00
156967,7.7731722074890897e+01,1.8905982892073283e+00
157002,7.6392010301130099e+01,1.8830479388953338e+00
157037,7.6392010301130099e+01,1.8830479388953338e+00
157072,7.6392010301130099e+01,1.8830479388953338e+00
157107,7.6392010301130099e+01,1.8830479388953338e+00
157142,7.6392010301130099e+01,1.8830479388953338e+00
157177,7.6392010301130099e+01,1.8830479388953338e+00
157212,7.6392010301130099e+01,1.8830479388953338e+00
157247,7.6392010301130099e+01,1.8830479388953338e+00
157282,7.5331456875733195e+01,1.8769763665693633e+00
157317,7.5331456875733195e+01,1.8769763665693633e+00
157352,7.5331456875733195e+01,1.8769763665693633e+00
157387,7.5331456875733195e+01,1.8769763665693633e+00
157422,7.5331456875733195e+01,1.8769763665693633e+00
157457,7.5331456875733195e+01,1.8769763665693633e+00
157492,7.5331456875733195e+01,1.8769763665693633e+00
157527,7.5331456875733195e+01,1.8769763665693633e+00
157562,7.5331456875733195e+01,1.8769763665693633e+00
157597,7.5331456875733195e+01,1.8769763665693633e+00
157632,7.5331456875733195e+01,1.8769763665693633e+00
157667,7.5331456875733195e+01,1.8769763665693633e+00
157702,7.5331456875733195e+01,1.8769763665693633e+00
157737,7.5331456875733195e+01,1.8769763665693633e+00
157772,7.5331456875733195e+01,1.8769763665693633e+00
157807,7.5331456875733195e+01,1.8769763665693633e+00
157842,7.5331456875733195e+01,1.8769763665693633e+00
157877,7.5331456875733195e+01,1.8769763665693633e+00
157912,7.5331456875733195e+01,1.8769763665693633e+00
157947,7.5331456875733195e+01,1.8769763665693633e+00
157982,7.5331456875733195e+01,1.8769763665693633e+00
158017,7.5331456875733195e+01,1.8769763665693633e+00
158052,7.5331456875733195e+01,1.8769763665693633e+00
158087,7.5331456875733195e+01,1.8769763665693633e+00
158122,7.5331456875733195e+01,1.8769763665693633e+00
158157,7.5331456875733195e+01,1.8769763665693633e+00
158192,7.5331456875733195e+01,1.8769763665693633e+00
158227,7.5331456875733195e+01,1.8769763665693633e+00
158262,7.5331456875733195e+01,1.8769763665693633e+00
158297,7.5331456875733195e+01,1.8769763665693633e+00
158332,7.5331456875733195e+01,1.8769763665693633e+00
158367,7.5331456875733195e+01,1.8769763665693633e+00
158402,7.5331456875733195e+01,1.8769763665693633e+00
158437,7.5331456875733195e+01,1.8769763665693633e+00
158472,7.5331456875733195e+01,1.8769763665693633e+00
158507,7.5331456875733195e+01,1.8769763665693633e+00
158542,7.5331456875733195e+01,1.8769763665693633e+00
158577,7.5331456875733195e+01,1.8769763665693633e+00
158612,7.5331456875733195e+01,1.8769763665693633e+00
158647,7.5331456875733195e+01,1.8769763665693633e+00
158682,7.5331456875733195e+01,1.8769763665693633e+00
158717,7.5331456875733195e+01,1.8769763665693633e+00
158752,7.5331456875733195e+01,1.8769763665693633e+00
158787,7.5331456875733195e+01,1.8769763665693633e+00
158822,7.5331456875733195e+01,1.8769763665693633e+00
158857,7.5331456875733195e+01,1.8769763665693633e+00
158892,7.5331456875733195e+01,1.8769763665693633e+00
158927,7.5331456875733195e+01,1.8769763665693633e+00
158962,7.5331456875733195e+01,1.8769763665693633e+00
158997,7.5331456875733195e+01,1.8769763665693633e+00
159032,7.5331456875733195e+01,1.8769763665693633e+00
159067,7.5331456875733195e+01,1.8769763665693633e+00
159102,7.5331456875733195e+01,1.8769763665693633e+00
159137,7.5331456875733195e+01,1.8769763665693633e+00
159172,7.5331456875733195e+01,1.8769763665693633e+00
159207,7.5331456875733195e+01,1.8769763665693633e+00
159242,7.5331456875733195e+01,1.8769763665693633e+00
159277,7.5331456875733195e+01,1.8769763665693633e+00
159312,7.5331456875733195e+01,1.8769763665693633e+00
159347,7.5331456875733195e+01,1.8769763665693633e+00
159382,7.5331456875733195e+01,1.8769763665693633e+00
159417,7.3813336145479497e+01,1.8681348346027862e+00
159452,7.3813336145479497e+01,1.8681348346027862e+00
159487,7.3813336145479497e+01,1.8681348346027862e+00
159522,7.3813336145479497e+01,1.8681348346027862e+00
159557,7.3813336145479497e+01,1.8681348346027862e+00
159592,7.3813336145479497e+01,1.8681348346027862e+00
159627,7.3813336145479497e+01,1.8681348346027862e+00
159661,7.3813336145479497e+01,1.8681348346027862e+00
159695,7.3813336145479497e+01,1.8681348346027862e+00
159729,7.3813336145479497e+01,1.8681348346027862e+00
159763,7.2929285301709896e+01,1.8629019575497732e+00
159797,7.2929285301709896e+01,1.8629019575497732e+00
159831,7.2929285301709896e+01,1.8629019575497732e+00
159865,6.3659616026855502e+01,1.8038640147763327e+00
159899,6.3659616026855502e+01,1.8038640147763327e+00
159933,6.3659616026855502e+01,1.8038640147763327e+00
159967,6.3659616026855502e+01,1.8038640147763327e+00
160001,6.3659616026855502e+01,1.8038640147763327e+00
160035,6.3659616026855502e+01,1.8038640147763327e+00
160069,6.3659616026855502e+01,1.8038640147763327e+00
160103,6.3659616026855502e+01,1.8038640147763327e+00
160137,6.3659616026855502e+01,1.8038640147763327e+00
160171,6.3659616026855502e+01,1.8038640147763327e+00
160205,6.3659616026855502e+01,1.8038640147763327e+00
160239,6.3659616026855502e+01,1.8038640147763327e+00
160273,6.3659616026855502e+01,1.8038640147763327e+00
160307,6.3659616026855502e+01,1.8038640147763327e+00
160341,6.3659616026855502e+01,1.8038640147763327e+00
160375,6.3659616026855502e+01,1.8038640147763327e+00
160409,6.3659616026855502e+01,1.8038640147763327e+00
160443,6.3659616026855502e+01,1.8038640147763327e+00
160477,6.3659616026855502e+01,1.8038640147763327e+00
160511,6.3659616026855502e+01,1.8038640147763327e+00
160545,6.3659616026855502e+01,1.8038640147763327e+00
160579,6.3659616026855502e+01,1.8038640147763327e+00
160613,6.3659616026855502e+01,1.8038640147763327e+00
160647,6.3659616026855502e+01,1.8038640147763327e+00
160681,6.3659616026855502e+01,1.8038640147763327e+00
160715,6.3659616026855502e+01,1.8038640147763327e+00
160749,6.3659616026855502e+01,1.8038640147763327e+00
160783,6.3659616026855502e+01,1.8038640147763327e+00
160817,6.3659616026855502e+01,1.8038640147763327e+00
160851,6.3659616026855502e+01,1.8038640147763327e+00
160885,6.3659616026855502e+01,1.8038640147763327e+00
160919,6.3659616026855502e+01,1.8038640147763327e+00
160953,6.3659616026855502e+01,1.8038640147763327e+00
160987,6.3659616026855502e+01,1.8038640147763327e+00
161021,6.3659616026855502e+01,1.8038640147763327e+00
161055,6.3659616026855502e+01,1.8038640147763327e+00
161089,6.3659616026855502e+01,1.8038640147763327e+00
161123,6.3659616026855502e+01,1.8038640147763327e+00
161157,6.3659616026855502e+01,1.8038640147763327e+00
161191,6.3659616026855502e+01,1.8038640147763327e+00
161225,6.3659616026855502e+01,1.8038640147763327e+00
161259,6.3659616026855502e+01,1.8038640147763327e+00
161293,6.3659616026855502e+01,1.8038640147763327e+00
161327,6.3659616026855502e+01,1.8038640147763327e+00
161361,6.3659616026855502e+01,1.8038640147763327e+00
161395,6.3659616026855502e+01,1.8038640147763327e+00
161429,6.3659616026855502e+01,1.8038640147763327e+00
161463,6.3659616026855502e+01,1.8038640147763327e+00
161497,6.3659616026855502e+01,1.8038640147763327e+00
161531,6.3659616026855502e+01,1.8038640147763327e+00
161565,6.3659616026855502e+01,1.8038640147763327e+00
161599,6.3659616026855502e+01,1.8038640147763327e+00
161633,6.3659616026855502e+01,1.8038640147763327e+00
161667,6.3659616026855502e+01,1.8038640147763327e+00
161701,6.3659616026855502e+01,1.8038640147763327e+00
161735,6.3659616026855502e+01,1.8038640147763327e+00
161769,6.3659616026855502e+01,1.8038640147763327e+00
161803,6.3365458634863700e+01,1.8018525826105838e+00
161837,5.6540924117918202e+01,1.7523629024207930e+00
161871,5.6540924117918202e+01,1.7523629024207930e+00
161905,5.6540924117918202e+01,1.7523629024207930e+00
161939,5.6540924117918202e+01,1.7523629024207930e+00
161973,5.6540924117918202e+01,1.7523629024207930e+00
162007,5.6540924117918202e+01,1.7523629024207930e+00
162041,5.6540924117918202e+01,1.7523629024207930e+00
162075,5.6540924117918202e+01,1.7523629024207930e+00
162109,5.6540924117918202e+01,1.7523629024207930e+00
162143,5.6540924117918202e+01,1.7523629024207930e+00
162177,5.6540924117918202e+01,1.7523629024207930e+00
162211,5.2015581633737703e+01,1.7161334590943420e+00
162245,5.2015581633737703e+01,1.7161334590943420e+00
162279,5.2015581633737703e+01,1.7161334590943420e+00
162313,5.2015581633737703e+01,1.7161334590943420e+00
162347,5.2015581633737703e+01,1.7161334590943420e+00
162381,5.2015581633737703e+01,1.7161334590943420e+00
162415,5.2015581633737703e+01,1.7161334590943420e+00
162449,5.2015581633737703e+01,1.7161334590943420e+00
162483,5.1506322524729200e+01,1.7118605430036302e+00
162517,4.9084106069133199e+01,1.6909408859330697e+00
162551,4.9084106069133199e+01,1.6909408859330697e+00
162585,4.9084106069133199e+01,1.6909408859330697e+00
162619,4.9084106069133199e+01,1.6909408859330697e+00
162653,4.9084106069133199e+01,1.6909408859330697e+00
162687,4.9084106069133199e+01,1.6909408859330697e+00
162720,4.9084106069133199e+01,1.6909408859330697e+00
162753,4.9084106069133199e+01,1.6909408859330697e+00
162786,4.8166361769596200e+01,1.6827438432614643e+00
162819,4.8166361769596200e+01,1.6827438432614643e+00
162852,4.8166361769596200e+01,1.6827438432614643e+00
162885,4.0785229976271701e+01,1.6105029155127211e+00
162918,4.0785229976271701e+01,1.6105029155127211e+00
162951,4.0785229976271701e+01,1.6105029155127211e+00
162984,4.0785229976271701e+01,1.6105029155127211e+00
163017,4.0785229976271701e+01,1.6105029155127211e+00
163050,4.0785229976271701e+01,1.6105029155127211e+00
163083,4.0785229976271701e+01,1.6105029155127211e+00
163116,3.8599186612985200e+01,1.5865781530340839e+00
163149,3.8599186612985200e+01,1.5865781530340839e+00
163182,3.8599186612985200e+01,1.5865781530340839e+00
163215,3.8599186612985200e+01,1.5865781530340839e+00
163248,3.8599186612985200e+01,1.5865781530340839e+00
163281,3.8599186612985200e+01,1.5865781530340839e+00
163314,3.8599186612985200e+01,1.5865781530340839e+00
163347,3.8599186612985200e+01,1.5865781530340839e+00
163380,3.8599186612985200e+01,1.5865781530340839e+00
163413,3.8599186612985200e+01,1.5865781530340839e+00
163446,3.8599186612985200e+01,1.5865781530340839e+00
163479,3.8599186612985200e+01,1.5865781530340839e+00
163512,3.8599186612985200e+01,1.5865781530340839e+00
163545,3.5578559076161703e+01,1.5511883552728156e+00
163578,3.5578559076161703e+01,1.5511883552728156e+00
163611,3.5578559076161703e+01,1.5511883552728156e+00
163644,3.5578559076161703e+01,1.5511883552728156e+00
163677,3.5578559076161703e+01,1.5511883552728156e+00
163710,3.5511599596374900e+01,1.5503702352481827e+00
163743,3.5511599596374900e+01,1.5503702352481827e+00
163776,3.5511599596374900e+01,1.5503702352481827e+00
163809,3.5511599596374900e+01,1.5503702352481827e+00
163842,3.5511599596374900e+01,1.5503702352481827e+00
163875,3.5511599596374900e+01,1.5503702352481827e+00
163908,3.5511599596374900e+01,1.5503702352481827e+00
163941,3.5511599596374900e+01,1.5503702352481827e+00
163974,3.5511599596374900e+01,1.5503702352481827e+00
164007,3.5511599596374900e+01,1.5503702352481827e+00
164040,3.5511599596374900e+01,1.5503702352481827e+00
164073,3.5511599596374900e+01,1.5503702352481827e+00
164106,3.5345182879677701e+01,1.5483302330882613e+00
164139,3.5345182879677701e+01,1.5483302330882613e+00
164172,3.5345182879677701e+01,1.5483302330882613e+00
164205,3.5345182879677701e+01,1.5483302330882613e+00
164238,3.5345182879677701e+01,1.5483302330882613e+00
164271,3.5345182879677701e+01,1.5483302330882613e+00
164304,3.5345182879677701e+01,1.5483302330882613e+00
164337,3.5345182879677701e+01,1.5483302330882613e+00
164370,3.5345182879677701e+01,1.5483302330882613e+00
164403,3.5345182879677701e+01,1.5483302330882613e+00
164436,3.5345182879677701e+01,1.5483302330882613e+00
164469,3.5345182879677701e+01,1.5483302330882613e+00
164502,3.5345182879677701e+01,1.5483302330882613e+00
164535,3.5345182879677701e+01,1.5483302330882613e+00
164568,3.5345182879677701e+01,1.5483302330882613e+00
164601,3.5345182879677701e+01,1.5483302330882613e+00
164634,3.5345182879677701e+01,1.5483302330882613e+00
164667,3.3900709932311798e+01,1.5302087930838248e+00
164700,3.3900709932311798e+01,1.5302087930838248e+00
164733,3.3900709932311798e+01,1.5302087930838248e+00
164766,3.3900709932311798e+01,1.5302087930838248e+00
164799,3.3900709932311798e+01,1.5302087930838248e+00
164832,3.3900709932311798e+01,1.5302087930838248e+00
164865,3.3900709932311798e+01,1.5302087930838248e+00
164898,3.3900709932311798e+01,1.5302087930838248e+00
164931,3.3900709932311798e+01,1.5302087930838248e+00
164964,3.3900709932311798e+01,1.5302087930838248e+00
164997,3.3900709932311798e+01,1.5302087930838248e+00
165030,3.3900709932311798e+01,1.5302087930838248e+00
165063,3.3900709932311798e+01,1.5302087930838248e+00
165096,3.3900709932311798e+01,1.5302087930838248e+00
165129,3.3680219668242898e+01,1.5273749153808966e+00
165162,3.3680219668242898e+01,1.5273749153808966e+00
165195,3.2226046803524802e+01,1.5082070335075388e+00
165228,3.2226046803524802e+01,1.5082070335075388e+00
165261,3.2226046803524802e+01,1.5082070335075388e+00
165294,3.2094566744155898e+01,1.5064315173659155e+00
165327,3.2094566744155898e+01,1.5064315173659155e+00
165360,3.2094566744155898e+01,1.5064315173659155e+00
165393,3.2094566744155898e+01,1.5064315173659155e+00
165426,3.2094566744155898e+01,1.5064315173659155e+00
165459,3.2094566744155898e+01,1.5064315173659155e+00
165492,3.2094566744155898e+01,1.5064315173659155e+00
165525,3.2094566744155898e+01,1.5064315173659155e+00
165558,3.2094566744155898e+01,1.5064315173659155e+00
165591,3.2094566744155898e+01,1.5064315173659155e+00
165624,3.2094566744155898e+01,1.5064315173659155e+00
165657,3.2094566744155898e+01,1.5064315173659155e+00
165690,3.2094566744155898e+01,1.5064315173659155e+00
165723,3.2094566744155898e+01,1.5064315173659155e+00
165756,3.2094566744155898e+01,1.5064315173659155e+00
165789,3.2094566744155898e+01,1.5064315173659155e+00
165822,3.2094566744155898e+01,1.5064315173659155e+00
165854,3.2094566744155898e+01,1.5064315173659155e+00
165886,3.2094566744155898e+01,1.5064315173659155e+00
165918,3.2094566744155898e+01,1.5064315173659155e+00
165950,3.2094566744155898e+01,1.5064315173659155e+00
165982,3.2094566744155898e+01,1.5064315173659155e+00
166014,3.2094566744155898e+01,1.5064315173659155e+00
166046,3.2094566744155898e+01,1.5064315173659155e+00
166078,3.2094566744155898e+01,1.5064315173659155e+00
166110,3.2094566744155898e+01,1.5064315173659155e+00
166142,3.2094566744155898e+01,1.5064315173659155e+00
166174,3.2094566744155898e+01,1.5064315173659155e+00
166206,3.2094566744155898e+01,1.5064315173659155e+00
166238,3.2094566744155898e+01,1.5064315173659155e+00
166270,3.1442599777893601e+01,1.4975184477526915e+00
166302,3.1442599777893601e+01,1.4975184477526915e+00
166334,3.1442599777893601e+01,1.4975184477526915e+00
166366,3.1442599777893601e+01,1.4975184477526915e+00
166398,3.1442599777893601e+01,1.4975184477526915e+00
166430,3.1442599777893601e+01,1.4975184477526915e+00
166462,3.1442599777893601e+01,1.4975184477526915e+00
166494,3.0494317422080702e+01,1.4842189166528437e+00
166526,3.0494317422080702e+01,1.4842189166528437e+00
166558,3.0494317422080702e+01,1.4842189166528437e+00
166590,3.0494317422080702e+01,1.4842189166528437e+00
166622,3.0494317422080702e+01,1.4842189166528437e+00
166654,3.0494317422080702e+01,1.4842189166528437e+00
166686,3.0494317422080702e+01,1.4842189166528437e+00
166718,3.0494317422080702e+01,1.4842189166528437e+00
166750,3.0484523890701599e+01,1.4840794165711337e+00
166782,3.0484523890701599e+01,1.4840794165711337e+00
166814,2.9450593568121299e+01,1.4690940522899090e+00
166846,2.9450593568121299e+01,1.4690940522899090e+00
166878,2.9450593568121299e+01,1.4690940522899090e+00
166910,2.9450593568121299e+01,1.4690940522899090e+00
166942,2.9450593568121299e+01,1.4690940522899090e+00
166974,2.9450593568121299e+01,1.4690940522899090e+00
167006,2.9450593568121299e+01,1.4690940522899090e+00
167038,2.9450593568121299e+01,1.4690940522899090e+00
167070,2.9450593568121299e+01,1.4690940522899090e+00
167102,2.9450593568121299e+01,1.4690940522899090e+00
167134,2.9450593568121299e+01,1.4690940522899090e+00
167166,2.9450593568121299e+01,1.4690940522899090e+00
167198,2.9450593568121299e+01,1.4690940522899090e+00
167230,2.9450593568121299e+01,1.4690940522899090e+00
167262,2.5825032171775401e+01,1.4120408712184085e+00
167294,2.5825032171775401e+01,1.4120408712184085e+00
167326,2.5825032171775401e+01,1.4120408712184085e+00
167358,2.5825032171775401e+01,1.4120408712184085e+00
167390,2.5825032171775401e+01,1.4120408712184085e+00
167422,2.5825032171775401e+01,1.4120408712184085e+00
167454,2.5825032171775401e+01,1.4120408712184085e+00
167486,2.5825032171775401e+01,1.4120408712184085e+00
167518,2.5825032171775401e+01,1.4120408712184085e+00
167550,2.5825032171775401e+01,1.4120408712184085e+00
167582,2.5825032171775401e+01,1.4120408712184085e+00
167614,2.5825032171775401e+01,1.4120408712184085e+00
167646,2.5825032171775401e+01,1.4120408712184085e+00
167678,2.5825032171775401e+01,1.4120408712184085e+00
167710,2.5825032171775401e+01,1.4120408712184085e+00
167742,2.5825032171775401e+01,1.4120408712184085e+00
167774,2.5825032171775401e+01,1.4120408712184085e+00
167806,2.5825032171775401e+01,1.4120408712184085e+00
167838,2.5825032171775401e+01,1.4120408712184085e+00
167870,2.5825032171775401e+01,1.4120408712184085e+00
167902,2.5825032171775401e+01,1.4120408712184085e+00
167934,2.5825032171775401e+01,1.4120408712184085e+00
167966,2.5825032171775401e+01,1.4120408712184085e+00
167998,2.5825032171775401e+01,1.4120408712184085e+00
168030,2.5825032171775401e+01,1.4120408712184085e+00
168062,2.5825032171775401e+01,1.4120408712184085e+00
168094,2.5825032171775401e+01,1.4120408712184085e+00
168126,2.5825032171775401e+01,1.4120408712184085e+00
168158,2.5825032171775401e+01,1.4120408712184085e+00
168190,2.5825032171775401e+01,1.4120408712184085e+00
168222,2.5825032171775401e+01,1.4120408712184085e+00
168254,2.5825032171775401e+01,1.4120408712184085e+00
168286,2.4656851015401099e+01,1.3919376110285677e+00
168318,2.4656851015401099e+01,1.3919376110285677e+00
168350,2.4656851015401099e+01,1.3919376110285677e+00
168382,2.4656851015401099e+01,1.3919376110285677e+00
168414,2.4656851015401099e+01,1.3919376110285677e+00
168446,2.4656851015401099e+01,1.3919376110285677e+00
168478,2.4656851015401099e+01,1.3919376110285677e+00
168510,2.4656851015401099e+01,1.3919376110285677e+00
168542,2.4656851015401099e+01,1.3919376110285677e+00
168574,2.4656851015401099e+01,1.3919376110285677e+00
168606,2.3938731554705999e+01,1.3791011346507480e+00
168638,2.3938731554705999e+01,1.3791011346507480e+00
168670,2.3938731554705999e+01,1.3791011346507480e+00
168702,2.3938731554705999e+01,1.3791011346507480e+00
168734,2.0534306138056198e+01,1.3124800324633727e+00
168766,2.0534306138056198e+01,1.3124800324633727e+00
168798,2.0534306138056198e+01,1.3124800324633727e+00
168830,2.0534306138056198e+01,1.3124800324633727e+00
168862,2.0534306138056198e+01,1.3124800324633727e+00
168894,2.0534306138056198e+01,1.3124800324633727e+00
168926,2.0534306138056198e+01,1.3124800324633727e+00
168958,2.0534306138056198e+01,1.3124800324633727e+00
168990,2.0534306138056198e+01,1.3124800324633727e+00
169022,2.0534306138056198e+01,1.3124800324633727e+00
169053,2.0534306138056198e+01,1.3124800324633727e+00
169084,2.0534306138056198e+01,1.3124800324633727e+00
169115,2.0534306138056198e+01,1.3124800324633727e+00
169146,2.0534306138056198e+01,1.3124800324633727e+00
169177,2.0534306138056198e+01,1.3124800324633727e+00
169208,2.0534306138056198e+01,1.3124800324633727e+00
169239,2.0534306138056198e+01,1.3124800324633727e+00
169270,2.0534306138056198e+01,1.3124800324633727e+00
169301,2.0534306138056198e+01,1.3124800324633727e+00
169332,2.0534306138056198e+01,1.3124800324633727e+00
169363,2.0534306138056198e+01,1.3124800324633727e+00
169394,2.0534306138056198e+01,1.3124800324633727e+00
169425,2.0534306138056198e+01,1.3124800324633727e+00
169456,2.0534306138056198e+01,1.3124800324633727e+00
169487,2.0534306138056198e+01,1.3124800324633727e+00
169518,2.0207628423223799e+01,1.3055153475012811e+00
169549,2.0207628423223799e+01,1.3055153475012811e+00
169580,2.0207628423223799e+01,1.3055153475012811e+00
169611,2.0207628423223799e+01,1.3055153475012811e+00
169642,2.0207628423223799e+01,1.3055153475012811e+00
169673,2.0207628423223799e+01,1.3055153475012811e+00
169704,2.0207628423223799e+01,1.3055153475012811e+00
169735,2.0207628423223799e+01,1.3055153475012811e+00
169766,2.0207628423223799e+01,1.3055153475012811e+00
169797,2.0207628423223799e+01,1.3055153475012811e+00
169828,2.0207628423223799e+01,1.3055153475012811e+00
169859,2.0207628423223799e+01,1.3055153475012811e+00
169890,2.0178021866339598e+01,1.3048785883309229e+00
169921,1.9566824119541700e+01,1.2915203412795528e+00
169952,1.9566824119541700e+01,1.2915203412795528e+00
169983,1.9566824119541700e+01,1.2915203412795528e+00
170014,1.9566824119541700e+01,1.2915203412795528e+00
170045,1.9566824119541700e+01,1.2915203412795528e+00
170076,1.6229955592808700e+01,1.2103173315437599e+00
170107,1.6229955592808700e+01,1.2103173315437599e+00
170138,1.6229955592808700e+01,1.2103173315437599e+00
170169,1.6215146457441602e+01,1.2099208756344293e+00
170200,1.5817614208940800e+01,1.1991409789069858e+00
170231,1.5817614208940800e+01,1.1991409789069858e+00
170262,1.5817614208940800e+01,1.1991409789069858e+00
170293,1.5686333000592001e+01,1.1955214302829278e+00
170324,1.5633123518795299e+01,1.1940457593019731e+00
170355,1.5633123518795299e+01,1.1940457593019731e+00
170386,1.5633123518795299e+01,1.1940457593019731e+00
170417,1.5633123518795299e+01,1.1940457593019731e+00
170448,1.5633123518795299e+01,1.1940457593019731e+00
170479,1.5633123518795299e+01,1.1940457593019731e+00
170510,1.5633123518795299e+01,1.1940457593019731e+00
170541,1.5633123518795299e+01,1.1940457593019731e+00
170572,1.5633123518795299e+01,1.1940457593019731e+00
170603,1.5633123518795299e+01,1.1940457593019731e+00
170634,1.5633123518795299e+01,1.1940457593019731e+00
170665,1.5633123518795299e+01,1.1940457593019731e+00
170696,1.5633123518795299e+01,1.1940457593019731e+00
170727,1.5554116462954401e+01,1.1918453464533016e+00
170758,1.5554116462954401e+01,1.1918453464533016e+00
170789,1.5554116462954401e+01,1.1918453464533016e+00
170820,1.5554116462954401e+01,1.1918453464533016e+00
170851,1.5554116462954401e+01,1.1918453464533016e+00
170882,1.5554116462954401e+01,1.1918453464533016e+00
170913,1.5554116462954401e+01,1.1918453464533016e+00
170944,1.5275889052060400e+01,1.1840064954558673e+00
170975,1.5275889052060400e+01,1.1840064954558673e+00
171006,1.5275889052060400e+01,1.1840064954558673e+00
171037,1.5275889052060400e+01,1.1840064954558673e+00
171068,1.5275889052060400e+01,1.1840064954558673e+00
171099,1.5275889052060400e+01,1.1840064954558673e+00
171130,1.5275889052060400e+01,1.1840064954558673e+00
171161,1.5275889052060400e+01,1.1840064954558673e+00
171192,1.5275889052060400e+01,1.1840064954558673e+00
171223,1.4665550061144900e+01,1.1662983567158129e+00
171254,1.4145264362684300e+01,1.1506110684548791e+00
171285,1.4145264362684300e+01,1.1506110684548791e+00
171316,1.4145264362684300e+01,1.1506110684548791e+00
171347,1.4145264362684300e+01,1.1506110684548791e+00
171378,1.4145264362684300e+01,1.1506110684548791e+00
171409,1.2359997048898300e+01,1.0920183670596468e+00
171440,1.2359997048898300e+01,1.0920183670596468e+00
171471,1.1972113234839300e+01,1.0781708158388272e+00
171502,1.1972113234839300e+01,1.0781708158388272e+00
171533,1.1972113234839300e+01,1.0781708158388272e+00
171564,1.1972113234839300e+01,1.0781708158388272e+00
171595,1.1968848853636500e+01,1.0780523826073847e+00
171626,1.1968848853636500e+01,1.0780523826073847e+00
171657,1.1968848853636500e+01,1.0780523826073847e+00
171688,1.1968848853636500e+01,1.0780523826073847e+00
171719,1.1968848853636500e+01,1.0780523826073847e+00
171750,1.1968848853636500e+01,1.0780523826073847e+00
171781,1.1968848853636500e+01,1.0780523826073847e+00
171812,1.1968848853636500e+01,1.0780523826073847e+00
171843,1.1968848853636500e+01,1.0780523826073847e+00
171874,1.1968848853636500e+01,1.0780523826073847e+00
171905,1.1968848853636500e+01,1.0780523826073847e+00
171936,1.1968848853636500e+01,1.0780523826073847e+00
171967,1.1968848853636500e+01,1.0780523826073847e+00
171998,1.1968848853636500e+01,1.0780523826073847e+00
172029,1.1968848853636500e+01,1.0780523826073847e+00
172060,1.1968848853636500e+01,1.0780523826073847e+00
172091,1.1968848853636500e+01,1.0780523826073847e+00
172122,1.1968848853636500e+01,1.0780523826073847e+00
172153,1.1968848853636500e+01,1.0780523826073847e+00
172184,1.1968848853636500e+01,1.0780523826073847e+00
172215,1.1968848853636500e+01,1.0780523826073847e+00
172246,1.1968848853636500e+01,1.0780523826073847e+00
172277,1.1968848853636500e+01,1.0780523826073847e+00
172308,1.1968848853636500e+01,1.0780523826073847e+00
172339,1.1968848853636500e+01,1.0780523826073847e+00
172369,1.1968848853636500e+01,1.0780523826073847e+00
172399,1.1336841904007001e+01,1.0544920902993644e+00
172429,1.1040636004145901e+01,1.0429940919742624e+00
172459,1.1040636004145901e+01,1.0429940919742624e+00
172489,1.1040636004145901e+01,1.0429940919742624e+00
172519,1.1040636004145901e+01,1.0429940919742624e+00
172549,1.1040636004145901e+01,1.0429940919742624e+00
172579,1.0974389251621600e+01,1.0403803601641679e+00
172609,1.0974389251621600e+01,1.0403803601641679e+00
172639,1.0974389251621600e+01,1.0403803601641679e+00
172669,1.0974389251621600e+01,1.0403803601641679e+00
172699,1.0974389251621600e+01,1.0403803601641679e+00
172729,1.0801477795579601e+01,1.0334831772054707e+00
172759,1.0801477795579601e+01,1.0334831772054707e+00
172789,1.0801477795579601e+01,1.0334831772054707e+00
172819,1.0380773875119599e+01,1.0162297308887644e+00
172849,1.0380773875119599e+01,1.0162297308887644e+00
172879,1.0380773875119599e+01,1.0162297308887644e+00
172909,1.0380773875119599e+01,1.0162297308887644e+00
172939,1.0380773875119599e+01,1.0162297308887644e+00
172969,1.0380773875119599e+01,1.0162297308887644e+00
172999,1.0380773875119599e+01,1.0162297308887644e+00
173029,1.0380773875119599e+01,1.0162297308887644e+00
173059,1.0380773875119599e+01,1.0162297308887644e+00
173089,1.0380773875119599e+01,1.0162297308887644e+00
173119,1.0380773875119599e+01,1.0162297308887644e+00
173149,1.0380773875119599e+01,1.0162297308887644e+00
173179,1.0380773875119599e+01,1.0162297308887644e+00
173209,1.0380773875119599e+01,1.0162297308887644e+00
173239,1.0380773875119599e+01,1.0162297308887644e+00
173269,1.0380773875119599e+01,1.0162297308887644e+00
173299,1.0380773875119599e+01,1.0162297308887644e+00
173329,1.0380773875119599e+01,1.0162297308887644e+00
173359,1.0380773875119599e+01,1.0162297308887644e+00
173389,1.0380773875119599e+01,1.0162297308887644e+00
173419,1.0380773875119599e+01,1.0162297308887644e+00
173449,1.0380773875119599e+01,1.0162297308887644e+00
173479,1.0380773875119599e+01,1.0162297308887644e+00
173509,9.5628506685673003e+00,9.8058737397933993e-01
173539,9.5628506685673003e+00,9.8058737397933993e-01
173569,9.5628506685673003e+00,9.8058737397933993e-01
173599,9.5628506685673003e+00,9.8058737397933993e-01
173629,9.5628506685673003e+00,9.8058737397933993e-01
173659,9.5628506685673003e+00,9.8058737397933993e-01
173689,9.5628506685673003e+00,9.8058737397933993e-01
173719,9.5628506685673003e+00,9.8058737397933993e-01
173749,9.5628506685673003e+00,9.8058737397933993e-01
173779,9.5628506685673003e+00,9.8058737397933993e-01
173809,9.5628506685673003e+00,9.8058737397933993e-01
173839,9.5628506685673003e+00,9.8058737397933993e-01
173869,9.5628506685673003e+00,9.8058737397933993e-01
173899,9.5628506685673003e+00,9.8058737397933993e-01
173929,9.5628506685673003e+00,9.8058737397933993e-01
173959,9.5628506685673003e+00,9.8058737397933993e-01
173989,9.5628506685673003e+00,9.8058737397933993e-01
174019,9.5628506685673003e+00,9.8058737397933993e-01
174049,9.5628506685673003e+00,9.8058737397933993e-01
174079,9.5628506685673003e+00,9.8058737397933993e-01
174109,9.3003596550314995e+00,9.6849974351903101e-01
174139,9.3003596550314995e+00,9.6849974351903101e-01
174169,9.3003596550314995e+00,9.6849974351903101e-01
174199,9.3003596550314995e+00,9.6849974351903101e-01
174229,9.3003596550314995e+00,9.6849974351903101e-01
174259,9.3003596550314995e+00,9.6849974351903101e-01
174289,9.3003596550314995e+00,9.6849974351903101e-01
174319,9.3003596550314995e+00,9.6849974351903101e-01
174349,9.3003596550314995e+00,9.6849974351903101e-01
174379,9.3003596550314995e+00,9.6849974351903101e-01
174409,9.3003596550314995e+00,9.6849974351903101e-01
174439,9.3003596550314995e+00,9.6849974351903101e-01
174469,9.3003596550314995e+00,9.6849974351903101e-01
174499,9.3003596550314995e+00,9.6849974351903101e-01
174529,9.3003596550314995e+00,9.6849974351903101e-01
174559,9.3003596550314995e+00,9.6849974351903101e-01
174589,9.3003596550314995e+00,9.6849974351903101e-01
174619,9.3003596550314995e+00,9.6849974351903101e-01
174649,9.3003596550314995e+00,9.6849974351903101e-01
174679,9.3003596550314995e+00,9.6849974351903101e-01
174709,9.3003596550314995e+00,9.6849974351903101e-01
174739,9.3003596550314995e+00,9.6849974351903101e-01
174769,9.3003596550314995e+00,9.6849974351903101e-01
174799,9.3003596550314995e+00,9.6849974351903101e-01
174829,9.3003596550314995e+00,9.6849974351903101e-01
174859,9.3003596550314995e+00,9.6849974351903101e-01
174889,9.3003596550314995e+00,9.6849974351903101e-01
174919,9.3003596550314995e+00,9.6849974351903101e-01
174949,9.3003596550314995e+00,9.6849974351903101e-01
174979,9.3003596550314995e+00,9.6849974351903101e-01
175009,9.3003596550314995e+00,9.6849974351903101e-01
175039,9.3003596550314995e+00,9.6849974351903101e-01
175069,9.3003596550314995e+00,9.6849974351903101e-01
175099,9.3003596550314995e+00,9.6849974351903101e-01
175129,9.3003596550314995e+00,9.6849974351903101e-01
175159,9.3003596550314995e+00,9.6849974351903101e-01
175189,9.3003596550314995e+00,9.6849974351903101e-01
175219,9.3003596550314995e+00,9.6849974351903101e-01
175249,9.3003596550314995e+00,9.6849974351903101e-01
175279,9.3003596550314995e+00,9.6849974351903101e-01
175309,9.3003596550314995e+00,9.6849974351903101e-01
175339,9.3003596550314995e+00,9.6849974351903101e-01
175369,9.3003596550314995e+00,9.6849974351903101e-01
175399,9.3003596550314995e+00,9.6849974351903101e-01
175429,9.3003596550314995e+00,9.6849974351903101e-01
175459,9.3003596550314995e+00,9.6849974351903101e-01
175489,9.3003596550314995e+00,9.6849974351903101e-01
175519,9.3003596550314995e+00,9.6849974351903101e-01
175549,9.3003596550314995e+00,9.6849974351903101e-01
175579,9.3003596550314995e+00,9.6849974351903101e-01
175609,9.2157644024549992e+00,9.6453136364623726e-01
175639,9.2157644024549992e+00,9.6453136364623726e-01
175669,9.2157644024549992e+00,9.6453136364623726e-01
175699,9.2157644024549992e+00,9.6453136364623726e-01
175728,9.2157644024549992e+00,9.6453136364623726e-01
175757,9.2157644024549992e+00,9.6453136364623726e-01
175786,9.2157644024549992e+00,9.6453136364623726e-01
175815,9.2157644024549992e+00,9.6453136364623726e-01
175844,9.2157644024549992e+00,9.6453136364623726e-01
175873,9.2157644024549992e+00,9.6453136364623726e-01
175902,9.2157644024549992e+00,9.6453136364623726e-01
175931,9.2157644024549992e+00,9.6453136364623726e-01
175960,9.2157644024549992e+00,9.6453136364623726e-01
175989,9.2157644024549992e+00,9.6453136364623726e-01
176018,9.2157644024549992e+00,9.6453136364623726e-01
176047,9.2157644024549992e+00,9.6453136364623726e-01
176076,9.2157644024549992e+00,9.6453136364623726e-01
176105,9.0562758087685005e+00,9.5694964047871678e-01
176134,8.9915314332452994e+00,9.5383366685730697e-01
176163,8.9915314332452994e+00,9.5383366685730697e-01
176192,8.9245715585309995e+00,9.5058737613077926e-01
176221,8.9245715585309995e+00,9.5058737613077926e-01
176250,8.9245715585309995e+00,9.5058737613077926e-01
176279,8.9245715585309995e+00,9.5058737613077926e-01
176308,8.8258770259666992e+00,9.4575787197632821e-01
176337,8.8258770259666992e+00,9.4575787197632821e-01
176366,8.8258770259666992e+00,9.4575787197632821e-01
176395,8.8212744584073999e+00,9.4553133459541627e-01
176424,8.8212744584073999e+00,9.4553133459541627e-01
176453,8.8212744584073999e+00,9.4553133459541627e-01
176482,8.4749183174122997e+00,9.2813552109717778e-01
176511,8.4749183174122997e+00,9.2813552109717778e-01
176540,8.4749183174122997e+00,9.2813552109717778e-01
176569,8.4749183174122997e+00,9.2813552109717778e-01
176598,8.4749183174122997e+00,9.2813552109717778e-01
176627,8.4749183174122997e+00,9.2813552109717778e-01
176656,8.4749183174122997e+00,9.2813552109717778e-01
176685,8.4749183174122997e+00,9.2813552109717778e-01
176714,8.4749183174122997e+00,9.2813552109717778e-01
176743,8.4749183174122997e+00,9.2813552109717778e-01
176772,8.3238378359985994e+00,9.2032361074946534e-01
176801,8.3238378359985994e+00,9.2032361074946534e-01
176830,8.3238378359985994e+00,9.2032361074946534e-01
176859,8.3238378359985994e+00,9.2032361074946534e-01
176888,8.3238378359985994e+00,9.2032361074946534e-01
176917,8.0407838474881004e+00,9.0529838756007064e-01
176946,8.0407838474881004e+00,9.0529838756007064e-01
176975,8.0407838474881004e+00,9.0529838756007064e-01
177004,8.0407838474881004e+00,9.0529838756007064e-01
177033,8.0407838474881004e+00,9.0529838756007064e-01
177062,7.4639976073146999e+00,8.7297149151950071e-01
177091,7.1637189704823996e+00,8.5513854033128067e-01
177120,7.1637189704823996e+00,8.5513854033128067e-01
177149,7.1637189704823996e+00,8.5513854033128067e-01
177178,7.1637189704823996e+00,8.5513854033128067e-01
177207,7.1637189704823996e+00,8.5513854033128067e-01
177236,7.1637189704823996e+00,8.5513854033128067e-01
177265,7.1637189704823996e+00,8.5513854033128067e-01
177294,7.1386611855019000e+00,8.5361677000191183e-01
177323,7.1386611855019000e+00,8.5361677000191183e-01
177352,7.1386611855019000e+00,8.5361677000191183e-01
177381,7.1386611855019000e+00,8.5361677000191183e-01
177410,7.1386611855019000e+00,8.5361677000191183e-01
177439,7.1386611855019000e+00,8.5361677000191183e-01
177468,7.1386611855019000e+00,8.5361677000191183e-01
177497,7.1386611855019000e+00,8.5361677000191183e-01
177526,7.1386611855019000e+00,8.5361677000191183e-01
177555,6.7083272641546001e+00,8.2661424140416528e-01
177584,6.7083272641546001e+00,8.2661424140416528e-01
177613,6.7083272641546001e+00,8.2661424140416528e-01
177642,6.7083272641546001e+00,8.2661424140416528e-01
177671,6.7083272641546001e+00,8.2661424140416528e-01
177700,6.7083272641546001e+00,8.2661424140416528e-01
177729,6.7083272641546001e+00,8.2661424140416528e-01
177758,6.7083272641546001e+00,8.2661424140416528e-01
177787,6.7083272641546001e+00,8.2661424140416528e-01
177816,6.7083272641546001e+00,8.2661424140416528e-01
177845,6.7083272641546001e+00,8.2661424140416528e-01
177874,6.7083272641546001e+00,8.2661424140416528e-01
177903,6.7083272641546001e+00,8.2661424140416528e-01
177932,6.2730070096218000e+00,7.9747577282959747e-01
177961,6.2730070096218000e+00,7.9747577282959747e-01
177990,6.2730070096218000e+00,7.9747577282959747e-01
178019,6.2730070096218000e+00,7.9747577282959747e-01
178048,6.2730070096218000e+00,7.9747577282959747e-01
178077,6.0742924913033001e+00,7.8349570037458216e-01
178106,6.0742924913033001e+00,7.8349570037458216e-01
178135,6.0610051017369999e+00,7.8254464956937231e-01
178164,6.0610051017369999e+00,7.8254464956937231e-01
178193,6.0610051017369999e+00,7.8254464956937231e-01
178222,6.0610051017369999e+00,7.8254464956937231e-01
178251,6.0610051017369999e+00,7.8254464956937231e-01
178280,6.0610051017369999e+00,7.8254464956937231e-01
178309,5.7326309645446001e+00,7.5835398516897989e-01
178338,5.7326309645446001e+00,7.5835398516897989e-01
178367,5.4546958887469996e+00,7.3677054272991571e-01
178396,5.4546958887469996e+00,7.3677054272991571e-01
178425,5.4546958887469996e+00,7.3677054272991571e-01
178454,5.4546958887469996e+00,7.3677054272991571e-01
178483,5.4546958887469996e+00,7.3677054272991571e-01
178512,5.4546958887469996e+00,7.3677054272991571e-01
178541,5.4546958887469996e+00,7.3677054272991571e-01
178570,5.4546958887469996e+00,7.3677054272991571e-01
178599,5.4546958887469996e+00,7.3677054272991571e-01
178628,5.4546958887469996e+00,7.3677054272991571e-01
178657,5.4546958887469996e+00,7.3677054272991571e-01
178686,5.4546958887469996e+00,7.3677054272991571e-01
178715,5.1635700269763003e+00,7.1295007118421649e-01
178744,5.1635700269763003e+00,7.1295007118421649e-01
178773,5.1635700269763003e+00,7.1295007118421649e-01
178802,5.1635700269763003e+00,7.1295007118421649e-01
178831,5.1635700269763003e+00,7.1295007118421649e-01
178860,5.1635700269763003e+00,7.1295007118421649e-01
178889,5.1635700269763003e+00,7.1295007118421649e-01
178918,5.1635700269763003e+00,7.1295007118421649e-01
178947,5.1635700269763003e+00,7.1295007118421649e-01
178976,5.1449983235622998e+00,7.1138523758868277e-01
179005,5.1449983235622998e+00,7.1138523758868277e-01
179034,5.1449983235622998e+00,7.1138523758868277e-01
179063,5.1449983235622998e+00,7.1138523758868277e-01
179092,5.1449983235622998e+00,7.1138523758868277e-01
179121,5.1449983235622998e+00,7.1138523758868277e-01
179150,5.1449983235622998e+00,7.1138523758868277e-01
179179,5.1449983235622998e+00,7.1138523758868277e-01
179207,5.1449983235622998e+00,7.1138523758868277e-01
179235,5.1449983235622998e+00,7.1138523758868277e-01
179263,5.1449983235622998e+00,7.1138523758868277e-01
179291,5.1449983235622998e+00,7.1138523758868277e-01
179319,5.1449983235622998e+00,7.1138523758868277e-01
179347,5.1449983235622998e+00,7.1138523758868277e-01
179375,5.1449983235622998e+00,7.1138523758868277e-01
179403,5.1449983235622998e+00,7.1138523758868277e-01
179431,5.1449983235622998e+00,7.1138523758868277e-01
179459,4.4786866058986003e+00,6.5115067394485693e-01
179487,4.4786866058986003e+00,6.5115067394485693e-01
179515,4.4786866058986003e+00,6.5115067394485693e-01
179543,4.4786866058986003e+00,6.5115067394485693e-01
179571,4.4786866058986003e+00,6.5115067394485693e-01
179599,4.4786866058986003e+00,6.5115067394485693e-01
179627,4.4454889934004003e+00,6.4791953931188118e-01
179655,4.4454889934004003e+00,6.4791953931188118e-01
179683,4.4454889934004003e+00,6.4791953931188118e-01
179711,4.4454889934004003e+00,6.4791953931188118e-01
179739,4.4454889934004003e+00,6.4791953931188118e-01
179767,4.4454889934004003e+00,6.4791953931188118e-01
179795,4.4454889934004003e+00,6.4791953931188118e-01
179823,4.4454889934004003e+00,6.4791953931188118e-01
179851,4.4454889934004003e+00,6.4791953931188118e-01
179879,4.4454889934004003e+00,6.4791953931188118e-01
179907,4.4454889934004003e+00,6.4791953931188118e-01
179935,4.4454889934004003e+00,6.4791953931188118e-01
179963,4.4454889934004003e+00,6.4791953931188118e-01
179991,4.4454889934004003e+00,6.4791953931188118e-01
180019,4.4454889934004003e+00,6.4791953931188118e-01
180047,4.4454889934004003e+00,6.4791953931188118e-01
180075,4.4454889934004003e+00,6.4791953931188118e-01
180103,4.4454889934004003e+00,6.4791953931188118e-01
180131,4.4454889934004003e+00,6.4791953931188118e-01
180159,4.4454889934004003e+00,6.4791953931188118e-01
180187,4.4454889934004003e+00,6.4791953931188118e-01
180215,4.4454889934004003e+00,6.4791953931188118e-01
180243,4.4454889934004003e+00,6.4791953931188118e-01
180271,4.4454889934004003e+00,6.4791953931188118e-01
180299,4.4454889934004003e+00,6.4791953931188118e-01
180327,4.2880071455967999e+00,6.3225550039988954e-01
180355,4.2880071455967999e+00,6.3225550039988954e-01
180383,4.2880071455967999e+00,6.3225550039988954e-01
180411,4.2413419144570002e+00,6.2750328438531600e-01
180439,4.0582281191184002e+00,6.0833645573079786e-01
180467,4.0582281191184002e+00,6.0833645573079786e-01
180495,4.0582281191184002e+00,6.0833645573079786e-01
180523,4.0582281191184002e+00,6.0833645573079786e-01
180551,4.0582281191184002e+00,6.0833645573079786e-01
180579,4.0582281191184002e+00,6.0833645573079786e-01
180607,4.0168268526982001e+00,6.0388311165738584e-01
180635,4.0168268526982001e+00,6.0388311165738584e-01
180663,4.0168268526982001e+00,6.0388311165738584e-01
180691,4.0168268526982001e+00,6.0388311165738584e-01
180719,4.0168268526982001e+00,6.0388311165738584e-01
180747,3.9970237514149001e+00,6.0173672896507879e-01
180775,3.9970237514149001e+00,6.0173672896507879e-01
180803,3.9159831040231001e+00,5.9284080931972027e-01
180831,3.9159831040231001e+00,5.9284080931972027e-01
180859,3.8470474729899000e+00,5.8512754558166413e-01
180887,3.8470474729899000e+00,5.8512754558166413e-01
180915,3.8470474729899000e+00,5.8512754558166413e-01
180943,3.8470474729899000e+00,5.8512754558166413e-01
180971,3.8470474729899000e+00,5.8512754558166413e-01
180999,3.8113831613231999e+00,5.8108261093004165e-01
181027,3.6441597629807001e+00,5.6159740854793605e-01
181055,3.6441597629807001e+00,5.6159740854793605e-01
181083,3.6441597629807001e+00,5.6159740854793605e-01
181111,3.6441597629807001e+00,5.6159740854793605e-01
181139,3.6441597629807001e+00,5.6159740854793605e-01
181167,3.6441597629807001e+00,5.6159740854793605e-01
181195,3.6441597629807001e+00,5.6159740854793605e-01
181223,3.6441597629807001e+00,5.6159740854793605e-01
181251,3.6441597629807001e+00,5.6159740854793605e-01
181279,3.4485371616761999e+00,5.3763491033770594e-01
181307,3.4485371616761999e+00,5.3763491033770594e-01
181335,3.4296025272650001e+00,5.3524379053314530e-01
181363,3.4296025272650001e+00,5.3524379053314530e-01
181391,3.4296025272650001e+00,5.3524379053314530e-01
181419,3.4296025272650001e+00,5.3524379053314530e-01
181447,3.1583709597609002e+00,4.9946313780515322e-01
181475,3.1380082509285998e+00,4.9665408116552928e-01
181503,3.1380082509285998e+00,4.9665408116552928e-01
181531,3.0821548452258001e+00,4.8885445357053470e-01
181559,3.0821548452258001e+00,4.8885445357053470e-01
181587,3.0821548452258001e+00,4.8885445357053470e-01
181615,3.0422047559447001e+00,4.8318844094127950e-01
181643,3.0422047559447001e+00,4.8318844094127950e-01
181671,3.0422047559447001e+00,4.8318844094127950e-01
181699,3.0422047559447001e+00,4.8318844094127950e-01
181727,3.0422047559447001e+00,4.8318844094127950e-01
181755,3.0422047559447001e+00,4.8318844094127950e-01
181783,3.0422047559447001e+00,4.8318844094127950e-01
181811,2.9620791036008001e+00,4.7159665236162435e-01
181839,2.9605237396197999e+00,4.7136854791913202e-01
181867,2.9605237396197999e+00,4.7136854791913202e-01
181895,2.9477500720626999e+00,4.6949065865602757e-01
181923,2.9477500720626999e+00,4.6949065865602757e-01
181951,2.9477500720626999e+00,4.6949065865602757e-01
181979,2.9477500720626999e+00,4.6949065865602757e-01
182007,2.9477500720626999e+00,4.6949065865602757e-01
182035,2.9437151645286002e+00,4.6889578512944041e-01
182063,2.9437151645286002e+00,4.6889578512944041e-01
182091,2.9437151645286002e+00,4.6889578512944041e-01
182119,2.9437151645286002e+00,4.6889578512944041e-01
182147,2.9437151645286002e+00,4.6889578512944041e-01
182175,2.8639144796699001e+00,4.5696004521333627e-01
182203,2.8639144796699001e+00,4.5696004521333627e-01
182231,2.8639144796699001e+00,4.5696004521333627e-01
182259,2.8639144796699001e+00,4.5696004521333627e-01
182287,2.8639144796699001e+00,4.5696004521333627e-01
182315,2.8639144796699001e+00,4.5696004521333627e-01
182343,2.8408794531226000e+00,4.5345280572068580e-01
182371,2.8408794531226000e+00,4.5345280572068580e-01
182399,2.8408794531226000e+00,4.5345280572068580e-01
182427,2.8408794531226000e+00,4.5345280572068580e-01
182455,2.8408794531226000e+00,4.5345280572068580e-01
182483,2.8289224530979000e+00,4.5162104266615921e-01
182511,2.8289224530979000e+00,4.5162104266615921e-01
182539,2.8289224530979000e+00,4.5162104266615921e-01
182567,2.8289224530979000e+00,4.5162104266615921e-01
182595,2.8289224530979000e+00,4.5162104266615921e-01
182623,2.8289224530979000e+00,4.5162104266615921e-01
182651,2.6722304617892001e+00,4.2687391037807637e-01
182679,2.6722304617892001e+00,4.2687391037807637e-01
182707,2.6722304617892001e+00,4.2687391037807637e-01
182735,2.6722304617892001e+00,4.2687391037807637e-01
182763,2.6722304617892001e+00,4.2687391037807637e-01
182790,2.3691943252790999e+00,3.7460068374312305e-01
182817,2.3691943252790999e+00,3.7460068374312305e-01
182844,2.3691943252790999e+00,3.7460068374312305e-01
182871,2.2729132366533999e+00,3.5658285782710836e-01
182898,2.2729132366533999e+00,3.5658285782710836e-01
182925,2.2729132366533999e+00,3.5658285782710836e-01
182952,2.2729132366533999e+00,3.5658285782710836e-01
182979,2.2729132366533999e+00,3.5658285782710836e-01
183006,2.2729132366533999e+00,3.5658285782710836e-01
183033,2.2614488853146999e+00,3.5438677599675322e-01
183060,2.2614488853146999e+00,3.5438677599675322e-01
183087,2.2592083338875000e+00,3.5395628142317859e-01
183114,2.2592083338875000e+00,3.5395628142317859e-01
183141,2.2014231861811999e+00,3.4270353630944839e-01
183168,2.2014231861811999e+00,3.4270353630944839e-01
183195,2.2014231861811999e+00,3.4270353630944839e-01
183222,2.2014231861811999e+00,3.4270353630944839e-01
183249,2.1838025942888999e+00,3.3921337758315340e-01
183276,2.1473895229400002e+00,3.3191082986685627e-01
183303,2.1427581547791998e+00,3.3097315658922238e-01
183330,2.1427581547791998e+00,3.3097315658922238e-01
183357,2.1125892817249001e+00,3.2481507205539006e-01
183384,2.1125892817249001e+00,3.2481507205539006e-01
183411,2.1094069963536000e+00,3.2416038211854770e-01
183438,2.1089804944882999e+00,3.2407256306083693e-01
183465,2.0917528658573001e+00,3.2051037267396060e-01
183492,2.0917528658573001e+00,3.2051037267396060e-01
183519,2.0383924878698001e+00,3.0928781014372542e-01
183546,1.9820694221121999e+00,2.9711886160851370e-01
183573,1.9820694221121999e+00,2.9711886160851370e-01
183600,1.9755697689942999e+00,2.9569237178217544e-01
183627,1.9376030949794001e+00,2.8726481950841221e-01
183654,1.9285841428313000e+00,2.8523859159207648e-01
183681,1.9285841428313000e+00,2.8523859159207648e-01
183708,1.9285841428313000e+00,2.8523859159207648e-01
183735,1.8686447931062000e+00,2.7152675506803214e-01
183762,1.8686447931062000e+00,2.7152675506803214e-01
183789,1.8525996282917001e+00,2.6778157257788759e-01
183816,1.8525996282917001e+00,2.6778157257788759e-01
183843,1.8525996282917001e+00,2.6778157257788759e-01
183870,1.8220344252117000e+00,2.6055657820132683e-01
183897,1.8218716914477999e+00,2.6051778775312895e-01
183924,1.7901593862148000e+00,2.5289169995864946e-01
183951,1.7741495403865000e+00,2.4899022306479557e-01
183978,1.7741495403865000e+00,2.4899022306479557e-01
184005,1.7740591395733001e+00,2.4896809326472910e-01
184032,1.7740591395733001e+00,2.4896809326472910e-01
184059,1.7514290897122000e+00,2.4339255868476312e-01
184086,1.7328387130517000e+00,2.3875814188796426e-01
184113,1.7301526665225999e+00,2.3808442642534877e-01
184140,1.7194027692547000e+00,2.3537762187360278e-01
184167,1.7194027692547000e+00,2.3537762187360278e-01
184194,1.7143324983637001e+00,2.3409505807734096e-01
184221,1.7061610003378000e+00,2.3202001057074520e-01
184248,1.7029428160840001e+00,2.3120006482922756e-01
184275,1.6827722156686999e+00,2.2602533274751258e-01
184302,1.6807273718010001e+00,2.2549727291315727e-01
184329,1.6700391750968999e+00,2.2272665876965628e-01
184356,1.6512422732651999e+00,2.1781079841296183e-01
184383,1.6495547469569001e+00,2.1736673388968239e-01
184410,1.6398781964044999e+00,2.1481159158800134e-01
184437,1.6382128868821999e+00,2.1437033795591051e-01
184464,1.6361629994478000e+00,2.1382656720478582e-01
184491,1.6312892294321000e+00,2.1253096877187783e-01
184518,1.6287152856364999e+00,2.1184517228645719e-01
184545,1.6287152856364999e+00,2.1184517228645719e-01
184572,1.6282142814509000e+00,2.1171155972256789e-01
184599,1.6224234594222999e+00,2.1016421737710433e-01
184626,1.6224234594222999e+00,2.1016421737710433e-01
184653,1.6211065850648001e+00,2.0981156992793515e-01
184680,1.6201535936700999e+00,2.0955618844473234e-01
184707,1.6188833565167000e+00,2.0921555817518345e-01
184734,1.6155748685544000e+00,2.0832708878302308e-01
184761,1.6134167859622000e+00,2.0774657102323008e-01
184788,1.6108929792655999e+00,2.0706668873810052e-01
184815,1.6092315392133001e+00,2.0661853568897806e-01
184842,1.6083237811972000e+00,2.0637348361154856e-01
184869,1.6072373561730999e+00,2.0608001793587641e-01
184896,1.6058520365505999e+00,2.0570552682687349e-01
184923,1.6048933333907001e+00,2.0544617302797091e-01
184950,1.6021308836678001e+00,2.0469799223062873e-01
184977,1.6006103255722000e+00,2.0428561421017297e-01
185004,1.5991082039711999e+00,2.0387785136205816e-01
185031,1.5978013534980000e+00,2.0352278471372501e-01
185058,1.5974151877584000e+00,2.0341780926153921e-01
185085,1.5965488463738999e+00,2.0318221030805117e-01
185112,1.5957986070674000e+00,2.0297808165246445e-01
185139,1.5953938874650999e+00,2.0286792377810212e-01
185166,1.5934881697084999e+00,2.0234884355534938e-01
185193,1.5933274277392000e+00,2.0230503220310650e-01
185220,1.5924046838815000e+00,2.0205344634291797e-01
185247,1.5921996843405000e+00,2.0199753348262023e-01
185274,1.5917905499219001e+00,2.0188592207161740e-01
185301,1.5911095758192000e+00,2.0170008947370313e-01
185328,1.5902209252745001e+00,2.0145746391951530e-01
185355,1.5895899314885999e+00,2.0128510327589663e-01
185382,1.5891674704509000e+00,2.0116966666002878e-01
185409,1.5890472449294000e+00,2.0113680967252340e-01
185436,1.5882999397791999e+00,2.0093251943280632e-01
185463,1.5881006535283999e+00,2.0087802446807326e-01
185490,1.5872488696157001e+00,2.0064502645683940e-01
185517,1.5866110389101000e+00,2.0047047158199094e-01
185544,1.5852012832843001e+00,2.0008441524117340e-01
185571,1.5845961177592001e+00,1.9991858757578651e-01
185598,1.5841295488542000e+00,1.9979069496301258e-01
185625,1.5831855112272999e+00,1.9953180670186055e-01
185652,1.5831613698145000e+00,1.9952518425475765e-01
185679,1.5823449579408000e+00,1.9930116753019081e-01
185706,1.5816007819897999e+00,1.9909687103359455e-01
185733,1.5816007819897999e+00,1.9909687103359455e-01
185760,1.5814498442566001e+00,1.9905542280374611e-01
185787,1.5812740740108000e+00,1.9900715046010498e-01
185814,1.5808286899793000e+00,1.9888480919359705e-01
185841,1.5801045101736999e+00,1.9868581270802416e-01
185868,1.5798333177445001e+00,1.9861126859846351e-01
185895,1.5797952925040999e+00,1.9860081537492572e-01
185922,1.5788806412965000e+00,1.9834929987175012e-01
185949,1.5786704605452999e+00,1.9829148269784594e-01
185976,1.5781114424055001e+00,1.9813766878012820e-01
186003,1.5765392325706000e+00,1.9770478274451159e-01
186030,1.5759241607240000e+00,1.9753531380608702e-01
186057,1.5759241607240000e+00,1.9753531380608702e-01
186084,1.5756732882732001e+00,1.9746617266541963e-01
186111,1.5748221504593001e+00,1.9723151467457506e-01
186138,1.5745593269775000e+00,1.9715902883000963e-01
186165,1.5729386447766001e+00,1.9671178253769037e-01
186192,1.5709879052622999e+00,1.9617284150205935e-01
186219,1.5699633563029001e+00,1.9588951588619705e-01
186246,1.5690692348322000e+00,1.9564210715748576e-01
186273,1.5690196142785000e+00,1.9562837272630879e-01
186300,1.5684733486880000e+00,1.9547714361643970e-01
186327,1.5684733486880000e+00,1.9547714361643970e-01
186354,1.5684733486880000e+00,1.9547714361643970e-01
186381,1.5681405161305999e+00,1.9538497585218892e-01
186408,1.5678361610078999e+00,1.9530067691482361e-01
186435,1.5675651678814000e+00,1.9522560466255320e-01
186462,1.5675383649651999e+00,1.9521817884169407e-01
186488,1.5672715713434000e+00,1.9514425601996735e-01
186514,1.5669216942493001e+00,1.9504729346592753e-01
186540,1.5668175419371999e+00,1.9501842522193524e-01
186566,1.5665598250843999e+00,1.9494698473187816e-01
186592,1.5663574049555999e+00,1.9489086454827204e-01
186618,1.5661669778349001e+00,1.9483806275794543e-01
186644,1.5660627295056999e+00,1.9480915397515094e-01
186670,1.5659934642289000e+00,1.9478994517068132e-01
186696,1.5658687267356000e+00,1.9475535054182980e-01
186722,1.5658687267356000e+00,1.9475535054182980e-01
186748,1.5658687267356000e+00,1.9475535054182980e-01
186774,1.5658687267356000e+00,1.9475535054182980e-01
186800,1.5658557968319000e+00,1.9475176441170489e-01
186826,1.5657921750734001e+00,1.9473411838067126e-01
186852,1.5657527347711000e+00,1.9472317892034255e-01
186878,1.5656836616673000e+00,1.9470401961832559e-01
186904,1.5656439677044001e+00,1.9469300903681278e-01
186930,1.5654510361342000e+00,1.9463948838903547e-01
186956,1.5654273195749999e+00,1.9463290878445152e-01
186982,1.5653538740029000e+00,1.9461253239612103e-01
187008,1.5652352713147999e+00,1.9457962581489016e-01
187034,1.5650396467679000e+00,1.9452534389807624e-01
187060,1.5648409105867001e+00,1.9447019161645779e-01
187086,1.5643946690249999e+00,1.9434632734083812e-01
187112,1.5640365931346001e+00,1.9424690985587476e-01
187138,1.5632650354208000e+00,1.9403261439980976e-01
187164,1.5630795629087000e+00,1.9398108477080642e-01
187190,1.5629969602122000e+00,1.9395813338428516e-01
187216,1.5627168525709001e+00,1.9388029567388210e-01
187242,1.5623501928204000e+00,1.9377838534377015e-01
187268,1.5622732159313999e+00,1.9375698715668624e-01
187294,1.5618228528183000e+00,1.9363177319916208e-01
187320,1.5618228528183000e+00,1.9363177319916208e-01
187346,1.5617654913548999e+00,1.9361582246283807e-01
187372,1.5617011209914999e+00,1.9359792203546278e-01
187398,1.5616840105042000e+00,1.9359316374283844e-01
187424,1.5616183363475999e+00,1.9357489978971970e-01
187450,1.5615360052056999e+00,1.9355200245150717e-01
187476,1.5615360052056999e+00,1.9355200245150717e-01
187502,1.5615360052056999e+00,1.9355200245150717e-01
187528,1.5615176113888001e+00,1.9354688673198292e-01
187554,1.5615089625419001e+00,1.9354448127919885e-01
187580,1.5615007270310000e+00,1.9354219077273546e-01
187606,1.5614887708239000e+00,1.9353886542388521e-01
187632,1.5614713130390001e+00,1.9353400988974787e-01
187658,1.5614637745622999e+00,1.9353191319625856e-01
187684,1.5614614006481000e+00,1.9353125293206414e-01
187710,1.5614575501536001e+00,1.9353018197982985e-01
187736,1.5614453932556001e+00,1.9352680071962794e-01
187762,1.5614453932556001e+00,1.9352680071962794e-01
187788,1.5614432373214000e+00,1.9352620107587679e-01
187814,1.5614396631106999e+00,1.9352520695599865e-01
187840,1.5614390821709001e+00,1.9352504537498963e-01
187866,1.5614390821709001e+00,1.9352504537498963e-01
187892,1.5614360057122001e+00,1.9352418969616828e-01
187918,1.5614360057122001e+00,1.9352418969616828e-01
187944,1.5614321551943000e+00,1.9352311872000769e-01
187970,1.5614319928925999e+00,1.9352307357764517e-01
187996,1.5614307898860000e+00,1.9352273897496527e-01
188022,1.5614281608073000e+00,1.9352200772556211e-01
188048,1.5614243271737001e+00,1.9352094144021914e-01
188074,1.5614224958076000e+00,1.9352043206384770e-01
188100,1.5614171747875001e+00,1.9351895207133368e-01
188126,1.5614123667243001e+00,1.9351761474869814e-01
188152,1.5614000503665999e+00,1.9351418903785039e-01
188178,1.5613918850341000e+00,1.9351191789143976e-01
188204,1.5613719546036999e+00,1.9350637429199433e-01
188230,1.5613646120393001e+00,1.9350433195820546e-01
188256,1.5613501730204999e+00,1.9350031571809348e-01
188282,1.5613396128679000e+00,1.9349737836836187e-01
188308,1.5613360766324000e+00,1.9349639474552233e-01
188334,1.5613317500109001e+00,1.9349519126955431e-01
188360,1.5613317500109001e+00,1.9349519126955431e-01
188386,1.5613308696026000e+00,1.9349494637824641e-01
188412,1.5613177125583999e+00,1.9349128664418158e-01
188438,1.5613071282286000e+00,1.9348834250823113e-01
188464,1.5612829947528000e+00,1.9348162946876293e-01
188490,1.5612292362082001e+00,1.9346667545894627e-01
188516,1.5611748308733000e+00,1.9345154100726869e-01
188542,1.5611013665314999e+00,1.9343110389264517e-01
188568,1.5609397506717000e+00,1.9338614043859256e-01
188594,1.5608477803592000e+00,1.9336055112552614e-01
188620,1.5607959828133999e+00,1.9334613859800806e-01
188646,1.5607409233450000e+00,1.9333081792487561e-01
188672,1.5607211059571999e+00,1.9332530346909388e-01
188698,1.5607031335284001e+00,1.9332030233752354e-01
188724,1.5606979832659000e+00,1.9331886917946381e-01
188750,1.5606790300461000e+00,1.9331359504645235e-01
188776,1.5606790300461000e+00,1.9331359504645235e-01
188802,1.5606790300461000e+00,1.9331359504645235e-01
188828,1.5606594792320001e+00,1.9330815455311579e-01
188854,1.5606594792320001e+00,1.9330815455311579e-01
188880,1.5606307808533000e+00,1.9330016840221612e-01
188906,1.5606307808533000e+00,1.9330016840221612e-01
188932,1.5606299776070001e+00,1.9329994487367258e-01
188958,1.5606097433888000e+00,1.9329431402817812e-01
188984,1.5606086554798000e+00,1.9329401127917747e-01
189010,1.5605884650505000e+00,1.9328839254271596e-01
189036,1.5605464077122999e+00,1.9327668829368505e-01
189062,1.5605127981006000e+00,1.9326733475827401e-01
189088,1.5604972174111000e+00,1.9326299859309640e-01
189114,1.5604940794186000e+00,1.9326212527260464e-01
189140,1.5604797037321001e+00,1.9325812441790077e-01
189166,1.5604780999482000e+00,1.9325767807127142e-01
189192,1.5604706757660001e+00,1.9325561185257079e-01
189218,1.5604456837563001e+00,1.9324865627244350e-01
189244,1.5604097772126000e+00,1.9323866284981378e-01
189270,1.5603376242147999e+00,1.9321858070616538e-01
189296,1.5602605855750000e+00,1.9319713773022554e-01
189322,1.5602179742863000e+00,1.9318527682671643e-01
189348,1.5601765395575999e+00,1.9317374310945420e-01
189374,1.5601714414265999e+00,1.9317232397916820e-01
189400,1.5601456450682001e+00,1.9316514316017067e-01
189426,1.5601314705609000e+00,1.9316119741427948e-01
189452,1.5601279366437000e+00,1.9316021367508401e-01
189478,1.5601245040399001e+00,1.9315925813644272e-01
189504,1.5601214300166000e+00,1.9315840241456392e-01
189530,1.5601183217296000e+00,1.9315753715291759e-01
189556,1.5601171923332000e+00,1.9315722275958275e-01
189582,1.5601171923332000e+00,1.9315722275958275e-01
189608,1.5601160582167000e+00,1.9315690705207100e-01
189634,1.5601159032491001e+00,1.9315686391324394e-01
189660,1.5601146143493001e+00,1.9315650511791280e-01
189686,1.5601146143493001e+00,1.9315650511791280e-01
189712,1.5601146143493001e+00,1.9315650511791280e-01
189738,1.5601144792026000e+00,1.9315646749665852e-01
189764,1.5601140957566000e+00,1.9315636075545162e-01
189790,1.5601136051550000e+00,1.9315622418492659e-01
189816,1.5601128563252000e+00,1.9315601573040955e-01
189842,1.5601121943509999e+00,1.9315583145412332e-01
189868,1.5601108459723001e+00,1.9315545610055324e-01
189894,1.5601100044719001e+00,1.9315522184855777e-01
189920,1.5601091805767999e+00,1.9315499249730106e-01
189946,1.5601086122964001e+00,1.9315483430254785e-01
189972,1.5601079876509001e+00,1.9315466041712351e-01
189998,1.5601059095809999e+00,1.9315408193480121e-01
190024,1.5601024060929001e+00,1.9315310665020785e-01
190050,1.5600993500872999e+00,1.9315225593190657e-01
190076,1.5600938012536001e+00,1.9315071126608627e-01
190102,1.5600878919004000e+00,1.9314906623400876e-01
190128,1.5600792808299000e+00,1.9314666909296188e-01
190154,1.5600713072712000e+00,1.9314444941000317e-01
190180,1.5600669586500000e+00,1.9314323883404139e-01
190206,1.5600618237338999e+00,1.9314180936373240e-01
190232,1.5600608701615000e+00,1.9314154390543348e-01
190258,1.5600561689621000e+00,1.9314023516929818e-01
190284,1.5600560576216000e+00,1.9314020417389721e-01
190309,1.5600494299739001e+00,1.9313835913959596e-01
190334,1.5600494299739001e+00,1.9313835913959596e-01
190359,1.5600478443723000e+00,1.9313791773154687e-01
190384,1.5600457125803999e+00,1.9313732427148431e-01
190409,1.5600455955025001e+00,1.9313729167866517e-01
190434,1.5600436102010000e+00,1.9313673899864253e-01
190459,1.5600424287757000e+00,1.9313641010611701e-01
190484,1.5600424287757000e+00,1.9313641010611701e-01
190509,1.5600414543234999e+00,1.9313613883186337e-01
190534,1.5600411763108000e+00,1.9313606143687370e-01
190559,1.5600411090772000e+00,1.9313604271994331e-01
190584,1.5600402716851001e+00,1.9313580960117249e-01
190609,1.5600399835798999e+00,1.9313572939650567e-01
190634,1.5600396459454999e+00,1.9313563540354767e-01
190659,1.5600393324395001e+00,1.9313554812759939e-01
190684,1.5600393324395001e+00,1.9313554812759939e-01
190709,1.5600391795115001e+00,1.9313550555444856e-01
190734,1.5600391500419999e+00,1.9313549735052549e-01
190759,1.5600390486705000e+00,1.9313546913002572e-01
190784,1.5600389352999000e+00,1.9313543756913126e-01
190809,1.5600388404162000e+00,1.9313541115474656e-01
190834,1.5600385807090000e+00,1.9313533885564071e-01
190859,1.5600384926479001e+00,1.9313531434057335e-01
190884,1.5600384599653001e+00,1.9313530524216135e-01
190909,1.5600384248512000e+00,1.9313529546685101e-01
190934,1.5600382707746001e+00,1.9313525257392006e-01
190959,1.5600381508917001e+00,1.9313521920006960e-01
190984,1.5600379349453000e+00,1.9313515908337542e-01
191009,1.5600378664411001e+00,1.9313514001268747e-01
191034,1.5600375733156000e+00,1.9313505841030978e-01
191059,1.5600371332769001e+00,1.9313493590915379e-01
191084,1.5600365305252999e+00,1.9313476811074765e-01
191109,1.5600353352655001e+00,1.9313443536537650e-01
191134,1.5600344018500001e+00,1.9313417551400450e-01
191159,1.5600312230569000e+00,1.9313329057601378e-01
191184,1.5600284066271000e+00,1.9313250651412650e-01
191209,1.5600233293112000e+00,1.9313109304379664e-01
191234,1.5600136108194000e+00,1.9312838750700834e-01
191259,1.5600079949510000e+00,1.9312682409433662e-01
191284,1.5599930702047000e+00,1.9312266913744619e-01
191309,1.5599820152676001e+00,1.9311959148583116e-01
191334,1.5599588346580999e+00,1.9311313802323202e-01
191359,1.5599494323409000e+00,1.9311052039852797e-01
191384,1.5599208336423001e+00,1.9310255836425536e-01
191409,1.5598809335187001e+00,1.9309144970748743e-01
191434,1.5598554257392001e+00,1.9308434789720158e-01
191459,1.5598457072183001e+00,1.9308164206108505e-01
191484,1.5598443344460000e+00,1.9308125985168165e-01
191509,1.5598416701561999e+00,1.9308051805500295e-01
191534,1.5598367932057999e+00,1.9307916020183180e-01
191559,1.5598325981779999e+00,1.9307799220792193e-01
191584,1.5598273379909999e+00,1.9307652764432551e-01
191609,1.5598157852351999e+00,1.9307331105967362e-01
191634,1.5598069060611000e+00,1.9307083885280948e-01
191659,1.5597863354204000e+00,1.9306511136524698e-01
191684,1.5597400600021001e+00,1.9305222661527571e-01
191709,1.5597109516775001e+00,1.9304412160916773e-01
191734,1.5597000361561000e+00,1.9304108222081545e-01
191759,1.5596808654298999e+00,1.9303574414838023e-01
191784,1.5596140266978999e+00,1.9301713244702254e-01
191809,1.5595947836535999e+00,1.9301177394205365e-01
191834,1.5595153749616000e+00,1.9298966073988738e-01
191859,1.5594346016923000e+00,1.9296716638415054e-01
191884,1.5590243679428000e+00,1.9285290337382341e-01
191909,1.5588516178681000e+00,1.9280477804452312e-01
191934,1.5586689228913000e+00,1.9275387642617020e-01
191959,1.5586622295982999e+00,1.9275201145894441e-01
191984,1.5586108672245000e+00,1.9273769997911705e-01
192009,1.5585847181353001e+00,1.9273041368293473e-01
192034,1.5583890845666000e+00,1.9267589761391968e-01
192059,1.5583086944580999e+00,1.9265349378589128e-01
192084,1.5582120008931000e+00,1.9262654483490810e-01
192109,1.5582120008931000e+00,1.9262654483490810e-01
192134,1.5581955303524999e+00,1.9262195425115106e-01
192159,1.5581605605219000e+00,1.9261220748022989e-01
192184,1.5580885971333001e+00,1.9259214919798581e-01
192209,1.5580782850126000e+00,1.9258927483516369e-01
192234,1.5579955452392000e+00,1.9256621156453055e-01
192259,1.5579490675301000e+00,1.9255325561370110e-01
192284,1.5578292307410000e+00,1.9251984857938825e-01
192309,1.5577443730400999e+00,1.9249619115000685e-01
192334,1.5575916275184001e+00,1.9245360406646214e-01
192359,1.5574983776347999e+00,1.9242760294942809e-01
192384,1.5570487258117001e+00,1.9230220346088567e-01
192409,1.5566313285353000e+00,1.9218576674817026e-01
192434,1.5562797926484999e+00,1.9208767843756075e-01
192459,1.5561431658324001e+00,1.9204954976858368e-01
192484,1.5560381032174999e+00,1.9202022749588923e-01
192509,1.5557712089583000e+00,1.9194573019050948e-01
192534,1.5556487614515000e+00,1.9191154754910505e-01
192559,1.5555733439107000e+00,1.9189049252911269e-01
192584,1.5554717604631001e+00,1.9186213091474780e-01
192609,1.5554616363781000e+00,1.9185930421697642e-01
192634,1.5554616363781000e+00,1.9185930421697642e-01
192659,1.5554616363781000e+00,1.9185930421697642e-01
192684,1.5554616363781000e+00,1.9185930421697642e-01
192709,1.5554534299881999e+00,1.9185701293626065e-01
192734,1.5554286276150000e+00,1.9185008786895202e-01
192759,1.5553680238447001e+00,1.9183316623377233e-01
192784,1.5553443149966999e+00,1.9182654612831904e-01
192809,1.5553245730066001e+00,1.9182103359215982e-01
192834,1.5553245730066001e+00,1.9182103359215982e-01
192859,1.5553245730066001e+00,1.9182103359215982e-01
192884,1.5552925389023999e+00,1.9181208859238208e-01
192909,1.5552802657472000e+00,1.9180866146566708e-01
192934,1.5552500706557000e+00,1.9180022974489844e-01
192959,1.5552227465565001e+00,1.9179259958305286e-01
192984,1.5552166543893999e+00,1.9179089834781671e-01
193009,1.5552075287022000e+00,1.9178834999083308e-01
193034,1.5551949735674999e+00,1.9178484393287701e-01
193059,1.5551936672269999e+00,1.9178447913185942e-01
193084,1.5551751091809001e+00,1.9177929668720700e-01
193109,1.5551704044842001e+00,1.9177798286287021e-01
193134,1.5551691665209999e+00,1.9177763715104398e-01
193159,1.5551650173838001e+00,1.9177647846693868e-01
193184,1.5551554899858999e+00,1.9177381784317007e-01
193209,1.5551544133674999e+00,1.9177351718539334e-01
193234,1.5551473817860000e+00,1.9177155353218822e-01
193259,1.5551430479268000e+00,1.9177034324576744e-01
193284,1.5551400442681000e+00,1.9176950443311902e-01
193309,1.5551376106368000e+00,1.9176882480720658e-01
193334,1.5551277144091000e+00,1.9176606113489403e-01
193359,1.5551267035270000e+00,1.9176577882968107e-01
193384,1.5551251346413000e+00,1.9176534069255410e-01
193409,1.5551213910151001e+00,1.9176429522160027e-01
193434,1.5551198723952000e+00,1.9176387112058246e-01
193459,1.5551181607358000e+00,1.9176339310943064e-01
193484,1.5551145018259001e+00,1.9176237129238238e-01
193509,1.5551123914677001e+00,1.9176178193543028e-01
193534,1.5551118617648001e+00,1.9176163400587423e-01
193559,1.5551099610306001e+00,1.9176110318947484e-01
193584,1.5551081970473000e+00,1.9176061056280078e-01
193609,1.5551024739657999e+00,1.9175901227703954e-01
193634,1.5550976922424999e+00,1.9175767688000259e-01
193659,1.5550854155886000e+00,1.9175424834678756e-01
193684,1.5550788656172001e+00,1.9175241910808605e-01
193709,1.5550762938103000e+00,1.9175170086639842e-01
193734,1.5550745150554000e+00,1.9175120410371055e-01
193759,1.5550730754255000e+00,1.9175080204991513e-01
193784,1.5550654515297000e+00,1.9174867287409364e-01
193809,1.5550646769256999e+00,1.9174845654472542e-01
193834,1.5550602166809000e+00,1.9174721089718982e-01
193859,1.5550537470375001e+00,1.9174540406280288e-01
193884,1.5550528483088000e+00,1.9174515306631565e-01
193909,1.5550527805526000e+00,1.9174513414339323e-01
193934,1.5550511771116999e+00,1.9174468633486694e-01
193959,1.5550510622749001e+00,1.9174465426325987e-01
193984,1.5550496303892001e+00,1.9174425436620207e-01
194009,1.5550496303892001e+00,1.9174425436620207e-01
194034,1.5550483917852000e+00,1.9174390844856304e-01
194059,1.5550466805098000e+00,1.9174343052268233e-01
194084,1.5550440252180999e+00,1.9174268895039889e-01
194109,1.5550393227784001e+00,1.9174137564565130e-01
194134,1.5550371543396999e+00,1.9174077003934628e-01
194159,1.5550302620912000e+00,1.9173884515149620e-01
194184,1.5550218320806000e+00,1.9173649078123156e-01
194209,1.5550132087069000e+00,1.9173408239446796e-01
194234,1.5549978057161999e+00,1.9172978052297304e-01
194259,1.5549744112349999e+00,1.9172324664203549e-01
194283,1.5549494206068000e+00,1.9171626686213500e-01
194307,1.5549124731373001e+00,1.9170594738000163e-01
194331,1.5548380282220000e+00,1.9168515406175143e-01
194355,1.5547537894635000e+00,1.9166162401013512e-01
194379,1.5546872035457999e+00,1.9164302394877425e-01
194403,1.5545392363548001e+00,1.9160168805005820e-01
194427,1.5544596971605000e+00,1.9157946647074875e-01
194451,1.5544019029737000e+00,1.9156331927628040e-01
194475,1.5543610399776999e+00,1.9155190214734294e-01
194499,1.5543411127060001e+00,1.9154633435492430e-01
194523,1.5543411127060001e+00,1.9154633435492430e-01
194547,1.5543343862832000e+00,1.9154445493823638e-01
194571,1.5542988554171000e+00,1.9153452719322089e-01
194595,1.5542914742658001e+00,1.9153246478361419e-01
194619,1.5542854749574000e+00,1.9153078847540245e-01
194643,1.5542839438642999e+00,1.9153036066106405e-01
194667,1.5542760087700001e+00,1.9152814344941599e-01
194691,1.5542727201572000e+00,1.9152722454704918e-01
194715,1.5542684638943001e+00,1.9152603526154094e-01
194739,1.5542684638943001e+00,1.9152603526154094e-01
194763,1.5542670051811001e+00,1.9152562766696804e-01
194787,1.5542670051811001e+00,1.9152562766696804e-01
194811,1.5542670051811001e+00,1.9152562766696804e-01
194835,1.5542670051811001e+00,1.9152562766696804e-01
194859,1.5542644383793001e+00,1.9152491044864284e-01
194883,1.5542614467042000e+00,1.9152407451030060e-01
194907,1.5542613602310000e+00,1.9152405034780548e-01
194931,1.5542586674344001e+00,1.9152329792112407e-01
194955,1.5542571651129999e+00,1.9152287813886831e-01
194979,1.5542571651129999e+00,1.9152287813886831e-01
195003,1.5542543629062000e+00,1.9152209513842622e-01
195027,1.5542534615504000e+00,1.9152184327877375e-01
195051,1.5542519550925999e+00,1.9152142233930472e-01
195075,1.5542500892291000e+00,1.9152090097292923e-01
195099,1.5542482686028001e+00,1.9152039224629364e-01
195123,1.5542460722214999e+00,1.9151977852390958e-01
195147,1.5542460722214999e+00,1.9151977852390958e-01
195171,1.5542442582824001e+00,1.9151927166452912e-01
195195,1.5542412315017000e+00,1.9151842590593685e-01
195219,1.5542390592819999e+00,1.9151781893214839e-01
195243,1.5542342627557000e+00,1.9151647865691449e-01
195267,1.5542331572526000e+00,1.9151616974977076e-01
195291,1.5542304120954000e+00,1.9151540267845255e-01
195315,1.5542294327280000e+00,1.9151512901633119e-01
195339,1.5542288043182000e+00,1.9151495342130131e-01
195363,1.5542280394578001e+00,1.9151473969811467e-01
195387,1.5542270469091000e+00,1.9151446235235189e-01
195411,1.5542266498641999e+00,1.9151435140689413e-01
195435,1.5542260595751001e+00,1.9151418646354595e-01
195459,1.5542257227684000e+00,1.9151409235026928e-01
195483,1.5542254315190001e+00,1.9151401096696874e-01
195507,1.5542252043175000e+00,1.9151394748044809e-01
195531,1.5542250241311000e+00,1.9151389713126860e-01
195555,1.5542250171450001e+00,1.9151389517915446e-01
195579,1.5542246101954000e+00,1.9151378146589743e-01
195603,1.5542242230884999e+00,1.9151367329722577e-01
195627,1.5542238682459999e+00,1.9151357414412096e-01
195651,1.5542234400009001e+00,1.9151345448020818e-01
195675,1.5542229762040001e+00,1.9151332488206982e-01
195699,1.5542222439955999e+00,1.9151312028199147e-01
195723,1.5542216118344001e+00,1.9151294363789978e-01
195747,1.5542210082887000e+00,1.9151277498973787e-01
195771,1.5542206339478000e+00,1.9151267038800751e-01
195795,1.5542197682287000e+00,1.9151242848082620e-01
195819,1.5542196314847001e+00,1.9151239027054962e-01
195843,1.5542194585514000e+00,1.9151234194791836e-01
195867,1.5542187474500000e+00,1.9151214324529434e-01
195891,1.5542179374320000e+00,1.9151191690235522e-01
195915,1.5542164961066001e+00,1.9151151415320208e-01
195939,1.5542163867848000e+00,1.9151148360542686e-01
195963,1.5542157465533999e+00,1.9151130470561353e-01
195987,1.5542156396125000e+00,1.9151127482311850e-01
196011,1.5542154062513001e+00,1.9151120961499266e-01
196035,1.5542152194773000e+00,1.9151115742472216e-01
196059,1.5542151096136001e+00,1.9151112672549869e-01
196083,1.5542148406062000e+00,1.9151105155672776e-01
196107,1.5542145672340999e+00,1.9151097516831483e-01
196131,1.5542141781933001e+00,1.9151086645855411e-01
196155,1.5542136596153999e+00,1.9151072155216911e-01
196179,1.5542129744049999e+00,1.9151053008353838e-01
196203,1.5542105767507000e+00,1.9150986010532284e-01
196227,1.5542087525562001e+00,1.9150935036868741e-01
196251,1.5542078352305999e+00,1.9150909403918007e-01
196275,1.5542066026982999e+00,1.9150874963080897e-01
196299,1.5542060616241999e+00,1.9150859843756579e-01
196323,1.5542050909553999e+00,1.9150832720182323e-01
196347,1.5542046207407001e+00,1.9150819580881626e-01
196371,1.5542046207407001e+00,1.9150819580881626e-01
196395,1.5542040718065999e+00,1.9150804241904404e-01
196419,1.5542039208753999e+00,1.9150800024402234e-01
196443,1.5542038609744000e+00,1.9150798350575918e-01
196467,1.5542035539185000e+00,1.9150789770446916e-01
196491,1.5542035349033001e+00,1.9150789239101046e-01
196515,1.5542032821284000e+00,1.9150782175756331e-01
196539,1.5542031957322000e+00,1.9150779761568021e-01
196563,1.5542031132317000e+00,1.9150777456238002e-01
196587,1.5542030216742000e+00,1.9150774897826051e-01
196611,1.5542030216742000e+00,1.9150774897826051e-01
196635,1.5542029798743999e+00,1.9150773729804724e-01
196659,1.5542029412098000e+00,1.9150772649390976e-01
196683,1.5542028786222000e+00,1.9150770900491323e-01
196707,1.5542028473295999e+00,1.9150770026075001e-01
196731,1.5542028021322001e+00,1.9150768763113626e-01
196755,1.5542027893895001e+00,1.9150768407041413e-01
196779,1.5542027674201999e+00,1.9150767793148171e-01
196803,1.5542027017500000e+00,1.9150765958110513e-01
196827,1.5542027017500000e+00,1.9150765958110513e-01
196851,1.5542026384865000e+00,1.9150764190323757e-01
196875,1.5542025098960000e+00,1.9150760597089161e-01
196899,1.5542024186542001e+00,1.9150758047497901e-01
196923,1.5542022097574999e+00,1.9150752210247285e-01
196947,1.5542017674390001e+00,1.9150739850432721e-01
196971,1.5542013137791999e+00,1.9150727173701762e-01
196995,1.5542012018221001e+00,1.9150724045255532e-01
197019,1.5542010797890999e+00,1.9150720635255553e-01
197043,1.5542009996298001e+00,1.9150718395343166e-01
197067,1.5542009448487000e+00,1.9150716864580419e-01
197091,1.5542009167030000e+00,1.9150716078097671e-01
197115,1.5542008747669001e+00,1.9150714906266098e-01
197139,1.5542008451022000e+00,1.9150714077337491e-01
197163,1.5542008290186999e+00,1.9150713627911964e-01
197187,1.5542008227548001e+00,1.9150713452878140e-01
197211,1.5542008139275001e+00,1.9150713206214540e-01
197235,1.5542008009877999e+00,1.9150712844637041e-01
197259,1.5542007668929001e+00,1.9150711891914138e-01
197283,1.5542007625186001e+00,1.9150711769681900e-01
197307,1.5542007439258001e+00,1.9150711250138308e-01
197331,1.5542007182493001e+00,1.9150710532652976e-01
197355,1.5542006992657000e+00,1.9150710002189136e-01
197379,1.5542006565040001e+00,1.9150708807287437e-01
197403,1.5542006458157001e+00,1.9150708508621386e-01
197427,1.5542006121569001e+00,1.9150707568084441e-01
197451,1.5542005946373001e+00,1.9150707078529516e-01
197475,1.5542005825884000e+00,1.9150706741843834e-01
197499,1.5542005566327000e+00,1.9150706016556668e-01
197523,1.5542005211564001e+00,1.9150705025232775e-01
197547,1.5542004601402000e+00,1.9150703320240453e-01
197571,1.5542003642527999e+00,1.9150700640832549e-01
197595,1.5542002748774000e+00,1.9150698143391098e-01
197619,1.5542001528041001e+00,1.9150694732262977e-01
197643,1.5541999882332000e+00,1.9150690133612192e-01
197667,1.5541997872797000e+00,1.9150684518311553e-01
197691,1.5541994778932999e+00,1.9150675873038225e-01
197715,1.5541991997446001e+00,1.9150668100647483e-01
197739,1.5541986607766001e+00,1.9150653040102547e-01
197763,1.5541983599078999e+00,1.9150644632835689e-01
197787,1.5541978279527000e+00,1.9150629768243535e-01
197811,1.5541976586166999e+00,1.9150625036433136e-01
197835,1.5541975100865000e+00,1.9150620886005490e-01
197859,1.5541974901715001e+00,1.9150620329514145e-01
197883,1.5541973826158000e+00,1.9150617324049976e-01
197907,1.5541972179160000e+00,1.9150612721789098e-01
197931,1.5541970999176000e+00,1.9150609424520559e-01
197955,1.5541967680910000e+00,1.9150600152178157e-01
197979,1.5541964933837999e+00,1.9150592475940878e-01
198003,1.5541960842731000e+00,1.9150581044018106e-01
198027,1.5541949830115001e+00,1.9150550271066721e-01
198051,1.5541938430982001e+00,1.9150518418033929e-01
198075,1.5541929113829001e+00,1.9150492382740034e-01
198099,1.5541885632164001e+00,1.9150370879975151e-01
198123,1.5541848071069999e+00,1.9150265921053453e-01
198147,1.5541781038203000e+00,1.9150078606990853e-01
198171,1.5541647415116999e+00,1.9149705213373786e-01
198195,1.5541434557539000e+00,1.9149110401883476e-01
198219,1.5541186851438999e+00,1.9148418199054437e-01
198243,1.5540877618482001e+00,1.9147554046887316e-01
198267,1.5540043783876001e+00,1.9145223808580641e-01
198291,1.5539208611358000e+00,1.9142889706000052e-01
198315,1.5536533482870001e+00,1.9135412532711207e-01
198339,1.5534222898465999e+00,1.9128953249608063e-01
198363,1.5526934042152001e+00,1.9108570814139153e-01
198387,1.5518299870354000e+00,1.9084413977215817e-01
198411,1.5507763112593000e+00,1.9054915836048536e-01
198434,1.5502889366309001e+00,1.9041264777682673e-01
198457,1.5500465891491000e+00,1.9034475178725521e-01
198480,1.5500465891491000e+00,1.9034475178725521e-01
198503,1.5500465891491000e+00,1.9034475178725521e-01
198526,1.5499332414072999e+00,1.9031299267815605e-01
198549,1.5498254293834000e+00,1.9028278247661831e-01
198572,1.5498075775530000e+00,1.9027777998024711e-01
198595,1.5498075775530000e+00,1.9027777998024711e-01
198618,1.5497904211810001e+00,1.9027297231312887e-01
198641,1.5497886821533000e+00,1.9027248498881236e-01
198664,1.5497886821533000e+00,1.9027248498881236e-01
198687,1.5497823448735000e+00,1.9027070910071464e-01
198710,1.5497499834316000e+00,1.9026164038056240e-01
198733,1.5497499834316000e+00,1.9026164038056240e-01
198756,1.5497490293478000e+00,1.9026137301262463e-01
198779,1.5497393132835999e+00,1.9025865021931071e-01
198802,1.5497380818452000e+00,1.9025830512442296e-01
198825,1.5497277666950999e+00,1.9025541442454924e-01
198848,1.5497277666950999e+00,1.9025541442454924e-01
198871,1.5497277666950999e+00,1.9025541442454924e-01
198894,1.5497263058285999e+00,1.9025500503228537e-01
198917,1.5497244085194000e+00,1.9025447333103124e-01
198940,1.5497243245451999e+00,1.9025444979811629e-01
198963,1.5497225733625000e+00,1.9025395904669615e-01
198986,1.5497159283035999e+00,1.9025209683042010e-01
199009,1.5497109124377000e+00,1.9025069117512042e-01
199032,1.5497035035830999e+00,1.9024861489603145e-01
199055,1.5496943626813999e+00,1.9024605320931728e-01
199078,1.5496888442417001e+00,1.9024450669005821e-01
199101,1.5496833065100999e+00,1.9024295475879005e-01
199124,1.5496822451572001e+00,1.9024265731745887e-01
199147,1.5496821955461000e+00,1.9024264341407487e-01
199170,1.5496755654012000e+00,1.9024078532890601e-01
199193,1.5496755654012000e+00,1.9024078532890601e-01
199216,1.5496700768385001e+00,1.9023924716390650e-01
199239,1.5496644963405000e+00,1.9023768322853229e-01
199262,1.5496637709156000e+00,1.9023747992768522e-01
199285,1.5496624995313000e+00,1.9023712362109615e-01
199308,1.5496592671766001e+00,1.9023621774947946e-01
199331,1.5496592671766001e+00,1.9023621774947946e-01
199354,1.5496572448807000e+00,1.9023565099745737e-01
199377,1.5496557050633999e+00,1.9023521946042488e-01
199400,1.5496519327370000e+00,1.9023416225621614e-01
199423,1.5496500949248000e+00,1.9023364720367200e-01
199446,1.5496439839945000e+00,1.9023193459219273e-01
199469,1.5496408295838000e+00,1.9023105055394321e-01
199492,1.5496297491302000e+00,1.9022794519109523e-01
199515,1.5496289501581999e+00,1.9022772127359464e-01
199538,1.5496212189670999e+00,1.9022555454716078e-01
199561,1.5496182273064001e+00,1.9022471610808167e-01
199584,1.5496087462652000e+00,1.9022205895266125e-01
199607,1.5495956580364001e+00,1.9021839082058337e-01
199630,1.5495743171684999e+00,1.9021240972161663e-01
199653,1.5495410702549000e+00,1.9020309161027690e-01
199676,1.5495019265001999e+00,1.9019212053521539e-01
199699,1.5494659887666999e+00,1.9018204778855999e-01
199722,1.5492916384301001e+00,1.9013317698400362e-01
199745,1.5490716360776999e+00,1.9007150196442160e-01
199768,1.5489554089223001e+00,1.9003891553988242e-01
199791,1.5488584486992001e+00,1.9001172908401026e-01
199814,1.5487147629485001e+00,1.8997143823408474e-01
199837,1.5485832815773000e+00,1.8993456633270572e-01
199860,1.5485495266756999e+00,1.8992509979161093e-01
199883,1.5485464089533001e+00,1.8992422541789925e-01
199906,1.5485234195597000e+00,1.8991777792569800e-01
199929,1.5485234195597000e+00,1.8991777792569800e-01
199952,1.5485234195597000e+00,1.8991777792569800e-01
199975,1.5485175782138001e+00,1.8991613967532092e-01
199998,1.5485002115826001e+00,1.8991126903355429e-01
200021,1.5484696084042000e+00,1.8990268593957482e-01
200044,1.5484377230644999e+00,1.8989374306489132e-01
200067,1.5484240311699000e+00,1.8988990284550572e-01
200090,1.5483775466687000e+00,1.8987686490176972e-01
200113,1.5483684661448001e+00,1.8987431795642373e-01
200136,1.5483352062911000e+00,1.8986498895858644e-01
200159,1.5482896793876000e+00,1.8985221887263831e-01
200182,1.5482835983790000e+00,1.8985051314941301e-01
200205,1.5482529907661999e+00,1.8984192761072419e-01
200228,1.5482218283311000e+00,1.8983318626813450e-01
200251,1.5481494214055000e+00,1.8981287479660275e-01
200274,1.5480453122282001e+00,1.8978366859665496e-01
200297,1.5479166709068000e+00,1.8974757757462996e-01
200320,1.5477659743453001e+00,1.8970529502008368e-01
200343,1.5476693546068001e+00,1.8967818321523050e-01
200366,1.5476464093265001e+00,1.8967174444815135e-01
200389,1.5475644973799001e+00,1.8964875802978384e-01
200412,1.5474100286251999e+00,1.8960540715417257e-01
200435,1.5471944608435000e+00,1.8954490191123219e-01
200458,1.5471569351682000e+00,1.8953436839927598e-01
200481,1.5469722775537000e+00,1.8948253101460297e-01
200504,1.5466696126924000e+00,1.8939755306032685e-01
200527,1.5464595757448001e+00,1.8933857208544896e-01
200550,1.5464414191300999e+00,1.8933347310711923e-01
200573,1.5458842902645999e+00,1.8917698377361952e-01
200596,1.5452813435149999e+00,1.8900756130936061e-01
200619,1.5451347116289000e+00,1.8896634911144569e-01
200642,1.5447107006534999e+00,1.8884715503959562e-01
200665,1.5447107006534999e+00,1.8884715503959562e-01
200688,1.5447107006534999e+00,1.8884715503959562e-01
200711,1.5447107006534999e+00,1.8884715503959562e-01
200734,1.5439408429714001e+00,1.8863065606236340e-01
200757,1.5433136079545999e+00,1.8845418553508361e-01
200780,1.5432078126627000e+00,1.8842441330593623e-01
200803,1.5428836367569001e+00,1.8833317310137312e-01
200826,1.5425778357463000e+00,1.8824708698875597e-01
200849,1.5425198505147000e+00,1.8823076162814850e-01
200872,1.5423889222870000e+00,1.8819389738934122e-01
200895,1.5423650097367001e+00,1.8818716421783221e-01
200918,1.5422745728403999e+00,1.8816169852306730e-01
200941,1.5422745728403999e+00,1.8816169852306730e-01
200964,1.5422295940413000e+00,1.8814903260128779e-01
200987,1.5422041790130001e+00,1.8814187562703552e-01
201010,1.5421950076894000e+00,1.8813929291643927e-01
201033,1.5421781103148999e+00,1.8813453445420181e-01
201056,1.5421580091467999e+00,1.8812887370514747e-01
201079,1.5421422031403000e+00,1.8812442247736066e-01
201102,1.5421218799215000e+00,1.8811869906228218e-01
201125,1.5421137390860000e+00,1.8811640642295599e-01
201148,1.5420959173182001e+00,1.8811138737673302e-01
201171,1.5420886173802000e+00,1.8810933151868953e-01
201194,1.5420806127113000e+00,1.8810707717836422e-01
201217,1.5420655538928001e+00,1.8810283615901865e-01
201240,1.5420509665222999e+00,1.8809872787421694e-01
201263,1.5420393789383000e+00,1.8809546440056601e-01
201286,1.5420053555247999e+00,1.8808588206177948e-01
201309,1.5420053468771999e+00,1.8808587962624645e-01
201332,1.5419927184958999e+00,1.8808232292082852e-01
201355,1.5419927184958999e+00,1.8808232292082852e-01
201378,1.5419765474636000e+00,1.8807776840715545e-01
201401,1.5419705098358001e+00,1.8807606791853579e-01
201424,1.5419588011754000e+00,1.8807277017329621e-01
201447,1.5419521490496999e+00,1.8807089659034840e-01
201470,1.5419156467463999e+00,1.8806061550831091e-01
201493,1.5418544612414999e+00,1.8804338171576249e-01
201516,1.5418248873220000e+00,1.8803505154352623e-01
201539,1.5418058446220000e+00,1.8802968764606279e-01
201562,1.5417688987652001e+00,1.8801928064569895e-01
201585,1.5416917370758001e+00,1.8799754474575703e-01
201608,1.5416521713432001e+00,1.8798639893792504e-01
201631,1.5416253574695999e+00,1.8797884521158387e-01
201654,1.5416245844417000e+00,1.8797862744023375e-01
201677,1.5416101783731999e+00,1.8797456905575327e-01
201700,1.5415886102378999e+00,1.8796849294922360e-01
201723,1.5415456950386000e+00,1.8795640276280837e-01
201746,1.5415334973585999e+00,1.8795296633786729e-01
201769,1.5414950028636001e+00,1.8794212119208822e-01
201792,1.5414886913353001e+00,1.8794034300434223e-01
201815,1.5414856983187999e+00,1.8793949975987373e-01
201838,1.5414789204771999e+00,1.8793759018284639e-01
201861,1.5414754583845001e+00,1.8793661477577214e-01
201884,1.5414754583845001e+00,1.8793661477577214e-01
201907,1.5414628865468001e+00,1.8793307277841140e-01
201930,1.5414603269246001e+00,1.8793235162532373e-01
201953,1.5414565109108000e+00,1.8793127649172567e-01
201976,1.5414538930155000e+00,1.8793053891759337e-01
201999,1.5414534572412000e+00,1.8793041614103714e-01
202022,1.5414527273555001e+00,1.8793021050044162e-01
202045,1.5414503666148001e+00,1.8792954537628559e-01
202068,1.5414492765264001e+00,1.8792923825024732e-01
202091,1.5414491190146999e+00,1.8792919387222806e-01
202114,1.5414487643135000e+00,1.8792909393718010e-01
202137,1.5414483495041000e+00,1.8792897706695916e-01
202160,1.5414463982200000e+00,1.8792842730319059e-01
202183,1.5414443437595000e+00,1.8792784846927588e-01
202206,1.5414425226446000e+00,1.8792733537866552e-01
202229,1.5414417182983000e+00,1.8792710875766239e-01
202252,1.5414409215703000e+00,1.8792688428296489e-01
202275,1.5414407371737999e+00,1.8792683233002519e-01
202298,1.5414373335181999e+00,1.8792587336323410e-01
202321,1.5414372560495999e+00,1.8792585153673125e-01
202344,1.5414342927764000e+00,1.8792501664421063e-01
202367,1.5414328338101000e+00,1.8792460558464344e-01
202390,1.5414303621258001e+00,1.8792390919379881e-01
202413,1.5414290119433001e+00,1.8792352878279839e-01
202436,1.5414232977532001e+00,1.8792191881840198e-01
202459,1.5414180864142000e+00,1.8792045052633694e-01
202482,1.5414135047519999e+00,1.8791915964128364e-01
202505,1.5414097927154000e+00,1.8791811377075757e-01
202528,1.5414097927154000e+00,1.8791811377075757e-01
202551,1.5414048429233000e+00,1.8791671915729574e-01
202574,1.5414030164062000e+00,1.8791620453145214e-01
202597,1.5414030164062000e+00,1.8791620453145214e-01
202620,1.5414030058868000e+00,1.8791620156758265e-01
202643,1.5414030058868000e+00,1.8791620156758265e-01
202666,1.5414012402092001e+00,1.8791570408284003e-01
202689,1.5414003078831999e+00,1.8791544139707780e-01
202712,1.5413893932067000e+00,1.8791236614106924e-01
202735,1.5413859469219999e+00,1.8791139513133731e-01
202757,1.5413817432218000e+00,1.8791021071266947e-01
202779,1.5413752203040001e+00,1.8790837283362813e-01
202801,1.5413720457475999e+00,1.8790747837669858e-01
202823,1.5413683664032001e+00,1.8790644168936443e-01
202845,1.5413624529040999e+00,1.8790477550429768e-01
202867,1.5413612601218001e+00,1.8790443942567428e-01
202889,1.5413580822109001e+00,1.8790354401547660e-01
202911,1.5413509296151000e+00,1.8790152868877832e-01
202933,1.5413462215372000e+00,1.8790020212820358e-01
202955,1.5413425930935001e+00,1.8789917976547316e-01
202977,1.5413415881150001e+00,1.8789889659886164e-01
202999,1.5413407267740999e+00,1.8789865390398636e-01
203021,1.5413399186832999e+00,1.8789842621295008e-01
203043,1.5413387838465000e+00,1.8789810645639574e-01
203065,1.5413379592780001e+00,1.8789787412223985e-01
203087,1.5413346216077000e+00,1.8789693368386651e-01
203109,1.5413333693638001e+00,1.8789658084495078e-01
203131,1.5413299534520000e+00,1.8789561835797761e-01
203153,1.5413267974778000e+00,1.8789472911062327e-01
203175,1.5413238033979000e+00,1.8789388547795299e-01
203197,1.5413231575922000e+00,1.8789370351105542e-01
203219,1.5413175392977001e+00,1.8789212045643511e-01
203241,1.5413154575361001e+00,1.8789153388153212e-01
203263,1.5413103703610000e+00,1.8789010047235580e-01
203285,1.5413083464352000e+00,1.8788953019111929e-01
203307,1.5413063831125999e+00,1.8788897698532084e-01
203329,1.5413047810080001e+00,1.8788852555946781e-01
203351,1.5413020567908999e+00,1.8788775795431001e-01
203373,1.5412995076750999e+00,1.8788703968637785e-01
203395,1.5412963657642000e+00,1.8788615438410505e-01
203417,1.5412951248239000e+00,1.8788580472147454e-01
203439,1.5412916085121000e+00,1.8788481392060274e-01
203461,1.5412912301663999e+00,1.8788470731295689e-01
203483,1.5412881476332001e+00,1.8788383873700482e-01
203505,1.5412879285718999e+00,1.8788377701128481e-01
203527,1.5412871762738001e+00,1.8788356503337519e-01
203549,1.5412870897054001e+00,1.8788354064065976e-01
203571,1.5412863346289001e+00,1.8788332787975370e-01
203593,1.5412860897189999e+00,1.8788325887049551e-01
203615,1.5412860897189999e+00,1.8788325887049551e-01
203637,1.5412857601617000e+00,1.8788316600977803e-01
203659,1.5412850807915000e+00,1.8788297458077652e-01
203681,1.5412840811724999e+00,1.8788269291376897e-01
203703,1.5412839961197999e+00,1.8788266894809014e-01
203725,1.5412839961197999e+00,1.8788266894809014e-01
203747,1.5412837146083000e+00,1.8788258962532906e-01
203769,1.5412834950456999e+00,1.8788252775817796e-01
203791,1.5412830865936999e+00,1.8788241266677927e-01
203813,1.5412829852803001e+00,1.8788238411923189e-01
203835,1.5412827911988001e+00,1.8788232943198069e-01
203857,1.5412825592446000e+00,1.8788226407315275e-01
203879,1.5412825353620001e+00,1.8788225734363950e-01
203901,1.5412821586251999e+00,1.8788215118871351e-01
203923,1.5412817623948001e+00,1.8788203954095495e-01
203945,1.5412814293285000e+00,1.8788194569122846e-01
203967,1.5412809615676999e+00,1.8788181388793718e-01
203989,1.5412807960585999e+00,1.8788176725160385e-01
204011,1.5412806702038000e+00,1.8788173178885917e-01
204033,1.5412802003568999e+00,1.8788159939769181e-01
204055,1.5412797891581000e+00,1.8788148353206691e-01
204077,1.5412794875650999e+00,1.8788139855061872e-01
204099,1.5412790158130001e+00,1.8788126562251140e-01
204121,1.5412786457390000e+00,1.8788116134475649e-01
204143,1.5412783626122999e+00,1.8788108156659622e-01
204165,1.5412782795080000e+00,1.8788105814983991e-01
204187,1.5412780470605001e+00,1.8788099265182082e-01
204209,1.5412776777523001e+00,1.8788088858978419e-01
204231,1.5412776777523001e+00,1.8788088858978419e-01
204253,1.5412776011466001e+00,1.8788086700416459e-01
204275,1.5412776011466001e+00,1.8788086700416459e-01
204297,1.5412775210494001e+00,1.8788084443472425e-01
204319,1.5412775002840999e+00,1.8788083858356819e-01
204341,1.5412773687251000e+00,1.8788080151344283e-01
204363,1.5412772511970001e+00,1.8788076839688103e-01
204385,1.5412772014239000e+00,1.8788075437203053e-01
204407,1.5412771790566999e+00,1.8788074806949673e-01
204429,1.5412768595869000e+00,1.8788065805065551e-01
204451,1.5412766309827000e+00,1.8788059363552506e-01
204473,1.5412763721547000e+00,1.8788052070404782e-01
204495,1.5412758528154000e+00,1.8788037436674301e-01
204517,1.5412754452797000e+00,1.8788025953296503e-01
204539,1.5412749890938000e+00,1.8788013099069245e-01
204561,1.5412743419051000e+00,1.8787994862833524e-01
204583,1.5412734712680001e+00,1.8787970330342144e-01
204605,1.5412726867902999e+00,1.8787948225606715e-01
204627,1.5412719903564001e+00,1.8787928601728951e-01
204649,1.5412708544731999e+00,1.8787896595179115e-01
204671,1.5412698312537001e+00,1.8787867763210436e-01
204693,1.5412671898742001e+00,1.8787793335131642e-01
204715,1.5412648777633999e+00,1.8787728184992727e-01
204737,1.5412630339582001e+00,1.8787676230593811e-01
204759,1.5412625466865000e+00,1.8787662500332375e-01
204781,1.5412625466865000e+00,1.8787662500332375e-01
204803,1.5412625466865000e+00,1.8787662500332375e-01
204825,1.5412624744573000e+00,1.8787660465069544e-01
204847,1.5412623631778000e+00,1.8787657329453428e-01
204869,1.5412623628621001e+00,1.8787657320557685e-01
204891,1.5412623103266001e+00,1.8787655840220613e-01
204913,1.5412622427400000e+00,1.8787653935775930e-01
204935,1.5412622427400000e+00,1.8787653935775930e-01
204957,1.5412621024269999e+00,1.8787649982057816e-01
204979,1.5412621024269999e+00,1.8787649982057816e-01
205001,1.5412620854848000e+00,1.8787649504663095e-01
205023,1.5412620570035001e+00,1.8787648702121357e-01
205045,1.5412619773389000e+00,1.8787646457344295e-01
205067,1.5412618163298999e+00,1.8787641920456669e-01
205089,1.5412617459268001e+00,1.8787639936648459e-01
205111,1.5412616229144001e+00,1.8787636470422894e-01
205133,1.5412614539149001e+00,1.8787631708379046e-01
205155,1.5412614157307001e+00,1.8787630632430022e-01
205177,1.5412613507640001e+00,1.8787628801807413e-01
205199,1.5412612700402000e+00,1.8787626527183332e-01
205221,1.5412610950423000e+00,1.8787621596116283e-01
205243,1.5412608166930000e+00,1.8787613752826371e-01
205265,1.5412606468547001e+00,1.8787608967144434e-01
205287,1.5412603274787999e+00,1.8787599967809654e-01
205309,1.5412599400311999e+00,1.8787589050356393e-01
205331,1.5412595108667000e+00,1.8787576957405994e-01
205353,1.5412591485695999e+00,1.8787566748635259e-01
205375,1.5412580993106999e+00,1.8787537182711456e-01
205397,1.5412570243323001e+00,1.8787506892045006e-01
205419,1.5412561721413001e+00,1.8787482879051370e-01
205441,1.5412543670653001e+00,1.8787432015669964e-01
205463,1.5412530450730999e+00,1.8787394764572665e-01
205485,1.5412509347032000e+00,1.8787335298501684e-01
205507,1.5412469403258999e+00,1.8787222744586621e-01
205529,1.5412419943340001e+00,1.8787083375587402e-01
205551,1.5412360559158000e+00,1.8786916041240589e-01
205573,1.5412320658012999e+00,1.8786803606357816e-01
205595,1.5412285600136999e+00,1.8786704818772557e-01
205617,1.5412172095051000e+00,1.8786384977735904e-01
205639,1.5412081084696001e+00,1.8786128521920142e-01
205661,1.5411959102885000e+00,1.8785784790033680e-01
205683,1.5411827015502000e+00,1.8785412578642477e-01
205705,1.5411814134459001e+00,1.8785376280751073e-01
205727,1.5411754054089000e+00,1.8785206978008426e-01
205749,1.5411754054089000e+00,1.8785206978008426e-01
205771,1.5411686198060000e+00,1.8785015763149102e-01
205793,1.5411638221030000e+00,1.8784880565795928e-01
205815,1.5411625937371001e+00,1.8784845950868104e-01
205837,1.5411602549804999e+00,1.8784780045436661e-01
205859,1.5411593279000000e+00,1.8784753920569686e-01
205881,1.5411577766721001e+00,1.8784710207369892e-01
205903,1.5411575023357000e+00,1.8784702476636728e-01
205925,1.5411573760445001e+00,1.8784698917780907e-01
205947,1.5411563914836000e+00,1.8784671173080122e-01
205969,1.5411561828732001e+00,1.8784665294484532e-01
205991,1.5411560626889000e+00,1.8784661907716796e-01
206013,1.5411558930630000e+00,1.8784657127694954e-01
206035,1.5411557816959001e+00,1.8784653989393441e-01
206057,1.5411557142145000e+00,1.8784652087781634e-01
206079,1.5411554976502000e+00,1.8784645985044174e-01
206101,1.5411554976502000e+00,1.8784645985044174e-01
206123,1.5411551017966001e+00,1.8784634829968880e-01
206145,1.5411551017966001e+00,1.8784634829968880e-01
206167,1.5411551017966001e+00,1.8784634829968880e-01
206189,1.5411549726547999e+00,1.8784631190778153e-01
206211,1.5411543464835999e+00,1.8784613545391612e-01
206233,1.5411541505387001e+00,1.8784608023699748e-01
206255,1.5411539608317999e+00,1.8784602677792916e-01
206277,1.5411534743460000e+00,1.8784588968706276e-01
206299,1.5411532919238999e+00,1.8784583828081577e-01
206321,1.5411532919238999e+00,1.8784583828081577e-01
206343,1.5411532919238999e+00,1.8784583828081577e-01
206365,1.5411532919238999e+00,1.8784583828081577e-01
206387,1.5411532919238999e+00,1.8784583828081577e-01
206409,1.5411526478207001e+00,1.8784565677354756e-01
206431,1.5411525280075999e+00,1.8784562301039609e-01
206453,1.5411520220874000e+00,1.8784548044281554e-01
206475,1.5411520220874000e+00,1.8784548044281554e-01
206497,1.5411519687918001e+00,1.8784546542418984e-01
206519,1.5411518933262001e+00,1.8784544415808818e-01
206541,1.5411516295815000e+00,1.8784536983518843e-01
206563,1.5411515221056999e+00,1.8784533954864968e-01
206585,1.5411515221056999e+00,1.8784533954864968e-01
206607,1.5411515137192999e+00,1.8784533718537313e-01
206629,1.5411513784113000e+00,1.8784529905575395e-01
206651,1.5411513358644000e+00,1.8784528706609194e-01
206673,1.5411512434990999e+00,1.8784526103766733e-01
206695,1.5411511678104000e+00,1.8784523970868636e-01
206717,1.5411511662783000e+00,1.8784523927694249e-01
206739,1.5411510690043999e+00,1.8784521186527758e-01
206761,1.5411510690043999e+00,1.8784521186527758e-01
206783,1.5411510548428999e+00,1.8784520787458422e-01
206805,1.5411509541941000e+00,1.8784517951187460e-01
206827,1.5411507820896999e+00,1.8784513101305933e-01
206849,1.5411506911945001e+00,1.8784510539889793e-01
206871,1.5411506199303999e+00,1.8784508531675648e-01
206893,1.5411503833944000e+00,1.8784501866117714e-01
206915,1.5411501413098001e+00,1.8784495044199795e-01
206937,1.5411499107347999e+00,1.8784488546620159e-01
206959,1.5411493048938001e+00,1.8784471474078870e-01
206981,1.5411488444106001e+00,1.8784458497701953e-01
207003,1.5411483280250999e+00,1.8784443945998422e-01
207025,1.5411482002693999e+00,1.8784440345851905e-01
207047,1.5411473079772000e+00,1.8784415201113017e-01
207069,1.5411460351962001e+00,1.8784379334198131e-01
207091,1.5411451343692999e+00,1.8784353948916185e-01
207113,1.5411446504021999e+00,1.8784340310727982e-01
207135,1.5411444751389001e+00,1.8784335371808825e-01
207157,1.5411444111528001e+00,1.8784333568680620e-01
207179,1.5411439294856999e+00,1.8784319995300028e-01
207201,1.5411437967429000e+00,1.8784316254606709e-01
207223,1.5411426483327999e+00,1.8784283892386108e-01
207245,1.5411418874837000e+00,1.8784262451629305e-01
207267,1.5411405246787000e+00,1.8784224047705703e-01
207289,1.5411384145302001e+00,1.8784164583532109e-01
207311,1.5411379592498000e+00,1.8784151753679010e-01
207332,1.5411377006992999e+00,1.8784144467695021e-01
207353,1.5411375468732000e+00,1.8784140132856569e-01
207374,1.5411372407463000e+00,1.8784131506161506e-01
207395,1.5411369304983000e+00,1.8784122763331576e-01
207416,1.5411362331208001e+00,1.8784103111134384e-01
207437,1.5411357425421000e+00,1.8784089286551475e-01
207458,1.5411349703782000e+00,1.8784067526845588e-01
207479,1.5411339272155999e+00,1.8784038130334382e-01
207500,1.5411312489994999e+00,1.8783962657627976e-01
207521,1.5411268967673999e+00,1.8783840010510464e-01
207542,1.5411219113198000e+00,1.8783699518777497e-01
207563,1.5411181434197001e+00,1.8783593337675913e-01
207584,1.5411149094514001e+00,1.8783502202803029e-01
207605,1.5411137429049000e+00,1.8783469328881916e-01
207626,1.5411137429049000e+00,1.8783469328881916e-01
207647,1.5411137429049000e+00,1.8783469328881916e-01
207668,1.5411130339376999e+00,1.8783449349784651e-01
207689,1.5411126771190000e+00,1.8783439294428103e-01
207710,1.5411126771190000e+00,1.8783439294428103e-01
207731,1.5411117096845000e+00,1.8783412031554786e-01
207752,1.5411116257116000e+00,1.8783409665148260e-01
207773,1.5411115451276001e+00,1.8783407394242840e-01
207794,1.5411111804460000e+00,1.8783397117295283e-01
207815,1.5411111442279000e+00,1.8783396096647237e-01
207836,1.5411111442279000e+00,1.8783396096647237e-01
207857,1.5411103063948000e+00,1.8783372485995117e-01
207878,1.5411099246958000e+00,1.8783361729478257e-01
207899,1.5411092193472999e+00,1.8783341852308785e-01
207920,1.5411090110098999e+00,1.8783335981226568e-01
207941,1.5411087864202999e+00,1.8783329652145991e-01
207962,1.5411085422694000e+00,1.8783322771814251e-01
207983,1.5411081155546000e+00,1.8783310746710014e-01
208004,1.5411077841483001e+00,1.8783301407459810e-01
208025,1.5411072911615999e+00,1.8783287514762623e-01
208046,1.5411068129512000e+00,1.8783274038467279e-01
208067,1.5411065299630000e+00,1.8783266063664758e-01
208088,1.5411064624574999e+00,1.8783264161313024e-01
208109,1.5411064600619000e+00,1.8783264093803356e-01
208130,1.5411064600619000e+00,1.8783264093803356e-01
208151,1.5411064345732000e+00,1.8783263375514117e-01
208172,1.5411064345732000e+00,1.8783263375514117e-01
208193,1.5411064334967000e+00,1.8783263345177600e-01
208214,1.5411064002598001e+00,1.8783262408538698e-01
208235,1.5411064002598001e+00,1.8783262408538698e-01
208256,1.5411063877913000e+00,1.8783262057167710e-01
208277,1.5411063623043999e+00,1.8783261338929161e-01
208298,1.5411063568415000e+00,1.8783261184980843e-01
208319,1.5411063483866001e+00,1.8783260946715888e-01
208340,1.5411063234667000e+00,1.8783260244455774e-01
208361,1.5411063122463000e+00,1.8783259928257098e-01
208382,1.5411063082894001e+00,1.8783259816748904e-01
208403,1.5411063027395000e+00,1.8783259660348858e-01
208424,1.5411062931344000e+00,1.8783259389670451e-01
208445,1.5411062781191001e+00,1.8783258966528846e-01
208466,1.5411062463997001e+00,1.8783258072654055e-01
208487,1.5411061922108000e+00,1.8783256545573054e-01
208508,1.5411061785983000e+00,1.8783256161963302e-01
208529,1.5411061732992000e+00,1.8783256012630961e-01
208550,1.5411061631686001e+00,1.8783255727143580e-01
208571,1.5411061594060000e+00,1.8783255621110884e-01
208592,1.5411061563410000e+00,1.8783255534737042e-01
208613,1.5411061545549001e+00,1.8783255484403497e-01
208634,1.5411061468703999e+00,1.8783255267848914e-01
208655,1.5411061442720000e+00,1.8783255194624188e-01
208676,1.5411061415583001e+00,1.8783255118150227e-01
208697,1.5411061306111999e+00,1.8783254809653294e-01
208718,1.5411061306111999e+00,1.8783254809653294e-01
208739,1.5411061256495000e+00,1.8783254669829119e-01
208760,1.5411061217201001e+00,1.8783254559095883e-01
208781,1.5411061160610000e+00,1.8783254399618485e-01
208802,1.5411061107349999e+00,1.8783254249528078e-01
208823,1.5411061093628000e+00,1.8783254210858524e-01
208844,1.5411061035658999e+00,1.8783254047497824e-01
208865,1.5411060952894000e+00,1.8783253814260265e-01
208886,1.5411060903242000e+00,1.8783253674337452e-01
208907,1.5411060801101000e+00,1.8783253386496965e-01
208928,1.5411060631430000e+00,1.8783252908352208e-01
208949,1.5411060631430000e+00,1.8783252908352208e-01
208970,1.5411060613648999e+00,1.8783252858244101e-01
208991,1.5411060547015001e+00,1.8783252670464828e-01
209012,1.5411060358973001e+00,1.8783252140549297e-01
209033,1.5411060286121001e+00,1.8783251935247255e-01
209054,1.5411060122247999e+00,1.8783251473441645e-01
209075,1.5411059754178000e+00,1.8783250436194562e-01
209096,1.5411059409275001e+00,1.8783249464233689e-01
209117,1.5411058839572001e+00,1.8783247858770577e-01
209138,1.5411058007394001e+00,1.8783245513634356e-01
209159,1.5411057243057000e+00,1.8783243359678736e-01
209180,1.5411056390124001e+00,1.8783240956053213e-01
209201,1.5411054129588000e+00,1.8783234585702221e-01
209222,1.5411051562369000e+00,1.8783227351095630e-01
209243,1.5411048617220999e+00,1.8783219051456618e-01
209264,1.5411042728871001e+00,1.8783202457657819e-01
209285,1.5411039691716999e+00,1.8783193898734346e-01
209306,1.5411038803343000e+00,1.8783191395230725e-01
209327,1.5411038020937000e+00,1.8783189190352642e-01
209348,1.5411038020937000e+00,1.8783189190352642e-01
209369,1.5411036364768000e+00,1.8783184523145310e-01
209390,1.5411036364768000e+00,1.8783184523145310e-01
209411,1.5411035587205999e+00,1.8783182331917628e-01
209432,1.5411035569725000e+00,1.8783182282654867e-01
209453,1.5411035126084001e+00,1.8783181032441409e-01
209474,1.5411034337061000e+00,1.8783178808915596e-01
209495,1.5411034116277000e+00,1.8783178186729757e-01
209516,1.5411033647762000e+00,1.8783176866419382e-01
209537,1.5411032515587999e+00,1.8783173675868048e-01
209558,1.5411031513888001e+00,1.8783170853002057e-01
209579,1.5411030340356999e+00,1.8783167545903132e-01
209600,1.5411028697614000e+00,1.8783162916528962e-01
209621,1.5411026398087000e+00,1.8783156436286913e-01
209642,1.5411023448057000e+00,1.8783148122876503e-01
209663,1.5411018515199000e+00,1.8783134221701414e-01
209684,1.5411017234305000e+00,1.8783130612042401e-01
209705,1.5411011351142001e+00,1.8783114032827183e-01
209726,1.5410985519983000e+00,1.8783041238518222e-01
209747,1.5410985519983000e+00,1.8783041238518222e-01
209768,1.5410971202631001e+00,1.8783000891002166e-01
209789,1.5410963699200000e+00,1.8782979745680242e-01
209810,1.5410958953431000e+00,1.8782966371684645e-01
209831,1.5410950086508000e+00,1.8782941383902574e-01
209852,1.5410946652304001e+00,1.8782931706004688e-01
209873,1.5410946602700000e+00,1.8782931566216107e-01
209894,1.5410946602700000e+00,1.8782931566216107e-01
209915,1.5410946237906000e+00,1.8782930538193449e-01
209936,1.5410945409093999e+00,1.8782928202525781e-01
209957,1.5410944399900000e+00,1.8782925358525054e-01
209978,1.5410942304154001e+00,1.8782919452521107e-01
209999,1.5410941706914001e+00,1.8782917769444005e-01
210020,1.5410940743807999e+00,1.8782915055322810e-01
210041,1.5410940102282000e+00,1.8782913247443514e-01
210062,1.5410939463274000e+00,1.8782911446660094e-01
210083,1.5410939247463000e+00,1.8782910838484795e-01
210104,1.5410939247463000e+00,1.8782910838484795e-01
210125,1.5410939024642001e+00,1.8782910210554662e-01
210146,1.5410938767944999e+00,1.8782909487158822e-01
210167,1.5410938679740001e+00,1.8782909238588991e-01
210188,1.5410938536247001e+00,1.8782908834212467e-01
210209,1.5410938536247001e+00,1.8782908834212467e-01
210230,1.5410938519799999e+00,1.8782908787863295e-01
210251,1.5410938477575999e+00,1.8782908668872164e-01
210272,1.5410938297634000e+00,1.8782908161778986e-01
210293,1.5410938146760000e+00,1.8782907736602111e-01
210314,1.5410938089838999e+00,1.8782907576193467e-01
210335,1.5410937924503001e+00,1.8782907110261338e-01
210356,1.5410937760115000e+00,1.8782906647000747e-01
210377,1.5410937694658999e+00,1.8782906462539681e-01
210398,1.5410937499838999e+00,1.8782905913518894e-01
210419,1.5410937316179001e+00,1.8782905395948016e-01
210440,1.5410937149263999e+00,1.8782904925566085e-01
210461,1.5410936978406999e+00,1.8782904444075232e-01
210482,1.5410936910630000e+00,1.8782904253073368e-01
210503,1.5410936816692000e+00,1.8782903988347380e-01
210524,1.5410936458530000e+00,1.8782902979013660e-01
210545,1.5410936342104000e+00,1.8782902650914393e-01
210566,1.5410935766467000e+00,1.8782901028715898e-01
210587,1.5410934616487999e+00,1.8782897787968156e-01
210608,1.5410932824473000e+00,1.8782892737902795e-01
210629,1.5410930217040999e+00,1.8782885389915241e-01
210650,1.5410926336844999e+00,1.8782874455157247e-01
210671,1.5410920847537000e+00,1.8782858985765299e-01
210692,1.5410910253715000e+00,1.8782829131351902e-01
210713,1.5410889938711001e+00,1.8782771881651483e-01
210734,1.5410880478544000e+00,1.8782745221934857e-01
210755,1.5410874078915999e+00,1.8782727187120377e-01
210776,1.5410863177742999e+00,1.8782696466468646e-01
210797,1.5410859068066001e+00,1.8782684884961107e-01
210818,1.5410859068066001e+00,1.8782684884961107e-01
210839,1.5410849997331000e+00,1.8782659322652739e-01
210860,1.5410848119192999e+00,1.8782654029855653e-01
210881,1.5410846246208001e+00,1.8782648751579645e-01
210902,1.5410841855896000e+00,1.8782636379199069e-01
210923,1.5410837667387001e+00,1.8782624575518192e-01
210944,1.5410831978759001e+00,1.8782608544331186e-01
210965,1.5410828307538000e+00,1.8782598198418554e-01
210986,1.5410827449947999e+00,1.8782595781633368e-01
211007,1.5410824923599999e+00,1.8782588662099461e-01
211028,1.5410824448381000e+00,1.8782587322878533e-01
211049,1.5410822914566999e+00,1.8782583000416800e-01
211070,1.5410822914566999e+00,1.8782583000416800e-01
211091,1.5410822650672000e+00,1.8782582256730732e-01
211112,1.5410822524359000e+00,1.8782581900766351e-01
211133,1.5410822455999000e+00,1.8782581708120108e-01
211154,1.5410821991568999e+00,1.8782580399303592e-01
211175,1.5410821991568999e+00,1.8782580399303592e-01
211196,1.5410821991568999e+00,1.8782580399303592e-01
211217,1.5410821991568999e+00,1.8782580399303592e-01
211238,1.5410821862818000e+00,1.8782580036468641e-01
211259,1.5410821477307000e+00,1.8782578950054793e-01
211280,1.5410821313587999e+00,1.8782578488676022e-01
211301,1.5410821115897000e+00,1.8782577931560285e-01
211322,1.5410821046711001e+00,1.8782577736586265e-01
211343,1.5410820918343999e+00,1.8782577374833437e-01
211364,1.5410820621511001e+00,1.8782576538324239e-01
211385,1.5410820285041000e+00,1.8782575590113434e-01
211406,1.5410820126588001e+00,1.8782575143574817e-01
211427,1.5410819740705000e+00,1.8782574056112511e-01
211448,1.5410819718160000e+00,1.8782573992578130e-01
211469,1.5410819570520000e+00,1.8782573576511763e-01
211490,1.5410819570520000e+00,1.8782573576511763e-01
211511,1.5410819390851000e+00,1.8782573070184017e-01
211532,1.5410819219653000e+00,1.8782572587728508e-01
211553,1.5410819100077000e+00,1.8782572250749685e-01
211574,1.5410819029108000e+00,1.8782572050750937e-01
211595,1.5410819029108000e+00,1.8782572050750937e-01
211616,1.5410818963383000e+00,1.8782571865530379e-01
211637,1.5410818944597000e+00,1.8782571812589285e-01
211658,1.5410818897861001e+00,1.8782571680881899e-01
211679,1.5410818857819000e+00,1.8782571568038967e-01
211700,1.5410818799835000e+00,1.8782571404633430e-01
211721,1.5410818799829999e+00,1.8782571404619339e-01
211742,1.5410818720493000e+00,1.8782571181038610e-01
211763,1.5410818637918999e+00,1.8782570948335639e-01
211784,1.5410818507944000e+00,1.8782570582051233e-01
211805,1.5410818493123000e+00,1.8782570540283960e-01
211826,1.5410818466909999e+00,1.8782570466412729e-01
211847,1.5410818454980999e+00,1.8782570432795442e-01
211868,1.5410818447814001e+00,1.8782570412598024e-01
211889,1.5410818423666000e+00,1.8782570344546196e-01
211910,1.5410818364703001e+00,1.8782570178381722e-01
211931,1.5410818323500000e+00,1.8782570062266954e-01
211952,1.5410818258911001e+00,1.8782569880247771e-01
211973,1.5410818168772000e+00,1.8782569626225756e-01
211994,1.5410818029883999e+00,1.8782569234823485e-01
212015,1.5410817998084001e+00,1.8782569145207451e-01
212036,1.5410817884111001e+00,1.8782568824018497e-01
212057,1.5410817822224001e+00,1.8782568649613848e-01
212078,1.5410817785846000e+00,1.8782568547096479e-01
212099,1.5410817755041999e+00,1.8782568460287277e-01
212120,1.5410817676196000e+00,1.8782568238090230e-01
212140,1.5410817621745001e+00,1.8782568084641080e-01
212160,1.5410817587360000e+00,1.8782567987740209e-01
212180,1.5410817540535999e+00,1.8782567855784818e-01
212200,1.5410817511979999e+00,1.8782567775310741e-01
212220,1.5410817422969001e+00,1.8782567524467553e-01
212240,1.5410817328071000e+00,1.8782567257034122e-01
212260,1.5410817211315000e+00,1.8782566928002339e-01
212280,1.5410817050092001e+00,1.8782566473657455e-01
212300,1.5410817016269001e+00,1.8782566378340368e-01
212320,1.5410816917110000e+00,1.8782566098898940e-01
212340,1.5410816849246001e+00,1.8782565907650411e-01
212360,1.5410816781596000e+00,1.8782565717004954e-01
212380,1.5410816750641001e+00,1.8782565629770220e-01
212400,1.5410816750641001e+00,1.8782565629770220e-01
212420,1.5410816750641001e+00,1.8782565629770220e-01
212440,1.5410816713569000e+00,1.8782565525297071e-01
212460,1.5410816694398000e+00,1.8782565471270996e-01
212480,1.5410816677448000e+00,1.8782565423503955e-01
212500,1.5410816677448000e+00,1.8782565423503955e-01
212520,1.5410816677448000e+00,1.8782565423503955e-01
212540,1.5410816657491999e+00,1.8782565367265655e-01
212560,1.5410816649582999e+00,1.8782565344977187e-01
212580,1.5410816641386000e+00,1.8782565321877104e-01
212600,1.5410816641058001e+00,1.8782565320952763e-01
212620,1.5410816640717999e+00,1.8782565319994599e-01
212640,1.5410816630902000e+00,1.8782565292331987e-01
212660,1.5410816627777000e+00,1.8782565283525379e-01
212680,1.5410816621693999e+00,1.8782565266382786e-01
212700,1.5410816614178000e+00,1.8782565245201840e-01
212720,1.5410816606251001e+00,1.8782565222862646e-01
212740,1.5410816596954000e+00,1.8782565196662632e-01
212760,1.5410816587192999e+00,1.8782565169155013e-01
212780,1.5410816568289001e+00,1.8782565115881378e-01
212800,1.5410816558149001e+00,1.8782565087305694e-01
212820,1.5410816545631001e+00,1.8782565052028535e-01
212840,1.5410816531313001e+00,1.8782565011678770e-01
212860,1.5410816512273000e+00,1.8782564958021863e-01
212880,1.5410816467979001e+00,1.8782564833196294e-01
212900,1.5410816423789999e+00,1.8782564708666619e-01
212920,1.5410816396110001e+00,1.8782564630661211e-01
212940,1.5410816302503001e+00,1.8782564366865948e-01
212960,1.5410816237302001e+00,1.8782564183122050e-01
212980,1.5410816075027001e+00,1.8782563725812479e-01
213000,1.5410815942273000e+00,1.8782563351696469e-01
213020,1.5410815849731001e+00,1.8782563090902493e-01
213040,1.5410815743605999e+00,1.8782562791830051e-01
213060,1.5410815576371000e+00,1.8782562320542620e-01
213080,1.5410815543153999e+00,1.8782562226933300e-01
213100,1.5410815455303000e+00,1.8782561979359091e-01
213120,1.5410815448660999e+00,1.8782561960641173e-01
213140,1.5410815448660999e+00,1.8782561960641173e-01
213160,1.5410815437843000e+00,1.8782561930154806e-01
213180,1.5410815435084999e+00,1.8782561922382443e-01
213200,1.5410815431925999e+00,1.8782561913480020e-01
213220,1.5410815429458999e+00,1.8782561906527728e-01
213240,1.5410815424205999e+00,1.8782561891724173e-01
213260,1.5410815417732000e+00,1.8782561873479697e-01
213280,1.5410815411714001e+00,1.8782561856520286e-01
213300,1.5410815408130001e+00,1.8782561846420162e-01
213320,1.5410815404217000e+00,1.8782561835392875e-01
213340,1.5410815395347000e+00,1.8782561810396195e-01
213360,1.5410815385554999e+00,1.8782561782801213e-01
213380,1.5410815359300001e+00,1.8782561708811613e-01
213400,1.5410815345721001e+00,1.8782561670544429e-01
213420,1.5410815296697999e+00,1.8782561532391978e-01
213440,1.5410815249994001e+00,1.8782561400774744e-01
213460,1.5410815192009000e+00,1.8782561237366349e-01
213480,1.5410815084709999e+00,1.8782560934985432e-01
213500,1.5410815008172001e+00,1.8782560719292557e-01
213520,1.5410814874751000e+00,1.8782560343296836e-01
213540,1.5410814832534001e+00,1.8782560224324479e-01
213560,1.5410814588788999e+00,1.8782559537423033e-01
213580,1.5410814240826001e+00,1.8782558556823267e-01
213600,1.5410814240826001e+00,1.8782558556823267e-01
213620,1.5410814020848000e+00,1.8782557936899941e-01
213640,1.5410813825287999e+00,1.8782557385789336e-01
213660,1.5410813713867000e+00,1.8782557071792128e-01
213680,1.5410813642875001e+00,1.8782556871728498e-01
213700,1.5410813571866999e+00,1.8782556671619768e-01
213720,1.5410813556330001e+00,1.8782556627834715e-01
213740,1.5410813390620000e+00,1.8782556160844838e-01
213760,1.5410813243774000e+00,1.8782555747015883e-01
213780,1.5410813056673001e+00,1.8782555219743696e-01
213800,1.5410813056673001e+00,1.8782555219743696e-01
213820,1.5410813046470000e+00,1.8782555190990466e-01
213840,1.5410812967476999e+00,1.8782554968379078e-01
213860,1.5410812896979000e+00,1.8782554769707588e-01
213880,1.5410812836001000e+00,1.8782554597864551e-01
213900,1.5410812836001000e+00,1.8782554597864551e-01
213920,1.5410812836001000e+00,1.8782554597864551e-01
213940,1.5410812836001000e+00,1.8782554597864551e-01
213960,1.5410812835086001e+00,1.8782554595285977e-01
213980,1.5410812811061001e+00,1.8782554527580755e-01
214000,1.5410812807922001e+00,1.8782554518734693e-01
214020,1.5410812761271000e+00,1.8782554387266789e-01
214040,1.5410812733279999e+00,1.8782554308384922e-01
214060,1.5410812715351001e+00,1.8782554257858936e-01
214080,1.5410812715351001e+00,1.8782554257858936e-01
214100,1.5410812709459001e+00,1.8782554241254598e-01
214120,1.5410812700869001e+00,1.8782554217046987e-01
214140,1.5410812685307000e+00,1.8782554173191474e-01
214160,1.5410812680759001e+00,1.8782554160374687e-01
214180,1.5410812652303001e+00,1.8782554080182395e-01
214200,1.5410812629382000e+00,1.8782554015588371e-01
214220,1.5410812613346001e+00,1.8782553970397076e-01
214240,1.5410812604897000e+00,1.8782553946586814e-01
214260,1.5410812598751000e+00,1.8782553929266679e-01
214280,1.5410812588092999e+00,1.8782553899231202e-01
214300,1.5410812588092999e+00,1.8782553899231202e-01
214320,1.5410812581054001e+00,1.8782553879394492e-01
214340,1.5410812575260000e+00,1.8782553863066329e-01
214360,1.5410812573073001e+00,1.8782553856903114e-01
214380,1.5410812572143000e+00,1.8782553854282263e-01
214400,1.5410812565242000e+00,1.8782553834834451e-01
214420,1.5410812562059999e+00,1.8782553825867204e-01
214440,1.5410812554850000e+00,1.8782553805548594e-01
214460,1.5410812553621001e+00,1.8782553802085133e-01
214480,1.5410812552583999e+00,1.8782553799162743e-01
214500,1.5410812547495001e+00,1.8782553784821357e-01
214520,1.5410812542057000e+00,1.8782553769496443e-01
214540,1.5410812538630001e+00,1.8782553759838766e-01
214560,1.5410812533363001e+00,1.8782553744995750e-01
214580,1.5410812532731999e+00,1.8782553743217514e-01
214600,1.5410812530166000e+00,1.8782553735986235e-01
214620,1.5410812523115001e+00,1.8782553716115705e-01
214640,1.5410812515679999e+00,1.8782553695163012e-01
214660,1.5410812515223000e+00,1.8782553693875137e-01
214680,1.5410812503094999e+00,1.8782553659697029e-01
214700,1.5410812487796000e+00,1.8782553616582684e-01
214720,1.5410812479798000e+00,1.8782553594043397e-01
214740,1.5410812457316001e+00,1.8782553530686530e-01
214760,1.5410812446354001e+00,1.8782553499794347e-01
214780,1.5410812413278001e+00,1.8782553406582361e-01
214800,1.5410812369355000e+00,1.8782553282802275e-01
214820,1.5410812325287999e+00,1.8782553158616380e-01
214840,1.5410812246017001e+00,1.8782552935221553e-01
214860,1.5410812160125000e+00,1.8782552693167981e-01
214880,1.5410812073266000e+00,1.8782552448389286e-01
214900,1.5410812057164001e+00,1.8782552403011993e-01
214920,1.5410812054923000e+00,1.8782552396696595e-01
214940,1.5410812051637000e+00,1.8782552387436266e-01
214960,1.5410812045318001e+00,1.8782552369628597e-01
214980,1.5410812045318001e+00,1.8782552369628597e-01
215000,1.5410812044227000e+00,1.8782552366554031e-01
215020,1.5410812040780000e+00,1.8782552356839985e-01
215040,1.5410812040780000e+00,1.8782552356839985e-01
215060,1.5410812036462000e+00,1.8782552344671366e-01
215080,1.5410812031571000e+00,1.8782552330887958e-01
215100,1.5410812025528000e+00,1.8782552313858089e-01
215120,1.5410812022119000e+00,1.8782552304251135e-01
215140,1.5410812017990001e+00,1.8782552292615137e-01
215160,1.5410812017060000e+00,1.8782552289994289e-01
215180,1.5410812015035000e+00,1.8782552284287604e-01
215200,1.5410812009342001e+00,1.8782552268244074e-01
215220,1.5410812006915999e+00,1.8782552261407320e-01
215240,1.5410812002026999e+00,1.8782552247629553e-01
215260,1.5410811998659999e+00,1.8782552238140959e-01
215280,1.5410811993363001e+00,1.8782552223213406e-01
215300,1.5410811989768001e+00,1.8782552213082282e-01
215320,1.5410811986096999e+00,1.8782552202736974e-01
215340,1.5410811984035999e+00,1.8782552196928839e-01
215360,1.5410811981848000e+00,1.8782552190762805e-01
215380,1.5410811980939001e+00,1.8782552188201140e-01
215400,1.5410811980300001e+00,1.8782552186400364e-01
215420,1.5410811980032000e+00,1.8782552185645104e-01
215440,1.5410811980032000e+00,1.8782552185645104e-01
215460,1.5410811979639001e+00,1.8782552184537590e-01
215480,1.5410811979285000e+00,1.8782552183539972e-01
215500,1.5410811979218999e+00,1.8782552183353976e-01
215520,1.5410811978547001e+00,1.8782552181460208e-01
215540,1.5410811978547001e+00,1.8782552181460208e-01
215560,1.5410811978022001e+00,1.8782552179980697e-01
215580,1.5410811977934999e+00,1.8782552179735518e-01
215600,1.5410811977733001e+00,1.8782552179166262e-01
215620,1.5410811977159999e+00,1.8782552177551476e-01
215640,1.5410811977120000e+00,1.8782552177438755e-01
215660,1.5410811976744001e+00,1.8782552176379144e-01
215680,1.5410811976590999e+00,1.8782552175947967e-01
215700,1.5410811976362000e+00,1.8782552175302622e-01
215720,1.5410811976006000e+00,1.8782552174299375e-01
215740,1.5410811975408001e+00,1.8782552172614142e-01
215760,1.5410811974059999e+00,1.8782552168815317e-01
215780,1.5410811972897001e+00,1.8782552165537852e-01
215800,1.5410811971959999e+00,1.8782552162897276e-01
215820,1.5410811971949001e+00,1.8782552162866281e-01
215840,1.5410811971949001e+00,1.8782552162866281e-01
215860,1.5410811971567000e+00,1.8782552161789759e-01
215880,1.5410811970411000e+00,1.8782552158532018e-01
215900,1.5410811969341001e+00,1.8782552155516635e-01
215920,1.5410811968433000e+00,1.8782552152957785e-01
215940,1.5410811967408000e+00,1.8782552150069218e-01
215960,1.5410811966825000e+00,1.8782552148426254e-01
215980,1.5410811966825000e+00,1.8782552148426254e-01
216000,1.5410811966789000e+00,1.8782552148324802e-01
216020,1.5410811966789000e+00,1.8782552148324802e-01
216040,1.5410811966533000e+00,1.8782552147603365e-01
216060,1.5410811966533000e+00,1.8782552147603365e-01
216080,1.5410811966122999e+00,1.8782552146447934e-01
216100,1.5410811966122999e+00,1.8782552146447934e-01
216120,1.5410811966008000e+00,1.8782552146123854e-01
216140,1.5410811965535001e+00,1.8782552144790887e-01
216160,1.5410811965219000e+00,1.8782552143900361e-01
216180,1.5410811965005000e+00,1.8782552143297285e-01
216200,1.5410811964977000e+00,1.8782552143218378e-01
216220,1.5410811964749001e+00,1.8782552142575848e-01
216240,1.5410811964749001e+00,1.8782552142575848e-01
216260,1.5410811964557001e+00,1.8782552142034770e-01
216280,1.5410811964500000e+00,1.8782552141874134e-01
216300,1.5410811964500000e+00,1.8782552141874134e-01
216320,1.5410811964427000e+00,1.8782552141668415e-01
216340,1.5410811964357001e+00,1.8782552141471148e-01
216360,1.5410811964307001e+00,1.8782552141330242e-01
216380,1.5410811964244000e+00,1.8782552141152697e-01
216400,1.5410811964185001e+00,1.8782552140986430e-01
216420,1.5410811964069999e+00,1.8782552140662345e-01
216440,1.5410811963994000e+00,1.8782552140448169e-01
216460,1.5410811963927000e+00,1.8782552140259356e-01
216480,1.5410811963883000e+00,1.8782552140135358e-01
216500,1.5410811963861000e+00,1.8782552140073361e-01
216520,1.5410811963849000e+00,1.8782552140039543e-01
216540,1.5410811963786000e+00,1.8782552139862002e-01
216560,1.5410811963708999e+00,1.8782552139645003e-01
216580,1.5410811963665001e+00,1.8782552139521011e-01
216600,1.5410811963615001e+00,1.8782552139380107e-01
216620,1.5410811963529001e+00,1.8782552139137748e-01
216640,1.5410811963311000e+00,1.8782552138523395e-01
216660,1.5410811963110000e+00,1.8782552137956957e-01
216680,1.5410811962685000e+00,1.8782552136759256e-01
216700,1.5410811962224999e+00,1.8782552135462921e-01
216720,1.5410811961702000e+00,1.8782552133989050e-01
216740,1.5410811961413999e+00,1.8782552133177430e-01
216760,1.5410811960869999e+00,1.8782552131644373e-01
216780,1.5410811960497000e+00,1.8782552130593219e-01
216800,1.5410811959774000e+00,1.8782552128555721e-01
216820,1.5410811959190001e+00,1.8782552126909943e-01
216840,1.5410811958957000e+00,1.8782552126253321e-01
216860,1.5410811957923001e+00,1.8782552123339391e-01
216880,1.5410811956523001e+00,1.8782552119394030e-01
216900,1.5410811954960999e+00,1.8782552114992129e-01
216920,1.5410811952145000e+00,1.8782552107056319e-01
216940,1.5410811948584999e+00,1.8782552097023825e-01
216960,1.5410811944711000e+00,1.8782552086106449e-01
216980,1.5410811936160000e+00,1.8782552062008745e-01
217000,1.5410811923886001e+00,1.8782552027419194e-01
217020,1.5410811906113000e+00,1.8782551977332826e-01
217040,1.5410811880302999e+00,1.8782551904597261e-01
217060,1.5410811838839999e+00,1.8782551787749738e-01
217080,1.5410811826798001e+00,1.8782551753813995e-01
217100,1.5410811826798001e+00,1.8782551753813995e-01
217120,1.5410811825818000e+00,1.8782551751052240e-01
217140,1.5410811816731000e+00,1.8782551725444024e-01
217160,1.5410811811805001e+00,1.8782551711561990e-01
217180,1.5410811811805001e+00,1.8782551711561990e-01
217200,1.5410811806672000e+00,1.8782551697096600e-01
217220,1.5410811802857001e+00,1.8782551686345492e-01
217240,1.5410811800004001e+00,1.8782551678305406e-01
217259,1.5410811798880999e+00,1.8782551675140657e-01
217278,1.5410811797307999e+00,1.8782551670707764e-01
217297,1.5410811796695001e+00,1.8782551668980263e-01
217316,1.5410811795268999e+00,1.8782551664961625e-01
217335,1.5410811793360999e+00,1.8782551659584659e-01
217354,1.5410811793360999e+00,1.8782551659584659e-01
217373,1.5410811793013000e+00,1.8782551658603958e-01
217392,1.5410811790926999e+00,1.8782551652725368e-01
217411,1.5410811790610000e+00,1.8782551651832027e-01
217430,1.5410811786102001e+00,1.8782551639127965e-01
217449,1.5410811781555001e+00,1.8782551626313992e-01
217468,1.5410811779936000e+00,1.8782551621751462e-01
217487,1.5410811776202999e+00,1.8782551611231435e-01
217506,1.5410811773947000e+00,1.8782551604873768e-01
217525,1.5410811765337999e+00,1.8782551580612611e-01
217544,1.5410811757349001e+00,1.8782551558098690e-01
217563,1.5410811748371001e+00,1.8782551532797648e-01
217582,1.5410811737732999e+00,1.8782551502818529e-01
217601,1.5410811733817000e+00,1.8782551491782792e-01
217620,1.5410811730153000e+00,1.8782551481457216e-01
217639,1.5410811723200000e+00,1.8782551461862856e-01
217658,1.5410811721285000e+00,1.8782551456466168e-01
217677,1.5410811712832000e+00,1.8782551432644637e-01
217696,1.5410811710996000e+00,1.8782551427470576e-01
217715,1.5410811707473999e+00,1.8782551417545171e-01
217734,1.5410811704139000e+00,1.8782551408146758e-01
217753,1.5410811700364999e+00,1.8782551397511188e-01
217772,1.5410811697730999e+00,1.8782551390088273e-01
217791,1.5410811694927999e+00,1.8782551382189094e-01
217810,1.5410811692624000e+00,1.8782551375696158e-01
217829,1.5410811684748000e+00,1.8782551353500679e-01
217848,1.5410811678526000e+00,1.8782551335966363e-01
217867,1.5410811667850000e+00,1.8782551305880160e-01
217886,1.5410811661043999e+00,1.8782551286700067e-01
217905,1.5410811645431000e+00,1.8782551242700829e-01
217924,1.5410811629806001e+00,1.8782551198667774e-01
217943,1.5410811614546001e+00,1.8782551155663332e-01
217962,1.5410811593564000e+00,1.8782551096533628e-01
217981,1.5410811553890000e+00,1.8782550984727714e-01
218000,1.5410811509472999e+00,1.8782550859555469e-01
218019,1.5410811473026000e+00,1.8782550756843613e-01
218038,1.5410811472445001e+00,1.8782550755206290e-01
218057,1.5410811455955999e+00,1.8782550708738377e-01
218076,1.5410811450947000e+00,1.8782550694622438e-01
218095,1.5410811450118000e+00,1.8782550692286221e-01
218114,1.5410811448235999e+00,1.8782550686982524e-01
218133,1.5410811448235999e+00,1.8782550686982524e-01
218152,1.5410811446566000e+00,1.8782550682276272e-01
218171,1.5410811446566000e+00,1.8782550682276272e-01
218190,1.5410811446140000e+00,1.8782550681075758e-01
218209,1.5410811445864001e+00,1.8782550680297960e-01
218228,1.5410811445049000e+00,1.8782550678001192e-01
218247,1.5410811444704999e+00,1.8782550677031759e-01
218266,1.5410811443618000e+00,1.8782550673968468e-01
218285,1.5410811443195001e+00,1.8782550672776407e-01
218304,1.5410811442134000e+00,1.8782550669786385e-01
218323,1.5410811441573999e+00,1.8782550668208239e-01
218342,1.5410811440637999e+00,1.8782550665570483e-01
218361,1.5410811438933001e+00,1.8782550660765601e-01
218380,1.5410811438434000e+00,1.8782550659359357e-01
218399,1.5410811438329000e+00,1.8782550659063454e-01
218418,1.5410811438201000e+00,1.8782550658702737e-01
218437,1.5410811438201000e+00,1.8782550658702737e-01
218456,1.5410811438201000e+00,1.8782550658702737e-01
218475,1.5410811438129000e+00,1.8782550658499830e-01
218494,1.5410811438080001e+00,1.8782550658361746e-01
218513,1.5410811437976999e+00,1.8782550658071476e-01
218532,1.5410811437748000e+00,1.8782550657426131e-01
218551,1.5410811437308001e+00,1.8782550656186162e-01
218570,1.5410811436962999e+00,1.8782550655213906e-01
218589,1.5410811435983001e+00,1.8782550652452160e-01
218608,1.5410811435212000e+00,1.8782550650279389e-01
218627,1.5410811434892000e+00,1.8782550649377591e-01
218646,1.5410811431732001e+00,1.8782550640472351e-01
218665,1.5410811428866000e+00,1.8782550632395628e-01
218684,1.5410811427313000e+00,1.8782550628019096e-01
218703,1.5410811426257001e+00,1.8782550625043165e-01
218722,1.5410811425790001e+00,1.8782550623727107e-01
218741,1.5410811425511000e+00,1.8782550622940850e-01
218760,1.5410811424769999e+00,1.8782550620852623e-01
218779,1.5410811424249000e+00,1.8782550619384389e-01
218798,1.5410811423960000e+00,1.8782550618569954e-01
218817,1.5410811423849000e+00,1.8782550618257143e-01
218836,1.5410811423702000e+00,1.8782550617842877e-01
218855,1.5410811423702000e+00,1.8782550617842877e-01
218874,1.5410811423637001e+00,1.8782550617659705e-01
218893,1.5410811423604001e+00,1.8782550617566704e-01
218912,1.5410811423555999e+00,1.8782550617431432e-01
218931,1.5410811423555999e+00,1.8782550617431432e-01
218950,1.5410811423502000e+00,1.8782550617279256e-01
218969,1.5410811423363000e+00,1.8782550616887539e-01
218988,1.5410811423227999e+00,1.8782550616507090e-01
219007,1.5410811423227999e+00,1.8782550616507090e-01
219026,1.5410811423227999e+00,1.8782550616507090e-01
219045,1.5410811423160000e+00,1.8782550616315460e-01
219064,1.5410811423008000e+00,1.8782550615887106e-01
219083,1.5410811423008000e+00,1.8782550615887106e-01
219102,1.5410811422996000e+00,1.8782550615853291e-01
219121,1.5410811422955000e+00,1.8782550615737745e-01
219140,1.5410811422913000e+00,1.8782550615619387e-01
219159,1.5410811422868000e+00,1.8782550615492571e-01
219178,1.5410811422835000e+00,1.8782550615399574e-01
219197,1.5410811422785999e+00,1.8782550615261484e-01
219216,1.5410811422785999e+00,1.8782550615261484e-01
219235,1.5410811422763000e+00,1.8782550615196669e-01
219254,1.5410811422696999e+00,1.8782550615010671e-01
219273,1.5410811422659001e+00,1.8782550614903587e-01
219292,1.5410811422655000e+00,1.8782550614892310e-01
219311,1.5410811422652000e+00,1.8782550614883858e-01
219330,1.5410811422643000e+00,1.8782550614858495e-01
219349,1.5410811422610000e+00,1.8782550614765497e-01
219368,1.5410811422591000e+00,1.8782550614711951e-01
219387,1.5410811422530000e+00,1.8782550614540047e-01
219406,1.5410811422473001e+00,1.8782550614379417e-01
219425,1.5410811422438000e+00,1.8782550614280780e-01
219444,1.5410811422396999e+00,1.8782550614165236e-01
219463,1.5410811422330000e+00,1.8782550613976423e-01
219482,1.5410811422291999e+00,1.8782550613869334e-01
219501,1.5410811422199999e+00,1.8782550613610066e-01
219520,1.5410811422134001e+00,1.8782550613424076e-01
219539,1.5410811421945001e+00,1.8782550612891452e-01
219558,1.5410811421862001e+00,1.8782550612657548e-01
219577,1.5410811421638000e+00,1.8782550612026289e-01
219596,1.5410811421596000e+00,1.8782550611907928e-01
219615,1.5410811421332000e+00,1.8782550611163945e-01
219634,1.5410811421162001e+00,1.8782550610684867e-01
219653,1.5410811420704000e+00,1.8782550609394169e-01
219672,1.5410811419896000e+00,1.8782550607117129e-01
219691,1.5410811418882999e+00,1.8782550604262377e-01
219710,1.5410811416576000e+00,1.8782550597760989e-01
219729,1.5410811414098999e+00,1.8782550590780514e-01
219748,1.5410811412515000e+00,1.8782550586316618e-01
219767,1.5410811412105001e+00,1.8782550585161195e-01
219786,1.5410811410917999e+00,1.8782550581816088e-01
219805,1.5410811410917999e+00,1.8782550581816088e-01
219824,1.5410811410878000e+00,1.8782550581703364e-01
219843,1.5410811410469001e+00,1.8782550580550758e-01
219862,1.5410811409956000e+00,1.8782550579105062e-01
219881,1.5410811409956000e+00,1.8782550579105062e-01
219900,1.5410811409815000e+00,1.8782550578707705e-01
219919,1.5410811409815000e+00,1.8782550578707705e-01
219938,1.5410811409706000e+00,1.8782550578400534e-01
219957,1.5410811409706000e+00,1.8782550578400534e-01
219976,1.5410811409705001e+00,1.8782550578397716e-01
219995,1.5410811409519001e+00,1.8782550577873547e-01
220014,1.5410811409512000e+00,1.8782550577853818e-01
220033,1.5410811409512000e+00,1.8782550577853818e-01
220052,1.5410811409425000e+00,1.8782550577608642e-01
220071,1.5410811409414000e+00,1.8782550577577645e-01
220090,1.5410811409234000e+00,1.8782550577070381e-01
220109,1.5410811409052001e+00,1.8782550576557488e-01
220128,1.5410811408773999e+00,1.8782550575774046e-01
220147,1.5410811408120000e+00,1.8782550573931001e-01
220166,1.5410811407350999e+00,1.8782550571763867e-01
220185,1.5410811406088001e+00,1.8782550568204592e-01
220204,1.5410811404716001e+00,1.8782550564338138e-01
220223,1.5410811401175000e+00,1.8782550554359187e-01
220242,1.5410811397710000e+00,1.8782550544594417e-01
220261,1.5410811392929999e+00,1.8782550531123823e-01
220280,1.5410811382458001e+00,1.8782550501612522e-01
220299,1.5410811369009001e+00,1.8782550463711684e-01
220318,1.5410811352430001e+00,1.8782550416990143e-01
220337,1.5410811344848001e+00,1.8782550395623193e-01
220356,1.5410811322633000e+00,1.8782550333018752e-01
220375,1.5410811306050001e+00,1.8782550286285943e-01
220394,1.5410811256478001e+00,1.8782550146586313e-01
220413,1.5410811206327000e+00,1.8782550005254994e-01
220432,1.5410811116041001e+00,1.8782549750818608e-01
220451,1.5410811021341000e+00,1.8782549483943051e-01
220470,1.5410810740680001e+00,1.8782548693007881e-01
220489,1.5410810182692001e+00,1.8782547120533091e-01
220508,1.5410809744727001e+00,1.8782545886296972e-01
220527,1.5410809005618000e+00,1.8782543803402085e-01
220546,1.5410808553430000e+00,1.8782542529083807e-01
220565,1.5410806605645000e+00,1.8782537039999128e-01
220584,1.5410804983532000e+00,1.8782532468695498e-01
220603,1.5410802506837999e+00,1.8782525489082003e-01
220622,1.5410799085519999e+00,1.8782515847405701e-01
220641,1.5410792352574001e+00,1.8782496873166166e-01
220660,1.5410782160429000e+00,1.8782468150478226e-01
220679,1.5410750862591001e+00,1.8782379949295447e-01
220698,1.5410714869180000e+00,1.8782278515185086e-01
220717,1.5410664884745999e+00,1.8782137652160519e-01
220736,1.5410608746889001e+00,1.8781979447397068e-01
220755,1.5410532534593999e+00,1.8781764668983317e-01
220774,1.5410358995233999e+00,1.8781275603400194e-01
220793,1.5410264200948001e+00,1.8781008453478773e-01
220812,1.5410257500757001e+00,1.8780989570891338e-01
220831,1.5410242147672000e+00,1.8780946302546100e-01
220850,1.5410238287325000e+00,1.8780935423238726e-01
220869,1.5410238287325000e+00,1.8780935423238726e-01
220888,1.5410226769455000e+00,1.8780902963330187e-01
220907,1.5410226769455000e+00,1.8780902963330187e-01
220926,1.5410226769455000e+00,1.8780902963330187e-01
220945,1.5410226769455000e+00,1.8780902963330187e-01
220964,1.5410224167494999e+00,1.8780895630427286e-01
220983,1.5410224167494999e+00,1.8780895630427286e-01
221002,1.5410222936657001e+00,1.8780892161651191e-01
221021,1.5410219446716000e+00,1.8780882326217294e-01
221040,1.5410219446716000e+00,1.8780882326217294e-01
221059,1.5410219446716000e+00,1.8780882326217294e-01
221078,1.5410219446716000e+00,1.8780882326217294e-01
221097,1.5410215854859000e+00,1.8780872203558999e-01
221116,1.5410213098684000e+00,1.8780864436038339e-01
221135,1.5410206077644000e+00,1.8780844649163203e-01
221154,1.5410200522069000e+00,1.8780828992292756e-01
221173,1.5410191442843999e+00,1.8780803404965235e-01
221192,1.5410179018237000e+00,1.8780768389563546e-01
221211,1.5410168327697000e+00,1.8780738261139110e-01
221230,1.5410145357881999e+00,1.8780673526795344e-01
221249,1.5410131569433001e+00,1.8780634667655122e-01
221268,1.5410129954506000e+00,1.8780630116403119e-01
221287,1.5410113214658001e+00,1.8780582939464416e-01
221306,1.5410112082842999e+00,1.8780579749734264e-01
221325,1.5410104946586001e+00,1.8780559638019717e-01
221344,1.5410103767215999e+00,1.8780556314266211e-01
221363,1.5410099634140999e+00,1.8780544666246615e-01
221382,1.5410097396174001e+00,1.8780538359105117e-01
221401,1.5410089806834999e+00,1.8780516970474168e-01
221420,1.5410084904024000e+00,1.8780503153136771e-01
221439,1.5410082260343001e+00,1.8780495702586206e-01
221458,1.5410081043657999e+00,1.8780492273664837e-01
221477,1.5410081043657999e+00,1.8780492273664837e-01
221496,1.5410080842705001e+00,1.8780491707329211e-01
221515,1.5410080240968000e+00,1.8780490011484352e-01
221534,1.5410077204507000e+00,1.8780481453979353e-01
221553,1.5410073900673000e+00,1.8780472142948590e-01
221572,1.5410072557284999e+00,1.8780468356944546e-01
221591,1.5410072201288001e+00,1.8780467353655733e-01
221610,1.5410072165416000e+00,1.8780467252559438e-01
221629,1.5410072079113000e+00,1.8780467009335938e-01
221648,1.5410071969242001e+00,1.8780466699691906e-01
221667,1.5410071875272999e+00,1.8780466434863688e-01
221686,1.5410071875272999e+00,1.8780466434863688e-01
221705,1.5410071875272999e+00,1.8780466434863688e-01
221724,1.5410071465157000e+00,1.8780465279053909e-01
221743,1.5410071412510000e+00,1.8780465130681451e-01
221762,1.5410071332296000e+00,1.8780464904618271e-01
221781,1.5410071187598000e+00,1.8780464496822991e-01
221800,1.5410070839603001e+00,1.8780463516085733e-01
221819,1.5410070617035001e+00,1.8780462888833233e-01
221838,1.5410070244675000e+00,1.8780461839429244e-01
221857,1.5410070015135000e+00,1.8780461192527870e-01
221876,1.5410069905274000e+00,1.8780460882911973e-01
221895,1.5410069689196000e+00,1.8780460273949884e-01
221914,1.5410069689196000e+00,1.8780460273949884e-01
221933,1.5410069668305000e+00,1.8780460215073796e-01
221952,1.5410069620382001e+00,1.8780460080014744e-01
221971,1.5410069490945000e+00,1.8780459715228751e-01
221990,1.5410069481601001e+00,1.8780459688895015e-01
222009,1.5410069317960999e+00,1.8780459227716367e-01
222028,1.5410069264980000e+00,1.8780459078402595e-01
222047,1.5410069205101000e+00,1.8780458909648523e-01
222066,1.5410069095954000e+00,1.8780458602044842e-01
222085,1.5410069082050999e+00,1.8780458562862692e-01
222104,1.5410068951849001e+00,1.8780458195920732e-01
222123,1.5410068951849001e+00,1.8780458195920732e-01
222142,1.5410068931631999e+00,1.8780458138944139e-01
222161,1.5410068929427001e+00,1.8780458132729899e-01
222180,1.5410068929427001e+00,1.8780458132729899e-01
222199,1.5410068903525000e+00,1.8780458059731550e-01
222218,1.5410068903525000e+00,1.8780458059731550e-01
222237,1.5410068842431000e+00,1.8780457887553295e-01
222256,1.5410068815066000e+00,1.8780457810431850e-01
222275,1.5410068762386000e+00,1.8780457661966363e-01
222294,1.5410068738667999e+00,1.8780457595123073e-01
222313,1.5410068689030001e+00,1.8780457455230715e-01
222332,1.5410068629075999e+00,1.8780457286265262e-01
222351,1.5410068618273001e+00,1.8780457255819696e-01
222370,1.5410068612150001e+00,1.8780457238563544e-01
222389,1.5410068608561001e+00,1.8780457228448838e-01
222408,1.5410068597436000e+00,1.8780457197095787e-01
222427,1.5410068597436000e+00,1.8780457197095787e-01
222446,1.5410068590787001e+00,1.8780457178357238e-01
222465,1.5410068590787001e+00,1.8780457178357238e-01
222484,1.5410068589367001e+00,1.8780457174355319e-01
222503,1.5410068586150001e+00,1.8780457165289005e-01
222522,1.5410068582959999e+00,1.8780457156298780e-01
222541,1.5410068571910001e+00,1.8780457125157105e-01
222560,1.5410068561151000e+00,1.8780457094835534e-01
222579,1.5410068544408999e+00,1.8780457047652366e-01
222598,1.5410068540941999e+00,1.8780457037881487e-01
222617,1.5410068523183000e+00,1.8780456987832164e-01
222636,1.5410068506968999e+00,1.8780456942137030e-01
222655,1.5410068496175999e+00,1.8780456911719645e-01
222674,1.5410068481549000e+00,1.8780456870497081e-01
222693,1.5410068466624001e+00,1.8780456828434680e-01
222712,1.5410068451218000e+00,1.8780456785016694e-01
222731,1.5410068423431000e+00,1.8780456706705945e-01
222749,1.5410068388828999e+00,1.8780456609188803e-01
222767,1.5410068349187001e+00,1.8780456497467679e-01
222785,1.5410068334892999e+00,1.8780456457183589e-01
222803,1.5410068303436000e+00,1.8780456368529855e-01
222821,1.5410068240109001e+00,1.8780456190058442e-01
222839,1.5410068174269000e+00,1.8780456004504761e-01
222857,1.5410067919599999e+00,1.8780455286783454e-01
222875,1.5410067722164000e+00,1.8780454730359136e-01
222893,1.5410067293803000e+00,1.8780453523130039e-01
222911,1.5410067146212001e+00,1.8780453107181455e-01
222929,1.5410066642802001e+00,1.8780451688445335e-01
222947,1.5410066413760000e+00,1.8780451042947297e-01
222965,1.5410065947085001e+00,1.8780449727739598e-01
222983,1.5410065350883000e+00,1.8780448047492121e-01
223001,1.5410064677838999e+00,1.8780446150684449e-01
223019,1.5410062776177000e+00,1.8780440791321065e-01
223037,1.5410061245068001e+00,1.8780436476269061e-01
223055,1.5410058706106999e+00,1.8780429320834530e-01
223073,1.5410056214560000e+00,1.8780422299023508e-01
223091,1.5410055805955001e+00,1.8780421147470935e-01
223109,1.5410055543104999e+00,1.8780420406692916e-01
223127,1.5410055274768000e+00,1.8780419650451130e-01
223145,1.5410055274768000e+00,1.8780419650451130e-01
223163,1.5410055201155000e+00,1.8780419442991006e-01
223181,1.5410055114162999e+00,1.8780419197825463e-01
223199,1.5410055028877001e+00,1.8780418957467862e-01
223217,1.5410055010639001e+00,1.8780418906068547e-01
223235,1.5410055010639001e+00,1.8780418906068547e-01
223253,1.5410055010639001e+00,1.8780418906068547e-01
223271,1.5410055010639001e+00,1.8780418906068547e-01
223289,1.5410055010639001e+00,1.8780418906068547e-01
223307,1.5410055010639001e+00,1.8780418906068547e-01
223325,1.5410054960263999e+00,1.8780418764098999e-01
223343,1.5410054960263999e+00,1.8780418764098999e-01
223361,1.5410054953576000e+00,1.8780418745250518e-01
223379,1.5410054922501000e+00,1.8780418657673278e-01
223397,1.5410054910147000e+00,1.8780418622856568e-01
223415,1.5410054886460001e+00,1.8780418556100589e-01
223433,1.5410054863966001e+00,1.8780418492706785e-01
223451,1.5410054862175000e+00,1.8780418487659289e-01
223469,1.5410054831583000e+00,1.8780418401443263e-01
223487,1.5410054831583000e+00,1.8780418401443263e-01
223505,1.5410054818548000e+00,1.8780418364707324e-01
223523,1.5410054815151000e+00,1.8780418355133716e-01
223541,1.5410054810527001e+00,1.8780418342102112e-01
223559,1.5410054809403000e+00,1.8780418338934390e-01
223577,1.5410054809403000e+00,1.8780418338934390e-01
223595,1.5410054794629000e+00,1.8780418297297508e-01
223613,1.5410054774449000e+00,1.8780418240425142e-01
223631,1.5410054744668999e+00,1.8780418156497536e-01
223649,1.5410054665249000e+00,1.8780417932671806e-01
223667,1.5410054620230000e+00,1.8780417805796831e-01
223685,1.5410054532888000e+00,1.8780417559644888e-01
223703,1.5410054475067001e+00,1.8780417396690624e-01
223721,1.5410054290446999e+00,1.8780416876384556e-01
223739,1.5410054274384000e+00,1.8780416831114941e-01
223757,1.5410054205024000e+00,1.8780416635640840e-01
223775,1.5410054181046000e+00,1.8780416568064745e-01
223793,1.5410054181046000e+00,1.8780416568064745e-01
223811,1.5410054181046000e+00,1.8780416568064745e-01
223829,1.5410054129346000e+00,1.8780416422361007e-01
223847,1.5410054110994000e+00,1.8780416370640410e-01
223865,1.5410054047596999e+00,1.8780416191971550e-01
223883,1.5410054047596999e+00,1.8780416191971550e-01
223901,1.5410054044916000e+00,1.8780416184415810e-01
223919,1.5410054040383001e+00,1.8780416171640671e-01
223937,1.5410053980066001e+00,1.8780416001652037e-01
223955,1.5410053953063001e+00,1.8780415925550720e-01
223973,1.5410053930245000e+00,1.8780415861243796e-01
223991,1.5410053874839000e+00,1.8780415705095607e-01
224009,1.5410053832593000e+00,1.8780415586035643e-01
224027,1.5410053772854000e+00,1.8780415417675955e-01
224045,1.5410053740125000e+00,1.8780415325437316e-01
224063,1.5410053642595001e+00,1.8780415050572988e-01
224081,1.5410053536787001e+00,1.8780414752379146e-01
224099,1.5410053107277000e+00,1.8780413541910765e-01
224117,1.5410052835654999e+00,1.8780412776410890e-01
224135,1.5410052741385001e+00,1.8780412510734057e-01
224153,1.5410052577844000e+00,1.8780412049833919e-01
224171,1.5410052326910000e+00,1.8780411342638068e-01
224189,1.5410052239640999e+00,1.8780411096691818e-01
224207,1.5410052214809000e+00,1.8780411026708926e-01
224225,1.5410052214809000e+00,1.8780411026708926e-01
224243,1.5410052207947000e+00,1.8780411007370065e-01
224261,1.5410052023544001e+00,1.8780410487675489e-01
224279,1.5410051919540999e+00,1.8780410194568561e-01
224297,1.5410051863892000e+00,1.8780410037735520e-01
224315,1.5410051715924000e+00,1.8780409620724034e-01
224333,1.5410051689726001e+00,1.8780409546891405e-01
224351,1.5410051611724001e+00,1.8780409327061912e-01
224369,1.5410051275979999e+00,1.8780408380849839e-01
224387,1.5410050999648000e+00,1.8780407602075899e-01
224405,1.5410050888894999e+00,1.8780407289945736e-01
224423,1.5410050609040999e+00,1.8780406501245883e-01
224441,1.5410050237218000e+00,1.8780405453353941e-01
224459,1.5410049875712999e+00,1.8780404434540718e-01
224477,1.5410049619741000e+00,1.8780403713146379e-01
224495,1.5410049619741000e+00,1.8780403713146379e-01
224513,1.5410049619741000e+00,1.8780403713146379e-01
224531,1.5410049007922000e+00,1.8780401988884435e-01
224549,1.5410048578533000e+00,1.8780400778756709e-01
224567,1.5410047915250999e+00,1.8780398909458779e-01
224585,1.5410046472326999e+00,1.8780394842930473e-01
224603,1.5410044095282001e+00,1.8780388143809820e-01
224621,1.5410041566457000e+00,1.8780381016933176e-01
224639,1.5410037158115000e+00,1.8780368593093366e-01
224657,1.5410033941979999e+00,1.8780359529196794e-01
224675,1.5410026970499999e+00,1.8780339881764538e-01
224693,1.5410019975864999e+00,1.8780320169066575e-01
224711,1.5410015424279999e+00,1.8780307341513175e-01
224729,1.5410011657563001e+00,1.8780296725919599e-01
224747,1.5410011271860999e+00,1.8780295638910344e-01
224765,1.5410010746125000e+00,1.8780294157248564e-01
224783,1.5410010283424000e+00,1.8780292853235886e-01
224801,1.5410009421555000e+00,1.8780290424263063e-01
224819,1.5410008965480000e+00,1.8780289138924078e-01
224837,1.5410008636015000e+00,1.8780288210405263e-01
224855,1.5410006934528000e+00,1.8780283415168131e-01
224873,1.5410006934528000e+00,1.8780283415168131e-01
224891,1.5410005596781999e+00,1.8780279645048273e-01
224909,1.5410004761719001e+00,1.8780277291621081e-01
224927,1.5410004073721999e+00,1.8780275352664455e-01
224945,1.5410003240451000e+00,1.8780273004287357e-01
224963,1.5410002490329000e+00,1.8780270890245926e-01
224981,1.5410002033534000e+00,1.8780269602877211e-01
224999,1.5410001291108999e+00,1.8780267510527787e-01
225017,1.5410000981134000e+00,1.8780266636936471e-01
225035,1.5410000425910000e+00,1.8780265072168734e-01
225053,1.5410000337850001e+00,1.8780264823992412e-01
225071,1.5409999750729999e+00,1.8780263169333256e-01
225089,1.5409999434960999e+00,1.8780262279412829e-01
225107,1.5409998703233001e+00,1.8780260217210032e-01
225125,1.5409998193851999e+00,1.8780258781639750e-01
225143,1.5409997670857001e+00,1.8780257307701578e-01
225161,1.5409996921774001e+00,1.8780255196587556e-01
225179,1.5409996366704000e+00,1.8780253632253416e-01
225197,1.5409996163398001e+00,1.8780253059283300e-01
225215,1.5409995849010001e+00,1.8780252173254691e-01
225233,1.5409995559083001e+00,1.8780251356163635e-01
225251,1.5409995468949000e+00,1.8780251102142154e-01
225269,1.5409995198605999e+00,1.8780250340243976e-01
225287,1.5409995078973000e+00,1.8780250003086496e-01
225305,1.5409994997108001e+00,1.8780249772369242e-01
225323,1.5409994951098001e+00,1.8780249642700872e-01
225341,1.5409994855493001e+00,1.8780249373260655e-01
225359,1.5409994671334999e+00,1.8780248854254611e-01
225377,1.5409994671334999e+00,1.8780248854254611e-01
225395,1.5409994670289999e+00,1.8780248851309525e-01
225413,1.5409994579460000e+00,1.8780248595326521e-01
225431,1.5409994533418001e+00,1.8780248465567967e-01
225449,1.5409994530991000e+00,1.8780248458728035e-01
225467,1.5409994530991000e+00,1.8780248458728035e-01
225485,1.5409994525869000e+00,1.8780248444292880e-01
225503,1.5409994512459000e+00,1.8780248406499947e-01
225521,1.5409994479686999e+00,1.8780248314139764e-01
225539,1.5409994446147000e+00,1.8780248219615156e-01
225557,1.5409994392015001e+00,1.8780248067056837e-01
225575,1.5409994363223001e+00,1.8780247985913351e-01
225593,1.5409994360028001e+00,1.8780247976908995e-01
225611,1.5409994341466999e+00,1.8780247924599172e-01
225629,1.5409994307271999e+00,1.8780247828228600e-01
225647,1.5409994291994000e+00,1.8780247785171150e-01
225665,1.5409994289908999e+00,1.8780247779295065e-01
225683,1.5409994275489001e+00,1.8780247738655687e-01
225701,1.5409994242556000e+00,1.8780247645841761e-01
225719,1.5409994219201000e+00,1.8780247580021181e-01
225737,1.5409994197578001e+00,1.8780247519081839e-01
225755,1.5409994190184000e+00,1.8780247498243582e-01
225773,1.5409994180038000e+00,1.8780247469649466e-01
225791,1.5409994180038000e+00,1.8780247469649466e-01
225809,1.5409994166684999e+00,1.8780247432017172e-01
225827,1.5409994166508001e+00,1.8780247431518343e-01
225845,1.5409994144495001e+00,1.8780247369479874e-01
225863,1.5409994142639001e+00,1.8780247364249175e-01
225881,1.5409994138297001e+00,1.8780247352012266e-01
225899,1.5409994137140000e+00,1.8780247348751530e-01
225917,1.5409994134434000e+00,1.8780247341125306e-01
225935,1.5409994122077999e+00,1.8780247306302822e-01
225953,1.5409994111986001e+00,1.8780247277860895e-01
225971,1.5409994096173001e+00,1.8780247233295669e-01
225989,1.5409994093146000e+00,1.8780247224764779e-01
226007,1.5409994054172000e+00,1.8780247114925716e-01
226025,1.5409993997961000e+00,1.8780246956508218e-01
226043,1.5409993963933999e+00,1.8780246860611108e-01
226061,1.5409993885672000e+00,1.8780246640048046e-01
226079,1.5409993755933000e+00,1.8780246274409146e-01
226097,1.5409993607040000e+00,1.8780245854789193e-01
226115,1.5409993341103001e+00,1.8780245105308205e-01
226133,1.5409993019457000e+00,1.8780244198824461e-01
226151,1.5409992887594000e+00,1.8780243827199544e-01
226169,1.5409992540826001e+00,1.8780242849915316e-01
226187,1.5409992189007999e+00,1.8780241858398819e-01
226205,1.5409991732317001e+00,1.8780240571322349e-01
226223,1.5409990161360001e+00,1.8780236143948192e-01
226241,1.5409989440806999e+00,1.8780234113238267e-01
226259,1.5409988311700999e+00,1.8780230931117181e-01
226277,1.5409987294728000e+00,1.8780228065016524e-01
226295,1.5409985776524000e+00,1.8780223786313113e-01
226313,1.5409985776524000e+00,1.8780223786313113e-01
226331,1.5409985394459000e+00,1.8780222709552072e-01
226349,1.5409985277464000e+00,1.8780222379828962e-01
226367,1.5409985267402999e+00,1.8780222351474377e-01
226385,1.5409985148012000e+00,1.8780222014998699e-01
226403,1.5409985104154000e+00,1.8780221891395160e-01
226421,1.5409985104154000e+00,1.8780221891395160e-01
226439,1.5409985092453999e+00,1.8780221858421436e-01
226457,1.5409985036802001e+00,1.8780221701579261e-01
226475,1.5409985016759999e+00,1.8780221645095554e-01
226493,1.5409984996387001e+00,1.8780221587679008e-01
226511,1.5409984957083001e+00,1.8780221476909853e-01
226529,1.5409984808099000e+00,1.8780221057033195e-01
226547,1.5409984808099000e+00,1.8780221057033195e-01
226565,1.5409984779785999e+00,1.8780220977239606e-01
226583,1.5409984692715000e+00,1.8780220731850300e-01
226601,1.5409984612123000e+00,1.8780220504720543e-01
226619,1.5409984595513999e+00,1.8780220457911947e-01
226637,1.5409984557000000e+00,1.8780220349369223e-01
226655,1.5409984434306001e+00,1.8780220003584794e-01
226673,1.5409984425489001e+00,1.8780219978736135e-01
226691,1.5409984425489001e+00,1.8780219978736135e-01
226709,1.5409984398006999e+00,1.8780219901284520e-01
226727,1.5409984377390000e+00,1.8780219843180315e-01
226745,1.5409984366889999e+00,1.8780219813588511e-01
226763,1.5409984365025999e+00,1.8780219808335261e-01
226781,1.5409984361743001e+00,1.8780219799082895e-01
226799,1.5409984358597999e+00,1.8780219790219441e-01
226817,1.5409984358597999e+00,1.8780219790219441e-01
226835,1.5409984352435999e+00,1.8780219772853282e-01
226853,1.5409984346476000e+00,1.8780219756056413e-01
226871,1.5409984338239999e+00,1.8780219732845166e-01
226889,1.5409984316825001e+00,1.8780219672491985e-01
226907,1.5409984311302001e+00,1.8780219656926697e-01
226925,1.5409984307222999e+00,1.8780219645430982e-01
226943,1.5409984298749000e+00,1.8780219621548991e-01
226961,1.5409984289887000e+00,1.8780219596573508e-01
226979,1.5409984283747000e+00,1.8780219579269353e-01
226997,1.5409984279728000e+00,1.8780219567942735e-01
227015,1.5409984273406001e+00,1.8780219550125657e-01
227033,1.5409984269031001e+00,1.8780219537795736e-01
227051,1.5409984268778001e+00,1.8780219537082715e-01
227069,1.5409984260606000e+00,1.8780219514051838e-01
227087,1.5409984257767000e+00,1.8780219506050777e-01
227105,1.5409984254164999e+00,1.8780219495899378e-01
227123,1.5409984247570001e+00,1.8780219477312912e-01
227141,1.5409984240479999e+00,1.8780219457331396e-01
227159,1.5409984234775000e+00,1.8780219441253188e-01
227177,1.5409984230275999e+00,1.8780219428573799e-01
227195,1.5409984220999999e+00,1.8780219402431558e-01
227213,1.5409984220999999e+00,1.8780219402431558e-01
227231,1.5409984212296000e+00,1.8780219377901364e-01
227249,1.5409984198380000e+00,1.8780219338682363e-01
227267,1.5409984193752999e+00,1.8780219325642239e-01
227285,1.5409984189398001e+00,1.8780219313368690e-01
227303,1.5409984185584999e+00,1.8780219302622636e-01
227321,1.5409984185279999e+00,1.8780219301763063e-01
227339,1.5409984185279999e+00,1.8780219301763063e-01
227357,1.5409984184654999e+00,1.8780219300001647e-01
227375,1.5409984184045000e+00,1.8780219298282508e-01
227393,1.5409984181998000e+00,1.8780219292513514e-01
227411,1.5409984181779000e+00,1.8780219291896313e-01
227429,1.5409984181650001e+00,1.8780219291532760e-01
227447,1.5409984181009999e+00,1.8780219289729064e-01
227465,1.5409984179547001e+00,1.8780219285605942e-01
227483,1.5409984179547001e+00,1.8780219285605942e-01
227501,1.5409984179502001e+00,1.8780219285479122e-01
227519,1.5409984178747000e+00,1.8780219283351329e-01
227537,1.5409984178092000e+00,1.8780219281505364e-01
227555,1.5409984177641001e+00,1.8780219280234328e-01
227573,1.5409984177414999e+00,1.8780219279597396e-01
227591,1.5409984176996001e+00,1.8780219278416546e-01
227609,1.5409984176144000e+00,1.8780219276015381e-01
227627,1.5409984175307001e+00,1.8780219273656493e-01
227645,1.5409984173343001e+00,1.8780219268121418e-01
227663,1.5409984171646001e+00,1.8780219263338818e-01
227681,1.5409984170071001e+00,1.8780219258900047e-01
227699,1.5409984169797999e+00,1.8780219258130654e-01
227717,1.5409984169669999e+00,1.8780219257769917e-01
227735,1.5409984169669999e+00,1.8780219257769917e-01
227753,1.5409984169380999e+00,1.8780219256955438e-01
227771,1.5409984169327999e+00,1.8780219256806072e-01
227789,1.5409984169285000e+00,1.8780219256684888e-01
227807,1.5409984169285000e+00,1.8780219256684888e-01
227825,1.5409984169202000e+00,1.8780219256450972e-01
227843,1.5409984169027999e+00,1.8780219255960590e-01
227861,1.5409984168899000e+00,1.8780219255597036e-01
227879,1.5409984168718001e+00,1.8780219255086930e-01
227897,1.5409984168597000e+00,1.8780219254745920e-01
227915,1.5409984168590001e+00,1.8780219254726194e-01
227933,1.5409984168523001e+00,1.8780219254537370e-01
227951,1.5409984168509001e+00,1.8780219254497915e-01
227969,1.5409984168410000e+00,1.8780219254218905e-01
227987,1.5409984168355999e+00,1.8780219254066716e-01
228005,1.5409984168222000e+00,1.8780219253689068e-01
228023,1.5409984168176001e+00,1.8780219253559433e-01
228041,1.5409984167813000e+00,1.8780219252536398e-01
228059,1.5409984167622000e+00,1.8780219251998106e-01
228077,1.5409984167173001e+00,1.8780219250732710e-01
228095,1.5409984166260000e+00,1.8780219248159630e-01
228113,1.5409984166043000e+00,1.8780219247548066e-01
228131,1.5409984165901001e+00,1.8780219247147872e-01
228149,1.5409984164805000e+00,1.8780219244059049e-01
228167,1.5409984163738999e+00,1.8780219241054777e-01
228185,1.5409984161414001e+00,1.8780219234502310e-01
228203,1.5409984160679000e+00,1.8780219232430881e-01
228221,1.5409984154587000e+00,1.8780219215262001e-01
228239,1.5409984152511000e+00,1.8780219209411278e-01
228257,1.5409984145514000e+00,1.8780219189691863e-01
228275,1.5409984145014000e+00,1.8780219188282729e-01
228293,1.5409984142513999e+00,1.8780219181237062e-01
228311,1.5409984141777999e+00,1.8780219179162819e-01
228329,1.5409984141777999e+00,1.8780219179162819e-01
228347,1.5409984141752000e+00,1.8780219179089544e-01
228365,1.5409984141494999e+00,1.8780219178365248e-01
228383,1.5409984141288999e+00,1.8780219177784685e-01
228401,1.5409984141069999e+00,1.8780219177167484e-01
228419,1.5409984141002000e+00,1.8780219176975843e-01
228437,1.5409984141002000e+00,1.8780219176975843e-01
228455,1.5409984140969999e+00,1.8780219176885657e-01
228473,1.5409984140898001e+00,1.8780219176682747e-01
228491,1.5409984140776001e+00,1.8780219176338919e-01
228509,1.5409984140732000e+00,1.8780219176214913e-01
228527,1.5409984140674999e+00,1.8780219176054269e-01
228545,1.5409984140593000e+00,1.8780219175823173e-01
228563,1.5409984140557000e+00,1.8780219175721716e-01
228581,1.5409984140371999e+00,1.8780219175200336e-01
228599,1.5409984140371999e+00,1.8780219175200336e-01
228617,1.5409984140249000e+00,1.8780219174853691e-01
228635,1.5409984140157000e+00,1.8780219174594409e-01
228653,1.5409984140038000e+00,1.8780219174259036e-01
228671,1.5409984140038000e+00,1.8780219174259036e-01
228689,1.5409984140024000e+00,1.8780219174219578e-01
228706,1.5409984139851001e+00,1.8780219173732021e-01
228723,1.5409984139695001e+00,1.8780219173292373e-01
228740,1.5409984139577999e+00,1.8780219172962628e-01
228757,1.5409984139405000e+00,1.8780219172475071e-01
228774,1.5409984139279000e+00,1.8780219172119972e-01
228791,1.5409984139069000e+00,1.8780219171528134e-01
228808,1.5409984138827999e+00,1.8780219170848930e-01
228825,1.5409984138246000e+00,1.8780219169208701e-01
228842,1.5409984137387001e+00,1.8780219166787812e-01
228859,1.5409984136032000e+00,1.8780219162969058e-01
228876,1.5409984134190000e+00,1.8780219157777811e-01
228893,1.5409984131879000e+00,1.8780219151264796e-01
228910,1.5409984127226000e+00,1.8780219138151399e-01
228927,1.5409984123744001e+00,1.8780219128338196e-01
228944,1.5409984121683999e+00,1.8780219122532563e-01
228961,1.5409984117932001e+00,1.8780219111958429e-01
228978,1.5409984113445001e+00,1.8780219099312867e-01
228995,1.5409984105412000e+00,1.8780219076673726e-01
229012,1.5409984100503999e+00,1.8780219062841669e-01
229029,1.5409984100166001e+00,1.8780219061889100e-01
229046,1.5409984094400000e+00,1.8780219045638971e-01
229063,1.5409984084770001e+00,1.8780219018499061e-01
229080,1.5409984081821999e+00,1.8780219010190807e-01
229097,1.5409984076439001e+00,1.8780218995020079e-01
229114,1.5409984073694001e+00,1.8780218987283939e-01
229131,1.5409984073619001e+00,1.8780218987072567e-01
229148,1.5409984071817000e+00,1.8780218981994048e-01
229165,1.5409984071614999e+00,1.8780218981424757e-01
229182,1.5409984070906999e+00,1.8780218979429422e-01
229199,1.5409984070830001e+00,1.8780218979212421e-01
229216,1.5409984070517999e+00,1.8780218978333119e-01
229233,1.5409984069935001e+00,1.8780218976690075e-01
229250,1.5409984069809000e+00,1.8780218976334967e-01
229267,1.5409984069600000e+00,1.8780218975745952e-01
229284,1.5409984069425000e+00,1.8780218975252755e-01
229301,1.5409984069402001e+00,1.8780218975187937e-01
229318,1.5409984069071001e+00,1.8780218974255092e-01
229335,1.5409984068875999e+00,1.8780218973705523e-01
229352,1.5409984067653000e+00,1.8780218970258786e-01
229369,1.5409984067417000e+00,1.8780218969593673e-01
229386,1.5409984067197000e+00,1.8780218968973655e-01
229403,1.5409984065952000e+00,1.8780218965464915e-01
229420,1.5409984065300000e+00,1.8780218963627401e-01
229437,1.5409984063716999e+00,1.8780218959166084e-01
229454,1.5409984061846000e+00,1.8780218953893110e-01
229471,1.5409984059888000e+00,1.8780218948374944e-01
229488,1.5409984056187001e+00,1.8780218937944537e-01
229505,1.5409984051890000e+00,1.8780218925834444e-01
229522,1.5409984046333001e+00,1.8780218910173335e-01
229539,1.5409984034812001e+00,1.8780218877704083e-01
229556,1.5409984021417000e+00,1.8780218839953397e-01
229573,1.5409983996103001e+00,1.8780218768611789e-01
229590,1.5409983966340000e+00,1.8780218684731709e-01
229607,1.5409983910324001e+00,1.8780218526863671e-01
229624,1.5409983879375999e+00,1.8780218439643939e-01
229641,1.5409983800577001e+00,1.8780218217567327e-01
229658,1.5409983634480999e+00,1.8780217749464451e-01
229675,1.5409983478422999e+00,1.8780217309651340e-01
229692,1.5409983318539999e+00,1.8780216859058352e-01
229709,1.5409982932738999e+00,1.8780215771768094e-01
229726,1.5409982385956000e+00,1.8780214230787518e-01
229743,1.5409982304073999e+00,1.8780214000022158e-01
229760,1.5409982136767000e+00,1.8780213528506323e-01
229777,1.5409982136767000e+00,1.8780213528506323e-01
229794,1.5409981871916001e+00,1.8780212782085415e-01
229811,1.5409981851918000e+00,1.8780212725725703e-01
229828,1.5409981671421000e+00,1.8780212217036904e-01
229845,1.5409981594015001e+00,1.8780211998886104e-01
229862,1.5409981443442999e+00,1.8780211574533945e-01
229879,1.5409981388062000e+00,1.8780211418455478e-01
229896,1.5409981388062000e+00,1.8780211418455478e-01
229913,1.5409981363603000e+00,1.8780211349523479e-01
229930,1.5409981363603000e+00,1.8780211349523479e-01
229947,1.5409981363603000e+00,1.8780211349523479e-01
229964,1.5409981288700001e+00,1.8780211138426794e-01
229981,1.5409981268207000e+00,1.8780211080672041e-01
229998,1.5409981251006999e+00,1.8780211032197835e-01
230015,1.5409981165455999e+00,1.8780210791092239e-01
230032,1.5409981117678999e+00,1.8780210656443877e-01
230049,1.5409981012495999e+00,1.8780210360010050e-01
230066,1.5409980901797999e+00,1.8780210048033477e-01
230083,1.5409980761716000e+00,1.8780209653244931e-01
230100,1.5409980587579000e+00,1.8780209162480277e-01
230117,1.5409980306113999e+00,1.8780208369236592e-01
230134,1.5409980009119999e+00,1.8780207532228016e-01
230151,1.5409979444579001e+00,1.8780205941200354e-01
230168,1.5409979013302999e+00,1.8780204725749086e-01
230185,1.5409978511083999e+00,1.8780203310361410e-01
230202,1.5409976775395000e+00,1.8780198418724497e-01
230219,1.5409976331749999e+00,1.8780197168413862e-01
230236,1.5409975323341001e+00,1.8780194326446631e-01
230253,1.5409974735045999e+00,1.8780192668473322e-01
230270,1.5409973500637999e+00,1.8780189189579855e-01
230287,1.5409973457321999e+00,1.8780189067503722e-01
230304,1.5409972395321001e+00,1.8780186074499286e-01
230321,1.5409971893723999e+00,1.8780184660863958e-01
230338,1.5409971824607001e+00,1.8780184466073654e-01
230355,1.5409971824607001e+00,1.8780184466073654e-01
230372,1.5409971616214999e+00,1.8780183878768902e-01
230389,1.5409971427155000e+00,1.8780183345946930e-01
230406,1.5409971305893999e+00,1.8780183004200779e-01
230423,1.5409971077661999e+00,1.8780182360981548e-01
230440,1.5409970914061999e+00,1.8780181899912690e-01
230457,1.5409970632604000e+00,1.8780181106688240e-01
230474,1.5409970632604000e+00,1.8780181106688240e-01
230491,1.5409970632604000e+00,1.8780181106688240e-01
230508,1.5409970517238001e+00,1.8780180781555778e-01
230525,1.5409970389798999e+00,1.8780180422398340e-01
230542,1.5409970322897000e+00,1.8780180233850480e-01
230559,1.5409970189835001e+00,1.8780179858845916e-01
230576,1.5409970166255000e+00,1.8780179792391122e-01
230593,1.5409970013998999e+00,1.8780179363292682e-01
230610,1.5409969936434000e+00,1.8780179144693612e-01
230627,1.5409969936434000e+00,1.8780179144693612e-01
230644,1.5409969936434000e+00,1.8780179144693612e-01
230661,1.5409969824525001e+00,1.8780178829303890e-01
230678,1.5409969824525001e+00,1.8780178829303890e-01
230695,1.5409969824525001e+00,1.8780178829303890e-01
230712,1.5409969813947999e+00,1.8780178799495051e-01
230729,1.5409969752357999e+00,1.8780178625917832e-01
230746,1.5409969710339000e+00,1.8780178507496964e-01
230763,1.5409969692511001e+00,1.8780178457252858e-01
230780,1.5409969643579999e+00,1.8780178319352106e-01
230797,1.5409969586464001e+00,1.8780178158383826e-01
230814,1.5409969489021000e+00,1.8780177883763186e-01
230831,1.5409969489021000e+00,1.8780177883763186e-01
230848,1.5409969445617000e+00,1.8780177761439010e-01
230865,1.5409969378827999e+00,1.8780177573209600e-01
230882,1.5409969371198000e+00,1.8780177551706206e-01
230899,1.5409969371198000e+00,1.8780177551706206e-01
230916,1.5409969358664000e+00,1.8780177516382013e-01
230933,1.5409969358664000e+00,1.8780177516382013e-01
230950,1.5409969358664000e+00,1.8780177516382013e-01
230967,1.5409969357090001e+00,1.8780177511946061e-01
230984,1.5409969357090001e+00,1.8780177511946061e-01
231001,1.5409969354155999e+00,1.8780177503677253e-01
231018,1.5409969344659999e+00,1.8780177476914967e-01
231035,1.5409969333117000e+00,1.8780177444383681e-01
231052,1.5409969315226999e+00,1.8780177393964834e-01
231069,1.5409969312648999e+00,1.8780177386699334e-01
231086,1.5409969302549000e+00,1.8780177358234817e-01
231103,1.5409969302368001e+00,1.8780177357724712e-01
231120,1.5409969296206001e+00,1.8780177340358534e-01
231137,1.5409969293835999e+00,1.8780177333679229e-01
231154,1.5409969277282001e+00,1.8780177287025598e-01
231171,1.5409969254772999e+00,1.8780177223589165e-01
231188,1.5409969233012000e+00,1.8780177162260800e-01
231205,1.5409969179209000e+00,1.8780177010629440e-01
231222,1.5409969123674001e+00,1.8780176854116840e-01
231239,1.5409968996048999e+00,1.8780176494435169e-01
231256,1.5409968803122001e+00,1.8780175950714859e-01
231273,1.5409968444462001e+00,1.8780174939914235e-01
231290,1.5409967675506000e+00,1.8780172772788731e-01
231307,1.5409967329339000e+00,1.8780171797196682e-01
231324,1.5409965244974000e+00,1.8780165922892994e-01
231341,1.5409963943048000e+00,1.8780162253713389e-01
231358,1.5409962172945999e+00,1.8780157265086692e-01
231375,1.5409960746749001e+00,1.8780153245676987e-01
231392,1.5409958225147999e+00,1.8780146139120987e-01
231409,1.5409956957301001e+00,1.8780142565983604e-01
231426,1.5409955911730000e+00,1.8780139619280165e-01
231443,1.5409955488509000e+00,1.8780138426528228e-01
231460,1.5409954693697001e+00,1.8780136186531662e-01
231477,1.5409954190946999e+00,1.8780134769645243e-01
231494,1.5409953443100000e+00,1.8780132662008653e-01
231511,1.5409953347945999e+00,1.8780132393838747e-01
231528,1.5409953176918001e+00,1.8780131911835235e-01
231545,1.5409953141584001e+00,1.8780131812254391e-01
231562,1.5409953118873001e+00,1.8780131748248605e-01
231579,1.5409953118873001e+00,1.8780131748248605e-01
231596,1.5409953058889001e+00,1.8780131579197343e-01
231613,1.5409952952221999e+00,1.8780131278580656e-01
231630,1.5409952812065000e+00,1.8780130883580021e-01
231647,1.5409952763046999e+00,1.8780130745433932e-01
231664,1.5409952695686000e+00,1.8780130555592273e-01
231681,1.5409952672367000e+00,1.8780130489872970e-01
231698,1.5409952653021000e+00,1.8780130435350667e-01
231715,1.5409952647989000e+00,1.8780130421169122e-01
231732,1.5409952613600999e+00,1.8780130324254357e-01
231749,1.5409952613600999e+00,1.8780130324254357e-01
231766,1.5409952589699001e+00,1.8780130256892008e-01
231783,1.5409952570676000e+00,1.8780130203280007e-01
231800,1.5409952534883999e+00,1.8780130102408388e-01
231817,1.5409952486586000e+00,1.8780129966291459e-01
231834,1.5409952427505000e+00,1.8780129799785089e-01
231851,1.5409952384426000e+00,1.8780129678376717e-01
231868,1.5409952357768000e+00,1.8780129603247203e-01
231885,1.5409952260738000e+00,1.8780129329790202e-01
231902,1.5409952157650999e+00,1.8780129039262919e-01
231919,1.5409952104005000e+00,1.8780128888073860e-01
231936,1.5409951865067000e+00,1.8780128214681399e-01
231953,1.5409951708966001e+00,1.8780127774746197e-01
231970,1.5409951433035001e+00,1.8780126997097349e-01
231987,1.5409950959030001e+00,1.8780125661221894e-01
232004,1.5409950959030001e+00,1.8780125661221894e-01
232021,1.5409950641090000e+00,1.8780124765180176e-01
232038,1.5409950567035000e+00,1.8780124556472966e-01
232055,1.5409950474411001e+00,1.8780124295433245e-01
232072,1.5409950373778001e+00,1.8780124011821972e-01
232089,1.5409950373778001e+00,1.8780124011821972e-01
232106,1.5409950359200000e+00,1.8780123970737186e-01
232123,1.5409950343034000e+00,1.8780123925176984e-01
232140,1.5409950306274001e+00,1.8780123821577266e-01
232157,1.5409950235890999e+00,1.8780123623218747e-01
232174,1.5409950162198001e+00,1.8780123415531752e-01
232191,1.5409950162198001e+00,1.8780123415531752e-01
232208,1.5409950097372000e+00,1.8780123232834378e-01
232225,1.5409950073231999e+00,1.8780123164801263e-01
232242,1.5409950052350001e+00,1.8780123105950086e-01
232259,1.5409950049229999e+00,1.8780123097157070e-01
232276,1.5409950017889000e+00,1.8780123008829575e-01
232293,1.5409950006799999e+00,1.8780122977577740e-01
232310,1.5409950006799999e+00,1.8780122977577740e-01
232327,1.5409949998525001e+00,1.8780122954256534e-01
232344,1.5409949997026999e+00,1.8780122950034758e-01
232361,1.5409949996134000e+00,1.8780122947518041e-01
232378,1.5409949989216001e+00,1.8780122928021231e-01
232395,1.5409949976702999e+00,1.8780122892756174e-01
232412,1.5409949975237001e+00,1.8780122888624590e-01
232429,1.5409949972876000e+00,1.8780122881970646e-01
232446,1.5409949964192999e+00,1.8780122857499576e-01
232463,1.5409949956611000e+00,1.8780122836131433e-01
232480,1.5409949950755000e+00,1.8780122819627623e-01
232497,1.5409949950755000e+00,1.8780122819627623e-01
232514,1.5409949945615999e+00,1.8780122805144517e-01
232531,1.5409949937509999e+00,1.8780122782299594e-01
232548,1.5409949927143001e+00,1.8780122753082559e-01
232565,1.5409949924622000e+00,1.8780122745977690e-01
232582,1.5409949919018999e+00,1.8780122730186904e-01
232599,1.5409949912316001e+00,1.8780122711296027e-01
232616,1.5409949907330001e+00,1.8780122697244114e-01
232633,1.5409949903791000e+00,1.8780122687270245e-01
232650,1.5409949895602999e+00,1.8780122664194221e-01
232667,1.5409949881645000e+00,1.8780122624856765e-01
232684,1.5409949879797000e+00,1.8780122619648598e-01
232701,1.5409949875364000e+00,1.8780122607155192e-01
232718,1.5409949869613000e+00,1.8780122590947304e-01
232735,1.5409949861562999e+00,1.8780122568260202e-01
232752,1.5409949858101000e+00,1.8780122558503343e-01
232769,1.5409949848480999e+00,1.8780122531391552e-01
232786,1.5409949845236000e+00,1.8780122522246256e-01
232803,1.5409949842213999e+00,1.8780122513729436e-01
232820,1.5409949836970001e+00,1.8780122498950413e-01
232837,1.5409949836970001e+00,1.8780122498950413e-01
232854,1.5409949833326000e+00,1.8780122488680626e-01
232871,1.5409949832451000e+00,1.8780122486214634e-01
232888,1.5409949831542000e+00,1.8780122483652825e-01
232905,1.5409949829078999e+00,1.8780122476711417e-01
232922,1.5409949828094001e+00,1.8780122473935421e-01
232939,1.5409949826691001e+00,1.8780122469981383e-01
232956,1.5409949825692999e+00,1.8780122467168744e-01
232973,1.5409949824100000e+00,1.8780122462679236e-01
232990,1.5409949821869999e+00,1.8780122456394485e-01
233007,1.5409949821093001e+00,1.8780122454204692e-01
233024,1.5409949819849000e+00,1.8780122450698758e-01
233041,1.5409949816538999e+00,1.8780122441370270e-01
233058,1.5409949813960000e+00,1.8780122434101948e-01
233075,1.5409949813574000e+00,1.8780122433014093e-01
233092,1.5409949812921999e+00,1.8780122431176577e-01
233109,1.5409949811715999e+00,1.8780122427777740e-01
233126,1.5409949811582000e+00,1.8780122427400092e-01
233143,1.5409949811118999e+00,1.8780122426095230e-01
233160,1.5409949811118999e+00,1.8780122426095230e-01
233177,1.5409949811118999e+00,1.8780122426095230e-01
233194,1.5409949811118999e+00,1.8780122426095230e-01
233211,1.5409949811118999e+00,1.8780122426095230e-01
233228,1.5409949811001999e+00,1.8780122425765494e-01
233245,1.5409949811001999e+00,1.8780122425765494e-01
233262,1.5409949810704000e+00,1.8780122424925649e-01
233279,1.5409949810204999e+00,1.8780122423519330e-01
233296,1.5409949809746000e+00,1.8780122422225742e-01
233313,1.5409949809443999e+00,1.8780122421374623e-01
233330,1.5409949809236001e+00,1.8780122420788428e-01
233347,1.5409949808548999e+00,1.8780122418852269e-01
233364,1.5409949808118999e+00,1.8780122417640410e-01
233381,1.5409949807846000e+00,1.8780122416871023e-01
233398,1.5409949806714001e+00,1.8780122413680742e-01
233415,1.5409949804916001e+00,1.8780122408613487e-01
233432,1.5409949803123000e+00,1.8780122403560320e-01
233449,1.5409949802689000e+00,1.8780122402337190e-01
233466,1.5409949797378999e+00,1.8780122387372156e-01
233483,1.5409949794266999e+00,1.8780122378601691e-01
233500,1.5409949793766999e+00,1.8780122377192554e-01
233517,1.5409949792576001e+00,1.8780122373835995e-01
233534,1.5409949792576001e+00,1.8780122373835995e-01
233551,1.5409949792472999e+00,1.8780122373545707e-01
233568,1.5409949792472999e+00,1.8780122373545707e-01
233585,1.5409949792044999e+00,1.8780122372339489e-01
233602,1.5409949791749999e+00,1.8780122371508098e-01
233619,1.5409949791622000e+00,1.8780122371147359e-01
233636,1.5409949791280999e+00,1.8780122370186328e-01
233653,1.5409949790160000e+00,1.8780122367027047e-01
233670,1.5409949789782000e+00,1.8780122365961738e-01
233687,1.5409949789065001e+00,1.8780122363941038e-01
233704,1.5409949788691000e+00,1.8780122362887000e-01
233721,1.5409949788649999e+00,1.8780122362771451e-01
233738,1.5409949787702000e+00,1.8780122360099730e-01
233755,1.5409949787445001e+00,1.8780122359375437e-01
233772,1.5409949786970001e+00,1.8780122358036755e-01
233789,1.5409949786421999e+00,1.8780122356492338e-01
233806,1.5409949786129999e+00,1.8780122355669404e-01
233823,1.5409949785968000e+00,1.8780122355212844e-01
233840,1.5409949785862000e+00,1.8780122354914108e-01
233857,1.5409949785665000e+00,1.8780122354358908e-01
233874,1.5409949785567001e+00,1.8780122354082718e-01
233891,1.5409949785535000e+00,1.8780122353992532e-01
233908,1.5409949785424000e+00,1.8780122353679704e-01
233925,1.5409949785424000e+00,1.8780122353679704e-01
233942,1.5409949785407000e+00,1.8780122353631792e-01
233959,1.5409949785302000e+00,1.8780122353335874e-01
233976,1.5409949785302000e+00,1.8780122353335874e-01
233993,1.5409949785302000e+00,1.8780122353335874e-01
234010,1.5409949785302000e+00,1.8780122353335874e-01
234027,1.5409949785227000e+00,1.8780122353124504e-01
234044,1.5409949785210999e+00,1.8780122353079409e-01
234061,1.5409949785096999e+00,1.8780122352758125e-01
234078,1.5409949785096000e+00,1.8780122352755310e-01
234095,1.5409949785096000e+00,1.8780122352755310e-01
234112,1.5409949785096000e+00,1.8780122352755310e-01
234129,1.5409949785096000e+00,1.8780122352755310e-01
234146,1.5409949785096000e+00,1.8780122352755310e-01
234163,1.5409949785096000e+00,1.8780122352755310e-01
234180,1.5409949785096000e+00,1.8780122352755310e-01
234197,1.5409949785076000e+00,1.8780122352698944e-01
234214,1.5409949785048001e+00,1.8780122352620035e-01
234231,1.5409949785029000e+00,1.8780122352566486e-01
234248,1.5409949785024999e+00,1.8780122352555209e-01
234265,1.5409949784968999e+00,1.8780122352397388e-01
234282,1.5409949784906001e+00,1.8780122352219841e-01
234299,1.5409949784859001e+00,1.8780122352087381e-01
234316,1.5409949784837000e+00,1.8780122352025377e-01
234333,1.5409949784706001e+00,1.8780122351656187e-01
234350,1.5409949784618000e+00,1.8780122351408177e-01
234367,1.5409949784378001e+00,1.8780122350731793e-01
234384,1.5409949784078001e+00,1.8780122349886311e-01
234401,1.5409949783549000e+00,1.8780122348395439e-01
234418,1.5409949782893000e+00,1.8780122346546654e-01
234435,1.5409949781259000e+00,1.8780122341941596e-01
234452,1.5409949781193000e+00,1.8780122341755590e-01
234469,1.5409949780759999e+00,1.8780122340535277e-01
234486,1.5409949780526999e+00,1.8780122339878616e-01
234503,1.5409949779631000e+00,1.8780122337353447e-01
234520,1.5409949779615999e+00,1.8780122337311170e-01
234537,1.5409949779137999e+00,1.8780122335964036e-01
234554,1.5409949778472001e+00,1.8780122334087071e-01
234571,1.5409949777487999e+00,1.8780122331313884e-01
234588,1.5409949776415000e+00,1.8780122328289878e-01
234605,1.5409949774330001e+00,1.8780122322413784e-01
234622,1.5409949773086999e+00,1.8780122318910666e-01
234639,1.5409949772375000e+00,1.8780122316904058e-01
234656,1.5409949771381000e+00,1.8780122314102693e-01
234673,1.5409949771074001e+00,1.8780122313237485e-01
234690,1.5409949771052001e+00,1.8780122313175482e-01
234707,1.5409949770436999e+00,1.8780122311442241e-01
234724,1.5409949770436999e+00,1.8780122311442241e-01
234741,1.5409949770336999e+00,1.8780122311160413e-01
234758,1.5409949770150999e+00,1.8780122310636216e-01
234775,1.5409949770113001e+00,1.8780122310529124e-01
234792,1.5409949769933000e+00,1.8780122310021835e-01
234809,1.5409949769827000e+00,1.8780122309723099e-01
234826,1.5409949769654001e+00,1.8780122309235539e-01
234843,1.5409949769594000e+00,1.8780122309066441e-01
234860,1.5409949769504001e+00,1.8780122308812797e-01
234877,1.5409949769450999e+00,1.8780122308663424e-01
234894,1.5409949769432001e+00,1.8780122308609881e-01
234911,1.5409949769377000e+00,1.8780122308454875e-01
234928,1.5409949769377000e+00,1.8780122308454875e-01
234945,1.5409949769361000e+00,1.8780122308409780e-01
234962,1.5409949769272999e+00,1.8780122308161770e-01
234979,1.5409949769154001e+00,1.8780122307826402e-01
234996,1.5409949769094000e+00,1.8780122307657304e-01
235013,1.5409949768946001e+00,1.8780122307240199e-01
235030,1.5409949768807001e+00,1.8780122306848460e-01
235047,1.5409949768563000e+00,1.8780122306160801e-01
235064,1.5409949768375999e+00,1.8780122305633778e-01
235081,1.5409949767724000e+00,1.8780122303796271e-01
235098,1.5409949766275000e+00,1.8780122299712590e-01
235115,1.5409949764793001e+00,1.8780122295535912e-01
235132,1.5409949760391000e+00,1.8780122283129869e-01
235149,1.5409949755717001e+00,1.8780122269957264e-01
235166,1.5409949748720000e+00,1.8780122250237805e-01
235183,1.5409949740355999e+00,1.8780122226665766e-01
235200,1.5409949737438000e+00,1.8780122218442047e-01
235217,1.5409949736907000e+00,1.8780122216945544e-01
235234,1.5409949736907000e+00,1.8780122216945544e-01
235251,1.5409949736762001e+00,1.8780122216536896e-01
235267,1.5409949736762001e+00,1.8780122216536896e-01
235283,1.5409949736762001e+00,1.8780122216536896e-01
235299,1.5409949736071999e+00,1.8780122214592285e-01
235315,1.5409949736071999e+00,1.8780122214592285e-01
235331,1.5409949736019000e+00,1.8780122214442915e-01
235347,1.5409949735821000e+00,1.8780122213884901e-01
235363,1.5409949735821000e+00,1.8780122213884901e-01
235379,1.5409949735721999e+00,1.8780122213605888e-01
235395,1.5409949735721999e+00,1.8780122213605888e-01
235411,1.5409949735721999e+00,1.8780122213605888e-01
235427,1.5409949735721999e+00,1.8780122213605888e-01
235443,1.5409949735585999e+00,1.8780122213222603e-01
235459,1.5409949735576001e+00,1.8780122213194422e-01
235475,1.5409949735548001e+00,1.8780122213115513e-01
235491,1.5409949735358000e+00,1.8780122212580036e-01
235507,1.5409949735249999e+00,1.8780122212275663e-01
235523,1.5409949735176001e+00,1.8780122212067113e-01
235539,1.5409949735074999e+00,1.8780122211782466e-01
235555,1.5409949735071999e+00,1.8780122211774011e-01
235571,1.5409949735066000e+00,1.8780122211757103e-01
235587,1.5409949735059001e+00,1.8780122211737377e-01
235603,1.5409949735056001e+00,1.8780122211728922e-01
235619,1.5409949735043000e+00,1.8780122211692282e-01
235635,1.5409949735031001e+00,1.8780122211658465e-01
235651,1.5409949735031001e+00,1.8780122211658465e-01
235667,1.5409949735019000e+00,1.8780122211624642e-01
235683,1.5409949735019000e+00,1.8780122211624642e-01
235699,1.5409949735019000e+00,1.8780122211624642e-01
235715,1.5409949735010000e+00,1.8780122211599279e-01
235731,1.5409949734991999e+00,1.8780122211548547e-01
235747,1.5409949734977000e+00,1.8780122211506275e-01
235763,1.5409949734949000e+00,1.8780122211427364e-01
235779,1.5409949734935999e+00,1.8780122211390726e-01
235795,1.5409949734924000e+00,1.8780122211356909e-01
235811,1.5409949734906001e+00,1.8780122211306183e-01
235827,1.5409949734894000e+00,1.8780122211272357e-01
235843,1.5409949734885000e+00,1.8780122211246994e-01
235859,1.5409949734874000e+00,1.8780122211215994e-01
235875,1.5409949734869000e+00,1.8780122211201902e-01
235891,1.5409949734859001e+00,1.8780122211173722e-01
235907,1.5409949734849999e+00,1.8780122211148353e-01
235923,1.5409949734832999e+00,1.8780122211100445e-01
235939,1.5409949734832999e+00,1.8780122211100445e-01
235955,1.5409949734816999e+00,1.8780122211055350e-01
235971,1.5409949734805000e+00,1.8780122211021533e-01
235987,1.5409949734801001e+00,1.8780122211010261e-01
236003,1.5409949734793000e+00,1.8780122210987715e-01
236019,1.5409949734785000e+00,1.8780122210965167e-01
236035,1.5409949734785000e+00,1.8780122210965167e-01
236051,1.5409949734770001e+00,1.8780122210922898e-01
236067,1.5409949734749999e+00,1.8780122210866526e-01
236083,1.5409949734730000e+00,1.8780122210810163e-01
236099,1.5409949734687001e+00,1.8780122210688979e-01
236115,1.5409949734645001e+00,1.8780122210570613e-01
236131,1.5409949734607999e+00,1.8780122210466332e-01
236147,1.5409949734510000e+00,1.8780122210190142e-01
236163,1.5409949734434001e+00,1.8780122209975955e-01
236179,1.5409949734395001e+00,1.8780122209866043e-01
236195,1.5409949734318000e+00,1.8780122209649036e-01
236211,1.5409949734199999e+00,1.8780122209316474e-01
236227,1.5409949734116000e+00,1.8780122209079742e-01
236243,1.5409949734023001e+00,1.8780122208817646e-01
236259,1.5409949733845001e+00,1.8780122208315994e-01
236275,1.5409949733693000e+00,1.8780122207887615e-01
236291,1.5409949733630000e+00,1.8780122207710062e-01
236307,1.5409949733499999e+00,1.8780122207343683e-01
236323,1.5409949733332000e+00,1.8780122206870217e-01
236339,1.5409949733213000e+00,1.8780122206534841e-01
236355,1.5409949733007000e+00,1.8780122205954278e-01
236371,1.5409949732773001e+00,1.8780122205294802e-01
236387,1.5409949732338999e+00,1.8780122204071667e-01
236403,1.5409949731815000e+00,1.8780122202594898e-01
236419,1.5409949731790000e+00,1.8780122202524441e-01
236435,1.5409949730704000e+00,1.8780122199463795e-01
236451,1.5409949730326000e+00,1.8780122198398488e-01
236467,1.5409949728462999e+00,1.8780122193148044e-01
236483,1.5409949727100001e+00,1.8780122189306742e-01
236499,1.5409949724070999e+00,1.8780122180770187e-01
236515,1.5409949723761001e+00,1.8780122179896525e-01
236531,1.5409949720856000e+00,1.8780122171709440e-01
236547,1.5409949714783999e+00,1.8780122154596884e-01
236563,1.5409949713702999e+00,1.8780122151550330e-01
236579,1.5409949701261001e+00,1.8780122116485379e-01
236595,1.5409949690963001e+00,1.8780122087462803e-01
236611,1.5409949674867001e+00,1.8780122042099875e-01
236627,1.5409949649061001e+00,1.8780121969371519e-01
236643,1.5409949645707000e+00,1.8780121959919027e-01
236659,1.5409949616137999e+00,1.8780121876585504e-01
236675,1.5409949599177999e+00,1.8780121828787591e-01
236691,1.5409949592815999e+00,1.8780121810857736e-01
236707,1.5409949592815999e+00,1.8780121810857736e-01
236723,1.5409949577627999e+00,1.8780121768053804e-01
236739,1.5409949568426999e+00,1.8780121742122871e-01
236755,1.5409949549437001e+00,1.8780121688603868e-01
236771,1.5409949528444999e+00,1.8780121629442673e-01
236787,1.5409949520027000e+00,1.8780121605718450e-01
236803,1.5409949513148999e+00,1.8780121586334364e-01
236819,1.5409949513148999e+00,1.8780121586334364e-01
236835,1.5409949489481001e+00,1.8780121519631479e-01
236851,1.5409949482175000e+00,1.8780121499041172e-01
236867,1.5409949466663000e+00,1.8780121455324117e-01
236883,1.5409949452508001e+00,1.8780121415431461e-01
236899,1.5409949452508001e+00,1.8780121415431461e-01
236915,1.5409949447222999e+00,1.8780121400536884e-01
236931,1.5409949447222999e+00,1.8780121400536884e-01
236947,1.5409949446602000e+00,1.8780121398786739e-01
236963,1.5409949443394000e+00,1.8780121389745716e-01
236979,1.5409949434726000e+00,1.8780121365316926e-01
236995,1.5409949434536001e+00,1.8780121364781455e-01
237011,1.5409949425420000e+00,1.8780121339090072e-01
237027,1.5409949425342999e+00,1.8780121338873065e-01
237043,1.5409949424561999e+00,1.8780121336671993e-01
237059,1.5409949422467999e+00,1.8780121330770527e-01
237075,1.5409949420624001e+00,1.8780121325573637e-01
237091,1.5409949420477000e+00,1.8780121325159349e-01
237107,1.5409949419418001e+00,1.8780121322174800e-01
237123,1.5409949418805000e+00,1.8780121320447196e-01
237139,1.5409949418279001e+00,1.8780121318964788e-01
237155,1.5409949416921001e+00,1.8780121315137571e-01
237171,1.5409949416543001e+00,1.8780121314072265e-01
237187,1.5409949416113999e+00,1.8780121312863221e-01
237203,1.5409949416113999e+00,1.8780121312863221e-01
237219,1.5409949415924000e+00,1.8780121312327752e-01
237235,1.5409949415924000e+00,1.8780121312327752e-01
237251,1.5409949415883000e+00,1.8780121312212200e-01
237267,1.5409949415883000e+00,1.8780121312212200e-01
237283,1.5409949415435000e+00,1.8780121310949616e-01
237299,1.5409949415130999e+00,1.8780121310092857e-01
237315,1.5409949415130999e+00,1.8780121310092857e-01
237331,1.5409949414890001e+00,1.8780121309413658e-01
237347,1.5409949414765001e+00,1.8780121309061373e-01
237363,1.5409949414701001e+00,1.8780121308881004e-01
237379,1.5409949414701001e+00,1.8780121308881004e-01
237395,1.5409949414516000e+00,1.8780121308359621e-01
237411,1.5409949414341999e+00,1.8780121307869241e-01
237427,1.5409949414209001e+00,1.8780121307494416e-01
237443,1.5409949414029001e+00,1.8780121306987124e-01
237459,1.5409949414029001e+00,1.8780121306987124e-01
237475,1.5409949413870001e+00,1.8780121306539022e-01
237491,1.5409949413819000e+00,1.8780121306395284e-01
237507,1.5409949413710000e+00,1.8780121306088093e-01
237523,1.5409949413693000e+00,1.8780121306040184e-01
237539,1.5409949413605000e+00,1.8780121305792175e-01
237555,1.5409949413569000e+00,1.8780121305690717e-01
237571,1.5409949413505999e+00,1.8780121305513164e-01
237587,1.5409949413488999e+00,1.8780121305465253e-01
237603,1.5409949413429000e+00,1.8780121305296160e-01
237619,1.5409949413365001e+00,1.8780121305115791e-01
237635,1.5409949413312001e+00,1.8780121304966424e-01
237651,1.5409949413294000e+00,1.8780121304915692e-01
237667,1.5409949413290001e+00,1.8780121304904421e-01
237683,1.5409949413290001e+00,1.8780121304904421e-01
237699,1.5409949413287001e+00,1.8780121304895966e-01
237715,1.5409949413263999e+00,1.8780121304831141e-01
237731,1.5409949413249000e+00,1.8780121304788869e-01
237747,1.5409949413249000e+00,1.8780121304788869e-01
237763,1.5409949413248001e+00,1.8780121304786054e-01
237779,1.5409949413244000e+00,1.8780121304774777e-01
237795,1.5409949413244000e+00,1.8780121304774777e-01
237811,1.5409949413240001e+00,1.8780121304763506e-01
237827,1.5409949413235999e+00,1.8780121304752231e-01
237843,1.5409949413234001e+00,1.8780121304746600e-01
237859,1.5409949413230000e+00,1.8780121304735323e-01
237875,1.5409949413224000e+00,1.8780121304718414e-01
237891,1.5409949413216999e+00,1.8780121304698683e-01
237907,1.5409949413213000e+00,1.8780121304687411e-01
237923,1.5409949413207000e+00,1.8780121304670502e-01
237939,1.5409949413196000e+00,1.8780121304639502e-01
237955,1.5409949413171999e+00,1.8780121304571862e-01
237971,1.5409949413154000e+00,1.8780121304521136e-01
237987,1.5409949413107999e+00,1.8780121304391492e-01
238003,1.5409949413095001e+00,1.8780121304354858e-01
238019,1.5409949413060000e+00,1.8780121304256217e-01
238035,1.5409949413032000e+00,1.8780121304177305e-01
238051,1.5409949412948001e+00,1.8780121303940572e-01
238067,1.5409949412845001e+00,1.8780121303650291e-01
238083,1.5409949412755000e+00,1.8780121303396641e-01
238099,1.5409949412470001e+00,1.8780121302593439e-01
238115,1.5409949412195001e+00,1.8780121301818412e-01
238131,1.5409949412040000e+00,1.8780121301381578e-01
238147,1.5409949411757999e+00,1.8780121300586822e-01
238163,1.5409949411717001e+00,1.8780121300471278e-01
238179,1.5409949411473001e+00,1.8780121299783620e-01
238195,1.5409949411421000e+00,1.8780121299637068e-01
238211,1.5409949411332000e+00,1.8780121299386240e-01
238227,1.5409949411332000e+00,1.8780121299386240e-01
238243,1.5409949411263000e+00,1.8780121299191779e-01
238259,1.5409949411221000e+00,1.8780121299073413e-01
238275,1.5409949411199999e+00,1.8780121299014224e-01
238291,1.5409949411185999e+00,1.8780121298974770e-01
238307,1.5409949411163000e+00,1.8780121298909952e-01
238323,1.5409949411159001e+00,1.8780121298898680e-01
238339,1.5409949411146999e+00,1.8780121298864857e-01
238355,1.5409949411146999e+00,1.8780121298864857e-01
238371,1.5409949411138000e+00,1.8780121298839494e-01
238387,1.5409949411113999e+00,1.8780121298771854e-01
238403,1.5409949411101000e+00,1.8780121298735220e-01
238419,1.5409949411029999e+00,1.8780121298535121e-01
238435,1.5409949410985000e+00,1.8780121298408300e-01
238451,1.5409949410985000e+00,1.8780121298408300e-01
238467,1.5409949410970001e+00,1.8780121298366029e-01
238483,1.5409949410963999e+00,1.8780121298349112e-01
238499,1.5409949410960000e+00,1.8780121298337843e-01
238515,1.5409949410954000e+00,1.8780121298320934e-01
238531,1.5409949410953001e+00,1.8780121298318117e-01
238547,1.5409949410953001e+00,1.8780121298318117e-01
238563,1.5409949410953001e+00,1.8780121298318117e-01
238579,1.5409949410923001e+00,1.8780121298233568e-01
238595,1.5409949410910000e+00,1.8780121298196928e-01
238611,1.5409949410904999e+00,1.8780121298182836e-01
238627,1.5409949410885999e+00,1.8780121298129288e-01
238643,1.5409949410879999e+00,1.8780121298112379e-01
238659,1.5409949410871999e+00,1.8780121298089833e-01
238675,1.5409949410845001e+00,1.8780121298013744e-01
238691,1.5409949410828001e+00,1.8780121297965832e-01
238707,1.5409949410798001e+00,1.8780121297881283e-01
238723,1.5409949410707999e+00,1.8780121297627636e-01
238739,1.5409949410645001e+00,1.8780121297450089e-01
238755,1.5409949410516000e+00,1.8780121297086527e-01
238771,1.5409949410329999e+00,1.8780121296562330e-01
238787,1.5409949410165000e+00,1.8780121296097316e-01
238803,1.5409949409689001e+00,1.8780121294755819e-01
238819,1.5409949409146999e+00,1.8780121293228311e-01
238835,1.5409949408446999e+00,1.8780121291255519e-01
238851,1.5409949406385000e+00,1.8780121285444240e-01
238867,1.5409949404137999e+00,1.8780121279111581e-01
238883,1.5409949401578000e+00,1.8780121271896805e-01
238899,1.5409949394903999e+00,1.8780121253087645e-01
238915,1.5409949389838999e+00,1.8780121238813091e-01
238931,1.5409949375526000e+00,1.8780121198475147e-01
238947,1.5409949348476999e+00,1.8780121122243670e-01
238963,1.5409949324429000e+00,1.8780121054469839e-01
238979,1.5409949260927001e+00,1.8780120875503853e-01
238995,1.5409949169824000e+00,1.8780120618750698e-01
239011,1.5409949092240001e+00,1.8780120400097786e-01
239027,1.5409949062548001e+00,1.8780120316417614e-01
239043,1.5409948854066000e+00,1.8780119728858352e-01
239059,1.5409948621926000e+00,1.8780119074624368e-01
239075,1.5409948296661000e+00,1.8780118157938666e-01
239091,1.5409947552864001e+00,1.8780116061715277e-01
239107,1.5409946684286999e+00,1.8780113613827587e-01
239123,1.5409945925059001e+00,1.8780111474115196e-01
239139,1.5409942726751999e+00,1.8780102460409159e-01
239155,1.5409941043338999e+00,1.8780097716089017e-01
239171,1.5409936974658001e+00,1.8780086249426461e-01
239187,1.5409931010144000e+00,1.8780069439779393e-01
239203,1.5409925326706999e+00,1.8780053422278850e-01
239219,1.5409915460164001e+00,1.8780025615612300e-01
239235,1.5409903708709001e+00,1.8779992496715445e-01
239251,1.5409879474910000e+00,1.8779924198991746e-01
239267,1.5409877436487001e+00,1.8779918454132283e-01
239283,1.5409852307502001e+00,1.8779847633397567e-01
239299,1.5409847269050001e+00,1.8779833433571280e-01
239315,1.5409728958690001e+00,1.8779499999158553e-01
239331,1.5409728954095001e+00,1.8779499986208401e-01
239347,1.5409623931645999e+00,1.8779203999006810e-01
239363,1.5409471036182001e+00,1.8778773086571565e-01
239379,1.5409324493384999e+00,1.8778360074141928e-01
239395,1.5409065872434000e+00,1.8777631173958673e-01
239411,1.5408675066587001e+00,1.8776529699173794e-01
239427,1.5408105714172000e+00,1.8774924946140825e-01
239443,1.5407907536854999e+00,1.8774366357886646e-01
239459,1.5406221660479000e+00,1.8769614207966662e-01
239475,1.5405098050977999e+00,1.8766446687646954e-01
239491,1.5404642702641000e+00,1.8765162968503074e-01
239507,1.5404579222790999e+00,1.8764984002941176e-01
239523,1.5404540314980999e+00,1.8764874311736499e-01
239539,1.5404374652562001e+00,1.8764407263322061e-01
239555,1.5404275702289001e+00,1.8764128292597596e-01
239571,1.5404245909298000e+00,1.8764044296800883e-01
239587,1.5404064296432001e+00,1.8763532269591210e-01
239603,1.5404064296432001e+00,1.8763532269591210e-01
239619,1.5404060325775999e+00,1.8763521074920894e-01
239635,1.5404060325775999e+00,1.8763521074920894e-01
239651,1.5403990971904000e+00,1.8763325541593476e-01
239667,1.5403990971904000e+00,1.8763325541593476e-01
239683,1.5403973678467999e+00,1.8763276785085775e-01
239699,1.5403961365145999e+00,1.8763242069303682e-01
239715,1.5403938803363000e+00,1.8763178459269861e-01
239731,1.5403938803363000e+00,1.8763178459269861e-01
239747,1.5403929734379000e+00,1.8763152890414278e-01
239763,1.5403925094644000e+00,1.8763139809261309e-01
239779,1.5403925094644000e+00,1.8763139809261309e-01
239795,1.5403902809550001e+00,1.8763076979169016e-01
239811,1.5403881302710001e+00,1.8763016343182337e-01
239827,1.5403822001242999e+00,1.8762849149285193e-01
239843,1.5403761357378001e+00,1.8762678169980365e-01
239859,1.5403719054744001e+00,1.8762558901541204e-01
239875,1.5403595063658999e+00,1.8762209318037659e-01
239891,1.5403470711250000e+00,1.8761858712982088e-01
239907,1.5403310494511000e+00,1.8761406986167839e-01
239923,1.5403182928773000e+00,1.8761047314618517e-01
239939,1.5402899811766000e+00,1.8760249055684317e-01
239955,1.5402858629097000e+00,1.8760132938394553e-01
239971,1.5402801041620000e+00,1.8759970566130785e-01
239987,1.5402801041620000e+00,1.8759970566130785e-01
240003,1.5402695198334000e+00,1.8759672131366426e-01
240019,1.5402633350160999e+00,1.8759497743872341e-01
240035,1.5402603605550000e+00,1.8759413875532413e-01
240051,1.5402603605550000e+00,1.8759413875532413e-01
240067,1.5402596212333000e+00,1.8759393029484564e-01
240083,1.5402560407960000e+00,1.8759292074687847e-01
240099,1.5402523207700001e+00,1.8759187183768905e-01
240115,1.5402502495170001e+00,1.8759128782016074e-01
240131,1.5402437492370000e+00,1.8758945497404189e-01
240147,1.5402404958797000e+00,1.8758853764091463e-01
240163,1.5402404958797000e+00,1.8758853764091463e-01
240179,1.5402404958797000e+00,1.8758853764091463e-01
240195,1.5402404958797000e+00,1.8758853764091463e-01
240211,1.5402379367154000e+00,1.8758781604460542e-01
240227,1.5402379367154000e+00,1.8758781604460542e-01
240243,1.5402353273600000e+00,1.8758708029489790e-01
240259,1.5402334869231000e+00,1.8758656135337429e-01
240275,1.5402323334021000e+00,1.8758623609879638e-01
240291,1.5402312017840001e+00,1.8758591701987154e-01
240307,1.5402309452345000e+00,1.8758584468135420e-01
240323,1.5402309289684000e+00,1.8758584009484880e-01
240339,1.5402293898057000e+00,1.8758540610135552e-01
240355,1.5402293898057000e+00,1.8758540610135552e-01
240371,1.5402291176439000e+00,1.8758532936059266e-01
240387,1.5402290353942001e+00,1.8758530616885360e-01
240403,1.5402282247201000e+00,1.8758507758506973e-01
240419,1.5402275414802000e+00,1.8758488493350067e-01
240435,1.5402268419303000e+00,1.8758468768295022e-01
240451,1.5402255251978001e+00,1.8758431640653317e-01
240467,1.5402238788644000e+00,1.8758385219276613e-01
240483,1.5402230980314000e+00,1.8758363202246894e-01
240499,1.5402225182047999e+00,1.8758346852956939e-01
240515,1.5402221286829001e+00,1.8758335869658677e-01
240531,1.5402221286829001e+00,1.8758335869658677e-01
240547,1.5402221097688999e+00,1.8758335336343007e-01
240563,1.5402219048046000e+00,1.8758329556990158e-01
240579,1.5402214280190001e+00,1.8758316113122980e-01
240595,1.5402208095245000e+00,1.8758298673500501e-01
240611,1.5402200516504001e+00,1.8758277303796980e-01
240627,1.5402192745642000e+00,1.8758255392360793e-01
240643,1.5402174230501999e+00,1.8758203185327027e-01
240659,1.5402154664715000e+00,1.8758148015721762e-01
240675,1.5402142223854001e+00,1.8758112936217747e-01
240691,1.5402125569542999e+00,1.8758065976001609e-01
240707,1.5402124888001001e+00,1.8758064054254286e-01
240723,1.5402124080696999e+00,1.8758061777895116e-01
240739,1.5402123435501001e+00,1.8758059958632614e-01
240755,1.5402121654737000e+00,1.8758054937402735e-01
240771,1.5402120627355000e+00,1.8758052040487894e-01
240787,1.5402120210300001e+00,1.8758050864515496e-01
240803,1.5402117406303999e+00,1.8758042958070895e-01
240819,1.5402117406303999e+00,1.8758042958070895e-01
240835,1.5402116951214999e+00,1.8758041674853534e-01
240851,1.5402116239896000e+00,1.8758039669142734e-01
240867,1.5402115589005001e+00,1.8758037833821076e-01
240883,1.5402114771649000e+00,1.8758035529116840e-01
240899,1.5402113823076999e+00,1.8758032854421811e-01
240915,1.5402112714075000e+00,1.8758029727360997e-01
240931,1.5402112014467999e+00,1.8758027754674050e-01
240947,1.5402112014467999e+00,1.8758027754674050e-01
240963,1.5402111602152000e+00,1.8758026592063587e-01
240979,1.5402110406478000e+00,1.8758023220612621e-01
240995,1.5402110051100000e+00,1.8758022218550552e-01
241011,1.5402109970196001e+00,1.8758021990424922e-01
241027,1.5402108840593001e+00,1.8758018805274521e-01
241043,1.5402106639094999e+00,1.8758012597692739e-01
241059,1.5402105313040999e+00,1.8758008858607086e-01
241075,1.5402104156123000e+00,1.8758005596435379e-01
241091,1.5402103896799000e+00,1.8758004865217215e-01
241107,1.5402103396100999e+00,1.8758003453394623e-01
241123,1.5402103030480001e+00,1.8758002422449824e-01
241139,1.5402102683276999e+00,1.8758001443438391e-01
241155,1.5402102683276999e+00,1.8758001443438391e-01
241171,1.5402102097115999e+00,1.8757999790634888e-01
241187,1.5402101867738001e+00,1.8757999143855644e-01
241203,1.5402101803690000e+00,1.8757998963258907e-01
241219,1.5402101803690000e+00,1.8757998963258907e-01
241235,1.5402101554209000e+00,1.8757998259795031e-01
241251,1.5402101314593000e+00,1.8757997584147573e-01
241267,1.5402100871257001e+00,1.8757996334068919e-01
241283,1.5402100871257001e+00,1.8757996334068919e-01
241299,1.5402100616419001e+00,1.8757995615499817e-01
241315,1.5402100446610001e+00,1.8757995136687777e-01
241331,1.5402100151532001e+00,1.8757994304653544e-01
241347,1.5402099995950000e+00,1.8757993865957495e-01
241363,1.5402099631355000e+00,1.8757992837905485e-01
241379,1.5402099453725999e+00,1.8757992337043283e-01
241395,1.5402098597647000e+00,1.8757989923149018e-01
241411,1.5402097397848000e+00,1.8757986540063901e-01
241427,1.5402095377975000e+00,1.8757980844607411e-01
241443,1.5402094114885001e+00,1.8757977283059285e-01
241459,1.5402091651567000e+00,1.8757970337214827e-01
241475,1.5402088609203000e+00,1.8757961758626557e-01
241491,1.5402086640460000e+00,1.8757956207338691e-01
241507,1.5402082419126000e+00,1.8757944304391017e-01
241523,1.5402076361656001e+00,1.8757927224062262e-01
241539,1.5402071640671999e+00,1.8757913912236202e-01
241555,1.5402063082241000e+00,1.8757889779895590e-01
241571,1.5402056559873001e+00,1.8757871388664391e-01
241587,1.5402054631533000e+00,1.8757865951290034e-01
241603,1.5402054631533000e+00,1.8757865951290034e-01
241619,1.5402053061306000e+00,1.8757861523692726e-01
241635,1.5402051027031001e+00,1.8757855787610259e-01
241651,1.5402050725537000e+00,1.8757854937482038e-01
241667,1.5402050725537000e+00,1.8757854937482038e-01
241683,1.5402050668192000e+00,1.8757854775785279e-01
241699,1.5402050406861001e+00,1.8757854038905403e-01
241715,1.5402050406861001e+00,1.8757854038905403e-01
241731,1.5402049970220000e+00,1.8757852807700628e-01
241747,1.5402049742570001e+00,1.8757852165791666e-01
241763,1.5402049230809001e+00,1.8757850722769565e-01
241779,1.5402047262078999e+00,1.8757845171504159e-01
241795,1.5402046019635001e+00,1.8757841668160835e-01
241811,1.5402045436101000e+00,1.8757840022758651e-01
241827,1.5402044629614999e+00,1.8757837748694273e-01
241843,1.5402044498078000e+00,1.8757837377796807e-01
241859,1.5402043928458999e+00,1.8757835771630865e-01
241875,1.5402043452945000e+00,1.8757834430814604e-01
241891,1.5402042887916001e+00,1.8757832837591071e-01
241907,1.5402042366875000e+00,1.8757831368401320e-01
241923,1.5402042232326001e+00,1.8757830989010804e-01
241939,1.5402041929478001e+00,1.8757830135064202e-01
241955,1.5402041398752000e+00,1.8757828638565369e-01
241971,1.5402041159151001e+00,1.8757827962957574e-01
241987,1.5402041085286999e+00,1.8757827754681747e-01
242003,1.5402041039262999e+00,1.8757827624906939e-01
242019,1.5402041039262999e+00,1.8757827624906939e-01
242035,1.5402041039262999e+00,1.8757827624906939e-01
242051,1.5402040673413000e+00,1.8757826593312246e-01
242067,1.5402040625661999e+00,1.8757826458667776e-01
242083,1.5402040382544000e+00,1.8757825773142989e-01
242099,1.5402039838999999e+00,1.8757824240500828e-01
242115,1.5402039289861000e+00,1.8757822692082282e-01
242131,1.5402039102656999e+00,1.8757822164219293e-01
242147,1.5402038684715000e+00,1.8757820985739579e-01
242163,1.5402038440948000e+00,1.8757820298384703e-01
242179,1.5402037433132001e+00,1.8757817456624873e-01
242195,1.5402036650540001e+00,1.8757815249933729e-01
242211,1.5402035171730000e+00,1.8757811080101722e-01
242227,1.5402034123093000e+00,1.8757808123237432e-01
242243,1.5402032956188001e+00,1.8757804832890085e-01
242259,1.5402030930555000e+00,1.8757799121168162e-01
242275,1.5402030458064000e+00,1.8757797788874792e-01
242291,1.5402029578061001e+00,1.8757795307510672e-01
242307,1.5402028986601000e+00,1.8757793639757611e-01
242323,1.5402028608505001e+00,1.8757792573631790e-01
242339,1.5402028283388001e+00,1.8757791656892026e-01
242355,1.5402027987024001e+00,1.8757790821227732e-01
242371,1.5402027987024001e+00,1.8757790821227732e-01
242387,1.5402027845870001e+00,1.8757790423212592e-01
242403,1.5402027475360001e+00,1.8757789378477105e-01
242419,1.5402027455175999e+00,1.8757789321563814e-01
242435,1.5402027211511000e+00,1.8757788634496053e-01
242451,1.5402026853583000e+00,1.8757787625238276e-01
242467,1.5402026757739999e+00,1.8757787354987571e-01
242483,1.5402026690413000e+00,1.8757787165144085e-01
242499,1.5402026537218001e+00,1.8757786733176629e-01
242515,1.5402026421285000e+00,1.8757786406277679e-01
242531,1.5402026421285000e+00,1.8757786406277679e-01
242547,1.5402026281707999e+00,1.8757786012709196e-01
242563,1.5402026164534000e+00,1.8757785682310971e-01
242579,1.5402026029875000e+00,1.8757785302609886e-01
242595,1.5402025955606000e+00,1.8757785093191873e-01
242611,1.5402025705679001e+00,1.8757784388466936e-01
242627,1.5402025504017001e+00,1.8757783819835924e-01
242643,1.5402025281858001e+00,1.8757783193409042e-01
242658,1.5402024939204000e+00,1.8757782227219591e-01
242673,1.5402024838835999e+00,1.8757781944209603e-01
242688,1.5402024801576000e+00,1.8757781839146714e-01
242703,1.5402024735029001e+00,1.8757781651502589e-01
242718,1.5402024588095000e+00,1.8757781237189361e-01
242733,1.5402024458924000e+00,1.8757780872962873e-01
242748,1.5402024330384001e+00,1.8757780510515637e-01
242763,1.5402024271563000e+00,1.8757780344656683e-01
242778,1.5402024095594000e+00,1.8757779848472775e-01
242793,1.5402023930302000e+00,1.8757779382395048e-01
242808,1.5402023649862999e+00,1.8757778591634611e-01
242823,1.5402023501477999e+00,1.8757778173229936e-01
242838,1.5402023419655000e+00,1.8757777942511697e-01
242853,1.5402023214666001e+00,1.8757777364499384e-01
242868,1.5402023054177001e+00,1.8757776911964763e-01
242883,1.5402022951818000e+00,1.8757776623340669e-01
242898,1.5402022861510001e+00,1.8757776368697068e-01
242913,1.5402022841606999e+00,1.8757776312576105e-01
242928,1.5402022815617999e+00,1.8757776239294308e-01
242943,1.5402022775029001e+00,1.8757776124844547e-01
242958,1.5402022761784999e+00,1.8757776087500122e-01
242973,1.5402022734800001e+00,1.8757776011409882e-01
242988,1.5402022690588000e+00,1.8757775886744257e-01
243003,1.5402022643547999e+00,1.8757775754104453e-01
243018,1.5402022571413001e+00,1.8757775550703690e-01
243033,1.5402022545628999e+00,1.8757775477999930e-01
243048,1.5402022521106000e+00,1.8757775408851846e-01
243063,1.5402022479888999e+00,1.8757775292631290e-01
243078,1.5402022451441999e+00,1.8757775212418609e-01
243093,1.5402022418796999e+00,1.8757775120368728e-01
243108,1.5402022410070999e+00,1.8757775095763818e-01
243123,1.5402022372291000e+00,1.8757774989234657e-01
243138,1.5402022370481001e+00,1.8757774984130962e-01
243153,1.5402022370481001e+00,1.8757774984130962e-01
243168,1.5402022319935000e+00,1.8757774841605204e-01
243183,1.5402022292149000e+00,1.8757774763256357e-01
243198,1.5402022250003999e+00,1.8757774644419098e-01
243213,1.5402022162032001e+00,1.8757774396362362e-01
243228,1.5402022008939000e+00,1.8757773964682387e-01
243243,1.5402021819156999e+00,1.8757773429549554e-01
243258,1.5402021517677000e+00,1.8757772579459206e-01
243273,1.5402020983794000e+00,1.8757771074056523e-01
243288,1.5402020085296999e+00,1.8757768540542893e-01
243303,1.5402019702092000e+00,1.8757767460010485e-01
243318,1.5402019326017999e+00,1.8757766399585499e-01
243333,1.5402018806307001e+00,1.8757764934143742e-01
243348,1.5402018353291000e+00,1.8757763656763454e-01
243363,1.5402018330564000e+00,1.8757763592679574e-01
243378,1.5402018330564000e+00,1.8757763592679574e-01
243393,1.5402018330564000e+00,1.8757763592679574e-01
243408,1.5402018328089000e+00,1.8757763585700757e-01
243423,1.5402018066615000e+00,1.8757762848416110e-01
243438,1.5402017990092001e+00,1.8757762632642330e-01
243453,1.5402017963093999e+00,1.8757762556515403e-01
243468,1.5402017941393000e+00,1.8757762495324565e-01
243483,1.5402017941393000e+00,1.8757762495324565e-01
243498,1.5402017917409001e+00,1.8757762427696292e-01
243513,1.5402017885518000e+00,1.8757762337772454e-01
243528,1.5402017863529001e+00,1.8757762275769532e-01
243543,1.5402017848189000e+00,1.8757762232514955e-01
243558,1.5402017835646000e+00,1.8757762197147151e-01
243573,1.5402017820209000e+00,1.8757762153619059e-01
243588,1.5402017818380001e+00,1.8757762148461787e-01
243603,1.5402017803315000e+00,1.8757762105982634e-01
243618,1.5402017798151999e+00,1.8757762091424393e-01
243633,1.5402017774015999e+00,1.8757762023367522e-01
243648,1.5402017750504000e+00,1.8757761957070160e-01
243663,1.5402017728569000e+00,1.8757761895219499e-01
243678,1.5402017713834999e+00,1.8757761853673674e-01
243693,1.5402017699028001e+00,1.8757761811922019e-01
243708,1.5402017671377000e+00,1.8757761733953809e-01
243723,1.5402017657664000e+00,1.8757761695286929e-01
243738,1.5402017647740001e+00,1.8757761667303982e-01
243753,1.5402017645257000e+00,1.8757761660302605e-01
243768,1.5402017628819999e+00,1.8757761613954790e-01
243783,1.5402017621666999e+00,1.8757761593785299e-01
243798,1.5402017614323000e+00,1.8757761573077245e-01
243813,1.5402017602019000e+00,1.8757761538383352e-01
243828,1.5402017599255999e+00,1.8757761530592451e-01
243843,1.5402017589004000e+00,1.8757761501684636e-01
243858,1.5402017583408001e+00,1.8757761485905458e-01
243873,1.5402017581898999e+00,1.8757761481650490e-01
243888,1.5402017581898999e+00,1.8757761481650490e-01
243903,1.5402017581898999e+00,1.8757761481650490e-01
243918,1.5402017580333001e+00,1.8757761477234805e-01
243933,1.5402017579202001e+00,1.8757761474045698e-01
243948,1.5402017575872000e+00,1.8757761464656011e-01
243963,1.5402017573600000e+00,1.8757761458249597e-01
243978,1.5402017569415001e+00,1.8757761446449053e-01
243993,1.5402017562618999e+00,1.8757761427286199e-01
244008,1.5402017560712000e+00,1.8757761421908986e-01
244023,1.5402017552420000e+00,1.8757761398527831e-01
244038,1.5402017541301001e+00,1.8757761367175313e-01
244053,1.5402017533593999e+00,1.8757761345443691e-01
244068,1.5402017517433999e+00,1.8757761299876941e-01
244083,1.5402017502712999e+00,1.8757761258367775e-01
244098,1.5402017480715999e+00,1.8757761196342293e-01
244113,1.5402017479485000e+00,1.8757761192871214e-01
244128,1.5402017479485000e+00,1.8757761192871214e-01
244143,1.5402017479485000e+00,1.8757761192871214e-01
244158,1.5402017478793000e+00,1.8757761190919964e-01
244173,1.5402017478793000e+00,1.8757761190919964e-01
244188,1.5402017478793000e+00,1.8757761190919964e-01
244203,1.5402017478465999e+00,1.8757761189997912e-01
244218,1.5402017477479999e+00,1.8757761187217664e-01
244233,1.5402017477479999e+00,1.8757761187217664e-01
244248,1.5402017477450001e+00,1.8757761187133076e-01
244263,1.5402017477450001e+00,1.8757761187133076e-01
244278,1.5402017476706000e+00,1.8757761185035199e-01
244293,1.5402017476570999e+00,1.8757761184654534e-01
244308,1.5402017475545999e+00,1.8757761181764315e-01
244323,1.5402017475150001e+00,1.8757761180647708e-01
244338,1.5402017473914000e+00,1.8757761177162530e-01
244353,1.5402017473087000e+00,1.8757761174830614e-01
244368,1.5402017472042000e+00,1.8757761171884002e-01
244383,1.5402017471614999e+00,1.8757761170679979e-01
244398,1.5402017468222999e+00,1.8757761161115474e-01
244413,1.5402017467292000e+00,1.8757761158490310e-01
244428,1.5402017466338001e+00,1.8757761155800295e-01
244443,1.5402017466268001e+00,1.8757761155602917e-01
244458,1.5402017465816000e+00,1.8757761154328398e-01
244473,1.5402017465816000e+00,1.8757761154328398e-01
244488,1.5402017465816000e+00,1.8757761154328398e-01
244503,1.5402017465260001e+00,1.8757761152760632e-01
244518,1.5402017465036999e+00,1.8757761152131830e-01
244533,1.5402017464777000e+00,1.8757761151398705e-01
244548,1.5402017464777000e+00,1.8757761151398705e-01
244563,1.5402017464472000e+00,1.8757761150538688e-01
244578,1.5402017464014000e+00,1.8757761149247251e-01
244593,1.5402017463224000e+00,1.8757761147019672e-01
244608,1.5402017462374000e+00,1.8757761144622906e-01
244623,1.5402017461258000e+00,1.8757761141476093e-01
244638,1.5402017460891000e+00,1.8757761140441254e-01
244653,1.5402017460891000e+00,1.8757761140441254e-01
244668,1.5402017460657000e+00,1.8757761139781440e-01
244683,1.5402017459835000e+00,1.8757761137463624e-01
244698,1.5402017459827999e+00,1.8757761137443885e-01
244713,1.5402017458913999e+00,1.8757761134866655e-01
244728,1.5402017458117001e+00,1.8757761132619341e-01
244743,1.5402017457466000e+00,1.8757761130783696e-01
244758,1.5402017457001000e+00,1.8757761129472525e-01
244773,1.5402017456831001e+00,1.8757761128993175e-01
244788,1.5402017456807000e+00,1.8757761128925499e-01
244803,1.5402017456618000e+00,1.8757761128392572e-01
244818,1.5402017456618000e+00,1.8757761128392572e-01
244833,1.5402017456618000e+00,1.8757761128392572e-01
244848,1.5402017456618000e+00,1.8757761128392572e-01
244863,1.5402017456618000e+00,1.8757761128392572e-01
244878,1.5402017456521000e+00,1.8757761128119058e-01
244893,1.5402017456503001e+00,1.8757761128068304e-01
244908,1.5402017456387000e+00,1.8757761127741215e-01
244923,1.5402017456387000e+00,1.8757761127741215e-01
244938,1.5402017456285999e+00,1.8757761127456418e-01
244953,1.5402017456156001e+00,1.8757761127089859e-01
244968,1.5402017455962000e+00,1.8757761126542832e-01
244983,1.5402017455912000e+00,1.8757761126401845e-01
244998,1.5402017455813000e+00,1.8757761126122691e-01
245013,1.5402017455813000e+00,1.8757761126122691e-01
245028,1.5402017455740000e+00,1.8757761125916853e-01
245043,1.5402017455690000e+00,1.8757761125775868e-01
245058,1.5402017455651000e+00,1.8757761125665898e-01
245073,1.5402017455534001e+00,1.8757761125335989e-01
245088,1.5402017455443000e+00,1.8757761125079395e-01
245103,1.5402017455443000e+00,1.8757761125079395e-01
245118,1.5402017455349000e+00,1.8757761124814340e-01
245133,1.5402017455349000e+00,1.8757761124814340e-01
245148,1.5402017455237000e+00,1.8757761124498532e-01
245163,1.5402017455212000e+00,1.8757761124428038e-01
245178,1.5402017455212000e+00,1.8757761124428038e-01
245193,1.5402017455118999e+00,1.8757761124165800e-01
245208,1.5402017454967001e+00,1.8757761123737207e-01
245223,1.5402017454749000e+00,1.8757761123122504e-01
245238,1.5402017454654999e+00,1.8757761122857450e-01
245253,1.5402017454517001e+00,1.8757761122468330e-01
245268,1.5402017454321999e+00,1.8757761121918479e-01
245283,1.5402017454211001e+00,1.8757761121605496e-01
245298,1.5402017453987999e+00,1.8757761120976693e-01
245313,1.5402017453812999e+00,1.8757761120483241e-01
245328,1.5402017453556001e+00,1.8757761119758576e-01
245343,1.5402017453229999e+00,1.8757761118839342e-01
245358,1.5402017452706001e+00,1.8757761117361810e-01
245373,1.5402017452560000e+00,1.8757761116950128e-01
245388,1.5402017452162000e+00,1.8757761115827878e-01
245403,1.5402017452006000e+00,1.8757761115388003e-01
245418,1.5402017451718000e+00,1.8757761114575919e-01
245433,1.5402017451684999e+00,1.8757761114482868e-01
245448,1.5402017451684999e+00,1.8757761114482868e-01
245463,1.5402017451664001e+00,1.8757761114423657e-01
245478,1.5402017451664001e+00,1.8757761114423657e-01
245493,1.5402017451664001e+00,1.8757761114423657e-01
245508,1.5402017451662000e+00,1.8757761114418015e-01
245523,1.5402017451623999e+00,1.8757761114310864e-01
245538,1.5402017451601000e+00,1.8757761114246013e-01
245553,1.5402017451536001e+00,1.8757761114062732e-01
245568,1.5402017451503001e+00,1.8757761113969681e-01
245583,1.5402017451484999e+00,1.8757761113918922e-01
245598,1.5402017451429999e+00,1.8757761113763835e-01
245613,1.5402017451429999e+00,1.8757761113763835e-01
245628,1.5402017451411001e+00,1.8757761113710267e-01
245643,1.5402017451368000e+00,1.8757761113589017e-01
245658,1.5402017451273000e+00,1.8757761113321142e-01
245673,1.5402017451223999e+00,1.8757761113182975e-01
245688,1.5402017451154999e+00,1.8757761112988411e-01
245703,1.5402017451081000e+00,1.8757761112779756e-01
245718,1.5402017450965000e+00,1.8757761112452667e-01
245733,1.5402017450850001e+00,1.8757761112128402e-01
245748,1.5402017450548000e+00,1.8757761111276841e-01
245763,1.5402017449919001e+00,1.8757761109503238e-01
245778,1.5402017449318000e+00,1.8757761107808579e-01
245793,1.5402017448595000e+00,1.8757761105769921e-01
245808,1.5402017447294001e+00,1.8757761102101461e-01
245823,1.5402017446584000e+00,1.8757761100099454e-01
245838,1.5402017445814999e+00,1.8757761097931083e-01
245853,1.5402017443350999e+00,1.8757761090983283e-01
245868,1.5402017440032001e+00,1.8757761081624619e-01
245883,1.5402017434823001e+00,1.8757761066936673e-01
245898,1.5402017430209001e+00,1.8757761053926464e-01
245913,1.5402017419709000e+00,1.8757761024319353e-01
245928,1.5402017409133999e+00,1.8757760994500763e-01
245943,1.5402017388739000e+00,1.8757760936992482e-01
245958,1.5402017358497000e+00,1.8757760851718366e-01
245973,1.5402017285931999e+00,1.8757760647105046e-01
245988,1.5402017207195999e+00,1.8757760425091202e-01
246003,1.5402017149161000e+00,1.8757760261448483e-01
246018,1.5402016997262999e+00,1.8757759833137935e-01
246033,1.5402016783999000e+00,1.8757759231792157e-01
246048,1.5402016599623001e+00,1.8757758711902583e-01
246063,1.5402016491677000e+00,1.8757758407524566e-01
246078,1.5402015840592000e+00,1.8757756571643996e-01
246093,1.5402015285833000e+00,1.8757755007376176e-01
246108,1.5402014890888001e+00,1.8757753893739859e-01
246123,1.5402014099418999e+00,1.8757751662014782e-01
246138,1.5402012689575999e+00,1.8757747686644680e-01
246153,1.5402011954040000e+00,1.8757745612635007e-01
246168,1.5402011016121999e+00,1.8757742967963481e-01
246183,1.5402010342320001e+00,1.8757741068026543e-01
246198,1.5402009713691001e+00,1.8757739295465006e-01
246213,1.5402009674707999e+00,1.8757739185543620e-01
246228,1.5402009674707999e+00,1.8757739185543620e-01
246243,1.5402009674707999e+00,1.8757739185543620e-01
246258,1.5402009312695000e+00,1.8757738164766116e-01
246273,1.5402009115044000e+00,1.8757737607444422e-01
246288,1.5402008552302999e+00,1.8757736020668866e-01
246303,1.5402007270992000e+00,1.8757732407722427e-01
246318,1.5402006927305001e+00,1.8757731438619074e-01
246333,1.5402006538033000e+00,1.8757730340978454e-01
246348,1.5402006347413999e+00,1.8757729803484977e-01
246363,1.5402006347413999e+00,1.8757729803484977e-01
246378,1.5402006347413999e+00,1.8757729803484977e-01
246393,1.5402006347413999e+00,1.8757729803484977e-01
246408,1.5402005344258001e+00,1.8757726974859154e-01
246423,1.5402005240342000e+00,1.8757726681844417e-01
246438,1.5402005092677999e+00,1.8757726265472260e-01
246453,1.5402004904508000e+00,1.8757725734884245e-01
246468,1.5402004904508000e+00,1.8757725734884245e-01
246483,1.5402004904508000e+00,1.8757725734884245e-01
246498,1.5402004904238000e+00,1.8757725734122921e-01
246513,1.5402004904238000e+00,1.8757725734122921e-01
246528,1.5402004881819000e+00,1.8757725670907463e-01
246543,1.5402004881819000e+00,1.8757725670907463e-01
246558,1.5402004881819000e+00,1.8757725670907463e-01
246573,1.5402004855450000e+00,1.8757725596554081e-01
246588,1.5402004855450000e+00,1.8757725596554081e-01
246603,1.5402004855450000e+00,1.8757725596554081e-01
246618,1.5402004842868999e+00,1.8757725561079094e-01
246633,1.5402004842868999e+00,1.8757725561079094e-01
246648,1.5402004836839001e+00,1.8757725544076145e-01
246663,1.5402004816890000e+00,1.8757725487825411e-01
246678,1.5402004814220001e+00,1.8757725480296741e-01
246693,1.5402004811170000e+00,1.8757725471696574e-01
246708,1.5402004810409000e+00,1.8757725469550759e-01
246723,1.5402004810409000e+00,1.8757725469550759e-01
246738,1.5402004807569001e+00,1.8757725461542737e-01
246753,1.5402004804989999e+00,1.8757725454270657e-01
246768,1.5402004802060001e+00,1.8757725446008863e-01
246783,1.5402004800992000e+00,1.8757725442997392e-01
246798,1.5402004800992000e+00,1.8757725442997392e-01
246813,1.5402004800916000e+00,1.8757725442783094e-01
246828,1.5402004799269000e+00,1.8757725438139003e-01
246843,1.5402004797954001e+00,1.8757725434431063e-01
246858,1.5402004796533999e+00,1.8757725430427047e-01
246873,1.5402004794430000e+00,1.8757725424494343e-01
246888,1.5402004794430000e+00,1.8757725424494343e-01
246903,1.5402004793691999e+00,1.8757725422413382e-01
246918,1.5402004792926001e+00,1.8757725420253477e-01
246933,1.5402004792713999e+00,1.8757725419655688e-01
246948,1.5402004792032000e+00,1.8757725417732637e-01
246963,1.5402004791732999e+00,1.8757725416889537e-01
246978,1.5402004791732999e+00,1.8757725416889537e-01
246993,1.5402004790612001e+00,1.8757725413728626e-01
247008,1.5402004790399000e+00,1.8757725413128024e-01
247023,1.5402004789979000e+00,1.8757725411943740e-01
247038,1.5402004789745001e+00,1.8757725411283924e-01
247053,1.5402004789040000e+00,1.8757725409296017e-01
247068,1.5402004788265999e+00,1.8757725407113546e-01
247083,1.5402004787596999e+00,1.8757725405227146e-01
247098,1.5402004785729999e+00,1.8757725399962716e-01
247113,1.5402004783850001e+00,1.8757725394661634e-01
247128,1.5402004783850001e+00,1.8757725394661634e-01
247143,1.5402004781223999e+00,1.8757725387257027e-01
247158,1.5402004779937000e+00,1.8757725383628041e-01
247173,1.5402004775935001e+00,1.8757725372343495e-01
247188,1.5402004770510000e+00,1.8757725357046476e-01
247203,1.5402004765907000e+00,1.8757725344067272e-01
247218,1.5402004759870001e+00,1.8757725327044580e-01
247233,1.5402004747014000e+00,1.8757725290794169e-01
247248,1.5402004738166000e+00,1.8757725265845224e-01
247263,1.5402004723231000e+00,1.8757725223732602e-01
247278,1.5402004723231000e+00,1.8757725223732602e-01
247293,1.5402004715443001e+00,1.8757725201772571e-01
247308,1.5402004714582000e+00,1.8757725199344785e-01
247323,1.5402004713501001e+00,1.8757725196296662e-01
247338,1.5402004702129000e+00,1.8757725164230724e-01
247353,1.5402004693269999e+00,1.8757725139250761e-01
247368,1.5402004684696000e+00,1.8757725115074425e-01
247383,1.5402004683118999e+00,1.8757725110627713e-01
247398,1.5402004683118999e+00,1.8757725110627713e-01
247413,1.5402004683118999e+00,1.8757725110627713e-01
247428,1.5402004683118999e+00,1.8757725110627713e-01
247443,1.5402004678460000e+00,1.8757725097490605e-01
247458,1.5402004675328000e+00,1.8757725088659222e-01
247473,1.5402004671694001e+00,1.8757725078412335e-01
247488,1.5402004659716000e+00,1.8757725044637644e-01
247503,1.5402004650119001e+00,1.8757725017576726e-01
247518,1.5402004630904000e+00,1.8757724963395669e-01
247533,1.5402004601057000e+00,1.8757724879235277e-01
247548,1.5402004593951000e+00,1.8757724859198296e-01
247563,1.5402004575209001e+00,1.8757724806350975e-01
247578,1.5402004575209001e+00,1.8757724806350975e-01
247593,1.5402004571065000e+00,1.8757724794666025e-01
247608,1.5402004565806000e+00,1.8757724779837082e-01
247623,1.5402004565806000e+00,1.8757724779837082e-01
247638,1.5402004565806000e+00,1.8757724779837082e-01
247653,1.5402004561506000e+00,1.8757724767712255e-01
247668,1.5402004559497999e+00,1.8757724762050240e-01
247683,1.5402004557532001e+00,1.8757724756506663e-01
247698,1.5402004557532001e+00,1.8757724756506663e-01
247713,1.5402004556665001e+00,1.8757724754061961e-01
247728,1.5402004555827000e+00,1.8757724751699026e-01
247743,1.5402004555827000e+00,1.8757724751699026e-01
247758,1.5402004554896001e+00,1.8757724749073862e-01
247773,1.5402004554896001e+00,1.8757724749073862e-01
247788,1.5402004554563999e+00,1.8757724748137708e-01
247803,1.5402004554322000e+00,1.8757724747455334e-01
247818,1.5402004553196000e+00,1.8757724744280324e-01
247833,1.5402004552752999e+00,1.8757724743031182e-01
247848,1.5402004552304001e+00,1.8757724741765128e-01
247863,1.5402004552241999e+00,1.8757724741590301e-01
247878,1.5402004551926001e+00,1.8757724740699272e-01
247893,1.5402004551388999e+00,1.8757724739185075e-01
247908,1.5402004550916999e+00,1.8757724737854162e-01
247923,1.5402004550599000e+00,1.8757724736957493e-01
247938,1.5402004550385999e+00,1.8757724736356890e-01
247953,1.5402004550385999e+00,1.8757724736356890e-01
247968,1.5402004550219000e+00,1.8757724735885994e-01
247983,1.5402004549985999e+00,1.8757724735228998e-01
247998,1.5402004549929000e+00,1.8757724735068276e-01
248013,1.5402004549885000e+00,1.8757724734944209e-01
248028,1.5402004549792001e+00,1.8757724734681977e-01
248043,1.5402004549710999e+00,1.8757724734453574e-01
248058,1.5402004549641000e+00,1.8757724734256193e-01
248073,1.5402004549596000e+00,1.8757724734129308e-01
248088,1.5402004549452999e+00,1.8757724733726083e-01
248103,1.5402004549318999e+00,1.8757724733348241e-01
248118,1.5402004549253001e+00,1.8757724733162143e-01
248133,1.5402004549253001e+00,1.8757724733162143e-01
248148,1.5402004549167001e+00,1.8757724732919648e-01
248163,1.5402004549056001e+00,1.8757724732606657e-01
248178,1.5402004548954000e+00,1.8757724732319042e-01
248193,1.5402004548862001e+00,1.8757724732059627e-01
248208,1.5402004548862001e+00,1.8757724732059627e-01
248223,1.5402004548862001e+00,1.8757724732059627e-01
248238,1.5402004548860999e+00,1.8757724732056805e-01
248253,1.5402004548810000e+00,1.8757724731913000e-01
248268,1.5402004548765000e+00,1.8757724731786116e-01
248283,1.5402004548745001e+00,1.8757724731729722e-01
248298,1.5402004548699999e+00,1.8757724731602829e-01
248313,1.5402004548613000e+00,1.8757724731357514e-01
248328,1.5402004548554999e+00,1.8757724731193970e-01
248343,1.5402004548484001e+00,1.8757724730993772e-01
248358,1.5402004548321000e+00,1.8757724730534153e-01
248373,1.5402004548299000e+00,1.8757724730472120e-01
248388,1.5402004548207999e+00,1.8757724730215525e-01
248403,1.5402004548104999e+00,1.8757724729925093e-01
248418,1.5402004547979999e+00,1.8757724729572625e-01
248433,1.5402004547920001e+00,1.8757724729403447e-01
248448,1.5402004547649999e+00,1.8757724728642114e-01
248463,1.5402004547223000e+00,1.8757724727438096e-01
248478,1.5402004546878001e+00,1.8757724726465291e-01
248493,1.5402004546351999e+00,1.8757724724982111e-01
248508,1.5402004545690000e+00,1.8757724723115454e-01
248523,1.5402004544790999e+00,1.8757724720580515e-01
248538,1.5402004544243999e+00,1.8757724719038124e-01
248553,1.5402004543493999e+00,1.8757724716923330e-01
248568,1.5402004542826999e+00,1.8757724715042573e-01
248583,1.5402004541748999e+00,1.8757724712002907e-01
248598,1.5402004540836001e+00,1.8757724709428500e-01
248613,1.5402004539362000e+00,1.8757724705272219e-01
248628,1.5402004537225000e+00,1.8757724699246464e-01
248643,1.5402004536589000e+00,1.8757724697453118e-01
248658,1.5402004533942999e+00,1.8757724689992117e-01
248673,1.5402004533230000e+00,1.8757724687981656e-01
248688,1.5402004532489000e+00,1.8757724685892235e-01
248703,1.5402004531178000e+00,1.8757724682195573e-01
248718,1.5402004530094000e+00,1.8757724679138990e-01
248733,1.5402004529386000e+00,1.8757724677142623e-01
248748,1.5402004529386000e+00,1.8757724677142623e-01
248763,1.5402004529358999e+00,1.8757724677066490e-01
248778,1.5402004528936000e+00,1.8757724675873746e-01
248793,1.5402004528650000e+00,1.8757724675067303e-01
248808,1.5402004528583999e+00,1.8757724674881199e-01
248823,1.5402004528501001e+00,1.8757724674647169e-01
248838,1.5402004528322000e+00,1.8757724674142434e-01
248853,1.5402004528247000e+00,1.8757724673930953e-01
248868,1.5402004528172000e+00,1.8757724673719475e-01
248883,1.5402004528144999e+00,1.8757724673643339e-01
248898,1.5402004528097000e+00,1.8757724673507994e-01
248913,1.5402004528086000e+00,1.8757724673476978e-01
248928,1.5402004528044000e+00,1.8757724673358550e-01
248943,1.5402004528038000e+00,1.8757724673341633e-01
248958,1.5402004528038000e+00,1.8757724673341633e-01
248973,1.5402004528038000e+00,1.8757724673341633e-01
248988,1.5402004528038000e+00,1.8757724673341633e-01
249003,1.5402004528037001e+00,1.8757724673338816e-01
249018,1.5402004527963999e+00,1.8757724673132969e-01
249033,1.5402004527941000e+00,1.8757724673068119e-01
249048,1.5402004527907001e+00,1.8757724672972248e-01
249063,1.5402004527872999e+00,1.8757724672876375e-01
249078,1.5402004527827999e+00,1.8757724672749487e-01
249093,1.5402004527725000e+00,1.8757724672459056e-01
249108,1.5402004527637001e+00,1.8757724672210924e-01
249123,1.5402004527435000e+00,1.8757724671641338e-01
249138,1.5402004527182001e+00,1.8757724670927947e-01
249153,1.5402004526752999e+00,1.8757724669718281e-01
249168,1.5402004526288000e+00,1.8757724668407111e-01
249183,1.5402004525641999e+00,1.8757724666585562e-01
249198,1.5402004525001001e+00,1.8757724664778122e-01
249213,1.5402004524988999e+00,1.8757724664744282e-01
249228,1.5402004524280000e+00,1.8757724662745096e-01
249243,1.5402004523532000e+00,1.8757724660635944e-01
249258,1.5402004522352000e+00,1.8757724657308664e-01
249273,1.5402004521968000e+00,1.8757724656225888e-01
249288,1.5402004520260000e+00,1.8757724651409793e-01
249303,1.5402004518846999e+00,1.8757724647425517e-01
249318,1.5402004518846999e+00,1.8757724647425517e-01
249333,1.5402004518846999e+00,1.8757724647425517e-01
249348,1.5402004518529999e+00,1.8757724646531665e-01
249363,1.5402004517837999e+00,1.8757724644580415e-01
249378,1.5402004517707999e+00,1.8757724644213850e-01
249393,1.5402004517225001e+00,1.8757724642851925e-01
249408,1.5402004516704000e+00,1.8757724641382845e-01
249423,1.5402004516704000e+00,1.8757724641382845e-01
249438,1.5402004516671000e+00,1.8757724641289794e-01
249453,1.5402004516512999e+00,1.8757724640844275e-01
249468,1.5402004516471000e+00,1.8757724640725848e-01
249483,1.5402004516450001e+00,1.8757724640666637e-01
249498,1.5402004516403001e+00,1.8757724640534110e-01
249513,1.5402004516346000e+00,1.8757724640373383e-01
249528,1.5402004516292001e+00,1.8757724640221118e-01
249543,1.5402004516246000e+00,1.8757724640091408e-01
249558,1.5402004516159000e+00,1.8757724639846096e-01
249573,1.5402004516156000e+00,1.8757724639837636e-01
249588,1.5402004516103001e+00,1.8757724639688192e-01
249603,1.5402004516076000e+00,1.8757724639612058e-01
249618,1.5402004516011001e+00,1.8757724639428777e-01
249633,1.5402004515887000e+00,1.8757724639079129e-01
249648,1.5402004515819001e+00,1.8757724638887391e-01
249663,1.5402004515764001e+00,1.8757724638732304e-01
249678,1.5402004515584999e+00,1.8757724638227569e-01
249693,1.5402004515500001e+00,1.8757724637987896e-01
249708,1.5402004515147001e+00,1.8757724636992534e-01
249723,1.5402004515126000e+00,1.8757724636933315e-01
249738,1.5402004514772001e+00,1.8757724635935136e-01
249753,1.5402004514220000e+00,1.8757724634378645e-01
249768,1.5402004513711001e+00,1.8757724632943404e-01
249783,1.5402004513711001e+00,1.8757724632943404e-01
249798,1.5402004512378000e+00,1.8757724629184708e-01
249813,1.5402004510844001e+00,1.8757724624859248e-01
249828,1.5402004509988001e+00,1.8757724622445562e-01
249843,1.5402004508030001e+00,1.8757724616924534e-01
249858,1.5402004505889000e+00,1.8757724610887497e-01
249873,1.5402004503758999e+00,1.8757724604881476e-01
249888,1.5402004502747999e+00,1.8757724602030734e-01
249903,1.5402004500705000e+00,1.8757724596270034e-01
249918,1.5402004500413999e+00,1.8757724595449490e-01
249933,1.5402004500413999e+00,1.8757724595449490e-01
249948,1.5402004499073001e+00,1.8757724591668243e-01
249963,1.5402004497198001e+00,1.8757724586381253e-01
249978,1.5402004496188999e+00,1.8757724583536142e-01
249993,1.5402004493924999e+00,1.8757724577152282e-01
250008,1.5402004493068999e+00,1.8757724574738596e-01
250023,1.5402004493068999e+00,1.8757724574738596e-01
250038,1.5402004492564001e+00,1.8757724573314638e-01
250053,1.5402004492413000e+00,1.8757724572888856e-01
250068,1.5402004492406001e+00,1.8757724572869119e-01
250083,1.5402004492375001e+00,1.8757724572781709e-01
250098,1.5402004492242001e+00,1.8757724572406687e-01
250113,1.5402004492212000e+00,1.8757724572322093e-01
250128,1.5402004492036001e+00,1.8757724571825823e-01
250143,1.5402004491981001e+00,1.8757724571670736e-01
250158,1.5402004491879000e+00,1.8757724571383122e-01
250173,1.5402004491662999e+00,1.8757724570774059e-01
250188,1.5402004491351999e+00,1.8757724569897125e-01
250203,1.5402004491071000e+00,1.8757724569104783e-01
250218,1.5402004490926999e+00,1.8757724568698741e-01
250233,1.5402004490743000e+00,1.8757724568179912e-01
250248,1.5402004490576000e+00,1.8757724567709019e-01
250263,1.5402004490525001e+00,1.8757724567565215e-01
250278,1.5402004490393999e+00,1.8757724567195824e-01
250293,1.5402004490218000e+00,1.8757724566699555e-01
250308,1.5402004489996000e+00,1.8757724566073575e-01
250323,1.5402004489862000e+00,1.8757724565695733e-01
250338,1.5402004489798000e+00,1.8757724565515271e-01
250353,1.5402004489598999e+00,1.8757724564954142e-01
250368,1.5402004489362000e+00,1.8757724564285869e-01
250383,1.5402004489056000e+00,1.8757724563423034e-01
250398,1.5402004488759999e+00,1.8757724562588393e-01
250413,1.5402004488614001e+00,1.8757724562176717e-01
250428,1.5402004488515000e+00,1.8757724561897560e-01
250443,1.5402004488375001e+00,1.8757724561502800e-01
250458,1.5402004488323000e+00,1.8757724561356173e-01
250473,1.5402004488204000e+00,1.8757724561020625e-01
250488,1.5402004488084000e+00,1.8757724560682260e-01
250503,1.5402004488073999e+00,1.8757724560654060e-01
250518,1.5402004487920000e+00,1.8757724560219824e-01
250533,1.5402004487920000e+00,1.8757724560219824e-01
250548,1.5402004487920000e+00,1.8757724560219824e-01
250563,1.5402004487920000e+00,1.8757724560219824e-01
250578,1.5402004487920000e+00,1.8757724560219824e-01
250593,1.5402004487912999e+00,1.8757724560200084e-01
250608,1.5402004487912000e+00,1.8757724560197264e-01
250623,1.5402004487912000e+00,1.8757724560197264e-01
250638,1.5402004487900001e+00,1.8757724560163430e-01
250653,1.5402004487868000e+00,1.8757724560073197e-01
250668,1.5402004487847001e+00,1.8757724560013986e-01
250683,1.5402004487828000e+00,1.8757724559960409e-01
250698,1.5402004487812999e+00,1.8757724559918110e-01
250713,1.5402004487783001e+00,1.8757724559833525e-01
250728,1.5402004487754000e+00,1.8757724559751748e-01
250743,1.5402004487729000e+00,1.8757724559681255e-01
250758,1.5402004487687999e+00,1.8757724559565644e-01
250773,1.5402004487647001e+00,1.8757724559450040e-01
250788,1.5402004487600001e+00,1.8757724559317512e-01
250803,1.5402004487554000e+00,1.8757724559187802e-01
250818,1.5402004487522001e+00,1.8757724559097574e-01
250833,1.5402004487473999e+00,1.8757724558962222e-01
250848,1.5402004487458001e+00,1.8757724558917113e-01
250863,1.5402004487420000e+00,1.8757724558809960e-01
250878,1.5402004487412999e+00,1.8757724558790220e-01
250893,1.5402004487401999e+00,1.8757724558759201e-01
250908,1.5402004487395999e+00,1.8757724558742284e-01
250923,1.5402004487395000e+00,1.8757724558739466e-01
250938,1.5402004487390000e+00,1.8757724558725367e-01
250953,1.5402004487390000e+00,1.8757724558725367e-01
250968,1.5402004487387999e+00,1.8757724558719727e-01
250983,1.5402004487386001e+00,1.8757724558714092e-01
250998,1.5402004487384999e+00,1.8757724558711267e-01
251013,1.5402004487381999e+00,1.8757724558702810e-01
251028,1.5402004487380001e+00,1.8757724558697172e-01
251043,1.5402004487379000e+00,1.8757724558694350e-01
251058,1.5402004487376999e+00,1.8757724558688710e-01
251073,1.5402004487373000e+00,1.8757724558677433e-01
251088,1.5402004487370000e+00,1.8757724558668973e-01
251103,1.5402004487369001e+00,1.8757724558666156e-01
251118,1.5402004487365000e+00,1.8757724558654873e-01
251133,1.5402004487362000e+00,1.8757724558646416e-01
251148,1.5402004487362000e+00,1.8757724558646416e-01
251163,1.5402004487359999e+00,1.8757724558640773e-01
251178,1.5402004487356999e+00,1.8757724558632316e-01
251193,1.5402004487356000e+00,1.8757724558629499e-01
251208,1.5402004487351999e+00,1.8757724558618216e-01
251223,1.5402004487348000e+00,1.8757724558606939e-01
251238,1.5402004487345999e+00,1.8757724558601299e-01
251253,1.5402004487345000e+00,1.8757724558598482e-01
251267,1.5402004487345000e+00,1.8757724558598482e-01
251281,1.5402004487345000e+00,1.8757724558598482e-01
251295,1.5402004487345000e+00,1.8757724558598482e-01
251309,1.5402004487344001e+00,1.8757724558595662e-01
251323,1.5402004487344001e+00,1.8757724558595662e-01
251337,1.5402004487344001e+00,1.8757724558595662e-01
251351,1.5402004487344001e+00,1.8757724558595662e-01
251365,1.5402004487343000e+00,1.8757724558592839e-01
251379,1.5402004487343000e+00,1.8757724558592839e-01
251393,1.5402004487340000e+00,1.8757724558584382e-01
251407,1.5402004487340000e+00,1.8757724558584382e-01
251421,1.5402004487339001e+00,1.8757724558581562e-01
251435,1.5402004487339001e+00,1.8757724558581562e-01
251449,1.5402004487339001e+00,1.8757724558581562e-01
251463,1.5402004487339001e+00,1.8757724558581562e-01
251477,1.5402004487337999e+00,1.8757724558578739e-01
251491,1.5402004487337000e+00,1.8757724558575922e-01
251505,1.5402004487337000e+00,1.8757724558575922e-01
251519,1.5402004487336001e+00,1.8757724558573105e-01
251533,1.5402004487334999e+00,1.8757724558570282e-01
251547,1.5402004487333001e+00,1.8757724558564645e-01
251561,1.5402004487331999e+00,1.8757724558561822e-01
251575,1.5402004487328000e+00,1.8757724558550545e-01
251589,1.5402004487325001e+00,1.8757724558542088e-01
251603,1.5402004487315000e+00,1.8757724558513889e-01
251617,1.5402004487315000e+00,1.8757724558513889e-01
251631,1.5402004487295999e+00,1.8757724558460312e-01
251645,1.5402004487281999e+00,1.8757724558420835e-01
251659,1.5402004487269001e+00,1.8757724558384184e-01
251673,1.5402004487259999e+00,1.8757724558358801e-01
251687,1.5402004487237999e+00,1.8757724558296768e-01
251701,1.5402004487215000e+00,1.8757724558231914e-01
251715,1.5402004487204000e+00,1.8757724558200897e-01
251729,1.5402004487201999e+00,1.8757724558195257e-01
251743,1.5402004487198999e+00,1.8757724558186797e-01
251757,1.5402004487194001e+00,1.8757724558172703e-01
251771,1.5402004487187000e+00,1.8757724558152963e-01
251785,1.5402004487187000e+00,1.8757724558152963e-01
251799,1.5402004487172001e+00,1.8757724558110669e-01
251813,1.5402004487148000e+00,1.8757724558042993e-01
251827,1.5402004487111001e+00,1.8757724557938665e-01
251841,1.5402004487076999e+00,1.8757724557842792e-01
251855,1.5402004486984000e+00,1.8757724557580560e-01
251869,1.5402004486895999e+00,1.8757724557332420e-01
251883,1.5402004486745999e+00,1.8757724556909461e-01
251897,1.5402004486541001e+00,1.8757724556331423e-01
251911,1.5402004486305001e+00,1.8757724555665967e-01
251925,1.5402004485887999e+00,1.8757724554490135e-01
251939,1.5402004485756999e+00,1.8757724554120753e-01
251953,1.5402004485547001e+00,1.8757724553528612e-01
251967,1.5402004485547001e+00,1.8757724553528612e-01
251981,1.5402004485547001e+00,1.8757724553528612e-01
251995,1.5402004485486001e+00,1.8757724553356608e-01
252009,1.5402004485437999e+00,1.8757724553221258e-01
252023,1.5402004485301000e+00,1.8757724552834956e-01
252037,1.5402004485280001e+00,1.8757724552775745e-01
252051,1.5402004485273000e+00,1.8757724552756005e-01
252065,1.5402004485236001e+00,1.8757724552651678e-01
252079,1.5402004485170000e+00,1.8757724552465574e-01
252093,1.5402004485115000e+00,1.8757724552310487e-01
252107,1.5402004485019001e+00,1.8757724552039798e-01
252121,1.5402004484895000e+00,1.8757724551690150e-01
252135,1.5402004484869001e+00,1.8757724551616839e-01
252149,1.5402004484705001e+00,1.8757724551154403e-01
252163,1.5402004484678000e+00,1.8757724551078270e-01
252177,1.5402004484656000e+00,1.8757724551016233e-01
252191,1.5402004484634999e+00,1.8757724550957017e-01
252205,1.5402004484623000e+00,1.8757724550923183e-01
252219,1.5402004484622001e+00,1.8757724550920366e-01
252233,1.5402004484591001e+00,1.8757724550832955e-01
252247,1.5402004484591001e+00,1.8757724550832955e-01
252261,1.5402004484567000e+00,1.8757724550765278e-01
252275,1.5402004484567000e+00,1.8757724550765278e-01
252289,1.5402004484567000e+00,1.8757724550765278e-01
252303,1.5402004484564999e+00,1.8757724550759639e-01
252317,1.5402004484564000e+00,1.8757724550756821e-01
252331,1.5402004484564000e+00,1.8757724550756821e-01
252345,1.5402004484564000e+00,1.8757724550756821e-01
252359,1.5402004484562000e+00,1.8757724550751179e-01
252373,1.5402004484562000e+00,1.8757724550751179e-01
252387,1.5402004484562000e+00,1.8757724550751179e-01
252401,1.5402004484558001e+00,1.8757724550739904e-01
252415,1.5402004484558001e+00,1.8757724550739904e-01
252429,1.5402004484556999e+00,1.8757724550737079e-01
252443,1.5402004484556999e+00,1.8757724550737079e-01
252457,1.5402004484556999e+00,1.8757724550737079e-01
252471,1.5402004484556999e+00,1.8757724550737079e-01
252485,1.5402004484556000e+00,1.8757724550734262e-01
252499,1.5402004484556000e+00,1.8757724550734262e-01
252513,1.5402004484553999e+00,1.8757724550728622e-01
252527,1.5402004484553000e+00,1.8757724550725802e-01
252541,1.5402004484550000e+00,1.8757724550717345e-01
252555,1.5402004484548999e+00,1.8757724550714522e-01
252569,1.5402004484545999e+00,1.8757724550706062e-01
252583,1.5402004484544001e+00,1.8757724550700428e-01
252597,1.5402004484541001e+00,1.8757724550691968e-01
252611,1.5402004484537000e+00,1.8757724550680685e-01
252625,1.5402004484534000e+00,1.8757724550672228e-01
252639,1.5402004484528999e+00,1.8757724550658128e-01
252653,1.5402004484520000e+00,1.8757724550632751e-01
252667,1.5402004484508001e+00,1.8757724550598917e-01
252681,1.5402004484498999e+00,1.8757724550573535e-01
252695,1.5402004484489999e+00,1.8757724550548158e-01
252709,1.5402004484476000e+00,1.8757724550508684e-01
252723,1.5402004484426000e+00,1.8757724550367696e-01
252737,1.5402004484406000e+00,1.8757724550311303e-01
252751,1.5402004484353000e+00,1.8757724550161858e-01
252765,1.5402004484309999e+00,1.8757724550040605e-01
252779,1.5402004484216001e+00,1.8757724549775556e-01
252793,1.5402004484148000e+00,1.8757724549583812e-01
252807,1.5402004484092000e+00,1.8757724549425908e-01
252821,1.5402004484073999e+00,1.8757724549375152e-01
252835,1.5402004484048999e+00,1.8757724549304658e-01
252849,1.5402004484030001e+00,1.8757724549251087e-01
252863,1.5402004484022001e+00,1.8757724549228530e-01
252877,1.5402004483959999e+00,1.8757724549053700e-01
252891,1.5402004483948999e+00,1.8757724549022683e-01
252905,1.5402004483914000e+00,1.8757724548923999e-01
252919,1.5402004483909999e+00,1.8757724548912716e-01
252933,1.5402004483898000e+00,1.8757724548878879e-01
252947,1.5402004483889000e+00,1.8757724548853505e-01
252961,1.5402004483884000e+00,1.8757724548839405e-01
252975,1.5402004483876000e+00,1.8757724548816845e-01
252989,1.5402004483864000e+00,1.8757724548783011e-01
253003,1.5402004483853000e+00,1.8757724548751994e-01
253017,1.5402004483853000e+00,1.8757724548751994e-01
253031,1.5402004483853000e+00,1.8757724548751994e-01
253045,1.5402004483851000e+00,1.8757724548746352e-01
253059,1.5402004483845999e+00,1.8757724548732252e-01
253073,1.5402004483842999e+00,1.8757724548723795e-01
253087,1.5402004483841001e+00,1.8757724548718160e-01
253101,1.5402004483841001e+00,1.8757724548718160e-01
253115,1.5402004483841001e+00,1.8757724548718160e-01
253129,1.5402004483839999e+00,1.8757724548715335e-01
253143,1.5402004483839000e+00,1.8757724548712518e-01
253157,1.5402004483838001e+00,1.8757724548709701e-01
253171,1.5402004483836000e+00,1.8757724548704061e-01
253185,1.5402004483836000e+00,1.8757724548704061e-01
253199,1.5402004483836000e+00,1.8757724548704061e-01
253213,1.5402004483836000e+00,1.8757724548704061e-01
253227,1.5402004483834999e+00,1.8757724548701235e-01
253241,1.5402004483834000e+00,1.8757724548698418e-01
253255,1.5402004483831999e+00,1.8757724548692778e-01
253269,1.5402004483831999e+00,1.8757724548692778e-01
253283,1.5402004483830001e+00,1.8757724548687141e-01
253297,1.5402004483827001e+00,1.8757724548678684e-01
253311,1.5402004483826000e+00,1.8757724548675861e-01
253325,1.5402004483825000e+00,1.8757724548673041e-01
253339,1.5402004483823999e+00,1.8757724548670218e-01
253353,1.5402004483823999e+00,1.8757724548670218e-01
253367,1.5402004483823000e+00,1.8757724548667401e-01
253381,1.5402004483820000e+00,1.8757724548658941e-01
253395,1.5402004483816001e+00,1.8757724548647667e-01
253409,1.5402004483809999e+00,1.8757724548630741e-01
253423,1.5402004483800000e+00,1.8757724548602550e-01
253437,1.5402004483781000e+00,1.8757724548548974e-01
253451,1.5402004483766001e+00,1.8757724548506680e-01
253465,1.5402004483739999e+00,1.8757724548433363e-01
253479,1.5402004483699001e+00,1.8757724548317758e-01
253493,1.5402004483681000e+00,1.8757724548266999e-01
253507,1.5402004483628000e+00,1.8757724548117555e-01
253521,1.5402004483528000e+00,1.8757724547835583e-01
253535,1.5402004483466001e+00,1.8757724547660762e-01
253549,1.5402004483398000e+00,1.8757724547469018e-01
253563,1.5402004483333001e+00,1.8757724547285737e-01
253577,1.5402004483180001e+00,1.8757724546854318e-01
253591,1.5402004483103999e+00,1.8757724546640017e-01
253605,1.5402004482987000e+00,1.8757724546310109e-01
253619,1.5402004482800999e+00,1.8757724545785640e-01
253633,1.5402004482442999e+00,1.8757724544776175e-01
253647,1.5402004482160001e+00,1.8757724543978199e-01
253661,1.5402004481853000e+00,1.8757724543112539e-01
253675,1.5402004480502001e+00,1.8757724539303089e-01
253689,1.5402004478549001e+00,1.8757724533796163e-01
253703,1.5402004476197000e+00,1.8757724527164163e-01
253717,1.5402004474322999e+00,1.8757724521879993e-01
253731,1.5402004469468000e+00,1.8757724508190221e-01
253745,1.5402004469182000e+00,1.8757724507383780e-01
253759,1.5402004468755000e+00,1.8757724506179754e-01
253773,1.5402004467563000e+00,1.8757724502818640e-01
253787,1.5402004467563000e+00,1.8757724502818640e-01
253801,1.5402004467563000e+00,1.8757724502818640e-01
253815,1.5402004467163000e+00,1.8757724501690748e-01
253829,1.5402004467163000e+00,1.8757724501690748e-01
253843,1.5402004467163000e+00,1.8757724501690748e-01
253857,1.5402004466954999e+00,1.8757724501104245e-01
253871,1.5402004466889001e+00,1.8757724500918146e-01
253885,1.5402004466688000e+00,1.8757724500351378e-01
253899,1.5402004466657000e+00,1.8757724500263967e-01
253913,1.5402004466515000e+00,1.8757724499863568e-01
253927,1.5402004466515000e+00,1.8757724499863568e-01
253941,1.5402004466515000e+00,1.8757724499863568e-01
253955,1.5402004466515000e+00,1.8757724499863568e-01
253969,1.5402004466454999e+00,1.8757724499694381e-01
253983,1.5402004466334001e+00,1.8757724499353198e-01
253997,1.5402004466248000e+00,1.8757724499110701e-01
254011,1.5402004466115000e+00,1.8757724498735676e-01
254025,1.5402004466060999e+00,1.8757724498583409e-01
254039,1.5402004466057000e+00,1.8757724498572131e-01
254053,1.5402004466009001e+00,1.8757724498436787e-01
254067,1.5402004465985999e+00,1.8757724498371928e-01
254081,1.5402004465985999e+00,1.8757724498371928e-01
254095,1.5402004465953001e+00,1.8757724498278883e-01
254109,1.5402004465934001e+00,1.8757724498225306e-01
254123,1.5402004465914001e+00,1.8757724498168912e-01
254137,1.5402004465914001e+00,1.8757724498168912e-01
254151,1.5402004465901999e+00,1.8757724498135073e-01
254165,1.5402004465899000e+00,1.8757724498126613e-01
254179,1.5402004465892001e+00,1.8757724498106879e-01
254193,1.5402004465885000e+00,1.8757724498087139e-01
254207,1.5402004465881001e+00,1.8757724498075862e-01
254221,1.5402004465881001e+00,1.8757724498075862e-01
254235,1.5402004465881001e+00,1.8757724498075862e-01
254249,1.5402004465881001e+00,1.8757724498075862e-01
254263,1.5402004465879999e+00,1.8757724498073039e-01
254277,1.5402004465876999e+00,1.8757724498064579e-01
254291,1.5402004465875001e+00,1.8757724498058945e-01
254305,1.5402004465875001e+00,1.8757724498058945e-01
254319,1.5402004465871999e+00,1.8757724498050479e-01
254333,1.5402004465870001e+00,1.8757724498044845e-01
254347,1.5402004465868000e+00,1.8757724498039202e-01
254361,1.5402004465864001e+00,1.8757724498027928e-01
254375,1.5402004465864001e+00,1.8757724498027928e-01
254389,1.5402004465859001e+00,1.8757724498013828e-01
254403,1.5402004465857000e+00,1.8757724498008185e-01
254417,1.5402004465851000e+00,1.8757724497991268e-01
254431,1.5402004465848000e+00,1.8757724497982811e-01
254445,1.5402004465840000e+00,1.8757724497960251e-01
254459,1.5402004465835000e+00,1.8757724497946152e-01
254473,1.5402004465829999e+00,1.8757724497932052e-01
254487,1.5402004465823000e+00,1.8757724497912318e-01
254501,1.5402004465814001e+00,1.8757724497886941e-01
254515,1.5402004465785000e+00,1.8757724497805164e-01
254529,1.5402004465763000e+00,1.8757724497743131e-01
254543,1.5402004465743999e+00,1.8757724497689554e-01
254557,1.5402004465681001e+00,1.8757724497511916e-01
254571,1.5402004465635000e+00,1.8757724497382205e-01
254585,1.5402004465578001e+00,1.8757724497221484e-01
254599,1.5402004465499000e+00,1.8757724496998723e-01
254613,1.5402004465424000e+00,1.8757724496787243e-01
254627,1.5402004465379000e+00,1.8757724496660358e-01
254641,1.5402004465323000e+00,1.8757724496502454e-01
254655,1.5402004465287000e+00,1.8757724496400943e-01
254669,1.5402004465254999e+00,1.8757724496310707e-01
254683,1.5402004465215999e+00,1.8757724496200739e-01
254697,1.5402004465190999e+00,1.8757724496130246e-01
254711,1.5402004465167001e+00,1.8757724496062578e-01
254725,1.5402004465167001e+00,1.8757724496062578e-01
254739,1.5402004465167001e+00,1.8757724496062578e-01
254753,1.5402004465154000e+00,1.8757724496025918e-01
254767,1.5402004465146000e+00,1.8757724496003358e-01
254781,1.5402004465134000e+00,1.8757724495969524e-01
254795,1.5402004465120001e+00,1.8757724495930048e-01
254809,1.5402004465107000e+00,1.8757724495893391e-01
254823,1.5402004465096000e+00,1.8757724495862374e-01
254837,1.5402004465096000e+00,1.8757724495862374e-01
254851,1.5402004465093999e+00,1.8757724495856731e-01
254865,1.5402004465093999e+00,1.8757724495856731e-01
254879,1.5402004465093999e+00,1.8757724495856731e-01
254893,1.5402004465093000e+00,1.8757724495853914e-01
254907,1.5402004465085000e+00,1.8757724495831357e-01
254921,1.5402004465079999e+00,1.8757724495817257e-01
254935,1.5402004465076000e+00,1.8757724495805980e-01
254949,1.5402004465065999e+00,1.8757724495777781e-01
254963,1.5402004465042001e+00,1.8757724495710110e-01
254977,1.5402004465028001e+00,1.8757724495670636e-01
254991,1.5402004465026000e+00,1.8757724495664993e-01
255005,1.5402004464982999e+00,1.8757724495543743e-01
255019,1.5402004464926000e+00,1.8757724495383021e-01
255033,1.5402004464859000e+00,1.8757724495194100e-01
255047,1.5402004464792001e+00,1.8757724495005179e-01
255061,1.5402004464707000e+00,1.8757724494765499e-01
255075,1.5402004464535000e+00,1.8757724494280506e-01
255089,1.5402004464450001e+00,1.8757724494040834e-01
255103,1.5402004464236001e+00,1.8757724493437411e-01
255117,1.5402004464087999e+00,1.8757724493020086e-01
255131,1.5402004463754999e+00,1.8757724492081118e-01
255145,1.5402004463462999e+00,1.8757724491257757e-01
255159,1.5402004463118999e+00,1.8757724490287769e-01
255173,1.5402004462454000e+00,1.8757724488412655e-01
255187,1.5402004461789001e+00,1.8757724486537539e-01
255201,1.5402004460486001e+00,1.8757724482863433e-01
255215,1.5402004460044001e+00,1.8757724481617116e-01
255229,1.5402004459062999e+00,1.8757724478850957e-01
255243,1.5402004457186000e+00,1.8757724473558335e-01
255257,1.5402004454545000e+00,1.8757724466111433e-01
255271,1.5402004450272000e+00,1.8757724454062741e-01
255285,1.5402004442735000e+00,1.8757724432810458e-01
255299,1.5402004433884000e+00,1.8757724407853055e-01
255313,1.5402004425394999e+00,1.8757724383916391e-01
255327,1.5402004424608000e+00,1.8757724381697266e-01
255341,1.5402004418397000e+00,1.8757724364183939e-01
255355,1.5402004400967999e+00,1.8757724315038915e-01
255369,1.5402004385476000e+00,1.8757724271355708e-01
255383,1.5402004366040001e+00,1.8757724216551494e-01
255397,1.5402004351105001e+00,1.8757724174438872e-01
255411,1.5402004343607001e+00,1.8757724153296559e-01
255425,1.5402004341761000e+00,1.8757724148091340e-01
255439,1.5402004331456001e+00,1.8757724119034055e-01
255453,1.5402004327273999e+00,1.8757724107241952e-01
255467,1.5402004324317999e+00,1.8757724098906839e-01
255481,1.5402004323313001e+00,1.8757724096073020e-01
255495,1.5402004320171001e+00,1.8757724087213437e-01
255509,1.5402004319535001e+00,1.8757724085420088e-01
255523,1.5402004314626001e+00,1.8757724071578050e-01
255537,1.5402004314558999e+00,1.8757724071389123e-01
255551,1.5402004310262001e+00,1.8757724059272760e-01
255565,1.5402004310262001e+00,1.8757724059272760e-01
255579,1.5402004309432999e+00,1.8757724056935202e-01
255593,1.5402004309432999e+00,1.8757724056935202e-01
255607,1.5402004309046999e+00,1.8757724055846789e-01
255621,1.5402004309046999e+00,1.8757724055846789e-01
255635,1.5402004308795001e+00,1.8757724055136221e-01
255649,1.5402004308434001e+00,1.8757724054118299e-01
255663,1.5402004308174000e+00,1.8757724053385166e-01
255677,1.5402004307590000e+00,1.8757724051738447e-01
255691,1.5402004306965000e+00,1.8757724049976118e-01
255705,1.5402004306767001e+00,1.8757724049417815e-01
255719,1.5402004306299999e+00,1.8757724048100996e-01
255733,1.5402004306215999e+00,1.8757724047864141e-01
255747,1.5402004306018000e+00,1.8757724047305838e-01
255761,1.5402004305799999e+00,1.8757724046691132e-01
255775,1.5402004305753001e+00,1.8757724046558610e-01
255789,1.5402004305753001e+00,1.8757724046558610e-01
255803,1.5402004305743000e+00,1.8757724046530411e-01
255817,1.5402004305554999e+00,1.8757724046000301e-01
255831,1.5402004305317001e+00,1.8757724045329210e-01
255845,1.5402004304976999e+00,1.8757724044370500e-01
255859,1.5402004304788000e+00,1.8757724043837570e-01
255873,1.5402004304618000e+00,1.8757724043358218e-01
255887,1.5402004304221000e+00,1.8757724042238785e-01
255901,1.5402004303882000e+00,1.8757724041282900e-01
255915,1.5402004303661001e+00,1.8757724040659743e-01
255929,1.5402004303581001e+00,1.8757724040434162e-01
255943,1.5402004303557999e+00,1.8757724040369306e-01
255957,1.5402004303507999e+00,1.8757724040228319e-01
255971,1.5402004303475001e+00,1.8757724040135274e-01
255985,1.5402004303437999e+00,1.8757724040030938e-01
255999,1.5402004303414001e+00,1.8757724039963269e-01
256013,1.5402004303326000e+00,1.8757724039715132e-01
256027,1.5402004303209000e+00,1.8757724039385223e-01
256041,1.5402004303148999e+00,1.8757724039216037e-01
256055,1.5402004303085000e+00,1.8757724039035575e-01
256069,1.5402004302929999e+00,1.8757724038598517e-01
256083,1.5402004302837999e+00,1.8757724038339102e-01
256097,1.5402004302772001e+00,1.8757724038153006e-01
256111,1.5402004302712000e+00,1.8757724037983819e-01
256125,1.5402004302595000e+00,1.8757724037653911e-01
256139,1.5402004302379000e+00,1.8757724037044848e-01
256153,1.5402004302301000e+00,1.8757724036824910e-01
256167,1.5402004302293000e+00,1.8757724036802353e-01
256181,1.5402004302197001e+00,1.8757724036531662e-01
256195,1.5402004302183001e+00,1.8757724036492185e-01
256209,1.5402004302175001e+00,1.8757724036469628e-01
256223,1.5402004302161001e+00,1.8757724036430151e-01
256237,1.5402004302161001e+00,1.8757724036430151e-01
256251,1.5402004302104999e+00,1.8757724036272241e-01
256265,1.5402004302104999e+00,1.8757724036272241e-01
256279,1.5402004302104999e+00,1.8757724036272241e-01
256293,1.5402004302072001e+00,1.8757724036179196e-01
256307,1.5402004301951999e+00,1.8757724035840823e-01
256321,1.5402004301837000e+00,1.8757724035516557e-01
256335,1.5402004301711001e+00,1.8757724035161275e-01
256349,1.5402004301568000e+00,1.8757724034758050e-01
256363,1.5402004301528001e+00,1.8757724034645262e-01
256377,1.5402004301454999e+00,1.8757724034439419e-01
256391,1.5402004301293000e+00,1.8757724033982626e-01
256405,1.5402004301284000e+00,1.8757724033957249e-01
256419,1.5402004301158001e+00,1.8757724033601966e-01
256433,1.5402004301044001e+00,1.8757724033280518e-01
256447,1.5402004300889001e+00,1.8757724032843459e-01
256461,1.5402004300869001e+00,1.8757724032787065e-01
256475,1.5402004300804999e+00,1.8757724032606596e-01
256489,1.5402004300804999e+00,1.8757724032606596e-01
256503,1.5402004300762000e+00,1.8757724032485351e-01
256517,1.5402004300762000e+00,1.8757724032485351e-01
256531,1.5402004300715999e+00,1.8757724032355641e-01
256545,1.5402004300662999e+00,1.8757724032206197e-01
256559,1.5402004300553001e+00,1.8757724031896028e-01
256573,1.5402004300498999e+00,1.8757724031743761e-01
256587,1.5402004300420999e+00,1.8757724031523823e-01
256601,1.5402004300420999e+00,1.8757724031523823e-01
256615,1.5402004300420999e+00,1.8757724031523823e-01
256629,1.5402004300398999e+00,1.8757724031461787e-01
256643,1.5402004300398999e+00,1.8757724031461787e-01
256657,1.5402004300398999e+00,1.8757724031461787e-01
256671,1.5402004300379000e+00,1.8757724031405396e-01
256685,1.5402004300379000e+00,1.8757724031405396e-01
256699,1.5402004300370999e+00,1.8757724031382836e-01
256713,1.5402004300348000e+00,1.8757724031317985e-01
256727,1.5402004300348000e+00,1.8757724031317985e-01
256741,1.5402004300304000e+00,1.8757724031193915e-01
256755,1.5402004300290999e+00,1.8757724031157258e-01
256769,1.5402004300254000e+00,1.8757724031052928e-01
256783,1.5402004300240000e+00,1.8757724031013454e-01
256797,1.5402004300223999e+00,1.8757724030968337e-01
256811,1.5402004300211001e+00,1.8757724030931683e-01
256825,1.5402004300189001e+00,1.8757724030869649e-01
256839,1.5402004300170999e+00,1.8757724030818890e-01
256853,1.5402004300137000e+00,1.8757724030723022e-01
256867,1.5402004300120000e+00,1.8757724030675088e-01
256881,1.5402004300109000e+00,1.8757724030644068e-01
256895,1.5402004300090999e+00,1.8757724030593312e-01
256909,1.5402004300090999e+00,1.8757724030593312e-01
256923,1.5402004300090999e+00,1.8757724030593312e-01
256937,1.5402004300090999e+00,1.8757724030593312e-01
256951,1.5402004300090999e+00,1.8757724030593312e-01
256965,1.5402004300087999e+00,1.8757724030584852e-01
256979,1.5402004300081000e+00,1.8757724030565118e-01
256993,1.5402004300081000e+00,1.8757724030565118e-01
257007,1.5402004300081000e+00,1.8757724030565118e-01
257021,1.5402004300076000e+00,1.8757724030551018e-01
257035,1.5402004300076000e+00,1.8757724030551018e-01
257049,1.5402004300076000e+00,1.8757724030551018e-01
257063,1.5402004300076000e+00,1.8757724030551018e-01
257077,1.5402004300072001e+00,1.8757724030539741e-01
257091,1.5402004300070000e+00,1.8757724030534101e-01
257105,1.5402004300065000e+00,1.8757724030520001e-01
257119,1.5402004300062000e+00,1.8757724030511541e-01
257133,1.5402004300059000e+00,1.8757724030503084e-01
257147,1.5402004300059000e+00,1.8757724030503084e-01
257161,1.5402004300059000e+00,1.8757724030503084e-01
257175,1.5402004300054000e+00,1.8757724030488984e-01
257189,1.5402004300048999e+00,1.8757724030474884e-01
257203,1.5402004300040000e+00,1.8757724030449507e-01
257217,1.5402004300028000e+00,1.8757724030415673e-01
257231,1.5402004300008001e+00,1.8757724030359280e-01
257245,1.5402004299995999e+00,1.8757724030325437e-01
257259,1.5402004299980001e+00,1.8757724030280326e-01
257273,1.5402004299955001e+00,1.8757724030209835e-01
257287,1.5402004299934000e+00,1.8757724030150616e-01
257301,1.5402004299923999e+00,1.8757724030122416e-01
257315,1.5402004299920000e+00,1.8757724030111142e-01
257329,1.5402004299890000e+00,1.8757724030026549e-01
257343,1.5402004299873999e+00,1.8757724029981432e-01
257357,1.5402004299870000e+00,1.8757724029970155e-01
257371,1.5402004299870000e+00,1.8757724029970155e-01
257385,1.5402004299870000e+00,1.8757724029970155e-01
257399,1.5402004299868000e+00,1.8757724029964515e-01
257413,1.5402004299862999e+00,1.8757724029950415e-01
257427,1.5402004299862999e+00,1.8757724029950415e-01
257441,1.5402004299862999e+00,1.8757724029950415e-01
257455,1.5402004299862999e+00,1.8757724029950415e-01
257469,1.5402004299862999e+00,1.8757724029950415e-01
257483,1.5402004299862000e+00,1.8757724029947595e-01
257497,1.5402004299862000e+00,1.8757724029947595e-01
257511,1.5402004299862000e+00,1.8757724029947595e-01
257525,1.5402004299862000e+00,1.8757724029947595e-01
257539,1.5402004299862000e+00,1.8757724029947595e-01
257553,1.5402004299862000e+00,1.8757724029947595e-01
257567,1.5402004299859999e+00,1.8757724029941955e-01
257581,1.5402004299858001e+00,1.8757724029936321e-01
257595,1.5402004299858001e+00,1.8757724029936321e-01
257609,1.5402004299855001e+00,1.8757724029927861e-01
257623,1.5402004299854000e+00,1.8757724029925038e-01
257637,1.5402004299851000e+00,1.8757724029916578e-01
257651,1.5402004299850001e+00,1.8757724029913761e-01
257665,1.5402004299850001e+00,1.8757724029913761e-01
257679,1.5402004299848999e+00,1.8757724029910938e-01
257693,1.5402004299848000e+00,1.8757724029908121e-01
257707,1.5402004299847001e+00,1.8757724029905304e-01
257721,1.5402004299847001e+00,1.8757724029905304e-01
257735,1.5402004299843000e+00,1.8757724029894021e-01
257749,1.5402004299843000e+00,1.8757724029894021e-01
257763,1.5402004299842000e+00,1.8757724029891204e-01
257777,1.5402004299840999e+00,1.8757724029888379e-01
257791,1.5402004299840000e+00,1.8757724029885561e-01
257805,1.5402004299840000e+00,1.8757724029885561e-01
257819,1.5402004299837000e+00,1.8757724029877104e-01
257833,1.5402004299831999e+00,1.8757724029863004e-01
257847,1.5402004299830001e+00,1.8757724029857367e-01
257861,1.5402004299823999e+00,1.8757724029840445e-01
257875,1.5402004299820999e+00,1.8757724029831985e-01
257889,1.5402004299814001e+00,1.8757724029812251e-01
257903,1.5402004299814001e+00,1.8757724029812251e-01
257917,1.5402004299809999e+00,1.8757724029800968e-01
257931,1.5402004299805001e+00,1.8757724029786876e-01
257945,1.5402004299794001e+00,1.8757724029755857e-01
257959,1.5402004299783001e+00,1.8757724029724840e-01
257973,1.5402004299772001e+00,1.8757724029693823e-01
257987,1.5402004299762999e+00,1.8757724029668441e-01
258001,1.5402004299748999e+00,1.8757724029628964e-01
258015,1.5402004299744001e+00,1.8757724029614872e-01
258029,1.5402004299731999e+00,1.8757724029581030e-01
258043,1.5402004299718000e+00,1.8757724029541556e-01
258057,1.5402004299701999e+00,1.8757724029496436e-01
258071,1.5402004299665999e+00,1.8757724029394926e-01
258085,1.5402004299618000e+00,1.8757724029259581e-01
258099,1.5402004299556999e+00,1.8757724029087577e-01
258113,1.5402004299440000e+00,1.8757724028757672e-01
258127,1.5402004299344001e+00,1.8757724028486980e-01
258141,1.5402004299322001e+00,1.8757724028424946e-01
258155,1.5402004299322001e+00,1.8757724028424946e-01
258169,1.5402004299322001e+00,1.8757724028424946e-01
258183,1.5402004299322001e+00,1.8757724028424946e-01
258197,1.5402004299312000e+00,1.8757724028396747e-01
258211,1.5402004299272001e+00,1.8757724028283959e-01
258225,1.5402004299270000e+00,1.8757724028278319e-01
258239,1.5402004299264000e+00,1.8757724028261402e-01
258253,1.5402004299264000e+00,1.8757724028261402e-01
258267,1.5402004299259999e+00,1.8757724028250120e-01
258281,1.5402004299259999e+00,1.8757724028250120e-01
258295,1.5402004299259000e+00,1.8757724028247302e-01
258309,1.5402004299256999e+00,1.8757724028241660e-01
258323,1.5402004299256999e+00,1.8757724028241660e-01
258337,1.5402004299254000e+00,1.8757724028233203e-01
258351,1.5402004299253000e+00,1.8757724028230383e-01
258365,1.5402004299251999e+00,1.8757724028227560e-01
258379,1.5402004299248000e+00,1.8757724028216283e-01
258393,1.5402004299248000e+00,1.8757724028216283e-01
258407,1.5402004299244001e+00,1.8757724028205008e-01
258421,1.5402004299231999e+00,1.8757724028171166e-01
258435,1.5402004299223999e+00,1.8757724028148609e-01
258449,1.5402004299217000e+00,1.8757724028128875e-01
258463,1.5402004299209000e+00,1.8757724028106315e-01
258477,1.5402004299204000e+00,1.8757724028092215e-01
258491,1.5402004299194001e+00,1.8757724028064021e-01
258505,1.5402004299193000e+00,1.8757724028061198e-01
258519,1.5402004299183001e+00,1.8757724028033004e-01
258533,1.5402004299178000e+00,1.8757724028018904e-01
258547,1.5402004299176999e+00,1.8757724028016082e-01
258561,1.5402004299176000e+00,1.8757724028013265e-01
258575,1.5402004299175001e+00,1.8757724028010445e-01
258589,1.5402004299170999e+00,1.8757724027999162e-01
258603,1.5402004299164000e+00,1.8757724027979428e-01
258617,1.5402004299162000e+00,1.8757724027973788e-01
258631,1.5402004299156999e+00,1.8757724027959688e-01
258645,1.5402004299156000e+00,1.8757724027956871e-01
258659,1.5402004299154000e+00,1.8757724027951228e-01
258673,1.5402004299154000e+00,1.8757724027951228e-01
258687,1.5402004299153000e+00,1.8757724027948411e-01
258701,1.5402004299153000e+00,1.8757724027948411e-01
258715,1.5402004299151999e+00,1.8757724027945588e-01
258729,1.5402004299151000e+00,1.8757724027942771e-01
258743,1.5402004299150001e+00,1.8757724027939954e-01
258757,1.5402004299148999e+00,1.8757724027937128e-01
258771,1.5402004299148000e+00,1.8757724027934311e-01
258785,1.5402004299148000e+00,1.8757724027934311e-01
258799,1.5402004299145000e+00,1.8757724027925854e-01
258813,1.5402004299143000e+00,1.8757724027920211e-01
258827,1.5402004299140000e+00,1.8757724027911754e-01
258841,1.5402004299139000e+00,1.8757724027908934e-01
258855,1.5402004299134999e+00,1.8757724027897651e-01
258869,1.5402004299128000e+00,1.8757724027877917e-01
258883,1.5402004299125001e+00,1.8757724027869460e-01
258897,1.5402004299123000e+00,1.8757724027863817e-01
258911,1.5402004299117000e+00,1.8757724027846900e-01
258925,1.5402004299109000e+00,1.8757724027824343e-01
258939,1.5402004299106000e+00,1.8757724027815884e-01
258953,1.5402004299098999e+00,1.8757724027796144e-01
258967,1.5402004299095000e+00,1.8757724027784867e-01
258981,1.5402004299090000e+00,1.8757724027770767e-01
258995,1.5402004299062999e+00,1.8757724027694633e-01
259009,1.5402004299041001e+00,1.8757724027632602e-01
259023,1.5402004299012000e+00,1.8757724027550829e-01
259037,1.5402004298901999e+00,1.8757724027240655e-01
259051,1.5402004298808001e+00,1.8757724026975606e-01
259065,1.5402004298592000e+00,1.8757724026366543e-01
259079,1.5402004298401000e+00,1.8757724025827974e-01
259093,1.5402004298036001e+00,1.8757724024798778e-01
259107,1.5402004297366001e+00,1.8757724022909561e-01
259121,1.5402004296192000e+00,1.8757724019599198e-01
259135,1.5402004294630001e+00,1.8757724015194788e-01
259149,1.5402004291200000e+00,1.8757724005523121e-01
259163,1.5402004287826001e+00,1.8757723996009365e-01
259177,1.5402004278960000e+00,1.8757723971009660e-01
259191,1.5402004270506000e+00,1.8757723947171689e-01
259205,1.5402004259463999e+00,1.8757723916036262e-01
259219,1.5402004237668001e+00,1.8757723854577496e-01
259233,1.5402004215559999e+00,1.8757723792238962e-01
259247,1.5402004203727999e+00,1.8757723758875952e-01
259261,1.5402004176098001e+00,1.8757723680966898e-01
259275,1.5402004120665000e+00,1.8757723524660966e-01
259289,1.5402004098565001e+00,1.8757723462345000e-01
259303,1.5402004078525999e+00,1.8757723405840482e-01
259317,1.5402004071208999e+00,1.8757723385208538e-01
259331,1.5402004071208999e+00,1.8757723385208538e-01
259345,1.5402004070168001e+00,1.8757723382273209e-01
259359,1.5402004070168001e+00,1.8757723382273209e-01
259373,1.5402004053383000e+00,1.8757723334944088e-01
259387,1.5402004043749000e+00,1.8757723307778837e-01
259401,1.5402004040529000e+00,1.8757723298699316e-01
259415,1.5402004034682000e+00,1.8757723282212369e-01
259429,1.5402004034682000e+00,1.8757723282212369e-01
259443,1.5402004034682000e+00,1.8757723282212369e-01
259457,1.5402004029140000e+00,1.8757723266585441e-01
259471,1.5402004029119001e+00,1.8757723266526230e-01
259485,1.5402004029119001e+00,1.8757723266526230e-01
259499,1.5402004010507000e+00,1.8757723214045469e-01
259513,1.5402003991766000e+00,1.8757723161200962e-01
259527,1.5402003966293001e+00,1.8757723089374057e-01
259541,1.5402003927693000e+00,1.8757722980532587e-01
259555,1.5402003910413999e+00,1.8757722931810519e-01
259569,1.5402003890450999e+00,1.8757722875520308e-01
259583,1.5402003890450999e+00,1.8757722875520308e-01
259597,1.5402003838245000e+00,1.8757722728313633e-01
259611,1.5402003785894001e+00,1.8757722580698100e-01
259625,1.5402003751555000e+00,1.8757722483871489e-01
259639,1.5402003723969999e+00,1.8757722406089311e-01
259653,1.5402003720469000e+00,1.8757722396217449e-01
259667,1.5402003659906001e+00,1.8757722225446316e-01
259681,1.5402003619225000e+00,1.8757722110736991e-01
259695,1.5402003619225000e+00,1.8757722110736991e-01
259709,1.5402003512589000e+00,1.8757721810052563e-01
259723,1.5402003483696001e+00,1.8757721728582188e-01
259737,1.5402003462517000e+00,1.8757721668863184e-01
259751,1.5402003462517000e+00,1.8757721668863184e-01
259765,1.5402003450063000e+00,1.8757721633746299e-01
259779,1.5402003447554999e+00,1.8757721626674423e-01
259793,1.5402003439170999e+00,1.8757721603033831e-01
259807,1.5402003439170999e+00,1.8757721603033831e-01
259821,1.5402003437920999e+00,1.8757721599509170e-01
259835,1.5402003437920999e+00,1.8757721599509170e-01
259849,1.5402003430742000e+00,1.8757721579266351e-01
259863,1.5402003430742000e+00,1.8757721579266351e-01
259877,1.5402003428875000e+00,1.8757721574001920e-01
259891,1.5402003424106001e+00,1.8757721560554644e-01
259905,1.5402003422965000e+00,1.8757721557337334e-01
259919,1.5402003420215000e+00,1.8757721549583084e-01
259933,1.5402003417367001e+00,1.8757721541552502e-01
259947,1.5402003416242001e+00,1.8757721538380309e-01
259961,1.5402003412323000e+00,1.8757721527329796e-01
259975,1.5402003410394001e+00,1.8757721521890544e-01
259989,1.5402003406397999e+00,1.8757721510622910e-01
260003,1.5402003406170000e+00,1.8757721509980013e-01
260017,1.5402003403443001e+00,1.8757721502290620e-01
260031,1.5402003402868001e+00,1.8757721500669278e-01
260045,1.5402003402868001e+00,1.8757721500669278e-01
260059,1.5402003402382001e+00,1.8757721499298891e-01
260073,1.5402003402268001e+00,1.8757721498977442e-01
260087,1.5402003401612001e+00,1.8757721497127700e-01
260101,1.5402003401612001e+00,1.8757721497127700e-01
260115,1.5402003401612001e+00,1.8757721497127700e-01
260129,1.5402003401612001e+00,1.8757721497127700e-01
260143,1.5402003401305000e+00,1.8757721496262042e-01
260157,1.5402003401269999e+00,1.8757721496163349e-01
260171,1.5402003400719000e+00,1.8757721494609680e-01
260185,1.5402003400669999e+00,1.8757721494471513e-01
260199,1.5402003400669999e+00,1.8757721494471513e-01
260213,1.5402003400669999e+00,1.8757721494471513e-01
260227,1.5402003400669999e+00,1.8757721494471513e-01
260241,1.5402003400566999e+00,1.8757721494181082e-01
260255,1.5402003400440001e+00,1.8757721493822979e-01
260269,1.5402003400310000e+00,1.8757721493456414e-01
260283,1.5402003400160000e+00,1.8757721493033455e-01
260297,1.5402003400080999e+00,1.8757721492810692e-01
260311,1.5402003399980999e+00,1.8757721492528720e-01
260325,1.5402003399624000e+00,1.8757721491522081e-01
260339,1.5402003399398001e+00,1.8757721490884824e-01
260353,1.5402003399216000e+00,1.8757721490371632e-01
260367,1.5402003399005999e+00,1.8757721489779486e-01
260381,1.5402003398963999e+00,1.8757721489661058e-01
260395,1.5402003398944999e+00,1.8757721489607482e-01
260409,1.5402003398888000e+00,1.8757721489446760e-01
260423,1.5402003398888000e+00,1.8757721489446760e-01
260437,1.5402003398880000e+00,1.8757721489424203e-01
260451,1.5402003398807000e+00,1.8757721489218365e-01
260465,1.5402003398769999e+00,1.8757721489114029e-01
260479,1.5402003398698001e+00,1.8757721488911014e-01
260493,1.5402003398594000e+00,1.8757721488617760e-01
260507,1.5402003398548001e+00,1.8757721488488055e-01
260521,1.5402003398540001e+00,1.8757721488465498e-01
260535,1.5402003398491999e+00,1.8757721488330145e-01
260549,1.5402003398451001e+00,1.8757721488214543e-01
260563,1.5402003398366000e+00,1.8757721487974863e-01
260577,1.5402003398332000e+00,1.8757721487878992e-01
260591,1.5402003398265001e+00,1.8757721487690071e-01
260605,1.5402003398185999e+00,1.8757721487467310e-01
260619,1.5402003397979001e+00,1.8757721486883630e-01
260633,1.5402003397830000e+00,1.8757721486463488e-01
260647,1.5402003397688000e+00,1.8757721486063089e-01
260661,1.5402003397571000e+00,1.8757721485733181e-01
260675,1.5402003397443000e+00,1.8757721485372256e-01
260689,1.5402003397405000e+00,1.8757721485265105e-01
260703,1.5402003397274000e+00,1.8757721484895720e-01
260717,1.5402003397230000e+00,1.8757721484771653e-01
260731,1.5402003397177000e+00,1.8757721484622206e-01
260745,1.5402003397095001e+00,1.8757721484390993e-01
260759,1.5402003397037001e+00,1.8757721484227446e-01
260773,1.5402003396985999e+00,1.8757721484083636e-01
260787,1.5402003396985999e+00,1.8757721484083636e-01
260801,1.5402003396931001e+00,1.8757721483928558e-01
260815,1.5402003396894000e+00,1.8757721483824225e-01
260829,1.5402003396882999e+00,1.8757721483793205e-01
260843,1.5402003396846999e+00,1.8757721483691694e-01
260857,1.5402003396835000e+00,1.8757721483657860e-01
260871,1.5402003396827999e+00,1.8757721483638121e-01
260885,1.5402003396823001e+00,1.8757721483624026e-01
260899,1.5402003396805000e+00,1.8757721483573267e-01
260913,1.5402003396790001e+00,1.8757721483530976e-01
260927,1.5402003396780000e+00,1.8757721483502773e-01
260941,1.5402003396777999e+00,1.8757721483497133e-01
260955,1.5402003396771999e+00,1.8757721483480216e-01
260969,1.5402003396769000e+00,1.8757721483471756e-01
260983,1.5402003396763000e+00,1.8757721483454839e-01
260997,1.5402003396755000e+00,1.8757721483432283e-01
261011,1.5402003396754000e+00,1.8757721483429465e-01
261025,1.5402003396749999e+00,1.8757721483418183e-01
261039,1.5402003396741000e+00,1.8757721483392806e-01
261053,1.5402003396741000e+00,1.8757721483392806e-01
261067,1.5402003396738000e+00,1.8757721483384346e-01
261081,1.5402003396738000e+00,1.8757721483384346e-01
261095,1.5402003396738000e+00,1.8757721483384346e-01
261109,1.5402003396737001e+00,1.8757721483381529e-01
261123,1.5402003396737001e+00,1.8757721483381529e-01
261137,1.5402003396732999e+00,1.8757721483370246e-01
261151,1.5402003396730000e+00,1.8757721483361789e-01
261165,1.5402003396727999e+00,1.8757721483356146e-01
261179,1.5402003396724999e+00,1.8757721483347689e-01
261193,1.5402003396721000e+00,1.8757721483336412e-01
261207,1.5402003396719000e+00,1.8757721483330772e-01
261221,1.5402003396713999e+00,1.8757721483316672e-01
261235,1.5402003396706001e+00,1.8757721483294118e-01
261249,1.5402003396690001e+00,1.8757721483249001e-01
261263,1.5402003396677999e+00,1.8757721483215162e-01
261277,1.5402003396656001e+00,1.8757721483153134e-01
261291,1.5402003396648001e+00,1.8757721483130574e-01
261305,1.5402003396648001e+00,1.8757721483130574e-01
261319,1.5402003396648001e+00,1.8757721483130574e-01
261333,1.5402003396646000e+00,1.8757721483124934e-01
261347,1.5402003396637001e+00,1.8757721483099557e-01
261361,1.5402003396632000e+00,1.8757721483085457e-01
261375,1.5402003396612001e+00,1.8757721483029063e-01
261389,1.5402003396585999e+00,1.8757721482955747e-01
261403,1.5402003396571999e+00,1.8757721482916270e-01
261417,1.5402003396535999e+00,1.8757721482814760e-01
261431,1.5402003396459001e+00,1.8757721482597645e-01
261445,1.5402003396348001e+00,1.8757721482284656e-01
261459,1.5402003396234001e+00,1.8757721481963208e-01
261473,1.5402003396038000e+00,1.8757721481410539e-01
261487,1.5402003395793000e+00,1.8757721480719705e-01
261501,1.5402003395524999e+00,1.8757721479964015e-01
261515,1.5402003395138000e+00,1.8757721478872783e-01
261529,1.5402003394909001e+00,1.8757721478227068e-01
261543,1.5402003394768999e+00,1.8757721477832304e-01
261557,1.5402003394493000e+00,1.8757721477054060e-01
261571,1.5402003394215000e+00,1.8757721476270175e-01
261585,1.5402003394138000e+00,1.8757721476053055e-01
261599,1.5402003393956001e+00,1.8757721475539868e-01
261613,1.5402003393771999e+00,1.8757721475021033e-01
261627,1.5402003393771999e+00,1.8757721475021033e-01
261641,1.5402003393729999e+00,1.8757721474902606e-01
261655,1.5402003393715000e+00,1.8757721474860312e-01
261669,1.5402003393606001e+00,1.8757721474552963e-01
261683,1.5402003393568000e+00,1.8757721474445813e-01
261697,1.5402003393477000e+00,1.8757721474189215e-01
261711,1.5402003393432999e+00,1.8757721474065148e-01
261725,1.5402003393393999e+00,1.8757721473955177e-01
261739,1.5402003393374000e+00,1.8757721473898784e-01
261753,1.5402003393329999e+00,1.8757721473774716e-01
261767,1.5402003393329999e+00,1.8757721473774716e-01
261781,1.5402003393273000e+00,1.8757721473613995e-01
261795,1.5402003393273000e+00,1.8757721473613995e-01
261809,1.5402003393265999e+00,1.8757721473594252e-01
261823,1.5402003393245001e+00,1.8757721473535041e-01
261837,1.5402003393242001e+00,1.8757721473526584e-01
261851,1.5402003393226000e+00,1.8757721473481467e-01
261865,1.5402003393207999e+00,1.8757721473430708e-01
261879,1.5402003393190999e+00,1.8757721473382774e-01
261893,1.5402003393164001e+00,1.8757721473306646e-01
261907,1.5402003393107000e+00,1.8757721473145916e-01
261921,1.5402003393057000e+00,1.8757721473004932e-01
261935,1.5402003393034001e+00,1.8757721472940078e-01
261949,1.5402003392990999e+00,1.8757721472818828e-01
261963,1.5402003392976999e+00,1.8757721472779351e-01
261976,1.5402003392974000e+00,1.8757721472770894e-01
261989,1.5402003392951000e+00,1.8757721472706040e-01
262002,1.5402003392932000e+00,1.8757721472652464e-01
262015,1.5402003392913000e+00,1.8757721472598890e-01
262028,1.5402003392875001e+00,1.8757721472491745e-01
262041,1.5402003392859001e+00,1.8757721472446626e-01
262054,1.5402003392857000e+00,1.8757721472440986e-01
262067,1.5402003392829999e+00,1.8757721472364852e-01
262080,1.5402003392829999e+00,1.8757721472364852e-01
262093,1.5402003392810000e+00,1.8757721472308458e-01
262106,1.5402003392810000e+00,1.8757721472308458e-01
262119,1.5402003392810000e+00,1.8757721472308458e-01
262132,1.5402003392810000e+00,1.8757721472308458e-01
262145,1.5402003392807999e+00,1.8757721472302816e-01
262158,1.5402003392804000e+00,1.8757721472291541e-01
262171,1.5402003392803001e+00,1.8757721472288724e-01
262184,1.5402003392801999e+00,1.8757721472285899e-01
262197,1.5402003392799000e+00,1.8757721472277442e-01
262210,1.5402003392796000e+00,1.8757721472268982e-01
262223,1.5402003392796000e+00,1.8757721472268982e-01
262236,1.5402003392793000e+00,1.8757721472260525e-01
262249,1.5402003392790000e+00,1.8757721472252065e-01
262262,1.5402003392785999e+00,1.8757721472240782e-01
262275,1.5402003392785000e+00,1.8757721472237965e-01
262288,1.5402003392782999e+00,1.8757721472232325e-01
262301,1.5402003392776000e+00,1.8757721472212588e-01
262314,1.5402003392770001e+00,1.8757721472195671e-01
262327,1.5402003392765999e+00,1.8757721472184388e-01
262340,1.5402003392754999e+00,1.8757721472153371e-01
262353,1.5402003392754000e+00,1.8757721472150554e-01
262366,1.5402003392751999e+00,1.8757721472144914e-01
262379,1.5402003392743999e+00,1.8757721472122355e-01
262392,1.5402003392740999e+00,1.8757721472113895e-01
262405,1.5402003392735999e+00,1.8757721472099795e-01
262418,1.5402003392734001e+00,1.8757721472094160e-01
262431,1.5402003392728001e+00,1.8757721472077243e-01
262444,1.5402003392726000e+00,1.8757721472071603e-01
262457,1.5402003392726000e+00,1.8757721472071603e-01
262470,1.5402003392726000e+00,1.8757721472071603e-01
262483,1.5402003392725001e+00,1.8757721472068783e-01
262496,1.5402003392721999e+00,1.8757721472060321e-01
262509,1.5402003392721999e+00,1.8757721472060321e-01
262522,1.5402003392721999e+00,1.8757721472060321e-01
262535,1.5402003392721999e+00,1.8757721472060321e-01
262548,1.5402003392721000e+00,1.8757721472057504e-01
262561,1.5402003392718999e+00,1.8757721472051861e-01
262574,1.5402003392718000e+00,1.8757721472049044e-01
262587,1.5402003392715999e+00,1.8757721472043404e-01
262600,1.5402003392715000e+00,1.8757721472040584e-01
262613,1.5402003392712000e+00,1.8757721472032127e-01
262626,1.5402003392712000e+00,1.8757721472032127e-01
262639,1.5402003392710000e+00,1.8757721472026484e-01
262652,1.5402003392709001e+00,1.8757721472023667e-01
262665,1.5402003392707000e+00,1.8757721472018027e-01
262678,1.5402003392704999e+00,1.8757721472012384e-01
262691,1.5402003392704000e+00,1.8757721472009567e-01
262704,1.5402003392704000e+00,1.8757721472009567e-01
262717,1.5402003392704000e+00,1.8757721472009567e-01
262730,1.5402003392704000e+00,1.8757721472009567e-01
262743,1.5402003392704000e+00,1.8757721472009567e-01
262756,1.5402003392704000e+00,1.8757721472009567e-01
262769,1.5402003392704000e+00,1.8757721472009567e-01
262782,1.5402003392704000e+00,1.8757721472009567e-01
262795,1.5402003392703001e+00,1.8757721472006750e-01
262808,1.5402003392703001e+00,1.8757721472006750e-01
262821,1.5402003392703001e+00,1.8757721472006750e-01
262834,1.5402003392701999e+00,1.8757721472003927e-01
262847,1.5402003392701000e+00,1.8757721472001110e-01
262860,1.5402003392700001e+00,1.8757721471998293e-01
262873,1.5402003392700001e+00,1.8757721471998293e-01
262886,1.5402003392700001e+00,1.8757721471998293e-01
262899,1.5402003392699000e+00,1.8757721471995467e-01
262912,1.5402003392699000e+00,1.8757721471995467e-01
262925,1.5402003392696999e+00,1.8757721471989827e-01
262938,1.5402003392696999e+00,1.8757721471989827e-01
262951,1.5402003392696999e+00,1.8757721471989827e-01
262964,1.5402003392696999e+00,1.8757721471989827e-01
262977,1.5402003392696999e+00,1.8757721471989827e-01
262990,1.5402003392696999e+00,1.8757721471989827e-01
263003,1.5402003392696999e+00,1.8757721471989827e-01
263016,1.5402003392696999e+00,1.8757721471989827e-01
263029,1.5402003392696999e+00,1.8757721471989827e-01
263042,1.5402003392696999e+00,1.8757721471989827e-01
263055,1.5402003392696999e+00,1.8757721471989827e-01
263068,1.5402003392696000e+00,1.8757721471987010e-01
263081,1.5402003392695001e+00,1.8757721471984193e-01
263094,1.5402003392695001e+00,1.8757721471984193e-01
263107,1.5402003392695001e+00,1.8757721471984193e-01
263120,1.5402003392693999e+00,1.8757721471981367e-01
263133,1.5402003392693999e+00,1.8757721471981367e-01
263146,1.5402003392693999e+00,1.8757721471981367e-01
263159,1.5402003392693999e+00,1.8757721471981367e-01
263172,1.5402003392693999e+00,1.8757721471981367e-01
263185,1.5402003392693000e+00,1.8757721471978550e-01
263198,1.5402003392692001e+00,1.8757721471975733e-01
263211,1.5402003392690999e+00,1.8757721471972910e-01
263224,1.5402003392687000e+00,1.8757721471961633e-01
263237,1.5402003392684001e+00,1.8757721471953173e-01
263250,1.5402003392679999e+00,1.8757721471941893e-01
263263,1.5402003392679000e+00,1.8757721471939073e-01
263276,1.5402003392679000e+00,1.8757721471939073e-01
263289,1.5402003392679000e+00,1.8757721471939073e-01
263302,1.5402003392679000e+00,1.8757721471939073e-01
263315,1.5402003392679000e+00,1.8757721471939073e-01
263328,1.5402003392679000e+00,1.8757721471939073e-01
263341,1.5402003392678001e+00,1.8757721471936256e-01
263354,1.5402003392678001e+00,1.8757721471936256e-01
263367,1.5402003392678001e+00,1.8757721471936256e-01
263380,1.5402003392678001e+00,1.8757721471936256e-01
263393,1.5402003392678001e+00,1.8757721471936256e-01
263406,1.5402003392678001e+00,1.8757721471936256e-01
263419,1.5402003392678001e+00,1.8757721471936256e-01
263432,1.5402003392678001e+00,1.8757721471936256e-01
263445,1.5402003392678001e+00,1.8757721471936256e-01
263458,1.5402003392678001e+00,1.8757721471936256e-01
263471,1.5402003392678001e+00,1.8757721471936256e-01
263484,1.5402003392678001e+00,1.8757721471936256e-01
263497,1.5402003392678001e+00,1.8757721471936256e-01
263510,1.5402003392676999e+00,1.8757721471933433e-01
263523,1.5402003392676999e+00,1.8757721471933433e-01
263536,1.5402003392676999e+00,1.8757721471933433e-01
263549,1.5402003392676999e+00,1.8757721471933433e-01
263562,1.5402003392676000e+00,1.8757721471930616e-01
263575,1.5402003392675001e+00,1.8757721471927799e-01
263588,1.5402003392675001e+00,1.8757721471927799e-01
263601,1.5402003392674000e+00,1.8757721471924974e-01
263614,1.5402003392671999e+00,1.8757721471919334e-01
263627,1.5402003392671000e+00,1.8757721471916516e-01
263640,1.5402003392668000e+00,1.8757721471908056e-01
263653,1.5402003392663000e+00,1.8757721471893957e-01
263666,1.5402003392660000e+00,1.8757721471885500e-01
263679,1.5402003392657999e+00,1.8757721471879857e-01
263692,1.5402003392657999e+00,1.8757721471879857e-01
263705,1.5402003392657999e+00,1.8757721471879857e-01
263718,1.5402003392657000e+00,1.8757721471877040e-01
263731,1.5402003392654999e+00,1.8757721471871400e-01
263744,1.5402003392654000e+00,1.8757721471868583e-01
263757,1.5402003392654000e+00,1.8757721471868583e-01
263770,1.5402003392651999e+00,1.8757721471862940e-01
263783,1.5402003392651999e+00,1.8757721471862940e-01
263796,1.5402003392651999e+00,1.8757721471862940e-01
263809,1.5402003392651999e+00,1.8757721471862940e-01
263822,1.5402003392651999e+00,1.8757721471862940e-01
263835,1.5402003392651999e+00,1.8757721471862940e-01
263848,1.5402003392651999e+00,1.8757721471862940e-01
263861,1.5402003392651999e+00,1.8757721471862940e-01
263874,1.5402003392651999e+00,1.8757721471862940e-01
263887,1.5402003392651000e+00,1.8757721471860123e-01
263900,1.5402003392651000e+00,1.8757721471860123e-01
263913,1.5402003392651000e+00,1.8757721471860123e-01
263926,1.5402003392651000e+00,1.8757721471860123e-01
263939,1.5402003392650001e+00,1.8757721471857305e-01
263952,1.5402003392650001e+00,1.8757721471857305e-01
263965,1.5402003392650001e+00,1.8757721471857305e-01
263978,1.5402003392650001e+00,1.8757721471857305e-01
263991,1.5402003392650001e+00,1.8757721471857305e-01
264004,1.5402003392650001e+00,1.8757721471857305e-01
264017,1.5402003392650001e+00,1.8757721471857305e-01
264030,1.5402003392650001e+00,1.8757721471857305e-01
264043,1.5402003392650001e+00,1.8757721471857305e-01
264056,1.5402003392650001e+00,1.8757721471857305e-01
264069,1.5402003392649000e+00,1.8757721471854483e-01
264082,1.5402003392649000e+00,1.8757721471854483e-01
264095,1.5402003392649000e+00,1.8757721471854483e-01
264108,1.5402003392649000e+00,1.8757721471854483e-01
264121,1.5402003392649000e+00,1.8757721471854483e-01
264134,1.5402003392649000e+00,1.8757721471854483e-01
264147,1.5402003392649000e+00,1.8757721471854483e-01
264160,1.5402003392649000e+00,1.8757721471854483e-01
264173,1.5402003392646999e+00,1.8757721471848840e-01
264186,1.5402003392646999e+00,1.8757721471848840e-01
264199,1.5402003392646999e+00,1.8757721471848840e-01
264212,1.5402003392646999e+00,1.8757721471848840e-01
264225,1.5402003392646999e+00,1.8757721471848840e-01
264238,1.5402003392646999e+00,1.8757721471848840e-01
264251,1.5402003392646999e+00,1.8757721471848840e-01
264264,1.5402003392646999e+00,1.8757721471848840e-01
264277,1.5402003392646999e+00,1.8757721471848840e-01
264290,1.5402003392646999e+00,1.8757721471848840e-01
264303,1.5402003392646999e+00,1.8757721471848840e-01
264316,1.5402003392646999e+00,1.8757721471848840e-01
264329,1.5402003392646999e+00,1.8757721471848840e-01
264342,1.5402003392646999e+00,1.8757721471848840e-01
264355,1.5402003392646999e+00,1.8757721471848840e-01
264368,1.5402003392646999e+00,1.8757721471848840e-01
264381,1.5402003392646999e+00,1.8757721471848840e-01
264394,1.5402003392646999e+00,1.8757721471848840e-01
264407,1.5402003392646999e+00,1.8757721471848840e-01
264420,1.5402003392646999e+00,1.8757721471848840e-01
264433,1.5402003392646999e+00,1.8757721471848840e-01
264446,1.5402003392646999e+00,1.8757721471848840e-01
264459,1.5402003392646999e+00,1.8757721471848840e-01
264472,1.5402003392646999e+00,1.8757721471848840e-01
264485,1.5402003392646999e+00,1.8757721471848840e-01
264498,1.5402003392646999e+00,1.8757721471848840e-01
264511,1.5402003392646999e+00,1.8757721471848840e-01
264524,1.5402003392646999e+00,1.8757721471848840e-01
264537,1.5402003392646999e+00,1.8757721471848840e-01
264550,1.5402003392646999e+00,1.8757721471848840e-01
264563,1.5402003392646999e+00,1.8757721471848840e-01
264576,1.5402003392646999e+00,1.8757721471848840e-01
264589,1.5402003392646999e+00,1.8757721471848840e-01
264602,1.5402003392646999e+00,1.8757721471848840e-01
264615,1.5402003392646999e+00,1.8757721471848840e-01
264628,1.5402003392646999e+00,1.8757721471848840e-01
264641,1.5402003392646999e+00,1.8757721471848840e-01
264654,1.5402003392646999e+00,1.8757721471848840e-01
264667,1.5402003392646999e+00,1.8757721471848840e-01
264680,1.5402003392646999e+00,1.8757721471848840e-01
264693,1.5402003392646999e+00,1.8757721471848840e-01
264706,1.5402003392646999e+00,1.8757721471848840e-01
264719,1.5402003392646999e+00,1.8757721471848840e-01
264732,1.5402003392646999e+00,1.8757721471848840e-01
264745,1.5402003392646999e+00,1.8757721471848840e-01
264758,1.5402003392646999e+00,1.8757721471848840e-01
264771,1.5402003392646999e+00,1.8757721471848840e-01
264784,1.5402003392646999e+00,1.8757721471848840e-01
264797,1.5402003392646999e+00,1.8757721471848840e-01
264810,1.5402003392646999e+00,1.8757721471848840e-01
264823,1.5402003392646999e+00,1.8757721471848840e-01
264836,1.5402003392646999e+00,1.8757721471848840e-01
264849,1.5402003392646999e+00,1.8757721471848840e-01
264862,1.5402003392646999e+00,1.8757721471848840e-01
264875,1.5402003392646999e+00,1.8757721471848840e-01
264888,1.5402003392646999e+00,1.8757721471848840e-01
264901,1.5402003392646999e+00,1.8757721471848840e-01
264914,1.5402003392646999e+00,1.8757721471848840e-01
264927,1.5402003392646999e+00,1.8757721471848840e-01
264940,1.5402003392646999e+00,1.8757721471848840e-01
264953,1.5402003392646999e+00,1.8757721471848840e-01
264966,1.5402003392646999e+00,1.8757721471848840e-01
264979,1.5402003392646999e+00,1.8757721471848840e-01
264992,1.5402003392646999e+00,1.8757721471848840e-01
265005,1.5402003392646999e+00,1.8757721471848840e-01
265018,1.5402003392646999e+00,1.8757721471848840e-01
265031,1.5402003392646999e+00,1.8757721471848840e-01
265044,1.5402003392646999e+00,1.8757721471848840e-01
265057,1.5402003392646999e+00,1.8757721471848840e-01
265070,1.5402003392646999e+00,1.8757721471848840e-01
265083,1.5402003392646999e+00,1.8757721471848840e-01
265096,1.5402003392646999e+00,1.8757721471848840e-01
265109,1.5402003392646999e+00,1.8757721471848840e-01
265122,1.5402003392646999e+00,1.8757721471848840e-01
265135,1.5402003392646999e+00,1.8757721471848840e-01
265148,1.5402003392646999e+00,1.8757721471848840e-01
265161,1.5402003392646999e+00,1.8757721471848840e-01
265174,1.5402003392646999e+00,1.8757721471848840e-01
265187,1.5402003392646999e+00,1.8757721471848840e-01
265200,1.5402003392646999e+00,1.8757721471848840e-01
265213,1.5402003392646999e+00,1.8757721471848840e-01
265226,1.5402003392646999e+00,1.8757721471848840e-01
265239,1.5402003392646999e+00,1.8757721471848840e-01
265252,1.5402003392646999e+00,1.8757721471848840e-01
265265,1.5402003392646999e+00,1.8757721471848840e-01
265278,1.5402003392646999e+00,1.8757721471848840e-01
265291,1.5402003392646999e+00,1.8757721471848840e-01
265304,1.5402003392646999e+00,1.8757721471848840e-01
265317,1.5402003392646999e+00,1.8757721471848840e-01
265330,1.5402003392646999e+00,1.8757721471848840e-01
265343,1.5402003392646999e+00,1.8757721471848840e-01
265356,1.5402003392646999e+00,1.8757721471848840e-01
265369,1.5402003392646999e+00,1.8757721471848840e-01
265382,1.5402003392646999e+00,1.8757721471848840e-01
265395,1.5402003392646999e+00,1.8757721471848840e-01
265408,1.5402003392646999e+00,1.8757721471848840e-01
265421,1.5402003392646999e+00,1.8757721471848840e-01
265434,1.5402003392646999e+00,1.8757721471848840e-01
265447,1.5402003392646999e+00,1.8757721471848840e-01
265460,1.5402003392646999e+00,1.8757721471848840e-01
265473,1.5402003392646999e+00,1.8757721471848840e-01
265486,1.5402003392646999e+00,1.8757721471848840e-01
265499,1.5402003392646999e+00,1.8757721471848840e-01
265512,1.5402003392646999e+00,1.8757721471848840e-01
265525,1.5402003392646999e+00,1.8757721471848840e-01
265538,1.5402003392646999e+00,1.8757721471848840e-01
265551,1.5402003392646999e+00,1.8757721471848840e-01
265564,1.5402003392646999e+00,1.8757721471848840e-01
265577,1.5402003392646999e+00,1.8757721471848840e-01
265590,1.5402003392646999e+00,1.8757721471848840e-01
265603,1.5402003392646999e+00,1.8757721471848840e-01
265616,1.5402003392646999e+00,1.8757721471848840e-01
265629,1.5402003392646999e+00,1.8757721471848840e-01
265642,1.5402003392646999e+00,1.8757721471848840e-01
265655,1.5402003392646999e+00,1.8757721471848840e-01
265668,1.5402003392646999e+00,1.8757721471848840e-01
265681,1.5402003392646999e+00,1.8757721471848840e-01
265694,1.5402003392646999e+00,1.8757721471848840e-01
265707,1.5402003392646999e+00,1.8757721471848840e-01
265720,1.5402003392646999e+00,1.8757721471848840e-01
265733,1.5402003392646999e+00,1.8757721471848840e-01
265746,1.5402003392646999e+00,1.8757721471848840e-01
265759,1.5402003392646999e+00,1.8757721471848840e-01
265772,1.5402003392646999e+00,1.8757721471848840e-01
265785,1.5402003392646999e+00,1.8757721471848840e-01
265798,1.5402003392646999e+00,1.8757721471848840e-01
265811,1.5402003392646999e+00,1.8757721471848840e-01
265824,1.5402003392646999e+00,1.8757721471848840e-01
265837,1.5402003392646999e+00,1.8757721471848840e-01
265850,1.5402003392646999e+00,1.8757721471848840e-01
265863,1.5402003392646999e+00,1.8757721471848840e-01
265876,1.5402003392646999e+00,1.8757721471848840e-01
265889,1.5402003392646999e+00,1.8757721471848840e-01
265902,1.5402003392646999e+00,1.8757721471848840e-01
265915,1.5402003392646999e+00,1.8757721471848840e-01
265928,1.5402003392646999e+00,1.8757721471848840e-01
265941,1.5402003392646999e+00,1.8757721471848840e-01
265954,1.5402003392646999e+00,1.8757721471848840e-01
265967,1.5402003392646999e+00,1.8757721471848840e-01
265980,1.5402003392646999e+00,1.8757721471848840e-01
265993,1.5402003392646999e+00,1.8757721471848840e-01
266006,1.5402003392646999e+00,1.8757721471848840e-01
266019,1.5402003392646999e+00,1.8757721471848840e-01
266032,1.5402003392646999e+00,1.8757721471848840e-01
266045,1.5402003392646999e+00,1.8757721471848840e-01
266058,1.5402003392646999e+00,1.8757721471848840e-01
266071,1.5402003392646999e+00,1.8757721471848840e-01
266084,1.5402003392646999e+00,1.8757721471848840e-01
266097,1.5402003392646999e+00,1.8757721471848840e-01
266110,1.5402003392646999e+00,1.8757721471848840e-01
266123,1.5402003392646999e+00,1.8757721471848840e-01
266136,1.5402003392646999e+00,1.8757721471848840e-01
266149,1.5402003392646999e+00,1.8757721471848840e-01
266162,1.5402003392646999e+00,1.8757721471848840e-01
266175,1.5402003392646999e+00,1.8757721471848840e-01
266188,1.5402003392646999e+00,1.8757721471848840e-01
266201,1.5402003392646999e+00,1.8757721471848840e-01
266214,1.5402003392646999e+00,1.8757721471848840e-01
266227,1.5402003392646999e+00,1.8757721471848840e-01
266240,1.5402003392646999e+00,1.8757721471848840e-01
266253,1.5402003392646999e+00,1.8757721471848840e-01
266266,1.5402003392646999e+00,1.8757721471848840e-01
266279,1.5402003392646999e+00,1.8757721471848840e-01
266292,1.5402003392646999e+00,1.8757721471848840e-01
266305,1.5402003392646999e+00,1.8757721471848840e-01
266318,1.5402003392646999e+00,1.8757721471848840e-01
266331,1.5402003392646999e+00,1.8757721471848840e-01
266344,1.5402003392646999e+00,1.8757721471848840e-01
266357,1.5402003392646999e+00,1.8757721471848840e-01
266370,1.5402003392646999e+00,1.8757721471848840e-01
266383,1.5402003392646999e+00,1.8757721471848840e-01
266396,1.5402003392646999e+00,1.8757721471848840e-01
266409,1.5402003392646999e+00,1.8757721471848840e-01
266422,1.5402003392646999e+00,1.8757721471848840e-01
266435,1.5402003392646999e+00,1.8757721471848840e-01
266448,1.5402003392646999e+00,1.8757721471848840e-01
266461,1.5402003392646999e+00,1.8757721471848840e-01
266474,1.5402003392646999e+00,1.8757721471848840e-01
266487,1.5402003392646999e+00,1.8757721471848840e-01
266500,1.5402003392646999e+00,1.8757721471848840e-01
266513,1.5402003392646999e+00,1.8757721471848840e-01
266526,1.5402003392646999e+00,1.8757721471848840e-01
266539,1.5402003392646999e+00,1.8757721471848840e-01
266552,1.5402003392646999e+00,1.8757721471848840e-01
266565,1.5402003392646999e+00,1.8757721471848840e-01
266578,1.5402003392646999e+00,1.8757721471848840e-01
266591,1.5402003392646999e+00,1.8757721471848840e-01
266604,1.5402003392646999e+00,1.8757721471848840e-01
266617,1.5402003392646999e+00,1.8757721471848840e-01
266630,1.5402003392646999e+00,1.8757721471848840e-01
266643,1.5402003392646999e+00,1.8757721471848840e-01
266656,1.5402003392646999e+00,1.8757721471848840e-01
266669,1.5402003392646999e+00,1.8757721471848840e-01
266682,1.5402003392646999e+00,1.8757721471848840e-01
266695,1.5402003392646999e+00,1.8757721471848840e-01
266708,1.5402003392646999e+00,1.8757721471848840e-01
266721,1.5402003392646999e+00,1.8757721471848840e-01
266734,1.5402003392646999e+00,1.8757721471848840e-01
266747,1.5402003392646999e+00,1.8757721471848840e-01
266760,1.5402003392646999e+00,1.8757721471848840e-01
266773,1.5402003392646999e+00,1.8757721471848840e-01
266786,1.5402003392646999e+00,1.8757721471848840e-01
266799,1.5402003392646999e+00,1.8757721471848840e-01
266812,1.5402003392646999e+00,1.8757721471848840e-01
266825,1.5402003392646999e+00,1.8757721471848840e-01
266838,1.5402003392646999e+00,1.8757721471848840e-01
266851,1.5402003392646999e+00,1.8757721471848840e-01
266864,1.5402003392646999e+00,1.8757721471848840e-01
266877,1.5402003392646999e+00,1.8757721471848840e-01
266890,1.5402003392646999e+00,1.8757721471848840e-01
266903,1.5402003392646999e+00,1.8757721471848840e-01
266916,1.5402003392646999e+00,1.8757721471848840e-01
266929,1.5402003392646999e+00,1.8757721471848840e-01
266942,1.5402003392646999e+00,1.8757721471848840e-01
266955,1.5402003392646999e+00,1.8757721471848840e-01
266968,1.5402003392646999e+00,1.8757721471848840e-01
266981,1.5402003392646999e+00,1.8757721471848840e-01
266994,1.5402003392646999e+00,1.8757721471848840e-01
267007,1.5402003392646999e+00,1.8757721471848840e-01
267020,1.5402003392646999e+00,1.8757721471848840e-01
267033,1.5402003392646999e+00,1.8757721471848840e-01
267046,1.5402003392646999e+00,1.8757721471848840e-01
267059,1.5402003392646999e+00,1.8757721471848840e-01
267072,1.5402003392646999e+00,1.8757721471848840e-01
267085,1.5402003392646999e+00,1.8757721471848840e-01
267098,1.5402003392646999e+00,1.8757721471848840e-01
267111,1.5402003392646999e+00,1.8757721471848840e-01
267124,1.5402003392646999e+00,1.8757721471848840e-01
267137,1.5402003392646999e+00,1.8757721471848840e-01
267150,1.5402003392646999e+00,1.8757721471848840e-01
267163,1.5402003392646999e+00,1.8757721471848840e-01
267176,1.5402003392646999e+00,1.8757721471848840e-01
267189,1.5402003392646999e+00,1.8757721471848840e-01
267202,1.5402003392646999e+00,1.8757721471848840e-01
267215,1.5402003392646999e+00,1.8757721471848840e-01
267228,1.5402003392646999e+00,1.8757721471848840e-01
267241,1.5402003392646999e+00,1.8757721471848840e-01
267254,1.5402003392646999e+00,1.8757721471848840e-01
267267,1.5402003392646999e+00,1.8757721471848840e-01
267280,1.5402003392646999e+00,1.8757721471848840e-01
267293,1.5402003392646999e+00,1.8757721471848840e-01
267306,1.5402003392646999e+00,1.8757721471848840e-01
267319,1.5402003392646999e+00,1.8757721471848840e-01
267332,1.5402003392646999e+00,1.8757721471848840e-01
267345,1.5402003392646999e+00,1.8757721471848840e-01
267358,1.5402003392646999e+00,1.8757721471848840e-01
267371,1.5402003392646999e+00,1.8757721471848840e-01
267384,1.5402003392646999e+00,1.8757721471848840e-01
267397,1.5402003392646999e+00,1.8757721471848840e-01
267410,1.5402003392646999e+00,1.8757721471848840e-01
267423,1.5402003392646999e+00,1.8757721471848840e-01
267436,1.5402003392646999e+00,1.8757721471848840e-01
267449,1.5402003392646999e+00,1.8757721471848840e-01
267462,1.5402003392646999e+00,1.8757721471848840e-01
267475,1.5402003392646999e+00,1.8757721471848840e-01
267488,1.5402003392646999e+00,1.8757721471848840e-01
267501,1.5402003392646999e+00,1.8757721471848840e-01
267514,1.5402003392646999e+00,1.8757721471848840e-01
267527,1.5402003392646999e+00,1.8757721471848840e-01
267540,1.5402003392646999e+00,1.8757721471848840e-01
267553,1.5402003392646999e+00,1.8757721471848840e-01
267566,1.5402003392646999e+00,1.8757721471848840e-01
267579,1.5402003392646999e+00,1.8757721471848840e-01
267592,1.5402003392646999e+00,1.8757721471848840e-01
267605,1.5402003392646999e+00,1.8757721471848840e-01
267618,1.5402003392646999e+00,1.8757721471848840e-01
267631,1.5402003392646999e+00,1.8757721471848840e-01
267644,1.5402003392646999e+00,1.8757721471848840e-01
267657,1.5402003392646999e+00,1.8757721471848840e-01
267670,1.5402003392646999e+00,1.8757721471848840e-01
267683,1.5402003392646999e+00,1.8757721471848840e-01
267696,1.5402003392646999e+00,1.8757721471848840e-01
267709,1.5402003392646999e+00,1.8757721471848840e-01
267722,1.5402003392646999e+00,1.8757721471848840e-01
267735,1.5402003392646999e+00,1.8757721471848840e-01
267748,1.5402003392646999e+00,1.8757721471848840e-01
267761,1.5402003392646999e+00,1.8757721471848840e-01
267774,1.5402003392646999e+00,1.8757721471848840e-01
267787,1.5402003392646999e+00,1.8757721471848840e-01
267800,1.5402003392646999e+00,1.8757721471848840e-01
267813,1.5402003392646999e+00,1.8757721471848840e-01
267826,1.5402003392646999e+00,1.8757721471848840e-01
267839,1.5402003392646999e+00,1.8757721471848840e-01
267852,1.5402003392646999e+00,1.8757721471848840e-01
267865,1.5402003392646999e+00,1.8757721471848840e-01
267878,1.5402003392646999e+00,1.8757721471848840e-01
267891,1.5402003392646999e+00,1.8757721471848840e-01
267904,1.5402003392646999e+00,1.8757721471848840e-01
267917,1.5402003392646999e+00,1.8757721471848840e-01
267930,1.5402003392646999e+00,1.8757721471848840e-01
267943,1.5402003392646999e+00,1.8757721471848840e-01
267956,1.5402003392646999e+00,1.8757721471848840e-01
267969,1.5402003392646999e+00,1.8757721471848840e-01
267982,1.5402003392646999e+00,1.8757721471848840e-01
267995,1.5402003392646999e+00,1.8757721471848840e-01
268008,1.5402003392646999e+00,1.8757721471848840e-01
268021,1.5402003392646999e+00,1.8757721471848840e-01
268034,1.5402003392646999e+00,1.8757721471848840e-01
268047,1.5402003392646999e+00,1.8757721471848840e-01
268060,1.5402003392646999e+00,1.8757721471848840e-01
268073,1.5402003392646999e+00,1.8757721471848840e-01
268086,1.5402003392646999e+00,1.8757721471848840e-01
268099,1.5402003392646999e+00,1.8757721471848840e-01
268112,1.5402003392646999e+00,1.8757721471848840e-01
268125,1.5402003392646999e+00,1.8757721471848840e-01
268138,1.5402003392646999e+00,1.8757721471848840e-01
268151,1.5402003392646999e+00,1.8757721471848840e-01
268164,1.5402003392646999e+00,1.8757721471848840e-01
268177,1.5402003392646999e+00,1.8757721471848840e-01
268190,1.5402003392646999e+00,1.8757721471848840e-01
268203,1.5402003392646999e+00,1.8757721471848840e-01
268216,1.5402003392646999e+00,1.8757721471848840e-01
268229,1.5402003392646999e+00,1.8757721471848840e-01
268242,1.5402003392646999e+00,1.8757721471848840e-01
268255,1.5402003392646999e+00,1.8757721471848840e-01
268268,1.5402003392646999e+00,1.8757721471848840e-01
268281,1.5402003392646999e+00,1.8757721471848840e-01
268294,1.5402003392646999e+00,1.8757721471848840e-01
268307,1.5402003392646999e+00,1.8757721471848840e-01
268320,1.5402003392646999e+00,1.8757721471848840e-01
268333,1.5402003392646999e+00,1.8757721471848840e-01
268346,1.5402003392646999e+00,1.8757721471848840e-01
268359,1.5402003392646999e+00,1.8757721471848840e-01
268372,1.5402003392646999e+00,1.8757721471848840e-01
268385,1.5402003392646999e+00,1.8757721471848840e-01
268398,1.5402003392646999e+00,1.8757721471848840e-01
268411,1.5402003392646999e+00,1.8757721471848840e-01
268424,1.5402003392646999e+00,1.8757721471848840e-01
268437,1.5402003392646999e+00,1.8757721471848840e-01
268450,1.5402003392646999e+00,1.8757721471848840e-01
268463,1.5402003392646999e+00,1.8757721471848840e-01
268476,1.5402003392646999e+00,1.8757721471848840e-01
268489,1.5402003392646999e+00,1.8757721471848840e-01
268502,1.5402003392646999e+00,1.8757721471848840e-01
268515,1.5402003392646999e+00,1.8757721471848840e-01
268528,1.5402003392646999e+00,1.8757721471848840e-01
268541,1.5402003392646999e+00,1.8757721471848840e-01
268554,1.5402003392646999e+00,1.8757721471848840e-01
268567,1.5402003392646999e+00,1.8757721471848840e-01
268580,1.5402003392646999e+00,1.8757721471848840e-01
268593,1.5402003392646999e+00,1.8757721471848840e-01
268606,1.5402003392646999e+00,1.8757721471848840e-01
268619,1.5402003392646999e+00,1.8757721471848840e-01
268632,1.5402003392646999e+00,1.8757721471848840e-01
268645,1.5402003392646999e+00,1.8757721471848840e-01
268658,1.5402003392646999e+00,1.8757721471848840e-01
268671,1.5402003392646999e+00,1.8757721471848840e-01
268684,1.5402003392646999e+00,1.8757721471848840e-01
268697,1.5402003392646999e+00,1.8757721471848840e-01
268710,1.5402003392646999e+00,1.8757721471848840e-01
268723,1.5402003392646999e+00,1.8757721471848840e-01
268736,1.5402003392646999e+00,1.8757721471848840e-01
268749,1.5402003392646999e+00,1.8757721471848840e-01
268762,1.5402003392646999e+00,1.8757721471848840e-01
268775,1.5402003392646999e+00,1.8757721471848840e-01
268788,1.5402003392646999e+00,1.8757721471848840e-01
268801,1.5402003392646999e+00,1.8757721471848840e-01
268814,1.5402003392646999e+00,1.8757721471848840e-01
268827,1.5402003392646999e+00,1.8757721471848840e-01
268840,1.5402003392646999e+00,1.8757721471848840e-01
268853,1.5402003392646999e+00,1.8757721471848840e-01
268866,1.5402003392646999e+00,1.8757721471848840e-01
268879,1.5402003392646999e+00,1.8757721471848840e-01
268892,1.5402003392646999e+00,1.8757721471848840e-01
268905,1.5402003392646999e+00,1.8757721471848840e-01
268918,1.5402003392646999e+00,1.8757721471848840e-01
268931,1.5402003392646999e+00,1.8757721471848840e-01
268944,1.5402003392646999e+00,1.8757721471848840e-01
268957,1.5402003392646999e+00,1.8757721471848840e-01
268970,1.5402003392646999e+00,1.8757721471848840e-01
268983,1.5402003392646999e+00,1.8757721471848840e-01
268996,1.5402003392646999e+00,1.8757721471848840e-01
269009,1.5402003392646999e+00,1.8757721471848840e-01
269022,1.5402003392646999e+00,1.8757721471848840e-01
269035,1.5402003392646999e+00,1.8757721471848840e-01
269048,1.5402003392646999e+00,1.8757721471848840e-01
269061,1.5402003392646999e+00,1.8757721471848840e-01
269074,1.5402003392646999e+00,1.8757721471848840e-01
269087,1.5402003392646999e+00,1.8757721471848840e-01
269100,1.5402003392646999e+00,1.8757721471848840e-01
269113,1.5402003392646999e+00,1.8757721471848840e-01
269126,1.5402003392646999e+00,1.8757721471848840e-01
269139,1.5402003392646999e+00,1.8757721471848840e-01
269152,1.5402003392646999e+00,1.8757721471848840e-01
269165,1.5402003392646999e+00,1.8757721471848840e-01
269178,1.5402003392646999e+00,1.8757721471848840e-01
269191,1.5402003392646999e+00,1.8757721471848840e-01
269204,1.5402003392646999e+00,1.8757721471848840e-01
269217,1.5402003392646999e+00,1.8757721471848840e-01
269230,1.5402003392646999e+00,1.8757721471848840e-01
269243,1.5402003392646999e+00,1.8757721471848840e-01
269256,1.5402003392646999e+00,1.8757721471848840e-01
269269,1.5402003392646999e+00,1.8757721471848840e-01
269282,1.5402003392646999e+00,1.8757721471848840e-01
269295,1.5402003392646999e+00,1.8757721471848840e-01
269308,1.5402003392646999e+00,1.8757721471848840e-01
269321,1.5402003392646999e+00,1.8757721471848840e-01
269334,1.5402003392646999e+00,1.8757721471848840e-01
269347,1.5402003392646999e+00,1.8757721471848840e-01
269360,1.5402003392646999e+00,1.8757721471848840e-01
269373,1.5402003392646999e+00,1.8757721471848840e-01
269386,1.5402003392646999e+00,1.8757721471848840e-01
269399,1.5402003392646999e+00,1.8757721471848840e-01
269412,1.5402003392646999e+00,1.8757721471848840e-01
269425,1.5402003392646999e+00,1.8757721471848840e-01
269438,1.5402003392646999e+00,1.8757721471848840e-01
269451,1.5402003392646999e+00,1.8757721471848840e-01
269464,1.5402003392646999e+00,1.8757721471848840e-01
269477,1.5402003392646999e+00,1.8757721471848840e-01
269490,1.5402003392646999e+00,1.8757721471848840e-01
269503,1.5402003392646999e+00,1.8757721471848840e-01
269516,1.5402003392646999e+00,1.8757721471848840e-01
269529,1.5402003392646999e+00,1.8757721471848840e-01
269542,1.5402003392646999e+00,1.8757721471848840e-01
269555,1.5402003392646999e+00,1.8757721471848840e-01
269568,1.5402003392646999e+00,1.8757721471848840e-01
269581,1.5402003392646999e+00,1.8757721471848840e-01
269594,1.5402003392646999e+00,1.8757721471848840e-01
269607,1.5402003392646999e+00,1.8757721471848840e-01
269620,1.5402003392646999e+00,1.8757721471848840e-01
269633,1.5402003392646999e+00,1.8757721471848840e-01
269646,1.5402003392646999e+00,1.8757721471848840e-01
269659,1.5402003392646999e+00,1.8757721471848840e-01
269672,1.5402003392646999e+00,1.8757721471848840e-01
269685,1.5402003392646999e+00,1.8757721471848840e-01
269698,1.5402003392646999e+00,1.8757721471848840e-01
269711,1.5402003392646999e+00,1.8757721471848840e-01
269724,1.5402003392646999e+00,1.8757721471848840e-01
269737,1.5402003392646999e+00,1.8757721471848840e-01
269750,1.5402003392646999e+00,1.8757721471848840e-01
269763,1.5402003392646999e+00,1.8757721471848840e-01
269776,1.5402003392646999e+00,1.8757721471848840e-01
269789,1.5402003392646999e+00,1.8757721471848840e-01
269802,1.5402003392646999e+00,1.8757721471848840e-01
269815,1.5402003392646999e+00,1.8757721471848840e-01
269828,1.5402003392646999e+00,1.8757721471848840e-01
269841,1.5402003392646999e+00,1.8757721471848840e-01
269854,1.5402003392646999e+00,1.8757721471848840e-01
269867,1.5402003392646999e+00,1.8757721471848840e-01
269880,1.5402003392646999e+00,1.8757721471848840e-01
269893,1.5402003392646999e+00,1.8757721471848840e-01
269906,1.5402003392646999e+00,1.8757721471848840e-01
269919,1.5402003392646999e+00,1.8757721471848840e-01
269932,1.5402003392646999e+00,1.8757721471848840e-01
269945,1.5402003392646999e+00,1.8757721471848840e-01
269958,1.5402003392646999e+00,1.8757721471848840e-01
269971,1.5402003392646999e+00,1.8757721471848840e-01
269984,1.5402003392646999e+00,1.8757721471848840e-01
269997,1.5402003392646999e+00,1.8757721471848840e-01
270010,1.5402003392646999e+00,1.8757721471848840e-01
270023,1.5402003392646999e+00,1.8757721471848840e-01
270036,1.5402003392646999e+00,1.8757721471848840e-01
270049,1.5402003392646999e+00,1.8757721471848840e-01
270062,1.5402003392646999e+00,1.8757721471848840e-01
270075,1.5402003392646999e+00,1.8757721471848840e-01
270088,1.5402003392646999e+00,1.8757721471848840e-01
270101,1.5402003392646999e+00,1.8757721471848840e-01
270114,1.5402003392646999e+00,1.8757721471848840e-01
270127,1.5402003392646999e+00,1.8757721471848840e-01
270140,1.5402003392646999e+00,1.8757721471848840e-01
270153,1.5402003392646999e+00,1.8757721471848840e-01
270166,1.5402003392646999e+00,1.8757721471848840e-01
270179,1.5402003392646999e+00,1.8757721471848840e-01
270192,1.5402003392646999e+00,1.8757721471848840e-01
270205,1.5402003392646999e+00,1.8757721471848840e-01
270218,1.5402003392646999e+00,1.8757721471848840e-01
270231,1.5402003392646999e+00,1.8757721471848840e-01
270244,1.5402003392646999e+00,1.8757721471848840e-01
270257,1.5402003392646999e+00,1.8757721471848840e-01
270270,1.5402003392646999e+00,1.8757721471848840e-01
270283,1.5402003392646999e+00,1.8757721471848840e-01
270296,1.5402003392646999e+00,1.8757721471848840e-01
270309,1.5402003392646999e+00,1.8757721471848840e-01
270322,1.5402003392646999e+00,1.8757721471848840e-01
270335,1.5402003392646999e+00,1.8757721471848840e-01
270348,1.5402003392646999e+00,1.8757721471848840e-01
270361,1.5402003392646999e+00,1.8757721471848840e-01
270374,1.5402003392646999e+00,1.8757721471848840e-01
270387,1.5402003392646999e+00,1.8757721471848840e-01
270400,1.5402003392646999e+00,1.8757721471848840e-01
270413,1.5402003392646999e+00,1.8757721471848840e-01
270426,1.5402003392646999e+00,1.8757721471848840e-01
270439,1.5402003392646999e+00,1.8757721471848840e-01
270452,1.5402003392646999e+00,1.8757721471848840e-01
270465,1.5402003392646999e+00,1.8757721471848840e-01
270478,1.5402003392646999e+00,1.8757721471848840e-01
270491,1.5402003392646999e+00,1.8757721471848840e-01
270504,1.5402003392646999e+00,1.8757721471848840e-01
270517,1.5402003392646999e+00,1.8757721471848840e-01
270530,1.5402003392646999e+00,1.8757721471848840e-01
270543,1.5402003392646999e+00,1.8757721471848840e-01
270556,1.5402003392646999e+00,1.8757721471848840e-01
270569,1.5402003392646999e+00,1.8757721471848840e-01
270582,1.5402003392646999e+00,1.8757721471848840e-01
270595,1.5402003392646999e+00,1.8757721471848840e-01
270608,1.5402003392646999e+00,1.8757721471848840e-01
270621,1.5402003392646999e+00,1.8757721471848840e-01
270634,1.5402003392646999e+00,1.8757721471848840e-01
270647,1.5402003392646999e+00,1.8757721471848840e-01
270660,1.5402003392646999e+00,1.8757721471848840e-01
270673,1.5402003392646999e+00,1.8757721471848840e-01
270686,1.5402003392646999e+00,1.8757721471848840e-01
270699,1.5402003392646999e+00,1.8757721471848840e-01
270712,1.5402003392646999e+00,1.8757721471848840e-01
270725,1.5402003392646999e+00,1.8757721471848840e-01
270738,1.5402003392646999e+00,1.8757721471848840e-01
270751,1.5402003392646999e+00,1.8757721471848840e-01
270764,1.5402003392646999e+00,1.8757721471848840e-01
270777,1.5402003392646999e+00,1.8757721471848840e-01
270790,1.5402003392646999e+00,1.8757721471848840e-01
270803,1.5402003392646999e+00,1.8757721471848840e-01
270816,1.5402003392646999e+00,1.8757721471848840e-01
270829,1.5402003392646999e+00,1.8757721471848840e-01
270842,1.5402003392646999e+00,1.8757721471848840e-01
270855,1.5402003392646999e+00,1.8757721471848840e-01
270868,1.5402003392646999e+00,1.8757721471848840e-01
270881,1.5402003392646999e+00,1.8757721471848840e-01
270894,1.5402003392646999e+00,1.8757721471848840e-01
270907,1.5402003392646999e+00,1.8757721471848840e-01
270920,1.5402003392646999e+00,1.8757721471848840e-01
270933,1.5402003392646999e+00,1.8757721471848840e-01
270946,1.5402003392646999e+00,1.8757721471848840e-01
270959,1.5402003392646999e+00,1.8757721471848840e-01
270972,1.5402003392646999e+00,1.8757721471848840e-01
270985,1.5402003392646999e+00,1.8757721471848840e-01
270998,1.5402003392646999e+00,1.8757721471848840e-01
271011,1.5402003392646999e+00,1.8757721471848840e-01
271024,1.5402003392646999e+00,1.8757721471848840e-01
271037,1.5402003392646999e+00,1.8757721471848840e-01
271050,1.5402003392646999e+00,1.8757721471848840e-01
271063,1.5402003392646999e+00,1.8757721471848840e-01
271076,1.5402003392646999e+00,1.8757721471848840e-01
271089,1.5402003392646999e+00,1.8757721471848840e-01
271102,1.5402003392646999e+00,1.8757721471848840e-01
271115,1.5402003392646999e+00,1.8757721471848840e-01
271128,1.5402003392646999e+00,1.8757721471848840e-01
271141,1.5402003392646999e+00,1.8757721471848840e-01
271154,1.5402003392646999e+00,1.8757721471848840e-01
271167,1.5402003392646999e+00,1.8757721471848840e-01
271180,1.5402003392646999e+00,1.8757721471848840e-01
271193,1.5402003392646999e+00,1.8757721471848840e-01
271206,1.5402003392646999e+00,1.8757721471848840e-01
271219,1.5402003392646999e+00,1.8757721471848840e-01
271232,1.5402003392646999e+00,1.8757721471848840e-01
271245,1.5402003392646999e+00,1.8757721471848840e-01
271258,1.5402003392646999e+00,1.8757721471848840e-01
271271,1.5402003392646999e+00,1.8757721471848840e-01
271284,1.5402003392646999e+00,1.8757721471848840e-01
271297,1.5402003392646999e+00,1.8757721471848840e-01
271310,1.5402003392646999e+00,1.8757721471848840e-01
271323,1.5402003392646999e+00,1.8757721471848840e-01
271336,1.5402003392646999e+00,1.8757721471848840e-01
271349,1.5402003392646999e+00,1.8757721471848840e-01
271362,1.5402003392646999e+00,1.8757721471848840e-01
271375,1.5402003392646999e+00,1.8757721471848840e-01
271388,1.5402003392646999e+00,1.8757721471848840e-01
271401,1.5402003392646999e+00,1.8757721471848840e-01
271414,1.5402003392646999e+00,1.8757721471848840e-01
271427,1.5402003392646999e+00,1.8757721471848840e-01
271440,1.5402003392646999e+00,1.8757721471848840e-01
271453,1.5402003392646999e+00,1.8757721471848840e-01
271466,1.5402003392646999e+00,1.8757721471848840e-01
271479,1.5402003392646999e+00,1.8757721471848840e-01
271492,1.5402003392646999e+00,1.8757721471848840e-01
271505,1.5402003392646999e+00,1.8757721471848840e-01
271518,1.5402003392646999e+00,1.8757721471848840e-01
271531,1.5402003392646999e+00,1.8757721471848840e-01
271544,1.5402003392646999e+00,1.8757721471848840e-01
271557,1.5402003392646999e+00,1.8757721471848840e-01
271570,1.5402003392646999e+00,1.8757721471848840e-01
271583,1.5402003392646999e+00,1.8757721471848840e-01
271596,1.5402003392646999e+00,1.8757721471848840e-01
271609,1.5402003392646999e+00,1.8757721471848840e-01
271622,1.5402003392646999e+00,1.8757721471848840e-01
271635,1.5402003392646999e+00,1.8757721471848840e-01
271648,1.5402003392646999e+00,1.8757721471848840e-01
271661,1.5402003392646999e+00,1.8757721471848840e-01
271674,1.5402003392646999e+00,1.8757721471848840e-01
271687,1.5402003392646999e+00,1.8757721471848840e-01
271700,1.5402003392646999e+00,1.8757721471848840e-01
271713,1.5402003392646999e+00,1.8757721471848840e-01
271726,1.5402003392646999e+00,1.8757721471848840e-01
271739,1.5402003392646999e+00,1.8757721471848840e-01
271752,1.5402003392646999e+00,1.8757721471848840e-01
271765,1.5402003392646999e+00,1.8757721471848840e-01
271778,1.5402003392646999e+00,1.8757721471848840e-01
271791,1.5402003392646999e+00,1.8757721471848840e-01
271804,1.5402003392646999e+00,1.8757721471848840e-01
271817,1.5402003392646999e+00,1.8757721471848840e-01
271830,1.5402003392646999e+00,1.8757721471848840e-01
271843,1.5402003392646999e+00,1.8757721471848840e-01
271856,1.5402003392646999e+00,1.8757721471848840e-01
271869,1.5402003392646999e+00,1.8757721471848840e-01
271882,1.5402003392646999e+00,1.8757721471848840e-01
271895,1.5402003392646999e+00,1.8757721471848840e-01
271908,1.5402003392646999e+00,1.8757721471848840e-01
271921,1.5402003392646999e+00,1.8757721471848840e-01
271934,1.5402003392646999e+00,1.8757721471848840e-01
271947,1.5402003392646999e+00,1.8757721471848840e-01
271960,1.5402003392646999e+00,1.8757721471848840e-01
271973,1.5402003392646999e+00,1.8757721471848840e-01
271986,1.5402003392646999e+00,1.8757721471848840e-01
271999,1.5402003392646999e+00,1.8757721471848840e-01
272012,1.5402003392646999e+00,1.8757721471848840e-01
272025,1.5402003392646999e+00,1.8757721471848840e-01
272038,1.5402003392646999e+00,1.8757721471848840e-01
272051,1.5402003392646999e+00,1.8757721471848840e-01
272064,1.5402003392646999e+00,1.8757721471848840e-01
272077,1.5402003392646999e+00,1.8757721471848840e-01
272090,1.5402003392646999e+00,1.8757721471848840e-01
272103,1.5402003392646999e+00,1.8757721471848840e-01
272116,1.5402003392646999e+00,1.8757721471848840e-01
272129,1.5402003392646999e+00,1.8757721471848840e-01
272142,1.5402003392646999e+00,1.8757721471848840e-01
272155,1.5402003392646999e+00,1.8757721471848840e-01
272168,1.5402003392646999e+00,1.8757721471848840e-01
272181,1.5402003392646999e+00,1.8757721471848840e-01
272194,1.5402003392646999e+00,1.8757721471848840e-01
272207,1.5402003392646999e+00,1.8757721471848840e-01
272220,1.5402003392646999e+00,1.8757721471848840e-01
272233,1.5402003392646999e+00,1.8757721471848840e-01
272246,1.5402003392646999e+00,1.8757721471848840e-01
272259,1.5402003392646999e+00,1.8757721471848840e-01
272272,1.5402003392646999e+00,1.8757721471848840e-01
272285,1.5402003392646999e+00,1.8757721471848840e-01
272298,1.5402003392646999e+00,1.8757721471848840e-01
272311,1.5402003392646999e+00,1.8757721471848840e-01
272324,1.5402003392646999e+00,1.8757721471848840e-01
272337,1.5402003392646999e+00,1.8757721471848840e-01
272350,1.5402003392646999e+00,1.8757721471848840e-01
272363,1.5402003392646999e+00,1.8757721471848840e-01
272376,1.5402003392646999e+00,1.8757721471848840e-01
272389,1.5402003392646999e+00,1.8757721471848840e-01
272402,1.5402003392646999e+00,1.8757721471848840e-01
272415,1.5402003392646999e+00,1.8757721471848840e-01
272428,1.5402003392646999e+00,1.8757721471848840e-01
272441,1.5402003392646999e+00,1.8757721471848840e-01
272454,1.5402003392646999e+00,1.8757721471848840e-01
272467,1.5402003392646999e+00,1.8757721471848840e-01
272480,1.5402003392646999e+00,1.8757721471848840e-01
272493,1.5402003392646999e+00,1.8757721471848840e-01
272506,1.5402003392646999e+00,1.8757721471848840e-01
272519,1.5402003392646999e+00,1.8757721471848840e-01
272532,1.5402003392646999e+00,1.8757721471848840e-01
272545,1.5402003392646999e+00,1.8757721471848840e-01
272558,1.5402003392646999e+00,1.8757721471848840e-01
272571,1.5402003392646999e+00,1.8757721471848840e-01
272584,1.5402003392646999e+00,1.8757721471848840e-01
272597,1.5402003392646999e+00,1.8757721471848840e-01
272610,1.5402003392646999e+00,1.8757721471848840e-01
272623,1.5402003392646999e+00,1.8757721471848840e-01
272636,1.5402003392646999e+00,1.8757721471848840e-01
272649,1.5402003392646999e+00,1.8757721471848840e-01
272662,1.5402003392646999e+00,1.8757721471848840e-01
272675,1.5402003392646999e+00,1.8757721471848840e-01
272688,1.5402003392646999e+00,1.8757721471848840e-01
272701,1.5402003392646999e+00,1.8757721471848840e-01
272714,1.5402003392646999e+00,1.8757721471848840e-01
272727,1.5402003392646999e+00,1.8757721471848840e-01
272740,1.5402003392646999e+00,1.8757721471848840e-01
272753,1.5402003392646999e+00,1.8757721471848840e-01
272766,1.5402003392646999e+00,1.8757721471848840e-01
272779,1.5402003392646999e+00,1.8757721471848840e-01
272792,1.5402003392646999e+00,1.8757721471848840e-01
272805,1.5402003392646999e+00,1.8757721471848840e-01
272818,1.5402003392646999e+00,1.8757721471848840e-01
272831,1.5402003392646999e+00,1.8757721471848840e-01
272844,1.5402003392646999e+00,1.8757721471848840e-01
272857,1.5402003392646999e+00,1.8757721471848840e-01
272870,1.5402003392646999e+00,1.8757721471848840e-01
272883,1.5402003392646999e+00,1.8757721471848840e-01
272896,1.5402003392646999e+00,1.8757721471848840e-01
272909,1.5402003392646999e+00,1.8757721471848840e-01
272922,1.5402003392646999e+00,1.8757721471848840e-01
272935,1.5402003392646999e+00,1.8757721471848840e-01
272948,1.5402003392646999e+00,1.8757721471848840e-01
272961,1.5402003392646999e+00,1.8757721471848840e-01
272974,1.5402003392646999e+00,1.8757721471848840e-01
272987,1.5402003392646999e+00,1.8757721471848840e-01
273000,1.5402003392646999e+00,1.8757721471848840e-01
273013,1.5402003392646999e+00,1.8757721471848840e-01
273026,1.5402003392646999e+00,1.8757721471848840e-01
273039,1.5402003392646999e+00,1.8757721471848840e-01
273052,1.5402003392646999e+00,1.8757721471848840e-01
273065,1.5402003392646999e+00,1.8757721471848840e-01
273078,1.5402003392646999e+00,1.8757721471848840e-01
273091,1.5402003392646999e+00,1.8757721471848840e-01
273104,1.5402003392646999e+00,1.8757721471848840e-01
273117,1.5402003392646999e+00,1.8757721471848840e-01
273130,1.5402003392646999e+00,1.8757721471848840e-01
273143,1.5402003392646999e+00,1.8757721471848840e-01
273156,1.5402003392646999e+00,1.8757721471848840e-01
273169,1.5402003392646999e+00,1.8757721471848840e-01
273182,1.5402003392646999e+00,1.8757721471848840e-01
273195,1.5402003392646999e+00,1.8757721471848840e-01
273208,1.5402003392646999e+00,1.8757721471848840e-01
273221,1.5402003392646999e+00,1.8757721471848840e-01
273234,1.5402003392646999e+00,1.8757721471848840e-01
273247,1.5402003392646999e+00,1.8757721471848840e-01
273260,1.5402003392646999e+00,1.8757721471848840e-01
273273,1.5402003392646999e+00,1.8757721471848840e-01
273286,1.5402003392646999e+00,1.8757721471848840e-01
273299,1.5402003392646999e+00,1.8757721471848840e-01
273312,1.5402003392646999e+00,1.8757721471848840e-01
273325,1.5402003392646999e+00,1.8757721471848840e-01
273338,1.5402003392646999e+00,1.8757721471848840e-01
273351,1.5402003392646999e+00,1.8757721471848840e-01
273364,1.5402003392646999e+00,1.8757721471848840e-01
273377,1.5402003392646999e+00,1.8757721471848840e-01
273390,1.5402003392646999e+00,1.8757721471848840e-01
273403,1.5402003392646999e+00,1.8757721471848840e-01
273416,1.5402003392646999e+00,1.8757721471848840e-01
273429,1.5402003392646999e+00,1.8757721471848840e-01
273442,1.5402003392646999e+00,1.8757721471848840e-01
273455,1.5402003392646999e+00,1.8757721471848840e-01
273468,1.5402003392646999e+00,1.8757721471848840e-01
273481,1.5402003392646999e+00,1.8757721471848840e-01
273494,1.5402003392646999e+00,1.8757721471848840e-01
273507,1.5402003392646999e+00,1.8757721471848840e-01
273520,1.5402003392646999e+00,1.8757721471848840e-01
273533,1.5402003392646999e+00,1.8757721471848840e-01
273546,1.5402003392646999e+00,1.8757721471848840e-01
273559,1.5402003392646999e+00,1.8757721471848840e-01
273572,1.5402003392646999e+00,1.8757721471848840e-01
273585,1.5402003392646999e+00,1.8757721471848840e-01
273598,1.5402003392646999e+00,1.8757721471848840e-01
273611,1.5402003392646999e+00,1.8757721471848840e-01
273624,1.5402003392646999e+00,1.8757721471848840e-01
273637,1.5402003392646999e+00,1.8757721471848840e-01
273650,1.5402003392646999e+00,1.8757721471848840e-01
273663,1.5402003392646999e+00,1.8757721471848840e-01
273676,1.5402003392646999e+00,1.8757721471848840e-01
273689,1.5402003392646999e+00,1.8757721471848840e-01
273702,1.5402003392646999e+00,1.8757721471848840e-01
273715,1.5402003392646999e+00,1.8757721471848840e-01
273728,1.5402003392646999e+00,1.8757721471848840e-01
273741,1.5402003392646999e+00,1.8757721471848840e-01
273754,1.5402003392646999e+00,1.8757721471848840e-01
273767,1.5402003392646999e+00,1.8757721471848840e-01
273780,1.5402003392646999e+00,1.8757721471848840e-01
273793,1.5402003392646999e+00,1.8757721471848840e-01
273806,1.5402003392646999e+00,1.8757721471848840e-01
273819,1.5402003392646999e+00,1.8757721471848840e-01
273832,1.5402003392646999e+00,1.8757721471848840e-01
273845,1.5402003392646999e+00,1.8757721471848840e-01
273858,1.5402003392646999e+00,1.8757721471848840e-01
273871,1.5402003392646999e+00,1.8757721471848840e-01
273884,1.5402003392646999e+00,1.8757721471848840e-01
273897,1.5402003392646999e+00,1.8757721471848840e-01
273910,1.5402003392646999e+00,1.8757721471848840e-01
273923,1.5402003392646999e+00,1.8757721471848840e-01
273936,1.5402003392646999e+00,1.8757721471848840e-01
273949,1.5402003392646999e+00,1.8757721471848840e-01
273962,1.5402003392646999e+00,1.8757721471848840e-01
273975,1.5402003392646999e+00,1.8757721471848840e-01
273988,1.5402003392646999e+00,1.8757721471848840e-01
274001,1.5402003392646999e+00,1.8757721471848840e-01
274014,1.5402003392646999e+00,1.8757721471848840e-01
274027,1.5402003392646999e+00,1.8757721471848840e-01
274040,1.5402003392646999e+00,1.8757721471848840e-01
274053,1.5402003392646999e+00,1.8757721471848840e-01
274066,1.5402003392646999e+00,1.8757721471848840e-01
274079,1.5402003392646999e+00,1.8757721471848840e-01
274092,1.5402003392646999e+00,1.8757721471848840e-01
274105,1.5402003392646999e+00,1.8757721471848840e-01
274118,1.5402003392646999e+00,1.8757721471848840e-01
274131,1.5402003392646999e+00,1.8757721471848840e-01
274144,1.5402003392646999e+00,1.8757721471848840e-01
274157,1.5402003392646999e+00,1.8757721471848840e-01
274170,1.5402003392646999e+00,1.8757721471848840e-01
274183,1.5402003392646999e+00,1.8757721471848840e-01
274196,1.5402003392646999e+00,1.8757721471848840e-01
274209,1.5402003392646999e+00,1.8757721471848840e-01
274222,1.5402003392646999e+00,1.8757721471848840e-01
274235,1.5402003392646999e+00,1.8757721471848840e-01
274248,1.5402003392646999e+00,1.8757721471848840e-01
274261,1.5402003392646999e+00,1.8757721471848840e-01
274274,1.5402003392646999e+00,1.8757721471848840e-01
274287,1.5402003392646999e+00,1.8757721471848840e-01
274300,1.5402003392646999e+00,1.8757721471848840e-01
274313,1.5402003392646999e+00,1.8757721471848840e-01
274326,1.5402003392646999e+00,1.8757721471848840e-01
274339,1.5402003392646999e+00,1.8757721471848840e-01
274352,1.5402003392646999e+00,1.8757721471848840e-01
274365,1.5402003392646999e+00,1.8757721471848840e-01
274378,1.5402003392646999e+00,1.8757721471848840e-01
274391,1.5402003392646999e+00,1.8757721471848840e-01
274404,1.5402003392646999e+00,1.8757721471848840e-01
274417,1.5402003392646999e+00,1.8757721471848840e-01
274430,1.5402003392646999e+00,1.8757721471848840e-01
274443,1.5402003392646999e+00,1.8757721471848840e-01
274456,1.5402003392646999e+00,1.8757721471848840e-01
274469,1.5402003392646999e+00,1.8757721471848840e-01
274482,1.5402003392646999e+00,1.8757721471848840e-01
274495,1.5402003392646999e+00,1.8757721471848840e-01
274508,1.5402003392646999e+00,1.8757721471848840e-01
274521,1.5402003392646999e+00,1.8757721471848840e-01
274534,1.5402003392646999e+00,1.8757721471848840e-01
274547,1.5402003392646999e+00,1.8757721471848840e-01
274560,1.5402003392646999e+00,1.8757721471848840e-01
274573,1.5402003392646999e+00,1.8757721471848840e-01
274586,1.5402003392646999e+00,1.8757721471848840e-01
274599,1.5402003392646999e+00,1.8757721471848840e-01
274612,1.5402003392646999e+00,1.8757721471848840e-01
274625,1.5402003392646999e+00,1.8757721471848840e-01
274638,1.5402003392646999e+00,1.8757721471848840e-01
274651,1.5402003392646999e+00,1.8757721471848840e-01
274664,1.5402003392646999e+00,1.8757721471848840e-01
274677,1.5402003392646999e+00,1.8757721471848840e-01
274690,1.5402003392646999e+00,1.8757721471848840e-01
274703,1.5402003392646999e+00,1.8757721471848840e-01
274716,1.5402003392646999e+00,1.8757721471848840e-01
274729,1.5402003392646999e+00,1.8757721471848840e-01
274742,1.5402003392646999e+00,1.8757721471848840e-01
274755,1.5402003392646999e+00,1.8757721471848840e-01
274768,1.5402003392646999e+00,1.8757721471848840e-01
274781,1.5402003392646999e+00,1.8757721471848840e-01
274794,1.5402003392646999e+00,1.8757721471848840e-01
274807,1.5402003392646999e+00,1.8757721471848840e-01
274820,1.5402003392646999e+00,1.8757721471848840e-01
274833,1.5402003392646999e+00,1.8757721471848840e-01
274846,1.5402003392646999e+00,1.8757721471848840e-01
274859,1.5402003392646999e+00,1.8757721471848840e-01
274872,1.5402003392646999e+00,1.8757721471848840e-01
274885,1.5402003392646999e+00,1.8757721471848840e-01
274898,1.5402003392646999e+00,1.8757721471848840e-01
274911,1.5402003392646999e+00,1.8757721471848840e-01
274924,1.5402003392646999e+00,1.8757721471848840e-01
274937,1.5402003392646999e+00,1.8757721471848840e-01
274950,1.5402003392646999e+00,1.8757721471848840e-01
274963,1.5402003392646999e+00,1.8757721471848840e-01
274976,1.5402003392646999e+00,1.8757721471848840e-01
274989,1.5402003392646999e+00,1.8757721471848840e-01
275002,1.5402003392646999e+00,1.8757721471848840e-01
275015,1.5402003392646999e+00,1.8757721471848840e-01
275028,1.5402003392646999e+00,1.8757721471848840e-01
275041,1.5402003392646999e+00,1.8757721471848840e-01
275054,1.5402003392646999e+00,1.8757721471848840e-01
275067,1.5402003392646999e+00,1.8757721471848840e-01
275080,1.5402003392646999e+00,1.8757721471848840e-01
275093,1.5402003392646999e+00,1.8757721471848840e-01
275106,1.5402003392646999e+00,1.8757721471848840e-01
275119,1.5402003392646999e+00,1.8757721471848840e-01
275132,1.5402003392646999e+00,1.8757721471848840e-01
275145,1.5402003392646999e+00,1.8757721471848840e-01
275158,1.5402003392646999e+00,1.8757721471848840e-01
275171,1.5402003392646999e+00,1.8757721471848840e-01
275184,1.5402003392646999e+00,1.8757721471848840e-01
275197,1.5402003392646999e+00,1.8757721471848840e-01
275210,1.5402003392646999e+00,1.8757721471848840e-01
275223,1.5402003392646999e+00,1.8757721471848840e-01
275236,1.5402003392646999e+00,1.8757721471848840e-01
275249,1.5402003392646999e+00,1.8757721471848840e-01
275262,1.5402003392646999e+00,1.8757721471848840e-01
275275,1.5402003392646999e+00,1.8757721471848840e-01
275288,1.5402003392646999e+00,1.8757721471848840e-01
275301,1.5402003392646999e+00,1.8757721471848840e-01
275314,1.5402003392646999e+00,1.8757721471848840e-01
275327,1.5402003392646999e+00,1.8757721471848840e-01
275340,1.5402003392646999e+00,1.8757721471848840e-01
275353,1.5402003392646999e+00,1.8757721471848840e-01
275366,1.5402003392646999e+00,1.8757721471848840e-01
275379,1.5402003392646999e+00,1.8757721471848840e-01
275392,1.5402003392646999e+00,1.8757721471848840e-01
275405,1.5402003392646999e+00,1.8757721471848840e-01
275418,1.5402003392646999e+00,1.8757721471848840e-01
275431,1.5402003392646999e+00,1.8757721471848840e-01
275444,1.5402003392646999e+00,1.8757721471848840e-01
275457,1.5402003392646999e+00,1.8757721471848840e-01
275470,1.5402003392646999e+00,1.8757721471848840e-01
275483,1.5402003392646999e+00,1.8757721471848840e-01
275496,1.5402003392646999e+00,1.8757721471848840e-01
275509,1.5402003392646999e+00,1.8757721471848840e-01
275522,1.5402003392646999e+00,1.8757721471848840e-01
275535,1.5402003392646999e+00,1.8757721471848840e-01
275548,1.5402003392646999e+00,1.8757721471848840e-01
275561,1.5402003392646999e+00,1.8757721471848840e-01
275574,1.5402003392646999e+00,1.8757721471848840e-01
275587,1.5402003392646999e+00,1.8757721471848840e-01
275600,1.5402003392646999e+00,1.8757721471848840e-01
275613,1.5402003392646999e+00,1.8757721471848840e-01
275626,1.5402003392646999e+00,1.8757721471848840e-01
275639,1.5402003392646999e+00,1.8757721471848840e-01
275652,1.5402003392646999e+00,1.8757721471848840e-01
275665,1.5402003392646999e+00,1.8757721471848840e-01
275678,1.5402003392646999e+00,1.8757721471848840e-01
275691,1.5402003392646999e+00,1.8757721471848840e-01
275704,1.5402003392646999e+00,1.8757721471848840e-01
275717,1.5402003392646999e+00,1.8757721471848840e-01
275730,1.5402003392646999e+00,1.8757721471848840e-01
275743,1.5402003392646999e+00,1.8757721471848840e-01
275756,1.5402003392646999e+00,1.8757721471848840e-01
275769,1.5402003392646999e+00,1.8757721471848840e-01
275782,1.5402003392646999e+00,1.8757721471848840e-01
275795,1.5402003392646999e+00,1.8757721471848840e-01
275808,1.5402003392646999e+00,1.8757721471848840e-01
275821,1.5402003392646999e+00,1.8757721471848840e-01
275834,1.5402003392646999e+00,1.8757721471848840e-01
275847,1.5402003392646999e+00,1.8757721471848840e-01
275860,1.5402003392646999e+00,1.8757721471848840e-01
275873,1.5402003392646999e+00,1.8757721471848840e-01
275886,1.5402003392646999e+00,1.8757721471848840e-01
275899,1.5402003392646999e+00,1.8757721471848840e-01
275912,1.5402003392646999e+00,1.8757721471848840e-01
275925,1.5402003392646999e+00,1.8757721471848840e-01
275938,1.5402003392646999e+00,1.8757721471848840e-01
275951,1.5402003392646999e+00,1.8757721471848840e-01
275964,1.5402003392646999e+00,1.8757721471848840e-01
275977,1.5402003392646999e+00,1.8757721471848840e-01
275990,1.5402003392646999e+00,1.8757721471848840e-01
276003,1.5402003392646999e+00,1.8757721471848840e-01
276016,1.5402003392646999e+00,1.8757721471848840e-01
276029,1.5402003392646999e+00,1.8757721471848840e-01
276042,1.5402003392646999e+00,1.8757721471848840e-01
276055,1.5402003392646999e+00,1.8757721471848840e-01
276068,1.5402003392646999e+00,1.8757721471848840e-01
276081,1.5402003392646999e+00,1.8757721471848840e-01
276094,1.5402003392646999e+00,1.8757721471848840e-01
276107,1.5402003392646999e+00,1.8757721471848840e-01
276120,1.5402003392646999e+00,1.8757721471848840e-01
276133,1.5402003392646999e+00,1.8757721471848840e-01
276146,1.5402003392646999e+00,1.8757721471848840e-01
276159,1.5402003392646999e+00,1.8757721471848840e-01
276172,1.5402003392646999e+00,1.8757721471848840e-01
276185,1.5402003392646999e+00,1.8757721471848840e-01
276198,1.5402003392646999e+00,1.8757721471848840e-01
276211,1.5402003392646999e+00,1.8757721471848840e-01
276224,1.5402003392646999e+00,1.8757721471848840e-01
276237,1.5402003392646999e+00,1.8757721471848840e-01
276250,1.5402003392646999e+00,1.8757721471848840e-01
276263,1.5402003392646999e+00,1.8757721471848840e-01
276276,1.5402003392646999e+00,1.8757721471848840e-01
276289,1.5402003392646999e+00,1.8757721471848840e-01
276302,1.5402003392646999e+00,1.8757721471848840e-01
276315,1.5402003392646999e+00,1.8757721471848840e-01
276328,1.5402003392646999e+00,1.8757721471848840e-01
276341,1.5402003392646999e+00,1.8757721471848840e-01
276354,1.5402003392646999e+00,1.8757721471848840e-01
276367,1.5402003392646999e+00,1.8757721471848840e-01
276380,1.5402003392646999e+00,1.8757721471848840e-01
276393,1.5402003392646999e+00,1.8757721471848840e-01
276406,1.5402003392646999e+00,1.8757721471848840e-01
276419,1.5402003392646999e+00,1.8757721471848840e-01
276432,1.5402003392646999e+00,1.8757721471848840e-01
276445,1.5402003392646999e+00,1.8757721471848840e-01
276458,1.5402003392646999e+00,1.8757721471848840e-01
276471,1.5402003392646999e+00,1.8757721471848840e-01
276484,1.5402003392646999e+00,1.8757721471848840e-01
276497,1.5402003392646999e+00,1.8757721471848840e-01
276510,1.5402003392646999e+00,1.8757721471848840e-01
276523,1.5402003392646999e+00,1.8757721471848840e-01
276536,1.5402003392646999e+00,1.8757721471848840e-01
276549,1.5402003392646999e+00,1.8757721471848840e-01
276562,1.5402003392646999e+00,1.8757721471848840e-01
276575,1.5402003392646999e+00,1.8757721471848840e-01
276588,1.5402003392646999e+00,1.8757721471848840e-01
276601,1.5402003392646999e+00,1.8757721471848840e-01
276614,1.5402003392646999e+00,1.8757721471848840e-01
276627,1.5402003392646999e+00,1.8757721471848840e-01
276640,1.5402003392646999e+00,1.8757721471848840e-01
276653,1.5402003392646999e+00,1.8757721471848840e-01
276666,1.5402003392646999e+00,1.8757721471848840e-01
276679,1.5402003392646999e+00,1.8757721471848840e-01
276692,1.5402003392646999e+00,1.8757721471848840e-01
276705,1.5402003392646999e+00,1.8757721471848840e-01
276718,1.5402003392646999e+00,1.8757721471848840e-01
276731,1.5402003392646999e+00,1.8757721471848840e-01
276744,1.5402003392646999e+00,1.8757721471848840e-01
276757,1.5402003392646999e+00,1.8757721471848840e-01
276770,1.5402003392646999e+00,1.8757721471848840e-01
276783,1.5402003392646999e+00,1.8757721471848840e-01
276796,1.5402003392646999e+00,1.8757721471848840e-01
276809,1.5402003392646999e+00,1.8757721471848840e-01
276822,1.5402003392646999e+00,1.8757721471848840e-01
276835,1.5402003392646999e+00,1.8757721471848840e-01
276848,1.5402003392646999e+00,1.8757721471848840e-01
276861,1.5402003392646999e+00,1.8757721471848840e-01
276874,1.5402003392646999e+00,1.8757721471848840e-01
276887,1.5402003392646999e+00,1.8757721471848840e-01
276900,1.5402003392646999e+00,1.8757721471848840e-01
276913,1.5402003392646999e+00,1.8757721471848840e-01
276926,1.5402003392646999e+00,1.8757721471848840e-01
276939,1.5402003392646999e+00,1.8757721471848840e-01
276952,1.5402003392646999e+00,1.8757721471848840e-01
276965,1.5402003392646999e+00,1.8757721471848840e-01
276978,1.5402003392646999e+00,1.8757721471848840e-01
276991,1.5402003392646999e+00,1.8757721471848840e-01
277004,1.5402003392646999e+00,1.8757721471848840e-01
277017,1.5402003392646999e+00,1.8757721471848840e-01
277030,1.5402003392646999e+00,1.8757721471848840e-01
277043,1.5402003392646999e+00,1.8757721471848840e-01
277056,1.5402003392646999e+00,1.8757721471848840e-01
277069,1.5402003392646999e+00,1.8757721471848840e-01
277082,1.5402003392646999e+00,1.8757721471848840e-01
277095,1.5402003392646999e+00,1.8757721471848840e-01
277108,1.5402003392646999e+00,1.8757721471848840e-01
277121,1.5402003392646999e+00,1.8757721471848840e-01
277134,1.5402003392646999e+00,1.8757721471848840e-01
277147,1.5402003392646999e+00,1.8757721471848840e-01
277160,1.5402003392646999e+00,1.8757721471848840e-01
277173,1.5402003392646999e+00,1.8757721471848840e-01
277186,1.5402003392646999e+00,1.8757721471848840e-01
277199,1.5402003392646999e+00,1.8757721471848840e-01
277212,1.5402003392646999e+00,1.8757721471848840e-01
277225,1.5402003392646999e+00,1.8757721471848840e-01
277238,1.5402003392646999e+00,1.8757721471848840e-01
277251,1.5402003392646999e+00,1.8757721471848840e-01
277264,1.5402003392646999e+00,1.8757721471848840e-01
277277,1.5402003392646999e+00,1.8757721471848840e-01
277290,1.5402003392646999e+00,1.8757721471848840e-01
277303,1.5402003392646999e+00,1.8757721471848840e-01
277316,1.5402003392646999e+00,1.8757721471848840e-01
277329,1.5402003392646999e+00,1.8757721471848840e-01
277342,1.5402003392646999e+00,1.8757721471848840e-01
277355,1.5402003392646999e+00,1.8757721471848840e-01
277368,1.5402003392646999e+00,1.8757721471848840e-01
277381,1.5402003392646999e+00,1.8757721471848840e-01
277394,1.5402003392646999e+00,1.8757721471848840e-01
277407,1.5402003392646999e+00,1.8757721471848840e-01
277420,1.5402003392646999e+00,1.8757721471848840e-01
277433,1.5402003392646999e+00,1.8757721471848840e-01
277446,1.5402003392646999e+00,1.8757721471848840e-01
277459,1.5402003392646999e+00,1.8757721471848840e-01
277472,1.5402003392646999e+00,1.8757721471848840e-01
277485,1.5402003392646999e+00,1.8757721471848840e-01
277498,1.5402003392646999e+00,1.8757721471848840e-01
277511,1.5402003392646999e+00,1.8757721471848840e-01
277524,1.5402003392646999e+00,1.8757721471848840e-01
277537,1.5402003392646999e+00,1.8757721471848840e-01
277550,1.5402003392646999e+00,1.8757721471848840e-01
277563,1.5402003392646999e+00,1.8757721471848840e-01
277576,1.5402003392646999e+00,1.8757721471848840e-01
277589,1.5402003392646999e+00,1.8757721471848840e-01
277602,1.5402003392646999e+00,1.8757721471848840e-01
277615,1.5402003392646999e+00,1.8757721471848840e-01
277628,1.5402003392646999e+00,1.8757721471848840e-01
277641,1.5402003392646999e+00,1.8757721471848840e-01
277654,1.5402003392646999e+00,1.8757721471848840e-01
277667,1.5402003392646999e+00,1.8757721471848840e-01
277680,1.5402003392646999e+00,1.8757721471848840e-01
277693,1.5402003392646999e+00,1.8757721471848840e-01
277706,1.5402003392646999e+00,1.8757721471848840e-01
277719,1.5402003392646999e+00,1.8757721471848840e-01
277732,1.5402003392646999e+00,1.8757721471848840e-01
277745,1.5402003392646999e+00,1.8757721471848840e-01
277758,1.5402003392646999e+00,1.8757721471848840e-01
277771,1.5402003392646999e+00,1.8757721471848840e-01
277784,1.5402003392646999e+00,1.8757721471848840e-01
277796,1.5402003392646999e+00,1.8757721471848840e-01
277808,1.5402003392646999e+00,1.8757721471848840e-01
277820,1.5402003392646999e+00,1.8757721471848840e-01
277832,1.5402003392646999e+00,1.8757721471848840e-01
277844,1.5402003392646999e+00,1.8757721471848840e-01
277856,1.5402003392646999e+00,1.8757721471848840e-01
277868,1.5402003392646999e+00,1.8757721471848840e-01
277880,1.5402003392646999e+00,1.8757721471848840e-01
277892,1.5402003392646999e+00,1.8757721471848840e-01
277904,1.5402003392646999e+00,1.8757721471848840e-01
277916,1.5402003392646999e+00,1.8757721471848840e-01
277928,1.5402003392646999e+00,1.8757721471848840e-01
277940,1.5402003392646999e+00,1.8757721471848840e-01
277952,1.5402003392646999e+00,1.8757721471848840e-01
277964,1.5402003392646999e+00,1.8757721471848840e-01
277976,1.5402003392646999e+00,1.8757721471848840e-01
277988,1.5402003392646999e+00,1.8757721471848840e-01
278000,1.5402003392646999e+00,1.8757721471848840e-01
278012,1.5402003392646999e+00,1.8757721471848840e-01
278024,1.5402003392646999e+00,1.8757721471848840e-01
278036,1.5402003392646999e+00,1.8757721471848840e-01
278048,1.5402003392646999e+00,1.8757721471848840e-01
278060,1.5402003392646999e+00,1.8757721471848840e-01
278072,1.5402003392646999e+00,1.8757721471848840e-01
278084,1.5402003392646999e+00,1.8757721471848840e-01
278096,1.5402003392646999e+00,1.8757721471848840e-01
278108,1.5402003392646999e+00,1.8757721471848840e-01
278120,1.5402003392646999e+00,1.8757721471848840e-01
278132,1.5402003392646999e+00,1.8757721471848840e-01
278144,1.5402003392646999e+00,1.8757721471848840e-01
278156,1.5402003392646999e+00,1.8757721471848840e-01
278168,1.5402003392646999e+00,1.8757721471848840e-01
278180,1.5402003392646999e+00,1.8757721471848840e-01
278192,1.5402003392646999e+00,1.8757721471848840e-01
278204,1.5402003392646999e+00,1.8757721471848840e-01
278216,1.5402003392646999e+00,1.8757721471848840e-01
278228,1.5402003392646999e+00,1.8757721471848840e-01
278240,1.5402003392646999e+00,1.8757721471848840e-01
278252,1.5402003392646999e+00,1.8757721471848840e-01
278264,1.5402003392646999e+00,1.8757721471848840e-01
278276,1.5402003392646999e+00,1.8757721471848840e-01
278288,1.5402003392646999e+00,1.8757721471848840e-01
278300,1.5402003392646999e+00,1.8757721471848840e-01
278312,1.5402003392646999e+00,1.8757721471848840e-01
278324,1.5402003392646999e+00,1.8757721471848840e-01
278336,1.5402003392646999e+00,1.8757721471848840e-01
278348,1.5402003392646999e+00,1.8757721471848840e-01
278360,1.5402003392646999e+00,1.8757721471848840e-01
278372,1.5402003392646999e+00,1.8757721471848840e-01
278384,1.5402003392646999e+00,1.8757721471848840e-01
278396,1.5402003392646999e+00,1.8757721471848840e-01
278408,1.5402003392646999e+00,1.8757721471848840e-01
278420,1.5402003392646999e+00,1.8757721471848840e-01
278432,1.5402003392646999e+00,1.8757721471848840e-01
278444,1.5402003392646999e+00,1.8757721471848840e-01
278456,1.5402003392646999e+00,1.8757721471848840e-01
278468,1.5402003392646999e+00,1.8757721471848840e-01
278480,1.5402003392646999e+00,1.8757721471848840e-01
278492,1.5402003392646999e+00,1.8757721471848840e-01
278504,1.5402003392646999e+00,1.8757721471848840e-01
278516,1.5402003392646999e+00,1.8757721471848840e-01
278528,1.5402003392646999e+00,1.8757721471848840e-01
278540,1.5402003392646999e+00,1.8757721471848840e-01
278552,1.5402003392646999e+00,1.8757721471848840e-01
278564,1.5402003392646999e+00,1.8757721471848840e-01
278576,1.5402003392646999e+00,1.8757721471848840e-01
278588,1.5402003392646999e+00,1.8757721471848840e-01
278600,1.5402003392646999e+00,1.8757721471848840e-01
278612,1.5402003392646999e+00,1.8757721471848840e-01
278624,1.5402003392646999e+00,1.8757721471848840e-01
278636,1.5402003392646999e+00,1.8757721471848840e-01
278648,1.5402003392646999e+00,1.8757721471848840e-01
278660,1.5402003392646999e+00,1.8757721471848840e-01
278672,1.5402003392646999e+00,1.8757721471848840e-01
278684,1.5402003392646999e+00,1.8757721471848840e-01
278696,1.5402003392646999e+00,1.8757721471848840e-01
278708,1.5402003392646999e+00,1.8757721471848840e-01
278720,1.5402003392646999e+00,1.8757721471848840e-01
278732,1.5402003392646999e+00,1.8757721471848840e-01
278744,1.5402003392646999e+00,1.8757721471848840e-01
278756,1.5402003392646999e+00,1.8757721471848840e-01
278768,1.5402003392646999e+00,1.8757721471848840e-01
278780,1.5402003392646999e+00,1.8757721471848840e-01
278792,1.5402003392646999e+00,1.8757721471848840e-01
278804,1.5402003392646999e+00,1.8757721471848840e-01
278816,1.5402003392646999e+00,1.8757721471848840e-01
278828,1.5402003392646999e+00,1.8757721471848840e-01
278840,1.5402003392646999e+00,1.8757721471848840e-01
278852,1.5402003392646999e+00,1.8757721471848840e-01
278864,1.5402003392646999e+00,1.8757721471848840e-01
278876,1.5402003392646999e+00,1.8757721471848840e-01
278888,1.5402003392646999e+00,1.8757721471848840e-01
278900,1.5402003392646999e+00,1.8757721471848840e-01
278912,1.5402003392646999e+00,1.8757721471848840e-01
278924,1.5402003392646999e+00,1.8757721471848840e-01
278936,1.5402003392646999e+00,1.8757721471848840e-01
278948,1.5402003392646999e+00,1.8757721471848840e-01
278960,1.5402003392646999e+00,1.8757721471848840e-01
278972,1.5402003392646999e+00,1.8757721471848840e-01
278984,1.5402003392646999e+00,1.8757721471848840e-01
278996,1.5402003392646999e+00,1.8757721471848840e-01
279008,1.5402003392646999e+00,1.8757721471848840e-01
279020,1.5402003392646999e+00,1.8757721471848840e-01
279032,1.5402003392646999e+00,1.8757721471848840e-01
279044,1.5402003392646999e+00,1.8757721471848840e-01
279056,1.5402003392646999e+00,1.8757721471848840e-01
279068,1.5402003392646999e+00,1.8757721471848840e-01
279080,1.5402003392646999e+00,1.8757721471848840e-01
279092,1.5402003392646999e+00,1.8757721471848840e-01
279104,1.5402003392646999e+00,1.8757721471848840e-01
279116,1.5402003392646999e+00,1.8757721471848840e-01
279128,1.5402003392646999e+00,1.8757721471848840e-01
279140,1.5402003392646999e+00,1.8757721471848840e-01
279152,1.5402003392646999e+00,1.8757721471848840e-01
279164,1.5402003392646999e+00,1.8757721471848840e-01
279176,1.5402003392646999e+00,1.8757721471848840e-01
279188,1.5402003392646999e+00,1.8757721471848840e-01
279200,1.5402003392646999e+00,1.8757721471848840e-01
279212,1.5402003392646999e+00,1.8757721471848840e-01
279224,1.5402003392646999e+00,1.8757721471848840e-01
279236,1.5402003392646999e+00,1.8757721471848840e-01
279248,1.5402003392646999e+00,1.8757721471848840e-01
279260,1.5402003392646999e+00,1.8757721471848840e-01
279272,1.5402003392646999e+00,1.8757721471848840e-01
279284,1.5402003392646999e+00,1.8757721471848840e-01
279296,1.5402003392646999e+00,1.8757721471848840e-01
279308,1.5402003392646999e+00,1.8757721471848840e-01
279320,1.5402003392646999e+00,1.8757721471848840e-01
279332,1.5402003392646999e+00,1.8757721471848840e-01
279344,1.5402003392646999e+00,1.8757721471848840e-01
279356,1.5402003392646999e+00,1.8757721471848840e-01
279368,1.5402003392646999e+00,1.8757721471848840e-01
279380,1.5402003392646999e+00,1.8757721471848840e-01
279392,1.5402003392646999e+00,1.8757721471848840e-01
279404,1.5402003392646999e+00,1.8757721471848840e-01
279416,1.5402003392646999e+00,1.8757721471848840e-01
279428,1.5402003392646999e+00,1.8757721471848840e-01
279440,1.5402003392646999e+00,1.8757721471848840e-01
279452,1.5402003392646999e+00,1.8757721471848840e-01
279464,1.5402003392646999e+00,1.8757721471848840e-01
279476,1.5402003392646999e+00,1.8757721471848840e-01
279488,1.5402003392646999e+00,1.8757721471848840e-01
279500,1.5402003392646999e+00,1.8757721471848840e-01
279512,1.5402003392646999e+00,1.8757721471848840e-01
279524,1.5402003392646999e+00,1.8757721471848840e-01
279536,1.5402003392646999e+00,1.8757721471848840e-01
279548,1.5402003392646999e+00,1.8757721471848840e-01
279560,1.5402003392646999e+00,1.8757721471848840e-01
279572,1.5402003392646999e+00,1.8757721471848840e-01
279584,1.5402003392646999e+00,1.8757721471848840e-01
279596,1.5402003392646999e+00,1.8757721471848840e-01
279608,1.5402003392646999e+00,1.8757721471848840e-01
279620,1.5402003392646999e+00,1.8757721471848840e-01
279632,1.5402003392646999e+00,1.8757721471848840e-01
279644,1.5402003392646999e+00,1.8757721471848840e-01
279656,1.5402003392646999e+00,1.8757721471848840e-01
279668,1.5402003392646999e+00,1.8757721471848840e-01
279680,1.5402003392646999e+00,1.8757721471848840e-01
279692,1.5402003392646999e+00,1.8757721471848840e-01
279704,1.5402003392646999e+00,1.8757721471848840e-01
279716,1.5402003392646999e+00,1.8757721471848840e-01
279728,1.5402003392646999e+00,1.8757721471848840e-01
279740,1.5402003392646999e+00,1.8757721471848840e-01
279752,1.5402003392646999e+00,1.8757721471848840e-01
279764,1.5402003392646999e+00,1.8757721471848840e-01
279776,1.5402003392646999e+00,1.8757721471848840e-01
279788,1.5402003392646999e+00,1.8757721471848840e-01
279800,1.5402003392646999e+00,1.8757721471848840e-01
279812,1.5402003392646999e+00,1.8757721471848840e-01
279824,1.5402003392646999e+00,1.8757721471848840e-01
279836,1.5402003392646999e+00,1.8757721471848840e-01
279848,1.5402003392646999e+00,1.8757721471848840e-01
279860,1.5402003392646999e+00,1.8757721471848840e-01
279872,1.5402003392646999e+00,1.8757721471848840e-01
279884,1.5402003392646999e+00,1.8757721471848840e-01
279896,1.5402003392646999e+00,1.8757721471848840e-01
279908,1.5402003392646999e+00,1.8757721471848840e-01
279920,1.5402003392646999e+00,1.8757721471848840e-01
279932,1.5402003392646999e+00,1.8757721471848840e-01
279944,1.5402003392646999e+00,1.8757721471848840e-01
279956,1.5402003392646999e+00,1.8757721471848840e-01
279968,1.5402003392646999e+00,1.8757721471848840e-01
279980,1.5402003392646999e+00,1.8757721471848840e-01
279992,1.5402003392646999e+00,1.8757721471848840e-01
280004,1.5402003392646999e+00,1.8757721471848840e-01
280016,1.5402003392646999e+00,1.8757721471848840e-01
280028,1.5402003392646999e+00,1.8757721471848840e-01
280040,1.5402003392646999e+00,1.8757721471848840e-01
280052,1.5402003392646999e+00,1.8757721471848840e-01
280064,1.5402003392646999e+00,1.8757721471848840e-01
280076,1.5402003392646999e+00,1.8757721471848840e-01
280088,1.5402003392646999e+00,1.8757721471848840e-01
280100,1.5402003392646999e+00,1.8757721471848840e-01
280112,1.5402003392646999e+00,1.8757721471848840e-01
280124,1.5402003392646999e+00,1.8757721471848840e-01
280136,1.5402003392646999e+00,1.8757721471848840e-01
280148,1.5402003392646999e+00,1.8757721471848840e-01
280160,1.5402003392646999e+00,1.8757721471848840e-01
280172,1.5402003392646999e+00,1.8757721471848840e-01
280184,1.5402003392646999e+00,1.8757721471848840e-01
280196,1.5402003392646999e+00,1.8757721471848840e-01
280208,1.5402003392646999e+00,1.8757721471848840e-01
280220,1.5402003392646999e+00,1.8757721471848840e-01
280232,1.5402003392646999e+00,1.8757721471848840e-01
280244,1.5402003392646999e+00,1.8757721471848840e-01
280256,1.5402003392646999e+00,1.8757721471848840e-01
280268,1.5402003392646999e+00,1.8757721471848840e-01
280280,1.5402003392646999e+00,1.8757721471848840e-01
280292,1.5402003392646999e+00,1.8757721471848840e-01
280304,1.5402003392646999e+00,1.8757721471848840e-01
280316,1.5402003392646999e+00,1.8757721471848840e-01
280328,1.5402003392646999e+00,1.8757721471848840e-01
280340,1.5402003392646999e+00,1.8757721471848840e-01
280352,1.5402003392646999e+00,1.8757721471848840e-01
280364,1.5402003392646999e+00,1.8757721471848840e-01
280376,1.5402003392646999e+00,1.8757721471848840e-01
280388,1.5402003392646999e+00,1.8757721471848840e-01
280400,1.5402003392646999e+00,1.8757721471848840e-01
280412,1.5402003392646999e+00,1.8757721471848840e-01
280424,1.5402003392646999e+00,1.8757721471848840e-01
280436,1.5402003392646999e+00,1.8757721471848840e-01
280448,1.5402003392646999e+00,1.8757721471848840e-01
280460,1.5402003392646999e+00,1.8757721471848840e-01
280472,1.5402003392646999e+00,1.8757721471848840e-01
280484,1.5402003392646999e+00,1.8757721471848840e-01
280496,1.5402003392646999e+00,1.8757721471848840e-01
280508,1.5402003392646999e+00,1.8757721471848840e-01
280520,1.5402003392646999e+00,1.8757721471848840e-01
280532,1.5402003392646999e+00,1.8757721471848840e-01
280544,1.5402003392646999e+00,1.8757721471848840e-01
280556,1.5402003392646999e+00,1.8757721471848840e-01
280568,1.5402003392646999e+00,1.8757721471848840e-01
280580,1.5402003392646999e+00,1.8757721471848840e-01
280592,1.5402003392646999e+00,1.8757721471848840e-01
280604,1.5402003392646999e+00,1.8757721471848840e-01
280616,1.5402003392646999e+00,1.8757721471848840e-01
280628,1.5402003392646999e+00,1.8757721471848840e-01
280640,1.5402003392646999e+00,1.8757721471848840e-01
280652,1.5402003392646999e+00,1.8757721471848840e-01
280664,1.5402003392646999e+00,1.8757721471848840e-01
280676,1.5402003392646999e+00,1.8757721471848840e-01
280688,1.5402003392646999e+00,1.8757721471848840e-01
280700,1.5402003392646999e+00,1.8757721471848840e-01
280712,1.5402003392646999e+00,1.8757721471848840e-01
280724,1.5402003392646999e+00,1.8757721471848840e-01
280736,1.5402003392646999e+00,1.8757721471848840e-01
280748,1.5402003392646999e+00,1.8757721471848840e-01
280760,1.5402003392646999e+00,1.8757721471848840e-01
280772,1.5402003392646999e+00,1.8757721471848840e-01
280784,1.5402003392646999e+00,1.8757721471848840e-01
280796,1.5402003392646999e+00,1.8757721471848840e-01
280808,1.5402003392646999e+00,1.8757721471848840e-01
280820,1.5402003392646999e+00,1.8757721471848840e-01
280832,1.5402003392646999e+00,1.8757721471848840e-01
280844,1.5402003392646999e+00,1.8757721471848840e-01
280856,1.5402003392646999e+00,1.8757721471848840e-01
280868,1.5402003392646999e+00,1.8757721471848840e-01
280880,1.5402003392646999e+00,1.8757721471848840e-01
280892,1.5402003392646999e+00,1.8757721471848840e-01
280904,1.5402003392646999e+00,1.8757721471848840e-01
280916,1.5402003392646999e+00,1.8757721471848840e-01
280928,1.5402003392646999e+00,1.8757721471848840e-01
280940,1.5402003392646999e+00,1.8757721471848840e-01
280952,1.5402003392646999e+00,1.8757721471848840e-01
280964,1.5402003392646999e+00,1.8757721471848840e-01
280976,1.5402003392646999e+00,1.8757721471848840e-01
280988,1.5402003392646999e+00,1.8757721471848840e-01
281000,1.5402003392646999e+00,1.8757721471848840e-01
281012,1.5402003392646999e+00,1.8757721471848840e-01
281024,1.5402003392646999e+00,1.8757721471848840e-01
281036,1.5402003392646999e+00,1.8757721471848840e-01
281048,1.5402003392646999e+00,1.8757721471848840e-01
281060,1.5402003392646999e+00,1.8757721471848840e-01
281072,1.5402003392646999e+00,1.8757721471848840e-01
281084,1.5402003392646999e+00,1.8757721471848840e-01
281096,1.5402003392646999e+00,1.8757721471848840e-01
281108,1.5402003392646999e+00,1.8757721471848840e-01
281120,1.5402003392646999e+00,1.8757721471848840e-01
281132,1.5402003392646999e+00,1.8757721471848840e-01
281144,1.5402003392646999e+00,1.8757721471848840e-01
281156,1.5402003392646999e+00,1.8757721471848840e-01
281168,1.5402003392646999e+00,1.8757721471848840e-01
281180,1.5402003392646999e+00,1.8757721471848840e-01
281192,1.5402003392646999e+00,1.8757721471848840e-01
281204,1.5402003392646999e+00,1.8757721471848840e-01
281216,1.5402003392646999e+00,1.8757721471848840e-01
281228,1.5402003392646999e+00,1.8757721471848840e-01
281240,1.5402003392646999e+00,1.8757721471848840e-01
281252,1.5402003392646999e+00,1.8757721471848840e-01
281264,1.5402003392646999e+00,1.8757721471848840e-01
281276,1.5402003392646999e+00,1.8757721471848840e-01
281288,1.5402003392646999e+00,1.8757721471848840e-01
281300,1.5402003392646999e+00,1.8757721471848840e-01
281312,1.5402003392646999e+00,1.8757721471848840e-01
281324,1.5402003392646999e+00,1.8757721471848840e-01
281336,1.5402003392646999e+00,1.8757721471848840e-01
281348,1.5402003392646999e+00,1.8757721471848840e-01
281360,1.5402003392646999e+00,1.8757721471848840e-01
281372,1.5402003392646999e+00,1.8757721471848840e-01
281384,1.5402003392646999e+00,1.8757721471848840e-01
281396,1.5402003392646999e+00,1.8757721471848840e-01
281408,1.5402003392646999e+00,1.8757721471848840e-01
281420,1.5402003392646999e+00,1.8757721471848840e-01
281432,1.5402003392646999e+00,1.8757721471848840e-01
281444,1.5402003392646999e+00,1.8757721471848840e-01
281456,1.5402003392646999e+00,1.8757721471848840e-01
281468,1.5402003392646999e+00,1.8757721471848840e-01
281480,1.5402003392646999e+00,1.8757721471848840e-01
281492,1.5402003392646999e+00,1.8757721471848840e-01
281504,1.5402003392646999e+00,1.8757721471848840e-01
281516,1.5402003392646999e+00,1.8757721471848840e-01
281528,1.5402003392646999e+00,1.8757721471848840e-01
281540,1.5402003392646999e+00,1.8757721471848840e-01
281552,1.5402003392646999e+00,1.8757721471848840e-01
281564,1.5402003392646999e+00,1.8757721471848840e-01
281576,1.5402003392646999e+00,1.8757721471848840e-01
281588,1.5402003392646999e+00,1.8757721471848840e-01
281600,1.5402003392646999e+00,1.8757721471848840e-01
281612,1.5402003392646999e+00,1.8757721471848840e-01
281624,1.5402003392646999e+00,1.8757721471848840e-01
281636,1.5402003392646999e+00,1.8757721471848840e-01
281648,1.5402003392646999e+00,1.8757721471848840e-01
281660,1.5402003392646999e+00,1.8757721471848840e-01
281672,1.5402003392646999e+00,1.8757721471848840e-01
281684,1.5402003392646999e+00,1.8757721471848840e-01
281696,1.5402003392646999e+00,1.8757721471848840e-01
281708,1.5402003392646999e+00,1.8757721471848840e-01
281720,1.5402003392646999e+00,1.8757721471848840e-01
281732,1.5402003392646999e+00,1.8757721471848840e-01
281744,1.5402003392646999e+00,1.8757721471848840e-01
281756,1.5402003392646999e+00,1.8757721471848840e-01
281768,1.5402003392646999e+00,1.8757721471848840e-01
281780,1.5402003392646999e+00,1.8757721471848840e-01
281792,1.5402003392646999e+00,1.8757721471848840e-01
281804,1.5402003392646999e+00,1.8757721471848840e-01
281816,1.5402003392646999e+00,1.8757721471848840e-01
281828,1.5402003392646999e+00,1.8757721471848840e-01
281840,1.5402003392646999e+00,1.8757721471848840e-01
281852,1.5402003392646999e+00,1.8757721471848840e-01
281864,1.5402003392646999e+00,1.8757721471848840e-01
281876,1.5402003392646999e+00,1.8757721471848840e-01
281888,1.5402003392646999e+00,1.8757721471848840e-01
281900,1.5402003392646999e+00,1.8757721471848840e-01
281912,1.5402003392646999e+00,1.8757721471848840e-01
281924,1.5402003392646999e+00,1.8757721471848840e-01
281936,1.5402003392646999e+00,1.8757721471848840e-01
281948,1.5402003392646999e+00,1.8757721471848840e-01
281960,1.5402003392646999e+00,1.8757721471848840e-01
281972,1.5402003392646999e+00,1.8757721471848840e-01
281984,1.5402003392646999e+00,1.8757721471848840e-01
281996,1.5402003392646999e+00,1.8757721471848840e-01
282008,1.5402003392646999e+00,1.8757721471848840e-01
282020,1.5402003392646999e+00,1.8757721471848840e-01
282032,1.5402003392646999e+00,1.8757721471848840e-01
282044,1.5402003392646999e+00,1.8757721471848840e-01
282056,1.5402003392646999e+00,1.8757721471848840e-01
282068,1.5402003392646999e+00,1.8757721471848840e-01
282080,1.5402003392646999e+00,1.8757721471848840e-01
282092,1.5402003392646999e+00,1.8757721471848840e-01
282104,1.5402003392646999e+00,1.8757721471848840e-01
282116,1.5402003392646999e+00,1.8757721471848840e-01
282128,1.5402003392646999e+00,1.8757721471848840e-01
282140,1.5402003392646999e+00,1.8757721471848840e-01
282152,1.5402003392646999e+00,1.8757721471848840e-01
282164,1.5402003392646999e+00,1.8757721471848840e-01
282176,1.5402003392646999e+00,1.8757721471848840e-01
282188,1.5402003392646999e+00,1.8757721471848840e-01
282200,1.5402003392646999e+00,1.8757721471848840e-01
282212,1.5402003392646999e+00,1.8757721471848840e-01
282224,1.5402003392646999e+00,1.8757721471848840e-01
282236,1.5402003392646999e+00,1.8757721471848840e-01
282248,1.5402003392646999e+00,1.8757721471848840e-01
282260,1.5402003392646999e+00,1.8757721471848840e-01
282272,1.5402003392646999e+00,1.8757721471848840e-01
282284,1.5402003392646999e+00,1.8757721471848840e-01
282296,1.5402003392646999e+00,1.8757721471848840e-01
282308,1.5402003392646999e+00,1.8757721471848840e-01
282320,1.5402003392646999e+00,1.8757721471848840e-01
282332,1.5402003392646999e+00,1.8757721471848840e-01
282344,1.5402003392646999e+00,1.8757721471848840e-01
282356,1.5402003392646999e+00,1.8757721471848840e-01
282368,1.5402003392646999e+00,1.8757721471848840e-01
282380,1.5402003392646999e+00,1.8757721471848840e-01
282392,1.5402003392646999e+00,1.8757721471848840e-01
282404,1.5402003392646999e+00,1.8757721471848840e-01
282416,1.5402003392646999e+00,1.8757721471848840e-01
282428,1.5402003392646999e+00,1.8757721471848840e-01
282440,1.5402003392646999e+00,1.8757721471848840e-01
282452,1.5402003392646999e+00,1.8757721471848840e-01
282464,1.5402003392646999e+00,1.8757721471848840e-01
282476,1.5402003392646999e+00,1.8757721471848840e-01
282488,1.5402003392646999e+00,1.8757721471848840e-01
282500,1.5402003392646999e+00,1.8757721471848840e-01
282512,1.5402003392646999e+00,1.8757721471848840e-01
282524,1.5402003392646999e+00,1.8757721471848840e-01
282536,1.5402003392646999e+00,1.8757721471848840e-01
282548,1.5402003392646999e+00,1.8757721471848840e-01
282560,1.5402003392646999e+00,1.8757721471848840e-01
282572,1.5402003392646999e+00,1.8757721471848840e-01
282584,1.5402003392646999e+00,1.8757721471848840e-01
282596,1.5402003392646999e+00,1.8757721471848840e-01
282608,1.5402003392646999e+00,1.8757721471848840e-01
282620,1.5402003392646999e+00,1.8757721471848840e-01
282632,1.5402003392646999e+00,1.8757721471848840e-01
282644,1.5402003392646999e+00,1.8757721471848840e-01
282656,1.5402003392646999e+00,1.8757721471848840e-01
282668,1.5402003392646999e+00,1.8757721471848840e-01
282680,1.5402003392646999e+00,1.8757721471848840e-01
282692,1.5402003392646999e+00,1.8757721471848840e-01
282704,1.5402003392646999e+00,1.8757721471848840e-01
282716,1.5402003392646999e+00,1.8757721471848840e-01
282728,1.5402003392646999e+00,1.8757721471848840e-01
282740,1.5402003392646999e+00,1.8757721471848840e-01
282752,1.5402003392646999e+00,1.8757721471848840e-01
282764,1.5402003392646999e+00,1.8757721471848840e-01
282776,1.5402003392646999e+00,1.8757721471848840e-01
282788,1.5402003392646999e+00,1.8757721471848840e-01
282800,1.5402003392646999e+00,1.8757721471848840e-01
282812,1.5402003392646999e+00,1.8757721471848840e-01
282824,1.5402003392646999e+00,1.8757721471848840e-01
282836,1.5402003392646999e+00,1.8757721471848840e-01
282848,1.5402003392646999e+00,1.8757721471848840e-01
282860,1.5402003392646999e+00,1.8757721471848840e-01
282872,1.5402003392646999e+00,1.8757721471848840e-01
282884,1.5402003392646999e+00,1.8757721471848840e-01
282896,1.5402003392646999e+00,1.8757721471848840e-01
282908,1.5402003392646999e+00,1.8757721471848840e-01
282920,1.5402003392646999e+00,1.8757721471848840e-01
282932,1.5402003392646999e+00,1.8757721471848840e-01
282944,1.5402003392646999e+00,1.8757721471848840e-01
282956,1.5402003392646999e+00,1.8757721471848840e-01
282968,1.5402003392646999e+00,1.8757721471848840e-01
282980,1.5402003392646999e+00,1.8757721471848840e-01
282992,1.5402003392646999e+00,1.8757721471848840e-01
283004,1.5402003392646999e+00,1.8757721471848840e-01
283016,1.5402003392646999e+00,1.8757721471848840e-01
283028,1.5402003392646999e+00,1.8757721471848840e-01
283040,1.5402003392646999e+00,1.8757721471848840e-01
283052,1.5402003392646999e+00,1.8757721471848840e-01
283064,1.5402003392646999e+00,1.8757721471848840e-01
283076,1.5402003392646999e+00,1.8757721471848840e-01
283088,1.5402003392646999e+00,1.8757721471848840e-01
283100,1.5402003392646999e+00,1.8757721471848840e-01
283112,1.5402003392646999e+00,1.8757721471848840e-01
283124,1.5402003392646999e+00,1.8757721471848840e-01
283136,1.5402003392646999e+00,1.8757721471848840e-01
283148,1.5402003392646999e+00,1.8757721471848840e-01
283160,1.5402003392646999e+00,1.8757721471848840e-01
283172,1.5402003392646999e+00,1.8757721471848840e-01
283184,1.5402003392646999e+00,1.8757721471848840e-01
283196,1.5402003392646999e+00,1.8757721471848840e-01
283208,1.5402003392646999e+00,1.8757721471848840e-01
283220,1.5402003392646999e+00,1.8757721471848840e-01
283232,1.5402003392646999e+00,1.8757721471848840e-01
283244,1.5402003392646999e+00,1.8757721471848840e-01
283256,1.5402003392646999e+00,1.8757721471848840e-01
283268,1.5402003392646999e+00,1.8757721471848840e-01
283280,1.5402003392646999e+00,1.8757721471848840e-01
283292,1.5402003392646999e+00,1.8757721471848840e-01
283304,1.5402003392646999e+00,1.8757721471848840e-01
283316,1.5402003392646999e+00,1.8757721471848840e-01
283328,1.5402003392646999e+00,1.8757721471848840e-01
283340,1.5402003392646999e+00,1.8757721471848840e-01
283352,1.5402003392646999e+00,1.8757721471848840e-01
283364,1.5402003392646999e+00,1.8757721471848840e-01
283376,1.5402003392646999e+00,1.8757721471848840e-01
283388,1.5402003392646999e+00,1.8757721471848840e-01
283400,1.5402003392646999e+00,1.8757721471848840e-01
283412,1.5402003392646999e+00,1.8757721471848840e-01
283424,1.5402003392646999e+00,1.8757721471848840e-01
283436,1.5402003392646999e+00,1.8757721471848840e-01
283448,1.5402003392646999e+00,1.8757721471848840e-01
283460,1.5402003392646999e+00,1.8757721471848840e-01
283472,1.5402003392646999e+00,1.8757721471848840e-01
283484,1.5402003392646999e+00,1.8757721471848840e-01
283496,1.5402003392646999e+00,1.8757721471848840e-01
283508,1.5402003392646999e+00,1.8757721471848840e-01
283520,1.5402003392646999e+00,1.8757721471848840e-01
283532,1.5402003392646999e+00,1.8757721471848840e-01
283544,1.5402003392646999e+00,1.8757721471848840e-01
283556,1.5402003392646999e+00,1.8757721471848840e-01
283568,1.5402003392646999e+00,1.8757721471848840e-01
283580,1.5402003392646999e+00,1.8757721471848840e-01
283592,1.5402003392646999e+00,1.8757721471848840e-01
283604,1.5402003392646999e+00,1.8757721471848840e-01
283616,1.5402003392646999e+00,1.8757721471848840e-01
283628,1.5402003392646999e+00,1.8757721471848840e-01
283640,1.5402003392646999e+00,1.8757721471848840e-01
283652,1.5402003392646999e+00,1.8757721471848840e-01
283664,1.5402003392646999e+00,1.8757721471848840e-01
283676,1.5402003392646999e+00,1.8757721471848840e-01
283688,1.5402003392646999e+00,1.8757721471848840e-01
283700,1.5402003392646999e+00,1.8757721471848840e-01
283712,1.5402003392646999e+00,1.8757721471848840e-01
283724,1.5402003392646999e+00,1.8757721471848840e-01
283736,1.5402003392646999e+00,1.8757721471848840e-01
283748,1.5402003392646999e+00,1.8757721471848840e-01
283760,1.5402003392646999e+00,1.8757721471848840e-01
283772,1.5402003392646999e+00,1.8757721471848840e-01
283784,1.5402003392646999e+00,1.8757721471848840e-01
283796,1.5402003392646999e+00,1.8757721471848840e-01
283808,1.5402003392646999e+00,1.8757721471848840e-01
283820,1.5402003392646999e+00,1.8757721471848840e-01
283832,1.5402003392646999e+00,1.8757721471848840e-01
283844,1.5402003392646999e+00,1.8757721471848840e-01
283856,1.5402003392646999e+00,1.8757721471848840e-01
283868,1.5402003392646999e+00,1.8757721471848840e-01
283880,1.5402003392646999e+00,1.8757721471848840e-01
283892,1.5402003392646999e+00,1.8757721471848840e-01
283904,1.5402003392646999e+00,1.8757721471848840e-01
283916,1.5402003392646999e+00,1.8757721471848840e-01
283928,1.5402003392646999e+00,1.8757721471848840e-01
283940,1.5402003392646999e+00,1.8757721471848840e-01
283952,1.5402003392646999e+00,1.8757721471848840e-01
283964,1.5402003392646999e+00,1.8757721471848840e-01
283976,1.5402003392646999e+00,1.8757721471848840e-01
283988,1.5402003392646999e+00,1.8757721471848840e-01
284000,1.5402003392646999e+00,1.8757721471848840e-01
284012,1.5402003392646999e+00,1.8757721471848840e-01
284024,1.5402003392646999e+00,1.8757721471848840e-01
284036,1.5402003392646999e+00,1.8757721471848840e-01
284048,1.5402003392646999e+00,1.8757721471848840e-01
284060,1.5402003392646999e+00,1.8757721471848840e-01
284072,1.5402003392646999e+00,1.8757721471848840e-01
284084,1.5402003392646999e+00,1.8757721471848840e-01
284096,1.5402003392646999e+00,1.8757721471848840e-01
284108,1.5402003392646999e+00,1.8757721471848840e-01
284120,1.5402003392646999e+00,1.8757721471848840e-01
284132,1.5402003392646999e+00,1.8757721471848840e-01
284144,1.5402003392646999e+00,1.8757721471848840e-01
284156,1.5402003392646999e+00,1.8757721471848840e-01
284168,1.5402003392646999e+00,1.8757721471848840e-01
284180,1.5402003392646999e+00,1.8757721471848840e-01
284192,1.5402003392646999e+00,1.8757721471848840e-01
284204,1.5402003392646999e+00,1.8757721471848840e-01
284216,1.5402003392646999e+00,1.8757721471848840e-01
284228,1.5402003392646999e+00,1.8757721471848840e-01
284240,1.5402003392646999e+00,1.8757721471848840e-01
284252,1.5402003392646999e+00,1.8757721471848840e-01
284264,1.5402003392646999e+00,1.8757721471848840e-01
284276,1.5402003392646999e+00,1.8757721471848840e-01
284288,1.5402003392646999e+00,1.8757721471848840e-01
284300,1.5402003392646999e+00,1.8757721471848840e-01
284312,1.5402003392646999e+00,1.8757721471848840e-01
284324,1.5402003392646999e+00,1.8757721471848840e-01
284336,1.5402003392646999e+00,1.8757721471848840e-01
284348,1.5402003392646999e+00,1.8757721471848840e-01
284360,1.5402003392646999e+00,1.8757721471848840e-01
284372,1.5402003392646999e+00,1.8757721471848840e-01
284384,1.5402003392646999e+00,1.8757721471848840e-01
284396,1.5402003392646999e+00,1.8757721471848840e-01
284408,1.5402003392646999e+00,1.8757721471848840e-01
284420,1.5402003392646999e+00,1.8757721471848840e-01
284432,1.5402003392646999e+00,1.8757721471848840e-01
284444,1.5402003392646999e+00,1.8757721471848840e-01
284456,1.5402003392646999e+00,1.8757721471848840e-01
284468,1.5402003392646999e+00,1.8757721471848840e-01
284480,1.5402003392646999e+00,1.8757721471848840e-01
284492,1.5402003392646999e+00,1.8757721471848840e-01
284504,1.5402003392646999e+00,1.8757721471848840e-01
284516,1.5402003392646999e+00,1.8757721471848840e-01
284528,1.5402003392646999e+00,1.8757721471848840e-01
284540,1.5402003392646999e+00,1.8757721471848840e-01
284552,1.5402003392646999e+00,1.8757721471848840e-01
284564,1.5402003392646999e+00,1.8757721471848840e-01
284576,1.5402003392646999e+00,1.8757721471848840e-01
284588,1.5402003392646999e+00,1.8757721471848840e-01
284600,1.5402003392646999e+00,1.8757721471848840e-01
284612,1.5402003392646999e+00,1.8757721471848840e-01
284624,1.5402003392646999e+00,1.8757721471848840e-01
284636,1.5402003392646999e+00,1.8757721471848840e-01
284648,1.5402003392646999e+00,1.8757721471848840e-01
284660,1.5402003392646999e+00,1.8757721471848840e-01
284672,1.5402003392646999e+00,1.8757721471848840e-01
284684,1.5402003392646999e+00,1.8757721471848840e-01
284696,1.5402003392646999e+00,1.8757721471848840e-01
284708,1.5402003392646999e+00,1.8757721471848840e-01
284720,1.5402003392646999e+00,1.8757721471848840e-01
284732,1.5402003392646999e+00,1.8757721471848840e-01
284744,1.5402003392646999e+00,1.8757721471848840e-01
284756,1.5402003392646999e+00,1.8757721471848840e-01
284768,1.5402003392646999e+00,1.8757721471848840e-01
284780,1.5402003392646999e+00,1.8757721471848840e-01
284792,1.5402003392646999e+00,1.8757721471848840e-01
284804,1.5402003392646999e+00,1.8757721471848840e-01
284816,1.5402003392646999e+00,1.8757721471848840e-01
284828,1.5402003392646999e+00,1.8757721471848840e-01
284840,1.5402003392646999e+00,1.8757721471848840e-01
284852,1.5402003392646999e+00,1.8757721471848840e-01
284864,1.5402003392646999e+00,1.8757721471848840e-01
284876,1.5402003392646999e+00,1.8757721471848840e-01
284888,1.5402003392646999e+00,1.8757721471848840e-01
284900,1.5402003392646999e+00,1.8757721471848840e-01
284912,1.5402003392646999e+00,1.8757721471848840e-01
284924,1.5402003392646999e+00,1.8757721471848840e-01
284936,1.5402003392646999e+00,1.8757721471848840e-01
284948,1.5402003392646999e+00,1.8757721471848840e-01
284960,1.5402003392646999e+00,1.8757721471848840e-01
284972,1.5402003392646999e+00,1.8757721471848840e-01
284984,1.5402003392646999e+00,1.8757721471848840e-01
284996,1.5402003392646999e+00,1.8757721471848840e-01
285008,1.5402003392646999e+00,1.8757721471848840e-01
285020,1.5402003392646999e+00,1.8757721471848840e-01
285032,1.5402003392646999e+00,1.8757721471848840e-01
285044,1.5402003392646999e+00,1.8757721471848840e-01
285056,1.5402003392646999e+00,1.8757721471848840e-01
285068,1.5402003392646999e+00,1.8757721471848840e-01
285080,1.5402003392646999e+00,1.8757721471848840e-01
285092,1.5402003392646999e+00,1.8757721471848840e-01
285104,1.5402003392646999e+00,1.8757721471848840e-01
285116,1.5402003392646999e+00,1.8757721471848840e-01
285128,1.5402003392646999e+00,1.8757721471848840e-01
285140,1.5402003392646999e+00,1.8757721471848840e-01
285152,1.5402003392646999e+00,1.8757721471848840e-01
285164,1.5402003392646999e+00,1.8757721471848840e-01
285176,1.5402003392646999e+00,1.8757721471848840e-01
285188,1.5402003392646999e+00,1.8757721471848840e-01
285200,1.5402003392646999e+00,1.8757721471848840e-01
285212,1.5402003392646999e+00,1.8757721471848840e-01
285224,1.5402003392646999e+00,1.8757721471848840e-01
285236,1.5402003392646999e+00,1.8757721471848840e-01
285248,1.5402003392646999e+00,1.8757721471848840e-01
285260,1.5402003392646999e+00,1.8757721471848840e-01
285272,1.5402003392646999e+00,1.8757721471848840e-01
285284,1.5402003392646999e+00,1.8757721471848840e-01
285296,1.5402003392646999e+00,1.8757721471848840e-01
285308,1.5402003392646999e+00,1.8757721471848840e-01
285320,1.5402003392646999e+00,1.8757721471848840e-01
285332,1.5402003392646999e+00,1.8757721471848840e-01
285344,1.5402003392646999e+00,1.8757721471848840e-01
285356,1.5402003392646999e+00,1.8757721471848840e-01
285368,1.5402003392646999e+00,1.8757721471848840e-01
285380,1.5402003392646999e+00,1.8757721471848840e-01
285392,1.5402003392646999e+00,1.8757721471848840e-01
285404,1.5402003392646999e+00,1.8757721471848840e-01
285416,1.5402003392646999e+00,1.8757721471848840e-01
285428,1.5402003392646999e+00,1.8757721471848840e-01
285440,1.5402003392646999e+00,1.8757721471848840e-01
285452,1.5402003392646999e+00,1.8757721471848840e-01
285464,1.5402003392646999e+00,1.8757721471848840e-01
285476,1.5402003392646999e+00,1.8757721471848840e-01
285488,1.5402003392646999e+00,1.8757721471848840e-01
285500,1.5402003392646999e+00,1.8757721471848840e-01
285512,1.5402003392646999e+00,1.8757721471848840e-01
285524,1.5402003392646999e+00,1.8757721471848840e-01
285536,1.5402003392646999e+00,1.8757721471848840e-01
285548,1.5402003392646999e+00,1.8757721471848840e-01
285560,1.5402003392646999e+00,1.8757721471848840e-01
285572,1.5402003392646999e+00,1.8757721471848840e-01
285584,1.5402003392646999e+00,1.8757721471848840e-01
285596,1.5402003392646999e+00,1.8757721471848840e-01
285608,1.5402003392646999e+00,1.8757721471848840e-01
285620,1.5402003392646999e+00,1.8757721471848840e-01
285632,1.5402003392646999e+00,1.8757721471848840e-01
285644,1.5402003392646999e+00,1.8757721471848840e-01
285656,1.5402003392646999e+00,1.8757721471848840e-01
285668,1.5402003392646999e+00,1.8757721471848840e-01
285680,1.5402003392646999e+00,1.8757721471848840e-01
285692,1.5402003392646999e+00,1.8757721471848840e-01
285704,1.5402003392646999e+00,1.8757721471848840e-01
285716,1.5402003392646999e+00,1.8757721471848840e-01
285728,1.5402003392646999e+00,1.8757721471848840e-01
285740,1.5402003392646999e+00,1.8757721471848840e-01
285752,1.5402003392646999e+00,1.8757721471848840e-01
285764,1.5402003392646999e+00,1.8757721471848840e-01
285776,1.5402003392646999e+00,1.8757721471848840e-01
285788,1.5402003392646999e+00,1.8757721471848840e-01
285800,1.5402003392646999e+00,1.8757721471848840e-01
285812,1.5402003392646999e+00,1.8757721471848840e-01
285824,1.5402003392646999e+00,1.8757721471848840e-01
285836,1.5402003392646999e+00,1.8757721471848840e-01
285848,1.5402003392646999e+00,1.8757721471848840e-01
285860,1.5402003392646999e+00,1.8757721471848840e-01
285872,1.5402003392646999e+00,1.8757721471848840e-01
285884,1.5402003392646999e+00,1.8757721471848840e-01
285896,1.5402003392646999e+00,1.8757721471848840e-01
285908,1.5402003392646999e+00,1.8757721471848840e-01
285920,1.5402003392646999e+00,1.8757721471848840e-01
285932,1.5402003392646999e+00,1.8757721471848840e-01
285944,1.5402003392646999e+00,1.8757721471848840e-01
285956,1.5402003392646999e+00,1.8757721471848840e-01
285968,1.5402003392646999e+00,1.8757721471848840e-01
285980,1.5402003392646999e+00,1.8757721471848840e-01
285992,1.5402003392646999e+00,1.8757721471848840e-01
286004,1.5402003392646999e+00,1.8757721471848840e-01
286016,1.5402003392646999e+00,1.8757721471848840e-01
286028,1.5402003392646999e+00,1.8757721471848840e-01
286040,1.5402003392646999e+00,1.8757721471848840e-01
286052,1.5402003392646999e+00,1.8757721471848840e-01
286064,1.5402003392646999e+00,1.8757721471848840e-01
286076,1.5402003392646999e+00,1.8757721471848840e-01
286088,1.5402003392646999e+00,1.8757721471848840e-01
286100,1.5402003392646999e+00,1.8757721471848840e-01
286112,1.5402003392646999e+00,1.8757721471848840e-01
286124,1.5402003392646999e+00,1.8757721471848840e-01
286136,1.5402003392646999e+00,1.8757721471848840e-01
286148,1.5402003392646999e+00,1.8757721471848840e-01
286160,1.5402003392646999e+00,1.8757721471848840e-01
286172,1.5402003392646999e+00,1.8757721471848840e-01
286184,1.5402003392646999e+00,1.8757721471848840e-01
286196,1.5402003392646999e+00,1.8757721471848840e-01
286208,1.5402003392646999e+00,1.8757721471848840e-01
286220,1.5402003392646999e+00,1.8757721471848840e-01
286232,1.5402003392646999e+00,1.8757721471848840e-01
286244,1.5402003392646999e+00,1.8757721471848840e-01
286256,1.5402003392646999e+00,1.8757721471848840e-01
286268,1.5402003392646999e+00,1.8757721471848840e-01
286280,1.5402003392646999e+00,1.8757721471848840e-01
286292,1.5402003392646999e+00,1.8757721471848840e-01
286304,1.5402003392646999e+00,1.8757721471848840e-01
286316,1.5402003392646999e+00,1.8757721471848840e-01
286328,1.5402003392646999e+00,1.8757721471848840e-01
286340,1.5402003392646999e+00,1.8757721471848840e-01
286352,1.5402003392646999e+00,1.8757721471848840e-01
286364,1.5402003392646999e+00,1.8757721471848840e-01
286376,1.5402003392646999e+00,1.8757721471848840e-01
286388,1.5402003392646999e+00,1.8757721471848840e-01
286400,1.5402003392646999e+00,1.8757721471848840e-01
286412,1.5402003392646999e+00,1.8757721471848840e-01
286424,1.5402003392646999e+00,1.8757721471848840e-01
286436,1.5402003392646999e+00,1.8757721471848840e-01
286448,1.5402003392646999e+00,1.8757721471848840e-01
286460,1.5402003392646999e+00,1.8757721471848840e-01
286472,1.5402003392646999e+00,1.8757721471848840e-01
286484,1.5402003392646999e+00,1.8757721471848840e-01
286496,1.5402003392646999e+00,1.8757721471848840e-01
286508,1.5402003392646999e+00,1.8757721471848840e-01
286520,1.5402003392646999e+00,1.8757721471848840e-01
286532,1.5402003392646999e+00,1.8757721471848840e-01
286544,1.5402003392646999e+00,1.8757721471848840e-01
286556,1.5402003392646999e+00,1.8757721471848840e-01
286568,1.5402003392646999e+00,1.8757721471848840e-01
286580,1.5402003392646999e+00,1.8757721471848840e-01
286592,1.5402003392646999e+00,1.8757721471848840e-01
286604,1.5402003392646999e+00,1.8757721471848840e-01
286616,1.5402003392646999e+00,1.8757721471848840e-01
286628,1.5402003392646999e+00,1.8757721471848840e-01
286640,1.5402003392646999e+00,1.8757721471848840e-01
286652,1.5402003392646999e+00,1.8757721471848840e-01
286664,1.5402003392646999e+00,1.8757721471848840e-01
286676,1.5402003392646999e+00,1.8757721471848840e-01
286688,1.5402003392646999e+00,1.8757721471848840e-01
286700,1.5402003392646999e+00,1.8757721471848840e-01
286712,1.5402003392646999e+00,1.8757721471848840e-01
286724,1.5402003392646999e+00,1.8757721471848840e-01
286736,1.5402003392646999e+00,1.8757721471848840e-01
286748,1.5402003392646999e+00,1.8757721471848840e-01
286760,1.5402003392646999e+00,1.8757721471848840e-01
286772,1.5402003392646999e+00,1.8757721471848840e-01
286784,1.5402003392646999e+00,1.8757721471848840e-01
286796,1.5402003392646999e+00,1.8757721471848840e-01
286808,1.5402003392646999e+00,1.8757721471848840e-01
286820,1.5402003392646999e+00,1.8757721471848840e-01
286832,1.5402003392646999e+00,1.8757721471848840e-01
286844,1.5402003392646999e+00,1.8757721471848840e-01
286856,1.5402003392646999e+00,1.8757721471848840e-01
286868,1.5402003392646999e+00,1.8757721471848840e-01
286880,1.5402003392646999e+00,1.8757721471848840e-01
286892,1.5402003392646999e+00,1.8757721471848840e-01
286904,1.5402003392646999e+00,1.8757721471848840e-01
286916,1.5402003392646999e+00,1.8757721471848840e-01
286928,1.5402003392646999e+00,1.8757721471848840e-01
286940,1.5402003392646999e+00,1.8757721471848840e-01
286952,1.5402003392646999e+00,1.8757721471848840e-01
286964,1.5402003392646999e+00,1.8757721471848840e-01
286976,1.5402003392646999e+00,1.8757721471848840e-01
286988,1.5402003392646999e+00,1.8757721471848840e-01
287000,1.5402003392646999e+00,1.8757721471848840e-01
287012,1.5402003392646999e+00,1.8757721471848840e-01
287024,1.5402003392646999e+00,1.8757721471848840e-01
287036,1.5402003392646999e+00,1.8757721471848840e-01
287048,1.5402003392646999e+00,1.8757721471848840e-01
287060,1.5402003392646999e+00,1.8757721471848840e-01
287072,1.5402003392646999e+00,1.8757721471848840e-01
287084,1.5402003392646999e+00,1.8757721471848840e-01
287096,1.5402003392646999e+00,1.8757721471848840e-01
287108,1.5402003392646999e+00,1.8757721471848840e-01
287120,1.5402003392646999e+00,1.8757721471848840e-01
287132,1.5402003392646999e+00,1.8757721471848840e-01
287144,1.5402003392646999e+00,1.8757721471848840e-01
287156,1.5402003392646999e+00,1.8757721471848840e-01
287168,1.5402003392646999e+00,1.8757721471848840e-01
287180,1.5402003392646999e+00,1.8757721471848840e-01
287192,1.5402003392646999e+00,1.8757721471848840e-01
287204,1.5402003392646999e+00,1.8757721471848840e-01
287216,1.5402003392646999e+00,1.8757721471848840e-01
287228,1.5402003392646999e+00,1.8757721471848840e-01
287240,1.5402003392646999e+00,1.8757721471848840e-01
287252,1.5402003392646999e+00,1.8757721471848840e-01
287264,1.5402003392646999e+00,1.8757721471848840e-01
287276,1.5402003392646999e+00,1.8757721471848840e-01
287288,1.5402003392646999e+00,1.8757721471848840e-01
287300,1.5402003392646999e+00,1.8757721471848840e-01
287312,1.5402003392646999e+00,1.8757721471848840e-01
287324,1.5402003392646999e+00,1.8757721471848840e-01
287336,1.5402003392646999e+00,1.8757721471848840e-01
287348,1.5402003392646999e+00,1.8757721471848840e-01
287360,1.5402003392646999e+00,1.8757721471848840e-01
287372,1.5402003392646999e+00,1.8757721471848840e-01
287384,1.5402003392646999e+00,1.8757721471848840e-01
287396,1.5402003392646999e+00,1.8757721471848840e-01
287408,1.5402003392646999e+00,1.8757721471848840e-01
287420,1.5402003392646999e+00,1.8757721471848840e-01
287432,1.5402003392646999e+00,1.8757721471848840e-01
287444,1.5402003392646999e+00,1.8757721471848840e-01
287456,1.5402003392646999e+00,1.8757721471848840e-01
287468,1.5402003392646999e+00,1.8757721471848840e-01
287480,1.5402003392646999e+00,1.8757721471848840e-01
287492,1.5402003392646999e+00,1.8757721471848840e-01
287504,1.5402003392646999e+00,1.8757721471848840e-01
287516,1.5402003392646999e+00,1.8757721471848840e-01
287528,1.5402003392646999e+00,1.8757721471848840e-01
287540,1.5402003392646999e+00,1.8757721471848840e-01
287552,1.5402003392646999e+00,1.8757721471848840e-01
287564,1.5402003392646999e+00,1.8757721471848840e-01
287576,1.5402003392646999e+00,1.8757721471848840e-01
287588,1.5402003392646999e+00,1.8757721471848840e-01
287600,1.5402003392646999e+00,1.8757721471848840e-01
287612,1.5402003392646999e+00,1.8757721471848840e-01
287624,1.5402003392646999e+00,1.8757721471848840e-01
287636,1.5402003392646999e+00,1.8757721471848840e-01
287648,1.5402003392646999e+00,1.8757721471848840e-01
287660,1.5402003392646999e+00,1.8757721471848840e-01
287672,1.5402003392646999e+00,1.8757721471848840e-01
287684,1.5402003392646999e+00,1.8757721471848840e-01
287696,1.5402003392646999e+00,1.8757721471848840e-01
287708,1.5402003392646999e+00,1.8757721471848840e-01
287720,1.5402003392646999e+00,1.8757721471848840e-01
287732,1.5402003392646999e+00,1.8757721471848840e-01
287744,1.5402003392646999e+00,1.8757721471848840e-01
287756,1.5402003392646999e+00,1.8757721471848840e-01
287768,1.5402003392646999e+00,1.8757721471848840e-01
287780,1.5402003392646999e+00,1.8757721471848840e-01
287792,1.5402003392646999e+00,1.8757721471848840e-01
287804,1.5402003392646999e+00,1.8757721471848840e-01
287816,1.5402003392646999e+00,1.8757721471848840e-01
287828,1.5402003392646999e+00,1.8757721471848840e-01
287840,1.5402003392646999e+00,1.8757721471848840e-01
287852,1.5402003392646999e+00,1.8757721471848840e-01
287864,1.5402003392646999e+00,1.8757721471848840e-01
287876,1.5402003392646999e+00,1.8757721471848840e-01
287888,1.5402003392646999e+00,1.8757721471848840e-01
287900,1.5402003392646999e+00,1.8757721471848840e-01
287912,1.5402003392646999e+00,1.8757721471848840e-01
287924,1.5402003392646999e+00,1.8757721471848840e-01
287936,1.5402003392646999e+00,1.8757721471848840e-01
287948,1.5402003392646999e+00,1.8757721471848840e-01
287960,1.5402003392646999e+00,1.8757721471848840e-01
287972,1.5402003392646999e+00,1.8757721471848840e-01
287984,1.5402003392646999e+00,1.8757721471848840e-01
287996,1.5402003392646999e+00,1.8757721471848840e-01
288008,1.5402003392646999e+00,1.8757721471848840e-01
288020,1.5402003392646999e+00,1.8757721471848840e-01
288032,1.5402003392646999e+00,1.8757721471848840e-01
288044,1.5402003392646999e+00,1.8757721471848840e-01
288056,1.5402003392646999e+00,1.8757721471848840e-01
288068,1.5402003392646999e+00,1.8757721471848840e-01
288080,1.5402003392646999e+00,1.8757721471848840e-01
288092,1.5402003392646999e+00,1.8757721471848840e-01
288104,1.5402003392646999e+00,1.8757721471848840e-01
288116,1.5402003392646999e+00,1.8757721471848840e-01
288128,1.5402003392646999e+00,1.8757721471848840e-01
288140,1.5402003392646999e+00,1.8757721471848840e-01
288152,1.5402003392646999e+00,1.8757721471848840e-01
288164,1.5402003392646999e+00,1.8757721471848840e-01
288176,1.5402003392646999e+00,1.8757721471848840e-01
288188,1.5402003392646999e+00,1.8757721471848840e-01
288200,1.5402003392646999e+00,1.8757721471848840e-01
288212,1.5402003392646999e+00,1.8757721471848840e-01
288224,1.5402003392646999e+00,1.8757721471848840e-01
288236,1.5402003392646999e+00,1.8757721471848840e-01
288248,1.5402003392646999e+00,1.8757721471848840e-01
288260,1.5402003392646999e+00,1.8757721471848840e-01
288272,1.5402003392646999e+00,1.8757721471848840e-01
288284,1.5402003392646999e+00,1.8757721471848840e-01
288296,1.5402003392646999e+00,1.8757721471848840e-01
288308,1.5402003392646999e+00,1.8757721471848840e-01
288320,1.5402003392646999e+00,1.8757721471848840e-01
288332,1.5402003392646999e+00,1.8757721471848840e-01
288344,1.5402003392646999e+00,1.8757721471848840e-01
288356,1.5402003392646999e+00,1.8757721471848840e-01
288368,1.5402003392646999e+00,1.8757721471848840e-01
288380,1.5402003392646999e+00,1.8757721471848840e-01
288392,1.5402003392646999e+00,1.8757721471848840e-01
288404,1.5402003392646999e+00,1.8757721471848840e-01
288416,1.5402003392646999e+00,1.8757721471848840e-01
288428,1.5402003392646999e+00,1.8757721471848840e-01
288440,1.5402003392646999e+00,1.8757721471848840e-01
288452,1.5402003392646999e+00,1.8757721471848840e-01
288464,1.5402003392646999e+00,1.8757721471848840e-01
288476,1.5402003392646999e+00,1.8757721471848840e-01
288488,1.5402003392646999e+00,1.8757721471848840e-01
288500,1.5402003392646999e+00,1.8757721471848840e-01
288512,1.5402003392646999e+00,1.8757721471848840e-01
288524,1.5402003392646999e+00,1.8757721471848840e-01
288536,1.5402003392646999e+00,1.8757721471848840e-01
288548,1.5402003392646999e+00,1.8757721471848840e-01
288560,1.5402003392646999e+00,1.8757721471848840e-01
288572,1.5402003392646999e+00,1.8757721471848840e-01
288584,1.5402003392646999e+00,1.8757721471848840e-01
288596,1.5402003392646999e+00,1.8757721471848840e-01
288608,1.5402003392646999e+00,1.8757721471848840e-01
288620,1.5402003392646999e+00,1.8757721471848840e-01
288632,1.5402003392646999e+00,1.8757721471848840e-01
288644,1.5402003392646999e+00,1.8757721471848840e-01
288656,1.5402003392646999e+00,1.8757721471848840e-01
288668,1.5402003392646999e+00,1.8757721471848840e-01
288680,1.5402003392646999e+00,1.8757721471848840e-01
288692,1.5402003392646999e+00,1.8757721471848840e-01
288704,1.5402003392646999e+00,1.8757721471848840e-01
288716,1.5402003392646999e+00,1.8757721471848840e-01
288728,1.5402003392646999e+00,1.8757721471848840e-01
288740,1.5402003392646999e+00,1.8757721471848840e-01
288752,1.5402003392646999e+00,1.8757721471848840e-01
288764,1.5402003392646999e+00,1.8757721471848840e-01
288776,1.5402003392646999e+00,1.8757721471848840e-01
288788,1.5402003392646999e+00,1.8757721471848840e-01
288800,1.5402003392646999e+00,1.8757721471848840e-01
288812,1.5402003392646999e+00,1.8757721471848840e-01
288824,1.5402003392646999e+00,1.8757721471848840e-01
288836,1.5402003392646999e+00,1.8757721471848840e-01
288848,1.5402003392646999e+00,1.8757721471848840e-01
288860,1.5402003392646999e+00,1.8757721471848840e-01
288872,1.5402003392646999e+00,1.8757721471848840e-01
288884,1.5402003392646999e+00,1.8757721471848840e-01
288896,1.5402003392646999e+00,1.8757721471848840e-01
288908,1.5402003392646999e+00,1.8757721471848840e-01
288920,1.5402003392646999e+00,1.8757721471848840e-01
288932,1.5402003392646999e+00,1.8757721471848840e-01
288944,1.5402003392646999e+00,1.8757721471848840e-01
288956,1.5402003392646999e+00,1.8757721471848840e-01
288968,1.5402003392646999e+00,1.8757721471848840e-01
288980,1.5402003392646999e+00,1.8757721471848840e-01
288992,1.5402003392646999e+00,1.8757721471848840e-01
289004,1.5402003392646999e+00,1.8757721471848840e-01
289016,1.5402003392646999e+00,1.8757721471848840e-01
289028,1.5402003392646999e+00,1.8757721471848840e-01
289040,1.5402003392646999e+00,1.8757721471848840e-01
289052,1.5402003392646999e+00,1.8757721471848840e-01
289064,1.5402003392646999e+00,1.8757721471848840e-01
289076,1.5402003392646999e+00,1.8757721471848840e-01
289088,1.5402003392646999e+00,1.8757721471848840e-01
289100,1.5402003392646999e+00,1.8757721471848840e-01
289112,1.5402003392646999e+00,1.8757721471848840e-01
289124,1.5402003392646999e+00,1.8757721471848840e-01
289136,1.5402003392646999e+00,1.8757721471848840e-01
289148,1.5402003392646999e+00,1.8757721471848840e-01
289160,1.5402003392646999e+00,1.8757721471848840e-01
289172,1.5402003392646999e+00,1.8757721471848840e-01
289184,1.5402003392646999e+00,1.8757721471848840e-01
289196,1.5402003392646999e+00,1.8757721471848840e-01
289208,1.5402003392646999e+00,1.8757721471848840e-01
289220,1.5402003392646999e+00,1.8757721471848840e-01
289232,1.5402003392646999e+00,1.8757721471848840e-01
289244,1.5402003392646999e+00,1.8757721471848840e-01
289256,1.5402003392646999e+00,1.8757721471848840e-01
289268,1.5402003392646999e+00,1.8757721471848840e-01
289280,1.5402003392646999e+00,1.8757721471848840e-01
289292,1.5402003392646999e+00,1.8757721471848840e-01
289304,1.5402003392646999e+00,1.8757721471848840e-01
289316,1.5402003392646999e+00,1.8757721471848840e-01
289328,1.5402003392646999e+00,1.8757721471848840e-01
289340,1.5402003392646999e+00,1.8757721471848840e-01
289352,1.5402003392646999e+00,1.8757721471848840e-01
289364,1.5402003392646999e+00,1.8757721471848840e-01
289376,1.5402003392646999e+00,1.8757721471848840e-01
289388,1.5402003392646999e+00,1.8757721471848840e-01
289400,1.5402003392646999e+00,1.8757721471848840e-01
289412,1.5402003392646999e+00,1.8757721471848840e-01
289424,1.5402003392646999e+00,1.8757721471848840e-01
289436,1.5402003392646999e+00,1.8757721471848840e-01
289448,1.5402003392646999e+00,1.8757721471848840e-01
289460,1.5402003392646999e+00,1.8757721471848840e-01
289472,1.5402003392646999e+00,1.8757721471848840e-01
289484,1.5402003392646999e+00,1.8757721471848840e-01
289496,1.5402003392646999e+00,1.8757721471848840e-01
289508,1.5402003392646999e+00,1.8757721471848840e-01
289520,1.5402003392646999e+00,1.8757721471848840e-01
289532,1.5402003392646999e+00,1.8757721471848840e-01
289544,1.5402003392646999e+00,1.8757721471848840e-01
289556,1.5402003392646999e+00,1.8757721471848840e-01
289568,1.5402003392646999e+00,1.8757721471848840e-01
289580,1.5402003392646999e+00,1.8757721471848840e-01
289592,1.5402003392646999e+00,1.8757721471848840e-01
289604,1.5402003392646999e+00,1.8757721471848840e-01
289616,1.5402003392646999e+00,1.8757721471848840e-01
289628,1.5402003392646999e+00,1.8757721471848840e-01
289640,1.5402003392646999e+00,1.8757721471848840e-01
289652,1.5402003392646999e+00,1.8757721471848840e-01
289664,1.5402003392646999e+00,1.8757721471848840e-01
289676,1.5402003392646999e+00,1.8757721471848840e-01
289688,1.5402003392646999e+00,1.8757721471848840e-01
289700,1.5402003392646999e+00,1.8757721471848840e-01
289712,1.5402003392646999e+00,1.8757721471848840e-01
289724,1.5402003392646999e+00,1.8757721471848840e-01
289736,1.5402003392646999e+00,1.8757721471848840e-01
289748,1.5402003392646999e+00,1.8757721471848840e-01
289760,1.5402003392646999e+00,1.8757721471848840e-01
289772,1.5402003392646999e+00,1.8757721471848840e-01
289784,1.5402003392646999e+00,1.8757721471848840e-01
289796,1.5402003392646999e+00,1.8757721471848840e-01
289808,1.5402003392646999e+00,1.8757721471848840e-01
289820,1.5402003392646999e+00,1.8757721471848840e-01
289832,1.5402003392646999e+00,1.8757721471848840e-01
289844,1.5402003392646999e+00,1.8757721471848840e-01
289856,1.5402003392646999e+00,1.8757721471848840e-01
289868,1.5402003392646999e+00,1.8757721471848840e-01
289880,1.5402003392646999e+00,1.8757721471848840e-01
289892,1.5402003392646999e+00,1.8757721471848840e-01
289904,1.5402003392646999e+00,1.8757721471848840e-01
289916,1.5402003392646999e+00,1.8757721471848840e-01
289928,1.5402003392646999e+00,1.8757721471848840e-01
289940,1.5402003392646999e+00,1.8757721471848840e-01
289952,1.5402003392646999e+00,1.8757721471848840e-01
289964,1.5402003392646999e+00,1.8757721471848840e-01
289976,1.5402003392646999e+00,1.8757721471848840e-01
289988,1.5402003392646999e+00,1.8757721471848840e-01
290000,1.5402003392646999e+00,1.8757721471848840e-01
290012,1.5402003392646999e+00,1.8757721471848840e-01
290024,1.5402003392646999e+00,1.8757721471848840e-01
290036,1.5402003392646999e+00,1.8757721471848840e-01
290048,1.5402003392646999e+00,1.8757721471848840e-01
290060,1.5402003392646999e+00,1.8757721471848840e-01
290072,1.5402003392646999e+00,1.8757721471848840e-01
290084,1.5402003392646999e+00,1.8757721471848840e-01
290096,1.5402003392646999e+00,1.8757721471848840e-01
290108,1.5402003392646999e+00,1.8757721471848840e-01
290120,1.5402003392646999e+00,1.8757721471848840e-01
290132,1.5402003392646999e+00,1.8757721471848840e-01
290144,1.5402003392646999e+00,1.8757721471848840e-01
290156,1.5402003392646999e+00,1.8757721471848840e-01
290168,1.5402003392646999e+00,1.8757721471848840e-01
290180,1.5402003392646999e+00,1.8757721471848840e-01
290192,1.5402003392646999e+00,1.8757721471848840e-01
290204,1.5402003392646999e+00,1.8757721471848840e-01
290216,1.5402003392646999e+00,1.8757721471848840e-01
290228,1.5402003392646999e+00,1.8757721471848840e-01
290240,1.5402003392646999e+00,1.8757721471848840e-01
290252,1.5402003392646999e+00,1.8757721471848840e-01
290264,1.5402003392646999e+00,1.8757721471848840e-01
290276,1.5402003392646999e+00,1.8757721471848840e-01
290288,1.5402003392646999e+00,1.8757721471848840e-01
290300,1.5402003392646999e+00,1.8757721471848840e-01
290312,1.5402003392646999e+00,1.8757721471848840e-01
290324,1.5402003392646999e+00,1.8757721471848840e-01
290336,1.5402003392646999e+00,1.8757721471848840e-01
290348,1.5402003392646999e+00,1.8757721471848840e-01
290360,1.5402003392646999e+00,1.8757721471848840e-01
290372,1.5402003392646999e+00,1.8757721471848840e-01
290384,1.5402003392646999e+00,1.8757721471848840e-01
290396,1.5402003392646999e+00,1.8757721471848840e-01
290408,1.5402003392646999e+00,1.8757721471848840e-01
290420,1.5402003392646999e+00,1.8757721471848840e-01
290432,1.5402003392646999e+00,1.8757721471848840e-01
290444,1.5402003392646999e+00,1.8757721471848840e-01
290456,1.5402003392646999e+00,1.8757721471848840e-01
290468,1.5402003392646999e+00,1.8757721471848840e-01
290480,1.5402003392646999e+00,1.8757721471848840e-01
290492,1.5402003392646999e+00,1.8757721471848840e-01
290504,1.5402003392646999e+00,1.8757721471848840e-01
290516,1.5402003392646999e+00,1.8757721471848840e-01
290528,1.5402003392646999e+00,1.8757721471848840e-01
290540,1.5402003392646999e+00,1.8757721471848840e-01
290552,1.5402003392646999e+00,1.8757721471848840e-01
290564,1.5402003392646999e+00,1.8757721471848840e-01
290576,1.5402003392646999e+00,1.8757721471848840e-01
290588,1.5402003392646999e+00,1.8757721471848840e-01
290600,1.5402003392646999e+00,1.8757721471848840e-01
290612,1.5402003392646999e+00,1.8757721471848840e-01
290624,1.5402003392646999e+00,1.8757721471848840e-01
290636,1.5402003392646999e+00,1.8757721471848840e-01
290648,1.5402003392646999e+00,1.8757721471848840e-01
290660,1.5402003392646999e+00,1.8757721471848840e-01
290672,1.5402003392646999e+00,1.8757721471848840e-01
290684,1.5402003392646999e+00,1.8757721471848840e-01
290696,1.5402003392646999e+00,1.8757721471848840e-01
290708,1.5402003392646999e+00,1.8757721471848840e-01
290720,1.5402003392646999e+00,1.8757721471848840e-01
290732,1.5402003392646999e+00,1.8757721471848840e-01
290744,1.5402003392646999e+00,1.8757721471848840e-01
290756,1.5402003392646999e+00,1.8757721471848840e-01
290768,1.5402003392646999e+00,1.8757721471848840e-01
290780,1.5402003392646999e+00,1.8757721471848840e-01
290792,1.5402003392646999e+00,1.8757721471848840e-01
290804,1.5402003392646999e+00,1.8757721471848840e-01
290816,1.5402003392646999e+00,1.8757721471848840e-01
290828,1.5402003392646999e+00,1.8757721471848840e-01
290840,1.5402003392646999e+00,1.8757721471848840e-01
290852,1.5402003392646999e+00,1.8757721471848840e-01
290864,1.5402003392646999e+00,1.8757721471848840e-01
290876,1.5402003392646999e+00,1.8757721471848840e-01
290888,1.5402003392646999e+00,1.8757721471848840e-01
290900,1.5402003392646999e+00,1.8757721471848840e-01
290912,1.5402003392646999e+00,1.8757721471848840e-01
290924,1.5402003392646999e+00,1.8757721471848840e-01
290936,1.5402003392646999e+00,1.8757721471848840e-01
290948,1.5402003392646999e+00,1.8757721471848840e-01
290960,1.5402003392646999e+00,1.8757721471848840e-01
290972,1.5402003392646999e+00,1.8757721471848840e-01
290984,1.5402003392646999e+00,1.8757721471848840e-01
290996,1.5402003392646999e+00,1.8757721471848840e-01
291008,1.5402003392646999e+00,1.8757721471848840e-01
291020,1.5402003392646999e+00,1.8757721471848840e-01
291032,1.5402003392646999e+00,1.8757721471848840e-01
291044,1.5402003392646999e+00,1.8757721471848840e-01
291056,1.5402003392646999e+00,1.8757721471848840e-01
291068,1.5402003392646999e+00,1.8757721471848840e-01
291080,1.5402003392646999e+00,1.8757721471848840e-01
291092,1.5402003392646999e+00,1.8757721471848840e-01
291104,1.5402003392646999e+00,1.8757721471848840e-01
291116,1.5402003392646999e+00,1.8757721471848840e-01
291128,1.5402003392646999e+00,1.8757721471848840e-01
291140,1.5402003392646999e+00,1.8757721471848840e-01
291152,1.5402003392646999e+00,1.8757721471848840e-01
291164,1.5402003392646999e+00,1.8757721471848840e-01
291176,1.5402003392646999e+00,1.8757721471848840e-01
291188,1.5402003392646999e+00,1.8757721471848840e-01
291200,1.5402003392646999e+00,1.8757721471848840e-01
291212,1.5402003392646999e+00,1.8757721471848840e-01
291224,1.5402003392646999e+00,1.8757721471848840e-01
291236,1.5402003392646999e+00,1.8757721471848840e-01
291248,1.5402003392646999e+00,1.8757721471848840e-01
291260,1.5402003392646999e+00,1.8757721471848840e-01
291272,1.5402003392646999e+00,1.8757721471848840e-01
291284,1.5402003392646999e+00,1.8757721471848840e-01
291296,1.5402003392646999e+00,1.8757721471848840e-01
291308,1.5402003392646999e+00,1.8757721471848840e-01
291320,1.5402003392646999e+00,1.8757721471848840e-01
291332,1.5402003392646999e+00,1.8757721471848840e-01
291344,1.5402003392646999e+00,1.8757721471848840e-01
291356,1.5402003392646999e+00,1.8757721471848840e-01
291368,1.5402003392646999e+00,1.8757721471848840e-01
291380,1.5402003392646999e+00,1.8757721471848840e-01
291392,1.5402003392646999e+00,1.8757721471848840e-01
291404,1.5402003392646999e+00,1.8757721471848840e-01
291416,1.5402003392646999e+00,1.8757721471848840e-01
291428,1.5402003392646999e+00,1.8757721471848840e-01
291440,1.5402003392646999e+00,1.8757721471848840e-01
291452,1.5402003392646999e+00,1.8757721471848840e-01
291464,1.5402003392646999e+00,1.8757721471848840e-01
291476,1.5402003392646999e+00,1.8757721471848840e-01
291488,1.5402003392646999e+00,1.8757721471848840e-01
291500,1.5402003392646999e+00,1.8757721471848840e-01
291512,1.5402003392646999e+00,1.8757721471848840e-01
291524,1.5402003392646999e+00,1.8757721471848840e-01
291536,1.5402003392646999e+00,1.8757721471848840e-01
291548,1.5402003392646999e+00,1.8757721471848840e-01
291560,1.5402003392646999e+00,1.8757721471848840e-01
291572,1.5402003392646999e+00,1.8757721471848840e-01
291584,1.5402003392646999e+00,1.8757721471848840e-01
291596,1.5402003392646999e+00,1.8757721471848840e-01
291608,1.5402003392646999e+00,1.8757721471848840e-01
291620,1.5402003392646999e+00,1.8757721471848840e-01
291632,1.5402003392646999e+00,1.8757721471848840e-01
291644,1.5402003392646999e+00,1.8757721471848840e-01
291656,1.5402003392646999e+00,1.8757721471848840e-01
291668,1.5402003392646999e+00,1.8757721471848840e-01
291680,1.5402003392646999e+00,1.8757721471848840e-01
291692,1.5402003392646999e+00,1.8757721471848840e-01
291704,1.5402003392646999e+00,1.8757721471848840e-01
291716,1.5402003392646999e+00,1.8757721471848840e-01
291728,1.5402003392646999e+00,1.8757721471848840e-01
291740,1.5402003392646999e+00,1.8757721471848840e-01
291752,1.5402003392646999e+00,1.8757721471848840e-01
291764,1.5402003392646999e+00,1.8757721471848840e-01
291776,1.5402003392646999e+00,1.8757721471848840e-01
291788,1.5402003392646999e+00,1.8757721471848840e-01
291800,1.5402003392646999e+00,1.8757721471848840e-01
291812,1.5402003392646999e+00,1.8757721471848840e-01
291824,1.5402003392646999e+00,1.8757721471848840e-01
291836,1.5402003392646999e+00,1.8757721471848840e-01
291848,1.5402003392646999e+00,1.8757721471848840e-01
291860,1.5402003392646999e+00,1.8757721471848840e-01
291872,1.5402003392646999e+00,1.8757721471848840e-01
291884,1.5402003392646999e+00,1.8757721471848840e-01
291896,1.5402003392646999e+00,1.8757721471848840e-01
291908,1.5402003392646999e+00,1.8757721471848840e-01
291920,1.5402003392646999e+00,1.8757721471848840e-01
291932,1.5402003392646999e+00,1.8757721471848840e-01
291944,1.5402003392646999e+00,1.8757721471848840e-01
291956,1.5402003392646999e+00,1.8757721471848840e-01
291968,1.5402003392646999e+00,1.8757721471848840e-01
291980,1.5402003392646999e+00,1.8757721471848840e-01
291992,1.5402003392646999e+00,1.8757721471848840e-01
292004,1.5402003392646999e+00,1.8757721471848840e-01
292016,1.5402003392646999e+00,1.8757721471848840e-01
292028,1.5402003392646999e+00,1.8757721471848840e-01
292040,1.5402003392646999e+00,1.8757721471848840e-01
292052,1.5402003392646999e+00,1.8757721471848840e-01
292064,1.5402003392646999e+00,1.8757721471848840e-01
292076,1.5402003392646999e+00,1.8757721471848840e-01
292088,1.5402003392646999e+00,1.8757721471848840e-01
292100,1.5402003392646999e+00,1.8757721471848840e-01
292112,1.5402003392646999e+00,1.8757721471848840e-01
292124,1.5402003392646999e+00,1.8757721471848840e-01
292136,1.5402003392646999e+00,1.8757721471848840e-01
292148,1.5402003392646999e+00,1.8757721471848840e-01
292160,1.5402003392646999e+00,1.8757721471848840e-01
292172,1.5402003392646999e+00,1.8757721471848840e-01
292184,1.5402003392646999e+00,1.8757721471848840e-01
292196,1.5402003392646999e+00,1.8757721471848840e-01
292208,1.5402003392646999e+00,1.8757721471848840e-01
292220,1.5402003392646999e+00,1.8757721471848840e-01
292232,1.5402003392646999e+00,1.8757721471848840e-01
292244,1.5402003392646999e+00,1.8757721471848840e-01
292256,1.5402003392646999e+00,1.8757721471848840e-01
292268,1.5402003392646999e+00,1.8757721471848840e-01
292280,1.5402003392646999e+00,1.8757721471848840e-01
292292,1.5402003392646999e+00,1.8757721471848840e-01
292304,1.5402003392646999e+00,1.8757721471848840e-01
292316,1.5402003392646999e+00,1.8757721471848840e-01
292328,1.5402003392646999e+00,1.8757721471848840e-01
292340,1.5402003392646999e+00,1.8757721471848840e-01
292352,1.5402003392646999e+00,1.8757721471848840e-01
292364,1.5402003392646999e+00,1.8757721471848840e-01
292376,1.5402003392646999e+00,1.8757721471848840e-01
292388,1.5402003392646999e+00,1.8757721471848840e-01
292400,1.5402003392646999e+00,1.8757721471848840e-01
292412,1.5402003392646999e+00,1.8757721471848840e-01
292424,1.5402003392646999e+00,1.8757721471848840e-01
292436,1.5402003392646999e+00,1.8757721471848840e-01
292448,1.5402003392646999e+00,1.8757721471848840e-01
292460,1.5402003392646999e+00,1.8757721471848840e-01
292472,1.5402003392646999e+00,1.8757721471848840e-01
292484,1.5402003392646999e+00,1.8757721471848840e-01
292496,1.5402003392646999e+00,1.8757721471848840e-01
292508,1.5402003392646999e+00,1.8757721471848840e-01
292520,1.5402003392646999e+00,1.8757721471848840e-01
292532,1.5402003392646999e+00,1.8757721471848840e-01
292544,1.5402003392646999e+00,1.8757721471848840e-01
292556,1.5402003392646999e+00,1.8757721471848840e-01
292568,1.5402003392646999e+00,1.8757721471848840e-01
292580,1.5402003392646999e+00,1.8757721471848840e-01
292592,1.5402003392646999e+00,1.8757721471848840e-01
292604,1.5402003392646999e+00,1.8757721471848840e-01
292616,1.5402003392646999e+00,1.8757721471848840e-01
292628,1.5402003392646999e+00,1.8757721471848840e-01
292640,1.5402003392646999e+00,1.8757721471848840e-01
292652,1.5402003392646999e+00,1.8757721471848840e-01
292664,1.5402003392646999e+00,1.8757721471848840e-01
292676,1.5402003392646999e+00,1.8757721471848840e-01
292688,1.5402003392646999e+00,1.8757721471848840e-01
292700,1.5402003392646999e+00,1.8757721471848840e-01
292712,1.5402003392646999e+00,1.8757721471848840e-01
292724,1.5402003392646999e+00,1.8757721471848840e-01
292736,1.5402003392646999e+00,1.8757721471848840e-01
292748,1.5402003392646999e+00,1.8757721471848840e-01
292760,1.5402003392646999e+00,1.8757721471848840e-01
292772,1.5402003392646999e+00,1.8757721471848840e-01
292784,1.5402003392646999e+00,1.8757721471848840e-01
292796,1.5402003392646999e+00,1.8757721471848840e-01
292808,1.5402003392646999e+00,1.8757721471848840e-01
292820,1.5402003392646999e+00,1.8757721471848840e-01
292832,1.5402003392646999e+00,1.8757721471848840e-01
292844,1.5402003392646999e+00,1.8757721471848840e-01
292856,1.5402003392646999e+00,1.8757721471848840e-01
292868,1.5402003392646999e+00,1.8757721471848840e-01
292880,1.5402003392646999e+00,1.8757721471848840e-01
292892,1.5402003392646999e+00,1.8757721471848840e-01
292904,1.5402003392646999e+00,1.8757721471848840e-01
292916,1.5402003392646999e+00,1.8757721471848840e-01
292928,1.5402003392646999e+00,1.8757721471848840e-01
292940,1.5402003392646999e+00,1.8757721471848840e-01
292952,1.5402003392646999e+00,1.8757721471848840e-01
292964,1.5402003392646999e+00,1.8757721471848840e-01
292976,1.5402003392646999e+00,1.8757721471848840e-01
292988,1.5402003392646999e+00,1.8757721471848840e-01
293000,1.5402003392646999e+00,1.8757721471848840e-01
293012,1.5402003392646999e+00,1.8757721471848840e-01
293024,1.5402003392646999e+00,1.8757721471848840e-01
293036,1.5402003392646999e+00,1.8757721471848840e-01
293048,1.5402003392646999e+00,1.8757721471848840e-01
293060,1.5402003392646999e+00,1.8757721471848840e-01
293072,1.5402003392646999e+00,1.8757721471848840e-01
293084,1.5402003392646999e+00,1.8757721471848840e-01
293096,1.5402003392646999e+00,1.8757721471848840e-01
293108,1.5402003392646999e+00,1.8757721471848840e-01
293120,1.5402003392646999e+00,1.8757721471848840e-01
293132,1.5402003392646999e+00,1.8757721471848840e-01
293144,1.5402003392646999e+00,1.8757721471848840e-01
293156,1.5402003392646999e+00,1.8757721471848840e-01
293168,1.5402003392646999e+00,1.8757721471848840e-01
293180,1.5402003392646999e+00,1.8757721471848840e-01
293192,1.5402003392646999e+00,1.8757721471848840e-01
293204,1.5402003392646999e+00,1.8757721471848840e-01
293216,1.5402003392646999e+00,1.8757721471848840e-01
293228,1.5402003392646999e+00,1.8757721471848840e-01
293240,1.5402003392646999e+00,1.8757721471848840e-01
293252,1.5402003392646999e+00,1.8757721471848840e-01
293264,1.5402003392646999e+00,1.8757721471848840e-01
293276,1.5402003392646999e+00,1.8757721471848840e-01
293288,1.5402003392646999e+00,1.8757721471848840e-01
293300,1.5402003392646999e+00,1.8757721471848840e-01
293312,1.5402003392646999e+00,1.8757721471848840e-01
293324,1.5402003392646999e+00,1.8757721471848840e-01
293336,1.5402003392646999e+00,1.8757721471848840e-01
293348,1.5402003392646999e+00,1.8757721471848840e-01
293360,1.5402003392646999e+00,1.8757721471848840e-01
293372,1.5402003392646999e+00,1.8757721471848840e-01
293384,1.5402003392646999e+00,1.8757721471848840e-01
293396,1.5402003392646999e+00,1.8757721471848840e-01
293408,1.5402003392646999e+00,1.8757721471848840e-01
293420,1.5402003392646999e+00,1.8757721471848840e-01
293432,1.5402003392646999e+00,1.8757721471848840e-01
293444,1.5402003392646999e+00,1.8757721471848840e-01
293456,1.5402003392646999e+00,1.8757721471848840e-01
293468,1.5402003392646999e+00,1.8757721471848840e-01
293480,1.5402003392646999e+00,1.8757721471848840e-01
293492,1.5402003392646999e+00,1.8757721471848840e-01
293504,1.5402003392646999e+00,1.8757721471848840e-01
293516,1.5402003392646999e+00,1.8757721471848840e-01
293528,1.5402003392646999e+00,1.8757721471848840e-01
293540,1.5402003392646999e+00,1.8757721471848840e-01
293552,1.5402003392646999e+00,1.8757721471848840e-01
293564,1.5402003392646999e+00,1.8757721471848840e-01
293576,1.5402003392646999e+00,1.8757721471848840e-01
293588,1.5402003392646999e+00,1.8757721471848840e-01
293600,1.5402003392646999e+00,1.8757721471848840e-01
293612,1.5402003392646999e+00,1.8757721471848840e-01
293624,1.5402003392646999e+00,1.8757721471848840e-01
293636,1.5402003392646999e+00,1.8757721471848840e-01
293648,1.5402003392646999e+00,1.8757721471848840e-01
293660,1.5402003392646999e+00,1.8757721471848840e-01
293672,1.5402003392646999e+00,1.8757721471848840e-01
293684,1.5402003392646999e+00,1.8757721471848840e-01
293696,1.5402003392646999e+00,1.8757721471848840e-01
293708,1.5402003392646999e+00,1.8757721471848840e-01
293720,1.5402003392646999e+00,1.8757721471848840e-01
293732,1.5402003392646999e+00,1.8757721471848840e-01
293744,1.5402003392646999e+00,1.8757721471848840e-01
293756,1.5402003392646999e+00,1.8757721471848840e-01
293768,1.5402003392646999e+00,1.8757721471848840e-01
293780,1.5402003392646999e+00,1.8757721471848840e-01
293792,1.5402003392646999e+00,1.8757721471848840e-01
293804,1.5402003392646999e+00,1.8757721471848840e-01
293816,1.5402003392646999e+00,1.8757721471848840e-01
293828,1.5402003392646999e+00,1.8757721471848840e-01
293840,1.5402003392646999e+00,1.8757721471848840e-01
293852,1.5402003392646999e+00,1.8757721471848840e-01
293864,1.5402003392646999e+00,1.8757721471848840e-01
293876,1.5402003392646999e+00,1.8757721471848840e-01
293888,1.5402003392646999e+00,1.8757721471848840e-01
293900,1.5402003392646999e+00,1.8757721471848840e-01
293912,1.5402003392646999e+00,1.8757721471848840e-01
293924,1.5402003392646999e+00,1.8757721471848840e-01
293936,1.5402003392646999e+00,1.8757721471848840e-01
293948,1.5402003392646999e+00,1.8757721471848840e-01
293960,1.5402003392646999e+00,1.8757721471848840e-01
293972,1.5402003392646999e+00,1.8757721471848840e-01
293984,1.5402003392646999e+00,1.8757721471848840e-01
293996,1.5402003392646999e+00,1.8757721471848840e-01
294008,1.5402003392646999e+00,1.8757721471848840e-01
294020,1.5402003392646999e+00,1.8757721471848840e-01
294032,1.5402003392646999e+00,1.8757721471848840e-01
294044,1.5402003392646999e+00,1.8757721471848840e-01
294056,1.5402003392646999e+00,1.8757721471848840e-01
294068,1.5402003392646999e+00,1.8757721471848840e-01
294080,1.5402003392646999e+00,1.8757721471848840e-01
294092,1.5402003392646999e+00,1.8757721471848840e-01
294104,1.5402003392646999e+00,1.8757721471848840e-01
294116,1.5402003392646999e+00,1.8757721471848840e-01
294128,1.5402003392646999e+00,1.8757721471848840e-01
294140,1.5402003392646999e+00,1.8757721471848840e-01
294152,1.5402003392646999e+00,1.8757721471848840e-01
294164,1.5402003392646999e+00,1.8757721471848840e-01
294176,1.5402003392646999e+00,1.8757721471848840e-01
294188,1.5402003392646999e+00,1.8757721471848840e-01
294200,1.5402003392646999e+00,1.8757721471848840e-01
294212,1.5402003392646999e+00,1.8757721471848840e-01
294224,1.5402003392646999e+00,1.8757721471848840e-01
294236,1.5402003392646999e+00,1.8757721471848840e-01
294248,1.5402003392646999e+00,1.8757721471848840e-01
294260,1.5402003392646999e+00,1.8757721471848840e-01
294272,1.5402003392646999e+00,1.8757721471848840e-01
294284,1.5402003392646999e+00,1.8757721471848840e-01
294296,1.5402003392646999e+00,1.8757721471848840e-01
294308,1.5402003392646999e+00,1.8757721471848840e-01
294320,1.5402003392646999e+00,1.8757721471848840e-01
294332,1.5402003392646999e+00,1.8757721471848840e-01
294344,1.5402003392646999e+00,1.8757721471848840e-01
294356,1.5402003392646999e+00,1.8757721471848840e-01
294368,1.5402003392646999e+00,1.8757721471848840e-01
294380,1.5402003392646999e+00,1.8757721471848840e-01
294392,1.5402003392646999e+00,1.8757721471848840e-01
294404,1.5402003392646999e+00,1.8757721471848840e-01
294416,1.5402003392646999e+00,1.8757721471848840e-01
294428,1.5402003392646999e+00,1.8757721471848840e-01
294440,1.5402003392646999e+00,1.8757721471848840e-01
294452,1.5402003392646999e+00,1.8757721471848840e-01
294464,1.5402003392646999e+00,1.8757721471848840e-01
294476,1.5402003392646999e+00,1.8757721471848840e-01
294488,1.5402003392646999e+00,1.8757721471848840e-01
294500,1.5402003392646999e+00,1.8757721471848840e-01
294512,1.5402003392646999e+00,1.8757721471848840e-01
294524,1.5402003392646999e+00,1.8757721471848840e-01
294536,1.5402003392646999e+00,1.8757721471848840e-01
294548,1.5402003392646999e+00,1.8757721471848840e-01
294560,1.5402003392646999e+00,1.8757721471848840e-01
294572,1.5402003392646999e+00,1.8757721471848840e-01
294584,1.5402003392646999e+00,1.8757721471848840e-01
294596,1.5402003392646999e+00,1.8757721471848840e-01
294608,1.5402003392646999e+00,1.8757721471848840e-01
294620,1.5402003392646999e+00,1.8757721471848840e-01
294632,1.5402003392646999e+00,1.8757721471848840e-01
294644,1.5402003392646999e+00,1.8757721471848840e-01
294656,1.5402003392646999e+00,1.8757721471848840e-01
294668,1.5402003392646999e+00,1.8757721471848840e-01
294680,1.5402003392646999e+00,1.8757721471848840e-01
294692,1.5402003392646999e+00,1.8757721471848840e-01
294704,1.5402003392646999e+00,1.8757721471848840e-01
294716,1.5402003392646999e+00,1.8757721471848840e-01
294728,1.5402003392646999e+00,1.8757721471848840e-01
294740,1.5402003392646999e+00,1.8757721471848840e-01
294752,1.5402003392646999e+00,1.8757721471848840e-01
294764,1.5402003392646999e+00,1.8757721471848840e-01
294776,1.5402003392646999e+00,1.8757721471848840e-01
294788,1.5402003392646999e+00,1.8757721471848840e-01
294800,1.5402003392646999e+00,1.8757721471848840e-01
294812,1.5402003392646999e+00,1.8757721471848840e-01
294824,1.5402003392646999e+00,1.8757721471848840e-01
294836,1.5402003392646999e+00,1.8757721471848840e-01
294848,1.5402003392646999e+00,1.8757721471848840e-01
294860,1.5402003392646999e+00,1.8757721471848840e-01
294872,1.5402003392646999e+00,1.8757721471848840e-01
294884,1.5402003392646999e+00,1.8757721471848840e-01
294896,1.5402003392646999e+00,1.8757721471848840e-01
294908,1.5402003392646999e+00,1.8757721471848840e-01
294920,1.5402003392646999e+00,1.8757721471848840e-01
294932,1.5402003392646999e+00,1.8757721471848840e-01
294944,1.5402003392646999e+00,1.8757721471848840e-01
294956,1.5402003392646999e+00,1.8757721471848840e-01
294968,1.5402003392646999e+00,1.8757721471848840e-01
294980,1.5402003392646999e+00,1.8757721471848840e-01
294992,1.5402003392646999e+00,1.8757721471848840e-01
295004,1.5402003392646999e+00,1.8757721471848840e-01
295016,1.5402003392646999e+00,1.8757721471848840e-01
295028,1.5402003392646999e+00,1.8757721471848840e-01
295040,1.5402003392646999e+00,1.8757721471848840e-01
295052,1.5402003392646999e+00,1.8757721471848840e-01
295064,1.5402003392646999e+00,1.8757721471848840e-01
295076,1.5402003392646999e+00,1.8757721471848840e-01
295088,1.5402003392646999e+00,1.8757721471848840e-01
295100,1.5402003392646999e+00,1.8757721471848840e-01
295112,1.5402003392646999e+00,1.8757721471848840e-01
295124,1.5402003392646999e+00,1.8757721471848840e-01
295136,1.5402003392646999e+00,1.8757721471848840e-01
295148,1.5402003392646999e+00,1.8757721471848840e-01
295160,1.5402003392646999e+00,1.8757721471848840e-01
295172,1.5402003392646999e+00,1.8757721471848840e-01
295184,1.5402003392646999e+00,1.8757721471848840e-01
295196,1.5402003392646999e+00,1.8757721471848840e-01
295208,1.5402003392646999e+00,1.8757721471848840e-01
295220,1.5402003392646999e+00,1.8757721471848840e-01
295232,1.5402003392646999e+00,1.8757721471848840e-01
295244,1.5402003392646999e+00,1.8757721471848840e-01
295256,1.5402003392646999e+00,1.8757721471848840e-01
295268,1.5402003392646999e+00,1.8757721471848840e-01
295280,1.5402003392646999e+00,1.8757721471848840e-01
295292,1.5402003392646999e+00,1.8757721471848840e-01
295304,1.5402003392646999e+00,1.8757721471848840e-01
295316,1.5402003392646999e+00,1.8757721471848840e-01
295328,1.5402003392646999e+00,1.8757721471848840e-01
295340,1.5402003392646999e+00,1.8757721471848840e-01
295352,1.5402003392646999e+00,1.8757721471848840e-01
295364,1.5402003392646999e+00,1.8757721471848840e-01
295376,1.5402003392646999e+00,1.8757721471848840e-01
295388,1.5402003392646999e+00,1.8757721471848840e-01
295400,1.5402003392646999e+00,1.8757721471848840e-01
295412,1.5402003392646999e+00,1.8757721471848840e-01
295424,1.5402003392646999e+00,1.8757721471848840e-01
295436,1.5402003392646999e+00,1.8757721471848840e-01
295448,1.5402003392646999e+00,1.8757721471848840e-01
295460,1.5402003392646999e+00,1.8757721471848840e-01
295472,1.5402003392646999e+00,1.8757721471848840e-01
295484,1.5402003392646999e+00,1.8757721471848840e-01
295496,1.5402003392646999e+00,1.8757721471848840e-01
295508,1.5402003392646999e+00,1.8757721471848840e-01
295520,1.5402003392646999e+00,1.8757721471848840e-01
295532,1.5402003392646999e+00,1.8757721471848840e-01
295544,1.5402003392646999e+00,1.8757721471848840e-01
295556,1.5402003392646999e+00,1.8757721471848840e-01
295568,1.5402003392646999e+00,1.8757721471848840e-01
295580,1.5402003392646999e+00,1.8757721471848840e-01
295592,1.5402003392646999e+00,1.8757721471848840e-01
295604,1.5402003392646999e+00,1.8757721471848840e-01
295616,1.5402003392646999e+00,1.8757721471848840e-01
295628,1.5402003392646999e+00,1.8757721471848840e-01
295640,1.5402003392646999e+00,1.8757721471848840e-01
295652,1.5402003392646999e+00,1.8757721471848840e-01
295664,1.5402003392646999e+00,1.8757721471848840e-01
295676,1.5402003392646999e+00,1.8757721471848840e-01
295688,1.5402003392646999e+00,1.8757721471848840e-01
295700,1.5402003392646999e+00,1.8757721471848840e-01
295712,1.5402003392646999e+00,1.8757721471848840e-01
295724,1.5402003392646999e+00,1.8757721471848840e-01
295736,1.5402003392646999e+00,1.8757721471848840e-01
295748,1.5402003392646999e+00,1.8757721471848840e-01
295760,1.5402003392646999e+00,1.8757721471848840e-01
295772,1.5402003392646999e+00,1.8757721471848840e-01
295784,1.5402003392646999e+00,1.8757721471848840e-01
295796,1.5402003392646999e+00,1.8757721471848840e-01
295808,1.5402003392646999e+00,1.8757721471848840e-01
295820,1.5402003392646999e+00,1.8757721471848840e-01
295832,1.5402003392646999e+00,1.8757721471848840e-01
295844,1.5402003392646999e+00,1.8757721471848840e-01
295856,1.5402003392646999e+00,1.8757721471848840e-01
295868,1.5402003392646999e+00,1.8757721471848840e-01
295880,1.5402003392646999e+00,1.8757721471848840e-01
295892,1.5402003392646999e+00,1.8757721471848840e-01
295904,1.5402003392646999e+00,1.8757721471848840e-01
295916,1.5402003392646999e+00,1.8757721471848840e-01
295928,1.5402003392646999e+00,1.8757721471848840e-01
295940,1.5402003392646999e+00,1.8757721471848840e-01
295952,1.5402003392646999e+00,1.8757721471848840e-01
295964,1.5402003392646999e+00,1.8757721471848840e-01
295976,1.5402003392646999e+00,1.8757721471848840e-01
295988,1.5402003392646999e+00,1.8757721471848840e-01
296000,1.5402003392646999e+00,1.8757721471848840e-01
296012,1.5402003392646999e+00,1.8757721471848840e-01
296024,1.5402003392646999e+00,1.8757721471848840e-01
296036,1.5402003392646999e+00,1.8757721471848840e-01
296048,1.5402003392646999e+00,1.8757721471848840e-01
296060,1.5402003392646999e+00,1.8757721471848840e-01
296072,1.5402003392646999e+00,1.8757721471848840e-01
296084,1.5402003392646999e+00,1.8757721471848840e-01
296096,1.5402003392646999e+00,1.8757721471848840e-01
296108,1.5402003392646999e+00,1.8757721471848840e-01
296120,1.5402003392646999e+00,1.8757721471848840e-01
296132,1.5402003392646999e+00,1.8757721471848840e-01
296144,1.5402003392646999e+00,1.8757721471848840e-01
296156,1.5402003392646999e+00,1.8757721471848840e-01
296168,1.5402003392646999e+00,1.8757721471848840e-01
296180,1.5402003392646999e+00,1.8757721471848840e-01
296192,1.5402003392646999e+00,1.8757721471848840e-01
296204,1.5402003392646999e+00,1.8757721471848840e-01
296216,1.5402003392646999e+00,1.8757721471848840e-01
296228,1.5402003392646999e+00,1.8757721471848840e-01
296240,1.5402003392646999e+00,1.8757721471848840e-01
296252,1.5402003392646999e+00,1.8757721471848840e-01
296264,1.5402003392646999e+00,1.8757721471848840e-01
296276,1.5402003392646999e+00,1.8757721471848840e-01
296288,1.5402003392646999e+00,1.8757721471848840e-01
296300,1.5402003392646999e+00,1.8757721471848840e-01
296312,1.5402003392646999e+00,1.8757721471848840e-01
296324,1.5402003392646999e+00,1.8757721471848840e-01
296336,1.5402003392646999e+00,1.8757721471848840e-01
296348,1.5402003392646999e+00,1.8757721471848840e-01
296360,1.5402003392646999e+00,1.8757721471848840e-01
296372,1.5402003392646999e+00,1.8757721471848840e-01
296384,1.5402003392646999e+00,1.8757721471848840e-01
296396,1.5402003392646999e+00,1.8757721471848840e-01
296408,1.5402003392646999e+00,1.8757721471848840e-01
296420,1.5402003392646999e+00,1.8757721471848840e-01
296432,1.5402003392646999e+00,1.8757721471848840e-01
296444,1.5402003392646999e+00,1.8757721471848840e-01
296456,1.5402003392646999e+00,1.8757721471848840e-01
296468,1.5402003392646999e+00,1.8757721471848840e-01
296480,1.5402003392646999e+00,1.8757721471848840e-01
296492,1.5402003392646999e+00,1.8757721471848840e-01
296504,1.5402003392646999e+00,1.8757721471848840e-01
296516,1.5402003392646999e+00,1.8757721471848840e-01
296528,1.5402003392646999e+00,1.8757721471848840e-01
296540,1.5402003392646999e+00,1.8757721471848840e-01
296552,1.5402003392646999e+00,1.8757721471848840e-01
296564,1.5402003392646999e+00,1.8757721471848840e-01
296576,1.5402003392646999e+00,1.8757721471848840e-01
296588,1.5402003392646999e+00,1.8757721471848840e-01
296600,1.5402003392646999e+00,1.8757721471848840e-01
296612,1.5402003392646999e+00,1.8757721471848840e-01
296624,1.5402003392646999e+00,1.8757721471848840e-01
296636,1.5402003392646999e+00,1.8757721471848840e-01
296648,1.5402003392646999e+00,1.8757721471848840e-01
296660,1.5402003392646999e+00,1.8757721471848840e-01
296672,1.5402003392646999e+00,1.8757721471848840e-01
296684,1.5402003392646999e+00,1.8757721471848840e-01
296696,1.5402003392646999e+00,1.8757721471848840e-01
296708,1.5402003392646999e+00,1.8757721471848840e-01
296720,1.5402003392646999e+00,1.8757721471848840e-01
296732,1.5402003392646999e+00,1.8757721471848840e-01
296744,1.5402003392646999e+00,1.8757721471848840e-01
296756,1.5402003392646999e+00,1.8757721471848840e-01
296768,1.5402003392646999e+00,1.8757721471848840e-01
296780,1.5402003392646999e+00,1.8757721471848840e-01
296792,1.5402003392646999e+00,1.8757721471848840e-01
296804,1.5402003392646999e+00,1.8757721471848840e-01
296816,1.5402003392646999e+00,1.8757721471848840e-01
296828,1.5402003392646999e+00,1.8757721471848840e-01
296840,1.5402003392646999e+00,1.8757721471848840e-01
296852,1.5402003392646999e+00,1.8757721471848840e-01
296864,1.5402003392646999e+00,1.8757721471848840e-01
296876,1.5402003392646999e+00,1.8757721471848840e-01
296888,1.5402003392646999e+00,1.8757721471848840e-01
296900,1.5402003392646999e+00,1.8757721471848840e-01
296912,1.5402003392646999e+00,1.8757721471848840e-01
296924,1.5402003392646999e+00,1.8757721471848840e-01
296936,1.5402003392646999e+00,1.8757721471848840e-01
296948,1.5402003392646999e+00,1.8757721471848840e-01
296960,1.5402003392646999e+00,1.8757721471848840e-01
296972,1.5402003392646999e+00,1.8757721471848840e-01
296984,1.5402003392646999e+00,1.8757721471848840e-01
296996,1.5402003392646999e+00,1.8757721471848840e-01
297008,1.5402003392646999e+00,1.8757721471848840e-01
297020,1.5402003392646999e+00,1.8757721471848840e-01
297032,1.5402003392646999e+00,1.8757721471848840e-01
297044,1.5402003392646999e+00,1.8757721471848840e-01
297056,1.5402003392646999e+00,1.8757721471848840e-01
297068,1.5402003392646999e+00,1.8757721471848840e-01
297080,1.5402003392646999e+00,1.8757721471848840e-01
297092,1.5402003392646999e+00,1.8757721471848840e-01
297104,1.5402003392646999e+00,1.8757721471848840e-01
297116,1.5402003392646999e+00,1.8757721471848840e-01
297128,1.5402003392646999e+00,1.8757721471848840e-01
297140,1.5402003392646999e+00,1.8757721471848840e-01
297152,1.5402003392646999e+00,1.8757721471848840e-01
297164,1.5402003392646999e+00,1.8757721471848840e-01
297176,1.5402003392646999e+00,1.8757721471848840e-01
297188,1.5402003392646999e+00,1.8757721471848840e-01
297200,1.5402003392646999e+00,1.8757721471848840e-01
297212,1.5402003392646999e+00,1.8757721471848840e-01
297224,1.5402003392646999e+00,1.8757721471848840e-01
297236,1.5402003392646999e+00,1.8757721471848840e-01
297248,1.5402003392646999e+00,1.8757721471848840e-01
297260,1.5402003392646999e+00,1.8757721471848840e-01
297272,1.5402003392646999e+00,1.8757721471848840e-01
297284,1.5402003392646999e+00,1.8757721471848840e-01
297296,1.5402003392646999e+00,1.8757721471848840e-01
297308,1.5402003392646999e+00,1.8757721471848840e-01
297320,1.5402003392646999e+00,1.8757721471848840e-01
297332,1.5402003392646999e+00,1.8757721471848840e-01
297344,1.5402003392646999e+00,1.8757721471848840e-01
297356,1.5402003392646999e+00,1.8757721471848840e-01
297368,1.5402003392646999e+00,1.8757721471848840e-01
297380,1.5402003392646999e+00,1.8757721471848840e-01
297392,1.5402003392646999e+00,1.8757721471848840e-01
297404,1.5402003392646999e+00,1.8757721471848840e-01
297416,1.5402003392646999e+00,1.8757721471848840e-01
297428,1.5402003392646999e+00,1.8757721471848840e-01
297440,1.5402003392646999e+00,1.8757721471848840e-01
297452,1.5402003392646999e+00,1.8757721471848840e-01
297464,1.5402003392646999e+00,1.8757721471848840e-01
297476,1.5402003392646999e+00,1.8757721471848840e-01
297488,1.5402003392646999e+00,1.8757721471848840e-01
297500,1.5402003392646999e+00,1.8757721471848840e-01
297512,1.5402003392646999e+00,1.8757721471848840e-01
297524,1.5402003392646999e+00,1.8757721471848840e-01
297536,1.5402003392646999e+00,1.8757721471848840e-01
297548,1.5402003392646999e+00,1.8757721471848840e-01
297560,1.5402003392646999e+00,1.8757721471848840e-01
297572,1.5402003392646999e+00,1.8757721471848840e-01
297584,1.5402003392646999e+00,1.8757721471848840e-01
297596,1.5402003392646999e+00,1.8757721471848840e-01
297608,1.5402003392646999e+00,1.8757721471848840e-01
297620,1.5402003392646999e+00,1.8757721471848840e-01
297632,1.5402003392646999e+00,1.8757721471848840e-01
297644,1.5402003392646999e+00,1.8757721471848840e-01
297656,1.5402003392646999e+00,1.8757721471848840e-01
297668,1.5402003392646999e+00,1.8757721471848840e-01
297680,1.5402003392646999e+00,1.8757721471848840e-01
297692,1.5402003392646999e+00,1.8757721471848840e-01
297704,1.5402003392646999e+00,1.8757721471848840e-01
297716,1.5402003392646999e+00,1.8757721471848840e-01
297728,1.5402003392646999e+00,1.8757721471848840e-01
297740,1.5402003392646999e+00,1.8757721471848840e-01
297752,1.5402003392646999e+00,1.8757721471848840e-01
297764,1.5402003392646999e+00,1.8757721471848840e-01
297776,1.5402003392646999e+00,1.8757721471848840e-01
297788,1.5402003392646999e+00,1.8757721471848840e-01
297800,1.5402003392646999e+00,1.8757721471848840e-01
297812,1.5402003392646999e+00,1.8757721471848840e-01
297824,1.5402003392646999e+00,1.8757721471848840e-01
297836,1.5402003392646999e+00,1.8757721471848840e-01
297848,1.5402003392646999e+00,1.8757721471848840e-01
297860,1.5402003392646999e+00,1.8757721471848840e-01
297872,1.5402003392646999e+00,1.8757721471848840e-01
297884,1.5402003392646999e+00,1.8757721471848840e-01
297896,1.5402003392646999e+00,1.8757721471848840e-01
297908,1.5402003392646999e+00,1.8757721471848840e-01
297920,1.5402003392646999e+00,1.8757721471848840e-01
297932,1.5402003392646999e+00,1.8757721471848840e-01
297944,1.5402003392646999e+00,1.8757721471848840e-01
297956,1.5402003392646999e+00,1.8757721471848840e-01
297968,1.5402003392646999e+00,1.8757721471848840e-01
297980,1.5402003392646999e+00,1.8757721471848840e-01
297992,1.5402003392646999e+00,1.8757721471848840e-01
298004,1.5402003392646999e+00,1.8757721471848840e-01
298016,1.5402003392646999e+00,1.8757721471848840e-01
298028,1.5402003392646999e+00,1.8757721471848840e-01
298040,1.5402003392646999e+00,1.8757721471848840e-01
298052,1.5402003392646999e+00,1.8757721471848840e-01
298064,1.5402003392646999e+00,1.8757721471848840e-01
298076,1.5402003392646999e+00,1.8757721471848840e-01
298088,1.5402003392646999e+00,1.8757721471848840e-01
298100,1.5402003392646999e+00,1.8757721471848840e-01
298112,1.5402003392646999e+00,1.8757721471848840e-01
298124,1.5402003392646999e+00,1.8757721471848840e-01
298136,1.5402003392646999e+00,1.8757721471848840e-01
298148,1.5402003392646999e+00,1.8757721471848840e-01
298160,1.5402003392646999e+00,1.8757721471848840e-01
298172,1.5402003392646999e+00,1.8757721471848840e-01
298184,1.5402003392646999e+00,1.8757721471848840e-01
298196,1.5402003392646999e+00,1.8757721471848840e-01
298208,1.5402003392646999e+00,1.8757721471848840e-01
298220,1.5402003392646999e+00,1.8757721471848840e-01
298232,1.5402003392646999e+00,1.8757721471848840e-01
298244,1.5402003392646999e+00,1.8757721471848840e-01
298256,1.5402003392646999e+00,1.8757721471848840e-01
298268,1.5402003392646999e+00,1.8757721471848840e-01
298280,1.5402003392646999e+00,1.8757721471848840e-01
298292,1.5402003392646999e+00,1.8757721471848840e-01
298304,1.5402003392646999e+00,1.8757721471848840e-01
298316,1.5402003392646999e+00,1.8757721471848840e-01
298328,1.5402003392646999e+00,1.8757721471848840e-01
298340,1.5402003392646999e+00,1.8757721471848840e-01
298352,1.5402003392646999e+00,1.8757721471848840e-01
298364,1.5402003392646999e+00,1.8757721471848840e-01
298376,1.5402003392646999e+00,1.8757721471848840e-01
298388,1.5402003392646999e+00,1.8757721471848840e-01
298400,1.5402003392646999e+00,1.8757721471848840e-01
298412,1.5402003392646999e+00,1.8757721471848840e-01
298424,1.5402003392646999e+00,1.8757721471848840e-01
298436,1.5402003392646999e+00,1.8757721471848840e-01
298448,1.5402003392646999e+00,1.8757721471848840e-01
298460,1.5402003392646999e+00,1.8757721471848840e-01
298472,1.5402003392646999e+00,1.8757721471848840e-01
298484,1.5402003392646999e+00,1.8757721471848840e-01
298496,1.5402003392646999e+00,1.8757721471848840e-01
298508,1.5402003392646999e+00,1.8757721471848840e-01
298520,1.5402003392646999e+00,1.8757721471848840e-01
298532,1.5402003392646999e+00,1.8757721471848840e-01
298544,1.5402003392646999e+00,1.8757721471848840e-01
298556,1.5402003392646999e+00,1.8757721471848840e-01
298568,1.5402003392646999e+00,1.8757721471848840e-01
298580,1.5402003392646999e+00,1.8757721471848840e-01
298592,1.5402003392646999e+00,1.8757721471848840e-01
298604,1.5402003392646999e+00,1.8757721471848840e-01
298616,1.5402003392646999e+00,1.8757721471848840e-01
298628,1.5402003392646999e+00,1.8757721471848840e-01
298640,1.5402003392646999e+00,1.8757721471848840e-01
298652,1.5402003392646999e+00,1.8757721471848840e-01
298664,1.5402003392646999e+00,1.8757721471848840e-01
298676,1.5402003392646999e+00,1.8757721471848840e-01
298688,1.5402003392646999e+00,1.8757721471848840e-01
298700,1.5402003392646999e+00,1.8757721471848840e-01
298712,1.5402003392646999e+00,1.8757721471848840e-01
298724,1.5402003392646999e+00,1.8757721471848840e-01
298736,1.5402003392646999e+00,1.8757721471848840e-01
298748,1.5402003392646999e+00,1.8757721471848840e-01
298760,1.5402003392646999e+00,1.8757721471848840e-01
298772,1.5402003392646999e+00,1.8757721471848840e-01
298784,1.5402003392646999e+00,1.8757721471848840e-01
298796,1.5402003392646999e+00,1.8757721471848840e-01
298808,1.5402003392646999e+00,1.8757721471848840e-01
298820,1.5402003392646999e+00,1.8757721471848840e-01
298832,1.5402003392646999e+00,1.8757721471848840e-01
298844,1.5402003392646999e+00,1.8757721471848840e-01
298856,1.5402003392646999e+00,1.8757721471848840e-01
298868,1.5402003392646999e+00,1.8757721471848840e-01
298880,1.5402003392646999e+00,1.8757721471848840e-01
298892,1.5402003392646999e+00,1.8757721471848840e-01
298904,1.5402003392646999e+00,1.8757721471848840e-01
298916,1.5402003392646999e+00,1.8757721471848840e-01
298928,1.5402003392646999e+00,1.8757721471848840e-01
298940,1.5402003392646999e+00,1.8757721471848840e-01
298952,1.5402003392646999e+00,1.8757721471848840e-01
298964,1.5402003392646999e+00,1.8757721471848840e-01
298976,1.5402003392646999e+00,1.8757721471848840e-01
298988,1.5402003392646999e+00,1.8757721471848840e-01
299000,1.5402003392646999e+00,1.8757721471848840e-01
299012,1.5402003392646999e+00,1.8757721471848840e-01
299024,1.5402003392646999e+00,1.8757721471848840e-01
299036,1.5402003392646999e+00,1.8757721471848840e-01
299048,1.5402003392646999e+00,1.8757721471848840e-01
299060,1.5402003392646999e+00,1.8757721471848840e-01
299072,1.5402003392646999e+00,1.8757721471848840e-01
299084,1.5402003392646999e+00,1.8757721471848840e-01
299096,1.5402003392646999e+00,1.8757721471848840e-01
299108,1.5402003392646999e+00,1.8757721471848840e-01
299120,1.5402003392646999e+00,1.8757721471848840e-01
299132,1.5402003392646999e+00,1.8757721471848840e-01
299144,1.5402003392646999e+00,1.8757721471848840e-01
299156,1.5402003392646999e+00,1.8757721471848840e-01
299168,1.5402003392646999e+00,1.8757721471848840e-01
299180,1.5402003392646999e+00,1.8757721471848840e-01
299192,1.5402003392646999e+00,1.8757721471848840e-01
299204,1.5402003392646999e+00,1.8757721471848840e-01
299216,1.5402003392646999e+00,1.8757721471848840e-01
299228,1.5402003392646999e+00,1.8757721471848840e-01
299240,1.5402003392646999e+00,1.8757721471848840e-01
299252,1.5402003392646999e+00,1.8757721471848840e-01
299264,1.5402003392646999e+00,1.8757721471848840e-01
299276,1.5402003392646999e+00,1.8757721471848840e-01
299288,1.5402003392646999e+00,1.8757721471848840e-01
299300,1.5402003392646999e+00,1.8757721471848840e-01
299312,1.5402003392646999e+00,1.8757721471848840e-01
299324,1.5402003392646999e+00,1.8757721471848840e-01
299336,1.5402003392646999e+00,1.8757721471848840e-01
299348,1.5402003392646999e+00,1.8757721471848840e-01
299360,1.5402003392646999e+00,1.8757721471848840e-01
299372,1.5402003392646999e+00,1.8757721471848840e-01
299384,1.5402003392646999e+00,1.8757721471848840e-01
299396,1.5402003392646999e+00,1.8757721471848840e-01
299408,1.5402003392646999e+00,1.8757721471848840e-01
299420,1.5402003392646999e+00,1.8757721471848840e-01
299432,1.5402003392646999e+00,1.8757721471848840e-01
299444,1.5402003392646999e+00,1.8757721471848840e-01
299456,1.5402003392646999e+00,1.8757721471848840e-01
299468,1.5402003392646999e+00,1.8757721471848840e-01
299480,1.5402003392646999e+00,1.8757721471848840e-01
299492,1.5402003392646999e+00,1.8757721471848840e-01
299504,1.5402003392646999e+00,1.8757721471848840e-01
299516,1.5402003392646999e+00,1.8757721471848840e-01
299528,1.5402003392646999e+00,1.8757721471848840e-01
299540,1.5402003392646999e+00,1.8757721471848840e-01
299552,1.5402003392646999e+00,1.8757721471848840e-01
299564,1.5402003392646999e+00,1.8757721471848840e-01
299576,1.5402003392646999e+00,1.8757721471848840e-01
299588,1.5402003392646999e+00,1.8757721471848840e-01
299600,1.5402003392646999e+00,1.8757721471848840e-01
299612,1.5402003392646999e+00,1.8757721471848840e-01
299624,1.5402003392646999e+00,1.8757721471848840e-01
299636,1.5402003392646999e+00,1.8757721471848840e-01
299648,1.5402003392646999e+00,1.8757721471848840e-01
299660,1.5402003392646999e+00,1.8757721471848840e-01
299672,1.5402003392646999e+00,1.8757721471848840e-01
299684,1.5402003392646999e+00,1.8757721471848840e-01
299696,1.5402003392646999e+00,1.8757721471848840e-01
299708,1.5402003392646999e+00,1.8757721471848840e-01
299720,1.5402003392646999e+00,1.8757721471848840e-01
299732,1.5402003392646999e+00,1.8757721471848840e-01
299744,1.5402003392646999e+00,1.8757721471848840e-01
299756,1.5402003392646999e+00,1.8757721471848840e-01
299768,1.5402003392646999e+00,1.8757721471848840e-01
299780,1.5402003392646999e+00,1.8757721471848840e-01
299792,1.5402003392646999e+00,1.8757721471848840e-01
299804,1.5402003392646999e+00,1.8757721471848840e-01
299816,1.5402003392646999e+00,1.8757721471848840e-01
299828,1.5402003392646999e+00,1.8757721471848840e-01
299840,1.5402003392646999e+00,1.8757721471848840e-01
299852,1.5402003392646999e+00,1.8757721471848840e-01
299864,1.5402003392646999e+00,1.8757721471848840e-01
299876,1.5402003392646999e+00,1.8757721471848840e-01
299888,1.5402003392646999e+00,1.8757721471848840e-01
299900,1.5402003392646999e+00,1.8757721471848840e-01
299912,1.5402003392646999e+00,1.8757721471848840e-01
299924,1.5402003392646999e+00,1.8757721471848840e-01
299936,1.5402003392646999e+00,1.8757721471848840e-01
299948,1.5402003392646999e+00,1.8757721471848840e-01
299960,1.5402003392646999e+00,1.8757721471848840e-01
299972,1.5402003392646999e+00,1.8757721471848840e-01
299984,1.5402003392646999e+00,1.8757721471848840e-01
299996,1.5402003392646999e+00,1.8757721471848840e-01
300000,1.5402003392646999e+00,1.8757721471848840e-01
